all_precision_at_10,all_recall_at_10,basename_all_recall_at_10,candidate_path_count,code_f1_at_5,code_precision_at_5,code_recall_at_10,code_recall_at_5,condition,elapsed_sec,gold_code_files,gold_test_files,language,model,parse_ok,predicted_code_files,predicted_test_files,repo,returncode,task_category,task_id,test_f1_at_5,test_precision_at_5,test_recall_at_10,test_recall_at_5
0.0,0.0,0.0,132,0.0,0.0,0.0,0.0,issue_only,0.71,1,1,Java,qwen2.5-coder:1.5b,1,2,1,apache/dubbo,0,Feature,apache__dubbo-2750,0.0,0.0,0.0,0.0
0.0,0.0,0.0,132,0.0,0.0,0.0,0.0,issue_plus_inventory,0.908,1,1,Java,qwen2.5-coder:1.5b,1,3,3,apache/dubbo,0,Feature,apache__dubbo-2750,0.0,0.0,0.0,0.0
0.0,0.0,0.0,132,0.0,0.0,0.0,0.0,issue_plus_hints,0.908,1,1,Java,qwen2.5-coder:1.5b,1,3,3,apache/dubbo,0,Feature,apache__dubbo-2750,0.0,0.0,0.0,0.0
0.0,0.0,0.0,258,0.0,0.0,0.0,0.0,issue_only,0.631,1,1,Java,qwen2.5-coder:1.5b,1,2,0,trinodb/trino,0,Feature,trinodb__trino-117,0.0,0.0,0.0,0.0
0.5,1.0,1.0,258,0.6666666666666666,0.5,1.0,1.0,issue_plus_inventory,0.77,1,1,Java,qwen2.5-coder:1.5b,1,2,2,trinodb/trino,0,Feature,trinodb__trino-117,0.0,0.0,0.0,0.0
0.5,1.0,1.0,258,0.6666666666666666,0.5,1.0,1.0,issue_plus_hints,0.761,1,1,Java,qwen2.5-coder:1.5b,1,2,2,trinodb/trino,0,Feature,trinodb__trino-117,0.0,0.0,0.0,0.0
0.5,0.25,0.25,258,0.4,0.5,0.3333333333333333,0.3333333333333333,issue_only,0.812,3,1,Java,qwen2.5-coder:1.5b,1,2,0,trinodb/trino,0,Feature,trinodb__trino-741,0.0,0.0,0.0,0.0
0.25,0.25,0.5,258,0.4,0.5,0.3333333333333333,0.3333333333333333,issue_plus_inventory,1.413,3,1,Java,qwen2.5-coder:1.5b,1,2,2,trinodb/trino,0,Feature,trinodb__trino-741,0.0,0.0,0.0,0.0
0.5,0.5,0.5,258,0.4,0.5,0.3333333333333333,0.3333333333333333,issue_plus_hints,1.146,3,1,Java,qwen2.5-coder:1.5b,1,2,2,trinodb/trino,0,Feature,trinodb__trino-741,0.6666666666666666,0.5,1.0,1.0
0.0,0.0,0.0,258,0.0,0.0,0.0,0.0,issue_only,0.696,2,1,Java,qwen2.5-coder:1.5b,1,2,0,trinodb/trino,0,Feature,trinodb__trino-748,0.0,0.0,0.0,0.0
0.25,0.3333333333333333,0.3333333333333333,258,0.5,0.5,0.5,0.5,issue_plus_inventory,0.834,2,1,Java,qwen2.5-coder:1.5b,1,2,2,trinodb/trino,0,Feature,trinodb__trino-748,0.0,0.0,0.0,0.0
0.5,0.6666666666666666,0.6666666666666666,258,0.5,0.5,0.5,0.5,issue_plus_hints,0.899,2,1,Java,qwen2.5-coder:1.5b,1,2,2,trinodb/trino,0,Feature,trinodb__trino-748,0.0,0.0,0.0,0.0
0.0,0.0,0.0,258,0.0,0.0,0.0,0.0,issue_only,0.747,5,2,Java,qwen2.5-coder:1.5b,1,2,1,trinodb/trino,0,Feature,trinodb__trino-799,0.0,0.0,0.0,0.0
0.0,0.0,0.0,258,0.0,0.0,0.0,0.0,issue_plus_inventory,1.393,5,2,Java,qwen2.5-coder:1.5b,1,5,5,trinodb/trino,0,Feature,trinodb__trino-799,0.0,0.0,0.0,0.0
0.0,0.0,0.0,258,0.0,0.0,0.0,0.0,issue_plus_hints,1.475,5,2,Java,qwen2.5-coder:1.5b,1,5,5,trinodb/trino,0,Feature,trinodb__trino-799,0.0,0.0,0.0,0.0
0.0,0.0,0.0,258,0.0,0.0,0.0,0.0,issue_only,0.822,3,10,Java,qwen2.5-coder:1.5b,1,2,1,trinodb/trino,0,Feature,trinodb__trino-1090,0.0,0.0,0.0,0.0
0.0,0.0,0.0,258,0.0,0.0,0.0,0.0,issue_plus_inventory,1.314,3,10,Java,qwen2.5-coder:1.5b,1,5,5,trinodb/trino,0,Feature,trinodb__trino-1090,0.0,0.0,0.0,0.0
0.0,0.0,0.0,258,0.0,0.0,0.0,0.0,issue_plus_hints,1.575,3,10,Java,qwen2.5-coder:1.5b,1,5,5,trinodb/trino,0,Feature,trinodb__trino-1090,0.0,0.0,0.0,0.0
0.3333333333333333,0.06666666666666667,0.06666666666666667,258,0.13333333333333336,0.5,0.07692307692307693,0.07692307692307693,issue_only,0.96,13,2,Java,qwen2.5-coder:1.5b,1,2,2,trinodb/trino,0,Feature,trinodb__trino-1174,0.0,0.0,0.0,0.0
0.6,0.2,0.2,258,0.25,0.6666666666666666,0.15384615384615385,0.15384615384615385,issue_plus_inventory,0.975,13,2,Java,qwen2.5-coder:1.5b,1,3,2,trinodb/trino,0,Feature,trinodb__trino-1174,0.5,0.5,0.5,0.5
0.6,0.2,0.2,258,0.25,0.6666666666666666,0.15384615384615385,0.15384615384615385,issue_plus_hints,1.001,13,2,Java,qwen2.5-coder:1.5b,1,3,2,trinodb/trino,0,Feature,trinodb__trino-1174,0.5,0.5,0.5,0.5
0.0,0.0,0.0,258,0.0,0.0,0.0,0.0,issue_only,0.658,2,1,Java,qwen2.5-coder:1.5b,1,2,1,trinodb/trino,0,Feature,trinodb__trino-1848,0.0,0.0,0.0,0.0
0.0,0.0,0.0,258,0.0,0.0,0.0,0.0,issue_plus_inventory,0.81,2,1,Java,qwen2.5-coder:1.5b,1,2,2,trinodb/trino,0,Feature,trinodb__trino-1848,0.0,0.0,0.0,0.0
0.0,0.0,0.0,258,0.0,0.0,0.0,0.0,issue_plus_hints,0.891,2,1,Java,qwen2.5-coder:1.5b,1,2,2,trinodb/trino,0,Feature,trinodb__trino-1848,0.0,0.0,0.0,0.0
0.0,0.0,0.0,258,0.0,0.0,0.0,0.0,issue_only,0.993,3,5,Java,qwen2.5-coder:1.5b,1,2,1,trinodb/trino,0,Feature,trinodb__trino-1872,0.0,0.0,0.0,0.0
0.0,0.0,0.0,258,0.0,0.0,0.0,0.0,issue_plus_inventory,1.942,3,5,Java,qwen2.5-coder:1.5b,1,5,5,trinodb/trino,0,Feature,trinodb__trino-1872,0.0,0.0,0.0,0.0
0.3,0.375,0.375,258,0.0,0.0,0.0,0.0,issue_plus_hints,1.51,3,5,Java,qwen2.5-coder:1.5b,1,5,5,trinodb/trino,0,Feature,trinodb__trino-1872,0.6,0.6,0.6,0.6
0.0,0.0,0.0,258,0.0,0.0,0.0,0.0,issue_only,0.869,3,1,Java,qwen2.5-coder:1.5b,1,2,1,trinodb/trino,0,Feature,trinodb__trino-3392,0.0,0.0,0.0,0.0
0.0,0.0,0.0,258,0.0,0.0,0.0,0.0,issue_plus_inventory,1.273,3,1,Java,qwen2.5-coder:1.5b,1,2,2,trinodb/trino,0,Feature,trinodb__trino-3392,0.0,0.0,0.0,0.0
0.0,0.0,0.0,258,0.0,0.0,0.0,0.0,issue_plus_hints,0.979,3,1,Java,qwen2.5-coder:1.5b,1,2,2,trinodb/trino,0,Feature,trinodb__trino-3392,0.0,0.0,0.0,0.0
0.0,0.0,0.0,258,0.0,0.0,0.0,0.0,issue_only,0.623,3,3,Java,qwen2.5-coder:1.5b,1,2,1,trinodb/trino,0,Feature,trinodb__trino-3638,0.0,0.0,0.0,0.0
0.0,0.0,0.0,258,0.0,0.0,0.0,0.0,issue_plus_inventory,0.94,3,3,Java,qwen2.5-coder:1.5b,1,2,2,trinodb/trino,0,Feature,trinodb__trino-3638,0.0,0.0,0.0,0.0
0.0,0.0,0.0,258,0.0,0.0,0.0,0.0,issue_plus_hints,0.878,3,3,Java,qwen2.5-coder:1.5b,1,2,2,trinodb/trino,0,Feature,trinodb__trino-3638,0.0,0.0,0.0,0.0
0.0,0.0,0.0,258,0.0,0.0,0.0,0.0,issue_only,0.625,3,1,Java,qwen2.5-coder:1.5b,1,2,1,trinodb/trino,0,Feature,trinodb__trino-3771,0.0,0.0,0.0,0.0
0.0,0.0,0.0,258,0.0,0.0,0.0,0.0,issue_plus_inventory,0.833,3,1,Java,qwen2.5-coder:1.5b,1,2,2,trinodb/trino,0,Feature,trinodb__trino-3771,0.0,0.0,0.0,0.0
0.0,0.0,0.0,258,0.0,0.0,0.0,0.0,issue_plus_hints,0.828,3,1,Java,qwen2.5-coder:1.5b,1,2,2,trinodb/trino,0,Feature,trinodb__trino-3771,0.0,0.0,0.0,0.0
0.0,0.0,0.25,258,0.0,0.0,0.0,0.0,issue_only,1.009,2,2,Java,qwen2.5-coder:1.5b,1,2,2,trinodb/trino,0,Feature,trinodb__trino-4458,0.0,0.0,0.0,0.0
0.5,0.5,0.5,258,0.5,0.5,0.5,0.5,issue_plus_inventory,1.247,2,2,Java,qwen2.5-coder:1.5b,1,2,2,trinodb/trino,0,Feature,trinodb__trino-4458,0.0,0.0,0.0,0.0
0.5,0.5,0.5,258,0.5,0.5,0.5,0.5,issue_plus_hints,0.853,2,2,Java,qwen2.5-coder:1.5b,1,2,2,trinodb/trino,0,Feature,trinodb__trino-4458,0.0,0.0,0.0,0.0
0.25,0.5,1.0,23,0.6666666666666666,0.5,1.0,1.0,issue_only,0.872,2,2,Java,qwen2.5-coder:1.5b,1,2,2,google/guava,0,Feature,google__guava-3971,0.0,0.0,0.0,0.0
1.0,1.0,1.0,23,0.6666666666666666,0.5,1.0,1.0,issue_plus_inventory,0.806,2,2,Java,qwen2.5-coder:1.5b,1,2,1,google/guava,0,Feature,google__guava-3971,1.0,1.0,1.0,1.0
1.0,1.0,1.0,23,0.6666666666666666,0.5,1.0,1.0,issue_plus_hints,0.837,2,2,Java,qwen2.5-coder:1.5b,1,2,1,google/guava,0,Feature,google__guava-3971,1.0,1.0,1.0,1.0
0.0,0.0,0.0,258,0.0,0.0,0.0,0.0,issue_only,1.291,3,1,Java,qwen2.5-coder:1.5b,1,5,5,trinodb/trino,0,Feature,trinodb__trino-4600,0.0,0.0,0.0,0.0
0.3,0.75,0.75,258,0.7499999999999999,0.6,1.0,1.0,issue_plus_inventory,1.439,3,1,Java,qwen2.5-coder:1.5b,1,5,5,trinodb/trino,0,Feature,trinodb__trino-4600,0.0,0.0,0.0,0.0
0.3,0.75,0.75,258,0.7499999999999999,0.6,1.0,1.0,issue_plus_hints,1.415,3,1,Java,qwen2.5-coder:1.5b,1,5,5,trinodb/trino,0,Feature,trinodb__trino-4600,0.0,0.0,0.0,0.0
0.0,0.0,0.0,258,0.0,0.0,0.0,0.0,issue_only,0.893,3,3,Java,qwen2.5-coder:1.5b,1,2,2,trinodb/trino,0,Feature,trinodb__trino-5507,0.0,0.0,0.0,0.0
0.2222222222222222,0.3333333333333333,0.3333333333333333,258,0.25,0.2,0.3333333333333333,0.3333333333333333,issue_plus_inventory,1.736,3,3,Java,qwen2.5-coder:1.5b,1,5,4,trinodb/trino,0,Feature,trinodb__trino-5507,0.28571428571428575,0.25,0.3333333333333333,0.3333333333333333
0.2222222222222222,0.3333333333333333,0.3333333333333333,258,0.25,0.2,0.3333333333333333,0.3333333333333333,issue_plus_hints,1.339,3,3,Java,qwen2.5-coder:1.5b,1,5,4,trinodb/trino,0,Feature,trinodb__trino-5507,0.28571428571428575,0.25,0.3333333333333333,0.3333333333333333
0.0,0.0,0.0,258,0.0,0.0,0.0,0.0,issue_only,0.612,2,3,Java,qwen2.5-coder:1.5b,1,2,1,trinodb/trino,0,Feature,trinodb__trino-6074,0.0,0.0,0.0,0.0
1.0,0.6,0.6,258,0.5,0.5,0.5,0.5,issue_plus_inventory,0.793,2,3,Java,qwen2.5-coder:1.5b,1,2,1,trinodb/trino,0,Feature,trinodb__trino-6074,0.5,1.0,0.3333333333333333,0.3333333333333333
1.0,0.6,0.6,258,0.5,0.5,0.5,0.5,issue_plus_hints,0.839,2,3,Java,qwen2.5-coder:1.5b,1,2,1,trinodb/trino,0,Feature,trinodb__trino-6074,0.5,1.0,0.3333333333333333,0.3333333333333333
1.0,0.2857142857142857,0.2857142857142857,80,0.28571428571428575,0.5,0.2,0.2,issue_only,0.581,5,2,Java,qwen2.5-coder:1.5b,1,2,0,google/gson,0,Feature,google__gson-1904,0.0,0.0,0.0,0.0
0.5,0.2857142857142857,0.2857142857142857,80,0.28571428571428575,0.5,0.2,0.2,issue_plus_inventory,1.084,5,2,Java,qwen2.5-coder:1.5b,1,2,2,google/gson,0,Feature,google__gson-1904,0.0,0.0,0.0,0.0
0.5,0.2857142857142857,0.2857142857142857,80,0.28571428571428575,0.5,0.2,0.2,issue_plus_hints,0.798,5,2,Java,qwen2.5-coder:1.5b,1,2,2,google/gson,0,Feature,google__gson-1904,0.0,0.0,0.0,0.0
0.0,0.0,0.0,132,0.0,0.0,0.0,0.0,issue_only,0.557,3,1,Java,qwen2.5-coder:1.5b,1,2,0,apache/dubbo,0,Feature,apache__dubbo-8032,0.0,0.0,0.0,0.0
0.0,0.0,0.25,132,0.0,0.0,0.0,0.0,issue_plus_inventory,1.374,3,1,Java,qwen2.5-coder:1.5b,1,5,4,apache/dubbo,0,Feature,apache__dubbo-8032,0.0,0.0,0.0,0.0
0.0,0.0,0.0,132,0.0,0.0,0.0,0.0,issue_plus_hints,1.851,3,1,Java,qwen2.5-coder:1.5b,1,5,3,apache/dubbo,0,Feature,apache__dubbo-8032,0.0,0.0,0.0,0.0
0.0,0.0,0.0,45,0.0,0.0,0.0,0.0,issue_only,0.569,11,5,Java,qwen2.5-coder:1.5b,1,2,1,apolloconfig/apollo,0,Feature,apolloconfig__apollo-4119,0.0,0.0,0.0,0.0
0.5,0.125,0.25,45,0.15384615384615385,0.5,0.09090909090909091,0.09090909090909091,issue_plus_inventory,0.81,11,5,Java,qwen2.5-coder:1.5b,1,2,2,apolloconfig/apollo,0,Feature,apolloconfig__apollo-4119,0.28571428571428575,0.5,0.2,0.2
0.5,0.125,0.25,45,0.15384615384615385,0.5,0.09090909090909091,0.09090909090909091,issue_plus_hints,0.772,11,5,Java,qwen2.5-coder:1.5b,1,2,2,apolloconfig/apollo,0,Feature,apolloconfig__apollo-4119,0.28571428571428575,0.5,0.2,0.2
0.0,0.0,0.0,45,0.0,0.0,0.0,0.0,issue_only,0.795,4,2,Java,qwen2.5-coder:1.5b,1,2,1,apolloconfig/apollo,0,Feature,apolloconfig__apollo-4199,0.0,0.0,0.0,0.0
0.3333333333333333,0.3333333333333333,0.3333333333333333,45,0.28571428571428575,0.3333333333333333,0.25,0.25,issue_plus_inventory,1.455,4,2,Java,qwen2.5-coder:1.5b,1,3,3,apolloconfig/apollo,0,Feature,apolloconfig__apollo-4199,0.4,0.3333333333333333,0.5,0.5
0.3333333333333333,0.3333333333333333,0.3333333333333333,45,0.28571428571428575,0.3333333333333333,0.25,0.25,issue_plus_hints,1.188,4,2,Java,qwen2.5-coder:1.5b,1,3,3,apolloconfig/apollo,0,Feature,apolloconfig__apollo-4199,0.4,0.3333333333333333,0.5,0.5
0.0,0.0,0.25,45,0.0,0.0,0.0,0.0,issue_only,0.614,3,1,Java,qwen2.5-coder:1.5b,1,1,0,apolloconfig/apollo,0,Feature,apolloconfig__apollo-4207,0.0,0.0,0.0,0.0
0.25,0.25,0.5,45,0.4,0.5,0.3333333333333333,0.3333333333333333,issue_plus_inventory,1.141,3,1,Java,qwen2.5-coder:1.5b,1,2,2,apolloconfig/apollo,0,Feature,apolloconfig__apollo-4207,0.0,0.0,0.0,0.0
0.0,0.0,0.0,45,0.0,0.0,0.0,0.0,issue_plus_hints,1.121,3,1,Java,qwen2.5-coder:1.5b,1,3,3,apolloconfig/apollo,0,Feature,apolloconfig__apollo-4207,0.0,0.0,0.0,0.0
0.0,0.0,0.0,157,0.0,0.0,0.0,0.0,issue_only,0.976,1,1,Java,qwen2.5-coder:1.5b,1,2,2,apache/rocketmq,0,Feature,apache__rocketmq-3862,0.0,0.0,0.0,0.0
0.0,0.0,0.0,157,0.0,0.0,0.0,0.0,issue_plus_inventory,1.755,1,1,Java,qwen2.5-coder:1.5b,1,5,3,apache/rocketmq,0,Feature,apache__rocketmq-3862,0.0,0.0,0.0,0.0
0.0,0.0,0.0,157,0.0,0.0,0.0,0.0,issue_plus_hints,1.331,1,1,Java,qwen2.5-coder:1.5b,1,5,3,apache/rocketmq,0,Feature,apache__rocketmq-3862,0.0,0.0,0.0,0.0
0.0,0.0,0.0,157,0.0,0.0,0.0,0.0,issue_only,0.87,2,1,Java,qwen2.5-coder:1.5b,1,2,1,apache/rocketmq,0,Feature,apache__rocketmq-4122,0.0,0.0,0.0,0.0
0.2,0.6666666666666666,0.6666666666666666,157,0.0,0.0,0.0,0.0,issue_plus_inventory,1.694,2,1,Java,qwen2.5-coder:1.5b,1,5,5,apache/rocketmq,0,Feature,apache__rocketmq-4122,0.0,0.0,0.0,0.0
0.2,0.6666666666666666,0.6666666666666666,157,0.0,0.0,0.0,0.0,issue_plus_hints,1.312,2,1,Java,qwen2.5-coder:1.5b,1,5,5,apache/rocketmq,0,Feature,apache__rocketmq-4122,0.0,0.0,0.0,0.0
0.0,0.0,0.5,80,0.0,0.0,0.0,0.0,issue_only,0.674,1,1,Java,qwen2.5-coder:1.5b,1,2,1,google/gson,0,Feature,google__gson-2130,0.0,0.0,0.0,0.0
0.25,0.5,0.5,80,0.6666666666666666,0.5,1.0,1.0,issue_plus_inventory,1.105,1,1,Java,qwen2.5-coder:1.5b,1,2,2,google/gson,0,Feature,google__gson-2130,0.0,0.0,0.0,0.0
0.5,1.0,1.0,80,0.6666666666666666,0.5,1.0,1.0,issue_plus_hints,0.833,1,1,Java,qwen2.5-coder:1.5b,1,2,2,google/gson,0,Feature,google__gson-2130,0.0,0.0,0.0,0.0
0.0,0.0,0.0625,45,0.0,0.0,0.0,0.0,issue_only,0.807,15,1,Java,qwen2.5-coder:1.5b,1,2,1,apolloconfig/apollo,0,Feature,apolloconfig__apollo-4464,0.0,0.0,0.0,0.0
0.25,0.0625,0.0625,45,0.0,0.0,0.0,0.0,issue_plus_inventory,1.142,15,1,Java,qwen2.5-coder:1.5b,1,2,2,apolloconfig/apollo,0,Feature,apolloconfig__apollo-4464,0.6666666666666666,0.5,1.0,1.0
0.5,0.125,0.125,45,0.1111111111111111,0.3333333333333333,0.06666666666666667,0.06666666666666667,issue_plus_hints,1.218,15,1,Java,qwen2.5-coder:1.5b,1,3,3,apolloconfig/apollo,0,Feature,apolloconfig__apollo-4464,0.5,0.3333333333333333,1.0,1.0
0.0,0.0,0.0,157,0.0,0.0,0.0,0.0,issue_only,0.847,4,5,Java,qwen2.5-coder:1.5b,1,2,2,apache/rocketmq,0,Feature,apache__rocketmq-5062,0.0,0.0,0.0,0.0
0.75,0.3333333333333333,0.3333333333333333,157,0.3333333333333333,0.5,0.25,0.25,issue_plus_inventory,1.198,4,5,Java,qwen2.5-coder:1.5b,1,2,2,apache/rocketmq,0,Feature,apache__rocketmq-5062,0.28571428571428575,0.5,0.2,0.2
1.0,0.4444444444444444,0.4444444444444444,157,0.3333333333333333,0.5,0.25,0.25,issue_plus_hints,0.755,4,5,Java,qwen2.5-coder:1.5b,1,2,2,apache/rocketmq,0,Feature,apache__rocketmq-5062,0.5714285714285715,1.0,0.4,0.4
0.0,0.0,0.0,157,0.0,0.0,0.0,0.0,issue_only,0.796,3,1,Java,qwen2.5-coder:1.5b,1,2,1,apache/rocketmq,0,Feature,apache__rocketmq-5286,0.0,0.0,0.0,0.0
0.3333333333333333,0.25,0.25,157,0.3333333333333333,0.3333333333333333,0.3333333333333333,0.3333333333333333,issue_plus_inventory,1.513,3,1,Java,qwen2.5-coder:1.5b,1,3,3,apache/rocketmq,0,Feature,apache__rocketmq-5286,0.0,0.0,0.0,0.0
0.3333333333333333,0.25,0.25,157,0.3333333333333333,0.3333333333333333,0.3333333333333333,0.3333333333333333,issue_plus_hints,1.186,3,1,Java,qwen2.5-coder:1.5b,1,3,3,apache/rocketmq,0,Feature,apache__rocketmq-5286,0.0,0.0,0.0,0.0
0.0,0.0,0.0,132,0.0,0.0,0.0,0.0,issue_only,1.021,1,3,Java,qwen2.5-coder:1.5b,1,2,2,apache/dubbo,0,Feature,apache__dubbo-10846,0.0,0.0,0.0,0.0
0.0,0.0,0.25,132,0.0,0.0,0.0,0.0,issue_plus_inventory,2.22,1,3,Java,qwen2.5-coder:1.5b,1,5,5,apache/dubbo,0,Feature,apache__dubbo-10846,0.0,0.0,0.0,0.0
0.0,0.0,0.25,132,0.0,0.0,0.0,0.0,issue_plus_hints,1.127,1,3,Java,qwen2.5-coder:1.5b,1,3,2,apache/dubbo,0,Feature,apache__dubbo-10846,0.0,0.0,0.0,0.0
0.0,0.0,0.0,157,0.0,0.0,0.0,0.0,issue_only,1.13,3,2,Java,qwen2.5-coder:1.5b,1,3,2,apache/rocketmq,0,Feature,apache__rocketmq-5706,0.0,0.0,0.0,0.0
0.5,1.0,1.0,157,0.7499999999999999,0.6,1.0,1.0,issue_plus_inventory,1.938,3,2,Java,qwen2.5-coder:1.5b,1,5,5,apache/rocketmq,0,Feature,apache__rocketmq-5706,0.0,0.0,0.0,0.0
0.5,1.0,1.0,157,0.7499999999999999,0.6,1.0,1.0,issue_plus_hints,1.527,3,2,Java,qwen2.5-coder:1.5b,1,5,5,apache/rocketmq,0,Feature,apache__rocketmq-5706,0.0,0.0,0.0,0.0
0.0,0.0,0.0,132,0.0,0.0,0.0,0.0,issue_only,1.043,1,1,Java,qwen2.5-coder:1.5b,1,2,2,apache/dubbo,0,Feature,apache__dubbo-11255,0.0,0.0,0.0,0.0
0.25,0.5,0.5,132,0.0,0.0,0.0,0.0,issue_plus_inventory,1.373,1,1,Java,qwen2.5-coder:1.5b,1,2,2,apache/dubbo,0,Feature,apache__dubbo-11255,0.0,0.0,0.0,0.0
0.3333333333333333,0.5,0.5,132,0.0,0.0,0.0,0.0,issue_plus_hints,0.98,1,1,Java,qwen2.5-coder:1.5b,1,2,2,apache/dubbo,0,Feature,apache__dubbo-11255,0.6666666666666666,0.5,1.0,1.0
0.0,0.0,0.0,132,0.0,0.0,0.0,0.0,issue_only,1.515,8,2,Java,qwen2.5-coder:1.5b,1,5,3,apache/dubbo,0,Feature,apache__dubbo-11420,0.0,0.0,0.0,0.0
0.2,0.2,0.3,132,0.3076923076923077,0.4,0.25,0.25,issue_plus_inventory,2.03,8,2,Java,qwen2.5-coder:1.5b,1,5,5,apache/dubbo,0,Feature,apache__dubbo-11420,0.0,0.0,0.0,0.0
0.2,0.2,0.3,132,0.3076923076923077,0.4,0.25,0.25,issue_plus_hints,1.577,8,2,Java,qwen2.5-coder:1.5b,1,5,5,apache/dubbo,0,Feature,apache__dubbo-11420,0.0,0.0,0.0,0.0
0.0,0.0,0.2857142857142857,80,0.0,0.0,0.0,0.0,issue_only,0.723,4,3,Java,qwen2.5-coder:1.5b,1,2,0,google/gson,0,Feature,google__gson-2345,0.0,0.0,0.0,0.0
0.16666666666666666,0.14285714285714285,0.14285714285714285,80,0.0,0.0,0.0,0.0,issue_plus_inventory,1.348,4,3,Java,qwen2.5-coder:1.5b,1,2,4,google/gson,0,Feature,google__gson-2345,0.28571428571428575,0.25,0.3333333333333333,0.3333333333333333
0.16666666666666666,0.14285714285714285,0.14285714285714285,80,0.0,0.0,0.0,0.0,issue_plus_hints,0.955,4,3,Java,qwen2.5-coder:1.5b,1,2,4,google/gson,0,Feature,google__gson-2345,0.28571428571428575,0.25,0.3333333333333333,0.3333333333333333
0.0,0.0,0.05555555555555555,157,0.0,0.0,0.0,0.0,issue_only,0.7,17,1,Java,qwen2.5-coder:1.5b,1,2,0,apache/rocketmq,0,Feature,apache__rocketmq-6522,0.0,0.0,0.0,0.0
0.3,0.16666666666666666,0.16666666666666666,157,0.1818181818181818,0.4,0.11764705882352941,0.11764705882352941,issue_plus_inventory,1.949,17,1,Java,qwen2.5-coder:1.5b,1,5,5,apache/rocketmq,0,Feature,apache__rocketmq-6522,0.0,0.0,0.0,0.0
0.3,0.16666666666666666,0.16666666666666666,157,0.1818181818181818,0.4,0.11764705882352941,0.11764705882352941,issue_plus_hints,1.491,17,1,Java,qwen2.5-coder:1.5b,1,5,5,apache/rocketmq,0,Feature,apache__rocketmq-6522,0.0,0.0,0.0,0.0
0.0,0.0,0.0,157,0.0,0.0,0.0,0.0,issue_only,0.695,9,4,Java,qwen2.5-coder:1.5b,1,2,1,apache/rocketmq,0,Feature,apache__rocketmq-6755,0.0,0.0,0.0,0.0
0.3,0.23076923076923078,0.23076923076923078,157,0.2857142857142857,0.4,0.2222222222222222,0.2222222222222222,issue_plus_inventory,1.883,9,4,Java,qwen2.5-coder:1.5b,1,5,5,apache/rocketmq,0,Feature,apache__rocketmq-6755,0.0,0.0,0.0,0.0
0.3,0.23076923076923078,0.23076923076923078,157,0.2857142857142857,0.4,0.2222222222222222,0.2222222222222222,issue_plus_hints,1.37,9,4,Java,qwen2.5-coder:1.5b,1,5,5,apache/rocketmq,0,Feature,apache__rocketmq-6755,0.0,0.0,0.0,0.0
0.0,0.0,0.0,80,0.0,0.0,0.0,0.0,issue_only,0.886,9,3,Java,qwen2.5-coder:1.5b,1,2,1,google/gson,0,Feature,google__gson-2420,0.0,0.0,0.0,0.0
0.7,0.5833333333333334,0.6666666666666666,80,0.42857142857142855,0.6,0.3333333333333333,0.3333333333333333,issue_plus_inventory,1.381,9,3,Java,qwen2.5-coder:1.5b,1,5,5,google/gson,0,Feature,google__gson-2420,0.0,0.0,0.0,0.0
0.3,0.25,0.3333333333333333,80,0.14285714285714285,0.2,0.1111111111111111,0.1111111111111111,issue_plus_hints,1.421,9,3,Java,qwen2.5-coder:1.5b,1,5,5,google/gson,0,Feature,google__gson-2420,0.0,0.0,0.0,0.0
0.6666666666666666,0.5,0.5,80,0.5,0.5,0.5,0.5,issue_only,0.841,2,2,Java,qwen2.5-coder:1.5b,1,2,1,google/gson,0,Feature,google__gson-2479,0.0,0.0,0.0,0.0
0.5,0.5,0.5,80,0.5,0.5,0.5,0.5,issue_plus_inventory,1.096,2,2,Java,qwen2.5-coder:1.5b,1,2,2,google/gson,0,Feature,google__gson-2479,0.0,0.0,0.0,0.0
0.3333333333333333,0.5,0.5,80,0.5,0.5,0.5,0.5,issue_plus_hints,1.033,2,2,Java,qwen2.5-coder:1.5b,1,2,4,google/gson,0,Feature,google__gson-2479,0.0,0.0,0.0,0.0
0.0,0.0,0.0,80,0.0,0.0,0.0,0.0,issue_only,0.928,3,5,Java,qwen2.5-coder:1.5b,1,2,1,google/gson,0,Feature,google__gson-2498,0.0,0.0,0.0,0.0
0.0,0.0,0.0,80,0.0,0.0,0.0,0.0,issue_plus_inventory,1.052,3,5,Java,qwen2.5-coder:1.5b,1,2,2,google/gson,0,Feature,google__gson-2498,0.0,0.0,0.0,0.0
0.0,0.0,0.0,80,0.0,0.0,0.0,0.0,issue_plus_hints,0.736,3,5,Java,qwen2.5-coder:1.5b,1,2,2,google/gson,0,Feature,google__gson-2498,0.0,0.0,0.0,0.0
0.0,0.0,0.0,157,0.0,0.0,0.0,0.0,issue_only,0.786,2,1,Java,qwen2.5-coder:1.5b,1,2,1,apache/rocketmq,0,Feature,apache__rocketmq-7455,0.0,0.0,0.0,0.0
0.0,0.0,0.0,157,0.0,0.0,0.0,0.0,issue_plus_inventory,1.993,2,1,Java,qwen2.5-coder:1.5b,1,5,5,apache/rocketmq,0,Feature,apache__rocketmq-7455,0.0,0.0,0.0,0.0
0.0,0.0,0.0,157,0.0,0.0,0.0,0.0,issue_plus_hints,1.503,2,1,Java,qwen2.5-coder:1.5b,1,5,5,apache/rocketmq,0,Feature,apache__rocketmq-7455,0.0,0.0,0.0,0.0
0.0,0.0,0.0,157,0.0,0.0,0.0,0.0,issue_only,0.877,14,1,Java,qwen2.5-coder:1.5b,1,2,1,apache/rocketmq,0,Feature,apache__rocketmq-7544,0.0,0.0,0.0,0.0
0.2,0.13333333333333333,0.13333333333333333,157,0.21052631578947364,0.4,0.14285714285714285,0.14285714285714285,issue_plus_inventory,2.559,14,1,Java,qwen2.5-coder:1.5b,1,5,5,apache/rocketmq,0,Feature,apache__rocketmq-7544,0.0,0.0,0.0,0.0
0.2222222222222222,0.13333333333333333,0.13333333333333333,157,0.21052631578947364,0.4,0.14285714285714285,0.14285714285714285,issue_plus_hints,1.78,14,1,Java,qwen2.5-coder:1.5b,1,5,4,apache/rocketmq,0,Feature,apache__rocketmq-7544,0.0,0.0,0.0,0.0
0.0,0.0,0.0,157,0.0,0.0,0.0,0.0,issue_only,0.756,1,1,Java,qwen2.5-coder:1.5b,1,2,1,apache/rocketmq,0,Feature,apache__rocketmq-7655,0.0,0.0,0.0,0.0
0.0,0.0,0.0,157,0.0,0.0,0.0,0.0,issue_plus_inventory,2.598,1,1,Java,qwen2.5-coder:1.5b,1,5,5,apache/rocketmq,0,Feature,apache__rocketmq-7655,0.0,0.0,0.0,0.0
0.0,0.0,0.0,157,0.0,0.0,0.0,0.0,issue_plus_hints,1.82,1,1,Java,qwen2.5-coder:1.5b,1,5,4,apache/rocketmq,0,Feature,apache__rocketmq-7655,0.0,0.0,0.0,0.0
0.0,0.0,0.0,132,0.0,0.0,0.0,0.0,issue_only,0.84,2,2,Java,qwen2.5-coder:1.5b,1,2,1,apache/dubbo,0,Feature,apache__dubbo-13869,0.0,0.0,0.0,0.0
0.25,0.5,0.5,132,0.0,0.0,0.0,0.0,issue_plus_inventory,2.366,2,2,Java,qwen2.5-coder:1.5b,1,5,3,apache/dubbo,0,Feature,apache__dubbo-13869,0.8,0.6666666666666666,1.0,1.0
1.0,1.0,1.0,132,1.0,1.0,1.0,1.0,issue_plus_hints,1.18,2,2,Java,qwen2.5-coder:1.5b,1,2,2,apache/dubbo,0,Feature,apache__dubbo-13869,1.0,1.0,1.0,1.0
0.0,0.0,0.0,157,0.0,0.0,0.0,0.0,issue_only,1.066,1,1,Java,qwen2.5-coder:1.5b,1,2,1,apache/rocketmq,0,Feature,apache__rocketmq-7964,0.0,0.0,0.0,0.0
0.1,0.5,0.5,157,0.0,0.0,0.0,0.0,issue_plus_inventory,2.119,1,1,Java,qwen2.5-coder:1.5b,1,5,5,apache/rocketmq,0,Feature,apache__rocketmq-7964,0.0,0.0,0.0,0.0
0.0,0.0,0.0,157,0.0,0.0,0.0,0.0,issue_plus_hints,0.818,1,1,Java,qwen2.5-coder:1.5b,1,2,2,apache/rocketmq,0,Feature,apache__rocketmq-7964,0.0,0.0,0.0,0.0
0.25,0.3333333333333333,0.3333333333333333,80,0.6666666666666666,0.5,1.0,1.0,issue_only,1.043,1,2,Java,qwen2.5-coder:1.5b,1,2,2,google/gson,0,Feature,google__gson-2701,0.0,0.0,0.0,0.0
0.25,0.3333333333333333,0.6666666666666666,80,0.6666666666666666,0.5,1.0,1.0,issue_plus_inventory,1.435,1,2,Java,qwen2.5-coder:1.5b,1,2,2,google/gson,0,Feature,google__gson-2701,0.0,0.0,0.0,0.0
0.25,0.3333333333333333,0.6666666666666666,80,0.6666666666666666,0.5,1.0,1.0,issue_plus_hints,0.891,1,2,Java,qwen2.5-coder:1.5b,1,2,2,google/gson,0,Feature,google__gson-2701,0.0,0.0,0.0,0.0
0.0,0.0,0.0,76,0.0,0.0,0.0,0.0,issue_only,0.573,1,1,JavaScript,qwen2.5-coder:1.5b,1,2,0,serverless/serverless,0,Feature,serverless__serverless-2624,0.0,0.0,0.0,0.0
0.2,1.0,1.0,76,0.33333333333333337,0.2,1.0,1.0,issue_plus_inventory,1.104,1,1,JavaScript,qwen2.5-coder:1.5b,1,5,5,serverless/serverless,0,Feature,serverless__serverless-2624,0.33333333333333337,0.2,1.0,1.0
0.2,1.0,1.0,76,0.33333333333333337,0.2,1.0,1.0,issue_plus_hints,0.82,1,1,JavaScript,qwen2.5-coder:1.5b,1,5,5,serverless/serverless,0,Feature,serverless__serverless-2624,0.33333333333333337,0.2,1.0,1.0
0.0,0.0,0.0,76,0.0,0.0,0.0,0.0,issue_only,0.789,2,1,JavaScript,qwen2.5-coder:1.5b,1,3,3,serverless/serverless,0,Feature,serverless__serverless-2748,0.0,0.0,0.0,0.0
0.0,0.0,0.6666666666666666,76,0.0,0.0,0.0,0.0,issue_plus_inventory,1.293,2,1,JavaScript,qwen2.5-coder:1.5b,1,4,5,serverless/serverless,0,Feature,serverless__serverless-2748,0.0,0.0,0.0,0.0
0.0,0.0,0.6666666666666666,76,0.0,0.0,0.0,0.0,issue_plus_hints,0.989,2,1,JavaScript,qwen2.5-coder:1.5b,1,4,4,serverless/serverless,0,Feature,serverless__serverless-2748,0.0,0.0,0.0,0.0
0.0,0.0,0.3333333333333333,76,0.0,0.0,0.0,0.0,issue_only,0.69,2,1,JavaScript,qwen2.5-coder:1.5b,1,2,1,serverless/serverless,0,Feature,serverless__serverless-2910,0.0,0.0,0.0,0.0
0.25,0.3333333333333333,0.6666666666666666,76,0.5,0.5,0.5,0.5,issue_plus_inventory,0.986,2,1,JavaScript,qwen2.5-coder:1.5b,1,2,2,serverless/serverless,0,Feature,serverless__serverless-2910,0.0,0.0,0.0,0.0
0.25,0.3333333333333333,0.6666666666666666,76,0.5,0.5,0.5,0.5,issue_plus_hints,0.724,2,1,JavaScript,qwen2.5-coder:1.5b,1,2,2,serverless/serverless,0,Feature,serverless__serverless-2910,0.0,0.0,0.0,0.0
0.0,0.0,0.0,76,0.0,0.0,0.0,0.0,issue_only,0.665,2,1,JavaScript,qwen2.5-coder:1.5b,1,2,2,serverless/serverless,0,Feature,serverless__serverless-3217,0.0,0.0,0.0,0.0
0.2222222222222222,0.6666666666666666,0.6666666666666666,76,0.28571428571428575,0.2,0.5,0.5,issue_plus_inventory,1.333,2,1,JavaScript,qwen2.5-coder:1.5b,1,5,5,serverless/serverless,0,Feature,serverless__serverless-3217,0.0,0.0,0.0,0.0
0.25,0.6666666666666666,0.6666666666666666,76,0.28571428571428575,0.2,0.5,0.5,issue_plus_hints,1.146,2,1,JavaScript,qwen2.5-coder:1.5b,1,5,5,serverless/serverless,0,Feature,serverless__serverless-3217,0.33333333333333337,0.2,1.0,1.0
0.0,0.0,0.0,335,0.0,0.0,0.0,0.0,issue_only,0.798,5,3,JavaScript,qwen2.5-coder:1.5b,1,2,2,prettier/prettier,0,Feature,prettier__prettier-661,0.0,0.0,0.0,0.0
0.2,0.25,0.5,335,0.0,0.0,0.0,0.0,issue_plus_inventory,1.281,5,3,JavaScript,qwen2.5-coder:1.5b,1,5,5,prettier/prettier,0,Feature,prettier__prettier-661,0.25,0.2,0.3333333333333333,0.3333333333333333
0.6666666666666666,0.25,0.375,335,0.0,0.0,0.0,0.0,issue_plus_hints,0.738,5,3,JavaScript,qwen2.5-coder:1.5b,1,2,1,prettier/prettier,0,Feature,prettier__prettier-661,0.5,1.0,0.3333333333333333,0.3333333333333333
0.0,0.0,0.0,335,0.0,0.0,0.0,0.0,issue_only,1.011,1,3,JavaScript,qwen2.5-coder:1.5b,1,2,2,prettier/prettier,0,Feature,prettier__prettier-842,0.0,0.0,0.0,0.0
0.2,0.5,0.5,335,0.0,0.0,0.0,0.0,issue_plus_inventory,1.314,1,3,JavaScript,qwen2.5-coder:1.5b,1,5,5,prettier/prettier,0,Feature,prettier__prettier-842,0.25,0.2,0.3333333333333333,0.3333333333333333
0.5,0.25,0.25,335,0.0,0.0,0.0,0.0,issue_plus_hints,0.931,1,3,JavaScript,qwen2.5-coder:1.5b,1,2,2,prettier/prettier,0,Feature,prettier__prettier-842,0.4,0.5,0.3333333333333333,0.3333333333333333
0.0,0.0,0.25,76,0.0,0.0,0.0,0.0,issue_only,0.693,3,1,JavaScript,qwen2.5-coder:1.5b,1,2,1,serverless/serverless,0,Feature,serverless__serverless-3548,0.0,0.0,0.0,0.0
0.2,0.5,0.5,76,0.25,0.2,0.3333333333333333,0.3333333333333333,issue_plus_inventory,1.391,3,1,JavaScript,qwen2.5-coder:1.5b,1,5,5,serverless/serverless,0,Feature,serverless__serverless-3548,0.0,0.0,0.0,0.0
0.2,0.5,0.5,76,0.25,0.2,0.3333333333333333,0.3333333333333333,issue_plus_hints,1.627,3,1,JavaScript,qwen2.5-coder:1.5b,1,5,5,serverless/serverless,0,Feature,serverless__serverless-3548,0.0,0.0,0.0,0.0
0.0,0.0,0.25,76,0.0,0.0,0.0,0.0,issue_only,0.837,3,1,JavaScript,qwen2.5-coder:1.5b,1,2,1,serverless/serverless,0,Feature,serverless__serverless-3609,0.0,0.0,0.0,0.0
0.1,0.25,0.5,76,0.0,0.0,0.0,0.0,issue_plus_inventory,1.706,3,1,JavaScript,qwen2.5-coder:1.5b,1,5,5,serverless/serverless,0,Feature,serverless__serverless-3609,0.0,0.0,0.0,0.0
0.0,0.0,0.25,76,0.0,0.0,0.0,0.0,issue_plus_hints,1.154,3,1,JavaScript,qwen2.5-coder:1.5b,1,3,3,serverless/serverless,0,Feature,serverless__serverless-3609,0.0,0.0,0.0,0.0
0.0,0.0,0.3333333333333333,76,0.0,0.0,0.0,0.0,issue_only,0.853,2,1,JavaScript,qwen2.5-coder:1.5b,1,2,1,serverless/serverless,0,Feature,serverless__serverless-3642,0.0,0.0,0.0,0.0
0.5,0.6666666666666666,0.6666666666666666,76,0.5,0.5,0.5,0.5,issue_plus_inventory,1.086,2,1,JavaScript,qwen2.5-coder:1.5b,1,2,2,serverless/serverless,0,Feature,serverless__serverless-3642,0.0,0.0,0.0,0.0
0.5,0.6666666666666666,0.6666666666666666,76,0.5,0.5,0.5,0.5,issue_plus_hints,0.791,2,1,JavaScript,qwen2.5-coder:1.5b,1,2,2,serverless/serverless,0,Feature,serverless__serverless-3642,0.6666666666666666,0.5,1.0,1.0
0.0,0.0,0.0,76,0.0,0.0,0.0,0.0,issue_only,0.699,4,2,JavaScript,qwen2.5-coder:1.5b,1,2,1,serverless/serverless,0,Feature,serverless__serverless-4097,0.0,0.0,0.0,0.0
0.0,0.0,0.0,76,0.0,0.0,0.0,0.0,issue_plus_inventory,1.365,4,2,JavaScript,qwen2.5-coder:1.5b,1,5,5,serverless/serverless,0,Feature,serverless__serverless-4097,0.0,0.0,0.0,0.0
0.0,0.0,0.0,76,0.0,0.0,0.0,0.0,issue_plus_hints,0.792,4,2,JavaScript,qwen2.5-coder:1.5b,1,3,3,serverless/serverless,0,Feature,serverless__serverless-4097,0.0,0.0,0.0,0.0
0.0,0.0,0.0,334,0.0,0.0,0.0,0.0,issue_only,0.711,4,5,JavaScript,qwen2.5-coder:1.5b,1,2,2,sveltejs/svelte,0,Feature,sveltejs__svelte-778,0.0,0.0,0.0,0.0
0.5,0.2222222222222222,0.2222222222222222,334,0.0,0.0,0.0,0.0,issue_plus_inventory,1.374,4,5,JavaScript,qwen2.5-coder:1.5b,1,2,2,sveltejs/svelte,0,Feature,sveltejs__svelte-778,0.28571428571428575,0.5,0.2,0.2
0.5,0.2222222222222222,0.2222222222222222,334,0.0,0.0,0.0,0.0,issue_plus_hints,0.912,4,5,JavaScript,qwen2.5-coder:1.5b,1,2,2,sveltejs/svelte,0,Feature,sveltejs__svelte-778,0.28571428571428575,0.5,0.2,0.2
0.0,0.0,0.0,334,0.0,0.0,0.0,0.0,issue_only,0.664,1,24,JavaScript,qwen2.5-coder:1.5b,1,2,2,sveltejs/svelte,0,Feature,sveltejs__svelte-785,0.0,0.0,0.0,0.0
0.0,0.0,0.0,334,0.0,0.0,0.0,0.0,issue_plus_inventory,1.188,1,24,JavaScript,qwen2.5-coder:1.5b,1,2,2,sveltejs/svelte,0,Feature,sveltejs__svelte-785,0.0,0.0,0.0,0.0
0.0,0.0,0.0,334,0.0,0.0,0.0,0.0,issue_plus_hints,0.756,1,24,JavaScript,qwen2.5-coder:1.5b,1,2,2,sveltejs/svelte,0,Feature,sveltejs__svelte-785,0.0,0.0,0.0,0.0
0.0,0.0,0.13333333333333333,335,0.0,0.0,0.0,0.0,issue_only,0.845,8,7,JavaScript,qwen2.5-coder:1.5b,1,3,3,prettier/prettier,0,Feature,prettier__prettier-3775,0.0,0.0,0.0,0.0
0.4,0.26666666666666666,0.26666666666666666,335,0.6153846153846154,0.8,0.5,0.5,issue_plus_inventory,1.245,8,7,JavaScript,qwen2.5-coder:1.5b,1,5,5,prettier/prettier,0,Feature,prettier__prettier-3775,0.0,0.0,0.0,0.0
0.3,0.2,0.26666666666666666,335,0.4615384615384615,0.6,0.375,0.375,issue_plus_hints,1.078,8,7,JavaScript,qwen2.5-coder:1.5b,1,5,5,prettier/prettier,0,Feature,prettier__prettier-3775,0.0,0.0,0.0,0.0
0.0,0.0,0.0,334,0.0,0.0,0.0,0.0,issue_only,0.927,4,7,JavaScript,qwen2.5-coder:1.5b,1,2,2,sveltejs/svelte,0,Feature,sveltejs__svelte-1148,0.0,0.0,0.0,0.0
0.5,0.2727272727272727,0.45454545454545453,334,0.5714285714285715,0.6666666666666666,0.5,0.5,issue_plus_inventory,1.252,4,7,JavaScript,qwen2.5-coder:1.5b,1,3,3,sveltejs/svelte,0,Feature,sveltejs__svelte-1148,0.2,0.3333333333333333,0.14285714285714285,0.14285714285714285
0.5,0.18181818181818182,0.2727272727272727,334,0.3333333333333333,0.5,0.25,0.25,issue_plus_hints,1.074,4,7,JavaScript,qwen2.5-coder:1.5b,1,2,2,sveltejs/svelte,0,Feature,sveltejs__svelte-1148,0.22222222222222224,0.5,0.14285714285714285,0.14285714285714285
0.0,0.0,0.0,335,0.0,0.0,0.0,0.0,issue_only,0.932,2,101,JavaScript,qwen2.5-coder:1.5b,1,2,0,prettier/prettier,0,Feature,prettier__prettier-3903,0.0,0.0,0.0,0.0
0.5,0.019417475728155338,0.019417475728155338,335,0.0,0.0,0.0,0.0,issue_plus_inventory,1.31,2,101,JavaScript,qwen2.5-coder:1.5b,1,2,2,prettier/prettier,0,Feature,prettier__prettier-3903,0.019417475728155338,0.5,0.009900990099009901,0.009900990099009901
0.5,0.019417475728155338,0.019417475728155338,335,0.0,0.0,0.0,0.0,issue_plus_hints,1.035,2,101,JavaScript,qwen2.5-coder:1.5b,1,2,2,prettier/prettier,0,Feature,prettier__prettier-3903,0.019417475728155338,0.5,0.009900990099009901,0.009900990099009901
0.0,0.0,0.0,335,0.0,0.0,0.0,0.0,issue_only,0.747,1,2,JavaScript,qwen2.5-coder:1.5b,1,2,1,prettier/prettier,0,Feature,prettier__prettier-4667,0.0,0.0,0.0,0.0
0.125,0.3333333333333333,0.6666666666666666,335,0.33333333333333337,0.2,1.0,1.0,issue_plus_inventory,1.59,1,2,JavaScript,qwen2.5-coder:1.5b,1,5,5,prettier/prettier,0,Feature,prettier__prettier-4667,0.0,0.0,0.0,0.0
0.125,0.3333333333333333,0.6666666666666666,335,0.33333333333333337,0.2,1.0,1.0,issue_plus_hints,1.353,1,2,JavaScript,qwen2.5-coder:1.5b,1,5,5,prettier/prettier,0,Feature,prettier__prettier-4667,0.0,0.0,0.0,0.0
0.0,0.0,0.0,77,0.0,0.0,0.0,0.0,issue_only,0.961,4,1,JavaScript,qwen2.5-coder:1.5b,1,2,2,mrdoob/three.js,0,Feature,mrdoob__three.js-14566,0.0,0.0,0.0,0.0
0.4,0.4,0.4,77,0.28571428571428575,0.3333333333333333,0.25,0.25,issue_plus_inventory,1.537,4,1,JavaScript,qwen2.5-coder:1.5b,1,3,2,mrdoob/three.js,0,Feature,mrdoob__three.js-14566,0.0,0.0,0.0,0.0
0.4,0.4,0.4,77,0.28571428571428575,0.3333333333333333,0.25,0.25,issue_plus_hints,0.825,4,1,JavaScript,qwen2.5-coder:1.5b,1,3,2,mrdoob/three.js,0,Feature,mrdoob__three.js-14566,0.0,0.0,0.0,0.0
0.0,0.0,0.0,334,0.0,0.0,0.0,0.0,issue_only,0.673,2,20,JavaScript,qwen2.5-coder:1.5b,1,2,2,sveltejs/svelte,0,Feature,sveltejs__svelte-1811,0.0,0.0,0.0,0.0
0.25,0.045454545454545456,0.7272727272727273,334,0.0,0.0,0.0,0.0,issue_plus_inventory,1.309,2,20,JavaScript,qwen2.5-coder:1.5b,1,2,2,sveltejs/svelte,0,Feature,sveltejs__svelte-1811,0.0,0.0,0.0,0.0
0.25,0.045454545454545456,0.7272727272727273,334,0.0,0.0,0.0,0.0,issue_plus_hints,0.842,2,20,JavaScript,qwen2.5-coder:1.5b,1,2,2,sveltejs/svelte,0,Feature,sveltejs__svelte-1811,0.0,0.0,0.0,0.0
0.25,0.2,0.2,76,0.3333333333333333,0.5,0.25,0.25,issue_only,0.772,4,1,JavaScript,qwen2.5-coder:1.5b,1,2,2,serverless/serverless,0,Feature,serverless__serverless-5509,0.0,0.0,0.0,0.0
0.3333333333333333,0.2,0.2,76,0.3333333333333333,0.5,0.25,0.25,issue_plus_inventory,0.954,4,1,JavaScript,qwen2.5-coder:1.5b,1,2,1,serverless/serverless,0,Feature,serverless__serverless-5509,0.0,0.0,0.0,0.0
0.5,0.4,0.4,76,0.3333333333333333,0.5,0.25,0.25,issue_plus_hints,0.748,4,1,JavaScript,qwen2.5-coder:1.5b,1,2,2,serverless/serverless,0,Feature,serverless__serverless-5509,0.6666666666666666,0.5,1.0,1.0
0.0,0.0,0.0,76,0.0,0.0,0.0,0.0,issue_only,0.611,3,2,JavaScript,qwen2.5-coder:1.5b,1,2,1,serverless/serverless,0,Feature,serverless__serverless-5579,0.0,0.0,0.0,0.0
0.0,0.0,0.0,76,0.0,0.0,0.0,0.0,issue_plus_inventory,0.993,3,2,JavaScript,qwen2.5-coder:1.5b,1,2,2,serverless/serverless,0,Feature,serverless__serverless-5579,0.0,0.0,0.0,0.0
0.0,0.0,0.0,76,0.0,0.0,0.0,0.0,issue_plus_hints,0.778,3,2,JavaScript,qwen2.5-coder:1.5b,1,2,2,serverless/serverless,0,Feature,serverless__serverless-5579,0.0,0.0,0.0,0.0
0.0,0.0,0.0,334,0.0,0.0,0.0,0.0,issue_only,0.616,4,15,JavaScript,qwen2.5-coder:1.5b,1,2,2,sveltejs/svelte,0,Feature,sveltejs__svelte-2187,0.0,0.0,0.0,0.0
0.2,0.10526315789473684,0.7368421052631579,334,0.0,0.0,0.0,0.0,issue_plus_inventory,1.706,4,15,JavaScript,qwen2.5-coder:1.5b,1,5,5,sveltejs/svelte,0,Feature,sveltejs__svelte-2187,0.0,0.0,0.0,0.0
0.14285714285714285,0.05263157894736842,0.7368421052631579,334,0.0,0.0,0.0,0.0,issue_plus_hints,1.21,4,15,JavaScript,qwen2.5-coder:1.5b,1,5,4,sveltejs/svelte,0,Feature,sveltejs__svelte-2187,0.0,0.0,0.0,0.0
0.0,0.0,0.0,76,0.0,0.0,0.0,0.0,issue_only,0.716,5,4,JavaScript,qwen2.5-coder:1.5b,1,2,1,serverless/serverless,0,Feature,serverless__serverless-5982,0.0,0.0,0.0,0.0
0.2,0.2222222222222222,0.2222222222222222,76,0.20000000000000004,0.2,0.2,0.2,issue_plus_inventory,1.629,5,4,JavaScript,qwen2.5-coder:1.5b,1,5,5,serverless/serverless,0,Feature,serverless__serverless-5982,0.22222222222222224,0.2,0.25,0.25
0.2,0.2222222222222222,0.2222222222222222,76,0.20000000000000004,0.2,0.2,0.2,issue_plus_hints,1.322,5,4,JavaScript,qwen2.5-coder:1.5b,1,5,5,serverless/serverless,0,Feature,serverless__serverless-5982,0.22222222222222224,0.2,0.25,0.25
0.0,0.0,0.0,76,0.0,0.0,0.0,0.0,issue_only,1.029,3,1,JavaScript,qwen2.5-coder:1.5b,1,2,2,serverless/serverless,0,Feature,serverless__serverless-6051,0.0,0.0,0.0,0.0
0.1111111111111111,0.25,0.5,76,0.25,0.2,0.3333333333333333,0.3333333333333333,issue_plus_inventory,1.625,3,1,JavaScript,qwen2.5-coder:1.5b,1,5,4,serverless/serverless,0,Feature,serverless__serverless-6051,0.0,0.0,0.0,0.0
0.0,0.0,0.25,76,0.0,0.0,0.0,0.0,issue_plus_hints,1.11,3,1,JavaScript,qwen2.5-coder:1.5b,1,3,4,serverless/serverless,0,Feature,serverless__serverless-6051,0.0,0.0,0.0,0.0
0.0,0.0,0.0,76,0.0,0.0,0.0,0.0,issue_only,0.665,3,1,JavaScript,qwen2.5-coder:1.5b,1,2,1,serverless/serverless,0,Feature,serverless__serverless-6063,0.0,0.0,0.0,0.0
0.2,0.5,0.5,76,0.25,0.2,0.3333333333333333,0.3333333333333333,issue_plus_inventory,1.506,3,1,JavaScript,qwen2.5-coder:1.5b,1,5,5,serverless/serverless,0,Feature,serverless__serverless-6063,0.33333333333333337,0.2,1.0,1.0
0.2,0.5,0.5,76,0.25,0.2,0.3333333333333333,0.3333333333333333,issue_plus_hints,1.364,3,1,JavaScript,qwen2.5-coder:1.5b,1,5,5,serverless/serverless,0,Feature,serverless__serverless-6063,0.33333333333333337,0.2,1.0,1.0
0.0,0.0,0.0,76,0.0,0.0,0.0,0.0,issue_only,0.778,2,1,JavaScript,qwen2.5-coder:1.5b,1,2,1,serverless/serverless,0,Feature,serverless__serverless-6345,0.0,0.0,0.0,0.0
0.0,0.0,0.0,76,0.0,0.0,0.0,0.0,issue_plus_inventory,0.972,2,1,JavaScript,qwen2.5-coder:1.5b,1,2,2,serverless/serverless,0,Feature,serverless__serverless-6345,0.0,0.0,0.0,0.0
0.0,0.0,0.0,76,0.0,0.0,0.0,0.0,issue_plus_hints,0.661,2,1,JavaScript,qwen2.5-coder:1.5b,1,2,2,serverless/serverless,0,Feature,serverless__serverless-6345,0.0,0.0,0.0,0.0
0.0,0.0,0.1111111111111111,77,0.0,0.0,0.0,0.0,issue_only,1.371,17,1,JavaScript,qwen2.5-coder:1.5b,1,2,2,mrdoob/three.js,0,Feature,mrdoob__three.js-17649,0.0,0.0,0.0,0.0
0.2,0.1111111111111111,0.16666666666666666,77,0.1818181818181818,0.4,0.11764705882352941,0.11764705882352941,issue_plus_inventory,1.363,17,1,JavaScript,qwen2.5-coder:1.5b,1,5,5,mrdoob/three.js,0,Feature,mrdoob__three.js-17649,0.0,0.0,0.0,0.0
0.3,0.16666666666666666,0.2222222222222222,77,0.1818181818181818,0.4,0.11764705882352941,0.11764705882352941,issue_plus_hints,1.159,17,1,JavaScript,qwen2.5-coder:1.5b,1,5,5,mrdoob/three.js,0,Feature,mrdoob__three.js-17649,0.33333333333333337,0.2,1.0,1.0
0.0,0.0,0.0,76,0.0,0.0,0.0,0.0,issue_only,0.824,3,1,JavaScript,qwen2.5-coder:1.5b,1,2,1,serverless/serverless,0,Feature,serverless__serverless-6945,0.0,0.0,0.0,0.0
0.2,0.5,0.5,76,0.25,0.2,0.3333333333333333,0.3333333333333333,issue_plus_inventory,1.312,3,1,JavaScript,qwen2.5-coder:1.5b,1,5,5,serverless/serverless,0,Feature,serverless__serverless-6945,0.0,0.0,0.0,0.0
0.2,0.5,0.5,76,0.25,0.2,0.3333333333333333,0.3333333333333333,issue_plus_hints,0.854,3,1,JavaScript,qwen2.5-coder:1.5b,1,5,5,serverless/serverless,0,Feature,serverless__serverless-6945,0.0,0.0,0.0,0.0
0.0,0.0,0.3333333333333333,76,0.0,0.0,0.0,0.0,issue_only,0.996,2,1,JavaScript,qwen2.5-coder:1.5b,1,2,2,serverless/serverless,0,Feature,serverless__serverless-7024,0.0,0.0,0.0,0.0
0.0,0.0,0.6666666666666666,76,0.0,0.0,0.0,0.0,issue_plus_inventory,1.305,2,1,JavaScript,qwen2.5-coder:1.5b,1,5,5,serverless/serverless,0,Feature,serverless__serverless-7024,0.0,0.0,0.0,0.0
0.1,0.3333333333333333,0.3333333333333333,76,0.28571428571428575,0.2,0.5,0.5,issue_plus_hints,0.971,2,1,JavaScript,qwen2.5-coder:1.5b,1,5,5,serverless/serverless,0,Feature,serverless__serverless-7024,0.0,0.0,0.0,0.0
0.25,0.5,0.5,76,0.6666666666666666,0.5,1.0,1.0,issue_only,0.799,1,1,JavaScript,qwen2.5-coder:1.5b,1,2,2,serverless/serverless,0,Feature,serverless__serverless-7031,0.0,0.0,0.0,0.0
0.1,0.5,0.5,76,0.33333333333333337,0.2,1.0,1.0,issue_plus_inventory,1.402,1,1,JavaScript,qwen2.5-coder:1.5b,1,5,5,serverless/serverless,0,Feature,serverless__serverless-7031,0.0,0.0,0.0,0.0
0.2,0.5,0.5,76,0.5,0.3333333333333333,1.0,1.0,issue_plus_hints,0.784,1,1,JavaScript,qwen2.5-coder:1.5b,1,3,2,serverless/serverless,0,Feature,serverless__serverless-7031,0.0,0.0,0.0,0.0
0.0,0.0,0.0,76,0.0,0.0,0.0,0.0,issue_only,1.024,3,1,JavaScript,qwen2.5-coder:1.5b,1,2,2,serverless/serverless,0,Feature,serverless__serverless-7623,0.0,0.0,0.0,0.0
0.2,0.5,0.5,76,0.25,0.2,0.3333333333333333,0.3333333333333333,issue_plus_inventory,1.645,3,1,JavaScript,qwen2.5-coder:1.5b,1,5,5,serverless/serverless,0,Feature,serverless__serverless-7623,0.33333333333333337,0.2,1.0,1.0
0.2,0.5,0.5,76,0.25,0.2,0.3333333333333333,0.3333333333333333,issue_plus_hints,1.406,3,1,JavaScript,qwen2.5-coder:1.5b,1,5,5,serverless/serverless,0,Feature,serverless__serverless-7623,0.33333333333333337,0.2,1.0,1.0
0.0,0.0,0.0,335,0.0,0.0,0.0,0.0,issue_only,0.978,11,9,JavaScript,qwen2.5-coder:1.5b,1,2,2,prettier/prettier,0,Feature,prettier__prettier-8381,0.0,0.0,0.0,0.0
0.8,0.2,0.3,335,0.28571428571428575,0.6666666666666666,0.18181818181818182,0.18181818181818182,issue_plus_inventory,1.304,11,9,JavaScript,qwen2.5-coder:1.5b,1,3,2,prettier/prettier,0,Feature,prettier__prettier-8381,0.3636363636363636,1.0,0.2222222222222222,0.2222222222222222
0.8,0.2,0.3,335,0.28571428571428575,0.6666666666666666,0.18181818181818182,0.18181818181818182,issue_plus_hints,0.789,11,9,JavaScript,qwen2.5-coder:1.5b,1,3,2,prettier/prettier,0,Feature,prettier__prettier-8381,0.3636363636363636,1.0,0.2222222222222222,0.2222222222222222
0.0,0.0,0.0,335,0.0,0.0,0.0,0.0,issue_only,0.717,4,13,JavaScript,qwen2.5-coder:1.5b,1,2,1,prettier/prettier,0,Feature,prettier__prettier-8465,0.0,0.0,0.0,0.0
0.6,0.35294117647058826,0.35294117647058826,335,0.0,0.0,0.0,0.0,issue_plus_inventory,1.608,4,13,JavaScript,qwen2.5-coder:1.5b,1,5,5,prettier/prettier,0,Feature,prettier__prettier-8465,0.5555555555555556,1.0,0.38461538461538464,0.38461538461538464
0.6,0.35294117647058826,0.35294117647058826,335,0.0,0.0,0.0,0.0,issue_plus_hints,1.143,4,13,JavaScript,qwen2.5-coder:1.5b,1,5,5,prettier/prettier,0,Feature,prettier__prettier-8465,0.5555555555555556,1.0,0.38461538461538464,0.38461538461538464
0.0,0.0,0.0,334,0.0,0.0,0.0,0.0,issue_only,0.654,5,5,JavaScript,qwen2.5-coder:1.5b,1,2,2,sveltejs/svelte,0,Feature,sveltejs__svelte-5442,0.0,0.0,0.0,0.0
0.42857142857142855,0.3,0.4,334,0.25,0.3333333333333333,0.2,0.2,issue_plus_inventory,1.438,5,5,JavaScript,qwen2.5-coder:1.5b,1,3,4,sveltejs/svelte,0,Feature,sveltejs__svelte-5442,0.22222222222222224,0.25,0.2,0.2
0.42857142857142855,0.3,0.4,334,0.25,0.3333333333333333,0.2,0.2,issue_plus_hints,1.043,5,5,JavaScript,qwen2.5-coder:1.5b,1,3,4,sveltejs/svelte,0,Feature,sveltejs__svelte-5442,0.22222222222222224,0.25,0.2,0.2
0.5,0.25,0.25,77,0.4,0.5,0.3333333333333333,0.3333333333333333,issue_only,0.708,3,1,JavaScript,qwen2.5-coder:1.5b,1,2,0,mrdoob/three.js,0,Feature,mrdoob__three.js-20478,0.0,0.0,0.0,0.0
0.5,0.5,0.75,77,0.4,0.5,0.3333333333333333,0.3333333333333333,issue_plus_inventory,0.939,3,1,JavaScript,qwen2.5-coder:1.5b,1,2,2,mrdoob/three.js,0,Feature,mrdoob__three.js-20478,0.6666666666666666,0.5,1.0,1.0
0.5,0.25,0.5,77,0.0,0.0,0.0,0.0,issue_plus_hints,0.698,3,1,JavaScript,qwen2.5-coder:1.5b,1,2,1,mrdoob/three.js,0,Feature,mrdoob__three.js-20478,1.0,1.0,1.0,1.0
0.0,0.0,0.0,76,0.0,0.0,0.0,0.0,issue_only,0.751,4,1,JavaScript,qwen2.5-coder:1.5b,1,2,1,serverless/serverless,0,Feature,serverless__serverless-8638,0.0,0.0,0.0,0.0
0.0,0.0,0.0,76,0.0,0.0,0.0,0.0,issue_plus_inventory,1.054,4,1,JavaScript,qwen2.5-coder:1.5b,1,2,2,serverless/serverless,0,Feature,serverless__serverless-8638,0.0,0.0,0.0,0.0
0.0,0.0,0.0,76,0.0,0.0,0.0,0.0,issue_plus_hints,1.011,4,1,JavaScript,qwen2.5-coder:1.5b,1,2,2,serverless/serverless,0,Feature,serverless__serverless-8638,0.0,0.0,0.0,0.0
0.0,0.0,0.0,335,0.0,0.0,0.0,0.0,issue_only,0.753,2,4,JavaScript,qwen2.5-coder:1.5b,1,2,2,prettier/prettier,0,Feature,prettier__prettier-10109,0.0,0.0,0.0,0.0
0.75,0.5,0.6666666666666666,335,0.5,0.5,0.5,0.5,issue_plus_inventory,1.159,2,4,JavaScript,qwen2.5-coder:1.5b,1,2,2,prettier/prettier,0,Feature,prettier__prettier-10109,0.3333333333333333,0.5,0.25,0.25
0.75,0.5,0.6666666666666666,335,0.5,0.5,0.5,0.5,issue_plus_hints,0.843,2,4,JavaScript,qwen2.5-coder:1.5b,1,2,2,prettier/prettier,0,Feature,prettier__prettier-10109,0.3333333333333333,0.5,0.25,0.25
0.0,0.0,0.0,77,0.0,0.0,0.0,0.0,issue_only,0.671,4,1,JavaScript,qwen2.5-coder:1.5b,1,2,1,mrdoob/three.js,0,Feature,mrdoob__three.js-21532,0.0,0.0,0.0,0.0
1.0,0.4,0.4,77,0.3333333333333333,0.5,0.25,0.25,issue_plus_inventory,0.969,4,1,JavaScript,qwen2.5-coder:1.5b,1,2,1,mrdoob/three.js,0,Feature,mrdoob__three.js-21532,1.0,1.0,1.0,1.0
0.5,0.4,0.4,77,0.3333333333333333,0.5,0.25,0.25,issue_plus_hints,0.826,4,1,JavaScript,qwen2.5-coder:1.5b,1,2,2,mrdoob/three.js,0,Feature,mrdoob__three.js-21532,0.0,0.0,0.0,0.0
0.0,0.0,0.0,334,0.0,0.0,0.0,0.0,issue_only,0.811,1,8,JavaScript,qwen2.5-coder:1.5b,1,2,2,sveltejs/svelte,0,Feature,sveltejs__svelte-6223,0.0,0.0,0.0,0.0
0.25,0.1111111111111111,0.4444444444444444,334,0.6666666666666666,0.5,1.0,1.0,issue_plus_inventory,1.365,1,8,JavaScript,qwen2.5-coder:1.5b,1,2,2,sveltejs/svelte,0,Feature,sveltejs__svelte-6223,0.0,0.0,0.0,0.0
0.25,0.1111111111111111,0.4444444444444444,334,0.6666666666666666,0.5,1.0,1.0,issue_plus_hints,1.031,1,8,JavaScript,qwen2.5-coder:1.5b,1,2,2,sveltejs/svelte,0,Feature,sveltejs__svelte-6223,0.0,0.0,0.0,0.0
0.5,0.2,0.2,77,0.3333333333333333,0.5,0.25,0.25,issue_only,0.583,4,1,JavaScript,qwen2.5-coder:1.5b,1,2,0,mrdoob/three.js,0,Feature,mrdoob__three.js-21826,0.0,0.0,0.0,0.0
0.5,0.4,0.4,77,0.3333333333333333,0.5,0.25,0.25,issue_plus_inventory,0.999,4,1,JavaScript,qwen2.5-coder:1.5b,1,2,2,mrdoob/three.js,0,Feature,mrdoob__three.js-21826,0.0,0.0,0.0,0.0
0.5,0.4,0.4,77,0.3333333333333333,0.5,0.25,0.25,issue_plus_hints,0.757,4,1,JavaScript,qwen2.5-coder:1.5b,1,2,2,mrdoob/three.js,0,Feature,mrdoob__three.js-21826,0.0,0.0,0.0,0.0
0.0,0.0,0.0,335,0.0,0.0,0.0,0.0,issue_only,0.848,8,9,JavaScript,qwen2.5-coder:1.5b,1,2,1,prettier/prettier,0,Feature,prettier__prettier-10910,0.0,0.0,0.0,0.0
0.1,0.058823529411764705,0.058823529411764705,335,0.15384615384615385,0.2,0.125,0.125,issue_plus_inventory,1.129,8,9,JavaScript,qwen2.5-coder:1.5b,1,5,5,prettier/prettier,0,Feature,prettier__prettier-10910,0.0,0.0,0.0,0.0
0.1,0.058823529411764705,0.058823529411764705,335,0.15384615384615385,0.2,0.125,0.125,issue_plus_hints,0.935,8,9,JavaScript,qwen2.5-coder:1.5b,1,5,5,prettier/prettier,0,Feature,prettier__prettier-10910,0.0,0.0,0.0,0.0
0.0,0.0,0.0,334,0.0,0.0,0.0,0.0,issue_only,0.75,4,4,JavaScript,qwen2.5-coder:1.5b,1,2,2,sveltejs/svelte,0,Feature,sveltejs__svelte-6528,0.0,0.0,0.0,0.0
0.6666666666666666,0.5,0.5,334,0.0,0.0,0.0,0.0,issue_plus_inventory,1.15,4,4,JavaScript,qwen2.5-coder:1.5b,1,4,2,sveltejs/svelte,0,Feature,sveltejs__svelte-6528,0.0,0.0,0.0,0.0
0.6666666666666666,0.5,0.5,334,0.0,0.0,0.0,0.0,issue_plus_hints,0.875,4,4,JavaScript,qwen2.5-coder:1.5b,1,4,2,sveltejs/svelte,0,Feature,sveltejs__svelte-6528,0.0,0.0,0.0,0.0
0.0,0.0,0.0,334,0.0,0.0,0.0,0.0,issue_only,0.795,1,4,JavaScript,qwen2.5-coder:1.5b,1,2,1,sveltejs/svelte,0,Feature,sveltejs__svelte-6564,0.0,0.0,0.0,0.0
0.5,0.4,0.6,334,0.6666666666666666,0.5,1.0,1.0,issue_plus_inventory,1.109,1,4,JavaScript,qwen2.5-coder:1.5b,1,2,2,sveltejs/svelte,0,Feature,sveltejs__svelte-6564,0.0,0.0,0.0,0.0
0.25,0.2,0.4,334,0.0,0.0,0.0,0.0,issue_plus_hints,0.883,1,4,JavaScript,qwen2.5-coder:1.5b,1,2,2,sveltejs/svelte,0,Feature,sveltejs__svelte-6564,0.0,0.0,0.0,0.0
0.0,0.0,0.0,334,0.0,0.0,0.0,0.0,issue_only,0.727,1,3,JavaScript,qwen2.5-coder:1.5b,1,2,2,sveltejs/svelte,0,Feature,sveltejs__svelte-6613,0.0,0.0,0.0,0.0
0.1,0.25,0.75,334,0.33333333333333337,0.2,1.0,1.0,issue_plus_inventory,1.555,1,3,JavaScript,qwen2.5-coder:1.5b,1,5,5,sveltejs/svelte,0,Feature,sveltejs__svelte-6613,0.0,0.0,0.0,0.0
0.14285714285714285,0.25,0.5,334,0.5,0.3333333333333333,1.0,1.0,issue_plus_hints,0.927,1,3,JavaScript,qwen2.5-coder:1.5b,1,3,4,sveltejs/svelte,0,Feature,sveltejs__svelte-6613,0.0,0.0,0.0,0.0
0.0,0.0,0.0,334,0.0,0.0,0.0,0.0,issue_only,0.74,2,1,JavaScript,qwen2.5-coder:1.5b,1,2,2,sveltejs/svelte,0,Feature,sveltejs__svelte-6838,0.0,0.0,0.0,0.0
0.0,0.0,0.0,334,0.0,0.0,0.0,0.0,issue_plus_inventory,1.076,2,1,JavaScript,qwen2.5-coder:1.5b,1,2,2,sveltejs/svelte,0,Feature,sveltejs__svelte-6838,0.0,0.0,0.0,0.0
0.0,0.0,0.0,334,0.0,0.0,0.0,0.0,issue_plus_hints,0.722,2,1,JavaScript,qwen2.5-coder:1.5b,1,2,2,sveltejs/svelte,0,Feature,sveltejs__svelte-6838,0.0,0.0,0.0,0.0
0.0,0.0,0.0,76,0.0,0.0,0.0,0.0,issue_only,0.851,1,1,JavaScript,qwen2.5-coder:1.5b,1,2,2,serverless/serverless,0,Feature,serverless__serverless-10120,0.0,0.0,0.0,0.0
0.5,1.0,1.0,76,0.6666666666666666,0.5,1.0,1.0,issue_plus_inventory,0.952,1,1,JavaScript,qwen2.5-coder:1.5b,1,2,2,serverless/serverless,0,Feature,serverless__serverless-10120,0.6666666666666666,0.5,1.0,1.0
0.5,1.0,1.0,76,0.6666666666666666,0.5,1.0,1.0,issue_plus_hints,0.853,1,1,JavaScript,qwen2.5-coder:1.5b,1,2,2,serverless/serverless,0,Feature,serverless__serverless-10120,0.6666666666666666,0.5,1.0,1.0
0.0,0.0,0.25,77,0.0,0.0,0.0,0.0,issue_only,0.733,2,2,JavaScript,qwen2.5-coder:1.5b,1,2,0,mrdoob/three.js,0,Feature,mrdoob__three.js-23596,0.0,0.0,0.0,0.0
0.75,0.75,0.75,77,0.5,0.5,0.5,0.5,issue_plus_inventory,0.959,2,2,JavaScript,qwen2.5-coder:1.5b,1,2,2,mrdoob/three.js,0,Feature,mrdoob__three.js-23596,0.5,0.5,0.5,0.5
0.2,0.5,0.5,77,0.5,0.5,0.5,0.5,issue_plus_hints,1.531,2,2,JavaScript,qwen2.5-coder:1.5b,1,2,15,mrdoob/three.js,0,Feature,mrdoob__three.js-23596,0.28571428571428575,0.2,0.5,0.5
0.5,0.13333333333333333,0.13333333333333333,77,0.3636363636363636,1.0,0.2222222222222222,0.2222222222222222,issue_only,0.676,9,6,JavaScript,qwen2.5-coder:1.5b,1,2,2,mrdoob/three.js,0,Feature,mrdoob__three.js-23796,0.0,0.0,0.0,0.0
1.0,0.26666666666666666,0.26666666666666666,77,0.1818181818181818,0.5,0.1111111111111111,0.1111111111111111,issue_plus_inventory,0.839,9,6,JavaScript,qwen2.5-coder:1.5b,1,2,2,mrdoob/three.js,0,Feature,mrdoob__three.js-23796,0.5,1.0,0.3333333333333333,0.3333333333333333
1.0,0.26666666666666666,0.26666666666666666,77,0.1818181818181818,0.5,0.1111111111111111,0.1111111111111111,issue_plus_hints,0.619,9,6,JavaScript,qwen2.5-coder:1.5b,1,2,2,mrdoob/three.js,0,Feature,mrdoob__three.js-23796,0.5,1.0,0.3333333333333333,0.3333333333333333
0.0,0.0,0.0,335,0.0,0.0,0.0,0.0,issue_only,0.726,3,1,JavaScript,qwen2.5-coder:1.5b,1,2,2,prettier/prettier,0,Feature,prettier__prettier-14108,0.0,0.0,0.0,0.0
0.0,0.0,0.0,335,0.0,0.0,0.0,0.0,issue_plus_inventory,1.038,3,1,JavaScript,qwen2.5-coder:1.5b,1,2,2,prettier/prettier,0,Feature,prettier__prettier-14108,0.0,0.0,0.0,0.0
0.0,0.0,0.0,335,0.0,0.0,0.0,0.0,issue_plus_hints,1.195,3,1,JavaScript,qwen2.5-coder:1.5b,1,5,5,prettier/prettier,0,Feature,prettier__prettier-14108,0.0,0.0,0.0,0.0
0.0,0.0,0.0,335,0.0,0.0,0.0,0.0,issue_only,0.986,4,1,JavaScript,qwen2.5-coder:1.5b,1,2,2,prettier/prettier,0,Feature,prettier__prettier-14317,0.0,0.0,0.0,0.0
0.0,0.0,0.0,335,0.0,0.0,0.0,0.0,issue_plus_inventory,1.392,4,1,JavaScript,qwen2.5-coder:1.5b,1,5,5,prettier/prettier,0,Feature,prettier__prettier-14317,0.0,0.0,0.0,0.0
0.0,0.0,0.0,335,0.0,0.0,0.0,0.0,issue_plus_hints,1.1,4,1,JavaScript,qwen2.5-coder:1.5b,1,5,5,prettier/prettier,0,Feature,prettier__prettier-14317,0.0,0.0,0.0,0.0
0.0,0.0,0.0,335,0.0,0.0,0.0,0.0,issue_only,0.85,2,3,JavaScript,qwen2.5-coder:1.5b,1,2,2,prettier/prettier,0,Feature,prettier__prettier-16765,0.0,0.0,0.0,0.0
0.5,0.4,0.4,335,0.5,0.5,0.5,0.5,issue_plus_inventory,0.988,2,3,JavaScript,qwen2.5-coder:1.5b,1,2,2,prettier/prettier,0,Feature,prettier__prettier-16765,0.4,0.5,0.3333333333333333,0.3333333333333333
0.25,0.2,0.2,335,0.0,0.0,0.0,0.0,issue_plus_hints,0.882,2,3,JavaScript,qwen2.5-coder:1.5b,1,2,2,prettier/prettier,0,Feature,prettier__prettier-16765,0.4,0.5,0.3333333333333333,0.3333333333333333
0.0,0.0,0.0,89,0.0,0.0,0.0,0.0,issue_only,0.586,2,1,Python,qwen2.5-coder:1.5b,1,2,1,keras-team/keras,0,Feature,keras-team__keras-3907,0.0,0.0,0.0,0.0
0.0,0.0,0.0,89,0.0,0.0,0.0,0.0,issue_plus_inventory,0.743,2,1,Python,qwen2.5-coder:1.5b,1,2,1,keras-team/keras,0,Feature,keras-team__keras-3907,0.0,0.0,0.0,0.0
0.25,0.3333333333333333,0.3333333333333333,89,0.0,0.0,0.0,0.0,issue_plus_hints,0.635,2,1,Python,qwen2.5-coder:1.5b,1,2,2,keras-team/keras,0,Feature,keras-team__keras-3907,0.6666666666666666,0.5,1.0,1.0
0.5,0.5,0.5,89,0.6666666666666666,0.5,1.0,1.0,issue_only,0.778,1,1,Python,qwen2.5-coder:1.5b,1,2,0,keras-team/keras,0,Feature,keras-team__keras-3983,0.0,0.0,0.0,0.0
0.6666666666666666,1.0,1.0,89,0.6666666666666666,0.5,1.0,1.0,issue_plus_inventory,0.835,1,1,Python,qwen2.5-coder:1.5b,1,2,1,keras-team/keras,0,Feature,keras-team__keras-3983,0.0,0.0,0.0,0.0
0.6666666666666666,1.0,1.0,89,0.6666666666666666,0.5,1.0,1.0,issue_plus_hints,0.654,1,1,Python,qwen2.5-coder:1.5b,1,2,1,keras-team/keras,0,Feature,keras-team__keras-3983,0.0,0.0,0.0,0.0
0.25,0.25,0.5,212,0.0,0.0,0.0,0.0,issue_only,0.874,3,1,Python,qwen2.5-coder:1.5b,1,2,2,huggingface/transformers,0,Feature,huggingface__transformers-6744,0.6666666666666666,0.5,1.0,1.0
0.25,0.25,0.25,212,0.0,0.0,0.0,0.0,issue_plus_inventory,0.926,3,1,Python,qwen2.5-coder:1.5b,1,2,2,huggingface/transformers,0,Feature,huggingface__transformers-6744,0.0,0.0,0.0,0.0
0.25,0.25,0.25,212,0.0,0.0,0.0,0.0,issue_plus_hints,0.724,3,1,Python,qwen2.5-coder:1.5b,1,2,2,huggingface/transformers,0,Feature,huggingface__transformers-6744,0.0,0.0,0.0,0.0
0.25,0.14285714285714285,0.2857142857142857,212,0.0,0.0,0.0,0.0,issue_only,0.772,3,4,Python,qwen2.5-coder:1.5b,1,2,2,huggingface/transformers,0,Feature,huggingface__transformers-7562,0.3333333333333333,0.5,0.25,0.25
0.5,0.2857142857142857,0.2857142857142857,212,0.4,0.5,0.3333333333333333,0.3333333333333333,issue_plus_inventory,0.899,3,4,Python,qwen2.5-coder:1.5b,1,2,2,huggingface/transformers,0,Feature,huggingface__transformers-7562,0.0,0.0,0.0,0.0
0.5,0.2857142857142857,0.2857142857142857,212,0.4,0.5,0.3333333333333333,0.3333333333333333,issue_plus_hints,0.825,3,4,Python,qwen2.5-coder:1.5b,1,2,2,huggingface/transformers,0,Feature,huggingface__transformers-7562,0.0,0.0,0.0,0.0
0.0,0.0,0.0,212,0.0,0.0,0.0,0.0,issue_only,0.837,3,1,Python,qwen2.5-coder:1.5b,1,1,1,huggingface/transformers,0,Feature,huggingface__transformers-13573,0.0,0.0,0.0,0.0
1.0,0.75,0.75,212,0.8,1.0,0.6666666666666666,0.6666666666666666,issue_plus_inventory,1.007,3,1,Python,qwen2.5-coder:1.5b,1,2,1,huggingface/transformers,0,Feature,huggingface__transformers-13573,1.0,1.0,1.0,1.0
1.0,0.75,0.75,212,0.8,1.0,0.6666666666666666,0.6666666666666666,issue_plus_hints,0.769,3,1,Python,qwen2.5-coder:1.5b,1,2,1,huggingface/transformers,0,Feature,huggingface__transformers-13573,1.0,1.0,1.0,1.0
0.5,0.125,0.125,212,0.3333333333333333,0.5,0.25,0.25,issue_only,0.696,4,4,Python,qwen2.5-coder:1.5b,1,2,0,huggingface/transformers,0,Feature,huggingface__transformers-13989,0.0,0.0,0.0,0.0
0.75,0.375,0.375,212,0.3333333333333333,0.5,0.25,0.25,issue_plus_inventory,0.987,4,4,Python,qwen2.5-coder:1.5b,1,2,2,huggingface/transformers,0,Feature,huggingface__transformers-13989,0.6666666666666666,1.0,0.5,0.5
0.75,0.375,0.375,212,0.3333333333333333,0.5,0.25,0.25,issue_plus_hints,0.754,4,4,Python,qwen2.5-coder:1.5b,1,2,2,huggingface/transformers,0,Feature,huggingface__transformers-13989,0.6666666666666666,1.0,0.5,0.5
0.25,0.06666666666666667,0.06666666666666667,36,0.125,0.5,0.07142857142857142,0.07142857142857142,issue_only,0.947,14,1,Python,qwen2.5-coder:1.5b,1,2,2,yt-dlp/yt-dlp,0,Feature,yt-dlp__yt-dlp-1649,0.0,0.0,0.0,0.0
0.75,0.2,0.2,36,0.25,1.0,0.14285714285714285,0.14285714285714285,issue_plus_inventory,0.721,14,1,Python,qwen2.5-coder:1.5b,1,2,2,yt-dlp/yt-dlp,0,Feature,yt-dlp__yt-dlp-1649,0.6666666666666666,0.5,1.0,1.0
0.75,0.2,0.2,36,0.25,1.0,0.14285714285714285,0.14285714285714285,issue_plus_hints,0.692,14,1,Python,qwen2.5-coder:1.5b,1,2,2,yt-dlp/yt-dlp,0,Feature,yt-dlp__yt-dlp-1649,0.6666666666666666,0.5,1.0,1.0
0.5,0.5,0.5,212,0.4,0.5,0.3333333333333333,0.3333333333333333,issue_only,0.935,3,1,Python,qwen2.5-coder:1.5b,1,2,2,huggingface/transformers,0,Feature,huggingface__transformers-15473,0.6666666666666666,0.5,1.0,1.0
0.1,0.25,0.25,212,0.25,0.2,0.3333333333333333,0.3333333333333333,issue_plus_inventory,1.609,3,1,Python,qwen2.5-coder:1.5b,1,5,5,huggingface/transformers,0,Feature,huggingface__transformers-15473,0.0,0.0,0.0,0.0
0.1,0.25,0.25,212,0.25,0.2,0.3333333333333333,0.3333333333333333,issue_plus_hints,1.239,3,1,Python,qwen2.5-coder:1.5b,1,5,5,huggingface/transformers,0,Feature,huggingface__transformers-15473,0.0,0.0,0.0,0.0
0.5,0.5,1.0,212,0.6666666666666666,0.5,1.0,1.0,issue_only,0.631,1,1,Python,qwen2.5-coder:1.5b,1,2,0,huggingface/transformers,0,Feature,huggingface__transformers-15795,0.0,0.0,0.0,0.0
0.1,0.5,1.0,212,0.33333333333333337,0.2,1.0,1.0,issue_plus_inventory,1.324,1,1,Python,qwen2.5-coder:1.5b,1,5,5,huggingface/transformers,0,Feature,huggingface__transformers-15795,0.0,0.0,0.0,0.0
0.1,0.5,1.0,212,0.33333333333333337,0.2,1.0,1.0,issue_plus_hints,1.269,1,1,Python,qwen2.5-coder:1.5b,1,5,5,huggingface/transformers,0,Feature,huggingface__transformers-15795,0.0,0.0,0.0,0.0
0.5,0.3333333333333333,0.5,212,0.6666666666666666,1.0,0.5,0.5,issue_only,0.887,4,2,Python,qwen2.5-coder:1.5b,1,2,2,huggingface/transformers,0,Feature,huggingface__transformers-15831,0.0,0.0,0.0,0.0
0.5,0.3333333333333333,0.5,212,0.6666666666666666,1.0,0.5,0.5,issue_plus_inventory,1.297,4,2,Python,qwen2.5-coder:1.5b,1,2,2,huggingface/transformers,0,Feature,huggingface__transformers-15831,0.0,0.0,0.0,0.0
0.5,0.3333333333333333,0.5,212,0.6666666666666666,1.0,0.5,0.5,issue_plus_hints,0.718,4,2,Python,qwen2.5-coder:1.5b,1,2,2,huggingface/transformers,0,Feature,huggingface__transformers-15831,0.0,0.0,0.0,0.0
0.5,0.5,0.5,212,0.6666666666666666,0.5,1.0,1.0,issue_only,0.749,1,1,Python,qwen2.5-coder:1.5b,1,2,0,huggingface/transformers,0,Feature,huggingface__transformers-15913,0.0,0.0,0.0,0.0
0.0,0.0,0.0,212,0.0,0.0,0.0,0.0,issue_plus_inventory,1.097,1,1,Python,qwen2.5-coder:1.5b,1,2,2,huggingface/transformers,0,Feature,huggingface__transformers-15913,0.0,0.0,0.0,0.0
0.0,0.0,0.0,212,0.0,0.0,0.0,0.0,issue_plus_hints,0.775,1,1,Python,qwen2.5-coder:1.5b,1,2,2,huggingface/transformers,0,Feature,huggingface__transformers-15913,0.0,0.0,0.0,0.0
0.25,0.0625,0.0625,36,0.28571428571428575,0.5,0.2,0.2,issue_only,0.789,5,11,Python,qwen2.5-coder:1.5b,1,2,2,yt-dlp/yt-dlp,0,Feature,yt-dlp__yt-dlp-3435,0.0,0.0,0.0,0.0
0.6666666666666666,0.125,0.125,36,0.28571428571428575,0.5,0.2,0.2,issue_plus_inventory,0.701,5,11,Python,qwen2.5-coder:1.5b,1,2,2,yt-dlp/yt-dlp,0,Feature,yt-dlp__yt-dlp-3435,0.15384615384615385,0.5,0.09090909090909091,0.09090909090909091
0.6666666666666666,0.125,0.125,36,0.28571428571428575,0.5,0.2,0.2,issue_plus_hints,0.629,5,11,Python,qwen2.5-coder:1.5b,1,2,2,yt-dlp/yt-dlp,0,Feature,yt-dlp__yt-dlp-3435,0.15384615384615385,0.5,0.09090909090909091,0.09090909090909091
0.0,0.0,0.25,36,0.0,0.0,0.0,0.0,issue_only,0.823,3,1,Python,qwen2.5-coder:1.5b,1,2,2,yt-dlp/yt-dlp,0,Feature,yt-dlp__yt-dlp-4524,0.0,0.0,0.0,0.0
0.3,0.75,0.75,36,0.5,0.4,0.6666666666666666,0.6666666666666666,issue_plus_inventory,1.074,3,1,Python,qwen2.5-coder:1.5b,1,5,5,yt-dlp/yt-dlp,0,Feature,yt-dlp__yt-dlp-4524,0.33333333333333337,0.2,1.0,1.0
0.0,0.0,0.0,36,0.0,0.0,0.0,0.0,issue_plus_hints,0.637,3,1,Python,qwen2.5-coder:1.5b,1,2,2,yt-dlp/yt-dlp,0,Feature,yt-dlp__yt-dlp-4524,0.0,0.0,0.0,0.0
0.0,0.0,0.0,212,0.0,0.0,0.0,0.0,issue_only,0.587,1,1,Python,qwen2.5-coder:1.5b,1,2,0,huggingface/transformers,0,Feature,huggingface__transformers-19219,0.0,0.0,0.0,0.0
0.0,0.0,0.0,212,0.0,0.0,0.0,0.0,issue_plus_inventory,1.321,1,1,Python,qwen2.5-coder:1.5b,1,5,5,huggingface/transformers,0,Feature,huggingface__transformers-19219,0.0,0.0,0.0,0.0
0.0,0.0,0.0,212,0.0,0.0,0.0,0.0,issue_plus_hints,1.174,1,1,Python,qwen2.5-coder:1.5b,1,5,5,huggingface/transformers,0,Feature,huggingface__transformers-19219,0.0,0.0,0.0,0.0
0.25,0.5,0.5,212,0.6666666666666666,0.5,1.0,1.0,issue_only,0.74,1,1,Python,qwen2.5-coder:1.5b,1,2,2,huggingface/transformers,0,Feature,huggingface__transformers-19590,0.0,0.0,0.0,0.0
0.6666666666666666,1.0,1.0,212,0.6666666666666666,0.5,1.0,1.0,issue_plus_inventory,1.03,1,1,Python,qwen2.5-coder:1.5b,1,2,1,huggingface/transformers,0,Feature,huggingface__transformers-19590,1.0,1.0,1.0,1.0
0.6666666666666666,1.0,1.0,212,0.6666666666666666,0.5,1.0,1.0,issue_plus_hints,0.696,1,1,Python,qwen2.5-coder:1.5b,1,2,1,huggingface/transformers,0,Feature,huggingface__transformers-19590,1.0,1.0,1.0,1.0
0.25,0.14285714285714285,0.2857142857142857,212,0.28571428571428575,0.5,0.2,0.2,issue_only,0.705,5,2,Python,qwen2.5-coder:1.5b,1,2,2,huggingface/transformers,0,Feature,huggingface__transformers-20136,0.0,0.0,0.0,0.0
0.5,0.2857142857142857,0.42857142857142855,212,0.5714285714285715,1.0,0.4,0.4,issue_plus_inventory,1.085,5,2,Python,qwen2.5-coder:1.5b,1,2,2,huggingface/transformers,0,Feature,huggingface__transformers-20136,0.0,0.0,0.0,0.0
0.25,0.14285714285714285,0.2857142857142857,212,0.28571428571428575,0.5,0.2,0.2,issue_plus_hints,0.857,5,2,Python,qwen2.5-coder:1.5b,1,2,2,huggingface/transformers,0,Feature,huggingface__transformers-20136,0.0,0.0,0.0,0.0
0.25,0.5,1.0,212,0.6666666666666666,0.5,1.0,1.0,issue_only,1.003,1,1,Python,qwen2.5-coder:1.5b,1,2,2,huggingface/transformers,0,Feature,huggingface__transformers-21345,0.0,0.0,0.0,0.0
0.0,0.0,0.0,212,0.0,0.0,0.0,0.0,issue_plus_inventory,1.548,1,1,Python,qwen2.5-coder:1.5b,1,5,5,huggingface/transformers,0,Feature,huggingface__transformers-21345,0.0,0.0,0.0,0.0
0.0,0.0,0.0,212,0.0,0.0,0.0,0.0,issue_plus_hints,1.231,1,1,Python,qwen2.5-coder:1.5b,1,5,5,huggingface/transformers,0,Feature,huggingface__transformers-21345,0.0,0.0,0.0,0.0
0.0,0.0,0.0,212,0.0,0.0,0.0,0.0,issue_only,0.929,1,1,Python,qwen2.5-coder:1.5b,1,1,1,huggingface/transformers,0,Feature,huggingface__transformers-21768,0.0,0.0,0.0,0.0
0.0,0.0,0.0,212,0.0,0.0,0.0,0.0,issue_plus_inventory,1.178,1,1,Python,qwen2.5-coder:1.5b,1,5,5,huggingface/transformers,0,Feature,huggingface__transformers-21768,0.0,0.0,0.0,0.0
0.0,0.0,0.0,212,0.0,0.0,0.0,0.0,issue_plus_hints,1.029,1,1,Python,qwen2.5-coder:1.5b,1,5,5,huggingface/transformers,0,Feature,huggingface__transformers-21768,0.0,0.0,0.0,0.0
0.0,0.0,0.5,212,0.0,0.0,0.0,0.0,issue_only,0.864,1,1,Python,qwen2.5-coder:1.5b,1,2,0,huggingface/transformers,0,Feature,huggingface__transformers-23126,0.0,0.0,0.0,0.0
0.5,0.5,1.0,212,0.6666666666666666,0.5,1.0,1.0,issue_plus_inventory,0.916,1,1,Python,qwen2.5-coder:1.5b,1,2,1,huggingface/transformers,0,Feature,huggingface__transformers-23126,0.0,0.0,0.0,0.0
0.5,0.5,1.0,212,0.6666666666666666,0.5,1.0,1.0,issue_plus_hints,0.693,1,1,Python,qwen2.5-coder:1.5b,1,2,0,huggingface/transformers,0,Feature,huggingface__transformers-23126,0.0,0.0,0.0,0.0
0.0,0.0,0.5,43,0.0,0.0,0.0,0.0,issue_only,0.814,1,1,Python,qwen2.5-coder:1.5b,1,2,2,langchain-ai/langchain,0,Feature,langchain-ai__langchain-5450,0.0,0.0,0.0,0.0
0.5,1.0,1.0,43,0.6666666666666666,0.5,1.0,1.0,issue_plus_inventory,0.869,1,1,Python,qwen2.5-coder:1.5b,1,2,2,langchain-ai/langchain,0,Feature,langchain-ai__langchain-5450,0.0,0.0,0.0,0.0
0.5,1.0,1.0,43,0.6666666666666666,0.5,1.0,1.0,issue_plus_hints,0.791,1,1,Python,qwen2.5-coder:1.5b,1,2,2,langchain-ai/langchain,0,Feature,langchain-ai__langchain-5450,0.0,0.0,0.0,0.0
0.5,0.08333333333333333,0.16666666666666666,212,0.16666666666666669,0.5,0.1,0.1,issue_only,0.59,10,2,Python,qwen2.5-coder:1.5b,1,2,0,huggingface/transformers,0,Feature,huggingface__transformers-24510,0.0,0.0,0.0,0.0
0.0,0.0,0.08333333333333333,212,0.0,0.0,0.0,0.0,issue_plus_inventory,0.841,10,2,Python,qwen2.5-coder:1.5b,1,2,1,huggingface/transformers,0,Feature,huggingface__transformers-24510,0.0,0.0,0.0,0.0
0.0,0.0,0.08333333333333333,212,0.0,0.0,0.0,0.0,issue_plus_hints,0.608,10,2,Python,qwen2.5-coder:1.5b,1,2,1,huggingface/transformers,0,Feature,huggingface__transformers-24510,0.0,0.0,0.0,0.0
0.3333333333333333,0.5,1.0,212,0.6666666666666666,0.5,1.0,1.0,issue_only,0.584,1,1,Python,qwen2.5-coder:1.5b,1,2,1,huggingface/transformers,0,Feature,huggingface__transformers-26386,0.0,0.0,0.0,0.0
0.6666666666666666,1.0,1.0,212,0.6666666666666666,0.5,1.0,1.0,issue_plus_inventory,1.026,1,1,Python,qwen2.5-coder:1.5b,1,2,1,huggingface/transformers,0,Feature,huggingface__transformers-26386,0.0,0.0,0.0,0.0
0.6666666666666666,1.0,1.0,212,0.6666666666666666,0.5,1.0,1.0,issue_plus_hints,0.704,1,1,Python,qwen2.5-coder:1.5b,1,2,1,huggingface/transformers,0,Feature,huggingface__transformers-26386,0.0,0.0,0.0,0.0
1.0,0.3333333333333333,0.3333333333333333,212,0.6666666666666666,1.0,0.5,0.5,issue_only,0.864,2,1,Python,qwen2.5-coder:1.5b,1,1,0,huggingface/transformers,0,Feature,huggingface__transformers-26568,0.0,0.0,0.0,0.0
1.0,1.0,1.0,212,1.0,1.0,1.0,1.0,issue_plus_inventory,1.139,2,1,Python,qwen2.5-coder:1.5b,1,2,1,huggingface/transformers,0,Feature,huggingface__transformers-26568,1.0,1.0,1.0,1.0
1.0,1.0,1.0,212,1.0,1.0,1.0,1.0,issue_plus_hints,0.778,2,1,Python,qwen2.5-coder:1.5b,1,2,1,huggingface/transformers,0,Feature,huggingface__transformers-26568,1.0,1.0,1.0,1.0
0.0,0.0,0.0,89,0.0,0.0,0.0,0.0,issue_only,0.781,5,1,Python,qwen2.5-coder:1.5b,1,2,1,keras-team/keras,0,Feature,keras-team__keras-18649,0.0,0.0,0.0,0.0
0.0,0.0,0.8333333333333334,89,0.0,0.0,0.0,0.0,issue_plus_inventory,1.212,5,1,Python,qwen2.5-coder:1.5b,1,5,5,keras-team/keras,0,Feature,keras-team__keras-18649,0.0,0.0,0.0,0.0
0.3,0.5,0.8333333333333334,89,0.6,0.6,0.6,0.6,issue_plus_hints,0.992,5,1,Python,qwen2.5-coder:1.5b,1,5,5,keras-team/keras,0,Feature,keras-team__keras-18649,0.0,0.0,0.0,0.0
0.25,0.25,0.25,212,0.4,0.5,0.3333333333333333,0.3333333333333333,issue_only,1.018,3,1,Python,qwen2.5-coder:1.5b,1,2,2,huggingface/transformers,0,Feature,huggingface__transformers-27463,0.0,0.0,0.0,0.0
0.6666666666666666,0.5,0.5,212,0.4,0.5,0.3333333333333333,0.3333333333333333,issue_plus_inventory,1.124,3,1,Python,qwen2.5-coder:1.5b,1,2,1,huggingface/transformers,0,Feature,huggingface__transformers-27463,1.0,1.0,1.0,1.0
0.6666666666666666,0.5,0.5,212,0.4,0.5,0.3333333333333333,0.3333333333333333,issue_plus_hints,0.711,3,1,Python,qwen2.5-coder:1.5b,1,2,1,huggingface/transformers,0,Feature,huggingface__transformers-27463,1.0,1.0,1.0,1.0
0.5,0.25,0.5,212,0.4,0.5,0.3333333333333333,0.3333333333333333,issue_only,0.656,3,1,Python,qwen2.5-coder:1.5b,1,2,0,huggingface/transformers,0,Feature,huggingface__transformers-27561,0.0,0.0,0.0,0.0
0.5,0.5,0.5,212,0.4,0.5,0.3333333333333333,0.3333333333333333,issue_plus_inventory,1.103,3,1,Python,qwen2.5-coder:1.5b,1,2,2,huggingface/transformers,0,Feature,huggingface__transformers-27561,0.0,0.0,0.0,0.0
1.0,0.5,0.5,212,0.4,0.5,0.3333333333333333,0.3333333333333333,issue_plus_hints,0.758,3,1,Python,qwen2.5-coder:1.5b,1,2,0,huggingface/transformers,0,Feature,huggingface__transformers-27561,0.0,0.0,0.0,0.0
0.25,0.25,0.25,212,0.4,0.5,0.3333333333333333,0.3333333333333333,issue_only,0.903,3,1,Python,qwen2.5-coder:1.5b,1,2,2,huggingface/transformers,0,Feature,huggingface__transformers-27717,0.0,0.0,0.0,0.0
1.0,0.75,0.75,212,0.8,1.0,0.6666666666666666,0.6666666666666666,issue_plus_inventory,1.331,3,1,Python,qwen2.5-coder:1.5b,1,2,1,huggingface/transformers,0,Feature,huggingface__transformers-27717,1.0,1.0,1.0,1.0
1.0,0.75,0.75,212,0.8,1.0,0.6666666666666666,0.6666666666666666,issue_plus_hints,0.881,3,1,Python,qwen2.5-coder:1.5b,1,2,1,huggingface/transformers,0,Feature,huggingface__transformers-27717,1.0,1.0,1.0,1.0
0.0,0.0,0.14285714285714285,89,0.0,0.0,0.0,0.0,issue_only,0.761,4,3,Python,qwen2.5-coder:1.5b,1,2,2,keras-team/keras,0,Feature,keras-team__keras-18852,0.0,0.0,0.0,0.0
0.0,0.0,0.0,89,0.0,0.0,0.0,0.0,issue_plus_inventory,0.82,4,3,Python,qwen2.5-coder:1.5b,1,2,2,keras-team/keras,0,Feature,keras-team__keras-18852,0.0,0.0,0.0,0.0
0.0,0.0,0.0,89,0.0,0.0,0.0,0.0,issue_plus_hints,0.614,4,3,Python,qwen2.5-coder:1.5b,1,2,2,keras-team/keras,0,Feature,keras-team__keras-18852,0.0,0.0,0.0,0.0
0.0,0.0,0.0,36,0.0,0.0,0.0,0.0,issue_only,0.944,5,2,Python,qwen2.5-coder:1.5b,1,2,2,yt-dlp/yt-dlp,0,Feature,yt-dlp__yt-dlp-8917,0.0,0.0,0.0,0.0
0.25,0.14285714285714285,0.14285714285714285,36,0.28571428571428575,0.5,0.2,0.2,issue_plus_inventory,0.841,5,2,Python,qwen2.5-coder:1.5b,1,2,2,yt-dlp/yt-dlp,0,Feature,yt-dlp__yt-dlp-8917,0.0,0.0,0.0,0.0
0.25,0.14285714285714285,0.14285714285714285,36,0.28571428571428575,0.5,0.2,0.2,issue_plus_hints,0.999,5,2,Python,qwen2.5-coder:1.5b,1,2,2,yt-dlp/yt-dlp,0,Feature,yt-dlp__yt-dlp-8917,0.0,0.0,0.0,0.0
0.5,0.5,1.0,212,0.6666666666666666,0.5,1.0,1.0,issue_only,0.687,1,1,Python,qwen2.5-coder:1.5b,1,2,0,huggingface/transformers,0,Feature,huggingface__transformers-28517,0.0,0.0,0.0,0.0
1.0,1.0,1.0,212,0.6666666666666666,0.5,1.0,1.0,issue_plus_inventory,1.107,1,1,Python,qwen2.5-coder:1.5b,1,2,1,huggingface/transformers,0,Feature,huggingface__transformers-28517,1.0,1.0,1.0,1.0
1.0,1.0,1.0,212,0.6666666666666666,0.5,1.0,1.0,issue_plus_hints,0.653,1,1,Python,qwen2.5-coder:1.5b,1,2,0,huggingface/transformers,0,Feature,huggingface__transformers-28517,0.0,0.0,0.0,0.0
0.0,0.0,0.0,212,0.0,0.0,0.0,0.0,issue_only,0.673,1,1,Python,qwen2.5-coder:1.5b,1,2,2,huggingface/transformers,0,Feature,huggingface__transformers-28940,0.0,0.0,0.0,0.0
0.25,0.5,0.5,212,0.6666666666666666,0.5,1.0,1.0,issue_plus_inventory,0.996,1,1,Python,qwen2.5-coder:1.5b,1,2,2,huggingface/transformers,0,Feature,huggingface__transformers-28940,0.0,0.0,0.0,0.0
0.25,0.5,0.5,212,0.6666666666666666,0.5,1.0,1.0,issue_plus_hints,0.714,1,1,Python,qwen2.5-coder:1.5b,1,2,2,huggingface/transformers,0,Feature,huggingface__transformers-28940,0.0,0.0,0.0,0.0
0.25,0.2,0.4,212,0.4,0.5,0.3333333333333333,0.3333333333333333,issue_only,0.98,3,2,Python,qwen2.5-coder:1.5b,1,2,2,huggingface/transformers,0,Feature,huggingface__transformers-29589,0.0,0.0,0.0,0.0
0.25,0.2,0.2,212,0.4,0.5,0.3333333333333333,0.3333333333333333,issue_plus_inventory,1.123,3,2,Python,qwen2.5-coder:1.5b,1,2,2,huggingface/transformers,0,Feature,huggingface__transformers-29589,0.0,0.0,0.0,0.0
0.25,0.2,0.2,212,0.4,0.5,0.3333333333333333,0.3333333333333333,issue_plus_hints,0.92,3,2,Python,qwen2.5-coder:1.5b,1,2,2,huggingface/transformers,0,Feature,huggingface__transformers-29589,0.0,0.0,0.0,0.0
0.5,0.5,0.5,212,0.6666666666666666,0.5,1.0,1.0,issue_only,0.6,1,1,Python,qwen2.5-coder:1.5b,1,2,0,huggingface/transformers,0,Feature,huggingface__transformers-29688,0.0,0.0,0.0,0.0
0.1,0.5,1.0,212,0.33333333333333337,0.2,1.0,1.0,issue_plus_inventory,1.325,1,1,Python,qwen2.5-coder:1.5b,1,5,5,huggingface/transformers,0,Feature,huggingface__transformers-29688,0.0,0.0,0.0,0.0
0.1,0.5,0.5,212,0.33333333333333337,0.2,1.0,1.0,issue_plus_hints,1.066,1,1,Python,qwen2.5-coder:1.5b,1,5,5,huggingface/transformers,0,Feature,huggingface__transformers-29688,0.0,0.0,0.0,0.0
0.0,0.0,0.5,43,0.0,0.0,0.0,0.0,issue_only,0.758,1,1,Python,qwen2.5-coder:1.5b,1,2,2,langchain-ai/langchain,0,Feature,langchain-ai__langchain-19331,0.0,0.0,0.0,0.0
0.5,1.0,1.0,43,0.6666666666666666,0.5,1.0,1.0,issue_plus_inventory,0.935,1,1,Python,qwen2.5-coder:1.5b,1,2,2,langchain-ai/langchain,0,Feature,langchain-ai__langchain-19331,0.0,0.0,0.0,0.0
0.5,1.0,1.0,43,0.6666666666666666,0.5,1.0,1.0,issue_plus_hints,0.772,1,1,Python,qwen2.5-coder:1.5b,1,2,2,langchain-ai/langchain,0,Feature,langchain-ai__langchain-19331,0.0,0.0,0.0,0.0
0.5,0.5,0.5,212,0.6666666666666666,0.5,1.0,1.0,issue_only,0.531,1,1,Python,qwen2.5-coder:1.5b,1,2,0,huggingface/transformers,0,Feature,huggingface__transformers-29838,0.0,0.0,0.0,0.0
0.25,0.5,1.0,212,0.6666666666666666,0.5,1.0,1.0,issue_plus_inventory,0.743,1,1,Python,qwen2.5-coder:1.5b,1,2,2,huggingface/transformers,0,Feature,huggingface__transformers-29838,0.0,0.0,0.0,0.0
0.25,0.5,1.0,212,0.6666666666666666,0.5,1.0,1.0,issue_plus_hints,0.57,1,1,Python,qwen2.5-coder:1.5b,1,2,2,huggingface/transformers,0,Feature,huggingface__transformers-29838,0.0,0.0,0.0,0.0
0.25,0.3333333333333333,0.3333333333333333,212,0.5,0.5,0.5,0.5,issue_only,0.895,2,1,Python,qwen2.5-coder:1.5b,1,2,2,huggingface/transformers,0,Feature,huggingface__transformers-31095,0.0,0.0,0.0,0.0
1.0,1.0,1.0,212,1.0,1.0,1.0,1.0,issue_plus_inventory,1.003,2,1,Python,qwen2.5-coder:1.5b,1,2,1,huggingface/transformers,0,Feature,huggingface__transformers-31095,1.0,1.0,1.0,1.0
1.0,1.0,1.0,212,1.0,1.0,1.0,1.0,issue_plus_hints,0.74,2,1,Python,qwen2.5-coder:1.5b,1,2,1,huggingface/transformers,0,Feature,huggingface__transformers-31095,1.0,1.0,1.0,1.0
0.0,0.0,0.0,212,0.0,0.0,0.0,0.0,issue_only,0.639,3,1,Python,qwen2.5-coder:1.5b,1,2,2,huggingface/transformers,0,Feature,huggingface__transformers-31247,0.0,0.0,0.0,0.0
0.25,0.25,0.5,212,0.4,0.5,0.3333333333333333,0.3333333333333333,issue_plus_inventory,0.838,3,1,Python,qwen2.5-coder:1.5b,1,2,2,huggingface/transformers,0,Feature,huggingface__transformers-31247,0.0,0.0,0.0,0.0
0.25,0.25,0.5,212,0.4,0.5,0.3333333333333333,0.3333333333333333,issue_plus_hints,0.606,3,1,Python,qwen2.5-coder:1.5b,1,2,2,huggingface/transformers,0,Feature,huggingface__transformers-31247,0.0,0.0,0.0,0.0
0.0,0.0,0.0,89,0.0,0.0,0.0,0.0,issue_only,0.939,7,1,Python,qwen2.5-coder:1.5b,1,2,2,keras-team/keras,0,Feature,keras-team__keras-19903,0.0,0.0,0.0,0.0
0.2,0.25,0.875,89,0.3333333333333333,0.4,0.2857142857142857,0.2857142857142857,issue_plus_inventory,1.312,7,1,Python,qwen2.5-coder:1.5b,1,5,5,keras-team/keras,0,Feature,keras-team__keras-19903,0.0,0.0,0.0,0.0
0.2,0.25,0.875,89,0.16666666666666666,0.2,0.14285714285714285,0.14285714285714285,issue_plus_hints,1.078,7,1,Python,qwen2.5-coder:1.5b,1,5,5,keras-team/keras,0,Feature,keras-team__keras-19903,0.0,0.0,0.0,0.0
0.0,0.0,0.0,28,0.0,0.0,0.0,0.0,issue_only,0.861,2,3,TypeScript,qwen2.5-coder:1.5b,1,2,2,tailwindlabs/tailwindcss,0,Feature,tailwindlabs__tailwindcss-88,0.0,0.0,0.0,0.0
0.2,0.4,0.4,28,0.0,0.0,0.0,0.0,issue_plus_inventory,2.013,2,3,TypeScript,qwen2.5-coder:1.5b,1,25,5,tailwindlabs/tailwindcss,0,Feature,tailwindlabs__tailwindcss-88,0.25,0.2,0.3333333333333333,0.3333333333333333
0.2,0.4,0.4,28,0.0,0.0,0.0,0.0,issue_plus_hints,0.983,2,3,TypeScript,qwen2.5-coder:1.5b,1,5,5,tailwindlabs/tailwindcss,0,Feature,tailwindlabs__tailwindcss-88,0.0,0.0,0.0,0.0
0.0,0.0,0.0,28,0.0,0.0,0.0,0.0,issue_only,0.768,1,1,TypeScript,qwen2.5-coder:1.5b,1,2,2,tailwindlabs/tailwindcss,0,Feature,tailwindlabs__tailwindcss-165,0.0,0.0,0.0,0.0
0.0,0.0,0.0,28,0.0,0.0,0.0,0.0,issue_plus_inventory,0.914,1,1,TypeScript,qwen2.5-coder:1.5b,1,5,5,tailwindlabs/tailwindcss,0,Feature,tailwindlabs__tailwindcss-165,0.0,0.0,0.0,0.0
0.0,0.0,0.0,28,0.0,0.0,0.0,0.0,issue_plus_hints,0.85,1,1,TypeScript,qwen2.5-coder:1.5b,1,5,5,tailwindlabs/tailwindcss,0,Feature,tailwindlabs__tailwindcss-165,0.0,0.0,0.0,0.0
0.0,0.0,0.0,28,0.0,0.0,0.0,0.0,issue_only,0.7,1,1,TypeScript,qwen2.5-coder:1.5b,1,2,2,tailwindlabs/tailwindcss,0,Feature,tailwindlabs__tailwindcss-236,0.0,0.0,0.0,0.0
0.1,0.5,0.5,28,0.0,0.0,0.0,0.0,issue_plus_inventory,1.079,1,1,TypeScript,qwen2.5-coder:1.5b,1,5,6,tailwindlabs/tailwindcss,0,Feature,tailwindlabs__tailwindcss-236,0.0,0.0,0.0,0.0
0.1,0.5,0.5,28,0.0,0.0,0.0,0.0,issue_plus_hints,1.056,1,1,TypeScript,qwen2.5-coder:1.5b,1,5,6,tailwindlabs/tailwindcss,0,Feature,tailwindlabs__tailwindcss-236,0.0,0.0,0.0,0.0
0.0,0.0,0.0,28,0.0,0.0,0.0,0.0,issue_only,0.69,1,1,TypeScript,qwen2.5-coder:1.5b,1,2,2,tailwindlabs/tailwindcss,0,Feature,tailwindlabs__tailwindcss-417,0.0,0.0,0.0,0.0
0.16666666666666666,0.5,0.5,28,0.0,0.0,0.0,0.0,issue_plus_inventory,0.687,1,1,TypeScript,qwen2.5-coder:1.5b,1,3,3,tailwindlabs/tailwindcss,0,Feature,tailwindlabs__tailwindcss-417,0.0,0.0,0.0,0.0
0.16666666666666666,0.5,0.5,28,0.0,0.0,0.0,0.0,issue_plus_hints,0.833,1,1,TypeScript,qwen2.5-coder:1.5b,1,3,3,tailwindlabs/tailwindcss,0,Feature,tailwindlabs__tailwindcss-417,0.0,0.0,0.0,0.0
0.0,0.0,0.0,28,0.0,0.0,0.0,0.0,issue_only,0.697,1,1,TypeScript,qwen2.5-coder:1.5b,1,2,2,tailwindlabs/tailwindcss,0,Feature,tailwindlabs__tailwindcss-445,0.0,0.0,0.0,0.0
0.14285714285714285,0.5,0.5,28,0.0,0.0,0.0,0.0,issue_plus_inventory,0.785,1,1,TypeScript,qwen2.5-coder:1.5b,1,5,2,tailwindlabs/tailwindcss,0,Feature,tailwindlabs__tailwindcss-445,0.6666666666666666,0.5,1.0,1.0
0.125,0.5,0.5,28,0.6666666666666666,0.5,1.0,1.0,issue_plus_hints,0.973,1,1,TypeScript,qwen2.5-coder:1.5b,1,2,6,tailwindlabs/tailwindcss,0,Feature,tailwindlabs__tailwindcss-445,0.0,0.0,0.0,0.0
0.0,0.0,0.0,28,0.0,0.0,0.0,0.0,issue_only,0.676,2,1,TypeScript,qwen2.5-coder:1.5b,1,2,2,tailwindlabs/tailwindcss,0,Feature,tailwindlabs__tailwindcss-463,0.0,0.0,0.0,0.0
0.125,0.3333333333333333,0.3333333333333333,28,0.0,0.0,0.0,0.0,issue_plus_inventory,1.021,2,1,TypeScript,qwen2.5-coder:1.5b,1,2,6,tailwindlabs/tailwindcss,0,Feature,tailwindlabs__tailwindcss-463,0.33333333333333337,0.2,1.0,1.0
1.0,0.6666666666666666,0.6666666666666666,28,0.5,0.5,0.5,0.5,issue_plus_hints,0.737,2,1,TypeScript,qwen2.5-coder:1.5b,1,2,0,tailwindlabs/tailwindcss,0,Feature,tailwindlabs__tailwindcss-463,0.0,0.0,0.0,0.0
0.0,0.0,0.25,407,0.0,0.0,0.0,0.0,issue_only,0.842,3,1,TypeScript,qwen2.5-coder:1.5b,1,2,2,mui/material-ui,0,Feature,mui__material-ui-11446,0.0,0.0,0.0,0.0
0.5,0.5,0.5,407,0.4,0.5,0.3333333333333333,0.3333333333333333,issue_plus_inventory,1.136,3,1,TypeScript,qwen2.5-coder:1.5b,1,2,2,mui/material-ui,0,Feature,mui__material-ui-11446,0.6666666666666666,0.5,1.0,1.0
0.5,0.5,0.5,407,0.4,0.5,0.3333333333333333,0.3333333333333333,issue_plus_hints,0.958,3,1,TypeScript,qwen2.5-coder:1.5b,1,2,2,mui/material-ui,0,Feature,mui__material-ui-11446,0.6666666666666666,0.5,1.0,1.0
0.25,0.5,0.5,28,0.6666666666666666,0.5,1.0,1.0,issue_only,0.713,1,1,TypeScript,qwen2.5-coder:1.5b,1,2,2,tailwindlabs/tailwindcss,0,Feature,tailwindlabs__tailwindcss-553,0.0,0.0,0.0,0.0
0.1,0.5,0.5,28,0.0,0.0,0.0,0.0,issue_plus_inventory,0.965,1,1,TypeScript,qwen2.5-coder:1.5b,1,5,6,tailwindlabs/tailwindcss,0,Feature,tailwindlabs__tailwindcss-553,0.0,0.0,0.0,0.0
0.1,0.5,0.5,28,0.0,0.0,0.0,0.0,issue_plus_hints,1.082,1,1,TypeScript,qwen2.5-coder:1.5b,1,5,6,tailwindlabs/tailwindcss,0,Feature,tailwindlabs__tailwindcss-553,0.0,0.0,0.0,0.0
0.0,0.0,0.25,407,0.0,0.0,0.0,0.0,issue_only,0.773,3,1,TypeScript,qwen2.5-coder:1.5b,1,2,1,mui/material-ui,0,Feature,mui__material-ui-13828,0.0,0.0,0.0,0.0
0.0,0.0,0.0,407,0.0,0.0,0.0,0.0,issue_plus_inventory,1.293,3,1,TypeScript,qwen2.5-coder:1.5b,1,5,5,mui/material-ui,0,Feature,mui__material-ui-13828,0.0,0.0,0.0,0.0
0.0,0.0,0.0,407,0.0,0.0,0.0,0.0,issue_plus_hints,1.148,3,1,TypeScript,qwen2.5-coder:1.5b,1,5,5,mui/material-ui,0,Feature,mui__material-ui-13828,0.0,0.0,0.0,0.0
0.0,0.0,0.0,407,0.0,0.0,0.0,0.0,issue_only,0.662,5,2,TypeScript,qwen2.5-coder:1.5b,1,2,0,mui/material-ui,0,Feature,mui__material-ui-13899,0.0,0.0,0.0,0.0
0.0,0.0,0.0,407,0.0,0.0,0.0,0.0,issue_plus_inventory,1.02,5,2,TypeScript,qwen2.5-coder:1.5b,1,2,2,mui/material-ui,0,Feature,mui__material-ui-13899,0.0,0.0,0.0,0.0
0.0,0.0,0.14285714285714285,407,0.0,0.0,0.0,0.0,issue_plus_hints,0.9,5,2,TypeScript,qwen2.5-coder:1.5b,1,3,3,mui/material-ui,0,Feature,mui__material-ui-13899,0.0,0.0,0.0,0.0
0.0,0.0,0.0,407,0.0,0.0,0.0,0.0,issue_only,0.787,10,3,TypeScript,qwen2.5-coder:1.5b,1,2,2,mui/material-ui,0,Feature,mui__material-ui-14465,0.0,0.0,0.0,0.0
0.0,0.0,0.0,407,0.0,0.0,0.0,0.0,issue_plus_inventory,1.492,10,3,TypeScript,qwen2.5-coder:1.5b,1,5,5,mui/material-ui,0,Feature,mui__material-ui-14465,0.0,0.0,0.0,0.0
0.0,0.0,0.0,407,0.0,0.0,0.0,0.0,issue_plus_hints,1.103,10,3,TypeScript,qwen2.5-coder:1.5b,1,5,5,mui/material-ui,0,Feature,mui__material-ui-14465,0.0,0.0,0.0,0.0
0.0,0.0,0.0,28,0.0,0.0,0.0,0.0,issue_only,0.671,1,1,TypeScript,qwen2.5-coder:1.5b,1,2,2,tailwindlabs/tailwindcss,0,Feature,tailwindlabs__tailwindcss-849,0.0,0.0,0.0,0.0
0.2222222222222222,1.0,1.0,28,0.4,0.25,1.0,1.0,issue_plus_inventory,0.847,1,1,TypeScript,qwen2.5-coder:1.5b,1,4,5,tailwindlabs/tailwindcss,0,Feature,tailwindlabs__tailwindcss-849,0.0,0.0,0.0,0.0
0.2222222222222222,1.0,1.0,28,0.4,0.25,1.0,1.0,issue_plus_hints,0.787,1,1,TypeScript,qwen2.5-coder:1.5b,1,4,5,tailwindlabs/tailwindcss,0,Feature,tailwindlabs__tailwindcss-849,0.0,0.0,0.0,0.0
0.0,0.0,0.0,407,0.0,0.0,0.0,0.0,issue_only,0.666,3,1,TypeScript,qwen2.5-coder:1.5b,1,2,0,mui/material-ui,0,Feature,mui__material-ui-15495,0.0,0.0,0.0,0.0
0.0,0.0,0.0,407,0.0,0.0,0.0,0.0,issue_plus_inventory,1.01,3,1,TypeScript,qwen2.5-coder:1.5b,1,2,2,mui/material-ui,0,Feature,mui__material-ui-15495,0.0,0.0,0.0,0.0
0.0,0.0,0.0,407,0.0,0.0,0.0,0.0,issue_plus_hints,0.811,3,1,TypeScript,qwen2.5-coder:1.5b,1,2,2,mui/material-ui,0,Feature,mui__material-ui-15495,0.0,0.0,0.0,0.0
0.0,0.0,1.0,407,0.0,0.0,0.0,0.0,issue_only,0.641,1,1,TypeScript,qwen2.5-coder:1.5b,1,2,2,mui/material-ui,0,Feature,mui__material-ui-17005,0.0,0.0,0.0,0.0
0.2,1.0,1.0,407,0.33333333333333337,0.2,1.0,1.0,issue_plus_inventory,1.534,1,1,TypeScript,qwen2.5-coder:1.5b,1,5,5,mui/material-ui,0,Feature,mui__material-ui-17005,0.0,0.0,0.0,0.0
0.25,0.5,0.5,407,0.6666666666666666,0.5,1.0,1.0,issue_plus_hints,0.744,1,1,TypeScript,qwen2.5-coder:1.5b,1,2,2,mui/material-ui,0,Feature,mui__material-ui-17005,0.0,0.0,0.0,0.0
0.0,0.0,0.6,407,0.0,0.0,0.0,0.0,issue_only,0.7,3,2,TypeScript,qwen2.5-coder:1.5b,1,2,2,mui/material-ui,0,Feature,mui__material-ui-17640,0.0,0.0,0.0,0.0
1.0,0.4,0.4,407,0.4,0.5,0.3333333333333333,0.3333333333333333,issue_plus_inventory,0.865,3,2,TypeScript,qwen2.5-coder:1.5b,1,2,1,mui/material-ui,0,Feature,mui__material-ui-17640,0.6666666666666666,1.0,0.5,0.5
1.0,0.4,0.4,407,0.4,0.5,0.3333333333333333,0.3333333333333333,issue_plus_hints,0.719,3,2,TypeScript,qwen2.5-coder:1.5b,1,2,0,mui/material-ui,0,Feature,mui__material-ui-17640,0.0,0.0,0.0,0.0
0.0,0.0,0.2222222222222222,407,0.0,0.0,0.0,0.0,issue_only,0.774,5,4,TypeScript,qwen2.5-coder:1.5b,1,2,1,mui/material-ui,0,Feature,mui__material-ui-17691,0.0,0.0,0.0,0.0
0.6666666666666666,0.2222222222222222,0.2222222222222222,407,0.28571428571428575,0.5,0.2,0.2,issue_plus_inventory,0.974,5,4,TypeScript,qwen2.5-coder:1.5b,1,2,1,mui/material-ui,0,Feature,mui__material-ui-17691,0.0,0.0,0.0,0.0
0.6666666666666666,0.2222222222222222,0.2222222222222222,407,0.28571428571428575,0.5,0.2,0.2,issue_plus_hints,0.764,5,4,TypeScript,qwen2.5-coder:1.5b,1,2,1,mui/material-ui,0,Feature,mui__material-ui-17691,0.0,0.0,0.0,0.0
0.0,0.0,0.3333333333333333,407,0.0,0.0,0.0,0.0,issue_only,0.59,2,1,TypeScript,qwen2.5-coder:1.5b,1,2,0,mui/material-ui,0,Feature,mui__material-ui-17829,0.0,0.0,0.0,0.0
0.4,0.6666666666666666,0.6666666666666666,407,0.28571428571428575,0.2,0.5,0.5,issue_plus_inventory,1.108,2,1,TypeScript,qwen2.5-coder:1.5b,1,5,2,mui/material-ui,0,Feature,mui__material-ui-17829,0.6666666666666666,0.5,1.0,1.0
0.4,0.6666666666666666,0.6666666666666666,407,0.28571428571428575,0.2,0.5,0.5,issue_plus_hints,0.813,2,1,TypeScript,qwen2.5-coder:1.5b,1,5,2,mui/material-ui,0,Feature,mui__material-ui-17829,0.6666666666666666,0.5,1.0,1.0
0.0,0.0,0.14285714285714285,407,0.0,0.0,0.0,0.0,issue_only,0.633,6,1,TypeScript,qwen2.5-coder:1.5b,1,2,2,mui/material-ui,0,Feature,mui__material-ui-18744,0.0,0.0,0.0,0.0
0.25,0.14285714285714285,0.14285714285714285,407,0.25,0.5,0.16666666666666666,0.16666666666666666,issue_plus_inventory,1.098,6,1,TypeScript,qwen2.5-coder:1.5b,1,2,2,mui/material-ui,0,Feature,mui__material-ui-18744,0.0,0.0,0.0,0.0
0.25,0.14285714285714285,0.14285714285714285,407,0.25,0.5,0.16666666666666666,0.16666666666666666,issue_plus_hints,0.784,6,1,TypeScript,qwen2.5-coder:1.5b,1,2,2,mui/material-ui,0,Feature,mui__material-ui-18744,0.0,0.0,0.0,0.0
0.0,0.0,0.18181818181818182,407,0.0,0.0,0.0,0.0,issue_only,0.67,9,2,TypeScript,qwen2.5-coder:1.5b,1,2,1,mui/material-ui,0,Feature,mui__material-ui-20133,0.0,0.0,0.0,0.0
0.0,0.0,0.2727272727272727,407,0.0,0.0,0.0,0.0,issue_plus_inventory,0.94,9,2,TypeScript,qwen2.5-coder:1.5b,1,2,1,mui/material-ui,0,Feature,mui__material-ui-20133,0.0,0.0,0.0,0.0
0.0,0.0,0.2727272727272727,407,0.0,0.0,0.0,0.0,issue_plus_hints,0.633,9,2,TypeScript,qwen2.5-coder:1.5b,1,2,1,mui/material-ui,0,Feature,mui__material-ui-20133,0.0,0.0,0.0,0.0
0.0,0.0,0.25,407,0.0,0.0,0.0,0.0,issue_only,0.805,3,1,TypeScript,qwen2.5-coder:1.5b,1,2,2,mui/material-ui,0,Feature,mui__material-ui-20781,0.0,0.0,0.0,0.0
0.5,0.5,0.5,407,0.4,0.5,0.3333333333333333,0.3333333333333333,issue_plus_inventory,1.021,3,1,TypeScript,qwen2.5-coder:1.5b,1,2,2,mui/material-ui,0,Feature,mui__material-ui-20781,0.6666666666666666,0.5,1.0,1.0
0.5,0.5,0.5,407,0.4,0.5,0.3333333333333333,0.3333333333333333,issue_plus_hints,0.778,3,1,TypeScript,qwen2.5-coder:1.5b,1,2,2,mui/material-ui,0,Feature,mui__material-ui-20781,0.6666666666666666,0.5,1.0,1.0
0.25,0.16666666666666666,0.3333333333333333,407,0.3333333333333333,0.5,0.25,0.25,issue_only,0.88,4,2,TypeScript,qwen2.5-coder:1.5b,1,2,2,mui/material-ui,0,Feature,mui__material-ui-21192,0.0,0.0,0.0,0.0
0.5,0.3333333333333333,0.3333333333333333,407,0.3333333333333333,0.5,0.25,0.25,issue_plus_inventory,0.983,4,2,TypeScript,qwen2.5-coder:1.5b,1,2,2,mui/material-ui,0,Feature,mui__material-ui-21192,0.5,0.5,0.5,0.5
0.25,0.16666666666666666,0.16666666666666666,407,0.0,0.0,0.0,0.0,issue_plus_hints,0.759,4,2,TypeScript,qwen2.5-coder:1.5b,1,2,2,mui/material-ui,0,Feature,mui__material-ui-21192,0.5,0.5,0.5,0.5
0.0,0.0,0.0,407,0.0,0.0,0.0,0.0,issue_only,0.86,3,4,TypeScript,qwen2.5-coder:1.5b,1,2,2,mui/material-ui,0,Feature,mui__material-ui-23364,0.0,0.0,0.0,0.0
0.0,0.0,0.0,407,0.0,0.0,0.0,0.0,issue_plus_inventory,0.924,3,4,TypeScript,qwen2.5-coder:1.5b,1,2,2,mui/material-ui,0,Feature,mui__material-ui-23364,0.0,0.0,0.0,0.0
0.0,0.0,0.0,407,0.0,0.0,0.0,0.0,issue_plus_hints,0.931,3,4,TypeScript,qwen2.5-coder:1.5b,1,2,2,mui/material-ui,0,Feature,mui__material-ui-23364,0.0,0.0,0.0,0.0
0.0,0.0,0.0,133,0.0,0.0,0.0,0.0,issue_only,0.625,1,1,TypeScript,qwen2.5-coder:1.5b,1,2,0,microsoft/vscode,0,Feature,microsoft__vscode-114208,0.0,0.0,0.0,0.0
0.1,0.5,0.5,133,0.33333333333333337,0.2,1.0,1.0,issue_plus_inventory,1.429,1,1,TypeScript,qwen2.5-coder:1.5b,1,5,5,microsoft/vscode,0,Feature,microsoft__vscode-114208,0.0,0.0,0.0,0.0
0.25,0.5,0.5,133,0.6666666666666666,0.5,1.0,1.0,issue_plus_hints,0.743,1,1,TypeScript,qwen2.5-coder:1.5b,1,2,2,microsoft/vscode,0,Feature,microsoft__vscode-114208,0.0,0.0,0.0,0.0
0.0,0.0,0.0,407,0.0,0.0,0.0,0.0,issue_only,0.718,6,5,TypeScript,qwen2.5-coder:1.5b,1,2,1,mui/material-ui,0,Feature,mui__material-ui-26746,0.0,0.0,0.0,0.0
0.2,0.18181818181818182,0.18181818181818182,407,0.0,0.0,0.0,0.0,issue_plus_inventory,1.251,6,5,TypeScript,qwen2.5-coder:1.5b,1,5,5,mui/material-ui,0,Feature,mui__material-ui-26746,0.20000000000000004,0.2,0.2,0.2
0.2,0.18181818181818182,0.2727272727272727,407,0.0,0.0,0.0,0.0,issue_plus_hints,1.257,6,5,TypeScript,qwen2.5-coder:1.5b,1,5,5,mui/material-ui,0,Feature,mui__material-ui-26746,0.20000000000000004,0.2,0.2,0.2
0.0,0.0,0.0,133,0.0,0.0,0.0,0.0,issue_only,0.63,2,1,TypeScript,qwen2.5-coder:1.5b,1,2,0,microsoft/vscode,0,Feature,microsoft__vscode-127257,0.0,0.0,0.0,0.0
0.0,0.0,0.0,133,0.0,0.0,0.0,0.0,issue_plus_inventory,1.126,2,1,TypeScript,qwen2.5-coder:1.5b,1,2,2,microsoft/vscode,0,Feature,microsoft__vscode-127257,0.0,0.0,0.0,0.0
0.0,0.0,0.0,133,0.0,0.0,0.0,0.0,issue_plus_hints,0.781,2,1,TypeScript,qwen2.5-coder:1.5b,1,2,2,microsoft/vscode,0,Feature,microsoft__vscode-127257,0.0,0.0,0.0,0.0
0.0,0.0,0.0,133,0.0,0.0,0.0,0.0,issue_only,0.896,2,1,TypeScript,qwen2.5-coder:1.5b,1,2,2,microsoft/vscode,0,Feature,microsoft__vscode-128931,0.0,0.0,0.0,0.0
0.5,0.6666666666666666,0.6666666666666666,133,0.5,0.5,0.5,0.5,issue_plus_inventory,1.261,2,1,TypeScript,qwen2.5-coder:1.5b,1,2,2,microsoft/vscode,0,Feature,microsoft__vscode-128931,0.0,0.0,0.0,0.0
0.5,0.6666666666666666,0.6666666666666666,133,0.5,0.5,0.5,0.5,issue_plus_hints,0.881,2,1,TypeScript,qwen2.5-coder:1.5b,1,2,2,microsoft/vscode,0,Feature,microsoft__vscode-128931,0.0,0.0,0.0,0.0
0.0,0.0,0.0,407,0.0,0.0,0.0,0.0,issue_only,0.791,3,1,TypeScript,qwen2.5-coder:1.5b,1,2,2,mui/material-ui,0,Feature,mui__material-ui-28813,0.0,0.0,0.0,0.0
0.1,0.25,0.5,407,0.25,0.2,0.3333333333333333,0.3333333333333333,issue_plus_inventory,1.333,3,1,TypeScript,qwen2.5-coder:1.5b,1,5,5,mui/material-ui,0,Feature,mui__material-ui-28813,0.0,0.0,0.0,0.0
0.25,0.25,0.25,407,0.0,0.0,0.0,0.0,issue_plus_hints,0.808,3,1,TypeScript,qwen2.5-coder:1.5b,1,2,2,mui/material-ui,0,Feature,mui__material-ui-28813,0.0,0.0,0.0,0.0
0.0,0.0,0.0,27,0.0,0.0,0.0,0.0,issue_only,0.524,7,1,TypeScript,qwen2.5-coder:1.5b,1,2,2,coder/code-server,0,Feature,coder__code-server-4597,0.0,0.0,0.0,0.0
0.0,0.0,0.0,27,0.0,0.0,0.0,0.0,issue_plus_inventory,1.109,7,1,TypeScript,qwen2.5-coder:1.5b,1,5,5,coder/code-server,0,Feature,coder__code-server-4597,0.0,0.0,0.0,0.0
0.0,0.0,0.0,27,0.0,0.0,0.0,0.0,issue_plus_hints,0.982,7,1,TypeScript,qwen2.5-coder:1.5b,1,5,5,coder/code-server,0,Feature,coder__code-server-4597,0.0,0.0,0.0,0.0
0.0,0.0,0.0,27,0.0,0.0,0.0,0.0,issue_only,0.519,12,4,TypeScript,qwen2.5-coder:1.5b,1,2,2,coder/code-server,0,Feature,coder__code-server-4678,0.0,0.0,0.0,0.0
0.2857142857142857,0.125,0.125,27,0.0,0.0,0.0,0.0,issue_plus_inventory,1.135,12,4,TypeScript,qwen2.5-coder:1.5b,1,5,5,coder/code-server,0,Feature,coder__code-server-4678,0.4444444444444445,0.4,0.5,0.5
0.2857142857142857,0.125,0.125,27,0.0,0.0,0.0,0.0,issue_plus_hints,1.109,12,4,TypeScript,qwen2.5-coder:1.5b,1,5,5,coder/code-server,0,Feature,coder__code-server-4678,0.4444444444444445,0.4,0.5,0.5
0.0,0.0,0.0,27,0.0,0.0,0.0,0.0,issue_only,0.567,2,2,TypeScript,qwen2.5-coder:1.5b,1,2,2,coder/code-server,0,Feature,coder__code-server-4923,0.0,0.0,0.0,0.0
0.4,1.0,1.0,27,0.5714285714285715,0.4,1.0,1.0,issue_plus_inventory,0.87,2,2,TypeScript,qwen2.5-coder:1.5b,1,5,5,coder/code-server,0,Feature,coder__code-server-4923,0.5714285714285715,0.4,1.0,1.0
0.4,1.0,1.0,27,0.5714285714285715,0.4,1.0,1.0,issue_plus_hints,0.886,2,2,TypeScript,qwen2.5-coder:1.5b,1,5,5,coder/code-server,0,Feature,coder__code-server-4923,0.5714285714285715,0.4,1.0,1.0
0.0,0.0,0.0,133,0.0,0.0,0.0,0.0,issue_only,0.655,8,3,TypeScript,qwen2.5-coder:1.5b,1,2,0,microsoft/vscode,0,Feature,microsoft__vscode-146962,0.0,0.0,0.0,0.0
0.0,0.0,0.0,133,0.0,0.0,0.0,0.0,issue_plus_inventory,0.977,8,3,TypeScript,qwen2.5-coder:1.5b,1,2,2,microsoft/vscode,0,Feature,microsoft__vscode-146962,0.0,0.0,0.0,0.0
0.25,0.09090909090909091,0.09090909090909091,133,0.0,0.0,0.0,0.0,issue_plus_hints,0.896,8,3,TypeScript,qwen2.5-coder:1.5b,1,2,2,microsoft/vscode,0,Feature,microsoft__vscode-146962,0.4,0.5,0.3333333333333333,0.3333333333333333
0.25,0.2,0.2,133,0.3333333333333333,0.5,0.25,0.25,issue_only,0.785,4,1,TypeScript,qwen2.5-coder:1.5b,1,2,2,microsoft/vscode,0,Feature,microsoft__vscode-152802,0.0,0.0,0.0,0.0
0.42857142857142855,0.6,0.6,133,0.8571428571428571,1.0,0.75,0.75,issue_plus_inventory,1.447,4,1,TypeScript,qwen2.5-coder:1.5b,1,3,4,microsoft/vscode,0,Feature,microsoft__vscode-152802,0.0,0.0,0.0,0.0
0.42857142857142855,0.6,0.6,133,0.8571428571428571,1.0,0.75,0.75,issue_plus_hints,1.062,4,1,TypeScript,qwen2.5-coder:1.5b,1,3,4,microsoft/vscode,0,Feature,microsoft__vscode-152802,0.0,0.0,0.0,0.0
0.0,0.0,0.1,407,0.0,0.0,0.0,0.0,issue_only,1.141,9,1,TypeScript,qwen2.5-coder:1.5b,1,2,2,mui/material-ui,0,Feature,mui__material-ui-33312,0.0,0.0,0.0,0.0
0.0,0.0,0.2,407,0.0,0.0,0.0,0.0,issue_plus_inventory,1.035,9,1,TypeScript,qwen2.5-coder:1.5b,1,2,1,mui/material-ui,0,Feature,mui__material-ui-33312,0.0,0.0,0.0,0.0
0.0,0.0,0.2,407,0.0,0.0,0.0,0.0,issue_plus_hints,0.712,9,1,TypeScript,qwen2.5-coder:1.5b,1,2,1,mui/material-ui,0,Feature,mui__material-ui-33312,0.0,0.0,0.0,0.0
0.0,0.0,0.0,133,0.0,0.0,0.0,0.0,issue_only,0.803,2,1,TypeScript,qwen2.5-coder:1.5b,1,2,1,microsoft/vscode,0,Feature,microsoft__vscode-155261,0.0,0.0,0.0,0.0
0.0,0.0,0.0,133,0.0,0.0,0.0,0.0,issue_plus_inventory,1.466,2,1,TypeScript,qwen2.5-coder:1.5b,1,5,5,microsoft/vscode,0,Feature,microsoft__vscode-155261,0.0,0.0,0.0,0.0
0.1,0.3333333333333333,0.3333333333333333,133,0.0,0.0,0.0,0.0,issue_plus_hints,1.221,2,1,TypeScript,qwen2.5-coder:1.5b,1,5,5,microsoft/vscode,0,Feature,microsoft__vscode-155261,0.33333333333333337,0.2,1.0,1.0
0.0,0.0,0.0,133,0.0,0.0,0.0,0.0,issue_only,0.661,6,1,TypeScript,qwen2.5-coder:1.5b,1,2,2,microsoft/vscode,0,Feature,microsoft__vscode-156733,0.0,0.0,0.0,0.0
0.5,0.7142857142857143,0.7142857142857143,133,0.5454545454545454,0.6,0.5,0.5,issue_plus_inventory,1.669,6,1,TypeScript,qwen2.5-coder:1.5b,1,5,5,microsoft/vscode,0,Feature,microsoft__vscode-156733,0.33333333333333337,0.2,1.0,1.0
0.5,0.7142857142857143,0.7142857142857143,133,0.5454545454545454,0.6,0.5,0.5,issue_plus_hints,1.367,6,1,TypeScript,qwen2.5-coder:1.5b,1,5,5,microsoft/vscode,0,Feature,microsoft__vscode-156733,0.33333333333333337,0.2,1.0,1.0
0.0,0.0,0.25,407,0.0,0.0,0.0,0.0,issue_only,0.93,10,2,TypeScript,qwen2.5-coder:1.5b,1,2,2,mui/material-ui,0,Feature,mui__material-ui-34138,0.0,0.0,0.0,0.0
0.5714285714285714,0.3333333333333333,0.3333333333333333,407,0.30769230769230765,0.6666666666666666,0.2,0.2,issue_plus_inventory,1.3,10,2,TypeScript,qwen2.5-coder:1.5b,1,3,4,mui/material-ui,0,Feature,mui__material-ui-34138,0.0,0.0,0.0,0.0
0.6,0.25,0.25,407,0.15384615384615383,0.3333333333333333,0.1,0.1,issue_plus_hints,0.778,10,2,TypeScript,qwen2.5-coder:1.5b,1,3,2,mui/material-ui,0,Feature,mui__material-ui-34138,0.5,0.5,0.5,0.5
0.0,0.0,0.08,407,0.0,0.0,0.0,0.0,issue_only,0.897,20,5,TypeScript,qwen2.5-coder:1.5b,1,2,2,mui/material-ui,0,Feature,mui__material-ui-34158,0.0,0.0,0.0,0.0
0.0,0.0,0.0,407,0.0,0.0,0.0,0.0,issue_plus_inventory,1.289,20,5,TypeScript,qwen2.5-coder:1.5b,1,5,3,mui/material-ui,0,Feature,mui__material-ui-34158,0.0,0.0,0.0,0.0
0.0,0.0,0.0,407,0.0,0.0,0.0,0.0,issue_plus_hints,0.702,20,5,TypeScript,qwen2.5-coder:1.5b,1,2,2,mui/material-ui,0,Feature,mui__material-ui-34158,0.0,0.0,0.0,0.0
0.0,0.0,0.08333333333333333,407,0.0,0.0,0.0,0.0,issue_only,0.708,11,1,TypeScript,qwen2.5-coder:1.5b,1,2,1,mui/material-ui,0,Feature,mui__material-ui-34207,0.0,0.0,0.0,0.0
0.0,0.0,0.16666666666666666,407,0.0,0.0,0.0,0.0,issue_plus_inventory,0.965,11,1,TypeScript,qwen2.5-coder:1.5b,1,2,2,mui/material-ui,0,Feature,mui__material-ui-34207,0.0,0.0,0.0,0.0
0.0,0.0,0.16666666666666666,407,0.0,0.0,0.0,0.0,issue_plus_hints,0.668,11,1,TypeScript,qwen2.5-coder:1.5b,1,2,2,mui/material-ui,0,Feature,mui__material-ui-34207,0.0,0.0,0.0,0.0
0.0,0.0,0.0,27,0.0,0.0,0.0,0.0,issue_only,0.636,3,2,TypeScript,qwen2.5-coder:1.5b,1,2,2,coder/code-server,0,Feature,coder__code-server-5633,0.0,0.0,0.0,0.0
0.6,0.6,0.6,27,0.3333333333333333,0.3333333333333333,0.3333333333333333,0.3333333333333333,issue_plus_inventory,0.607,3,2,TypeScript,qwen2.5-coder:1.5b,1,3,2,coder/code-server,0,Feature,coder__code-server-5633,1.0,1.0,1.0,1.0
0.6,0.6,0.6,27,0.3333333333333333,0.3333333333333333,0.3333333333333333,0.3333333333333333,issue_plus_hints,0.559,3,2,TypeScript,qwen2.5-coder:1.5b,1,3,2,coder/code-server,0,Feature,coder__code-server-5633,1.0,1.0,1.0,1.0
0.0,0.0,0.0,133,0.0,0.0,0.0,0.0,issue_only,0.762,4,1,TypeScript,qwen2.5-coder:1.5b,1,2,2,microsoft/vscode,0,Feature,microsoft__vscode-165197,0.0,0.0,0.0,0.0
0.3333333333333333,0.2,0.2,133,0.0,0.0,0.0,0.0,issue_plus_inventory,1.368,4,1,TypeScript,qwen2.5-coder:1.5b,1,3,3,microsoft/vscode,0,Feature,microsoft__vscode-165197,0.5,0.3333333333333333,1.0,1.0
0.25,0.2,0.2,133,0.0,0.0,0.0,0.0,issue_plus_hints,0.795,4,1,TypeScript,qwen2.5-coder:1.5b,1,2,2,microsoft/vscode,0,Feature,microsoft__vscode-165197,0.0,0.0,0.0,0.0
0.0,0.0,0.0,133,0.0,0.0,0.0,0.0,issue_only,0.584,3,1,TypeScript,qwen2.5-coder:1.5b,1,2,0,microsoft/vscode,0,Feature,microsoft__vscode-168788,0.0,0.0,0.0,0.0
0.1,0.25,0.25,133,0.0,0.0,0.0,0.0,issue_plus_inventory,1.708,3,1,TypeScript,qwen2.5-coder:1.5b,1,5,5,microsoft/vscode,0,Feature,microsoft__vscode-168788,0.33333333333333337,0.2,1.0,1.0
0.1,0.25,0.25,133,0.0,0.0,0.0,0.0,issue_plus_hints,1.342,3,1,TypeScript,qwen2.5-coder:1.5b,1,5,5,microsoft/vscode,0,Feature,microsoft__vscode-168788,0.33333333333333337,0.2,1.0,1.0
0.0,0.0,0.0,133,0.0,0.0,0.0,0.0,issue_only,0.83,1,1,TypeScript,qwen2.5-coder:1.5b,1,2,2,microsoft/vscode,0,Feature,microsoft__vscode-178291,0.0,0.0,0.0,0.0
0.0,0.0,0.0,133,0.0,0.0,0.0,0.0,issue_plus_inventory,1.346,1,1,TypeScript,qwen2.5-coder:1.5b,1,5,4,microsoft/vscode,0,Feature,microsoft__vscode-178291,0.0,0.0,0.0,0.0
0.1,0.5,0.5,133,0.0,0.0,0.0,0.0,issue_plus_hints,1.394,1,1,TypeScript,qwen2.5-coder:1.5b,1,5,5,microsoft/vscode,0,Feature,microsoft__vscode-178291,0.33333333333333337,0.2,1.0,1.0
0.0,0.0,0.0,133,0.0,0.0,0.0,0.0,issue_only,0.701,1,1,TypeScript,qwen2.5-coder:1.5b,1,2,0,microsoft/vscode,0,Feature,microsoft__vscode-178513,0.0,0.0,0.0,0.0
0.0,0.0,0.0,133,0.0,0.0,0.0,0.0,issue_plus_inventory,1.484,1,1,TypeScript,qwen2.5-coder:1.5b,1,5,5,microsoft/vscode,0,Feature,microsoft__vscode-178513,0.0,0.0,0.0,0.0
0.0,0.0,0.0,133,0.0,0.0,0.0,0.0,issue_plus_hints,1.36,1,1,TypeScript,qwen2.5-coder:1.5b,1,5,5,microsoft/vscode,0,Feature,microsoft__vscode-178513,0.0,0.0,0.0,0.0
0.0,0.0,0.0,27,0.0,0.0,0.0,0.0,issue_only,0.857,1,1,TypeScript,qwen2.5-coder:1.5b,1,2,2,coder/code-server,0,Feature,coder__code-server-6115,0.0,0.0,0.0,0.0
0.14285714285714285,0.5,0.5,27,0.0,0.0,0.0,0.0,issue_plus_inventory,1.081,1,1,TypeScript,qwen2.5-coder:1.5b,1,2,5,coder/code-server,0,Feature,coder__code-server-6115,0.33333333333333337,0.2,1.0,1.0
0.14285714285714285,0.5,0.5,27,0.0,0.0,0.0,0.0,issue_plus_hints,0.817,1,1,TypeScript,qwen2.5-coder:1.5b,1,2,5,coder/code-server,0,Feature,coder__code-server-6115,0.33333333333333337,0.2,1.0,1.0
0.0,0.0,0.0,133,0.0,0.0,0.0,0.0,issue_only,0.854,1,1,TypeScript,qwen2.5-coder:1.5b,1,2,2,microsoft/vscode,0,Feature,microsoft__vscode-178694,0.0,0.0,0.0,0.0
0.1,0.5,0.5,133,0.0,0.0,0.0,0.0,issue_plus_inventory,1.602,1,1,TypeScript,qwen2.5-coder:1.5b,1,5,5,microsoft/vscode,0,Feature,microsoft__vscode-178694,0.33333333333333337,0.2,1.0,1.0
0.1,0.5,0.5,133,0.0,0.0,0.0,0.0,issue_plus_hints,1.192,1,1,TypeScript,qwen2.5-coder:1.5b,1,5,5,microsoft/vscode,0,Feature,microsoft__vscode-178694,0.33333333333333337,0.2,1.0,1.0
0.0,0.0,0.0,133,0.0,0.0,0.0,0.0,issue_only,0.78,5,4,TypeScript,qwen2.5-coder:1.5b,1,2,1,microsoft/vscode,0,Feature,microsoft__vscode-182669,0.0,0.0,0.0,0.0
0.5,0.5555555555555556,0.5555555555555556,133,1.0,1.0,1.0,1.0,issue_plus_inventory,1.462,5,4,TypeScript,qwen2.5-coder:1.5b,1,5,5,microsoft/vscode,0,Feature,microsoft__vscode-182669,0.0,0.0,0.0,0.0
0.5,0.5555555555555556,0.5555555555555556,133,1.0,1.0,1.0,1.0,issue_plus_hints,1.072,5,4,TypeScript,qwen2.5-coder:1.5b,1,5,5,microsoft/vscode,0,Feature,microsoft__vscode-182669,0.0,0.0,0.0,0.0
0.25,0.16666666666666666,0.16666666666666666,27,0.28571428571428575,0.5,0.2,0.2,issue_only,0.76,5,1,TypeScript,qwen2.5-coder:1.5b,1,2,2,coder/code-server,0,Feature,coder__code-server-6225,0.0,0.0,0.0,0.0
0.5,0.3333333333333333,0.3333333333333333,27,0.28571428571428575,0.5,0.2,0.2,issue_plus_inventory,0.647,5,1,TypeScript,qwen2.5-coder:1.5b,1,2,2,coder/code-server,0,Feature,coder__code-server-6225,0.6666666666666666,0.5,1.0,1.0
0.5,0.3333333333333333,0.3333333333333333,27,0.28571428571428575,0.5,0.2,0.2,issue_plus_hints,0.671,5,1,TypeScript,qwen2.5-coder:1.5b,1,2,2,coder/code-server,0,Feature,coder__code-server-6225,0.6666666666666666,0.5,1.0,1.0
0.0,0.0,0.0,407,0.0,0.0,0.0,0.0,issue_only,0.764,18,1,TypeScript,qwen2.5-coder:1.5b,1,2,1,mui/material-ui,0,Feature,mui__material-ui-37908,0.0,0.0,0.0,0.0
0.0,0.0,0.0,407,0.0,0.0,0.0,0.0,issue_plus_inventory,1.336,18,1,TypeScript,qwen2.5-coder:1.5b,1,5,5,mui/material-ui,0,Feature,mui__material-ui-37908,0.0,0.0,0.0,0.0
0.0,0.0,0.0,407,0.0,0.0,0.0,0.0,issue_plus_hints,0.82,18,1,TypeScript,qwen2.5-coder:1.5b,1,2,2,mui/material-ui,0,Feature,mui__material-ui-37908,0.0,0.0,0.0,0.0
0.0,0.0,0.043478260869565216,407,0.0,0.0,0.0,0.0,issue_only,0.72,21,2,TypeScript,qwen2.5-coder:1.5b,1,2,2,mui/material-ui,0,Feature,mui__material-ui-38167,0.0,0.0,0.0,0.0
0.0,0.0,0.043478260869565216,407,0.0,0.0,0.0,0.0,issue_plus_inventory,1.239,21,2,TypeScript,qwen2.5-coder:1.5b,1,5,5,mui/material-ui,0,Feature,mui__material-ui-38167,0.0,0.0,0.0,0.0
0.1,0.043478260869565216,0.13043478260869565,407,0.07692307692307693,0.2,0.047619047619047616,0.047619047619047616,issue_plus_hints,1.045,21,2,TypeScript,qwen2.5-coder:1.5b,1,5,5,mui/material-ui,0,Feature,mui__material-ui-38167,0.0,0.0,0.0,0.0
0.0,0.0,0.0,133,0.0,0.0,0.0,0.0,issue_only,0.826,1,1,TypeScript,qwen2.5-coder:1.5b,1,2,2,microsoft/vscode,0,Feature,microsoft__vscode-190351,0.0,0.0,0.0,0.0
0.0,0.0,0.0,133,0.0,0.0,0.0,0.0,issue_plus_inventory,1.596,1,1,TypeScript,qwen2.5-coder:1.5b,1,5,5,microsoft/vscode,0,Feature,microsoft__vscode-190351,0.0,0.0,0.0,0.0
0.0,0.0,0.0,133,0.0,0.0,0.0,0.0,issue_plus_hints,1.217,1,1,TypeScript,qwen2.5-coder:1.5b,1,5,5,microsoft/vscode,0,Feature,microsoft__vscode-190351,0.0,0.0,0.0,0.0
0.0,0.0,0.0,133,0.0,0.0,0.0,0.0,issue_only,0.747,1,1,TypeScript,qwen2.5-coder:1.5b,1,2,2,microsoft/vscode,0,Feature,microsoft__vscode-191602,0.0,0.0,0.0,0.0
0.0,0.0,0.0,133,0.0,0.0,0.0,0.0,issue_plus_inventory,1.226,1,1,TypeScript,qwen2.5-coder:1.5b,1,5,5,microsoft/vscode,0,Feature,microsoft__vscode-191602,0.0,0.0,0.0,0.0
0.0,0.0,0.0,133,0.0,0.0,0.0,0.0,issue_plus_hints,0.913,1,1,TypeScript,qwen2.5-coder:1.5b,1,2,2,microsoft/vscode,0,Feature,microsoft__vscode-191602,0.0,0.0,0.0,0.0
0.0,0.0,0.0,27,0.0,0.0,0.0,0.0,issue_only,0.69,1,1,TypeScript,qwen2.5-coder:1.5b,1,2,2,coder/code-server,0,Feature,coder__code-server-6423,0.0,0.0,0.0,0.0
0.2,1.0,1.0,27,0.33333333333333337,0.2,1.0,1.0,issue_plus_inventory,0.987,1,1,TypeScript,qwen2.5-coder:1.5b,1,5,5,coder/code-server,0,Feature,coder__code-server-6423,0.33333333333333337,0.2,1.0,1.0
0.2,1.0,1.0,27,0.33333333333333337,0.2,1.0,1.0,issue_plus_hints,0.926,1,1,TypeScript,qwen2.5-coder:1.5b,1,5,5,coder/code-server,0,Feature,coder__code-server-6423,0.33333333333333337,0.2,1.0,1.0
