task_id,repo,language,method,condition,seed,valid,elapsed_seconds,n_gold,n_code,n_test,n_returned_10,recall_1,precision_1,returned_precision_1,code_recall_1,test_recall_1,recall_3,precision_3,returned_precision_3,code_recall_3,test_recall_3,recall_5,precision_5,returned_precision_5,code_recall_5,test_recall_5,recall_10,precision_10,returned_precision_10,code_recall_10,test_recall_10,mrr_10
google__gson-2498,google/gson,Java,path_bm25,retrieval,11,True,0.00749249999999968,8,3,5,10,0.0,0.0,0.0,0.0,0.0,0.0,0.0,0.0,0.0,0.0,0.0,0.0,0.0,0.0,0.0,0.0,0.0,0.0,0.0,0.0,0.0
google__gson-2498,google/gson,Java,content_bm25,retrieval,11,True,0.18364779200000036,8,3,5,10,0.0,0.0,0.0,0.0,0.0,0.0,0.0,0.0,0.0,0.0,0.0,0.0,0.0,0.0,0.0,0.125,0.1,0.1,0.3333333333333333,0.0,0.1111111111111111
google__gson-2498,google/gson,Java,dense_minilm,retrieval,11,True,3.4566310839999996,8,3,5,10,0.0,0.0,0.0,0.0,0.0,0.0,0.0,0.0,0.0,0.0,0.0,0.0,0.0,0.0,0.0,0.0,0.0,0.0,0.0,0.0,0.0
google__gson-2498,google/gson,Java,hybrid_rrf,retrieval,11,True,,8,3,5,10,0.0,0.0,0.0,0.0,0.0,0.0,0.0,0.0,0.0,0.0,0.0,0.0,0.0,0.0,0.0,0.0,0.0,0.0,0.0,0.0,0.0
apolloconfig__apollo-4207,apolloconfig/apollo,Java,path_bm25,retrieval,11,True,0.010423959000000593,4,3,1,10,0.25,1.0,1.0,0.3333333333333333,0.0,0.5,0.6666666666666666,0.6666666666666666,0.3333333333333333,1.0,0.5,0.4,0.4,0.3333333333333333,1.0,0.5,0.2,0.2,0.3333333333333333,1.0,1.0
apolloconfig__apollo-4207,apolloconfig/apollo,Java,content_bm25,retrieval,11,True,0.32268775000000005,4,3,1,10,0.0,0.0,0.0,0.0,0.0,0.0,0.0,0.0,0.0,0.0,0.0,0.0,0.0,0.0,0.0,0.5,0.2,0.2,0.6666666666666666,0.0,0.14285714285714285
apolloconfig__apollo-4207,apolloconfig/apollo,Java,dense_minilm,retrieval,11,True,7.198271166,4,3,1,10,0.0,0.0,0.0,0.0,0.0,0.25,0.3333333333333333,0.3333333333333333,0.3333333333333333,0.0,0.5,0.4,0.4,0.3333333333333333,1.0,0.5,0.2,0.2,0.3333333333333333,1.0,0.3333333333333333
apolloconfig__apollo-4207,apolloconfig/apollo,Java,hybrid_rrf,retrieval,11,True,,4,3,1,10,0.25,1.0,1.0,0.3333333333333333,0.0,0.5,0.6666666666666666,0.6666666666666666,0.3333333333333333,1.0,0.5,0.4,0.4,0.3333333333333333,1.0,0.5,0.2,0.2,0.3333333333333333,1.0,1.0
google__gson-1904,google/gson,Java,path_bm25,retrieval,11,True,0.003677708000001445,7,5,2,10,0.0,0.0,0.0,0.0,0.0,0.0,0.0,0.0,0.0,0.0,0.14285714285714285,0.2,0.2,0.2,0.0,0.14285714285714285,0.1,0.1,0.2,0.0,0.2
google__gson-1904,google/gson,Java,content_bm25,retrieval,11,True,0.2125555410000004,7,5,2,10,0.0,0.0,0.0,0.0,0.0,0.0,0.0,0.0,0.0,0.0,0.14285714285714285,0.2,0.2,0.2,0.0,0.42857142857142855,0.3,0.3,0.6,0.0,0.25
google__gson-1904,google/gson,Java,dense_minilm,retrieval,11,True,1.435658667000002,7,5,2,10,0.0,0.0,0.0,0.0,0.0,0.0,0.0,0.0,0.0,0.0,0.0,0.0,0.0,0.0,0.0,0.2857142857142857,0.2,0.2,0.4,0.0,0.14285714285714285
google__gson-1904,google/gson,Java,hybrid_rrf,retrieval,11,True,,7,5,2,10,0.14285714285714285,1.0,1.0,0.2,0.0,0.2857142857142857,0.6666666666666666,0.6666666666666666,0.4,0.0,0.2857142857142857,0.4,0.4,0.4,0.0,0.42857142857142855,0.3,0.3,0.6,0.0,1.0
google__gson-2345,google/gson,Java,path_bm25,retrieval,11,True,0.004800666000001286,7,4,3,10,0.0,0.0,0.0,0.0,0.0,0.14285714285714285,0.3333333333333333,0.3333333333333333,0.25,0.0,0.2857142857142857,0.4,0.4,0.25,0.3333333333333333,0.2857142857142857,0.2,0.2,0.25,0.3333333333333333,0.3333333333333333
google__gson-2345,google/gson,Java,content_bm25,retrieval,11,True,0.17521033399999908,7,4,3,10,0.0,0.0,0.0,0.0,0.0,0.14285714285714285,0.3333333333333333,0.3333333333333333,0.25,0.0,0.2857142857142857,0.4,0.4,0.5,0.0,0.5714285714285714,0.4,0.4,1.0,0.0,0.3333333333333333
google__gson-2345,google/gson,Java,dense_minilm,retrieval,11,True,2.542643541999997,7,4,3,10,0.0,0.0,0.0,0.0,0.0,0.14285714285714285,0.3333333333333333,0.3333333333333333,0.25,0.0,0.14285714285714285,0.2,0.2,0.25,0.0,0.14285714285714285,0.1,0.1,0.25,0.0,0.5
google__gson-2345,google/gson,Java,hybrid_rrf,retrieval,11,True,,7,4,3,10,0.0,0.0,0.0,0.0,0.0,0.14285714285714285,0.3333333333333333,0.3333333333333333,0.25,0.0,0.14285714285714285,0.2,0.2,0.25,0.0,0.2857142857142857,0.2,0.2,0.5,0.0,0.5
google__gson-2479,google/gson,Java,path_bm25,retrieval,11,True,0.0021549169999985907,4,2,2,10,0.0,0.0,0.0,0.0,0.0,0.0,0.0,0.0,0.0,0.0,0.0,0.0,0.0,0.0,0.0,0.0,0.0,0.0,0.0,0.0,0.0
google__gson-2479,google/gson,Java,content_bm25,retrieval,11,True,0.12299254100000212,4,2,2,10,0.0,0.0,0.0,0.0,0.0,0.5,0.6666666666666666,0.6666666666666666,1.0,0.0,0.5,0.4,0.4,1.0,0.0,0.5,0.2,0.2,1.0,0.0,0.5
google__gson-2479,google/gson,Java,dense_minilm,retrieval,11,True,0.9864003339999989,4,2,2,10,0.0,0.0,0.0,0.0,0.0,0.0,0.0,0.0,0.0,0.0,0.0,0.0,0.0,0.0,0.0,0.0,0.0,0.0,0.0,0.0,0.0
google__gson-2479,google/gson,Java,hybrid_rrf,retrieval,11,True,,4,2,2,10,0.0,0.0,0.0,0.0,0.0,0.0,0.0,0.0,0.0,0.0,0.0,0.0,0.0,0.0,0.0,0.0,0.0,0.0,0.0,0.0,0.0
google__guava-3971,google/guava,Java,path_bm25,retrieval,11,True,0.02125604099999734,4,2,2,10,0.0,0.0,0.0,0.0,0.0,0.0,0.0,0.0,0.0,0.0,0.0,0.0,0.0,0.0,0.0,0.0,0.0,0.0,0.0,0.0,0.0
google__guava-3971,google/guava,Java,content_bm25,retrieval,11,True,1.4307202920000002,4,2,2,10,0.0,0.0,0.0,0.0,0.0,0.0,0.0,0.0,0.0,0.0,0.0,0.0,0.0,0.0,0.0,0.0,0.0,0.0,0.0,0.0,0.0
google__guava-3971,google/guava,Java,dense_minilm,retrieval,11,True,12.588560790999995,4,2,2,10,0.0,0.0,0.0,0.0,0.0,0.0,0.0,0.0,0.0,0.0,0.0,0.0,0.0,0.0,0.0,0.0,0.0,0.0,0.0,0.0,0.0
google__guava-3971,google/guava,Java,hybrid_rrf,retrieval,11,True,,4,2,2,10,0.0,0.0,0.0,0.0,0.0,0.0,0.0,0.0,0.0,0.0,0.25,0.2,0.2,0.0,0.5,0.5,0.2,0.2,0.0,1.0,0.2
google__gson-2701,google/gson,Java,path_bm25,retrieval,11,True,0.0028730000000010136,2,1,1,10,0.0,0.0,0.0,0.0,0.0,0.0,0.0,0.0,0.0,0.0,0.0,0.0,0.0,0.0,0.0,0.5,0.1,0.1,1.0,0.0,0.1
google__gson-2701,google/gson,Java,content_bm25,retrieval,11,True,0.14778683400000148,2,1,1,10,0.0,0.0,0.0,0.0,0.0,0.0,0.0,0.0,0.0,0.0,0.0,0.0,0.0,0.0,0.0,0.5,0.1,0.1,1.0,0.0,0.14285714285714285
google__gson-2701,google/gson,Java,dense_minilm,retrieval,11,True,0.35251129199999554,2,1,1,10,0.0,0.0,0.0,0.0,0.0,0.0,0.0,0.0,0.0,0.0,0.0,0.0,0.0,0.0,0.0,0.0,0.0,0.0,0.0,0.0,0.0
google__gson-2701,google/gson,Java,hybrid_rrf,retrieval,11,True,,2,1,1,10,0.0,0.0,0.0,0.0,0.0,0.0,0.0,0.0,0.0,0.0,0.5,0.2,0.2,1.0,0.0,0.5,0.1,0.1,1.0,0.0,0.2
apache__rocketmq-7455,apache/rocketmq,Java,path_bm25,retrieval,11,True,0.024642542000002265,3,2,1,10,0.0,0.0,0.0,0.0,0.0,0.0,0.0,0.0,0.0,0.0,0.0,0.0,0.0,0.0,0.0,0.0,0.0,0.0,0.0,0.0,0.0
apache__rocketmq-7455,apache/rocketmq,Java,content_bm25,retrieval,11,True,1.0295668750000004,3,2,1,10,0.0,0.0,0.0,0.0,0.0,0.0,0.0,0.0,0.0,0.0,0.0,0.0,0.0,0.0,0.0,0.0,0.0,0.0,0.0,0.0,0.0
apache__rocketmq-7455,apache/rocketmq,Java,dense_minilm,retrieval,11,True,3.857508666000001,3,2,1,10,0.0,0.0,0.0,0.0,0.0,0.0,0.0,0.0,0.0,0.0,0.0,0.0,0.0,0.0,0.0,0.0,0.0,0.0,0.0,0.0,0.0
apache__rocketmq-7455,apache/rocketmq,Java,hybrid_rrf,retrieval,11,True,,3,2,1,10,0.0,0.0,0.0,0.0,0.0,0.0,0.0,0.0,0.0,0.0,0.0,0.0,0.0,0.0,0.0,0.0,0.0,0.0,0.0,0.0,0.0
apolloconfig__apollo-4464,apolloconfig/apollo,Java,path_bm25,retrieval,11,True,0.010208874999996453,16,15,1,10,0.0,0.0,0.0,0.0,0.0,0.0,0.0,0.0,0.0,0.0,0.0,0.0,0.0,0.0,0.0,0.0,0.0,0.0,0.0,0.0,0.0
apolloconfig__apollo-4464,apolloconfig/apollo,Java,content_bm25,retrieval,11,True,0.3803120840000034,16,15,1,10,0.0,0.0,0.0,0.0,0.0,0.0,0.0,0.0,0.0,0.0,0.0,0.0,0.0,0.0,0.0,0.0625,0.1,0.1,0.06666666666666667,0.0,0.1111111111111111
apolloconfig__apollo-4464,apolloconfig/apollo,Java,dense_minilm,retrieval,11,True,0.5449840419999958,16,15,1,10,0.0,0.0,0.0,0.0,0.0,0.0625,0.3333333333333333,0.3333333333333333,0.06666666666666667,0.0,0.125,0.4,0.4,0.13333333333333333,0.0,0.125,0.2,0.2,0.13333333333333333,0.0,0.3333333333333333
apolloconfig__apollo-4464,apolloconfig/apollo,Java,hybrid_rrf,retrieval,11,True,,16,15,1,10,0.0625,1.0,1.0,0.06666666666666667,0.0,0.0625,0.3333333333333333,0.3333333333333333,0.06666666666666667,0.0,0.0625,0.2,0.2,0.06666666666666667,0.0,0.0625,0.1,0.1,0.06666666666666667,0.0,1.0
apache__rocketmq-7655,apache/rocketmq,Java,path_bm25,retrieval,11,True,0.016553000000001816,2,1,1,10,0.0,0.0,0.0,0.0,0.0,0.0,0.0,0.0,0.0,0.0,0.0,0.0,0.0,0.0,0.0,0.0,0.0,0.0,0.0,0.0,0.0
apache__rocketmq-7655,apache/rocketmq,Java,content_bm25,retrieval,11,True,0.8584891249999984,2,1,1,10,0.0,0.0,0.0,0.0,0.0,0.0,0.0,0.0,0.0,0.0,0.0,0.0,0.0,0.0,0.0,0.0,0.0,0.0,0.0,0.0,0.0
apache__rocketmq-7655,apache/rocketmq,Java,dense_minilm,retrieval,11,True,1.8710745420000023,2,1,1,10,0.0,0.0,0.0,0.0,0.0,0.0,0.0,0.0,0.0,0.0,0.0,0.0,0.0,0.0,0.0,0.0,0.0,0.0,0.0,0.0,0.0
apache__rocketmq-7655,apache/rocketmq,Java,hybrid_rrf,retrieval,11,True,,2,1,1,10,0.0,0.0,0.0,0.0,0.0,0.0,0.0,0.0,0.0,0.0,0.0,0.0,0.0,0.0,0.0,0.0,0.0,0.0,0.0,0.0,0.0
google__gson-2130,google/gson,Java,path_bm25,retrieval,11,True,0.0015504169999971396,2,1,1,10,0.5,1.0,1.0,1.0,0.0,1.0,0.6666666666666666,0.6666666666666666,1.0,1.0,1.0,0.4,0.4,1.0,1.0,1.0,0.2,0.2,1.0,1.0,1.0
google__gson-2130,google/gson,Java,content_bm25,retrieval,11,True,0.08616608399999848,2,1,1,10,0.0,0.0,0.0,0.0,0.0,0.0,0.0,0.0,0.0,0.0,0.0,0.0,0.0,0.0,0.0,0.5,0.1,0.1,1.0,0.0,0.16666666666666666
google__gson-2130,google/gson,Java,dense_minilm,retrieval,11,True,1.0870513750000015,2,1,1,10,0.0,0.0,0.0,0.0,0.0,0.5,0.3333333333333333,0.3333333333333333,1.0,0.0,1.0,0.4,0.4,1.0,1.0,1.0,0.2,0.2,1.0,1.0,0.3333333333333333
google__gson-2130,google/gson,Java,hybrid_rrf,retrieval,11,True,,2,1,1,10,0.5,1.0,1.0,1.0,0.0,0.5,0.3333333333333333,0.3333333333333333,1.0,0.0,0.5,0.2,0.2,1.0,0.0,0.5,0.1,0.1,1.0,0.0,1.0
google__gson-2420,google/gson,Java,path_bm25,retrieval,11,True,0.002121875000000273,12,9,3,10,0.0,0.0,0.0,0.0,0.0,0.08333333333333333,0.3333333333333333,0.3333333333333333,0.1111111111111111,0.0,0.08333333333333333,0.2,0.2,0.1111111111111111,0.0,0.25,0.3,0.3,0.3333333333333333,0.0,0.5
google__gson-2420,google/gson,Java,content_bm25,retrieval,11,True,0.09582120799999672,12,9,3,10,0.08333333333333333,1.0,1.0,0.1111111111111111,0.0,0.16666666666666666,0.6666666666666666,0.6666666666666666,0.2222222222222222,0.0,0.16666666666666666,0.4,0.4,0.2222222222222222,0.0,0.3333333333333333,0.4,0.4,0.4444444444444444,0.0,1.0
google__gson-2420,google/gson,Java,dense_minilm,retrieval,11,True,0.4173012080000049,12,9,3,10,0.0,0.0,0.0,0.0,0.0,0.16666666666666666,0.6666666666666666,0.6666666666666666,0.2222222222222222,0.0,0.3333333333333333,0.8,0.8,0.4444444444444444,0.0,0.5,0.6,0.6,0.6666666666666666,0.0,0.5
google__gson-2420,google/gson,Java,hybrid_rrf,retrieval,11,True,,12,9,3,10,0.08333333333333333,1.0,1.0,0.1111111111111111,0.0,0.25,1.0,1.0,0.3333333333333333,0.0,0.3333333333333333,0.8,0.8,0.4444444444444444,0.0,0.4166666666666667,0.5,0.5,0.5555555555555556,0.0,1.0
apache__dubbo-10846,apache/dubbo,Java,path_bm25,retrieval,11,True,0.04256633399999998,4,1,3,10,0.0,0.0,0.0,0.0,0.0,0.0,0.0,0.0,0.0,0.0,0.25,0.2,0.2,1.0,0.0,0.25,0.1,0.1,1.0,0.0,0.25
apache__dubbo-10846,apache/dubbo,Java,content_bm25,retrieval,11,True,0.7702527500000045,4,1,3,10,0.0,0.0,0.0,0.0,0.0,0.0,0.0,0.0,0.0,0.0,0.0,0.0,0.0,0.0,0.0,0.0,0.0,0.0,0.0,0.0,0.0
apache__dubbo-10846,apache/dubbo,Java,dense_minilm,retrieval,11,True,9.706136082999997,4,1,3,10,0.0,0.0,0.0,0.0,0.0,0.0,0.0,0.0,0.0,0.0,0.0,0.0,0.0,0.0,0.0,0.0,0.0,0.0,0.0,0.0,0.0
apache__dubbo-10846,apache/dubbo,Java,hybrid_rrf,retrieval,11,True,,4,1,3,10,0.0,0.0,0.0,0.0,0.0,0.0,0.0,0.0,0.0,0.0,0.0,0.0,0.0,0.0,0.0,0.0,0.0,0.0,0.0,0.0,0.0
apache__rocketmq-6755,apache/rocketmq,Java,path_bm25,retrieval,11,True,0.015299124999998526,13,9,4,10,0.0,0.0,0.0,0.0,0.0,0.0,0.0,0.0,0.0,0.0,0.0,0.0,0.0,0.0,0.0,0.0,0.0,0.0,0.0,0.0,0.0
apache__rocketmq-6755,apache/rocketmq,Java,content_bm25,retrieval,11,True,0.7388828329999981,13,9,4,10,0.0,0.0,0.0,0.0,0.0,0.0,0.0,0.0,0.0,0.0,0.0,0.0,0.0,0.0,0.0,0.0,0.0,0.0,0.0,0.0,0.0
apache__rocketmq-6755,apache/rocketmq,Java,dense_minilm,retrieval,11,True,0.7799377499999949,13,9,4,10,0.0,0.0,0.0,0.0,0.0,0.0,0.0,0.0,0.0,0.0,0.0,0.0,0.0,0.0,0.0,0.0,0.0,0.0,0.0,0.0,0.0
apache__rocketmq-6755,apache/rocketmq,Java,hybrid_rrf,retrieval,11,True,,13,9,4,10,0.0,0.0,0.0,0.0,0.0,0.0,0.0,0.0,0.0,0.0,0.0,0.0,0.0,0.0,0.0,0.0,0.0,0.0,0.0,0.0,0.0
apache__rocketmq-7964,apache/rocketmq,Java,path_bm25,retrieval,11,True,0.03889475000000431,2,1,1,10,0.0,0.0,0.0,0.0,0.0,0.0,0.0,0.0,0.0,0.0,0.0,0.0,0.0,0.0,0.0,0.0,0.0,0.0,0.0,0.0,0.0
apache__rocketmq-7964,apache/rocketmq,Java,content_bm25,retrieval,11,True,0.7622654170000018,2,1,1,10,0.0,0.0,0.0,0.0,0.0,0.0,0.0,0.0,0.0,0.0,0.0,0.0,0.0,0.0,0.0,0.0,0.0,0.0,0.0,0.0,0.0
apache__rocketmq-7964,apache/rocketmq,Java,dense_minilm,retrieval,11,True,0.9774203750000012,2,1,1,10,0.0,0.0,0.0,0.0,0.0,0.0,0.0,0.0,0.0,0.0,0.0,0.0,0.0,0.0,0.0,0.0,0.0,0.0,0.0,0.0,0.0
apache__rocketmq-7964,apache/rocketmq,Java,hybrid_rrf,retrieval,11,True,,2,1,1,10,0.0,0.0,0.0,0.0,0.0,0.0,0.0,0.0,0.0,0.0,0.0,0.0,0.0,0.0,0.0,0.0,0.0,0.0,0.0,0.0,0.0
apache__dubbo-11420,apache/dubbo,Java,path_bm25,retrieval,11,True,0.02691466699999978,10,8,2,10,0.0,0.0,0.0,0.0,0.0,0.0,0.0,0.0,0.0,0.0,0.0,0.0,0.0,0.0,0.0,0.0,0.0,0.0,0.0,0.0,0.0
apache__dubbo-11420,apache/dubbo,Java,content_bm25,retrieval,11,True,0.6524152079999936,10,8,2,10,0.0,0.0,0.0,0.0,0.0,0.0,0.0,0.0,0.0,0.0,0.0,0.0,0.0,0.0,0.0,0.0,0.0,0.0,0.0,0.0,0.0
apache__dubbo-11420,apache/dubbo,Java,dense_minilm,retrieval,11,True,3.149518540999999,10,8,2,10,0.0,0.0,0.0,0.0,0.0,0.0,0.0,0.0,0.0,0.0,0.0,0.0,0.0,0.0,0.0,0.0,0.0,0.0,0.0,0.0,0.0
apache__dubbo-11420,apache/dubbo,Java,hybrid_rrf,retrieval,11,True,,10,8,2,10,0.0,0.0,0.0,0.0,0.0,0.0,0.0,0.0,0.0,0.0,0.0,0.0,0.0,0.0,0.0,0.1,0.1,0.1,0.125,0.0,0.125
apache__rocketmq-5286,apache/rocketmq,Java,path_bm25,retrieval,11,True,0.011757875000000695,4,3,1,10,0.0,0.0,0.0,0.0,0.0,0.0,0.0,0.0,0.0,0.0,0.0,0.0,0.0,0.0,0.0,0.0,0.0,0.0,0.0,0.0,0.0
apache__rocketmq-5286,apache/rocketmq,Java,content_bm25,retrieval,11,True,0.5887709579999978,4,3,1,10,0.0,0.0,0.0,0.0,0.0,0.0,0.0,0.0,0.0,0.0,0.0,0.0,0.0,0.0,0.0,0.0,0.0,0.0,0.0,0.0,0.0
apache__rocketmq-5286,apache/rocketmq,Java,dense_minilm,retrieval,11,True,2.521940375,4,3,1,10,0.0,0.0,0.0,0.0,0.0,0.0,0.0,0.0,0.0,0.0,0.0,0.0,0.0,0.0,0.0,0.0,0.0,0.0,0.0,0.0,0.0
apache__rocketmq-5286,apache/rocketmq,Java,hybrid_rrf,retrieval,11,True,,4,3,1,10,0.0,0.0,0.0,0.0,0.0,0.0,0.0,0.0,0.0,0.0,0.0,0.0,0.0,0.0,0.0,0.0,0.0,0.0,0.0,0.0,0.0
apache__rocketmq-5706,apache/rocketmq,Java,path_bm25,retrieval,11,True,0.0279669159999969,5,3,2,10,0.0,0.0,0.0,0.0,0.0,0.0,0.0,0.0,0.0,0.0,0.0,0.0,0.0,0.0,0.0,0.0,0.0,0.0,0.0,0.0,0.0
apache__rocketmq-5706,apache/rocketmq,Java,content_bm25,retrieval,11,True,0.9190368750000033,5,3,2,10,0.0,0.0,0.0,0.0,0.0,0.0,0.0,0.0,0.0,0.0,0.0,0.0,0.0,0.0,0.0,0.0,0.0,0.0,0.0,0.0,0.0
apache__rocketmq-5706,apache/rocketmq,Java,dense_minilm,retrieval,11,True,0.9007890839999959,5,3,2,10,0.0,0.0,0.0,0.0,0.0,0.0,0.0,0.0,0.0,0.0,0.0,0.0,0.0,0.0,0.0,0.0,0.0,0.0,0.0,0.0,0.0
apache__rocketmq-5706,apache/rocketmq,Java,hybrid_rrf,retrieval,11,True,,5,3,2,10,0.0,0.0,0.0,0.0,0.0,0.0,0.0,0.0,0.0,0.0,0.0,0.0,0.0,0.0,0.0,0.0,0.0,0.0,0.0,0.0,0.0
apache__dubbo-13869,apache/dubbo,Java,path_bm25,retrieval,11,True,0.04029720799999836,4,2,2,10,0.0,0.0,0.0,0.0,0.0,0.0,0.0,0.0,0.0,0.0,0.0,0.0,0.0,0.0,0.0,0.0,0.0,0.0,0.0,0.0,0.0
apache__dubbo-13869,apache/dubbo,Java,content_bm25,retrieval,11,True,0.7810879999999969,4,2,2,10,0.0,0.0,0.0,0.0,0.0,0.0,0.0,0.0,0.0,0.0,0.0,0.0,0.0,0.0,0.0,0.0,0.0,0.0,0.0,0.0,0.0
apache__dubbo-13869,apache/dubbo,Java,dense_minilm,retrieval,11,True,15.552472124999994,4,2,2,10,0.0,0.0,0.0,0.0,0.0,0.0,0.0,0.0,0.0,0.0,0.0,0.0,0.0,0.0,0.0,0.0,0.0,0.0,0.0,0.0,0.0
apache__dubbo-13869,apache/dubbo,Java,hybrid_rrf,retrieval,11,True,,4,2,2,10,0.0,0.0,0.0,0.0,0.0,0.0,0.0,0.0,0.0,0.0,0.0,0.0,0.0,0.0,0.0,0.0,0.0,0.0,0.0,0.0,0.0
apache__dubbo-11255,apache/dubbo,Java,path_bm25,retrieval,11,True,0.04232116599999358,2,1,1,10,0.0,0.0,0.0,0.0,0.0,0.0,0.0,0.0,0.0,0.0,0.0,0.0,0.0,0.0,0.0,0.0,0.0,0.0,0.0,0.0,0.0
apache__dubbo-11255,apache/dubbo,Java,content_bm25,retrieval,11,True,0.802648750000003,2,1,1,10,0.0,0.0,0.0,0.0,0.0,0.0,0.0,0.0,0.0,0.0,0.0,0.0,0.0,0.0,0.0,0.0,0.0,0.0,0.0,0.0,0.0
apache__dubbo-11255,apache/dubbo,Java,dense_minilm,retrieval,11,True,0.5203958750000055,2,1,1,10,0.0,0.0,0.0,0.0,0.0,0.0,0.0,0.0,0.0,0.0,0.0,0.0,0.0,0.0,0.0,0.0,0.0,0.0,0.0,0.0,0.0
apache__dubbo-11255,apache/dubbo,Java,hybrid_rrf,retrieval,11,True,,2,1,1,10,0.0,0.0,0.0,0.0,0.0,0.0,0.0,0.0,0.0,0.0,0.0,0.0,0.0,0.0,0.0,0.5,0.1,0.1,1.0,0.0,0.16666666666666666
apache__rocketmq-5062,apache/rocketmq,Java,path_bm25,retrieval,11,True,0.0460087499999986,6,4,2,10,0.0,0.0,0.0,0.0,0.0,0.0,0.0,0.0,0.0,0.0,0.0,0.0,0.0,0.0,0.0,0.0,0.0,0.0,0.0,0.0,0.0
apache__rocketmq-5062,apache/rocketmq,Java,content_bm25,retrieval,11,True,1.0554090419999937,6,4,2,10,0.0,0.0,0.0,0.0,0.0,0.0,0.0,0.0,0.0,0.0,0.0,0.0,0.0,0.0,0.0,0.0,0.0,0.0,0.0,0.0,0.0
apache__rocketmq-5062,apache/rocketmq,Java,dense_minilm,retrieval,11,True,0.602081499999997,6,4,2,10,0.0,0.0,0.0,0.0,0.0,0.0,0.0,0.0,0.0,0.0,0.0,0.0,0.0,0.0,0.0,0.0,0.0,0.0,0.0,0.0,0.0
apache__rocketmq-5062,apache/rocketmq,Java,hybrid_rrf,retrieval,11,True,,6,4,2,10,0.0,0.0,0.0,0.0,0.0,0.0,0.0,0.0,0.0,0.0,0.0,0.0,0.0,0.0,0.0,0.0,0.0,0.0,0.0,0.0,0.0
apache__dubbo-8032,apache/dubbo,Java,path_bm25,retrieval,11,True,0.02651766699999314,4,3,1,10,0.0,0.0,0.0,0.0,0.0,0.0,0.0,0.0,0.0,0.0,0.0,0.0,0.0,0.0,0.0,0.0,0.0,0.0,0.0,0.0,0.0
apache__dubbo-8032,apache/dubbo,Java,content_bm25,retrieval,11,True,0.6281597500000089,4,3,1,10,0.0,0.0,0.0,0.0,0.0,0.0,0.0,0.0,0.0,0.0,0.0,0.0,0.0,0.0,0.0,0.0,0.0,0.0,0.0,0.0,0.0
apache__dubbo-8032,apache/dubbo,Java,dense_minilm,retrieval,11,True,2.5746921249999986,4,3,1,10,0.0,0.0,0.0,0.0,0.0,0.0,0.0,0.0,0.0,0.0,0.0,0.0,0.0,0.0,0.0,0.0,0.0,0.0,0.0,0.0,0.0
apache__dubbo-8032,apache/dubbo,Java,hybrid_rrf,retrieval,11,True,,4,3,1,10,0.0,0.0,0.0,0.0,0.0,0.0,0.0,0.0,0.0,0.0,0.0,0.0,0.0,0.0,0.0,0.0,0.0,0.0,0.0,0.0,0.0
apache__dubbo-2750,apache/dubbo,Java,path_bm25,retrieval,11,True,0.014895874999993453,2,1,1,10,0.0,0.0,0.0,0.0,0.0,0.0,0.0,0.0,0.0,0.0,0.0,0.0,0.0,0.0,0.0,0.0,0.0,0.0,0.0,0.0,0.0
apache__dubbo-2750,apache/dubbo,Java,content_bm25,retrieval,11,True,0.2787435839999972,2,1,1,10,0.0,0.0,0.0,0.0,0.0,0.0,0.0,0.0,0.0,0.0,0.0,0.0,0.0,0.0,0.0,0.0,0.0,0.0,0.0,0.0,0.0
apache__dubbo-2750,apache/dubbo,Java,dense_minilm,retrieval,11,True,17.062082458000006,2,1,1,10,0.0,0.0,0.0,0.0,0.0,0.0,0.0,0.0,0.0,0.0,0.0,0.0,0.0,0.0,0.0,0.0,0.0,0.0,0.0,0.0,0.0
apache__dubbo-2750,apache/dubbo,Java,hybrid_rrf,retrieval,11,True,,2,1,1,10,0.0,0.0,0.0,0.0,0.0,0.0,0.0,0.0,0.0,0.0,0.0,0.0,0.0,0.0,0.0,0.0,0.0,0.0,0.0,0.0,0.0
apache__rocketmq-6522,apache/rocketmq,Java,path_bm25,retrieval,11,True,0.01320508300000256,18,17,1,10,0.0,0.0,0.0,0.0,0.0,0.0,0.0,0.0,0.0,0.0,0.0,0.0,0.0,0.0,0.0,0.0,0.0,0.0,0.0,0.0,0.0
apache__rocketmq-6522,apache/rocketmq,Java,content_bm25,retrieval,11,True,0.6221679160000093,18,17,1,10,0.0,0.0,0.0,0.0,0.0,0.0,0.0,0.0,0.0,0.0,0.0,0.0,0.0,0.0,0.0,0.05555555555555555,0.1,0.1,0.058823529411764705,0.0,0.1111111111111111
apache__rocketmq-6522,apache/rocketmq,Java,dense_minilm,retrieval,11,True,2.697841291000003,18,17,1,10,0.0,0.0,0.0,0.0,0.0,0.0,0.0,0.0,0.0,0.0,0.0,0.0,0.0,0.0,0.0,0.0,0.0,0.0,0.0,0.0,0.0
apache__rocketmq-6522,apache/rocketmq,Java,hybrid_rrf,retrieval,11,True,,18,17,1,10,0.0,0.0,0.0,0.0,0.0,0.05555555555555555,0.3333333333333333,0.3333333333333333,0.058823529411764705,0.0,0.05555555555555555,0.2,0.2,0.058823529411764705,0.0,0.05555555555555555,0.1,0.1,0.058823529411764705,0.0,0.3333333333333333
apolloconfig__apollo-4199,apolloconfig/apollo,Java,path_bm25,retrieval,11,True,0.00911083399999768,5,4,1,10,0.0,0.0,0.0,0.0,0.0,0.0,0.0,0.0,0.0,0.0,0.0,0.0,0.0,0.0,0.0,0.0,0.0,0.0,0.0,0.0,0.0
apolloconfig__apollo-4199,apolloconfig/apollo,Java,content_bm25,retrieval,11,True,0.365017624999993,5,4,1,10,0.0,0.0,0.0,0.0,0.0,0.0,0.0,0.0,0.0,0.0,0.0,0.0,0.0,0.0,0.0,0.0,0.0,0.0,0.0,0.0,0.0
apolloconfig__apollo-4199,apolloconfig/apollo,Java,dense_minilm,retrieval,11,True,0.23291258300000095,5,4,1,10,0.0,0.0,0.0,0.0,0.0,0.0,0.0,0.0,0.0,0.0,0.0,0.0,0.0,0.0,0.0,0.0,0.0,0.0,0.0,0.0,0.0
apolloconfig__apollo-4199,apolloconfig/apollo,Java,hybrid_rrf,retrieval,11,True,,5,4,1,10,0.0,0.0,0.0,0.0,0.0,0.0,0.0,0.0,0.0,0.0,0.0,0.0,0.0,0.0,0.0,0.0,0.0,0.0,0.0,0.0,0.0
apache__rocketmq-4122,apache/rocketmq,Java,path_bm25,retrieval,11,True,0.014810291000003417,2,2,0,10,0.0,0.0,0.0,0.0,,0.0,0.0,0.0,0.0,,0.0,0.0,0.0,0.0,,0.0,0.0,0.0,0.0,,0.0
apache__rocketmq-4122,apache/rocketmq,Java,content_bm25,retrieval,11,True,0.33587783299999785,2,2,0,10,0.0,0.0,0.0,0.0,,0.0,0.0,0.0,0.0,,0.0,0.0,0.0,0.0,,0.0,0.0,0.0,0.0,,0.0
apache__rocketmq-4122,apache/rocketmq,Java,dense_minilm,retrieval,11,True,6.115631915999998,2,2,0,10,0.0,0.0,0.0,0.0,,0.0,0.0,0.0,0.0,,0.0,0.0,0.0,0.0,,0.0,0.0,0.0,0.0,,0.0
apache__rocketmq-4122,apache/rocketmq,Java,hybrid_rrf,retrieval,11,True,,2,2,0,10,0.0,0.0,0.0,0.0,,0.0,0.0,0.0,0.0,,0.0,0.0,0.0,0.0,,0.0,0.0,0.0,0.0,,0.0
apache__rocketmq-3862,apache/rocketmq,Java,path_bm25,retrieval,11,True,0.014560250000002384,2,1,1,10,0.0,0.0,0.0,0.0,0.0,0.0,0.0,0.0,0.0,0.0,0.0,0.0,0.0,0.0,0.0,0.0,0.0,0.0,0.0,0.0,0.0
apache__rocketmq-3862,apache/rocketmq,Java,content_bm25,retrieval,11,True,0.38931541700000594,2,1,1,10,0.0,0.0,0.0,0.0,0.0,0.0,0.0,0.0,0.0,0.0,0.0,0.0,0.0,0.0,0.0,0.0,0.0,0.0,0.0,0.0,0.0
apache__rocketmq-3862,apache/rocketmq,Java,dense_minilm,retrieval,11,True,1.2026627079999912,2,1,1,10,0.0,0.0,0.0,0.0,0.0,0.0,0.0,0.0,0.0,0.0,0.0,0.0,0.0,0.0,0.0,0.0,0.0,0.0,0.0,0.0,0.0
apache__rocketmq-3862,apache/rocketmq,Java,hybrid_rrf,retrieval,11,True,,2,1,1,10,0.0,0.0,0.0,0.0,0.0,0.0,0.0,0.0,0.0,0.0,0.0,0.0,0.0,0.0,0.0,0.0,0.0,0.0,0.0,0.0,0.0
apache__rocketmq-7544,apache/rocketmq,Java,path_bm25,retrieval,11,True,0.019700333000002956,14,14,0,10,0.0,0.0,0.0,0.0,,0.0,0.0,0.0,0.0,,0.0,0.0,0.0,0.0,,0.0,0.0,0.0,0.0,,0.0
apache__rocketmq-7544,apache/rocketmq,Java,content_bm25,retrieval,11,True,0.6806237500000094,14,14,0,10,0.0,0.0,0.0,0.0,,0.0,0.0,0.0,0.0,,0.0,0.0,0.0,0.0,,0.0,0.0,0.0,0.0,,0.0
apache__rocketmq-7544,apache/rocketmq,Java,dense_minilm,retrieval,11,True,0.5293831660000023,14,14,0,10,0.0,0.0,0.0,0.0,,0.0,0.0,0.0,0.0,,0.0,0.0,0.0,0.0,,0.0,0.0,0.0,0.0,,0.0
apache__rocketmq-7544,apache/rocketmq,Java,hybrid_rrf,retrieval,11,True,,14,14,0,10,0.0,0.0,0.0,0.0,,0.0,0.0,0.0,0.0,,0.0,0.0,0.0,0.0,,0.0,0.0,0.0,0.0,,0.0
apolloconfig__apollo-4119,apolloconfig/apollo,Java,path_bm25,retrieval,11,True,0.028515458000001104,12,8,4,10,0.0,0.0,0.0,0.0,0.0,0.0,0.0,0.0,0.0,0.0,0.0,0.0,0.0,0.0,0.0,0.0,0.0,0.0,0.0,0.0,0.0
apolloconfig__apollo-4119,apolloconfig/apollo,Java,content_bm25,retrieval,11,True,0.33773954200000844,12,8,4,10,0.0,0.0,0.0,0.0,0.0,0.0,0.0,0.0,0.0,0.0,0.0,0.0,0.0,0.0,0.0,0.0,0.0,0.0,0.0,0.0,0.0
apolloconfig__apollo-4119,apolloconfig/apollo,Java,dense_minilm,retrieval,11,True,12.305733833999994,12,8,4,10,0.0,0.0,0.0,0.0,0.0,0.08333333333333333,0.3333333333333333,0.3333333333333333,0.125,0.0,0.08333333333333333,0.2,0.2,0.125,0.0,0.16666666666666666,0.2,0.2,0.25,0.0,0.3333333333333333
apolloconfig__apollo-4119,apolloconfig/apollo,Java,hybrid_rrf,retrieval,11,True,,12,8,4,10,0.0,0.0,0.0,0.0,0.0,0.08333333333333333,0.3333333333333333,0.3333333333333333,0.125,0.0,0.16666666666666666,0.4,0.4,0.25,0.0,0.16666666666666666,0.2,0.2,0.25,0.0,0.3333333333333333
trinodb__trino-741,trinodb/trino,Java,path_bm25,retrieval,11,True,0.056895791000016516,4,3,1,10,0.0,0.0,0.0,0.0,0.0,0.0,0.0,0.0,0.0,0.0,0.5,0.4,0.4,0.6666666666666666,0.0,0.5,0.2,0.2,0.6666666666666666,0.0,0.25
trinodb__trino-741,trinodb/trino,Java,content_bm25,retrieval,11,True,2.361459832999998,4,3,1,10,0.0,0.0,0.0,0.0,0.0,0.0,0.0,0.0,0.0,0.0,0.0,0.0,0.0,0.0,0.0,0.25,0.1,0.1,0.3333333333333333,0.0,0.1
trinodb__trino-741,trinodb/trino,Java,dense_minilm,retrieval,11,True,27.000726291999996,4,3,1,10,0.25,1.0,1.0,0.3333333333333333,0.0,0.25,0.3333333333333333,0.3333333333333333,0.3333333333333333,0.0,0.5,0.4,0.4,0.6666666666666666,0.0,1.0,0.4,0.4,1.0,1.0,1.0
trinodb__trino-741,trinodb/trino,Java,hybrid_rrf,retrieval,11,True,,4,3,1,10,0.25,1.0,1.0,0.3333333333333333,0.0,0.75,1.0,1.0,1.0,0.0,1.0,0.8,0.8,1.0,1.0,1.0,0.4,0.4,1.0,1.0,1.0
trinodb__trino-1872,trinodb/trino,Java,path_bm25,retrieval,11,True,0.0509324169999843,8,3,5,10,0.0,0.0,0.0,0.0,0.0,0.0,0.0,0.0,0.0,0.0,0.0,0.0,0.0,0.0,0.0,0.0,0.0,0.0,0.0,0.0,0.0
trinodb__trino-1872,trinodb/trino,Java,content_bm25,retrieval,11,True,2.3709904579999943,8,3,5,10,0.0,0.0,0.0,0.0,0.0,0.125,0.3333333333333333,0.3333333333333333,0.0,0.2,0.125,0.2,0.2,0.0,0.2,0.125,0.1,0.1,0.0,0.2,0.3333333333333333
trinodb__trino-1872,trinodb/trino,Java,dense_minilm,retrieval,11,True,8.932417834000006,8,3,5,10,0.0,0.0,0.0,0.0,0.0,0.0,0.0,0.0,0.0,0.0,0.0,0.0,0.0,0.0,0.0,0.0,0.0,0.0,0.0,0.0,0.0
trinodb__trino-1872,trinodb/trino,Java,hybrid_rrf,retrieval,11,True,,8,3,5,10,0.0,0.0,0.0,0.0,0.0,0.0,0.0,0.0,0.0,0.0,0.0,0.0,0.0,0.0,0.0,0.125,0.1,0.1,0.0,0.2,0.125
trinodb__trino-1174,trinodb/trino,Java,path_bm25,retrieval,11,True,0.06538974999998004,15,13,2,10,0.0,0.0,0.0,0.0,0.0,0.06666666666666667,0.3333333333333333,0.3333333333333333,0.07692307692307693,0.0,0.2,0.6,0.6,0.23076923076923078,0.0,0.2,0.3,0.3,0.23076923076923078,0.0,0.5
trinodb__trino-1174,trinodb/trino,Java,content_bm25,retrieval,11,True,2.4988798329999895,15,13,2,10,0.0,0.0,0.0,0.0,0.0,0.0,0.0,0.0,0.0,0.0,0.06666666666666667,0.2,0.2,0.07692307692307693,0.0,0.13333333333333333,0.2,0.2,0.15384615384615385,0.0,0.2
trinodb__trino-1174,trinodb/trino,Java,dense_minilm,retrieval,11,True,5.280681874999999,15,13,2,10,0.0,0.0,0.0,0.0,0.0,0.0,0.0,0.0,0.0,0.0,0.0,0.0,0.0,0.0,0.0,0.0,0.0,0.0,0.0,0.0,0.0
trinodb__trino-1174,trinodb/trino,Java,hybrid_rrf,retrieval,11,True,,15,13,2,10,0.06666666666666667,1.0,1.0,0.07692307692307693,0.0,0.13333333333333333,0.6666666666666666,0.6666666666666666,0.15384615384615385,0.0,0.2,0.6,0.6,0.23076923076923078,0.0,0.26666666666666666,0.4,0.4,0.3076923076923077,0.0,1.0
trinodb__trino-117,trinodb/trino,Java,path_bm25,retrieval,11,True,0.041067707999985714,2,1,1,10,0.0,0.0,0.0,0.0,0.0,0.0,0.0,0.0,0.0,0.0,1.0,0.4,0.4,1.0,1.0,1.0,0.2,0.2,1.0,1.0,0.25
trinodb__trino-117,trinodb/trino,Java,content_bm25,retrieval,11,True,3.000485667000021,2,1,1,10,0.0,0.0,0.0,0.0,0.0,0.0,0.0,0.0,0.0,0.0,0.5,0.2,0.2,1.0,0.0,0.5,0.1,0.1,1.0,0.0,0.25
trinodb__trino-117,trinodb/trino,Java,dense_minilm,retrieval,11,True,5.980058083000017,2,1,1,10,0.0,0.0,0.0,0.0,0.0,0.0,0.0,0.0,0.0,0.0,0.0,0.0,0.0,0.0,0.0,0.0,0.0,0.0,0.0,0.0,0.0
trinodb__trino-117,trinodb/trino,Java,hybrid_rrf,retrieval,11,True,,2,1,1,10,0.0,0.0,0.0,0.0,0.0,0.0,0.0,0.0,0.0,0.0,0.0,0.0,0.0,0.0,0.0,0.5,0.1,0.1,1.0,0.0,0.16666666666666666
trinodb__trino-5507,trinodb/trino,Java,path_bm25,retrieval,11,True,0.09501383299999588,5,3,2,10,0.0,0.0,0.0,0.0,0.0,0.4,0.6666666666666666,0.6666666666666666,0.3333333333333333,0.5,0.4,0.4,0.4,0.3333333333333333,0.5,0.4,0.2,0.2,0.3333333333333333,0.5,0.5
trinodb__trino-5507,trinodb/trino,Java,content_bm25,retrieval,11,True,3.02747149999999,5,3,2,10,0.0,0.0,0.0,0.0,0.0,0.0,0.0,0.0,0.0,0.0,0.0,0.0,0.0,0.0,0.0,0.0,0.0,0.0,0.0,0.0,0.0
trinodb__trino-5507,trinodb/trino,Java,dense_minilm,retrieval,11,True,12.066376334000012,5,3,2,10,0.0,0.0,0.0,0.0,0.0,0.0,0.0,0.0,0.0,0.0,0.0,0.0,0.0,0.0,0.0,0.0,0.0,0.0,0.0,0.0,0.0
trinodb__trino-5507,trinodb/trino,Java,hybrid_rrf,retrieval,11,True,,5,3,2,10,0.0,0.0,0.0,0.0,0.0,0.0,0.0,0.0,0.0,0.0,0.0,0.0,0.0,0.0,0.0,0.0,0.0,0.0,0.0,0.0,0.0
trinodb__trino-4458,trinodb/trino,Java,path_bm25,retrieval,11,True,0.06600212500001135,4,2,2,10,0.0,0.0,0.0,0.0,0.0,0.25,0.3333333333333333,0.3333333333333333,0.5,0.0,0.25,0.2,0.2,0.5,0.0,0.5,0.2,0.2,0.5,0.5,0.5
trinodb__trino-4458,trinodb/trino,Java,content_bm25,retrieval,11,True,2.756810333000004,4,2,2,10,0.0,0.0,0.0,0.0,0.0,0.0,0.0,0.0,0.0,0.0,0.0,0.0,0.0,0.0,0.0,0.0,0.0,0.0,0.0,0.0,0.0
trinodb__trino-4458,trinodb/trino,Java,dense_minilm,retrieval,11,True,3.5629397079999876,4,2,2,10,0.25,1.0,1.0,0.5,0.0,0.25,0.3333333333333333,0.3333333333333333,0.5,0.0,0.25,0.2,0.2,0.5,0.0,0.5,0.2,0.2,0.5,0.5,1.0
trinodb__trino-4458,trinodb/trino,Java,hybrid_rrf,retrieval,11,True,,4,2,2,10,0.25,1.0,1.0,0.5,0.0,0.5,0.6666666666666666,0.6666666666666666,0.5,0.5,0.5,0.4,0.4,0.5,0.5,0.5,0.2,0.2,0.5,0.5,1.0
trinodb__trino-799,trinodb/trino,Java,path_bm25,retrieval,11,True,0.05448495799998909,7,5,2,10,0.0,0.0,0.0,0.0,0.0,0.0,0.0,0.0,0.0,0.0,0.0,0.0,0.0,0.0,0.0,0.0,0.0,0.0,0.0,0.0,0.0
trinodb__trino-799,trinodb/trino,Java,content_bm25,retrieval,11,True,2.3252014170000166,7,5,2,10,0.0,0.0,0.0,0.0,0.0,0.0,0.0,0.0,0.0,0.0,0.0,0.0,0.0,0.0,0.0,0.0,0.0,0.0,0.0,0.0,0.0
trinodb__trino-799,trinodb/trino,Java,dense_minilm,retrieval,11,True,3.1298034589999872,7,5,2,10,0.0,0.0,0.0,0.0,0.0,0.0,0.0,0.0,0.0,0.0,0.0,0.0,0.0,0.0,0.0,0.0,0.0,0.0,0.0,0.0,0.0
trinodb__trino-799,trinodb/trino,Java,hybrid_rrf,retrieval,11,True,,7,5,2,10,0.0,0.0,0.0,0.0,0.0,0.0,0.0,0.0,0.0,0.0,0.0,0.0,0.0,0.0,0.0,0.0,0.0,0.0,0.0,0.0,0.0
trinodb__trino-4600,trinodb/trino,Java,path_bm25,retrieval,11,True,0.05333962500000666,4,3,1,10,0.0,0.0,0.0,0.0,0.0,0.0,0.0,0.0,0.0,0.0,0.0,0.0,0.0,0.0,0.0,0.25,0.1,0.1,0.3333333333333333,0.0,0.14285714285714285
trinodb__trino-4600,trinodb/trino,Java,content_bm25,retrieval,11,True,2.601229167000014,4,3,1,10,0.0,0.0,0.0,0.0,0.0,0.0,0.0,0.0,0.0,0.0,0.0,0.0,0.0,0.0,0.0,0.0,0.0,0.0,0.0,0.0,0.0
trinodb__trino-4600,trinodb/trino,Java,dense_minilm,retrieval,11,True,1.6003810840000199,4,3,1,10,0.0,0.0,0.0,0.0,0.0,0.0,0.0,0.0,0.0,0.0,0.0,0.0,0.0,0.0,0.0,0.0,0.0,0.0,0.0,0.0,0.0
trinodb__trino-4600,trinodb/trino,Java,hybrid_rrf,retrieval,11,True,,4,3,1,10,0.0,0.0,0.0,0.0,0.0,0.0,0.0,0.0,0.0,0.0,0.0,0.0,0.0,0.0,0.0,0.0,0.0,0.0,0.0,0.0,0.0
trinodb__trino-3392,trinodb/trino,Java,path_bm25,retrieval,11,True,0.05743933299999071,4,3,1,10,0.0,0.0,0.0,0.0,0.0,0.0,0.0,0.0,0.0,0.0,0.0,0.0,0.0,0.0,0.0,0.0,0.0,0.0,0.0,0.0,0.0
trinodb__trino-3392,trinodb/trino,Java,content_bm25,retrieval,11,True,3.742869208000002,4,3,1,10,0.0,0.0,0.0,0.0,0.0,0.0,0.0,0.0,0.0,0.0,0.0,0.0,0.0,0.0,0.0,0.0,0.0,0.0,0.0,0.0,0.0
trinodb__trino-3392,trinodb/trino,Java,dense_minilm,retrieval,11,True,2.732853958000021,4,3,1,10,0.0,0.0,0.0,0.0,0.0,0.0,0.0,0.0,0.0,0.0,0.0,0.0,0.0,0.0,0.0,0.0,0.0,0.0,0.0,0.0,0.0
trinodb__trino-3392,trinodb/trino,Java,hybrid_rrf,retrieval,11,True,,4,3,1,10,0.0,0.0,0.0,0.0,0.0,0.0,0.0,0.0,0.0,0.0,0.0,0.0,0.0,0.0,0.0,0.0,0.0,0.0,0.0,0.0,0.0
trinodb__trino-748,trinodb/trino,Java,path_bm25,retrieval,11,True,0.04917858400000341,3,2,1,10,0.0,0.0,0.0,0.0,0.0,0.3333333333333333,0.3333333333333333,0.3333333333333333,0.5,0.0,0.6666666666666666,0.4,0.4,1.0,0.0,1.0,0.3,0.3,1.0,1.0,0.3333333333333333
trinodb__trino-748,trinodb/trino,Java,content_bm25,retrieval,11,True,2.3015760419999935,3,2,1,10,0.0,0.0,0.0,0.0,0.0,0.0,0.0,0.0,0.0,0.0,0.0,0.0,0.0,0.0,0.0,0.0,0.0,0.0,0.0,0.0,0.0
trinodb__trino-748,trinodb/trino,Java,dense_minilm,retrieval,11,True,4.678841790999996,3,2,1,10,0.0,0.0,0.0,0.0,0.0,0.0,0.0,0.0,0.0,0.0,0.0,0.0,0.0,0.0,0.0,0.0,0.0,0.0,0.0,0.0,0.0
trinodb__trino-748,trinodb/trino,Java,hybrid_rrf,retrieval,11,True,,3,2,1,10,0.0,0.0,0.0,0.0,0.0,0.0,0.0,0.0,0.0,0.0,0.0,0.0,0.0,0.0,0.0,0.3333333333333333,0.1,0.1,0.5,0.0,0.16666666666666666
trinodb__trino-3638,trinodb/trino,Java,path_bm25,retrieval,11,True,0.051597208000004,6,3,3,10,0.0,0.0,0.0,0.0,0.0,0.0,0.0,0.0,0.0,0.0,0.0,0.0,0.0,0.0,0.0,0.0,0.0,0.0,0.0,0.0,0.0
trinodb__trino-3638,trinodb/trino,Java,content_bm25,retrieval,11,True,3.042607750000002,6,3,3,10,0.0,0.0,0.0,0.0,0.0,0.0,0.0,0.0,0.0,0.0,0.0,0.0,0.0,0.0,0.0,0.0,0.0,0.0,0.0,0.0,0.0
trinodb__trino-3638,trinodb/trino,Java,dense_minilm,retrieval,11,True,1.5115290829999992,6,3,3,10,0.0,0.0,0.0,0.0,0.0,0.0,0.0,0.0,0.0,0.0,0.0,0.0,0.0,0.0,0.0,0.0,0.0,0.0,0.0,0.0,0.0
trinodb__trino-3638,trinodb/trino,Java,hybrid_rrf,retrieval,11,True,,6,3,3,10,0.0,0.0,0.0,0.0,0.0,0.0,0.0,0.0,0.0,0.0,0.0,0.0,0.0,0.0,0.0,0.0,0.0,0.0,0.0,0.0,0.0
trinodb__trino-3771,trinodb/trino,Java,path_bm25,retrieval,11,True,0.12400441699998055,4,3,1,10,0.0,0.0,0.0,0.0,0.0,0.0,0.0,0.0,0.0,0.0,0.0,0.0,0.0,0.0,0.0,0.0,0.0,0.0,0.0,0.0,0.0
trinodb__trino-3771,trinodb/trino,Java,content_bm25,retrieval,11,True,2.654967666999994,4,3,1,10,0.0,0.0,0.0,0.0,0.0,0.25,0.3333333333333333,0.3333333333333333,0.3333333333333333,0.0,0.25,0.2,0.2,0.3333333333333333,0.0,0.25,0.1,0.1,0.3333333333333333,0.0,0.5
trinodb__trino-3771,trinodb/trino,Java,dense_minilm,retrieval,11,True,4.809092084000014,4,3,1,10,0.0,0.0,0.0,0.0,0.0,0.0,0.0,0.0,0.0,0.0,0.0,0.0,0.0,0.0,0.0,0.0,0.0,0.0,0.0,0.0,0.0
trinodb__trino-3771,trinodb/trino,Java,hybrid_rrf,retrieval,11,True,,4,3,1,10,0.0,0.0,0.0,0.0,0.0,0.25,0.3333333333333333,0.3333333333333333,0.3333333333333333,0.0,0.25,0.2,0.2,0.3333333333333333,0.0,0.25,0.1,0.1,0.3333333333333333,0.0,0.5
trinodb__trino-6074,trinodb/trino,Java,path_bm25,retrieval,11,True,0.06200979099997994,5,2,3,10,0.2,1.0,1.0,0.5,0.0,0.6,1.0,1.0,1.0,0.3333333333333333,0.8,0.8,0.8,1.0,0.6666666666666666,0.8,0.4,0.4,1.0,0.6666666666666666,1.0
trinodb__trino-6074,trinodb/trino,Java,content_bm25,retrieval,11,True,3.291523708999989,5,2,3,10,0.0,0.0,0.0,0.0,0.0,0.0,0.0,0.0,0.0,0.0,0.4,0.4,0.4,1.0,0.0,0.8,0.4,0.4,1.0,0.6666666666666666,0.25
trinodb__trino-6074,trinodb/trino,Java,dense_minilm,retrieval,11,True,5.71007529100001,5,2,3,10,0.0,0.0,0.0,0.0,0.0,0.0,0.0,0.0,0.0,0.0,0.0,0.0,0.0,0.0,0.0,0.4,0.2,0.2,1.0,0.0,0.14285714285714285
trinodb__trino-6074,trinodb/trino,Java,hybrid_rrf,retrieval,11,True,,5,2,3,10,0.2,1.0,1.0,0.5,0.0,0.6,1.0,1.0,1.0,0.3333333333333333,0.6,0.6,0.6,1.0,0.3333333333333333,1.0,0.5,0.5,1.0,1.0,1.0
trinodb__trino-1848,trinodb/trino,Java,path_bm25,retrieval,11,True,0.05281316599996444,3,2,1,10,0.0,0.0,0.0,0.0,0.0,0.0,0.0,0.0,0.0,0.0,0.0,0.0,0.0,0.0,0.0,0.0,0.0,0.0,0.0,0.0,0.0
trinodb__trino-1848,trinodb/trino,Java,content_bm25,retrieval,11,True,2.8598292499999616,3,2,1,10,0.3333333333333333,1.0,1.0,0.5,0.0,0.6666666666666666,0.6666666666666666,0.6666666666666666,1.0,0.0,0.6666666666666666,0.4,0.4,1.0,0.0,0.6666666666666666,0.2,0.2,1.0,0.0,1.0
trinodb__trino-1848,trinodb/trino,Java,dense_minilm,retrieval,11,True,2.2237261249999847,3,2,1,10,0.0,0.0,0.0,0.0,0.0,0.0,0.0,0.0,0.0,0.0,0.0,0.0,0.0,0.0,0.0,0.0,0.0,0.0,0.0,0.0,0.0
trinodb__trino-1848,trinodb/trino,Java,hybrid_rrf,retrieval,11,True,,3,2,1,10,0.0,0.0,0.0,0.0,0.0,0.0,0.0,0.0,0.0,0.0,0.0,0.0,0.0,0.0,0.0,0.6666666666666666,0.2,0.2,1.0,0.0,0.125
trinodb__trino-1090,trinodb/trino,Java,path_bm25,retrieval,11,True,0.05960066599999436,6,3,3,10,0.0,0.0,0.0,0.0,0.0,0.0,0.0,0.0,0.0,0.0,0.0,0.0,0.0,0.0,0.0,0.0,0.0,0.0,0.0,0.0,0.0
trinodb__trino-1090,trinodb/trino,Java,content_bm25,retrieval,11,True,2.5630612499999756,6,3,3,10,0.0,0.0,0.0,0.0,0.0,0.3333333333333333,0.6666666666666666,0.6666666666666666,0.6666666666666666,0.0,0.5,0.6,0.6,0.6666666666666666,0.3333333333333333,0.6666666666666666,0.4,0.4,0.6666666666666666,0.6666666666666666,0.5
trinodb__trino-1090,trinodb/trino,Java,dense_minilm,retrieval,11,True,2.5727432909999948,6,3,3,10,0.0,0.0,0.0,0.0,0.0,0.0,0.0,0.0,0.0,0.0,0.0,0.0,0.0,0.0,0.0,0.0,0.0,0.0,0.0,0.0,0.0
trinodb__trino-1090,trinodb/trino,Java,hybrid_rrf,retrieval,11,True,,6,3,3,10,0.0,0.0,0.0,0.0,0.0,0.0,0.0,0.0,0.0,0.0,0.0,0.0,0.0,0.0,0.0,0.0,0.0,0.0,0.0,0.0,0.0
mrdoob__three.js-14566,mrdoob/three.js,JavaScript,path_bm25,retrieval,11,True,0.06381591700005629,5,4,1,10,0.0,0.0,0.0,0.0,0.0,0.2,0.3333333333333333,0.3333333333333333,0.25,0.0,0.2,0.2,0.2,0.25,0.0,0.2,0.1,0.1,0.25,0.0,0.3333333333333333
mrdoob__three.js-14566,mrdoob/three.js,JavaScript,content_bm25,retrieval,11,True,5.156112583999857,5,4,1,10,0.0,0.0,0.0,0.0,0.0,0.0,0.0,0.0,0.0,0.0,0.0,0.0,0.0,0.0,0.0,0.0,0.0,0.0,0.0,0.0,0.0
mrdoob__three.js-14566,mrdoob/three.js,JavaScript,dense_minilm,retrieval,11,True,2.526444665999861,5,4,1,10,0.0,0.0,0.0,0.0,0.0,0.0,0.0,0.0,0.0,0.0,0.0,0.0,0.0,0.0,0.0,0.2,0.1,0.1,0.25,0.0,0.14285714285714285
mrdoob__three.js-14566,mrdoob/three.js,JavaScript,hybrid_rrf,retrieval,11,True,,5,4,1,10,0.2,1.0,1.0,0.25,0.0,0.2,0.3333333333333333,0.3333333333333333,0.25,0.0,0.2,0.2,0.2,0.25,0.0,0.2,0.1,0.1,0.25,0.0,1.0
mrdoob__three.js-17649,mrdoob/three.js,JavaScript,path_bm25,retrieval,11,True,0.02483562499992331,18,17,1,10,0.0,0.0,0.0,0.0,0.0,0.0,0.0,0.0,0.0,0.0,0.0,0.0,0.0,0.0,0.0,0.0,0.0,0.0,0.0,0.0,0.0
mrdoob__three.js-17649,mrdoob/three.js,JavaScript,content_bm25,retrieval,11,True,3.0334525420000773,18,17,1,10,0.05555555555555555,1.0,1.0,0.058823529411764705,0.0,0.1111111111111111,0.6666666666666666,0.6666666666666666,0.11764705882352941,0.0,0.1111111111111111,0.4,0.4,0.11764705882352941,0.0,0.1111111111111111,0.2,0.2,0.11764705882352941,0.0,1.0
mrdoob__three.js-17649,mrdoob/three.js,JavaScript,dense_minilm,retrieval,11,True,19.506410749999986,18,17,1,10,0.0,0.0,0.0,0.0,0.0,0.05555555555555555,0.3333333333333333,0.3333333333333333,0.058823529411764705,0.0,0.05555555555555555,0.2,0.2,0.058823529411764705,0.0,0.16666666666666666,0.3,0.3,0.17647058823529413,0.0,0.3333333333333333
mrdoob__three.js-17649,mrdoob/three.js,JavaScript,hybrid_rrf,retrieval,11,True,,18,17,1,10,0.05555555555555555,1.0,1.0,0.058823529411764705,0.0,0.1111111111111111,0.6666666666666666,0.6666666666666666,0.11764705882352941,0.0,0.16666666666666666,0.6,0.6,0.17647058823529413,0.0,0.2777777777777778,0.5,0.5,0.23529411764705882,1.0,1.0
mrdoob__three.js-20478,mrdoob/three.js,JavaScript,path_bm25,retrieval,11,True,0.055429874999958884,4,3,1,10,0.0,0.0,0.0,0.0,0.0,0.0,0.0,0.0,0.0,0.0,0.0,0.0,0.0,0.0,0.0,0.0,0.0,0.0,0.0,0.0,0.0
mrdoob__three.js-20478,mrdoob/three.js,JavaScript,content_bm25,retrieval,11,True,4.474493083000084,4,3,1,10,0.0,0.0,0.0,0.0,0.0,0.0,0.0,0.0,0.0,0.0,0.5,0.4,0.4,0.6666666666666666,0.0,0.5,0.2,0.2,0.6666666666666666,0.0,0.25
mrdoob__three.js-20478,mrdoob/three.js,JavaScript,dense_minilm,retrieval,11,True,18.277016290999995,4,3,1,10,0.0,0.0,0.0,0.0,0.0,0.0,0.0,0.0,0.0,0.0,0.0,0.0,0.0,0.0,0.0,0.0,0.0,0.0,0.0,0.0,0.0
mrdoob__three.js-20478,mrdoob/three.js,JavaScript,hybrid_rrf,retrieval,11,True,,4,3,1,10,0.25,1.0,1.0,0.3333333333333333,0.0,0.25,0.3333333333333333,0.3333333333333333,0.3333333333333333,0.0,0.25,0.2,0.2,0.3333333333333333,0.0,0.25,0.1,0.1,0.3333333333333333,0.0,1.0
mrdoob__three.js-21532,mrdoob/three.js,JavaScript,path_bm25,retrieval,11,True,0.016119624999987536,5,4,1,10,0.0,0.0,0.0,0.0,0.0,0.0,0.0,0.0,0.0,0.0,0.4,0.4,0.4,0.5,0.0,0.6,0.3,0.3,0.75,0.0,0.25
mrdoob__three.js-21532,mrdoob/three.js,JavaScript,content_bm25,retrieval,11,True,3.178484084000047,5,4,1,10,0.0,0.0,0.0,0.0,0.0,0.2,0.3333333333333333,0.3333333333333333,0.25,0.0,0.2,0.2,0.2,0.25,0.0,0.4,0.2,0.2,0.5,0.0,0.5
mrdoob__three.js-21532,mrdoob/three.js,JavaScript,dense_minilm,retrieval,11,True,11.501112332999924,5,4,1,10,0.0,0.0,0.0,0.0,0.0,0.2,0.3333333333333333,0.3333333333333333,0.25,0.0,0.2,0.2,0.2,0.25,0.0,0.2,0.1,0.1,0.25,0.0,0.5
mrdoob__three.js-21532,mrdoob/three.js,JavaScript,hybrid_rrf,retrieval,11,True,,5,4,1,10,0.2,1.0,1.0,0.25,0.0,0.4,0.6666666666666666,0.6666666666666666,0.5,0.0,0.6,0.6,0.6,0.5,1.0,0.8,0.4,0.4,0.75,1.0,1.0
mrdoob__three.js-21826,mrdoob/three.js,JavaScript,path_bm25,retrieval,11,True,0.05626820800000587,5,4,1,10,0.2,1.0,1.0,0.25,0.0,0.4,0.6666666666666666,0.6666666666666666,0.5,0.0,0.8,0.8,0.8,1.0,0.0,1.0,0.5,0.5,1.0,1.0,1.0
mrdoob__three.js-21826,mrdoob/three.js,JavaScript,content_bm25,retrieval,11,True,7.50235941699998,5,4,1,10,0.0,0.0,0.0,0.0,0.0,0.2,0.3333333333333333,0.3333333333333333,0.25,0.0,0.2,0.2,0.2,0.25,0.0,0.2,0.1,0.1,0.25,0.0,0.3333333333333333
mrdoob__three.js-21826,mrdoob/three.js,JavaScript,dense_minilm,retrieval,11,True,7.245405708000021,5,4,1,10,0.0,0.0,0.0,0.0,0.0,0.0,0.0,0.0,0.0,0.0,0.0,0.0,0.0,0.0,0.0,0.0,0.0,0.0,0.0,0.0,0.0
mrdoob__three.js-21826,mrdoob/three.js,JavaScript,hybrid_rrf,retrieval,11,True,,5,4,1,10,0.2,1.0,1.0,0.25,0.0,0.2,0.3333333333333333,0.3333333333333333,0.25,0.0,0.2,0.2,0.2,0.25,0.0,0.2,0.1,0.1,0.25,0.0,1.0
mrdoob__three.js-23596,mrdoob/three.js,JavaScript,path_bm25,retrieval,11,True,0.03348975000005794,3,2,1,10,0.0,0.0,0.0,0.0,0.0,0.0,0.0,0.0,0.0,0.0,0.0,0.0,0.0,0.0,0.0,0.3333333333333333,0.1,0.1,0.5,0.0,0.1
mrdoob__three.js-23596,mrdoob/three.js,JavaScript,content_bm25,retrieval,11,True,4.505718000000002,3,2,1,10,0.0,0.0,0.0,0.0,0.0,0.0,0.0,0.0,0.0,0.0,0.0,0.0,0.0,0.0,0.0,0.0,0.0,0.0,0.0,0.0,0.0
mrdoob__three.js-23596,mrdoob/three.js,JavaScript,dense_minilm,retrieval,11,True,17.191244083000015,3,2,1,10,0.0,0.0,0.0,0.0,0.0,0.0,0.0,0.0,0.0,0.0,0.0,0.0,0.0,0.0,0.0,0.0,0.0,0.0,0.0,0.0,0.0
mrdoob__three.js-23596,mrdoob/three.js,JavaScript,hybrid_rrf,retrieval,11,True,,3,2,1,10,0.0,0.0,0.0,0.0,0.0,0.0,0.0,0.0,0.0,0.0,0.0,0.0,0.0,0.0,0.0,0.3333333333333333,0.1,0.1,0.5,0.0,0.16666666666666666
mrdoob__three.js-23796,mrdoob/three.js,JavaScript,path_bm25,retrieval,11,True,0.0315035840001201,15,9,6,10,0.0,0.0,0.0,0.0,0.0,0.06666666666666667,0.3333333333333333,0.3333333333333333,0.0,0.16666666666666666,0.06666666666666667,0.2,0.2,0.0,0.16666666666666666,0.13333333333333333,0.2,0.2,0.0,0.3333333333333333,0.3333333333333333
mrdoob__three.js-23796,mrdoob/three.js,JavaScript,content_bm25,retrieval,11,True,3.7380130419999205,15,9,6,10,0.0,0.0,0.0,0.0,0.0,0.0,0.0,0.0,0.0,0.0,0.0,0.0,0.0,0.0,0.0,0.0,0.0,0.0,0.0,0.0,0.0
mrdoob__three.js-23796,mrdoob/three.js,JavaScript,dense_minilm,retrieval,11,True,0.8402070839999851,15,9,6,10,0.0,0.0,0.0,0.0,0.0,0.13333333333333333,0.6666666666666666,0.6666666666666666,0.0,0.3333333333333333,0.13333333333333333,0.4,0.4,0.0,0.3333333333333333,0.26666666666666666,0.4,0.4,0.1111111111111111,0.5,0.5
mrdoob__three.js-23796,mrdoob/three.js,JavaScript,hybrid_rrf,retrieval,11,True,,15,9,6,10,0.0,0.0,0.0,0.0,0.0,0.06666666666666667,0.3333333333333333,0.3333333333333333,0.0,0.16666666666666666,0.13333333333333333,0.4,0.4,0.0,0.3333333333333333,0.3333333333333333,0.5,0.5,0.2222222222222222,0.5,0.5
sveltejs__svelte-778,sveltejs/svelte,JavaScript,path_bm25,retrieval,11,True,0.006131874999994125,5,4,1,10,0.0,0.0,0.0,0.0,0.0,0.0,0.0,0.0,0.0,0.0,0.0,0.0,0.0,0.0,0.0,0.0,0.0,0.0,0.0,0.0,0.0
sveltejs__svelte-778,sveltejs/svelte,JavaScript,content_bm25,retrieval,11,True,0.0477654999999686,5,4,1,10,0.0,0.0,0.0,0.0,0.0,0.0,0.0,0.0,0.0,0.0,0.0,0.0,0.0,0.0,0.0,0.0,0.0,0.0,0.0,0.0,0.0
sveltejs__svelte-778,sveltejs/svelte,JavaScript,dense_minilm,retrieval,11,True,7.748253583999997,5,4,1,10,0.0,0.0,0.0,0.0,0.0,0.0,0.0,0.0,0.0,0.0,0.0,0.0,0.0,0.0,0.0,0.0,0.0,0.0,0.0,0.0,0.0
sveltejs__svelte-778,sveltejs/svelte,JavaScript,hybrid_rrf,retrieval,11,True,,5,4,1,10,0.0,0.0,0.0,0.0,0.0,0.0,0.0,0.0,0.0,0.0,0.0,0.0,0.0,0.0,0.0,0.0,0.0,0.0,0.0,0.0,0.0
sveltejs__svelte-785,sveltejs/svelte,JavaScript,path_bm25,retrieval,11,True,0.017647583999973904,25,1,24,10,0.0,0.0,0.0,0.0,0.0,0.0,0.0,0.0,0.0,0.0,0.0,0.0,0.0,0.0,0.0,0.0,0.0,0.0,0.0,0.0,0.0
sveltejs__svelte-785,sveltejs/svelte,JavaScript,content_bm25,retrieval,11,True,0.05599816699998428,25,1,24,10,0.0,0.0,0.0,0.0,0.0,0.0,0.0,0.0,0.0,0.0,0.0,0.0,0.0,0.0,0.0,0.0,0.0,0.0,0.0,0.0,0.0
sveltejs__svelte-785,sveltejs/svelte,JavaScript,dense_minilm,retrieval,11,True,0.3580266669999901,25,1,24,10,0.04,1.0,1.0,0.0,0.041666666666666664,0.08,0.6666666666666666,0.6666666666666666,0.0,0.08333333333333333,0.08,0.4,0.4,0.0,0.08333333333333333,0.2,0.5,0.5,0.0,0.20833333333333334,1.0
sveltejs__svelte-785,sveltejs/svelte,JavaScript,hybrid_rrf,retrieval,11,True,,25,1,24,10,0.0,0.0,0.0,0.0,0.0,0.08,0.6666666666666666,0.6666666666666666,0.0,0.08333333333333333,0.08,0.4,0.4,0.0,0.08333333333333333,0.24,0.6,0.6,0.0,0.25,0.5
sveltejs__svelte-1148,sveltejs/svelte,JavaScript,path_bm25,retrieval,11,True,0.01645191599999407,9,4,5,10,0.0,0.0,0.0,0.0,0.0,0.0,0.0,0.0,0.0,0.0,0.0,0.0,0.0,0.0,0.0,0.0,0.0,0.0,0.0,0.0,0.0
sveltejs__svelte-1148,sveltejs/svelte,JavaScript,content_bm25,retrieval,11,True,0.05762587499998517,9,4,5,10,0.0,0.0,0.0,0.0,0.0,0.0,0.0,0.0,0.0,0.0,0.0,0.0,0.0,0.0,0.0,0.2222222222222222,0.2,0.2,0.25,0.2,0.125
sveltejs__svelte-1148,sveltejs/svelte,JavaScript,dense_minilm,retrieval,11,True,3.7202879999999823,9,4,5,10,0.1111111111111111,1.0,1.0,0.0,0.2,0.3333333333333333,1.0,1.0,0.0,0.6,0.4444444444444444,0.8,0.8,0.0,0.8,0.4444444444444444,0.4,0.4,0.0,0.8,1.0
sveltejs__svelte-1148,sveltejs/svelte,JavaScript,hybrid_rrf,retrieval,11,True,,9,4,5,10,0.1111111111111111,1.0,1.0,0.0,0.2,0.3333333333333333,1.0,1.0,0.0,0.6,0.4444444444444444,0.8,0.8,0.0,0.8,0.4444444444444444,0.4,0.4,0.0,0.8,1.0
sveltejs__svelte-1811,sveltejs/svelte,JavaScript,path_bm25,retrieval,11,True,0.009637750000024425,20,2,18,10,0.0,0.0,0.0,0.0,0.0,0.0,0.0,0.0,0.0,0.0,0.0,0.0,0.0,0.0,0.0,0.0,0.0,0.0,0.0,0.0,0.0
sveltejs__svelte-1811,sveltejs/svelte,JavaScript,content_bm25,retrieval,11,True,0.07875854200000276,20,2,18,10,0.0,0.0,0.0,0.0,0.0,0.0,0.0,0.0,0.0,0.0,0.0,0.0,0.0,0.0,0.0,0.15,0.3,0.3,0.0,0.16666666666666666,0.14285714285714285
sveltejs__svelte-1811,sveltejs/svelte,JavaScript,dense_minilm,retrieval,11,True,3.6501601250000135,20,2,18,10,0.05,1.0,1.0,0.0,0.05555555555555555,0.15,1.0,1.0,0.0,0.16666666666666666,0.15,0.6,0.6,0.0,0.16666666666666666,0.3,0.6,0.6,0.0,0.3333333333333333,1.0
sveltejs__svelte-1811,sveltejs/svelte,JavaScript,hybrid_rrf,retrieval,11,True,,20,2,18,10,0.05,1.0,1.0,0.0,0.05555555555555555,0.1,0.6666666666666666,0.6666666666666666,0.0,0.1111111111111111,0.1,0.4,0.4,0.0,0.1111111111111111,0.25,0.5,0.5,0.0,0.2777777777777778,1.0
sveltejs__svelte-2187,sveltejs/svelte,JavaScript,path_bm25,retrieval,11,True,0.02073400000000447,12,4,8,10,0.0,0.0,0.0,0.0,0.0,0.0,0.0,0.0,0.0,0.0,0.0,0.0,0.0,0.0,0.0,0.0,0.0,0.0,0.0,0.0,0.0
sveltejs__svelte-2187,sveltejs/svelte,JavaScript,content_bm25,retrieval,11,True,0.2532440420000057,12,4,8,10,0.0,0.0,0.0,0.0,0.0,0.0,0.0,0.0,0.0,0.0,0.0,0.0,0.0,0.0,0.0,0.0,0.0,0.0,0.0,0.0,0.0
sveltejs__svelte-2187,sveltejs/svelte,JavaScript,dense_minilm,retrieval,11,True,4.141177166999967,12,4,8,10,0.08333333333333333,1.0,1.0,0.0,0.125,0.16666666666666666,0.6666666666666666,0.6666666666666666,0.0,0.25,0.16666666666666666,0.4,0.4,0.0,0.25,0.25,0.3,0.3,0.0,0.375,1.0
sveltejs__svelte-2187,sveltejs/svelte,JavaScript,hybrid_rrf,retrieval,11,True,,12,4,8,10,0.0,0.0,0.0,0.0,0.0,0.0,0.0,0.0,0.0,0.0,0.0,0.0,0.0,0.0,0.0,0.16666666666666666,0.2,0.2,0.0,0.25,0.16666666666666666
sveltejs__svelte-5442,sveltejs/svelte,JavaScript,path_bm25,retrieval,11,True,0.023463042000003043,8,5,3,10,0.0,0.0,0.0,0.0,0.0,0.0,0.0,0.0,0.0,0.0,0.0,0.0,0.0,0.0,0.0,0.0,0.0,0.0,0.0,0.0,0.0
sveltejs__svelte-5442,sveltejs/svelte,JavaScript,content_bm25,retrieval,11,True,0.18367362499998308,8,5,3,10,0.0,0.0,0.0,0.0,0.0,0.0,0.0,0.0,0.0,0.0,0.0,0.0,0.0,0.0,0.0,0.0,0.0,0.0,0.0,0.0,0.0
sveltejs__svelte-5442,sveltejs/svelte,JavaScript,dense_minilm,retrieval,11,True,3.4167450830000234,8,5,3,10,0.0,0.0,0.0,0.0,0.0,0.125,0.3333333333333333,0.3333333333333333,0.0,0.3333333333333333,0.125,0.2,0.2,0.0,0.3333333333333333,0.25,0.2,0.2,0.2,0.3333333333333333,0.3333333333333333
sveltejs__svelte-5442,sveltejs/svelte,JavaScript,hybrid_rrf,retrieval,11,True,,8,5,3,10,0.0,0.0,0.0,0.0,0.0,0.125,0.3333333333333333,0.3333333333333333,0.2,0.0,0.125,0.2,0.2,0.2,0.0,0.125,0.1,0.1,0.2,0.0,0.5
sveltejs__svelte-6223,sveltejs/svelte,JavaScript,path_bm25,retrieval,11,True,0.02948900000001231,5,1,4,10,0.0,0.0,0.0,0.0,0.0,0.0,0.0,0.0,0.0,0.0,0.0,0.0,0.0,0.0,0.0,0.0,0.0,0.0,0.0,0.0,0.0
sveltejs__svelte-6223,sveltejs/svelte,JavaScript,content_bm25,retrieval,11,True,0.2104534580000177,5,1,4,10,0.0,0.0,0.0,0.0,0.0,0.0,0.0,0.0,0.0,0.0,0.0,0.0,0.0,0.0,0.0,0.0,0.0,0.0,0.0,0.0,0.0
sveltejs__svelte-6223,sveltejs/svelte,JavaScript,dense_minilm,retrieval,11,True,3.599261084000034,5,1,4,10,0.0,0.0,0.0,0.0,0.0,0.0,0.0,0.0,0.0,0.0,0.0,0.0,0.0,0.0,0.0,0.2,0.1,0.1,0.0,0.25,0.16666666666666666
sveltejs__svelte-6223,sveltejs/svelte,JavaScript,hybrid_rrf,retrieval,11,True,,5,1,4,10,0.0,0.0,0.0,0.0,0.0,0.0,0.0,0.0,0.0,0.0,0.0,0.0,0.0,0.0,0.0,0.0,0.0,0.0,0.0,0.0,0.0
sveltejs__svelte-6528,sveltejs/svelte,JavaScript,path_bm25,retrieval,11,True,0.035514374999991105,4,4,0,10,0.0,0.0,0.0,0.0,,0.0,0.0,0.0,0.0,,0.0,0.0,0.0,0.0,,0.0,0.0,0.0,0.0,,0.0
sveltejs__svelte-6528,sveltejs/svelte,JavaScript,content_bm25,retrieval,11,True,0.16868070800001078,4,4,0,10,0.0,0.0,0.0,0.0,,0.0,0.0,0.0,0.0,,0.0,0.0,0.0,0.0,,0.0,0.0,0.0,0.0,,0.0
sveltejs__svelte-6528,sveltejs/svelte,JavaScript,dense_minilm,retrieval,11,True,2.315135166999994,4,4,0,10,0.0,0.0,0.0,0.0,,0.0,0.0,0.0,0.0,,0.0,0.0,0.0,0.0,,0.0,0.0,0.0,0.0,,0.0
sveltejs__svelte-6528,sveltejs/svelte,JavaScript,hybrid_rrf,retrieval,11,True,,4,4,0,10,0.0,0.0,0.0,0.0,,0.25,0.3333333333333333,0.3333333333333333,0.25,,0.25,0.2,0.2,0.25,,0.25,0.1,0.1,0.25,,0.3333333333333333
sveltejs__svelte-6564,sveltejs/svelte,JavaScript,path_bm25,retrieval,11,True,0.02784924999997429,1,1,0,10,0.0,0.0,0.0,0.0,,0.0,0.0,0.0,0.0,,0.0,0.0,0.0,0.0,,0.0,0.0,0.0,0.0,,0.0
sveltejs__svelte-6564,sveltejs/svelte,JavaScript,content_bm25,retrieval,11,True,0.22087316699997928,1,1,0,10,0.0,0.0,0.0,0.0,,0.0,0.0,0.0,0.0,,0.0,0.0,0.0,0.0,,0.0,0.0,0.0,0.0,,0.0
sveltejs__svelte-6564,sveltejs/svelte,JavaScript,dense_minilm,retrieval,11,True,0.6642111660000296,1,1,0,10,0.0,0.0,0.0,0.0,,0.0,0.0,0.0,0.0,,0.0,0.0,0.0,0.0,,0.0,0.0,0.0,0.0,,0.0
sveltejs__svelte-6564,sveltejs/svelte,JavaScript,hybrid_rrf,retrieval,11,True,,1,1,0,10,0.0,0.0,0.0,0.0,,0.0,0.0,0.0,0.0,,0.0,0.0,0.0,0.0,,0.0,0.0,0.0,0.0,,0.0
sveltejs__svelte-6613,sveltejs/svelte,JavaScript,path_bm25,retrieval,11,True,0.024842874999990272,2,1,1,10,0.0,0.0,0.0,0.0,0.0,0.0,0.0,0.0,0.0,0.0,0.0,0.0,0.0,0.0,0.0,0.0,0.0,0.0,0.0,0.0,0.0
sveltejs__svelte-6613,sveltejs/svelte,JavaScript,content_bm25,retrieval,11,True,0.19001312500000722,2,1,1,10,0.0,0.0,0.0,0.0,0.0,0.0,0.0,0.0,0.0,0.0,0.0,0.0,0.0,0.0,0.0,0.0,0.0,0.0,0.0,0.0,0.0
sveltejs__svelte-6613,sveltejs/svelte,JavaScript,dense_minilm,retrieval,11,True,0.44888004199998477,2,1,1,10,0.0,0.0,0.0,0.0,0.0,0.0,0.0,0.0,0.0,0.0,0.0,0.0,0.0,0.0,0.0,0.0,0.0,0.0,0.0,0.0,0.0
sveltejs__svelte-6613,sveltejs/svelte,JavaScript,hybrid_rrf,retrieval,11,True,,2,1,1,10,0.0,0.0,0.0,0.0,0.0,0.0,0.0,0.0,0.0,0.0,0.0,0.0,0.0,0.0,0.0,0.0,0.0,0.0,0.0,0.0,0.0
sveltejs__svelte-6838,sveltejs/svelte,JavaScript,path_bm25,retrieval,11,True,0.05014112499998191,3,2,1,10,0.0,0.0,0.0,0.0,0.0,0.3333333333333333,0.3333333333333333,0.3333333333333333,0.0,1.0,0.3333333333333333,0.2,0.2,0.0,1.0,0.3333333333333333,0.1,0.1,0.0,1.0,0.5
sveltejs__svelte-6838,sveltejs/svelte,JavaScript,content_bm25,retrieval,11,True,0.24390629200001968,3,2,1,10,0.0,0.0,0.0,0.0,0.0,0.0,0.0,0.0,0.0,0.0,0.3333333333333333,0.2,0.2,0.5,0.0,0.3333333333333333,0.1,0.1,0.5,0.0,0.2
sveltejs__svelte-6838,sveltejs/svelte,JavaScript,dense_minilm,retrieval,11,True,1.351692958000001,3,2,1,10,0.3333333333333333,1.0,1.0,0.0,1.0,0.3333333333333333,0.3333333333333333,0.3333333333333333,0.0,1.0,0.3333333333333333,0.2,0.2,0.0,1.0,0.3333333333333333,0.1,0.1,0.0,1.0,1.0
sveltejs__svelte-6838,sveltejs/svelte,JavaScript,hybrid_rrf,retrieval,11,True,,3,2,1,10,0.3333333333333333,1.0,1.0,0.0,1.0,0.3333333333333333,0.3333333333333333,0.3333333333333333,0.0,1.0,0.3333333333333333,0.2,0.2,0.0,1.0,0.3333333333333333,0.1,0.1,0.0,1.0,1.0
prettier__prettier-16765,prettier/prettier,JavaScript,path_bm25,retrieval,11,True,0.07085537500000783,1,1,0,10,0.0,0.0,0.0,0.0,,0.0,0.0,0.0,0.0,,0.0,0.0,0.0,0.0,,0.0,0.0,0.0,0.0,,0.0
prettier__prettier-16765,prettier/prettier,JavaScript,content_bm25,retrieval,11,True,1.1050821669999777,1,1,0,10,0.0,0.0,0.0,0.0,,0.0,0.0,0.0,0.0,,0.0,0.0,0.0,0.0,,0.0,0.0,0.0,0.0,,0.0
prettier__prettier-16765,prettier/prettier,JavaScript,dense_minilm,retrieval,11,True,11.588638666000008,1,1,0,10,0.0,0.0,0.0,0.0,,0.0,0.0,0.0,0.0,,0.0,0.0,0.0,0.0,,0.0,0.0,0.0,0.0,,0.0
prettier__prettier-16765,prettier/prettier,JavaScript,hybrid_rrf,retrieval,11,True,,1,1,0,10,0.0,0.0,0.0,0.0,,0.0,0.0,0.0,0.0,,0.0,0.0,0.0,0.0,,0.0,0.0,0.0,0.0,,0.0
prettier__prettier-14317,prettier/prettier,JavaScript,path_bm25,retrieval,11,True,0.044329166000011355,4,3,1,10,0.0,0.0,0.0,0.0,0.0,0.0,0.0,0.0,0.0,0.0,0.0,0.0,0.0,0.0,0.0,0.0,0.0,0.0,0.0,0.0,0.0
prettier__prettier-14317,prettier/prettier,JavaScript,content_bm25,retrieval,11,True,0.7774136249999515,4,3,1,10,0.0,0.0,0.0,0.0,0.0,0.25,0.3333333333333333,0.3333333333333333,0.3333333333333333,0.0,0.25,0.2,0.2,0.3333333333333333,0.0,0.25,0.1,0.1,0.3333333333333333,0.0,0.5
prettier__prettier-14317,prettier/prettier,JavaScript,dense_minilm,retrieval,11,True,15.09584479199998,4,3,1,10,0.0,0.0,0.0,0.0,0.0,0.0,0.0,0.0,0.0,0.0,0.0,0.0,0.0,0.0,0.0,0.0,0.0,0.0,0.0,0.0,0.0
prettier__prettier-14317,prettier/prettier,JavaScript,hybrid_rrf,retrieval,11,True,,4,3,1,10,0.0,0.0,0.0,0.0,0.0,0.0,0.0,0.0,0.0,0.0,0.0,0.0,0.0,0.0,0.0,0.0,0.0,0.0,0.0,0.0,0.0
prettier__prettier-14108,prettier/prettier,JavaScript,path_bm25,retrieval,11,True,0.17537624999999935,3,2,1,10,0.3333333333333333,1.0,1.0,0.5,0.0,0.3333333333333333,0.3333333333333333,0.3333333333333333,0.5,0.0,0.3333333333333333,0.2,0.2,0.5,0.0,0.6666666666666666,0.2,0.2,1.0,0.0,1.0
prettier__prettier-14108,prettier/prettier,JavaScript,content_bm25,retrieval,11,True,1.0141977920000045,3,2,1,10,0.3333333333333333,1.0,1.0,0.5,0.0,0.3333333333333333,0.3333333333333333,0.3333333333333333,0.5,0.0,0.3333333333333333,0.2,0.2,0.5,0.0,0.6666666666666666,0.2,0.2,0.5,1.0,1.0
prettier__prettier-14108,prettier/prettier,JavaScript,dense_minilm,retrieval,11,True,3.6364339169999766,3,2,1,10,0.0,0.0,0.0,0.0,0.0,0.0,0.0,0.0,0.0,0.0,0.0,0.0,0.0,0.0,0.0,0.3333333333333333,0.1,0.1,0.5,0.0,0.14285714285714285
prettier__prettier-14108,prettier/prettier,JavaScript,hybrid_rrf,retrieval,11,True,,3,2,1,10,0.3333333333333333,1.0,1.0,0.5,0.0,0.3333333333333333,0.3333333333333333,0.3333333333333333,0.5,0.0,0.3333333333333333,0.2,0.2,0.5,0.0,0.6666666666666666,0.2,0.2,1.0,0.0,1.0
prettier__prettier-10910,prettier/prettier,JavaScript,path_bm25,retrieval,11,True,0.03782254100002547,17,8,9,10,0.0,0.0,0.0,0.0,0.0,0.0,0.0,0.0,0.0,0.0,0.058823529411764705,0.2,0.2,0.125,0.0,0.058823529411764705,0.1,0.1,0.125,0.0,0.2
prettier__prettier-10910,prettier/prettier,JavaScript,content_bm25,retrieval,11,True,0.5023530420000384,17,8,9,10,0.0,0.0,0.0,0.0,0.0,0.0,0.0,0.0,0.0,0.0,0.0,0.0,0.0,0.0,0.0,0.0,0.0,0.0,0.0,0.0,0.0
prettier__prettier-10910,prettier/prettier,JavaScript,dense_minilm,retrieval,11,True,3.0375949579999997,17,8,9,10,0.0,0.0,0.0,0.0,0.0,0.0,0.0,0.0,0.0,0.0,0.0,0.0,0.0,0.0,0.0,0.0,0.0,0.0,0.0,0.0,0.0
prettier__prettier-10910,prettier/prettier,JavaScript,hybrid_rrf,retrieval,11,True,,17,8,9,10,0.0,0.0,0.0,0.0,0.0,0.058823529411764705,0.3333333333333333,0.3333333333333333,0.125,0.0,0.058823529411764705,0.2,0.2,0.125,0.0,0.058823529411764705,0.1,0.1,0.125,0.0,0.5
prettier__prettier-10109,prettier/prettier,JavaScript,path_bm25,retrieval,11,True,0.029599166000025434,3,1,2,10,0.0,0.0,0.0,0.0,0.0,0.0,0.0,0.0,0.0,0.0,0.0,0.0,0.0,0.0,0.0,0.0,0.0,0.0,0.0,0.0,0.0
prettier__prettier-10109,prettier/prettier,JavaScript,content_bm25,retrieval,11,True,0.49611591600000793,3,1,2,10,0.0,0.0,0.0,0.0,0.0,0.0,0.0,0.0,0.0,0.0,0.0,0.0,0.0,0.0,0.0,0.0,0.0,0.0,0.0,0.0,0.0
prettier__prettier-10109,prettier/prettier,JavaScript,dense_minilm,retrieval,11,True,9.162163207999981,3,1,2,10,0.0,0.0,0.0,0.0,0.0,0.0,0.0,0.0,0.0,0.0,0.3333333333333333,0.2,0.2,0.0,0.5,0.3333333333333333,0.1,0.1,0.0,0.5,0.2
prettier__prettier-10109,prettier/prettier,JavaScript,hybrid_rrf,retrieval,11,True,,3,1,2,10,0.0,0.0,0.0,0.0,0.0,0.0,0.0,0.0,0.0,0.0,0.3333333333333333,0.2,0.2,0.0,0.5,0.3333333333333333,0.1,0.1,0.0,0.5,0.25
prettier__prettier-8465,prettier/prettier,JavaScript,path_bm25,retrieval,11,True,0.03535833399996591,7,4,3,10,0.0,0.0,0.0,0.0,0.0,0.0,0.0,0.0,0.0,0.0,0.0,0.0,0.0,0.0,0.0,0.0,0.0,0.0,0.0,0.0,0.0
prettier__prettier-8465,prettier/prettier,JavaScript,content_bm25,retrieval,11,True,0.5755629170000134,7,4,3,10,0.0,0.0,0.0,0.0,0.0,0.0,0.0,0.0,0.0,0.0,0.0,0.0,0.0,0.0,0.0,0.0,0.0,0.0,0.0,0.0,0.0
prettier__prettier-8465,prettier/prettier,JavaScript,dense_minilm,retrieval,11,True,1.788501750000023,7,4,3,10,0.0,0.0,0.0,0.0,0.0,0.0,0.0,0.0,0.0,0.0,0.0,0.0,0.0,0.0,0.0,0.14285714285714285,0.1,0.1,0.25,0.0,0.14285714285714285
prettier__prettier-8465,prettier/prettier,JavaScript,hybrid_rrf,retrieval,11,True,,7,4,3,10,0.0,0.0,0.0,0.0,0.0,0.0,0.0,0.0,0.0,0.0,0.0,0.0,0.0,0.0,0.0,0.0,0.0,0.0,0.0,0.0,0.0
prettier__prettier-8381,prettier/prettier,JavaScript,path_bm25,retrieval,11,True,0.05148508299998866,10,10,0,10,0.0,0.0,0.0,0.0,,0.0,0.0,0.0,0.0,,0.0,0.0,0.0,0.0,,0.0,0.0,0.0,0.0,,0.0
prettier__prettier-8381,prettier/prettier,JavaScript,content_bm25,retrieval,11,True,0.46928795799999534,10,10,0,10,0.0,0.0,0.0,0.0,,0.0,0.0,0.0,0.0,,0.0,0.0,0.0,0.0,,0.0,0.0,0.0,0.0,,0.0
prettier__prettier-8381,prettier/prettier,JavaScript,dense_minilm,retrieval,11,True,0.41407499999996844,10,10,0,10,0.0,0.0,0.0,0.0,,0.0,0.0,0.0,0.0,,0.0,0.0,0.0,0.0,,0.0,0.0,0.0,0.0,,0.0
prettier__prettier-8381,prettier/prettier,JavaScript,hybrid_rrf,retrieval,11,True,,10,10,0,10,0.0,0.0,0.0,0.0,,0.0,0.0,0.0,0.0,,0.0,0.0,0.0,0.0,,0.0,0.0,0.0,0.0,,0.0
prettier__prettier-4667,prettier/prettier,JavaScript,path_bm25,retrieval,11,True,0.0361600829999702,2,1,1,10,0.0,0.0,0.0,0.0,0.0,0.0,0.0,0.0,0.0,0.0,0.0,0.0,0.0,0.0,0.0,0.0,0.0,0.0,0.0,0.0,0.0
prettier__prettier-4667,prettier/prettier,JavaScript,content_bm25,retrieval,11,True,0.25489641699999765,2,1,1,10,0.0,0.0,0.0,0.0,0.0,0.0,0.0,0.0,0.0,0.0,0.0,0.0,0.0,0.0,0.0,0.0,0.0,0.0,0.0,0.0,0.0
prettier__prettier-4667,prettier/prettier,JavaScript,dense_minilm,retrieval,11,True,16.321544416999984,2,1,1,10,0.0,0.0,0.0,0.0,0.0,0.0,0.0,0.0,0.0,0.0,0.0,0.0,0.0,0.0,0.0,0.0,0.0,0.0,0.0,0.0,0.0
prettier__prettier-4667,prettier/prettier,JavaScript,hybrid_rrf,retrieval,11,True,,2,1,1,10,0.0,0.0,0.0,0.0,0.0,0.0,0.0,0.0,0.0,0.0,0.0,0.0,0.0,0.0,0.0,0.0,0.0,0.0,0.0,0.0,0.0
prettier__prettier-3903,prettier/prettier,JavaScript,path_bm25,retrieval,11,True,0.04306462499999952,99,1,98,10,0.0,0.0,0.0,0.0,0.0,0.0,0.0,0.0,0.0,0.0,0.0,0.0,0.0,0.0,0.0,0.0,0.0,0.0,0.0,0.0,0.0
prettier__prettier-3903,prettier/prettier,JavaScript,content_bm25,retrieval,11,True,0.7458502090000252,99,1,98,10,0.0,0.0,0.0,0.0,0.0,0.0,0.0,0.0,0.0,0.0,0.0,0.0,0.0,0.0,0.0,0.0,0.0,0.0,0.0,0.0,0.0
prettier__prettier-3903,prettier/prettier,JavaScript,dense_minilm,retrieval,11,True,4.946212084000024,99,1,98,10,0.0,0.0,0.0,0.0,0.0,0.0,0.0,0.0,0.0,0.0,0.0,0.0,0.0,0.0,0.0,0.0,0.0,0.0,0.0,0.0,0.0
prettier__prettier-3903,prettier/prettier,JavaScript,hybrid_rrf,retrieval,11,True,,99,1,98,10,0.0,0.0,0.0,0.0,0.0,0.0,0.0,0.0,0.0,0.0,0.0,0.0,0.0,0.0,0.0,0.0,0.0,0.0,0.0,0.0,0.0
prettier__prettier-3775,prettier/prettier,JavaScript,path_bm25,retrieval,11,True,0.04953800000004094,11,8,3,10,0.0,0.0,0.0,0.0,0.0,0.0,0.0,0.0,0.0,0.0,0.0,0.0,0.0,0.0,0.0,0.0,0.0,0.0,0.0,0.0,0.0
prettier__prettier-3775,prettier/prettier,JavaScript,content_bm25,retrieval,11,True,0.2501169999999888,11,8,3,10,0.0,0.0,0.0,0.0,0.0,0.0,0.0,0.0,0.0,0.0,0.0,0.0,0.0,0.0,0.0,0.18181818181818182,0.2,0.2,0.25,0.0,0.14285714285714285
prettier__prettier-3775,prettier/prettier,JavaScript,dense_minilm,retrieval,11,True,1.228958083000009,11,8,3,10,0.0,0.0,0.0,0.0,0.0,0.0,0.0,0.0,0.0,0.0,0.0,0.0,0.0,0.0,0.0,0.0,0.0,0.0,0.0,0.0,0.0
prettier__prettier-3775,prettier/prettier,JavaScript,hybrid_rrf,retrieval,11,True,,11,8,3,10,0.0,0.0,0.0,0.0,0.0,0.0,0.0,0.0,0.0,0.0,0.0,0.0,0.0,0.0,0.0,0.18181818181818182,0.2,0.2,0.125,0.3333333333333333,0.1111111111111111
prettier__prettier-842,prettier/prettier,JavaScript,path_bm25,retrieval,11,True,0.01068524999999454,1,1,0,10,0.0,0.0,0.0,0.0,,0.0,0.0,0.0,0.0,,0.0,0.0,0.0,0.0,,0.0,0.0,0.0,0.0,,0.0
prettier__prettier-842,prettier/prettier,JavaScript,content_bm25,retrieval,11,True,0.29478995800002394,1,1,0,10,0.0,0.0,0.0,0.0,,1.0,0.3333333333333333,0.3333333333333333,1.0,,1.0,0.2,0.2,1.0,,1.0,0.1,0.1,1.0,,0.3333333333333333
prettier__prettier-842,prettier/prettier,JavaScript,dense_minilm,retrieval,11,True,3.7461220839999783,1,1,0,10,0.0,0.0,0.0,0.0,,0.0,0.0,0.0,0.0,,0.0,0.0,0.0,0.0,,0.0,0.0,0.0,0.0,,0.0
prettier__prettier-842,prettier/prettier,JavaScript,hybrid_rrf,retrieval,11,True,,1,1,0,10,0.0,0.0,0.0,0.0,,0.0,0.0,0.0,0.0,,0.0,0.0,0.0,0.0,,0.0,0.0,0.0,0.0,,0.0
prettier__prettier-661,prettier/prettier,JavaScript,path_bm25,retrieval,11,True,0.035467457999970975,5,5,0,10,0.0,0.0,0.0,0.0,,0.0,0.0,0.0,0.0,,0.0,0.0,0.0,0.0,,0.0,0.0,0.0,0.0,,0.0
prettier__prettier-661,prettier/prettier,JavaScript,content_bm25,retrieval,11,True,0.17389979099999664,5,5,0,10,0.2,1.0,1.0,0.2,,0.4,0.6666666666666666,0.6666666666666666,0.4,,0.4,0.4,0.4,0.4,,0.6,0.3,0.3,0.6,,1.0
prettier__prettier-661,prettier/prettier,JavaScript,dense_minilm,retrieval,11,True,2.1163701660000243,5,5,0,10,0.0,0.0,0.0,0.0,,0.0,0.0,0.0,0.0,,0.0,0.0,0.0,0.0,,0.0,0.0,0.0,0.0,,0.0
prettier__prettier-661,prettier/prettier,JavaScript,hybrid_rrf,retrieval,11,True,,5,5,0,10,0.0,0.0,0.0,0.0,,0.0,0.0,0.0,0.0,,0.0,0.0,0.0,0.0,,0.0,0.0,0.0,0.0,,0.0
serverless__serverless-10120,serverless/serverless,JavaScript,path_bm25,retrieval,11,True,0.018722416000002795,2,1,1,10,0.0,0.0,0.0,0.0,0.0,0.0,0.0,0.0,0.0,0.0,0.0,0.0,0.0,0.0,0.0,0.0,0.0,0.0,0.0,0.0,0.0
serverless__serverless-10120,serverless/serverless,JavaScript,content_bm25,retrieval,11,True,0.3389642089999825,2,1,1,10,0.0,0.0,0.0,0.0,0.0,0.0,0.0,0.0,0.0,0.0,0.0,0.0,0.0,0.0,0.0,0.5,0.1,0.1,0.0,1.0,0.1
serverless__serverless-10120,serverless/serverless,JavaScript,dense_minilm,retrieval,11,True,9.499818249999976,2,1,1,10,0.0,0.0,0.0,0.0,0.0,0.0,0.0,0.0,0.0,0.0,0.5,0.2,0.2,1.0,0.0,0.5,0.1,0.1,1.0,0.0,0.2
serverless__serverless-10120,serverless/serverless,JavaScript,hybrid_rrf,retrieval,11,True,,2,1,1,10,0.0,0.0,0.0,0.0,0.0,0.5,0.3333333333333333,0.3333333333333333,1.0,0.0,0.5,0.2,0.2,1.0,0.0,1.0,0.2,0.2,1.0,1.0,0.3333333333333333
serverless__serverless-8638,serverless/serverless,JavaScript,path_bm25,retrieval,11,True,0.021198166999965906,5,4,1,10,0.0,0.0,0.0,0.0,0.0,0.0,0.0,0.0,0.0,0.0,0.0,0.0,0.0,0.0,0.0,0.0,0.0,0.0,0.0,0.0,0.0
serverless__serverless-8638,serverless/serverless,JavaScript,content_bm25,retrieval,11,True,0.3064737500000092,5,4,1,10,0.2,1.0,1.0,0.25,0.0,0.4,0.6666666666666666,0.6666666666666666,0.5,0.0,0.4,0.4,0.4,0.5,0.0,0.4,0.2,0.2,0.5,0.0,1.0
serverless__serverless-8638,serverless/serverless,JavaScript,dense_minilm,retrieval,11,True,2.2206759160000047,5,4,1,10,0.0,0.0,0.0,0.0,0.0,0.2,0.3333333333333333,0.3333333333333333,0.25,0.0,0.2,0.2,0.2,0.25,0.0,0.2,0.1,0.1,0.25,0.0,0.3333333333333333
serverless__serverless-8638,serverless/serverless,JavaScript,hybrid_rrf,retrieval,11,True,,5,4,1,10,0.2,1.0,1.0,0.25,0.0,0.2,0.3333333333333333,0.3333333333333333,0.25,0.0,0.2,0.2,0.2,0.25,0.0,0.2,0.1,0.1,0.25,0.0,1.0
serverless__serverless-7623,serverless/serverless,JavaScript,path_bm25,retrieval,11,True,0.006807541999990008,4,3,1,10,0.0,0.0,0.0,0.0,0.0,0.25,0.3333333333333333,0.3333333333333333,0.3333333333333333,0.0,0.25,0.2,0.2,0.3333333333333333,0.0,0.25,0.1,0.1,0.3333333333333333,0.0,0.3333333333333333
serverless__serverless-7623,serverless/serverless,JavaScript,content_bm25,retrieval,11,True,0.28515541600000915,4,3,1,10,0.0,0.0,0.0,0.0,0.0,0.25,0.3333333333333333,0.3333333333333333,0.3333333333333333,0.0,0.25,0.2,0.2,0.3333333333333333,0.0,0.25,0.1,0.1,0.3333333333333333,0.0,0.5
serverless__serverless-7623,serverless/serverless,JavaScript,dense_minilm,retrieval,11,True,1.4003278750000163,4,3,1,10,0.0,0.0,0.0,0.0,0.0,0.25,0.3333333333333333,0.3333333333333333,0.3333333333333333,0.0,0.25,0.2,0.2,0.3333333333333333,0.0,0.25,0.1,0.1,0.3333333333333333,0.0,0.5
serverless__serverless-7623,serverless/serverless,JavaScript,hybrid_rrf,retrieval,11,True,,4,3,1,10,0.0,0.0,0.0,0.0,0.0,0.25,0.3333333333333333,0.3333333333333333,0.3333333333333333,0.0,0.25,0.2,0.2,0.3333333333333333,0.0,0.25,0.1,0.1,0.3333333333333333,0.0,0.5
serverless__serverless-7031,serverless/serverless,JavaScript,path_bm25,retrieval,11,True,0.00900950000004741,2,1,1,10,0.0,0.0,0.0,0.0,0.0,0.0,0.0,0.0,0.0,0.0,0.0,0.0,0.0,0.0,0.0,0.5,0.1,0.1,0.0,1.0,0.1111111111111111
serverless__serverless-7031,serverless/serverless,JavaScript,content_bm25,retrieval,11,True,0.31053279099995734,2,1,1,10,0.0,0.0,0.0,0.0,0.0,0.0,0.0,0.0,0.0,0.0,0.5,0.2,0.2,1.0,0.0,0.5,0.1,0.1,1.0,0.0,0.2
serverless__serverless-7031,serverless/serverless,JavaScript,dense_minilm,retrieval,11,True,0.49408012500003906,2,1,1,10,0.0,0.0,0.0,0.0,0.0,0.0,0.0,0.0,0.0,0.0,0.0,0.0,0.0,0.0,0.0,0.0,0.0,0.0,0.0,0.0,0.0
serverless__serverless-7031,serverless/serverless,JavaScript,hybrid_rrf,retrieval,11,True,,2,1,1,10,0.0,0.0,0.0,0.0,0.0,0.5,0.3333333333333333,0.3333333333333333,0.0,1.0,1.0,0.4,0.4,1.0,1.0,1.0,0.2,0.2,1.0,1.0,0.5
serverless__serverless-7024,serverless/serverless,JavaScript,path_bm25,retrieval,11,True,0.009395958000027349,3,2,1,10,0.0,0.0,0.0,0.0,0.0,0.3333333333333333,0.3333333333333333,0.3333333333333333,0.5,0.0,0.3333333333333333,0.2,0.2,0.5,0.0,0.3333333333333333,0.1,0.1,0.5,0.0,0.3333333333333333
serverless__serverless-7024,serverless/serverless,JavaScript,content_bm25,retrieval,11,True,0.27879466699999966,3,2,1,10,0.3333333333333333,1.0,1.0,0.5,0.0,0.3333333333333333,0.3333333333333333,0.3333333333333333,0.5,0.0,0.3333333333333333,0.2,0.2,0.5,0.0,0.6666666666666666,0.2,0.2,1.0,0.0,1.0
serverless__serverless-7024,serverless/serverless,JavaScript,dense_minilm,retrieval,11,True,0.4214634159999946,3,2,1,10,0.3333333333333333,1.0,1.0,0.5,0.0,0.3333333333333333,0.3333333333333333,0.3333333333333333,0.5,0.0,0.6666666666666666,0.4,0.4,1.0,0.0,0.6666666666666666,0.2,0.2,1.0,0.0,1.0
serverless__serverless-7024,serverless/serverless,JavaScript,hybrid_rrf,retrieval,11,True,,3,2,1,10,0.3333333333333333,1.0,1.0,0.5,0.0,0.6666666666666666,0.6666666666666666,0.6666666666666666,1.0,0.0,0.6666666666666666,0.4,0.4,1.0,0.0,0.6666666666666666,0.2,0.2,1.0,0.0,1.0
serverless__serverless-6945,serverless/serverless,JavaScript,path_bm25,retrieval,11,True,0.0058744159999832846,4,3,1,10,0.0,0.0,0.0,0.0,0.0,0.0,0.0,0.0,0.0,0.0,0.0,0.0,0.0,0.0,0.0,0.0,0.0,0.0,0.0,0.0,0.0
serverless__serverless-6945,serverless/serverless,JavaScript,content_bm25,retrieval,11,True,0.2508271250000007,4,3,1,10,0.0,0.0,0.0,0.0,0.0,0.0,0.0,0.0,0.0,0.0,0.0,0.0,0.0,0.0,0.0,0.0,0.0,0.0,0.0,0.0,0.0
serverless__serverless-6945,serverless/serverless,JavaScript,dense_minilm,retrieval,11,True,0.554693957999973,4,3,1,10,0.0,0.0,0.0,0.0,0.0,0.0,0.0,0.0,0.0,0.0,0.0,0.0,0.0,0.0,0.0,0.25,0.1,0.1,0.3333333333333333,0.0,0.14285714285714285
serverless__serverless-6945,serverless/serverless,JavaScript,hybrid_rrf,retrieval,11,True,,4,3,1,10,0.0,0.0,0.0,0.0,0.0,0.25,0.3333333333333333,0.3333333333333333,0.3333333333333333,0.0,0.25,0.2,0.2,0.3333333333333333,0.0,0.25,0.1,0.1,0.3333333333333333,0.0,0.5
serverless__serverless-6345,serverless/serverless,JavaScript,path_bm25,retrieval,11,True,0.011178083000004335,3,2,1,10,0.0,0.0,0.0,0.0,0.0,0.0,0.0,0.0,0.0,0.0,0.0,0.0,0.0,0.0,0.0,0.0,0.0,0.0,0.0,0.0,0.0
serverless__serverless-6345,serverless/serverless,JavaScript,content_bm25,retrieval,11,True,0.17700591699997403,3,2,1,10,0.0,0.0,0.0,0.0,0.0,0.0,0.0,0.0,0.0,0.0,0.0,0.0,0.0,0.0,0.0,0.0,0.0,0.0,0.0,0.0,0.0
serverless__serverless-6345,serverless/serverless,JavaScript,dense_minilm,retrieval,11,True,1.9401369579999823,3,2,1,10,0.0,0.0,0.0,0.0,0.0,0.0,0.0,0.0,0.0,0.0,0.0,0.0,0.0,0.0,0.0,0.0,0.0,0.0,0.0,0.0,0.0
serverless__serverless-6345,serverless/serverless,JavaScript,hybrid_rrf,retrieval,11,True,,3,2,1,10,0.0,0.0,0.0,0.0,0.0,0.0,0.0,0.0,0.0,0.0,0.0,0.0,0.0,0.0,0.0,0.0,0.0,0.0,0.0,0.0,0.0
serverless__serverless-6063,serverless/serverless,JavaScript,path_bm25,retrieval,11,True,0.00487333299997772,4,3,1,10,0.0,0.0,0.0,0.0,0.0,0.0,0.0,0.0,0.0,0.0,0.0,0.0,0.0,0.0,0.0,0.0,0.0,0.0,0.0,0.0,0.0
serverless__serverless-6063,serverless/serverless,JavaScript,content_bm25,retrieval,11,True,0.1840172500000108,4,3,1,10,0.25,1.0,1.0,0.3333333333333333,0.0,0.25,0.3333333333333333,0.3333333333333333,0.3333333333333333,0.0,0.25,0.2,0.2,0.3333333333333333,0.0,0.25,0.1,0.1,0.3333333333333333,0.0,1.0
serverless__serverless-6063,serverless/serverless,JavaScript,dense_minilm,retrieval,11,True,5.141071791000002,4,3,1,10,0.25,1.0,1.0,0.3333333333333333,0.0,0.25,0.3333333333333333,0.3333333333333333,0.3333333333333333,0.0,0.25,0.2,0.2,0.3333333333333333,0.0,0.25,0.1,0.1,0.3333333333333333,0.0,1.0
serverless__serverless-6063,serverless/serverless,JavaScript,hybrid_rrf,retrieval,11,True,,4,3,1,10,0.25,1.0,1.0,0.3333333333333333,0.0,0.25,0.3333333333333333,0.3333333333333333,0.3333333333333333,0.0,0.25,0.2,0.2,0.3333333333333333,0.0,0.25,0.1,0.1,0.3333333333333333,0.0,1.0
serverless__serverless-6051,serverless/serverless,JavaScript,path_bm25,retrieval,11,True,0.011755792000030851,4,3,1,10,0.0,0.0,0.0,0.0,0.0,0.0,0.0,0.0,0.0,0.0,0.0,0.0,0.0,0.0,0.0,0.0,0.0,0.0,0.0,0.0,0.0
serverless__serverless-6051,serverless/serverless,JavaScript,content_bm25,retrieval,11,True,0.19905691700000716,4,3,1,10,0.0,0.0,0.0,0.0,0.0,0.25,0.3333333333333333,0.3333333333333333,0.3333333333333333,0.0,0.25,0.2,0.2,0.3333333333333333,0.0,0.25,0.1,0.1,0.3333333333333333,0.0,0.5
serverless__serverless-6051,serverless/serverless,JavaScript,dense_minilm,retrieval,11,True,0.20022487500000352,4,3,1,10,0.25,1.0,1.0,0.3333333333333333,0.0,0.25,0.3333333333333333,0.3333333333333333,0.3333333333333333,0.0,0.25,0.2,0.2,0.3333333333333333,0.0,0.25,0.1,0.1,0.3333333333333333,0.0,1.0
serverless__serverless-6051,serverless/serverless,JavaScript,hybrid_rrf,retrieval,11,True,,4,3,1,10,0.25,1.0,1.0,0.3333333333333333,0.0,0.25,0.3333333333333333,0.3333333333333333,0.3333333333333333,0.0,0.25,0.2,0.2,0.3333333333333333,0.0,0.25,0.1,0.1,0.3333333333333333,0.0,1.0
serverless__serverless-5982,serverless/serverless,JavaScript,path_bm25,retrieval,11,True,0.005308375000026899,9,5,4,10,0.0,0.0,0.0,0.0,0.0,0.0,0.0,0.0,0.0,0.0,0.0,0.0,0.0,0.0,0.0,0.2222222222222222,0.2,0.2,0.4,0.0,0.125
serverless__serverless-5982,serverless/serverless,JavaScript,content_bm25,retrieval,11,True,0.22099116700002241,9,5,4,10,0.1111111111111111,1.0,1.0,0.2,0.0,0.1111111111111111,0.3333333333333333,0.3333333333333333,0.2,0.0,0.1111111111111111,0.2,0.2,0.2,0.0,0.1111111111111111,0.1,0.1,0.2,0.0,1.0
serverless__serverless-5982,serverless/serverless,JavaScript,dense_minilm,retrieval,11,True,0.28763175000000274,9,5,4,10,0.0,0.0,0.0,0.0,0.0,0.2222222222222222,0.6666666666666666,0.6666666666666666,0.4,0.0,0.3333333333333333,0.6,0.6,0.6,0.0,0.3333333333333333,0.3,0.3,0.6,0.0,0.5
serverless__serverless-5982,serverless/serverless,JavaScript,hybrid_rrf,retrieval,11,True,,9,5,4,10,0.1111111111111111,1.0,1.0,0.2,0.0,0.1111111111111111,0.3333333333333333,0.3333333333333333,0.2,0.0,0.1111111111111111,0.2,0.2,0.2,0.0,0.1111111111111111,0.1,0.1,0.2,0.0,1.0
serverless__serverless-5579,serverless/serverless,JavaScript,path_bm25,retrieval,11,True,0.005537166999999954,5,3,2,10,0.0,0.0,0.0,0.0,0.0,0.0,0.0,0.0,0.0,0.0,0.0,0.0,0.0,0.0,0.0,0.0,0.0,0.0,0.0,0.0,0.0
serverless__serverless-5579,serverless/serverless,JavaScript,content_bm25,retrieval,11,True,0.23264929200001916,5,3,2,10,0.2,1.0,1.0,0.3333333333333333,0.0,0.2,0.3333333333333333,0.3333333333333333,0.3333333333333333,0.0,0.2,0.2,0.2,0.3333333333333333,0.0,0.2,0.1,0.1,0.3333333333333333,0.0,1.0
serverless__serverless-5579,serverless/serverless,JavaScript,dense_minilm,retrieval,11,True,1.1140777500000354,5,3,2,10,0.0,0.0,0.0,0.0,0.0,0.0,0.0,0.0,0.0,0.0,0.0,0.0,0.0,0.0,0.0,0.0,0.0,0.0,0.0,0.0,0.0
serverless__serverless-5579,serverless/serverless,JavaScript,hybrid_rrf,retrieval,11,True,,5,3,2,10,0.0,0.0,0.0,0.0,0.0,0.0,0.0,0.0,0.0,0.0,0.0,0.0,0.0,0.0,0.0,0.2,0.1,0.1,0.3333333333333333,0.0,0.16666666666666666
serverless__serverless-5509,serverless/serverless,JavaScript,path_bm25,retrieval,11,True,0.008149250000030861,5,4,1,10,0.0,0.0,0.0,0.0,0.0,0.2,0.3333333333333333,0.3333333333333333,0.25,0.0,0.4,0.4,0.4,0.25,1.0,0.4,0.2,0.2,0.25,1.0,0.3333333333333333
serverless__serverless-5509,serverless/serverless,JavaScript,content_bm25,retrieval,11,True,0.23051883300001919,5,4,1,10,0.0,0.0,0.0,0.0,0.0,0.0,0.0,0.0,0.0,0.0,0.2,0.2,0.2,0.25,0.0,0.4,0.2,0.2,0.5,0.0,0.25
serverless__serverless-5509,serverless/serverless,JavaScript,dense_minilm,retrieval,11,True,0.2440819999999917,5,4,1,10,0.2,1.0,1.0,0.25,0.0,0.4,0.6666666666666666,0.6666666666666666,0.5,0.0,0.4,0.4,0.4,0.5,0.0,0.6,0.3,0.3,0.5,1.0,1.0
serverless__serverless-5509,serverless/serverless,JavaScript,hybrid_rrf,retrieval,11,True,,5,4,1,10,0.2,1.0,1.0,0.25,0.0,0.4,0.6666666666666666,0.6666666666666666,0.5,0.0,0.4,0.4,0.4,0.5,0.0,0.6,0.3,0.3,0.5,1.0,1.0
serverless__serverless-4097,serverless/serverless,JavaScript,path_bm25,retrieval,11,True,0.0055897500000128275,6,4,2,10,0.0,0.0,0.0,0.0,0.0,0.0,0.0,0.0,0.0,0.0,0.0,0.0,0.0,0.0,0.0,0.0,0.0,0.0,0.0,0.0,0.0
serverless__serverless-4097,serverless/serverless,JavaScript,content_bm25,retrieval,11,True,0.19533245799999577,6,4,2,10,0.16666666666666666,1.0,1.0,0.25,0.0,0.16666666666666666,0.3333333333333333,0.3333333333333333,0.25,0.0,0.16666666666666666,0.2,0.2,0.25,0.0,0.16666666666666666,0.1,0.1,0.25,0.0,1.0
serverless__serverless-4097,serverless/serverless,JavaScript,dense_minilm,retrieval,11,True,1.7717124170000034,6,4,2,10,0.16666666666666666,1.0,1.0,0.25,0.0,0.16666666666666666,0.3333333333333333,0.3333333333333333,0.25,0.0,0.16666666666666666,0.2,0.2,0.25,0.0,0.16666666666666666,0.1,0.1,0.25,0.0,1.0
serverless__serverless-4097,serverless/serverless,JavaScript,hybrid_rrf,retrieval,11,True,,6,4,2,10,0.16666666666666666,1.0,1.0,0.25,0.0,0.16666666666666666,0.3333333333333333,0.3333333333333333,0.25,0.0,0.16666666666666666,0.2,0.2,0.25,0.0,0.3333333333333333,0.2,0.2,0.25,0.5,1.0
serverless__serverless-3642,serverless/serverless,JavaScript,path_bm25,retrieval,11,True,0.006138540999984343,3,2,1,10,0.0,0.0,0.0,0.0,0.0,0.0,0.0,0.0,0.0,0.0,0.0,0.0,0.0,0.0,0.0,0.0,0.0,0.0,0.0,0.0,0.0
serverless__serverless-3642,serverless/serverless,JavaScript,content_bm25,retrieval,11,True,0.2141362920000347,3,2,1,10,0.0,0.0,0.0,0.0,0.0,0.3333333333333333,0.3333333333333333,0.3333333333333333,0.5,0.0,0.3333333333333333,0.2,0.2,0.5,0.0,0.3333333333333333,0.1,0.1,0.5,0.0,0.5
serverless__serverless-3642,serverless/serverless,JavaScript,dense_minilm,retrieval,11,True,0.6880778750000331,3,2,1,10,0.0,0.0,0.0,0.0,0.0,0.0,0.0,0.0,0.0,0.0,0.3333333333333333,0.2,0.2,0.5,0.0,0.6666666666666666,0.2,0.2,1.0,0.0,0.2
serverless__serverless-3642,serverless/serverless,JavaScript,hybrid_rrf,retrieval,11,True,,3,2,1,10,0.3333333333333333,1.0,1.0,0.5,0.0,0.6666666666666666,0.6666666666666666,0.6666666666666666,1.0,0.0,0.6666666666666666,0.4,0.4,1.0,0.0,0.6666666666666666,0.2,0.2,1.0,0.0,1.0
serverless__serverless-3609,serverless/serverless,JavaScript,path_bm25,retrieval,11,True,0.005237792000002628,4,3,1,10,0.0,0.0,0.0,0.0,0.0,0.0,0.0,0.0,0.0,0.0,0.0,0.0,0.0,0.0,0.0,0.0,0.0,0.0,0.0,0.0,0.0
serverless__serverless-3609,serverless/serverless,JavaScript,content_bm25,retrieval,11,True,0.17797033300001885,4,3,1,10,0.0,0.0,0.0,0.0,0.0,0.0,0.0,0.0,0.0,0.0,0.0,0.0,0.0,0.0,0.0,0.25,0.1,0.1,0.3333333333333333,0.0,0.1
serverless__serverless-3609,serverless/serverless,JavaScript,dense_minilm,retrieval,11,True,0.08790712500001518,4,3,1,10,0.0,0.0,0.0,0.0,0.0,0.0,0.0,0.0,0.0,0.0,0.25,0.2,0.2,0.3333333333333333,0.0,0.5,0.2,0.2,0.6666666666666666,0.0,0.25
serverless__serverless-3609,serverless/serverless,JavaScript,hybrid_rrf,retrieval,11,True,,4,3,1,10,0.0,0.0,0.0,0.0,0.0,0.25,0.3333333333333333,0.3333333333333333,0.3333333333333333,0.0,0.25,0.2,0.2,0.3333333333333333,0.0,0.25,0.1,0.1,0.3333333333333333,0.0,0.3333333333333333
serverless__serverless-3548,serverless/serverless,JavaScript,path_bm25,retrieval,11,True,0.003656625000019176,4,3,1,10,0.0,0.0,0.0,0.0,0.0,0.0,0.0,0.0,0.0,0.0,0.25,0.2,0.2,0.3333333333333333,0.0,0.25,0.1,0.1,0.3333333333333333,0.0,0.2
serverless__serverless-3548,serverless/serverless,JavaScript,content_bm25,retrieval,11,True,0.17744762500001343,4,3,1,10,0.25,1.0,1.0,0.3333333333333333,0.0,0.25,0.3333333333333333,0.3333333333333333,0.3333333333333333,0.0,0.25,0.2,0.2,0.3333333333333333,0.0,0.5,0.2,0.2,0.6666666666666666,0.0,1.0
serverless__serverless-3548,serverless/serverless,JavaScript,dense_minilm,retrieval,11,True,0.34492416699998785,4,3,1,10,0.0,0.0,0.0,0.0,0.0,0.0,0.0,0.0,0.0,0.0,0.0,0.0,0.0,0.0,0.0,0.0,0.0,0.0,0.0,0.0,0.0
serverless__serverless-3548,serverless/serverless,JavaScript,hybrid_rrf,retrieval,11,True,,4,3,1,10,0.0,0.0,0.0,0.0,0.0,0.25,0.3333333333333333,0.3333333333333333,0.3333333333333333,0.0,0.25,0.2,0.2,0.3333333333333333,0.0,0.25,0.1,0.1,0.3333333333333333,0.0,0.5
serverless__serverless-3217,serverless/serverless,JavaScript,path_bm25,retrieval,11,True,0.0028904999999781467,3,2,1,10,0.0,0.0,0.0,0.0,0.0,0.0,0.0,0.0,0.0,0.0,0.0,0.0,0.0,0.0,0.0,0.0,0.0,0.0,0.0,0.0,0.0
serverless__serverless-3217,serverless/serverless,JavaScript,content_bm25,retrieval,11,True,0.1157529579999732,3,2,1,10,0.0,0.0,0.0,0.0,0.0,0.0,0.0,0.0,0.0,0.0,0.0,0.0,0.0,0.0,0.0,0.0,0.0,0.0,0.0,0.0,0.0
serverless__serverless-3217,serverless/serverless,JavaScript,dense_minilm,retrieval,11,True,0.516756665999992,3,2,1,10,0.0,0.0,0.0,0.0,0.0,0.0,0.0,0.0,0.0,0.0,0.0,0.0,0.0,0.0,0.0,0.3333333333333333,0.1,0.1,0.5,0.0,0.1111111111111111
serverless__serverless-3217,serverless/serverless,JavaScript,hybrid_rrf,retrieval,11,True,,3,2,1,10,0.0,0.0,0.0,0.0,0.0,0.0,0.0,0.0,0.0,0.0,0.3333333333333333,0.2,0.2,0.5,0.0,0.3333333333333333,0.1,0.1,0.5,0.0,0.2
serverless__serverless-2910,serverless/serverless,JavaScript,path_bm25,retrieval,11,True,0.003924125000025924,3,2,1,10,0.0,0.0,0.0,0.0,0.0,0.0,0.0,0.0,0.0,0.0,0.3333333333333333,0.2,0.2,0.5,0.0,0.3333333333333333,0.1,0.1,0.5,0.0,0.25
serverless__serverless-2910,serverless/serverless,JavaScript,content_bm25,retrieval,11,True,0.09356733299995312,3,2,1,10,0.0,0.0,0.0,0.0,0.0,0.6666666666666666,0.6666666666666666,0.6666666666666666,0.5,1.0,0.6666666666666666,0.4,0.4,0.5,1.0,1.0,0.3,0.3,1.0,1.0,0.5
serverless__serverless-2910,serverless/serverless,JavaScript,dense_minilm,retrieval,11,True,0.5321660000000179,3,2,1,10,0.0,0.0,0.0,0.0,0.0,0.0,0.0,0.0,0.0,0.0,0.0,0.0,0.0,0.0,0.0,0.0,0.0,0.0,0.0,0.0,0.0
serverless__serverless-2910,serverless/serverless,JavaScript,hybrid_rrf,retrieval,11,True,,3,2,1,10,0.3333333333333333,1.0,1.0,0.5,0.0,0.3333333333333333,0.3333333333333333,0.3333333333333333,0.5,0.0,0.3333333333333333,0.2,0.2,0.5,0.0,0.6666666666666666,0.2,0.2,0.5,1.0,1.0
serverless__serverless-2748,serverless/serverless,JavaScript,path_bm25,retrieval,11,True,0.007873040999982095,3,2,1,10,0.0,0.0,0.0,0.0,0.0,0.0,0.0,0.0,0.0,0.0,0.0,0.0,0.0,0.0,0.0,0.0,0.0,0.0,0.0,0.0,0.0
serverless__serverless-2748,serverless/serverless,JavaScript,content_bm25,retrieval,11,True,0.053027165999992576,3,2,1,10,0.0,0.0,0.0,0.0,0.0,0.3333333333333333,0.3333333333333333,0.3333333333333333,0.5,0.0,0.3333333333333333,0.2,0.2,0.5,0.0,0.3333333333333333,0.1,0.1,0.5,0.0,0.5
serverless__serverless-2748,serverless/serverless,JavaScript,dense_minilm,retrieval,11,True,0.4154940000000238,3,2,1,10,0.0,0.0,0.0,0.0,0.0,0.0,0.0,0.0,0.0,0.0,0.0,0.0,0.0,0.0,0.0,0.0,0.0,0.0,0.0,0.0,0.0
serverless__serverless-2748,serverless/serverless,JavaScript,hybrid_rrf,retrieval,11,True,,3,2,1,10,0.0,0.0,0.0,0.0,0.0,0.0,0.0,0.0,0.0,0.0,0.3333333333333333,0.2,0.2,0.5,0.0,0.3333333333333333,0.1,0.1,0.5,0.0,0.2
serverless__serverless-2624,serverless/serverless,JavaScript,path_bm25,retrieval,11,True,0.0015899160000003576,2,1,1,10,0.0,0.0,0.0,0.0,0.0,0.0,0.0,0.0,0.0,0.0,0.0,0.0,0.0,0.0,0.0,0.0,0.0,0.0,0.0,0.0,0.0
serverless__serverless-2624,serverless/serverless,JavaScript,content_bm25,retrieval,11,True,0.06827933299996403,2,1,1,10,0.0,0.0,0.0,0.0,0.0,0.0,0.0,0.0,0.0,0.0,0.0,0.0,0.0,0.0,0.0,0.0,0.0,0.0,0.0,0.0,0.0
serverless__serverless-2624,serverless/serverless,JavaScript,dense_minilm,retrieval,11,True,0.3067702499999996,2,1,1,10,0.0,0.0,0.0,0.0,0.0,0.0,0.0,0.0,0.0,0.0,0.0,0.0,0.0,0.0,0.0,0.0,0.0,0.0,0.0,0.0,0.0
serverless__serverless-2624,serverless/serverless,JavaScript,hybrid_rrf,retrieval,11,True,,2,1,1,10,0.0,0.0,0.0,0.0,0.0,0.0,0.0,0.0,0.0,0.0,0.0,0.0,0.0,0.0,0.0,0.0,0.0,0.0,0.0,0.0,0.0
microsoft__vscode-114208,microsoft/vscode,TypeScript,path_bm25,retrieval,11,True,0.028155542000035894,2,1,1,10,0.0,0.0,0.0,0.0,0.0,0.0,0.0,0.0,0.0,0.0,0.0,0.0,0.0,0.0,0.0,0.0,0.0,0.0,0.0,0.0,0.0
microsoft__vscode-114208,microsoft/vscode,TypeScript,content_bm25,retrieval,11,True,2.3183025829999906,2,1,1,10,0.0,0.0,0.0,0.0,0.0,0.0,0.0,0.0,0.0,0.0,0.0,0.0,0.0,0.0,0.0,0.5,0.1,0.1,0.0,1.0,0.125
microsoft__vscode-114208,microsoft/vscode,TypeScript,dense_minilm,retrieval,11,True,21.527404834000038,2,1,1,10,0.0,0.0,0.0,0.0,0.0,0.0,0.0,0.0,0.0,0.0,0.0,0.0,0.0,0.0,0.0,0.0,0.0,0.0,0.0,0.0,0.0
microsoft__vscode-114208,microsoft/vscode,TypeScript,hybrid_rrf,retrieval,11,True,,2,1,1,10,0.0,0.0,0.0,0.0,0.0,0.5,0.3333333333333333,0.3333333333333333,0.0,1.0,0.5,0.2,0.2,0.0,1.0,0.5,0.1,0.1,0.0,1.0,0.5
microsoft__vscode-127257,microsoft/vscode,TypeScript,path_bm25,retrieval,11,True,0.060864250000008724,3,2,1,10,0.0,0.0,0.0,0.0,0.0,0.0,0.0,0.0,0.0,0.0,0.0,0.0,0.0,0.0,0.0,0.0,0.0,0.0,0.0,0.0,0.0
microsoft__vscode-127257,microsoft/vscode,TypeScript,content_bm25,retrieval,11,True,3.355101375000004,3,2,1,10,0.0,0.0,0.0,0.0,0.0,0.0,0.0,0.0,0.0,0.0,0.0,0.0,0.0,0.0,0.0,0.3333333333333333,0.1,0.1,0.5,0.0,0.16666666666666666
microsoft__vscode-127257,microsoft/vscode,TypeScript,dense_minilm,retrieval,11,True,14.6940065,3,2,1,10,0.0,0.0,0.0,0.0,0.0,0.0,0.0,0.0,0.0,0.0,0.0,0.0,0.0,0.0,0.0,0.0,0.0,0.0,0.0,0.0,0.0
microsoft__vscode-127257,microsoft/vscode,TypeScript,hybrid_rrf,retrieval,11,True,,3,2,1,10,0.0,0.0,0.0,0.0,0.0,0.0,0.0,0.0,0.0,0.0,0.3333333333333333,0.2,0.2,0.5,0.0,0.3333333333333333,0.1,0.1,0.5,0.0,0.25
microsoft__vscode-128931,microsoft/vscode,TypeScript,path_bm25,retrieval,11,True,0.026552874999993037,3,2,1,10,0.0,0.0,0.0,0.0,0.0,0.3333333333333333,0.3333333333333333,0.3333333333333333,0.5,0.0,0.3333333333333333,0.2,0.2,0.5,0.0,0.6666666666666666,0.2,0.2,0.5,1.0,0.3333333333333333
microsoft__vscode-128931,microsoft/vscode,TypeScript,content_bm25,retrieval,11,True,3.1118198339999594,3,2,1,10,0.0,0.0,0.0,0.0,0.0,0.0,0.0,0.0,0.0,0.0,0.0,0.0,0.0,0.0,0.0,0.0,0.0,0.0,0.0,0.0,0.0
microsoft__vscode-128931,microsoft/vscode,TypeScript,dense_minilm,retrieval,11,True,5.21832541699996,3,2,1,10,0.0,0.0,0.0,0.0,0.0,0.0,0.0,0.0,0.0,0.0,0.0,0.0,0.0,0.0,0.0,0.0,0.0,0.0,0.0,0.0,0.0
microsoft__vscode-128931,microsoft/vscode,TypeScript,hybrid_rrf,retrieval,11,True,,3,2,1,10,0.0,0.0,0.0,0.0,0.0,0.0,0.0,0.0,0.0,0.0,0.0,0.0,0.0,0.0,0.0,0.0,0.0,0.0,0.0,0.0,0.0
microsoft__vscode-146962,microsoft/vscode,TypeScript,path_bm25,retrieval,11,True,0.044711542000015925,11,8,3,10,0.0,0.0,0.0,0.0,0.0,0.0,0.0,0.0,0.0,0.0,0.0,0.0,0.0,0.0,0.0,0.0,0.0,0.0,0.0,0.0,0.0
microsoft__vscode-146962,microsoft/vscode,TypeScript,content_bm25,retrieval,11,True,3.5750695830000154,11,8,3,10,0.0,0.0,0.0,0.0,0.0,0.0,0.0,0.0,0.0,0.0,0.0,0.0,0.0,0.0,0.0,0.0,0.0,0.0,0.0,0.0,0.0
microsoft__vscode-146962,microsoft/vscode,TypeScript,dense_minilm,retrieval,11,True,17.180665792000013,11,8,3,10,0.0,0.0,0.0,0.0,0.0,0.0,0.0,0.0,0.0,0.0,0.0,0.0,0.0,0.0,0.0,0.0,0.0,0.0,0.0,0.0,0.0
microsoft__vscode-146962,microsoft/vscode,TypeScript,hybrid_rrf,retrieval,11,True,,11,8,3,10,0.0,0.0,0.0,0.0,0.0,0.0,0.0,0.0,0.0,0.0,0.0,0.0,0.0,0.0,0.0,0.0,0.0,0.0,0.0,0.0,0.0
microsoft__vscode-152802,microsoft/vscode,TypeScript,path_bm25,retrieval,11,True,0.047701458000005914,5,4,1,10,0.2,1.0,1.0,0.25,0.0,0.4,0.6666666666666666,0.6666666666666666,0.5,0.0,0.6,0.6,0.6,0.75,0.0,0.6,0.3,0.3,0.75,0.0,1.0
microsoft__vscode-152802,microsoft/vscode,TypeScript,content_bm25,retrieval,11,True,3.9542665409999813,5,4,1,10,0.0,0.0,0.0,0.0,0.0,0.2,0.3333333333333333,0.3333333333333333,0.25,0.0,0.4,0.4,0.4,0.25,1.0,0.4,0.2,0.2,0.25,1.0,0.3333333333333333
microsoft__vscode-152802,microsoft/vscode,TypeScript,dense_minilm,retrieval,11,True,17.417433583000047,5,4,1,10,0.0,0.0,0.0,0.0,0.0,0.0,0.0,0.0,0.0,0.0,0.0,0.0,0.0,0.0,0.0,0.0,0.0,0.0,0.0,0.0,0.0
microsoft__vscode-152802,microsoft/vscode,TypeScript,hybrid_rrf,retrieval,11,True,,5,4,1,10,0.2,1.0,1.0,0.25,0.0,0.2,0.3333333333333333,0.3333333333333333,0.25,0.0,0.2,0.2,0.2,0.25,0.0,0.4,0.2,0.2,0.5,0.0,1.0
microsoft__vscode-155261,microsoft/vscode,TypeScript,path_bm25,retrieval,11,True,0.21282654200001616,3,2,1,10,0.0,0.0,0.0,0.0,0.0,0.0,0.0,0.0,0.0,0.0,0.0,0.0,0.0,0.0,0.0,0.0,0.0,0.0,0.0,0.0,0.0
microsoft__vscode-155261,microsoft/vscode,TypeScript,content_bm25,retrieval,11,True,5.216121792000081,3,2,1,10,0.0,0.0,0.0,0.0,0.0,0.0,0.0,0.0,0.0,0.0,0.0,0.0,0.0,0.0,0.0,0.0,0.0,0.0,0.0,0.0,0.0
microsoft__vscode-155261,microsoft/vscode,TypeScript,dense_minilm,retrieval,11,True,20.224625749999973,3,2,1,10,0.0,0.0,0.0,0.0,0.0,0.0,0.0,0.0,0.0,0.0,0.0,0.0,0.0,0.0,0.0,0.0,0.0,0.0,0.0,0.0,0.0
microsoft__vscode-155261,microsoft/vscode,TypeScript,hybrid_rrf,retrieval,11,True,,3,2,1,10,0.0,0.0,0.0,0.0,0.0,0.0,0.0,0.0,0.0,0.0,0.0,0.0,0.0,0.0,0.0,0.0,0.0,0.0,0.0,0.0,0.0
microsoft__vscode-156733,microsoft/vscode,TypeScript,path_bm25,retrieval,11,True,0.036131124999997155,7,6,1,10,0.0,0.0,0.0,0.0,0.0,0.0,0.0,0.0,0.0,0.0,0.0,0.0,0.0,0.0,0.0,0.0,0.0,0.0,0.0,0.0,0.0
microsoft__vscode-156733,microsoft/vscode,TypeScript,content_bm25,retrieval,11,True,3.053434750000065,7,6,1,10,0.14285714285714285,1.0,1.0,0.16666666666666666,0.0,0.14285714285714285,0.3333333333333333,0.3333333333333333,0.16666666666666666,0.0,0.14285714285714285,0.2,0.2,0.16666666666666666,0.0,0.14285714285714285,0.1,0.1,0.16666666666666666,0.0,1.0
microsoft__vscode-156733,microsoft/vscode,TypeScript,dense_minilm,retrieval,11,True,6.655250082999942,7,6,1,10,0.0,0.0,0.0,0.0,0.0,0.0,0.0,0.0,0.0,0.0,0.0,0.0,0.0,0.0,0.0,0.0,0.0,0.0,0.0,0.0,0.0
microsoft__vscode-156733,microsoft/vscode,TypeScript,hybrid_rrf,retrieval,11,True,,7,6,1,10,0.0,0.0,0.0,0.0,0.0,0.14285714285714285,0.3333333333333333,0.3333333333333333,0.16666666666666666,0.0,0.14285714285714285,0.2,0.2,0.16666666666666666,0.0,0.14285714285714285,0.1,0.1,0.16666666666666666,0.0,0.3333333333333333
microsoft__vscode-165197,microsoft/vscode,TypeScript,path_bm25,retrieval,11,True,0.05952466700000514,5,4,1,10,0.2,1.0,1.0,0.25,0.0,0.6,1.0,1.0,0.5,1.0,0.6,0.6,0.6,0.5,1.0,0.6,0.3,0.3,0.5,1.0,1.0
microsoft__vscode-165197,microsoft/vscode,TypeScript,content_bm25,retrieval,11,True,3.5268564579999975,5,4,1,10,0.2,1.0,1.0,0.25,0.0,0.6,1.0,1.0,0.75,0.0,0.8,0.8,0.8,0.75,1.0,0.8,0.4,0.4,0.75,1.0,1.0
microsoft__vscode-165197,microsoft/vscode,TypeScript,dense_minilm,retrieval,11,True,24.979736458999923,5,4,1,10,0.0,0.0,0.0,0.0,0.0,0.0,0.0,0.0,0.0,0.0,0.0,0.0,0.0,0.0,0.0,0.2,0.1,0.1,0.25,0.0,0.16666666666666666
microsoft__vscode-165197,microsoft/vscode,TypeScript,hybrid_rrf,retrieval,11,True,,5,4,1,10,0.2,1.0,1.0,0.25,0.0,0.2,0.3333333333333333,0.3333333333333333,0.25,0.0,0.2,0.2,0.2,0.25,0.0,0.6,0.3,0.3,0.75,0.0,1.0
microsoft__vscode-168788,microsoft/vscode,TypeScript,path_bm25,retrieval,11,True,0.3151070420000224,4,3,1,10,0.0,0.0,0.0,0.0,0.0,0.0,0.0,0.0,0.0,0.0,0.0,0.0,0.0,0.0,0.0,0.0,0.0,0.0,0.0,0.0,0.0
microsoft__vscode-168788,microsoft/vscode,TypeScript,content_bm25,retrieval,11,True,5.20475020799995,4,3,1,10,0.0,0.0,0.0,0.0,0.0,0.0,0.0,0.0,0.0,0.0,0.0,0.0,0.0,0.0,0.0,0.0,0.0,0.0,0.0,0.0,0.0
microsoft__vscode-168788,microsoft/vscode,TypeScript,dense_minilm,retrieval,11,True,11.591444292000006,4,3,1,10,0.0,0.0,0.0,0.0,0.0,0.0,0.0,0.0,0.0,0.0,0.0,0.0,0.0,0.0,0.0,0.0,0.0,0.0,0.0,0.0,0.0
microsoft__vscode-168788,microsoft/vscode,TypeScript,hybrid_rrf,retrieval,11,True,,4,3,1,10,0.0,0.0,0.0,0.0,0.0,0.0,0.0,0.0,0.0,0.0,0.0,0.0,0.0,0.0,0.0,0.0,0.0,0.0,0.0,0.0,0.0
microsoft__vscode-178291,microsoft/vscode,TypeScript,path_bm25,retrieval,11,True,0.04333004099999016,2,1,1,10,0.0,0.0,0.0,0.0,0.0,0.0,0.0,0.0,0.0,0.0,0.0,0.0,0.0,0.0,0.0,0.0,0.0,0.0,0.0,0.0,0.0
microsoft__vscode-178291,microsoft/vscode,TypeScript,content_bm25,retrieval,11,True,4.854405166999982,2,1,1,10,0.0,0.0,0.0,0.0,0.0,0.0,0.0,0.0,0.0,0.0,0.0,0.0,0.0,0.0,0.0,0.0,0.0,0.0,0.0,0.0,0.0
microsoft__vscode-178291,microsoft/vscode,TypeScript,dense_minilm,retrieval,11,True,28.189059583000017,2,1,1,10,0.0,0.0,0.0,0.0,0.0,0.0,0.0,0.0,0.0,0.0,0.0,0.0,0.0,0.0,0.0,0.0,0.0,0.0,0.0,0.0,0.0
microsoft__vscode-178291,microsoft/vscode,TypeScript,hybrid_rrf,retrieval,11,True,,2,1,1,10,0.0,0.0,0.0,0.0,0.0,0.0,0.0,0.0,0.0,0.0,0.0,0.0,0.0,0.0,0.0,0.0,0.0,0.0,0.0,0.0,0.0
microsoft__vscode-178513,microsoft/vscode,TypeScript,path_bm25,retrieval,11,True,0.04067120900003829,2,1,1,10,0.0,0.0,0.0,0.0,0.0,0.0,0.0,0.0,0.0,0.0,0.0,0.0,0.0,0.0,0.0,0.0,0.0,0.0,0.0,0.0,0.0
microsoft__vscode-178513,microsoft/vscode,TypeScript,content_bm25,retrieval,11,True,5.044084583999961,2,1,1,10,0.0,0.0,0.0,0.0,0.0,0.0,0.0,0.0,0.0,0.0,0.0,0.0,0.0,0.0,0.0,0.0,0.0,0.0,0.0,0.0,0.0
microsoft__vscode-178513,microsoft/vscode,TypeScript,dense_minilm,retrieval,11,True,2.878334500000051,2,1,1,10,0.0,0.0,0.0,0.0,0.0,0.0,0.0,0.0,0.0,0.0,0.0,0.0,0.0,0.0,0.0,0.0,0.0,0.0,0.0,0.0,0.0
microsoft__vscode-178513,microsoft/vscode,TypeScript,hybrid_rrf,retrieval,11,True,,2,1,1,10,0.0,0.0,0.0,0.0,0.0,0.0,0.0,0.0,0.0,0.0,0.0,0.0,0.0,0.0,0.0,0.0,0.0,0.0,0.0,0.0,0.0
microsoft__vscode-178694,microsoft/vscode,TypeScript,path_bm25,retrieval,11,True,0.06173766700010219,2,1,1,10,0.0,0.0,0.0,0.0,0.0,0.0,0.0,0.0,0.0,0.0,0.0,0.0,0.0,0.0,0.0,0.0,0.0,0.0,0.0,0.0,0.0
microsoft__vscode-178694,microsoft/vscode,TypeScript,content_bm25,retrieval,11,True,3.9419960000000174,2,1,1,10,0.0,0.0,0.0,0.0,0.0,0.0,0.0,0.0,0.0,0.0,0.0,0.0,0.0,0.0,0.0,0.0,0.0,0.0,0.0,0.0,0.0
microsoft__vscode-178694,microsoft/vscode,TypeScript,dense_minilm,retrieval,11,True,2.762006333000045,2,1,1,10,0.0,0.0,0.0,0.0,0.0,0.0,0.0,0.0,0.0,0.0,0.0,0.0,0.0,0.0,0.0,0.0,0.0,0.0,0.0,0.0,0.0
microsoft__vscode-178694,microsoft/vscode,TypeScript,hybrid_rrf,retrieval,11,True,,2,1,1,10,0.0,0.0,0.0,0.0,0.0,0.0,0.0,0.0,0.0,0.0,0.0,0.0,0.0,0.0,0.0,0.0,0.0,0.0,0.0,0.0,0.0
microsoft__vscode-182669,microsoft/vscode,TypeScript,path_bm25,retrieval,11,True,0.031384624999986954,9,5,4,10,0.0,0.0,0.0,0.0,0.0,0.0,0.0,0.0,0.0,0.0,0.0,0.0,0.0,0.0,0.0,0.0,0.0,0.0,0.0,0.0,0.0
microsoft__vscode-182669,microsoft/vscode,TypeScript,content_bm25,retrieval,11,True,3.534273999999982,9,5,4,10,0.0,0.0,0.0,0.0,0.0,0.2222222222222222,0.6666666666666666,0.6666666666666666,0.4,0.0,0.3333333333333333,0.6,0.6,0.6,0.0,0.3333333333333333,0.3,0.3,0.6,0.0,0.5
microsoft__vscode-182669,microsoft/vscode,TypeScript,dense_minilm,retrieval,11,True,6.157873125000037,9,5,4,10,0.0,0.0,0.0,0.0,0.0,0.0,0.0,0.0,0.0,0.0,0.0,0.0,0.0,0.0,0.0,0.0,0.0,0.0,0.0,0.0,0.0
microsoft__vscode-182669,microsoft/vscode,TypeScript,hybrid_rrf,retrieval,11,True,,9,5,4,10,0.0,0.0,0.0,0.0,0.0,0.0,0.0,0.0,0.0,0.0,0.2222222222222222,0.4,0.4,0.4,0.0,0.2222222222222222,0.2,0.2,0.4,0.0,0.25
microsoft__vscode-190351,microsoft/vscode,TypeScript,path_bm25,retrieval,11,True,0.04094241699999657,2,1,1,10,0.0,0.0,0.0,0.0,0.0,0.0,0.0,0.0,0.0,0.0,0.0,0.0,0.0,0.0,0.0,0.0,0.0,0.0,0.0,0.0,0.0
microsoft__vscode-190351,microsoft/vscode,TypeScript,content_bm25,retrieval,11,True,5.993177790999994,2,1,1,10,0.0,0.0,0.0,0.0,0.0,0.0,0.0,0.0,0.0,0.0,0.0,0.0,0.0,0.0,0.0,0.0,0.0,0.0,0.0,0.0,0.0
microsoft__vscode-190351,microsoft/vscode,TypeScript,dense_minilm,retrieval,11,True,16.64901837499997,2,1,1,10,0.0,0.0,0.0,0.0,0.0,0.0,0.0,0.0,0.0,0.0,0.0,0.0,0.0,0.0,0.0,0.0,0.0,0.0,0.0,0.0,0.0
microsoft__vscode-190351,microsoft/vscode,TypeScript,hybrid_rrf,retrieval,11,True,,2,1,1,10,0.0,0.0,0.0,0.0,0.0,0.0,0.0,0.0,0.0,0.0,0.0,0.0,0.0,0.0,0.0,0.0,0.0,0.0,0.0,0.0,0.0
microsoft__vscode-191602,microsoft/vscode,TypeScript,path_bm25,retrieval,11,True,0.0758952500000305,2,1,1,10,0.0,0.0,0.0,0.0,0.0,0.0,0.0,0.0,0.0,0.0,0.0,0.0,0.0,0.0,0.0,0.0,0.0,0.0,0.0,0.0,0.0
microsoft__vscode-191602,microsoft/vscode,TypeScript,content_bm25,retrieval,11,True,5.3292008749999695,2,1,1,10,0.0,0.0,0.0,0.0,0.0,0.0,0.0,0.0,0.0,0.0,0.0,0.0,0.0,0.0,0.0,0.0,0.0,0.0,0.0,0.0,0.0
microsoft__vscode-191602,microsoft/vscode,TypeScript,dense_minilm,retrieval,11,True,4.41806162499995,2,1,1,10,0.0,0.0,0.0,0.0,0.0,0.0,0.0,0.0,0.0,0.0,0.0,0.0,0.0,0.0,0.0,0.0,0.0,0.0,0.0,0.0,0.0
microsoft__vscode-191602,microsoft/vscode,TypeScript,hybrid_rrf,retrieval,11,True,,2,1,1,10,0.0,0.0,0.0,0.0,0.0,0.0,0.0,0.0,0.0,0.0,0.0,0.0,0.0,0.0,0.0,0.0,0.0,0.0,0.0,0.0,0.0
mui__material-ui-11446,mui/material-ui,TypeScript,path_bm25,retrieval,11,True,0.02820108399998844,4,3,1,10,0.0,0.0,0.0,0.0,0.0,0.0,0.0,0.0,0.0,0.0,0.0,0.0,0.0,0.0,0.0,0.0,0.0,0.0,0.0,0.0,0.0
mui__material-ui-11446,mui/material-ui,TypeScript,content_bm25,retrieval,11,True,0.49848512500000197,4,3,1,10,0.25,1.0,1.0,0.3333333333333333,0.0,0.5,0.6666666666666666,0.6666666666666666,0.6666666666666666,0.0,0.5,0.4,0.4,0.6666666666666666,0.0,0.5,0.2,0.2,0.6666666666666666,0.0,1.0
mui__material-ui-11446,mui/material-ui,TypeScript,dense_minilm,retrieval,11,True,9.973696958000005,4,3,1,10,0.0,0.0,0.0,0.0,0.0,0.25,0.3333333333333333,0.3333333333333333,0.0,1.0,0.5,0.4,0.4,0.3333333333333333,1.0,1.0,0.4,0.4,1.0,1.0,0.3333333333333333
mui__material-ui-11446,mui/material-ui,TypeScript,hybrid_rrf,retrieval,11,True,,4,3,1,10,0.25,1.0,1.0,0.3333333333333333,0.0,0.5,0.6666666666666666,0.6666666666666666,0.6666666666666666,0.0,0.5,0.4,0.4,0.6666666666666666,0.0,0.5,0.2,0.2,0.6666666666666666,0.0,1.0
mui__material-ui-13828,mui/material-ui,TypeScript,path_bm25,retrieval,11,True,0.0598474170000145,4,3,1,10,0.0,0.0,0.0,0.0,0.0,0.0,0.0,0.0,0.0,0.0,0.0,0.0,0.0,0.0,0.0,0.0,0.0,0.0,0.0,0.0,0.0
mui__material-ui-13828,mui/material-ui,TypeScript,content_bm25,retrieval,11,True,0.6119743340000241,4,3,1,10,0.0,0.0,0.0,0.0,0.0,0.0,0.0,0.0,0.0,0.0,0.0,0.0,0.0,0.0,0.0,0.25,0.1,0.1,0.3333333333333333,0.0,0.16666666666666666
mui__material-ui-13828,mui/material-ui,TypeScript,dense_minilm,retrieval,11,True,29.490375041999982,4,3,1,10,0.0,0.0,0.0,0.0,0.0,0.0,0.0,0.0,0.0,0.0,0.0,0.0,0.0,0.0,0.0,0.0,0.0,0.0,0.0,0.0,0.0
mui__material-ui-13828,mui/material-ui,TypeScript,hybrid_rrf,retrieval,11,True,,4,3,1,10,0.0,0.0,0.0,0.0,0.0,0.0,0.0,0.0,0.0,0.0,0.0,0.0,0.0,0.0,0.0,0.0,0.0,0.0,0.0,0.0,0.0
mui__material-ui-13899,mui/material-ui,TypeScript,path_bm25,retrieval,11,True,0.07299095799999122,7,5,2,10,0.0,0.0,0.0,0.0,0.0,0.0,0.0,0.0,0.0,0.0,0.0,0.0,0.0,0.0,0.0,0.0,0.0,0.0,0.0,0.0,0.0
mui__material-ui-13899,mui/material-ui,TypeScript,content_bm25,retrieval,11,True,1.0641953749999402,7,5,2,10,0.0,0.0,0.0,0.0,0.0,0.0,0.0,0.0,0.0,0.0,0.14285714285714285,0.2,0.2,0.2,0.0,0.14285714285714285,0.1,0.1,0.2,0.0,0.2
mui__material-ui-13899,mui/material-ui,TypeScript,dense_minilm,retrieval,11,True,12.097548332999963,7,5,2,10,0.0,0.0,0.0,0.0,0.0,0.2857142857142857,0.6666666666666666,0.6666666666666666,0.2,0.5,0.2857142857142857,0.4,0.4,0.2,0.5,0.42857142857142855,0.3,0.3,0.2,1.0,0.5
mui__material-ui-13899,mui/material-ui,TypeScript,hybrid_rrf,retrieval,11,True,,7,5,2,10,0.14285714285714285,1.0,1.0,0.2,0.0,0.2857142857142857,0.6666666666666666,0.6666666666666666,0.2,0.5,0.2857142857142857,0.4,0.4,0.2,0.5,0.2857142857142857,0.2,0.2,0.2,0.5,1.0
mui__material-ui-14465,mui/material-ui,TypeScript,path_bm25,retrieval,11,True,0.045250124999938635,13,10,3,10,0.0,0.0,0.0,0.0,0.0,0.0,0.0,0.0,0.0,0.0,0.0,0.0,0.0,0.0,0.0,0.0,0.0,0.0,0.0,0.0,0.0
mui__material-ui-14465,mui/material-ui,TypeScript,content_bm25,retrieval,11,True,0.606238582999822,13,10,3,10,0.0,0.0,0.0,0.0,0.0,0.0,0.0,0.0,0.0,0.0,0.0,0.0,0.0,0.0,0.0,0.0,0.0,0.0,0.0,0.0,0.0
mui__material-ui-14465,mui/material-ui,TypeScript,dense_minilm,retrieval,11,True,7.657224000000042,13,10,3,10,0.0,0.0,0.0,0.0,0.0,0.0,0.0,0.0,0.0,0.0,0.0,0.0,0.0,0.0,0.0,0.0,0.0,0.0,0.0,0.0,0.0
mui__material-ui-14465,mui/material-ui,TypeScript,hybrid_rrf,retrieval,11,True,,13,10,3,10,0.0,0.0,0.0,0.0,0.0,0.0,0.0,0.0,0.0,0.0,0.0,0.0,0.0,0.0,0.0,0.0,0.0,0.0,0.0,0.0,0.0
mui__material-ui-15495,mui/material-ui,TypeScript,path_bm25,retrieval,11,True,0.0714984999999615,4,3,1,10,0.0,0.0,0.0,0.0,0.0,0.0,0.0,0.0,0.0,0.0,0.0,0.0,0.0,0.0,0.0,0.0,0.0,0.0,0.0,0.0,0.0
mui__material-ui-15495,mui/material-ui,TypeScript,content_bm25,retrieval,11,True,0.644694291000178,4,3,1,10,0.0,0.0,0.0,0.0,0.0,0.0,0.0,0.0,0.0,0.0,0.0,0.0,0.0,0.0,0.0,0.0,0.0,0.0,0.0,0.0,0.0
mui__material-ui-15495,mui/material-ui,TypeScript,dense_minilm,retrieval,11,True,7.443629999999985,4,3,1,10,0.0,0.0,0.0,0.0,0.0,0.0,0.0,0.0,0.0,0.0,0.0,0.0,0.0,0.0,0.0,0.0,0.0,0.0,0.0,0.0,0.0
mui__material-ui-15495,mui/material-ui,TypeScript,hybrid_rrf,retrieval,11,True,,4,3,1,10,0.0,0.0,0.0,0.0,0.0,0.0,0.0,0.0,0.0,0.0,0.0,0.0,0.0,0.0,0.0,0.0,0.0,0.0,0.0,0.0,0.0
mui__material-ui-17005,mui/material-ui,TypeScript,path_bm25,retrieval,11,True,0.07631512500006465,2,1,1,10,0.0,0.0,0.0,0.0,0.0,0.0,0.0,0.0,0.0,0.0,0.0,0.0,0.0,0.0,0.0,0.0,0.0,0.0,0.0,0.0,0.0
mui__material-ui-17005,mui/material-ui,TypeScript,content_bm25,retrieval,11,True,0.6466564999998354,2,1,1,10,0.0,0.0,0.0,0.0,0.0,0.0,0.0,0.0,0.0,0.0,0.0,0.0,0.0,0.0,0.0,0.0,0.0,0.0,0.0,0.0,0.0
mui__material-ui-17005,mui/material-ui,TypeScript,dense_minilm,retrieval,11,True,27.088157124999952,2,1,1,10,0.0,0.0,0.0,0.0,0.0,0.0,0.0,0.0,0.0,0.0,0.0,0.0,0.0,0.0,0.0,0.0,0.0,0.0,0.0,0.0,0.0
mui__material-ui-17005,mui/material-ui,TypeScript,hybrid_rrf,retrieval,11,True,,2,1,1,10,0.0,0.0,0.0,0.0,0.0,0.0,0.0,0.0,0.0,0.0,0.0,0.0,0.0,0.0,0.0,0.0,0.0,0.0,0.0,0.0,0.0
mui__material-ui-17640,mui/material-ui,TypeScript,path_bm25,retrieval,11,True,0.06920762499999,5,3,2,10,0.0,0.0,0.0,0.0,0.0,0.0,0.0,0.0,0.0,0.0,0.0,0.0,0.0,0.0,0.0,0.0,0.0,0.0,0.0,0.0,0.0
mui__material-ui-17640,mui/material-ui,TypeScript,content_bm25,retrieval,11,True,1.0145836670001245,5,3,2,10,0.0,0.0,0.0,0.0,0.0,0.0,0.0,0.0,0.0,0.0,0.0,0.0,0.0,0.0,0.0,0.0,0.0,0.0,0.0,0.0,0.0
mui__material-ui-17640,mui/material-ui,TypeScript,dense_minilm,retrieval,11,True,24.282440167000004,5,3,2,10,0.0,0.0,0.0,0.0,0.0,0.0,0.0,0.0,0.0,0.0,0.0,0.0,0.0,0.0,0.0,0.0,0.0,0.0,0.0,0.0,0.0
mui__material-ui-17640,mui/material-ui,TypeScript,hybrid_rrf,retrieval,11,True,,5,3,2,10,0.0,0.0,0.0,0.0,0.0,0.0,0.0,0.0,0.0,0.0,0.0,0.0,0.0,0.0,0.0,0.0,0.0,0.0,0.0,0.0,0.0
mui__material-ui-17691,mui/material-ui,TypeScript,path_bm25,retrieval,11,True,0.8431888340001024,9,5,4,10,0.0,0.0,0.0,0.0,0.0,0.0,0.0,0.0,0.0,0.0,0.0,0.0,0.0,0.0,0.0,0.2222222222222222,0.2,0.2,0.4,0.0,0.125
mui__material-ui-17691,mui/material-ui,TypeScript,content_bm25,retrieval,11,True,1.1136450419999164,9,5,4,10,0.0,0.0,0.0,0.0,0.0,0.0,0.0,0.0,0.0,0.0,0.1111111111111111,0.2,0.2,0.2,0.0,0.1111111111111111,0.1,0.1,0.2,0.0,0.25
mui__material-ui-17691,mui/material-ui,TypeScript,dense_minilm,retrieval,11,True,1.0943084999998973,9,5,4,10,0.0,0.0,0.0,0.0,0.0,0.0,0.0,0.0,0.0,0.0,0.0,0.0,0.0,0.0,0.0,0.1111111111111111,0.1,0.1,0.2,0.0,0.14285714285714285
mui__material-ui-17691,mui/material-ui,TypeScript,hybrid_rrf,retrieval,11,True,,9,5,4,10,0.1111111111111111,1.0,1.0,0.2,0.0,0.2222222222222222,0.6666666666666666,0.6666666666666666,0.4,0.0,0.4444444444444444,0.8,0.8,0.6,0.25,0.4444444444444444,0.4,0.4,0.6,0.25,1.0
mui__material-ui-17829,mui/material-ui,TypeScript,path_bm25,retrieval,11,True,0.10927137499993478,3,2,1,10,0.0,0.0,0.0,0.0,0.0,0.0,0.0,0.0,0.0,0.0,0.0,0.0,0.0,0.0,0.0,0.0,0.0,0.0,0.0,0.0,0.0
mui__material-ui-17829,mui/material-ui,TypeScript,content_bm25,retrieval,11,True,1.061298000000079,3,2,1,10,0.0,0.0,0.0,0.0,0.0,0.0,0.0,0.0,0.0,0.0,0.0,0.0,0.0,0.0,0.0,0.0,0.0,0.0,0.0,0.0,0.0
mui__material-ui-17829,mui/material-ui,TypeScript,dense_minilm,retrieval,11,True,4.515846457999942,3,2,1,10,0.0,0.0,0.0,0.0,0.0,0.0,0.0,0.0,0.0,0.0,0.0,0.0,0.0,0.0,0.0,0.0,0.0,0.0,0.0,0.0,0.0
mui__material-ui-17829,mui/material-ui,TypeScript,hybrid_rrf,retrieval,11,True,,3,2,1,10,0.0,0.0,0.0,0.0,0.0,0.0,0.0,0.0,0.0,0.0,0.0,0.0,0.0,0.0,0.0,0.0,0.0,0.0,0.0,0.0,0.0
mui__material-ui-18744,mui/material-ui,TypeScript,path_bm25,retrieval,11,True,0.04604041699985828,5,4,1,10,0.0,0.0,0.0,0.0,0.0,0.0,0.0,0.0,0.0,0.0,0.0,0.0,0.0,0.0,0.0,0.0,0.0,0.0,0.0,0.0,0.0
mui__material-ui-18744,mui/material-ui,TypeScript,content_bm25,retrieval,11,True,0.7067333329998746,5,4,1,10,0.0,0.0,0.0,0.0,0.0,0.0,0.0,0.0,0.0,0.0,0.0,0.0,0.0,0.0,0.0,0.0,0.0,0.0,0.0,0.0,0.0
mui__material-ui-18744,mui/material-ui,TypeScript,dense_minilm,retrieval,11,True,8.55266349999988,5,4,1,10,0.0,0.0,0.0,0.0,0.0,0.0,0.0,0.0,0.0,0.0,0.0,0.0,0.0,0.0,0.0,0.0,0.0,0.0,0.0,0.0,0.0
mui__material-ui-18744,mui/material-ui,TypeScript,hybrid_rrf,retrieval,11,True,,5,4,1,10,0.0,0.0,0.0,0.0,0.0,0.2,0.3333333333333333,0.3333333333333333,0.25,0.0,0.2,0.2,0.2,0.25,0.0,0.2,0.1,0.1,0.25,0.0,0.3333333333333333
mui__material-ui-20133,mui/material-ui,TypeScript,path_bm25,retrieval,11,True,0.1305510830000003,9,7,2,10,0.0,0.0,0.0,0.0,0.0,0.0,0.0,0.0,0.0,0.0,0.0,0.0,0.0,0.0,0.0,0.0,0.0,0.0,0.0,0.0,0.0
mui__material-ui-20133,mui/material-ui,TypeScript,content_bm25,retrieval,11,True,1.8096981660000893,9,7,2,10,0.0,0.0,0.0,0.0,0.0,0.0,0.0,0.0,0.0,0.0,0.0,0.0,0.0,0.0,0.0,0.0,0.0,0.0,0.0,0.0,0.0
mui__material-ui-20133,mui/material-ui,TypeScript,dense_minilm,retrieval,11,True,49.93101858299997,9,7,2,10,0.0,0.0,0.0,0.0,0.0,0.1111111111111111,0.3333333333333333,0.3333333333333333,0.14285714285714285,0.0,0.3333333333333333,0.6,0.6,0.42857142857142855,0.0,0.5555555555555556,0.5,0.5,0.7142857142857143,0.0,0.3333333333333333
mui__material-ui-20133,mui/material-ui,TypeScript,hybrid_rrf,retrieval,11,True,,9,7,2,10,0.0,0.0,0.0,0.0,0.0,0.0,0.0,0.0,0.0,0.0,0.0,0.0,0.0,0.0,0.0,0.4444444444444444,0.4,0.4,0.5714285714285714,0.0,0.16666666666666666
mui__material-ui-20781,mui/material-ui,TypeScript,path_bm25,retrieval,11,True,0.13751995899997382,4,3,1,10,0.0,0.0,0.0,0.0,0.0,0.0,0.0,0.0,0.0,0.0,0.0,0.0,0.0,0.0,0.0,0.0,0.0,0.0,0.0,0.0,0.0
mui__material-ui-20781,mui/material-ui,TypeScript,content_bm25,retrieval,11,True,1.7716033750000406,4,3,1,10,0.0,0.0,0.0,0.0,0.0,0.0,0.0,0.0,0.0,0.0,0.0,0.0,0.0,0.0,0.0,0.0,0.0,0.0,0.0,0.0,0.0
mui__material-ui-20781,mui/material-ui,TypeScript,dense_minilm,retrieval,11,True,11.850639791000049,4,3,1,10,0.0,0.0,0.0,0.0,0.0,0.0,0.0,0.0,0.0,0.0,0.0,0.0,0.0,0.0,0.0,0.25,0.1,0.1,0.3333333333333333,0.0,0.1111111111111111
mui__material-ui-20781,mui/material-ui,TypeScript,hybrid_rrf,retrieval,11,True,,4,3,1,10,0.0,0.0,0.0,0.0,0.0,0.0,0.0,0.0,0.0,0.0,0.0,0.0,0.0,0.0,0.0,0.25,0.1,0.1,0.3333333333333333,0.0,0.125
mui__material-ui-21192,mui/material-ui,TypeScript,path_bm25,retrieval,11,True,0.6743865409998762,6,4,2,10,0.0,0.0,0.0,0.0,0.0,0.0,0.0,0.0,0.0,0.0,0.0,0.0,0.0,0.0,0.0,0.0,0.0,0.0,0.0,0.0,0.0
mui__material-ui-21192,mui/material-ui,TypeScript,content_bm25,retrieval,11,True,0.8396469169999818,6,4,2,10,0.0,0.0,0.0,0.0,0.0,0.0,0.0,0.0,0.0,0.0,0.0,0.0,0.0,0.0,0.0,0.0,0.0,0.0,0.0,0.0,0.0
mui__material-ui-21192,mui/material-ui,TypeScript,dense_minilm,retrieval,11,True,3.9913002920000054,6,4,2,10,0.16666666666666666,1.0,1.0,0.25,0.0,0.16666666666666666,0.3333333333333333,0.3333333333333333,0.25,0.0,0.16666666666666666,0.2,0.2,0.25,0.0,0.16666666666666666,0.1,0.1,0.25,0.0,1.0
mui__material-ui-21192,mui/material-ui,TypeScript,hybrid_rrf,retrieval,11,True,,6,4,2,10,0.0,0.0,0.0,0.0,0.0,0.0,0.0,0.0,0.0,0.0,0.16666666666666666,0.2,0.2,0.25,0.0,0.5,0.3,0.3,0.5,0.5,0.2
mui__material-ui-23364,mui/material-ui,TypeScript,path_bm25,retrieval,11,True,0.46719745900009,5,3,2,10,0.0,0.0,0.0,0.0,0.0,0.0,0.0,0.0,0.0,0.0,0.0,0.0,0.0,0.0,0.0,0.0,0.0,0.0,0.0,0.0,0.0
mui__material-ui-23364,mui/material-ui,TypeScript,content_bm25,retrieval,11,True,2.803690125000003,5,3,2,10,0.0,0.0,0.0,0.0,0.0,0.0,0.0,0.0,0.0,0.0,0.0,0.0,0.0,0.0,0.0,0.0,0.0,0.0,0.0,0.0,0.0
mui__material-ui-23364,mui/material-ui,TypeScript,dense_minilm,retrieval,11,True,19.23031508300005,5,3,2,10,0.2,1.0,1.0,0.3333333333333333,0.0,0.2,0.3333333333333333,0.3333333333333333,0.3333333333333333,0.0,0.4,0.4,0.4,0.6666666666666666,0.0,0.6,0.3,0.3,1.0,0.0,1.0
mui__material-ui-23364,mui/material-ui,TypeScript,hybrid_rrf,retrieval,11,True,,5,3,2,10,0.0,0.0,0.0,0.0,0.0,0.0,0.0,0.0,0.0,0.0,0.0,0.0,0.0,0.0,0.0,0.0,0.0,0.0,0.0,0.0,0.0
mui__material-ui-26746,mui/material-ui,TypeScript,path_bm25,retrieval,11,True,0.2733330409998871,11,6,5,10,0.0,0.0,0.0,0.0,0.0,0.0,0.0,0.0,0.0,0.0,0.0,0.0,0.0,0.0,0.0,0.0,0.0,0.0,0.0,0.0,0.0
mui__material-ui-26746,mui/material-ui,TypeScript,content_bm25,retrieval,11,True,2.735124249999899,11,6,5,10,0.0,0.0,0.0,0.0,0.0,0.09090909090909091,0.3333333333333333,0.3333333333333333,0.16666666666666666,0.0,0.09090909090909091,0.2,0.2,0.16666666666666666,0.0,0.18181818181818182,0.2,0.2,0.16666666666666666,0.2,0.5
mui__material-ui-26746,mui/material-ui,TypeScript,dense_minilm,retrieval,11,True,153.17068412499998,11,6,5,10,0.09090909090909091,1.0,1.0,0.16666666666666666,0.0,0.09090909090909091,0.3333333333333333,0.3333333333333333,0.16666666666666666,0.0,0.09090909090909091,0.2,0.2,0.16666666666666666,0.0,0.09090909090909091,0.1,0.1,0.16666666666666666,0.0,1.0
mui__material-ui-26746,mui/material-ui,TypeScript,hybrid_rrf,retrieval,11,True,,11,6,5,10,0.09090909090909091,1.0,1.0,0.16666666666666666,0.0,0.09090909090909091,0.3333333333333333,0.3333333333333333,0.16666666666666666,0.0,0.09090909090909091,0.2,0.2,0.16666666666666666,0.0,0.36363636363636365,0.4,0.4,0.5,0.2,1.0
mui__material-ui-28813,mui/material-ui,TypeScript,path_bm25,retrieval,11,True,0.3660995830000502,4,3,1,10,0.0,0.0,0.0,0.0,0.0,0.0,0.0,0.0,0.0,0.0,0.0,0.0,0.0,0.0,0.0,0.0,0.0,0.0,0.0,0.0,0.0
mui__material-ui-28813,mui/material-ui,TypeScript,content_bm25,retrieval,11,True,3.0105187090000527,4,3,1,10,0.0,0.0,0.0,0.0,0.0,0.0,0.0,0.0,0.0,0.0,0.0,0.0,0.0,0.0,0.0,0.0,0.0,0.0,0.0,0.0,0.0
mui__material-ui-28813,mui/material-ui,TypeScript,dense_minilm,retrieval,11,True,130.73059708300002,4,3,1,10,0.0,0.0,0.0,0.0,0.0,0.0,0.0,0.0,0.0,0.0,0.0,0.0,0.0,0.0,0.0,0.25,0.1,0.1,0.3333333333333333,0.0,0.16666666666666666
mui__material-ui-28813,mui/material-ui,TypeScript,hybrid_rrf,retrieval,11,True,,4,3,1,10,0.0,0.0,0.0,0.0,0.0,0.0,0.0,0.0,0.0,0.0,0.0,0.0,0.0,0.0,0.0,0.0,0.0,0.0,0.0,0.0,0.0
mui__material-ui-33312,mui/material-ui,TypeScript,path_bm25,retrieval,11,True,1.33330849999993,10,9,1,10,0.0,0.0,0.0,0.0,0.0,0.0,0.0,0.0,0.0,0.0,0.0,0.0,0.0,0.0,0.0,0.0,0.0,0.0,0.0,0.0,0.0
mui__material-ui-33312,mui/material-ui,TypeScript,content_bm25,retrieval,11,True,3.041212582999833,10,9,1,10,0.0,0.0,0.0,0.0,0.0,0.0,0.0,0.0,0.0,0.0,0.0,0.0,0.0,0.0,0.0,0.0,0.0,0.0,0.0,0.0,0.0
mui__material-ui-33312,mui/material-ui,TypeScript,dense_minilm,retrieval,11,True,90.65465375000008,10,9,1,10,0.1,1.0,1.0,0.1111111111111111,0.0,0.1,0.3333333333333333,0.3333333333333333,0.1111111111111111,0.0,0.1,0.2,0.2,0.1111111111111111,0.0,0.2,0.2,0.2,0.1111111111111111,1.0,1.0
mui__material-ui-33312,mui/material-ui,TypeScript,hybrid_rrf,retrieval,11,True,,10,9,1,10,0.0,0.0,0.0,0.0,0.0,0.0,0.0,0.0,0.0,0.0,0.0,0.0,0.0,0.0,0.0,0.2,0.2,0.2,0.1111111111111111,1.0,0.16666666666666666
mui__material-ui-34138,mui/material-ui,TypeScript,path_bm25,retrieval,11,True,0.24446291699996436,10,8,2,10,0.0,0.0,0.0,0.0,0.0,0.0,0.0,0.0,0.0,0.0,0.0,0.0,0.0,0.0,0.0,0.0,0.0,0.0,0.0,0.0,0.0
mui__material-ui-34138,mui/material-ui,TypeScript,content_bm25,retrieval,11,True,3.2888838750000104,10,8,2,10,0.0,0.0,0.0,0.0,0.0,0.0,0.0,0.0,0.0,0.0,0.0,0.0,0.0,0.0,0.0,0.0,0.0,0.0,0.0,0.0,0.0
mui__material-ui-34138,mui/material-ui,TypeScript,dense_minilm,retrieval,11,True,24.867038707999882,10,8,2,10,0.0,0.0,0.0,0.0,0.0,0.1,0.3333333333333333,0.3333333333333333,0.125,0.0,0.2,0.4,0.4,0.25,0.0,0.3,0.3,0.3,0.375,0.0,0.5
mui__material-ui-34138,mui/material-ui,TypeScript,hybrid_rrf,retrieval,11,True,,10,8,2,10,0.0,0.0,0.0,0.0,0.0,0.0,0.0,0.0,0.0,0.0,0.1,0.2,0.2,0.125,0.0,0.3,0.3,0.3,0.375,0.0,0.25
mui__material-ui-34158,mui/material-ui,TypeScript,path_bm25,retrieval,11,True,0.5999547500000517,25,19,6,10,0.0,0.0,0.0,0.0,0.0,0.0,0.0,0.0,0.0,0.0,0.0,0.0,0.0,0.0,0.0,0.08,0.2,0.2,0.05263157894736842,0.16666666666666666,0.16666666666666666
mui__material-ui-34158,mui/material-ui,TypeScript,content_bm25,retrieval,11,True,4.714725333999922,25,19,6,10,0.0,0.0,0.0,0.0,0.0,0.0,0.0,0.0,0.0,0.0,0.0,0.0,0.0,0.0,0.0,0.0,0.0,0.0,0.0,0.0,0.0
mui__material-ui-34158,mui/material-ui,TypeScript,dense_minilm,retrieval,11,True,5.354519707999998,25,19,6,10,0.04,1.0,1.0,0.05263157894736842,0.0,0.08,0.6666666666666666,0.6666666666666666,0.10526315789473684,0.0,0.12,0.6,0.6,0.10526315789473684,0.16666666666666666,0.16,0.4,0.4,0.15789473684210525,0.16666666666666666,1.0
mui__material-ui-34158,mui/material-ui,TypeScript,hybrid_rrf,retrieval,11,True,,25,19,6,10,0.0,0.0,0.0,0.0,0.0,0.0,0.0,0.0,0.0,0.0,0.04,0.2,0.2,0.0,0.16666666666666666,0.08,0.2,0.2,0.05263157894736842,0.16666666666666666,0.25
mui__material-ui-34207,mui/material-ui,TypeScript,path_bm25,retrieval,11,True,0.24474149999991823,12,11,1,10,0.0,0.0,0.0,0.0,0.0,0.0,0.0,0.0,0.0,0.0,0.08333333333333333,0.2,0.2,0.09090909090909091,0.0,0.16666666666666666,0.2,0.2,0.18181818181818182,0.0,0.2
mui__material-ui-34207,mui/material-ui,TypeScript,content_bm25,retrieval,11,True,2.7298689589999867,12,11,1,10,0.0,0.0,0.0,0.0,0.0,0.0,0.0,0.0,0.0,0.0,0.0,0.0,0.0,0.0,0.0,0.0,0.0,0.0,0.0,0.0,0.0
mui__material-ui-34207,mui/material-ui,TypeScript,dense_minilm,retrieval,11,True,9.772742667000102,12,11,1,10,0.08333333333333333,1.0,1.0,0.09090909090909091,0.0,0.16666666666666666,0.6666666666666666,0.6666666666666666,0.09090909090909091,1.0,0.16666666666666666,0.4,0.4,0.09090909090909091,1.0,0.25,0.3,0.3,0.18181818181818182,1.0,1.0
mui__material-ui-34207,mui/material-ui,TypeScript,hybrid_rrf,retrieval,11,True,,12,11,1,10,0.0,0.0,0.0,0.0,0.0,0.0,0.0,0.0,0.0,0.0,0.08333333333333333,0.2,0.2,0.0,1.0,0.25,0.3,0.3,0.18181818181818182,1.0,0.2
mui__material-ui-37908,mui/material-ui,TypeScript,path_bm25,retrieval,11,True,0.5803031670000109,5,4,1,10,0.0,0.0,0.0,0.0,0.0,0.0,0.0,0.0,0.0,0.0,0.0,0.0,0.0,0.0,0.0,0.0,0.0,0.0,0.0,0.0,0.0
mui__material-ui-37908,mui/material-ui,TypeScript,content_bm25,retrieval,11,True,3.4929901250000057,5,4,1,10,0.0,0.0,0.0,0.0,0.0,0.0,0.0,0.0,0.0,0.0,0.0,0.0,0.0,0.0,0.0,0.0,0.0,0.0,0.0,0.0,0.0
mui__material-ui-37908,mui/material-ui,TypeScript,dense_minilm,retrieval,11,True,68.09047779100001,5,4,1,10,0.0,0.0,0.0,0.0,0.0,0.0,0.0,0.0,0.0,0.0,0.0,0.0,0.0,0.0,0.0,0.0,0.0,0.0,0.0,0.0,0.0
mui__material-ui-37908,mui/material-ui,TypeScript,hybrid_rrf,retrieval,11,True,,5,4,1,10,0.0,0.0,0.0,0.0,0.0,0.0,0.0,0.0,0.0,0.0,0.0,0.0,0.0,0.0,0.0,0.0,0.0,0.0,0.0,0.0,0.0
mui__material-ui-38167,mui/material-ui,TypeScript,path_bm25,retrieval,11,True,0.21101379199990333,21,19,2,10,0.0,0.0,0.0,0.0,0.0,0.0,0.0,0.0,0.0,0.0,0.0,0.0,0.0,0.0,0.0,0.0,0.0,0.0,0.0,0.0,0.0
mui__material-ui-38167,mui/material-ui,TypeScript,content_bm25,retrieval,11,True,3.0910070410000117,21,19,2,10,0.0,0.0,0.0,0.0,0.0,0.0,0.0,0.0,0.0,0.0,0.0,0.0,0.0,0.0,0.0,0.0,0.0,0.0,0.0,0.0,0.0
mui__material-ui-38167,mui/material-ui,TypeScript,dense_minilm,retrieval,11,True,11.691041041999824,21,19,2,10,0.0,0.0,0.0,0.0,0.0,0.047619047619047616,0.3333333333333333,0.3333333333333333,0.05263157894736842,0.0,0.047619047619047616,0.2,0.2,0.05263157894736842,0.0,0.14285714285714285,0.3,0.3,0.15789473684210525,0.0,0.5
mui__material-ui-38167,mui/material-ui,TypeScript,hybrid_rrf,retrieval,11,True,,21,19,2,10,0.0,0.0,0.0,0.0,0.0,0.0,0.0,0.0,0.0,0.0,0.0,0.0,0.0,0.0,0.0,0.047619047619047616,0.1,0.1,0.05263157894736842,0.0,0.1
tailwindlabs__tailwindcss-88,tailwindlabs/tailwindcss,TypeScript,path_bm25,retrieval,11,True,0.004346375000068292,3,2,1,10,0.0,0.0,0.0,0.0,0.0,0.0,0.0,0.0,0.0,0.0,0.0,0.0,0.0,0.0,0.0,0.0,0.0,0.0,0.0,0.0,0.0
tailwindlabs__tailwindcss-88,tailwindlabs/tailwindcss,TypeScript,content_bm25,retrieval,11,True,0.07061270899998817,3,2,1,10,0.0,0.0,0.0,0.0,0.0,0.0,0.0,0.0,0.0,0.0,0.3333333333333333,0.2,0.2,0.5,0.0,0.3333333333333333,0.1,0.1,0.5,0.0,0.25
tailwindlabs__tailwindcss-88,tailwindlabs/tailwindcss,TypeScript,dense_minilm,retrieval,11,True,1.7941845000000285,3,2,1,10,0.0,0.0,0.0,0.0,0.0,0.0,0.0,0.0,0.0,0.0,0.3333333333333333,0.2,0.2,0.5,0.0,0.3333333333333333,0.1,0.1,0.5,0.0,0.25
tailwindlabs__tailwindcss-88,tailwindlabs/tailwindcss,TypeScript,hybrid_rrf,retrieval,11,True,,3,2,1,10,0.0,0.0,0.0,0.0,0.0,0.0,0.0,0.0,0.0,0.0,0.0,0.0,0.0,0.0,0.0,0.0,0.0,0.0,0.0,0.0,0.0
tailwindlabs__tailwindcss-165,tailwindlabs/tailwindcss,TypeScript,path_bm25,retrieval,11,True,0.003148624999994354,2,1,1,10,0.0,0.0,0.0,0.0,0.0,0.0,0.0,0.0,0.0,0.0,0.5,0.2,0.2,1.0,0.0,0.5,0.1,0.1,1.0,0.0,0.25
tailwindlabs__tailwindcss-165,tailwindlabs/tailwindcss,TypeScript,content_bm25,retrieval,11,True,0.06401699999992161,2,1,1,10,0.0,0.0,0.0,0.0,0.0,0.0,0.0,0.0,0.0,0.0,0.0,0.0,0.0,0.0,0.0,0.0,0.0,0.0,0.0,0.0,0.0
tailwindlabs__tailwindcss-165,tailwindlabs/tailwindcss,TypeScript,dense_minilm,retrieval,11,True,0.339590041999827,2,1,1,10,0.0,0.0,0.0,0.0,0.0,0.0,0.0,0.0,0.0,0.0,0.0,0.0,0.0,0.0,0.0,0.0,0.0,0.0,0.0,0.0,0.0
tailwindlabs__tailwindcss-165,tailwindlabs/tailwindcss,TypeScript,hybrid_rrf,retrieval,11,True,,2,1,1,10,0.0,0.0,0.0,0.0,0.0,0.0,0.0,0.0,0.0,0.0,0.0,0.0,0.0,0.0,0.0,0.0,0.0,0.0,0.0,0.0,0.0
tailwindlabs__tailwindcss-236,tailwindlabs/tailwindcss,TypeScript,path_bm25,retrieval,11,True,0.0010284590000537719,2,1,1,10,0.0,0.0,0.0,0.0,0.0,0.0,0.0,0.0,0.0,0.0,0.0,0.0,0.0,0.0,0.0,0.0,0.0,0.0,0.0,0.0,0.0
tailwindlabs__tailwindcss-236,tailwindlabs/tailwindcss,TypeScript,content_bm25,retrieval,11,True,0.053511583999807044,2,1,1,10,0.0,0.0,0.0,0.0,0.0,0.0,0.0,0.0,0.0,0.0,0.0,0.0,0.0,0.0,0.0,0.0,0.0,0.0,0.0,0.0,0.0
tailwindlabs__tailwindcss-236,tailwindlabs/tailwindcss,TypeScript,dense_minilm,retrieval,11,True,0.9753202080000847,2,1,1,10,0.5,1.0,1.0,1.0,0.0,0.5,0.3333333333333333,0.3333333333333333,1.0,0.0,0.5,0.2,0.2,1.0,0.0,0.5,0.1,0.1,1.0,0.0,1.0
tailwindlabs__tailwindcss-236,tailwindlabs/tailwindcss,TypeScript,hybrid_rrf,retrieval,11,True,,2,1,1,10,0.0,0.0,0.0,0.0,0.0,0.0,0.0,0.0,0.0,0.0,0.0,0.0,0.0,0.0,0.0,0.5,0.1,0.1,1.0,0.0,0.125
tailwindlabs__tailwindcss-417,tailwindlabs/tailwindcss,TypeScript,path_bm25,retrieval,11,True,0.0006062500001462467,2,1,1,10,0.0,0.0,0.0,0.0,0.0,0.5,0.3333333333333333,0.3333333333333333,1.0,0.0,1.0,0.4,0.4,1.0,1.0,1.0,0.2,0.2,1.0,1.0,0.5
tailwindlabs__tailwindcss-417,tailwindlabs/tailwindcss,TypeScript,content_bm25,retrieval,11,True,0.04366795800001455,2,1,1,10,0.0,0.0,0.0,0.0,0.0,0.0,0.0,0.0,0.0,0.0,0.0,0.0,0.0,0.0,0.0,0.0,0.0,0.0,0.0,0.0,0.0
tailwindlabs__tailwindcss-417,tailwindlabs/tailwindcss,TypeScript,dense_minilm,retrieval,11,True,0.4358356249999815,2,1,1,10,0.0,0.0,0.0,0.0,0.0,0.0,0.0,0.0,0.0,0.0,0.0,0.0,0.0,0.0,0.0,0.0,0.0,0.0,0.0,0.0,0.0
tailwindlabs__tailwindcss-417,tailwindlabs/tailwindcss,TypeScript,hybrid_rrf,retrieval,11,True,,2,1,1,10,0.0,0.0,0.0,0.0,0.0,0.0,0.0,0.0,0.0,0.0,0.0,0.0,0.0,0.0,0.0,0.0,0.0,0.0,0.0,0.0,0.0
tailwindlabs__tailwindcss-445,tailwindlabs/tailwindcss,TypeScript,path_bm25,retrieval,11,True,0.0005720839999412419,2,1,1,10,0.5,1.0,1.0,1.0,0.0,0.5,0.3333333333333333,0.3333333333333333,1.0,0.0,0.5,0.2,0.2,1.0,0.0,0.5,0.1,0.1,1.0,0.0,1.0
tailwindlabs__tailwindcss-445,tailwindlabs/tailwindcss,TypeScript,content_bm25,retrieval,11,True,0.037343834000012066,2,1,1,10,0.0,0.0,0.0,0.0,0.0,0.5,0.3333333333333333,0.3333333333333333,1.0,0.0,1.0,0.4,0.4,1.0,1.0,1.0,0.2,0.2,1.0,1.0,0.3333333333333333
tailwindlabs__tailwindcss-445,tailwindlabs/tailwindcss,TypeScript,dense_minilm,retrieval,11,True,0.24874004100001912,2,1,1,10,0.5,1.0,1.0,1.0,0.0,0.5,0.3333333333333333,0.3333333333333333,1.0,0.0,1.0,0.4,0.4,1.0,1.0,1.0,0.2,0.2,1.0,1.0,1.0
tailwindlabs__tailwindcss-445,tailwindlabs/tailwindcss,TypeScript,hybrid_rrf,retrieval,11,True,,2,1,1,10,0.0,0.0,0.0,0.0,0.0,1.0,0.6666666666666666,0.6666666666666666,1.0,1.0,1.0,0.4,0.4,1.0,1.0,1.0,0.2,0.2,1.0,1.0,0.5
tailwindlabs__tailwindcss-463,tailwindlabs/tailwindcss,TypeScript,path_bm25,retrieval,11,True,0.0007631670000591839,3,2,1,10,0.0,0.0,0.0,0.0,0.0,0.0,0.0,0.0,0.0,0.0,0.0,0.0,0.0,0.0,0.0,0.0,0.0,0.0,0.0,0.0,0.0
tailwindlabs__tailwindcss-463,tailwindlabs/tailwindcss,TypeScript,content_bm25,retrieval,11,True,0.06799000000000888,3,2,1,10,0.3333333333333333,1.0,1.0,0.5,0.0,0.6666666666666666,0.6666666666666666,0.6666666666666666,0.5,1.0,0.6666666666666666,0.4,0.4,0.5,1.0,0.6666666666666666,0.2,0.2,0.5,1.0,1.0
tailwindlabs__tailwindcss-463,tailwindlabs/tailwindcss,TypeScript,dense_minilm,retrieval,11,True,0.7963757499999247,3,2,1,10,0.3333333333333333,1.0,1.0,0.5,0.0,0.3333333333333333,0.3333333333333333,0.3333333333333333,0.5,0.0,0.6666666666666666,0.4,0.4,0.5,1.0,0.6666666666666666,0.2,0.2,0.5,1.0,1.0
tailwindlabs__tailwindcss-463,tailwindlabs/tailwindcss,TypeScript,hybrid_rrf,retrieval,11,True,,3,2,1,10,0.3333333333333333,1.0,1.0,0.0,1.0,0.6666666666666666,0.6666666666666666,0.6666666666666666,0.5,1.0,0.6666666666666666,0.4,0.4,0.5,1.0,1.0,0.3,0.3,1.0,1.0,1.0
tailwindlabs__tailwindcss-553,tailwindlabs/tailwindcss,TypeScript,path_bm25,retrieval,11,True,0.0014452089999394957,2,1,1,10,0.5,1.0,1.0,1.0,0.0,1.0,0.6666666666666666,0.6666666666666666,1.0,1.0,1.0,0.4,0.4,1.0,1.0,1.0,0.2,0.2,1.0,1.0,1.0
tailwindlabs__tailwindcss-553,tailwindlabs/tailwindcss,TypeScript,content_bm25,retrieval,11,True,0.08770066700003554,2,1,1,10,0.0,0.0,0.0,0.0,0.0,1.0,0.6666666666666666,0.6666666666666666,1.0,1.0,1.0,0.4,0.4,1.0,1.0,1.0,0.2,0.2,1.0,1.0,0.5
tailwindlabs__tailwindcss-553,tailwindlabs/tailwindcss,TypeScript,dense_minilm,retrieval,11,True,0.1805682080000679,2,1,1,10,0.0,0.0,0.0,0.0,0.0,0.0,0.0,0.0,0.0,0.0,0.0,0.0,0.0,0.0,0.0,0.5,0.1,0.1,0.0,1.0,0.16666666666666666
tailwindlabs__tailwindcss-553,tailwindlabs/tailwindcss,TypeScript,hybrid_rrf,retrieval,11,True,,2,1,1,10,0.5,1.0,1.0,0.0,1.0,1.0,0.6666666666666666,0.6666666666666666,1.0,1.0,1.0,0.4,0.4,1.0,1.0,1.0,0.2,0.2,1.0,1.0,1.0
tailwindlabs__tailwindcss-849,tailwindlabs/tailwindcss,TypeScript,path_bm25,retrieval,11,True,0.0037273749999258143,2,1,1,10,0.0,0.0,0.0,0.0,0.0,0.0,0.0,0.0,0.0,0.0,0.0,0.0,0.0,0.0,0.0,0.0,0.0,0.0,0.0,0.0,0.0
tailwindlabs__tailwindcss-849,tailwindlabs/tailwindcss,TypeScript,content_bm25,retrieval,11,True,0.21277420799992797,2,1,1,10,0.0,0.0,0.0,0.0,0.0,0.0,0.0,0.0,0.0,0.0,0.0,0.0,0.0,0.0,0.0,0.0,0.0,0.0,0.0,0.0,0.0
tailwindlabs__tailwindcss-849,tailwindlabs/tailwindcss,TypeScript,dense_minilm,retrieval,11,True,1.3858229579998351,2,1,1,10,0.5,1.0,1.0,1.0,0.0,1.0,0.6666666666666666,0.6666666666666666,1.0,1.0,1.0,0.4,0.4,1.0,1.0,1.0,0.2,0.2,1.0,1.0,1.0
tailwindlabs__tailwindcss-849,tailwindlabs/tailwindcss,TypeScript,hybrid_rrf,retrieval,11,True,,2,1,1,10,0.0,0.0,0.0,0.0,0.0,0.5,0.3333333333333333,0.3333333333333333,0.0,1.0,1.0,0.4,0.4,1.0,1.0,1.0,0.2,0.2,1.0,1.0,0.5
coder__code-server-4597,coder/code-server,TypeScript,path_bm25,retrieval,11,True,0.015409416000011333,8,7,1,10,0.0,0.0,0.0,0.0,0.0,0.0,0.0,0.0,0.0,0.0,0.0,0.0,0.0,0.0,0.0,0.0,0.0,0.0,0.0,0.0,0.0
coder__code-server-4597,coder/code-server,TypeScript,content_bm25,retrieval,11,True,0.24755687500010026,8,7,1,10,0.0,0.0,0.0,0.0,0.0,0.0,0.0,0.0,0.0,0.0,0.0,0.0,0.0,0.0,0.0,0.0,0.0,0.0,0.0,0.0,0.0
coder__code-server-4597,coder/code-server,TypeScript,dense_minilm,retrieval,11,True,1.1882160840000324,8,7,1,10,0.0,0.0,0.0,0.0,0.0,0.0,0.0,0.0,0.0,0.0,0.0,0.0,0.0,0.0,0.0,0.0,0.0,0.0,0.0,0.0,0.0
coder__code-server-4597,coder/code-server,TypeScript,hybrid_rrf,retrieval,11,True,,8,7,1,10,0.0,0.0,0.0,0.0,0.0,0.0,0.0,0.0,0.0,0.0,0.0,0.0,0.0,0.0,0.0,0.0,0.0,0.0,0.0,0.0,0.0
coder__code-server-4678,coder/code-server,TypeScript,path_bm25,retrieval,11,True,0.00089233299991065,16,12,4,10,0.0,0.0,0.0,0.0,0.0,0.0,0.0,0.0,0.0,0.0,0.0,0.0,0.0,0.0,0.0,0.0625,0.1,0.1,0.08333333333333333,0.0,0.125
coder__code-server-4678,coder/code-server,TypeScript,content_bm25,retrieval,11,True,0.0702777920000699,16,12,4,10,0.0,0.0,0.0,0.0,0.0,0.0,0.0,0.0,0.0,0.0,0.0,0.0,0.0,0.0,0.0,0.0,0.0,0.0,0.0,0.0,0.0
coder__code-server-4678,coder/code-server,TypeScript,dense_minilm,retrieval,11,True,0.28578583300009086,16,12,4,10,0.0,0.0,0.0,0.0,0.0,0.0,0.0,0.0,0.0,0.0,0.0,0.0,0.0,0.0,0.0,0.0,0.0,0.0,0.0,0.0,0.0
coder__code-server-4678,coder/code-server,TypeScript,hybrid_rrf,retrieval,11,True,,16,12,4,10,0.0,0.0,0.0,0.0,0.0,0.0,0.0,0.0,0.0,0.0,0.0,0.0,0.0,0.0,0.0,0.0625,0.1,0.1,0.08333333333333333,0.0,0.1111111111111111
coder__code-server-4923,coder/code-server,TypeScript,path_bm25,retrieval,11,True,0.0009099169999444712,4,2,2,10,0.0,0.0,0.0,0.0,0.0,0.0,0.0,0.0,0.0,0.0,0.0,0.0,0.0,0.0,0.0,0.0,0.0,0.0,0.0,0.0,0.0
coder__code-server-4923,coder/code-server,TypeScript,content_bm25,retrieval,11,True,0.06034025000008114,4,2,2,10,0.0,0.0,0.0,0.0,0.0,0.25,0.3333333333333333,0.3333333333333333,0.5,0.0,0.25,0.2,0.2,0.5,0.0,0.25,0.1,0.1,0.5,0.0,0.3333333333333333
coder__code-server-4923,coder/code-server,TypeScript,dense_minilm,retrieval,11,True,0.4746714580001026,4,2,2,10,0.0,0.0,0.0,0.0,0.0,0.0,0.0,0.0,0.0,0.0,0.25,0.2,0.2,0.5,0.0,0.5,0.2,0.2,0.5,0.5,0.2
coder__code-server-4923,coder/code-server,TypeScript,hybrid_rrf,retrieval,11,True,,4,2,2,10,0.25,1.0,1.0,0.5,0.0,0.5,0.6666666666666666,0.6666666666666666,0.5,0.5,0.5,0.4,0.4,0.5,0.5,0.75,0.3,0.3,1.0,0.5,1.0
coder__code-server-5633,coder/code-server,TypeScript,path_bm25,retrieval,11,True,0.002301291999856403,5,3,2,10,0.0,0.0,0.0,0.0,0.0,0.0,0.0,0.0,0.0,0.0,0.0,0.0,0.0,0.0,0.0,0.2,0.1,0.1,0.3333333333333333,0.0,0.16666666666666666
coder__code-server-5633,coder/code-server,TypeScript,content_bm25,retrieval,11,True,0.08730108300005668,5,3,2,10,0.0,0.0,0.0,0.0,0.0,0.0,0.0,0.0,0.0,0.0,0.0,0.0,0.0,0.0,0.0,0.0,0.0,0.0,0.0,0.0,0.0
coder__code-server-5633,coder/code-server,TypeScript,dense_minilm,retrieval,11,True,0.9100484169998708,5,3,2,10,0.0,0.0,0.0,0.0,0.0,0.2,0.3333333333333333,0.3333333333333333,0.3333333333333333,0.0,0.2,0.2,0.2,0.3333333333333333,0.0,0.2,0.1,0.1,0.3333333333333333,0.0,0.5
coder__code-server-5633,coder/code-server,TypeScript,hybrid_rrf,retrieval,11,True,,5,3,2,10,0.0,0.0,0.0,0.0,0.0,0.0,0.0,0.0,0.0,0.0,0.0,0.0,0.0,0.0,0.0,0.0,0.0,0.0,0.0,0.0,0.0
coder__code-server-6115,coder/code-server,TypeScript,path_bm25,retrieval,11,True,0.002355875000148444,2,1,1,10,0.0,0.0,0.0,0.0,0.0,0.0,0.0,0.0,0.0,0.0,0.0,0.0,0.0,0.0,0.0,0.0,0.0,0.0,0.0,0.0,0.0
coder__code-server-6115,coder/code-server,TypeScript,content_bm25,retrieval,11,True,0.18719662500006962,2,1,1,10,0.0,0.0,0.0,0.0,0.0,0.0,0.0,0.0,0.0,0.0,0.0,0.0,0.0,0.0,0.0,0.0,0.0,0.0,0.0,0.0,0.0
coder__code-server-6115,coder/code-server,TypeScript,dense_minilm,retrieval,11,True,0.6668141249999735,2,1,1,10,0.0,0.0,0.0,0.0,0.0,0.0,0.0,0.0,0.0,0.0,0.0,0.0,0.0,0.0,0.0,0.0,0.0,0.0,0.0,0.0,0.0
coder__code-server-6115,coder/code-server,TypeScript,hybrid_rrf,retrieval,11,True,,2,1,1,10,0.0,0.0,0.0,0.0,0.0,0.0,0.0,0.0,0.0,0.0,0.0,0.0,0.0,0.0,0.0,0.0,0.0,0.0,0.0,0.0,0.0
coder__code-server-6225,coder/code-server,TypeScript,path_bm25,retrieval,11,True,0.0023116669999581063,6,5,1,10,0.16666666666666666,1.0,1.0,0.2,0.0,0.16666666666666666,0.3333333333333333,0.3333333333333333,0.2,0.0,0.3333333333333333,0.4,0.4,0.4,0.0,0.3333333333333333,0.2,0.2,0.4,0.0,1.0
coder__code-server-6225,coder/code-server,TypeScript,content_bm25,retrieval,11,True,0.1558519579998574,6,5,1,10,0.0,0.0,0.0,0.0,0.0,0.0,0.0,0.0,0.0,0.0,0.0,0.0,0.0,0.0,0.0,0.16666666666666666,0.1,0.1,0.2,0.0,0.14285714285714285
coder__code-server-6225,coder/code-server,TypeScript,dense_minilm,retrieval,11,True,0.24629637499992896,6,5,1,10,0.16666666666666666,1.0,1.0,0.2,0.0,0.3333333333333333,0.6666666666666666,0.6666666666666666,0.4,0.0,0.3333333333333333,0.4,0.4,0.4,0.0,0.3333333333333333,0.2,0.2,0.4,0.0,1.0
coder__code-server-6225,coder/code-server,TypeScript,hybrid_rrf,retrieval,11,True,,6,5,1,10,0.16666666666666666,1.0,1.0,0.2,0.0,0.16666666666666666,0.3333333333333333,0.3333333333333333,0.2,0.0,0.3333333333333333,0.4,0.4,0.4,0.0,0.3333333333333333,0.2,0.2,0.4,0.0,1.0
coder__code-server-6423,coder/code-server,TypeScript,path_bm25,retrieval,11,True,0.002504417000182002,2,1,1,10,0.0,0.0,0.0,0.0,0.0,0.0,0.0,0.0,0.0,0.0,0.0,0.0,0.0,0.0,0.0,0.0,0.0,0.0,0.0,0.0,0.0
coder__code-server-6423,coder/code-server,TypeScript,content_bm25,retrieval,11,True,0.16855337500010137,2,1,1,10,0.0,0.0,0.0,0.0,0.0,0.0,0.0,0.0,0.0,0.0,0.0,0.0,0.0,0.0,0.0,0.5,0.1,0.1,1.0,0.0,0.1
coder__code-server-6423,coder/code-server,TypeScript,dense_minilm,retrieval,11,True,0.2812221670001236,2,1,1,10,0.0,0.0,0.0,0.0,0.0,0.0,0.0,0.0,0.0,0.0,0.0,0.0,0.0,0.0,0.0,0.0,0.0,0.0,0.0,0.0,0.0
coder__code-server-6423,coder/code-server,TypeScript,hybrid_rrf,retrieval,11,True,,2,1,1,10,0.0,0.0,0.0,0.0,0.0,0.0,0.0,0.0,0.0,0.0,0.0,0.0,0.0,0.0,0.0,0.0,0.0,0.0,0.0,0.0,0.0
huggingface__transformers-6744,huggingface/transformers,Python,path_bm25,retrieval,11,True,0.011885124999935215,4,3,1,10,0.0,0.0,0.0,0.0,0.0,0.0,0.0,0.0,0.0,0.0,0.0,0.0,0.0,0.0,0.0,0.0,0.0,0.0,0.0,0.0,0.0
huggingface__transformers-6744,huggingface/transformers,Python,content_bm25,retrieval,11,True,0.49346591699986675,4,3,1,10,0.0,0.0,0.0,0.0,0.0,0.0,0.0,0.0,0.0,0.0,0.0,0.0,0.0,0.0,0.0,0.0,0.0,0.0,0.0,0.0,0.0
huggingface__transformers-6744,huggingface/transformers,Python,dense_minilm,retrieval,11,True,2.9298303749999377,4,3,1,10,0.25,1.0,1.0,0.3333333333333333,0.0,0.25,0.3333333333333333,0.3333333333333333,0.3333333333333333,0.0,0.25,0.2,0.2,0.3333333333333333,0.0,0.25,0.1,0.1,0.3333333333333333,0.0,1.0
huggingface__transformers-6744,huggingface/transformers,Python,hybrid_rrf,retrieval,11,True,,4,3,1,10,0.0,0.0,0.0,0.0,0.0,0.0,0.0,0.0,0.0,0.0,0.0,0.0,0.0,0.0,0.0,0.0,0.0,0.0,0.0,0.0,0.0
huggingface__transformers-7562,huggingface/transformers,Python,path_bm25,retrieval,11,True,0.00783024999986992,7,3,4,10,0.0,0.0,0.0,0.0,0.0,0.0,0.0,0.0,0.0,0.0,0.0,0.0,0.0,0.0,0.0,0.0,0.0,0.0,0.0,0.0,0.0
huggingface__transformers-7562,huggingface/transformers,Python,content_bm25,retrieval,11,True,1.1592860419998487,7,3,4,10,0.0,0.0,0.0,0.0,0.0,0.0,0.0,0.0,0.0,0.0,0.0,0.0,0.0,0.0,0.0,0.0,0.0,0.0,0.0,0.0,0.0
huggingface__transformers-7562,huggingface/transformers,Python,dense_minilm,retrieval,11,True,5.506410166999785,7,3,4,10,0.0,0.0,0.0,0.0,0.0,0.0,0.0,0.0,0.0,0.0,0.14285714285714285,0.2,0.2,0.3333333333333333,0.0,0.14285714285714285,0.1,0.1,0.3333333333333333,0.0,0.2
huggingface__transformers-7562,huggingface/transformers,Python,hybrid_rrf,retrieval,11,True,,7,3,4,10,0.0,0.0,0.0,0.0,0.0,0.14285714285714285,0.3333333333333333,0.3333333333333333,0.3333333333333333,0.0,0.14285714285714285,0.2,0.2,0.3333333333333333,0.0,0.14285714285714285,0.1,0.1,0.3333333333333333,0.0,0.5
huggingface__transformers-13573,huggingface/transformers,Python,path_bm25,retrieval,11,True,0.006918958000142084,4,3,1,10,0.0,0.0,0.0,0.0,0.0,0.0,0.0,0.0,0.0,0.0,0.0,0.0,0.0,0.0,0.0,0.0,0.0,0.0,0.0,0.0,0.0
huggingface__transformers-13573,huggingface/transformers,Python,content_bm25,retrieval,11,True,0.9103519590000815,4,3,1,10,0.0,0.0,0.0,0.0,0.0,0.0,0.0,0.0,0.0,0.0,0.0,0.0,0.0,0.0,0.0,0.0,0.0,0.0,0.0,0.0,0.0
huggingface__transformers-13573,huggingface/transformers,Python,dense_minilm,retrieval,11,True,6.722368375000087,4,3,1,10,0.0,0.0,0.0,0.0,0.0,0.0,0.0,0.0,0.0,0.0,0.0,0.0,0.0,0.0,0.0,0.0,0.0,0.0,0.0,0.0,0.0
huggingface__transformers-13573,huggingface/transformers,Python,hybrid_rrf,retrieval,11,True,,4,3,1,10,0.0,0.0,0.0,0.0,0.0,0.0,0.0,0.0,0.0,0.0,0.0,0.0,0.0,0.0,0.0,0.0,0.0,0.0,0.0,0.0,0.0
huggingface__transformers-13989,huggingface/transformers,Python,path_bm25,retrieval,11,True,0.01761033299999326,8,4,4,10,0.0,0.0,0.0,0.0,0.0,0.0,0.0,0.0,0.0,0.0,0.0,0.0,0.0,0.0,0.0,0.0,0.0,0.0,0.0,0.0,0.0
huggingface__transformers-13989,huggingface/transformers,Python,content_bm25,retrieval,11,True,2.475599999999986,8,4,4,10,0.0,0.0,0.0,0.0,0.0,0.0,0.0,0.0,0.0,0.0,0.0,0.0,0.0,0.0,0.0,0.0,0.0,0.0,0.0,0.0,0.0
huggingface__transformers-13989,huggingface/transformers,Python,dense_minilm,retrieval,11,True,1.178720999999996,8,4,4,10,0.0,0.0,0.0,0.0,0.0,0.0,0.0,0.0,0.0,0.0,0.0,0.0,0.0,0.0,0.0,0.0,0.0,0.0,0.0,0.0,0.0
huggingface__transformers-13989,huggingface/transformers,Python,hybrid_rrf,retrieval,11,True,,8,4,4,10,0.0,0.0,0.0,0.0,0.0,0.0,0.0,0.0,0.0,0.0,0.0,0.0,0.0,0.0,0.0,0.0,0.0,0.0,0.0,0.0,0.0
huggingface__transformers-15473,huggingface/transformers,Python,path_bm25,retrieval,11,True,0.00799579099998482,4,3,1,10,0.0,0.0,0.0,0.0,0.0,0.0,0.0,0.0,0.0,0.0,0.0,0.0,0.0,0.0,0.0,0.0,0.0,0.0,0.0,0.0,0.0
huggingface__transformers-15473,huggingface/transformers,Python,content_bm25,retrieval,11,True,1.0891444170001705,4,3,1,10,0.0,0.0,0.0,0.0,0.0,0.25,0.3333333333333333,0.3333333333333333,0.3333333333333333,0.0,0.25,0.2,0.2,0.3333333333333333,0.0,0.25,0.1,0.1,0.3333333333333333,0.0,0.5
huggingface__transformers-15473,huggingface/transformers,Python,dense_minilm,retrieval,11,True,4.906132166000134,4,3,1,10,0.0,0.0,0.0,0.0,0.0,0.0,0.0,0.0,0.0,0.0,0.0,0.0,0.0,0.0,0.0,0.0,0.0,0.0,0.0,0.0,0.0
huggingface__transformers-15473,huggingface/transformers,Python,hybrid_rrf,retrieval,11,True,,4,3,1,10,0.0,0.0,0.0,0.0,0.0,0.0,0.0,0.0,0.0,0.0,0.0,0.0,0.0,0.0,0.0,0.0,0.0,0.0,0.0,0.0,0.0
huggingface__transformers-15795,huggingface/transformers,Python,path_bm25,retrieval,11,True,0.008984125000097265,2,1,1,10,0.0,0.0,0.0,0.0,0.0,1.0,0.6666666666666666,0.6666666666666666,1.0,1.0,1.0,0.4,0.4,1.0,1.0,1.0,0.2,0.2,1.0,1.0,0.5
huggingface__transformers-15795,huggingface/transformers,Python,content_bm25,retrieval,11,True,1.1171219169998494,2,1,1,10,0.5,1.0,1.0,1.0,0.0,0.5,0.3333333333333333,0.3333333333333333,1.0,0.0,0.5,0.2,0.2,1.0,0.0,0.5,0.1,0.1,1.0,0.0,1.0
huggingface__transformers-15795,huggingface/transformers,Python,dense_minilm,retrieval,11,True,5.488824125000065,2,1,1,10,0.0,0.0,0.0,0.0,0.0,0.0,0.0,0.0,0.0,0.0,0.0,0.0,0.0,0.0,0.0,0.0,0.0,0.0,0.0,0.0,0.0
huggingface__transformers-15795,huggingface/transformers,Python,hybrid_rrf,retrieval,11,True,,2,1,1,10,0.0,0.0,0.0,0.0,0.0,0.5,0.3333333333333333,0.3333333333333333,1.0,0.0,0.5,0.2,0.2,1.0,0.0,0.5,0.1,0.1,1.0,0.0,0.5
huggingface__transformers-15831,huggingface/transformers,Python,path_bm25,retrieval,11,True,0.011157916999991357,6,4,2,10,0.16666666666666666,1.0,1.0,0.25,0.0,0.16666666666666666,0.3333333333333333,0.3333333333333333,0.25,0.0,0.3333333333333333,0.4,0.4,0.5,0.0,0.3333333333333333,0.2,0.2,0.5,0.0,1.0
huggingface__transformers-15831,huggingface/transformers,Python,content_bm25,retrieval,11,True,1.4932023750000099,6,4,2,10,0.0,0.0,0.0,0.0,0.0,0.0,0.0,0.0,0.0,0.0,0.0,0.0,0.0,0.0,0.0,0.16666666666666666,0.1,0.1,0.25,0.0,0.1111111111111111
huggingface__transformers-15831,huggingface/transformers,Python,dense_minilm,retrieval,11,True,1.008706125000117,6,4,2,10,0.16666666666666666,1.0,1.0,0.25,0.0,0.3333333333333333,0.6666666666666666,0.6666666666666666,0.5,0.0,0.3333333333333333,0.4,0.4,0.5,0.0,0.5,0.3,0.3,0.75,0.0,1.0
huggingface__transformers-15831,huggingface/transformers,Python,hybrid_rrf,retrieval,11,True,,6,4,2,10,0.16666666666666666,1.0,1.0,0.25,0.0,0.5,1.0,1.0,0.75,0.0,0.5,0.6,0.6,0.75,0.0,0.5,0.3,0.3,0.75,0.0,1.0
huggingface__transformers-15913,huggingface/transformers,Python,path_bm25,retrieval,11,True,0.009132915999998659,2,1,1,10,0.0,0.0,0.0,0.0,0.0,0.5,0.3333333333333333,0.3333333333333333,1.0,0.0,0.5,0.2,0.2,1.0,0.0,0.5,0.1,0.1,1.0,0.0,0.3333333333333333
huggingface__transformers-15913,huggingface/transformers,Python,content_bm25,retrieval,11,True,1.1037459170001966,2,1,1,10,0.0,0.0,0.0,0.0,0.0,0.0,0.0,0.0,0.0,0.0,0.0,0.0,0.0,0.0,0.0,0.0,0.0,0.0,0.0,0.0,0.0
huggingface__transformers-15913,huggingface/transformers,Python,dense_minilm,retrieval,11,True,1.0693509589998484,2,1,1,10,0.5,1.0,1.0,1.0,0.0,1.0,0.6666666666666666,0.6666666666666666,1.0,1.0,1.0,0.4,0.4,1.0,1.0,1.0,0.2,0.2,1.0,1.0,1.0
huggingface__transformers-15913,huggingface/transformers,Python,hybrid_rrf,retrieval,11,True,,2,1,1,10,0.5,1.0,1.0,1.0,0.0,1.0,0.6666666666666666,0.6666666666666666,1.0,1.0,1.0,0.4,0.4,1.0,1.0,1.0,0.2,0.2,1.0,1.0,1.0
huggingface__transformers-19219,huggingface/transformers,Python,path_bm25,retrieval,11,True,0.010080499999958192,2,1,1,10,0.0,0.0,0.0,0.0,0.0,0.0,0.0,0.0,0.0,0.0,0.0,0.0,0.0,0.0,0.0,0.0,0.0,0.0,0.0,0.0,0.0
huggingface__transformers-19219,huggingface/transformers,Python,content_bm25,retrieval,11,True,1.3999294160000773,2,1,1,10,0.0,0.0,0.0,0.0,0.0,0.0,0.0,0.0,0.0,0.0,0.0,0.0,0.0,0.0,0.0,0.5,0.1,0.1,1.0,0.0,0.14285714285714285
huggingface__transformers-19219,huggingface/transformers,Python,dense_minilm,retrieval,11,True,8.558842040999934,2,1,1,10,0.5,1.0,1.0,1.0,0.0,0.5,0.3333333333333333,0.3333333333333333,1.0,0.0,0.5,0.2,0.2,1.0,0.0,0.5,0.1,0.1,1.0,0.0,1.0
huggingface__transformers-19219,huggingface/transformers,Python,hybrid_rrf,retrieval,11,True,,2,1,1,10,0.5,1.0,1.0,1.0,0.0,0.5,0.3333333333333333,0.3333333333333333,1.0,0.0,0.5,0.2,0.2,1.0,0.0,0.5,0.1,0.1,1.0,0.0,1.0
huggingface__transformers-19590,huggingface/transformers,Python,path_bm25,retrieval,11,True,0.01786266599992814,2,1,1,10,0.0,0.0,0.0,0.0,0.0,0.0,0.0,0.0,0.0,0.0,0.0,0.0,0.0,0.0,0.0,0.5,0.1,0.1,1.0,0.0,0.1
huggingface__transformers-19590,huggingface/transformers,Python,content_bm25,retrieval,11,True,1.7387440840000181,2,1,1,10,0.0,0.0,0.0,0.0,0.0,0.0,0.0,0.0,0.0,0.0,0.0,0.0,0.0,0.0,0.0,0.0,0.0,0.0,0.0,0.0,0.0
huggingface__transformers-19590,huggingface/transformers,Python,dense_minilm,retrieval,11,True,2.0133447089999663,2,1,1,10,0.5,1.0,1.0,0.0,1.0,1.0,0.6666666666666666,0.6666666666666666,1.0,1.0,1.0,0.4,0.4,1.0,1.0,1.0,0.2,0.2,1.0,1.0,1.0
huggingface__transformers-19590,huggingface/transformers,Python,hybrid_rrf,retrieval,11,True,,2,1,1,10,0.5,1.0,1.0,1.0,0.0,0.5,0.3333333333333333,0.3333333333333333,1.0,0.0,1.0,0.4,0.4,1.0,1.0,1.0,0.2,0.2,1.0,1.0,1.0
huggingface__transformers-20136,huggingface/transformers,Python,path_bm25,retrieval,11,True,0.013241750000133834,7,5,2,10,0.0,0.0,0.0,0.0,0.0,0.0,0.0,0.0,0.0,0.0,0.0,0.0,0.0,0.0,0.0,0.0,0.0,0.0,0.0,0.0,0.0
huggingface__transformers-20136,huggingface/transformers,Python,content_bm25,retrieval,11,True,1.8593110420001722,7,5,2,10,0.14285714285714285,1.0,1.0,0.2,0.0,0.2857142857142857,0.6666666666666666,0.6666666666666666,0.4,0.0,0.2857142857142857,0.4,0.4,0.4,0.0,0.2857142857142857,0.2,0.2,0.4,0.0,1.0
huggingface__transformers-20136,huggingface/transformers,Python,dense_minilm,retrieval,11,True,4.0956412499999715,7,5,2,10,0.14285714285714285,1.0,1.0,0.2,0.0,0.2857142857142857,0.6666666666666666,0.6666666666666666,0.4,0.0,0.2857142857142857,0.4,0.4,0.4,0.0,0.2857142857142857,0.2,0.2,0.4,0.0,1.0
huggingface__transformers-20136,huggingface/transformers,Python,hybrid_rrf,retrieval,11,True,,7,5,2,10,0.14285714285714285,1.0,1.0,0.2,0.0,0.14285714285714285,0.3333333333333333,0.3333333333333333,0.2,0.0,0.2857142857142857,0.4,0.4,0.4,0.0,0.2857142857142857,0.2,0.2,0.4,0.0,1.0
huggingface__transformers-21345,huggingface/transformers,Python,path_bm25,retrieval,11,True,0.014528457999858801,2,1,1,10,0.0,0.0,0.0,0.0,0.0,0.0,0.0,0.0,0.0,0.0,0.0,0.0,0.0,0.0,0.0,0.0,0.0,0.0,0.0,0.0,0.0
huggingface__transformers-21345,huggingface/transformers,Python,content_bm25,retrieval,11,True,1.9713675420000527,2,1,1,10,0.0,0.0,0.0,0.0,0.0,0.0,0.0,0.0,0.0,0.0,0.0,0.0,0.0,0.0,0.0,0.0,0.0,0.0,0.0,0.0,0.0
huggingface__transformers-21345,huggingface/transformers,Python,dense_minilm,retrieval,11,True,5.123839374999989,2,1,1,10,0.0,0.0,0.0,0.0,0.0,0.5,0.3333333333333333,0.3333333333333333,1.0,0.0,0.5,0.2,0.2,1.0,0.0,0.5,0.1,0.1,1.0,0.0,0.5
huggingface__transformers-21345,huggingface/transformers,Python,hybrid_rrf,retrieval,11,True,,2,1,1,10,0.5,1.0,1.0,1.0,0.0,0.5,0.3333333333333333,0.3333333333333333,1.0,0.0,0.5,0.2,0.2,1.0,0.0,0.5,0.1,0.1,1.0,0.0,1.0
huggingface__transformers-21768,huggingface/transformers,Python,path_bm25,retrieval,11,True,0.023801875000117434,2,1,1,10,0.0,0.0,0.0,0.0,0.0,0.0,0.0,0.0,0.0,0.0,0.0,0.0,0.0,0.0,0.0,0.0,0.0,0.0,0.0,0.0,0.0
huggingface__transformers-21768,huggingface/transformers,Python,content_bm25,retrieval,11,True,3.6769970000000285,2,1,1,10,0.0,0.0,0.0,0.0,0.0,0.0,0.0,0.0,0.0,0.0,0.0,0.0,0.0,0.0,0.0,0.0,0.0,0.0,0.0,0.0,0.0
huggingface__transformers-21768,huggingface/transformers,Python,dense_minilm,retrieval,11,True,9.275139125000123,2,1,1,10,0.5,1.0,1.0,0.0,1.0,0.5,0.3333333333333333,0.3333333333333333,0.0,1.0,0.5,0.2,0.2,0.0,1.0,0.5,0.1,0.1,0.0,1.0,1.0
huggingface__transformers-21768,huggingface/transformers,Python,hybrid_rrf,retrieval,11,True,,2,1,1,10,0.0,0.0,0.0,0.0,0.0,0.0,0.0,0.0,0.0,0.0,0.5,0.2,0.2,1.0,0.0,1.0,0.2,0.2,1.0,1.0,0.25
huggingface__transformers-23126,huggingface/transformers,Python,path_bm25,retrieval,11,True,0.03786454200007938,2,1,1,10,0.0,0.0,0.0,0.0,0.0,0.0,0.0,0.0,0.0,0.0,0.0,0.0,0.0,0.0,0.0,0.5,0.1,0.1,1.0,0.0,0.16666666666666666
huggingface__transformers-23126,huggingface/transformers,Python,content_bm25,retrieval,11,True,3.4275215420000222,2,1,1,10,0.5,1.0,1.0,1.0,0.0,0.5,0.3333333333333333,0.3333333333333333,1.0,0.0,0.5,0.2,0.2,1.0,0.0,0.5,0.1,0.1,1.0,0.0,1.0
huggingface__transformers-23126,huggingface/transformers,Python,dense_minilm,retrieval,11,True,5.262647959000105,2,1,1,10,0.0,0.0,0.0,0.0,0.0,0.5,0.3333333333333333,0.3333333333333333,1.0,0.0,1.0,0.4,0.4,1.0,1.0,1.0,0.2,0.2,1.0,1.0,0.3333333333333333
huggingface__transformers-23126,huggingface/transformers,Python,hybrid_rrf,retrieval,11,True,,2,1,1,10,0.5,1.0,1.0,1.0,0.0,1.0,0.6666666666666666,0.6666666666666666,1.0,1.0,1.0,0.4,0.4,1.0,1.0,1.0,0.2,0.2,1.0,1.0,1.0
huggingface__transformers-24510,huggingface/transformers,Python,path_bm25,retrieval,11,True,0.015402958000095168,12,10,2,10,0.0,0.0,0.0,0.0,0.0,0.0,0.0,0.0,0.0,0.0,0.0,0.0,0.0,0.0,0.0,0.0,0.0,0.0,0.0,0.0,0.0
huggingface__transformers-24510,huggingface/transformers,Python,content_bm25,retrieval,11,True,2.63098141699993,12,10,2,10,0.0,0.0,0.0,0.0,0.0,0.0,0.0,0.0,0.0,0.0,0.0,0.0,0.0,0.0,0.0,0.0,0.0,0.0,0.0,0.0,0.0
huggingface__transformers-24510,huggingface/transformers,Python,dense_minilm,retrieval,11,True,6.338100250000025,12,10,2,10,0.0,0.0,0.0,0.0,0.0,0.0,0.0,0.0,0.0,0.0,0.0,0.0,0.0,0.0,0.0,0.0,0.0,0.0,0.0,0.0,0.0
huggingface__transformers-24510,huggingface/transformers,Python,hybrid_rrf,retrieval,11,True,,12,10,2,10,0.0,0.0,0.0,0.0,0.0,0.0,0.0,0.0,0.0,0.0,0.0,0.0,0.0,0.0,0.0,0.0,0.0,0.0,0.0,0.0,0.0
huggingface__transformers-26386,huggingface/transformers,Python,path_bm25,retrieval,11,True,0.02235587499990288,2,1,1,10,0.0,0.0,0.0,0.0,0.0,0.0,0.0,0.0,0.0,0.0,0.5,0.2,0.2,1.0,0.0,1.0,0.2,0.2,1.0,1.0,0.25
huggingface__transformers-26386,huggingface/transformers,Python,content_bm25,retrieval,11,True,2.9950080829999024,2,1,1,10,0.0,0.0,0.0,0.0,0.0,0.0,0.0,0.0,0.0,0.0,0.0,0.0,0.0,0.0,0.0,0.0,0.0,0.0,0.0,0.0,0.0
huggingface__transformers-26386,huggingface/transformers,Python,dense_minilm,retrieval,11,True,6.805302666999978,2,1,1,10,0.0,0.0,0.0,0.0,0.0,0.0,0.0,0.0,0.0,0.0,0.0,0.0,0.0,0.0,0.0,0.0,0.0,0.0,0.0,0.0,0.0
huggingface__transformers-26386,huggingface/transformers,Python,hybrid_rrf,retrieval,11,True,,2,1,1,10,0.0,0.0,0.0,0.0,0.0,0.0,0.0,0.0,0.0,0.0,0.5,0.2,0.2,1.0,0.0,0.5,0.1,0.1,1.0,0.0,0.25
huggingface__transformers-26568,huggingface/transformers,Python,path_bm25,retrieval,11,True,0.026759582999829945,3,2,1,10,0.0,0.0,0.0,0.0,0.0,0.0,0.0,0.0,0.0,0.0,0.0,0.0,0.0,0.0,0.0,0.3333333333333333,0.1,0.1,0.5,0.0,0.16666666666666666
huggingface__transformers-26568,huggingface/transformers,Python,content_bm25,retrieval,11,True,2.5235404999998536,3,2,1,10,0.3333333333333333,1.0,1.0,0.5,0.0,1.0,1.0,1.0,1.0,1.0,1.0,0.6,0.6,1.0,1.0,1.0,0.3,0.3,1.0,1.0,1.0
huggingface__transformers-26568,huggingface/transformers,Python,dense_minilm,retrieval,11,True,1.7283445000000484,3,2,1,10,0.0,0.0,0.0,0.0,0.0,0.3333333333333333,0.3333333333333333,0.3333333333333333,0.5,0.0,0.3333333333333333,0.2,0.2,0.5,0.0,1.0,0.3,0.3,1.0,1.0,0.5
huggingface__transformers-26568,huggingface/transformers,Python,hybrid_rrf,retrieval,11,True,,3,2,1,10,0.3333333333333333,1.0,1.0,0.5,0.0,1.0,1.0,1.0,1.0,1.0,1.0,0.6,0.6,1.0,1.0,1.0,0.3,0.3,1.0,1.0,1.0
huggingface__transformers-27463,huggingface/transformers,Python,path_bm25,retrieval,11,True,0.02418458300007842,4,3,1,10,0.0,0.0,0.0,0.0,0.0,0.25,0.3333333333333333,0.3333333333333333,0.3333333333333333,0.0,0.25,0.2,0.2,0.3333333333333333,0.0,0.25,0.1,0.1,0.3333333333333333,0.0,0.3333333333333333
huggingface__transformers-27463,huggingface/transformers,Python,content_bm25,retrieval,11,True,2.888771583999869,4,3,1,10,0.0,0.0,0.0,0.0,0.0,0.0,0.0,0.0,0.0,0.0,0.0,0.0,0.0,0.0,0.0,0.0,0.0,0.0,0.0,0.0,0.0
huggingface__transformers-27463,huggingface/transformers,Python,dense_minilm,retrieval,11,True,14.699389333,4,3,1,10,0.0,0.0,0.0,0.0,0.0,0.0,0.0,0.0,0.0,0.0,0.0,0.0,0.0,0.0,0.0,0.0,0.0,0.0,0.0,0.0,0.0
huggingface__transformers-27463,huggingface/transformers,Python,hybrid_rrf,retrieval,11,True,,4,3,1,10,0.25,1.0,1.0,0.3333333333333333,0.0,0.25,0.3333333333333333,0.3333333333333333,0.3333333333333333,0.0,0.25,0.2,0.2,0.3333333333333333,0.0,0.25,0.1,0.1,0.3333333333333333,0.0,1.0
huggingface__transformers-27561,huggingface/transformers,Python,path_bm25,retrieval,11,True,0.05220275000010588,4,3,1,10,0.0,0.0,0.0,0.0,0.0,0.25,0.3333333333333333,0.3333333333333333,0.3333333333333333,0.0,0.25,0.2,0.2,0.3333333333333333,0.0,0.5,0.2,0.2,0.3333333333333333,1.0,0.5
huggingface__transformers-27561,huggingface/transformers,Python,content_bm25,retrieval,11,True,6.588329832999989,4,3,1,10,0.0,0.0,0.0,0.0,0.0,0.25,0.3333333333333333,0.3333333333333333,0.3333333333333333,0.0,0.25,0.2,0.2,0.3333333333333333,0.0,0.25,0.1,0.1,0.3333333333333333,0.0,0.5
huggingface__transformers-27561,huggingface/transformers,Python,dense_minilm,retrieval,11,True,8.487311541000054,4,3,1,10,0.25,1.0,1.0,0.3333333333333333,0.0,0.5,0.6666666666666666,0.6666666666666666,0.3333333333333333,1.0,0.5,0.4,0.4,0.3333333333333333,1.0,0.75,0.3,0.3,0.6666666666666666,1.0,1.0
huggingface__transformers-27561,huggingface/transformers,Python,hybrid_rrf,retrieval,11,True,,4,3,1,10,0.25,1.0,1.0,0.3333333333333333,0.0,0.5,0.6666666666666666,0.6666666666666666,0.3333333333333333,1.0,0.75,0.6,0.6,0.6666666666666666,1.0,0.75,0.3,0.3,0.6666666666666666,1.0,1.0
huggingface__transformers-27717,huggingface/transformers,Python,path_bm25,retrieval,11,True,0.032950208000102066,4,3,1,10,0.0,0.0,0.0,0.0,0.0,0.0,0.0,0.0,0.0,0.0,0.0,0.0,0.0,0.0,0.0,0.0,0.0,0.0,0.0,0.0,0.0
huggingface__transformers-27717,huggingface/transformers,Python,content_bm25,retrieval,11,True,3.513135709000153,4,3,1,10,0.0,0.0,0.0,0.0,0.0,0.0,0.0,0.0,0.0,0.0,0.25,0.2,0.2,0.3333333333333333,0.0,0.5,0.2,0.2,0.6666666666666666,0.0,0.2
huggingface__transformers-27717,huggingface/transformers,Python,dense_minilm,retrieval,11,True,7.260944124999924,4,3,1,10,0.0,0.0,0.0,0.0,0.0,0.25,0.3333333333333333,0.3333333333333333,0.3333333333333333,0.0,0.5,0.4,0.4,0.3333333333333333,1.0,0.5,0.2,0.2,0.3333333333333333,1.0,0.5
huggingface__transformers-27717,huggingface/transformers,Python,hybrid_rrf,retrieval,11,True,,4,3,1,10,0.25,1.0,1.0,0.3333333333333333,0.0,0.75,1.0,1.0,0.6666666666666666,1.0,0.75,0.6,0.6,0.6666666666666666,1.0,0.75,0.3,0.3,0.6666666666666666,1.0,1.0
huggingface__transformers-28517,huggingface/transformers,Python,path_bm25,retrieval,11,True,0.03839583299986771,2,1,1,10,0.0,0.0,0.0,0.0,0.0,0.5,0.3333333333333333,0.3333333333333333,1.0,0.0,0.5,0.2,0.2,1.0,0.0,1.0,0.2,0.2,1.0,1.0,0.3333333333333333
huggingface__transformers-28517,huggingface/transformers,Python,content_bm25,retrieval,11,True,4.852872624999918,2,1,1,10,0.0,0.0,0.0,0.0,0.0,0.0,0.0,0.0,0.0,0.0,0.0,0.0,0.0,0.0,0.0,0.5,0.1,0.1,1.0,0.0,0.14285714285714285
huggingface__transformers-28517,huggingface/transformers,Python,dense_minilm,retrieval,11,True,3.173254874999884,2,1,1,10,0.0,0.0,0.0,0.0,0.0,0.0,0.0,0.0,0.0,0.0,0.0,0.0,0.0,0.0,0.0,0.0,0.0,0.0,0.0,0.0,0.0
huggingface__transformers-28517,huggingface/transformers,Python,hybrid_rrf,retrieval,11,True,,2,1,1,10,0.0,0.0,0.0,0.0,0.0,0.5,0.3333333333333333,0.3333333333333333,1.0,0.0,1.0,0.4,0.4,1.0,1.0,1.0,0.2,0.2,1.0,1.0,0.5
huggingface__transformers-28940,huggingface/transformers,Python,path_bm25,retrieval,11,True,0.032912916999976005,2,1,1,10,0.0,0.0,0.0,0.0,0.0,0.0,0.0,0.0,0.0,0.0,0.0,0.0,0.0,0.0,0.0,0.0,0.0,0.0,0.0,0.0,0.0
huggingface__transformers-28940,huggingface/transformers,Python,content_bm25,retrieval,11,True,3.6099354169998605,2,1,1,10,0.0,0.0,0.0,0.0,0.0,0.0,0.0,0.0,0.0,0.0,0.0,0.0,0.0,0.0,0.0,0.0,0.0,0.0,0.0,0.0,0.0
huggingface__transformers-28940,huggingface/transformers,Python,dense_minilm,retrieval,11,True,6.7275494999998955,2,1,1,10,0.0,0.0,0.0,0.0,0.0,0.0,0.0,0.0,0.0,0.0,0.0,0.0,0.0,0.0,0.0,0.0,0.0,0.0,0.0,0.0,0.0
huggingface__transformers-28940,huggingface/transformers,Python,hybrid_rrf,retrieval,11,True,,2,1,1,10,0.0,0.0,0.0,0.0,0.0,0.0,0.0,0.0,0.0,0.0,0.0,0.0,0.0,0.0,0.0,0.0,0.0,0.0,0.0,0.0,0.0
huggingface__transformers-29589,huggingface/transformers,Python,path_bm25,retrieval,11,True,0.02846729099996992,5,3,2,10,0.0,0.0,0.0,0.0,0.0,0.0,0.0,0.0,0.0,0.0,0.0,0.0,0.0,0.0,0.0,0.0,0.0,0.0,0.0,0.0,0.0
huggingface__transformers-29589,huggingface/transformers,Python,content_bm25,retrieval,11,True,3.832448208999949,5,3,2,10,0.0,0.0,0.0,0.0,0.0,0.2,0.3333333333333333,0.3333333333333333,0.3333333333333333,0.0,0.2,0.2,0.2,0.3333333333333333,0.0,0.4,0.2,0.2,0.6666666666666666,0.0,0.3333333333333333
huggingface__transformers-29589,huggingface/transformers,Python,dense_minilm,retrieval,11,True,3.1459902919998513,5,3,2,10,0.0,0.0,0.0,0.0,0.0,0.0,0.0,0.0,0.0,0.0,0.0,0.0,0.0,0.0,0.0,0.0,0.0,0.0,0.0,0.0,0.0
huggingface__transformers-29589,huggingface/transformers,Python,hybrid_rrf,retrieval,11,True,,5,3,2,10,0.0,0.0,0.0,0.0,0.0,0.0,0.0,0.0,0.0,0.0,0.2,0.2,0.2,0.0,0.5,0.2,0.1,0.1,0.0,0.5,0.2
huggingface__transformers-29688,huggingface/transformers,Python,path_bm25,retrieval,11,True,0.03970754199986004,2,1,1,10,0.0,0.0,0.0,0.0,0.0,0.5,0.3333333333333333,0.3333333333333333,1.0,0.0,0.5,0.2,0.2,1.0,0.0,0.5,0.1,0.1,1.0,0.0,0.3333333333333333
huggingface__transformers-29688,huggingface/transformers,Python,content_bm25,retrieval,11,True,4.36681591699994,2,1,1,10,0.0,0.0,0.0,0.0,0.0,0.0,0.0,0.0,0.0,0.0,0.0,0.0,0.0,0.0,0.0,0.0,0.0,0.0,0.0,0.0,0.0
huggingface__transformers-29688,huggingface/transformers,Python,dense_minilm,retrieval,11,True,13.716004459000033,2,1,1,10,0.0,0.0,0.0,0.0,0.0,0.0,0.0,0.0,0.0,0.0,0.0,0.0,0.0,0.0,0.0,0.0,0.0,0.0,0.0,0.0,0.0
huggingface__transformers-29688,huggingface/transformers,Python,hybrid_rrf,retrieval,11,True,,2,1,1,10,0.5,1.0,1.0,1.0,0.0,0.5,0.3333333333333333,0.3333333333333333,1.0,0.0,1.0,0.4,0.4,1.0,1.0,1.0,0.2,0.2,1.0,1.0,1.0
huggingface__transformers-29838,huggingface/transformers,Python,path_bm25,retrieval,11,True,0.019829458000003797,2,1,1,10,0.0,0.0,0.0,0.0,0.0,0.0,0.0,0.0,0.0,0.0,0.0,0.0,0.0,0.0,0.0,0.0,0.0,0.0,0.0,0.0,0.0
huggingface__transformers-29838,huggingface/transformers,Python,content_bm25,retrieval,11,True,2.7784844170000724,2,1,1,10,0.0,0.0,0.0,0.0,0.0,0.0,0.0,0.0,0.0,0.0,0.0,0.0,0.0,0.0,0.0,0.0,0.0,0.0,0.0,0.0,0.0
huggingface__transformers-29838,huggingface/transformers,Python,dense_minilm,retrieval,11,True,1.24521612500007,2,1,1,10,0.0,0.0,0.0,0.0,0.0,0.0,0.0,0.0,0.0,0.0,0.0,0.0,0.0,0.0,0.0,0.0,0.0,0.0,0.0,0.0,0.0
huggingface__transformers-29838,huggingface/transformers,Python,hybrid_rrf,retrieval,11,True,,2,1,1,10,0.0,0.0,0.0,0.0,0.0,0.0,0.0,0.0,0.0,0.0,0.0,0.0,0.0,0.0,0.0,0.5,0.1,0.1,1.0,0.0,0.16666666666666666
huggingface__transformers-31095,huggingface/transformers,Python,path_bm25,retrieval,11,True,0.01954204200001186,3,2,1,10,0.0,0.0,0.0,0.0,0.0,0.0,0.0,0.0,0.0,0.0,0.3333333333333333,0.2,0.2,0.5,0.0,0.6666666666666666,0.2,0.2,0.5,1.0,0.25
huggingface__transformers-31095,huggingface/transformers,Python,content_bm25,retrieval,11,True,3.7385942089999844,3,2,1,10,0.0,0.0,0.0,0.0,0.0,0.3333333333333333,0.3333333333333333,0.3333333333333333,0.5,0.0,0.3333333333333333,0.2,0.2,0.5,0.0,0.3333333333333333,0.1,0.1,0.5,0.0,0.5
huggingface__transformers-31095,huggingface/transformers,Python,dense_minilm,retrieval,11,True,14.146525459000031,3,2,1,10,0.0,0.0,0.0,0.0,0.0,0.0,0.0,0.0,0.0,0.0,0.0,0.0,0.0,0.0,0.0,0.0,0.0,0.0,0.0,0.0,0.0
huggingface__transformers-31095,huggingface/transformers,Python,hybrid_rrf,retrieval,11,True,,3,2,1,10,0.0,0.0,0.0,0.0,0.0,0.0,0.0,0.0,0.0,0.0,0.0,0.0,0.0,0.0,0.0,0.0,0.0,0.0,0.0,0.0,0.0
huggingface__transformers-31247,huggingface/transformers,Python,path_bm25,retrieval,11,True,0.026340333000007377,4,3,1,10,0.0,0.0,0.0,0.0,0.0,0.0,0.0,0.0,0.0,0.0,0.0,0.0,0.0,0.0,0.0,0.0,0.0,0.0,0.0,0.0,0.0
huggingface__transformers-31247,huggingface/transformers,Python,content_bm25,retrieval,11,True,16.94754766599999,4,3,1,10,0.0,0.0,0.0,0.0,0.0,0.0,0.0,0.0,0.0,0.0,0.0,0.0,0.0,0.0,0.0,0.0,0.0,0.0,0.0,0.0,0.0
huggingface__transformers-31247,huggingface/transformers,Python,dense_minilm,retrieval,11,True,37.7521911660001,4,3,1,10,0.25,1.0,1.0,0.3333333333333333,0.0,0.5,0.6666666666666666,0.6666666666666666,0.3333333333333333,1.0,0.5,0.4,0.4,0.3333333333333333,1.0,0.5,0.2,0.2,0.3333333333333333,1.0,1.0
huggingface__transformers-31247,huggingface/transformers,Python,hybrid_rrf,retrieval,11,True,,4,3,1,10,0.0,0.0,0.0,0.0,0.0,0.0,0.0,0.0,0.0,0.0,0.5,0.4,0.4,0.3333333333333333,1.0,0.5,0.2,0.2,0.3333333333333333,1.0,0.25
langchain-ai__langchain-5450,langchain-ai/langchain,Python,path_bm25,retrieval,11,True,0.021335584000098606,2,1,1,10,0.0,0.0,0.0,0.0,0.0,0.0,0.0,0.0,0.0,0.0,0.0,0.0,0.0,0.0,0.0,0.5,0.1,0.1,1.0,0.0,0.1
langchain-ai__langchain-5450,langchain-ai/langchain,Python,content_bm25,retrieval,11,True,3.145176458000151,2,1,1,10,0.0,0.0,0.0,0.0,0.0,0.0,0.0,0.0,0.0,0.0,0.0,0.0,0.0,0.0,0.0,0.0,0.0,0.0,0.0,0.0,0.0
langchain-ai__langchain-5450,langchain-ai/langchain,Python,dense_minilm,retrieval,11,True,57.06455499999993,2,1,1,10,0.0,0.0,0.0,0.0,0.0,0.0,0.0,0.0,0.0,0.0,0.0,0.0,0.0,0.0,0.0,0.0,0.0,0.0,0.0,0.0,0.0
langchain-ai__langchain-5450,langchain-ai/langchain,Python,hybrid_rrf,retrieval,11,True,,2,1,1,10,0.0,0.0,0.0,0.0,0.0,0.5,0.3333333333333333,0.3333333333333333,1.0,0.0,0.5,0.2,0.2,1.0,0.0,0.5,0.1,0.1,1.0,0.0,0.5
langchain-ai__langchain-19331,langchain-ai/langchain,Python,path_bm25,retrieval,11,True,0.05293970899992928,1,1,0,10,0.0,0.0,0.0,0.0,,0.0,0.0,0.0,0.0,,0.0,0.0,0.0,0.0,,1.0,0.1,0.1,1.0,,0.1
langchain-ai__langchain-19331,langchain-ai/langchain,Python,content_bm25,retrieval,11,True,15.765742790999866,1,1,0,10,0.0,0.0,0.0,0.0,,0.0,0.0,0.0,0.0,,0.0,0.0,0.0,0.0,,0.0,0.0,0.0,0.0,,0.0
langchain-ai__langchain-19331,langchain-ai/langchain,Python,dense_minilm,retrieval,11,True,79.41038970799991,1,1,0,10,0.0,0.0,0.0,0.0,,0.0,0.0,0.0,0.0,,0.0,0.0,0.0,0.0,,0.0,0.0,0.0,0.0,,0.0
langchain-ai__langchain-19331,langchain-ai/langchain,Python,hybrid_rrf,retrieval,11,True,,1,1,0,10,0.0,0.0,0.0,0.0,,0.0,0.0,0.0,0.0,,0.0,0.0,0.0,0.0,,1.0,0.1,0.1,1.0,,0.16666666666666666
yt-dlp__yt-dlp-1649,yt-dlp/yt-dlp,Python,path_bm25,retrieval,11,True,0.036414582999896083,15,14,1,10,0.0,0.0,0.0,0.0,0.0,0.0,0.0,0.0,0.0,0.0,0.0,0.0,0.0,0.0,0.0,0.06666666666666667,0.1,0.1,0.07142857142857142,0.0,0.125
yt-dlp__yt-dlp-1649,yt-dlp/yt-dlp,Python,content_bm25,retrieval,11,True,4.434886375000133,15,14,1,10,0.0,0.0,0.0,0.0,0.0,0.0,0.0,0.0,0.0,0.0,0.0,0.0,0.0,0.0,0.0,0.0,0.0,0.0,0.0,0.0,0.0
yt-dlp__yt-dlp-1649,yt-dlp/yt-dlp,Python,dense_minilm,retrieval,11,True,52.40726462500015,15,14,1,10,0.0,0.0,0.0,0.0,0.0,0.0,0.0,0.0,0.0,0.0,0.0,0.0,0.0,0.0,0.0,0.0,0.0,0.0,0.0,0.0,0.0
yt-dlp__yt-dlp-1649,yt-dlp/yt-dlp,Python,hybrid_rrf,retrieval,11,True,,15,14,1,10,0.0,0.0,0.0,0.0,0.0,0.0,0.0,0.0,0.0,0.0,0.0,0.0,0.0,0.0,0.0,0.0,0.0,0.0,0.0,0.0,0.0
yt-dlp__yt-dlp-3435,yt-dlp/yt-dlp,Python,path_bm25,retrieval,11,True,0.008373209000183124,6,5,1,10,0.0,0.0,0.0,0.0,0.0,0.0,0.0,0.0,0.0,0.0,0.0,0.0,0.0,0.0,0.0,0.16666666666666666,0.1,0.1,0.2,0.0,0.125
yt-dlp__yt-dlp-3435,yt-dlp/yt-dlp,Python,content_bm25,retrieval,11,True,1.0311369579999337,6,5,1,10,0.0,0.0,0.0,0.0,0.0,0.0,0.0,0.0,0.0,0.0,0.0,0.0,0.0,0.0,0.0,0.0,0.0,0.0,0.0,0.0,0.0
yt-dlp__yt-dlp-3435,yt-dlp/yt-dlp,Python,dense_minilm,retrieval,11,True,9.7145216670001,6,5,1,10,0.0,0.0,0.0,0.0,0.0,0.0,0.0,0.0,0.0,0.0,0.0,0.0,0.0,0.0,0.0,0.0,0.0,0.0,0.0,0.0,0.0
yt-dlp__yt-dlp-3435,yt-dlp/yt-dlp,Python,hybrid_rrf,retrieval,11,True,,6,5,1,10,0.0,0.0,0.0,0.0,0.0,0.0,0.0,0.0,0.0,0.0,0.0,0.0,0.0,0.0,0.0,0.0,0.0,0.0,0.0,0.0,0.0
yt-dlp__yt-dlp-4524,yt-dlp/yt-dlp,Python,path_bm25,retrieval,11,True,0.019994875000065804,4,3,1,10,0.0,0.0,0.0,0.0,0.0,0.0,0.0,0.0,0.0,0.0,0.0,0.0,0.0,0.0,0.0,0.0,0.0,0.0,0.0,0.0,0.0
yt-dlp__yt-dlp-4524,yt-dlp/yt-dlp,Python,content_bm25,retrieval,11,True,0.922317208000095,4,3,1,10,0.0,0.0,0.0,0.0,0.0,0.0,0.0,0.0,0.0,0.0,0.0,0.0,0.0,0.0,0.0,0.0,0.0,0.0,0.0,0.0,0.0
yt-dlp__yt-dlp-4524,yt-dlp/yt-dlp,Python,dense_minilm,retrieval,11,True,2.2079157080002005,4,3,1,10,0.0,0.0,0.0,0.0,0.0,0.0,0.0,0.0,0.0,0.0,0.0,0.0,0.0,0.0,0.0,0.0,0.0,0.0,0.0,0.0,0.0
yt-dlp__yt-dlp-4524,yt-dlp/yt-dlp,Python,hybrid_rrf,retrieval,11,True,,4,3,1,10,0.0,0.0,0.0,0.0,0.0,0.0,0.0,0.0,0.0,0.0,0.0,0.0,0.0,0.0,0.0,0.0,0.0,0.0,0.0,0.0,0.0
yt-dlp__yt-dlp-8917,yt-dlp/yt-dlp,Python,path_bm25,retrieval,11,True,0.042989125000076456,7,5,2,10,0.0,0.0,0.0,0.0,0.0,0.0,0.0,0.0,0.0,0.0,0.0,0.0,0.0,0.0,0.0,0.0,0.0,0.0,0.0,0.0,0.0
yt-dlp__yt-dlp-8917,yt-dlp/yt-dlp,Python,content_bm25,retrieval,11,True,2.7514480419999927,7,5,2,10,0.0,0.0,0.0,0.0,0.0,0.14285714285714285,0.3333333333333333,0.3333333333333333,0.2,0.0,0.14285714285714285,0.2,0.2,0.2,0.0,0.42857142857142855,0.3,0.3,0.6,0.0,0.3333333333333333
yt-dlp__yt-dlp-8917,yt-dlp/yt-dlp,Python,dense_minilm,retrieval,11,True,57.1341178749999,7,5,2,10,0.0,0.0,0.0,0.0,0.0,0.0,0.0,0.0,0.0,0.0,0.0,0.0,0.0,0.0,0.0,0.0,0.0,0.0,0.0,0.0,0.0
yt-dlp__yt-dlp-8917,yt-dlp/yt-dlp,Python,hybrid_rrf,retrieval,11,True,,7,5,2,10,0.0,0.0,0.0,0.0,0.0,0.0,0.0,0.0,0.0,0.0,0.0,0.0,0.0,0.0,0.0,0.0,0.0,0.0,0.0,0.0,0.0
keras-team__keras-3907,keras-team/keras,Python,path_bm25,retrieval,11,True,0.005191000000195345,3,2,1,10,0.0,0.0,0.0,0.0,0.0,0.0,0.0,0.0,0.0,0.0,0.0,0.0,0.0,0.0,0.0,0.0,0.0,0.0,0.0,0.0,0.0
keras-team__keras-3907,keras-team/keras,Python,content_bm25,retrieval,11,True,0.12132229200005895,3,2,1,10,0.0,0.0,0.0,0.0,0.0,0.0,0.0,0.0,0.0,0.0,0.3333333333333333,0.2,0.2,0.5,0.0,0.3333333333333333,0.1,0.1,0.5,0.0,0.2
keras-team__keras-3907,keras-team/keras,Python,dense_minilm,retrieval,11,True,2.68058608299998,3,2,1,10,0.0,0.0,0.0,0.0,0.0,0.0,0.0,0.0,0.0,0.0,0.3333333333333333,0.2,0.2,0.5,0.0,0.3333333333333333,0.1,0.1,0.5,0.0,0.25
keras-team__keras-3907,keras-team/keras,Python,hybrid_rrf,retrieval,11,True,,3,2,1,10,0.0,0.0,0.0,0.0,0.0,0.3333333333333333,0.3333333333333333,0.3333333333333333,0.5,0.0,0.3333333333333333,0.2,0.2,0.5,0.0,0.3333333333333333,0.1,0.1,0.5,0.0,0.5
keras-team__keras-3983,keras-team/keras,Python,path_bm25,retrieval,11,True,0.0015896249997240375,2,1,1,10,0.5,1.0,1.0,1.0,0.0,0.5,0.3333333333333333,0.3333333333333333,1.0,0.0,0.5,0.2,0.2,1.0,0.0,0.5,0.1,0.1,1.0,0.0,1.0
keras-team__keras-3983,keras-team/keras,Python,content_bm25,retrieval,11,True,0.0999469590001354,2,1,1,10,0.0,0.0,0.0,0.0,0.0,0.0,0.0,0.0,0.0,0.0,0.0,0.0,0.0,0.0,0.0,0.5,0.1,0.1,1.0,0.0,0.14285714285714285
keras-team__keras-3983,keras-team/keras,Python,dense_minilm,retrieval,11,True,0.20368820899966522,2,1,1,10,0.0,0.0,0.0,0.0,0.0,0.5,0.3333333333333333,0.3333333333333333,1.0,0.0,0.5,0.2,0.2,1.0,0.0,0.5,0.1,0.1,1.0,0.0,0.5
keras-team__keras-3983,keras-team/keras,Python,hybrid_rrf,retrieval,11,True,,2,1,1,10,0.5,1.0,1.0,1.0,0.0,0.5,0.3333333333333333,0.3333333333333333,1.0,0.0,0.5,0.2,0.2,1.0,0.0,0.5,0.1,0.1,1.0,0.0,1.0
keras-team__keras-18649,keras-team/keras,Python,path_bm25,retrieval,11,True,0.0041929169997274585,6,5,1,10,0.0,0.0,0.0,0.0,0.0,0.16666666666666666,0.3333333333333333,0.3333333333333333,0.2,0.0,0.3333333333333333,0.4,0.4,0.4,0.0,0.5,0.3,0.3,0.4,1.0,0.3333333333333333
keras-team__keras-18649,keras-team/keras,Python,content_bm25,retrieval,11,True,0.3287180829997851,6,5,1,10,0.0,0.0,0.0,0.0,0.0,0.0,0.0,0.0,0.0,0.0,0.0,0.0,0.0,0.0,0.0,0.0,0.0,0.0,0.0,0.0,0.0
keras-team__keras-18649,keras-team/keras,Python,dense_minilm,retrieval,11,True,2.6050025419999656,6,5,1,10,0.0,0.0,0.0,0.0,0.0,0.0,0.0,0.0,0.0,0.0,0.0,0.0,0.0,0.0,0.0,0.0,0.0,0.0,0.0,0.0,0.0
keras-team__keras-18649,keras-team/keras,Python,hybrid_rrf,retrieval,11,True,,6,5,1,10,0.0,0.0,0.0,0.0,0.0,0.16666666666666666,0.3333333333333333,0.3333333333333333,0.2,0.0,0.16666666666666666,0.2,0.2,0.2,0.0,0.16666666666666666,0.1,0.1,0.2,0.0,0.5
keras-team__keras-18852,keras-team/keras,Python,path_bm25,retrieval,11,True,0.007393999999749212,7,4,3,10,0.0,0.0,0.0,0.0,0.0,0.0,0.0,0.0,0.0,0.0,0.0,0.0,0.0,0.0,0.0,0.0,0.0,0.0,0.0,0.0,0.0
keras-team__keras-18852,keras-team/keras,Python,content_bm25,retrieval,11,True,0.7386372920000213,7,4,3,10,0.0,0.0,0.0,0.0,0.0,0.0,0.0,0.0,0.0,0.0,0.14285714285714285,0.2,0.2,0.25,0.0,0.14285714285714285,0.1,0.1,0.25,0.0,0.25
keras-team__keras-18852,keras-team/keras,Python,dense_minilm,retrieval,11,True,5.051134249999905,7,4,3,10,0.0,0.0,0.0,0.0,0.0,0.0,0.0,0.0,0.0,0.0,0.0,0.0,0.0,0.0,0.0,0.0,0.0,0.0,0.0,0.0,0.0
keras-team__keras-18852,keras-team/keras,Python,hybrid_rrf,retrieval,11,True,,7,4,3,10,0.14285714285714285,1.0,1.0,0.25,0.0,0.14285714285714285,0.3333333333333333,0.3333333333333333,0.25,0.0,0.14285714285714285,0.2,0.2,0.25,0.0,0.14285714285714285,0.1,0.1,0.25,0.0,1.0
keras-team__keras-19903,keras-team/keras,Python,path_bm25,retrieval,11,True,0.007589457999984006,8,7,1,10,0.0,0.0,0.0,0.0,0.0,0.0,0.0,0.0,0.0,0.0,0.0,0.0,0.0,0.0,0.0,0.0,0.0,0.0,0.0,0.0,0.0
keras-team__keras-19903,keras-team/keras,Python,content_bm25,retrieval,11,True,0.9538849160003338,8,7,1,10,0.0,0.0,0.0,0.0,0.0,0.0,0.0,0.0,0.0,0.0,0.125,0.2,0.2,0.14285714285714285,0.0,0.125,0.1,0.1,0.14285714285714285,0.0,0.25
keras-team__keras-19903,keras-team/keras,Python,dense_minilm,retrieval,11,True,5.856073958000252,8,7,1,10,0.0,0.0,0.0,0.0,0.0,0.0,0.0,0.0,0.0,0.0,0.0,0.0,0.0,0.0,0.0,0.0,0.0,0.0,0.0,0.0,0.0
keras-team__keras-19903,keras-team/keras,Python,hybrid_rrf,retrieval,11,True,,8,7,1,10,0.0,0.0,0.0,0.0,0.0,0.0,0.0,0.0,0.0,0.0,0.125,0.2,0.2,0.14285714285714285,0.0,0.125,0.1,0.1,0.14285714285714285,0.0,0.2
google__gson-2498,google/gson,Java,devstral-small-2:24b/paths,paths,11,True,45.090400375,8,3,5,10,0.125,1.0,1.0,0.3333333333333333,0.0,0.125,0.3333333333333333,0.3333333333333333,0.3333333333333333,0.0,0.125,0.2,0.2,0.3333333333333333,0.0,0.125,0.1,0.1,0.3333333333333333,0.0,1.0
google__gson-2498,google/gson,Java,devstral-small-2:24b/content,content,11,True,66.157450667,8,3,5,10,0.125,1.0,1.0,0.3333333333333333,0.0,0.125,0.3333333333333333,0.3333333333333333,0.3333333333333333,0.0,0.125,0.2,0.2,0.3333333333333333,0.0,0.125,0.1,0.1,0.3333333333333333,0.0,1.0
apolloconfig__apollo-4207,apolloconfig/apollo,Java,devstral-small-2:24b/paths,paths,11,True,29.723435083,4,3,1,5,0.25,1.0,1.0,0.3333333333333333,0.0,0.5,0.6666666666666666,0.6666666666666666,0.3333333333333333,1.0,0.5,0.4,0.4,0.3333333333333333,1.0,0.5,0.2,0.4,0.3333333333333333,1.0,1.0
apolloconfig__apollo-4207,apolloconfig/apollo,Java,devstral-small-2:24b/content,content,11,True,101.38468995799997,4,3,1,2,0.25,1.0,1.0,0.3333333333333333,0.0,0.5,0.6666666666666666,1.0,0.3333333333333333,1.0,0.5,0.4,1.0,0.3333333333333333,1.0,0.5,0.2,1.0,0.3333333333333333,1.0,1.0
google__gson-1904,google/gson,Java,devstral-small-2:24b/paths,paths,11,True,50.940273542,7,5,2,5,0.14285714285714285,1.0,1.0,0.2,0.0,0.42857142857142855,1.0,1.0,0.6,0.0,0.5714285714285714,0.8,0.8,0.6,0.5,0.5714285714285714,0.4,0.8,0.6,0.5,1.0
google__gson-1904,google/gson,Java,devstral-small-2:24b/content,content,11,True,65.47810541700001,7,5,2,10,0.14285714285714285,1.0,1.0,0.2,0.0,0.42857142857142855,1.0,1.0,0.6,0.0,0.5714285714285714,0.8,0.8,0.6,0.5,0.5714285714285714,0.4,0.4,0.6,0.5,1.0
google__gson-2345,google/gson,Java,devstral-small-2:24b/paths,paths,11,True,12.104639250000005,7,4,3,8,0.14285714285714285,1.0,1.0,0.25,0.0,0.42857142857142855,1.0,1.0,0.25,0.6666666666666666,0.7142857142857143,1.0,1.0,0.75,0.6666666666666666,0.8571428571428571,0.6,0.75,1.0,0.6666666666666666,1.0
google__gson-2345,google/gson,Java,devstral-small-2:24b/paths,paths,29,True,4.090930958000001,7,4,3,10,0.14285714285714285,1.0,1.0,0.25,0.0,0.42857142857142855,1.0,1.0,0.25,0.6666666666666666,0.7142857142857143,1.0,1.0,0.75,0.6666666666666666,0.8571428571428571,0.6,0.6,1.0,0.6666666666666666,1.0
google__gson-2345,google/gson,Java,devstral-small-2:24b/paths,paths,47,True,4.050315249999997,7,4,3,10,0.14285714285714285,1.0,1.0,0.25,0.0,0.42857142857142855,1.0,1.0,0.25,0.6666666666666666,0.7142857142857143,1.0,1.0,0.75,0.6666666666666666,0.8571428571428571,0.6,0.6,1.0,0.6666666666666666,1.0
google__gson-2345,google/gson,Java,devstral-small-2:24b/content,content,11,True,65.699264125,7,4,3,5,0.14285714285714285,1.0,1.0,0.25,0.0,0.42857142857142855,1.0,1.0,0.5,0.3333333333333333,0.7142857142857143,1.0,1.0,0.75,0.6666666666666666,0.7142857142857143,0.5,1.0,0.75,0.6666666666666666,1.0
google__gson-2345,google/gson,Java,devstral-small-2:24b/content,content,29,True,2.2713557920000085,7,4,3,4,0.14285714285714285,1.0,1.0,0.25,0.0,0.42857142857142855,1.0,1.0,0.5,0.3333333333333333,0.5714285714285714,0.8,1.0,0.5,0.6666666666666666,0.5714285714285714,0.4,1.0,0.5,0.6666666666666666,1.0
google__gson-2345,google/gson,Java,devstral-small-2:24b/content,content,47,True,2.43091504100002,7,4,3,5,0.14285714285714285,1.0,1.0,0.25,0.0,0.42857142857142855,1.0,1.0,0.5,0.3333333333333333,0.7142857142857143,1.0,1.0,0.75,0.6666666666666666,0.7142857142857143,0.5,1.0,0.75,0.6666666666666666,1.0
google__gson-2479,google/gson,Java,devstral-small-2:24b/paths,paths,11,True,13.756212291000026,4,2,2,10,0.25,1.0,1.0,0.5,0.0,0.25,0.3333333333333333,0.3333333333333333,0.5,0.0,0.5,0.4,0.4,1.0,0.0,0.75,0.3,0.3,1.0,0.5,1.0
google__gson-2479,google/gson,Java,devstral-small-2:24b/content,content,11,True,68.967902875,4,2,2,10,0.25,1.0,1.0,0.5,0.0,0.25,0.3333333333333333,0.3333333333333333,0.5,0.0,0.5,0.4,0.4,0.5,0.5,0.5,0.2,0.2,0.5,0.5,1.0
google__guava-3971,google/guava,Java,devstral-small-2:24b/paths,paths,11,True,14.14832874999999,4,2,2,10,0.25,1.0,1.0,0.5,0.0,0.5,0.6666666666666666,0.6666666666666666,1.0,0.0,0.75,0.6,0.6,1.0,0.5,1.0,0.4,0.4,1.0,1.0,1.0
google__guava-3971,google/guava,Java,devstral-small-2:24b/paths,paths,29,True,4.24441699999997,4,2,2,10,0.25,1.0,1.0,0.5,0.0,0.5,0.6666666666666666,0.6666666666666666,1.0,0.0,0.75,0.6,0.6,1.0,0.5,1.0,0.4,0.4,1.0,1.0,1.0
google__guava-3971,google/guava,Java,devstral-small-2:24b/paths,paths,47,True,4.524002790999987,4,2,2,10,0.25,1.0,1.0,0.5,0.0,0.5,0.6666666666666666,0.6666666666666666,1.0,0.0,0.75,0.6,0.6,1.0,0.5,1.0,0.4,0.4,1.0,1.0,1.0
google__guava-3971,google/guava,Java,devstral-small-2:24b/content,content,11,True,74.164697042,4,2,2,10,0.25,1.0,1.0,0.5,0.0,0.75,1.0,1.0,1.0,0.5,1.0,0.8,0.8,1.0,1.0,1.0,0.4,0.4,1.0,1.0,1.0
google__guava-3971,google/guava,Java,devstral-small-2:24b/content,content,29,True,4.8365073749999965,4,2,2,10,0.25,1.0,1.0,0.5,0.0,0.5,0.6666666666666666,0.6666666666666666,0.5,0.5,0.5,0.4,0.4,0.5,0.5,0.5,0.2,0.2,0.5,0.5,1.0
google__guava-3971,google/guava,Java,devstral-small-2:24b/content,content,47,True,4.74689683400004,4,2,2,10,0.25,1.0,1.0,0.5,0.0,0.5,0.6666666666666666,0.6666666666666666,0.5,0.5,0.75,0.6,0.6,1.0,0.5,1.0,0.4,0.4,1.0,1.0,1.0
google__gson-2701,google/gson,Java,devstral-small-2:24b/paths,paths,11,True,31.229825084000026,2,1,1,10,0.5,1.0,1.0,1.0,0.0,0.5,0.3333333333333333,0.3333333333333333,1.0,0.0,0.5,0.2,0.2,1.0,0.0,0.5,0.1,0.1,1.0,0.0,1.0
google__gson-2701,google/gson,Java,devstral-small-2:24b/paths,paths,29,True,4.646030291999978,2,1,1,10,0.5,1.0,1.0,1.0,0.0,0.5,0.3333333333333333,0.3333333333333333,1.0,0.0,0.5,0.2,0.2,1.0,0.0,0.5,0.1,0.1,1.0,0.0,1.0
google__gson-2701,google/gson,Java,devstral-small-2:24b/paths,paths,47,True,4.554643999999996,2,1,1,10,0.5,1.0,1.0,1.0,0.0,0.5,0.3333333333333333,0.3333333333333333,1.0,0.0,0.5,0.2,0.2,1.0,0.0,0.5,0.1,0.1,1.0,0.0,1.0
google__gson-2701,google/gson,Java,devstral-small-2:24b/content,content,11,True,61.360347542,2,1,1,4,0.5,1.0,1.0,1.0,0.0,0.5,0.3333333333333333,0.3333333333333333,1.0,0.0,0.5,0.2,0.25,1.0,0.0,0.5,0.1,0.25,1.0,0.0,1.0
google__gson-2701,google/gson,Java,devstral-small-2:24b/content,content,29,True,2.117719749999992,2,1,1,4,0.5,1.0,1.0,1.0,0.0,0.5,0.3333333333333333,0.3333333333333333,1.0,0.0,0.5,0.2,0.25,1.0,0.0,0.5,0.1,0.25,1.0,0.0,1.0
google__gson-2701,google/gson,Java,devstral-small-2:24b/content,content,47,True,2.137047124999981,2,1,1,4,0.5,1.0,1.0,1.0,0.0,0.5,0.3333333333333333,0.3333333333333333,1.0,0.0,0.5,0.2,0.25,1.0,0.0,0.5,0.1,0.25,1.0,0.0,1.0
apache__rocketmq-7455,apache/rocketmq,Java,devstral-small-2:24b/paths,paths,11,True,7.260173375000022,3,2,1,3,0.0,0.0,0.0,0.0,0.0,0.3333333333333333,0.3333333333333333,0.3333333333333333,0.5,0.0,0.3333333333333333,0.2,0.3333333333333333,0.5,0.0,0.3333333333333333,0.1,0.3333333333333333,0.5,0.0,0.3333333333333333
apache__rocketmq-7455,apache/rocketmq,Java,devstral-small-2:24b/content,content,11,True,60.136767125000006,3,2,1,3,0.0,0.0,0.0,0.0,0.0,0.3333333333333333,0.3333333333333333,0.3333333333333333,0.5,0.0,0.3333333333333333,0.2,0.3333333333333333,0.5,0.0,0.3333333333333333,0.1,0.3333333333333333,0.5,0.0,0.5
apolloconfig__apollo-4464,apolloconfig/apollo,Java,devstral-small-2:24b/paths,paths,11,True,13.837658625000017,16,15,1,10,0.0625,1.0,1.0,0.06666666666666667,0.0,0.125,0.6666666666666666,0.6666666666666666,0.13333333333333333,0.0,0.1875,0.6,0.6,0.2,0.0,0.25,0.4,0.4,0.26666666666666666,0.0,1.0
apolloconfig__apollo-4464,apolloconfig/apollo,Java,devstral-small-2:24b/paths,paths,29,True,4.559684375000074,16,15,1,10,0.0625,1.0,1.0,0.06666666666666667,0.0,0.125,0.6666666666666666,0.6666666666666666,0.13333333333333333,0.0,0.1875,0.6,0.6,0.2,0.0,0.25,0.4,0.4,0.26666666666666666,0.0,1.0
apolloconfig__apollo-4464,apolloconfig/apollo,Java,devstral-small-2:24b/paths,paths,47,True,4.418511500000022,16,15,1,10,0.0625,1.0,1.0,0.06666666666666667,0.0,0.125,0.6666666666666666,0.6666666666666666,0.13333333333333333,0.0,0.1875,0.6,0.6,0.2,0.0,0.25,0.4,0.4,0.26666666666666666,0.0,1.0
apolloconfig__apollo-4464,apolloconfig/apollo,Java,devstral-small-2:24b/content,content,11,True,58.58765108300008,16,15,1,5,0.0625,1.0,1.0,0.06666666666666667,0.0,0.1875,1.0,1.0,0.2,0.0,0.1875,0.6,0.6,0.2,0.0,0.1875,0.3,0.6,0.2,0.0,1.0
apolloconfig__apollo-4464,apolloconfig/apollo,Java,devstral-small-2:24b/content,content,29,True,2.6514254170000413,16,15,1,5,0.0625,1.0,1.0,0.06666666666666667,0.0,0.1875,1.0,1.0,0.2,0.0,0.1875,0.6,0.6,0.2,0.0,0.1875,0.3,0.6,0.2,0.0,1.0
apolloconfig__apollo-4464,apolloconfig/apollo,Java,devstral-small-2:24b/content,content,47,True,2.60940395800003,16,15,1,5,0.0625,1.0,1.0,0.06666666666666667,0.0,0.1875,1.0,1.0,0.2,0.0,0.1875,0.6,0.6,0.2,0.0,0.1875,0.3,0.6,0.2,0.0,1.0
apache__rocketmq-7655,apache/rocketmq,Java,devstral-small-2:24b/paths,paths,11,True,12.422058124999921,2,1,1,10,0.0,0.0,0.0,0.0,0.0,0.0,0.0,0.0,0.0,0.0,0.0,0.0,0.0,0.0,0.0,0.0,0.0,0.0,0.0,0.0,0.0
apache__rocketmq-7655,apache/rocketmq,Java,devstral-small-2:24b/content,content,11,True,64.41735062499993,2,1,1,2,0.0,0.0,0.0,0.0,0.0,0.0,0.0,0.0,0.0,0.0,0.0,0.0,0.0,0.0,0.0,0.0,0.0,0.0,0.0,0.0,0.0
google__gson-2130,google/gson,Java,devstral-small-2:24b/paths,paths,11,True,8.05135724999991,2,1,1,2,0.5,1.0,1.0,1.0,0.0,1.0,0.6666666666666666,1.0,1.0,1.0,1.0,0.4,1.0,1.0,1.0,1.0,0.2,1.0,1.0,1.0,1.0
google__gson-2130,google/gson,Java,devstral-small-2:24b/content,content,11,True,69.57444049999992,2,1,1,10,0.5,1.0,1.0,1.0,0.0,1.0,0.6666666666666666,0.6666666666666666,1.0,1.0,1.0,0.4,0.4,1.0,1.0,1.0,0.2,0.2,1.0,1.0,1.0
google__gson-2420,google/gson,Java,devstral-small-2:24b/paths,paths,11,True,18.302171625000028,12,9,3,10,0.08333333333333333,1.0,1.0,0.1111111111111111,0.0,0.25,1.0,1.0,0.3333333333333333,0.0,0.3333333333333333,0.8,0.8,0.3333333333333333,0.3333333333333333,0.4166666666666667,0.5,0.5,0.4444444444444444,0.3333333333333333,1.0
google__gson-2420,google/gson,Java,devstral-small-2:24b/content,content,11,True,60.923257624999906,12,9,3,10,0.08333333333333333,1.0,1.0,0.1111111111111111,0.0,0.25,1.0,1.0,0.3333333333333333,0.0,0.4166666666666667,1.0,1.0,0.4444444444444444,0.3333333333333333,0.5,0.6,0.6,0.5555555555555556,0.3333333333333333,1.0
apache__dubbo-10846,apache/dubbo,Java,devstral-small-2:24b/paths,paths,11,True,12.11157554099998,4,1,3,3,0.0,0.0,0.0,0.0,0.0,0.25,0.3333333333333333,0.3333333333333333,1.0,0.0,0.25,0.2,0.3333333333333333,1.0,0.0,0.25,0.1,0.3333333333333333,1.0,0.0,0.5
apache__dubbo-10846,apache/dubbo,Java,devstral-small-2:24b/content,content,11,True,48.660572499999944,4,1,3,10,0.25,1.0,1.0,1.0,0.0,0.25,0.3333333333333333,0.3333333333333333,1.0,0.0,0.25,0.2,0.2,1.0,0.0,0.25,0.1,0.1,1.0,0.0,1.0
apache__rocketmq-6755,apache/rocketmq,Java,devstral-small-2:24b/paths,paths,11,True,11.41121216700003,13,9,4,10,0.0,0.0,0.0,0.0,0.0,0.0,0.0,0.0,0.0,0.0,0.0,0.0,0.0,0.0,0.0,0.0,0.0,0.0,0.0,0.0,0.0
apache__rocketmq-6755,apache/rocketmq,Java,devstral-small-2:24b/content,content,11,True,54.56398437500002,13,9,4,10,0.0,0.0,0.0,0.0,0.0,0.0,0.0,0.0,0.0,0.0,0.0,0.0,0.0,0.0,0.0,0.0,0.0,0.0,0.0,0.0,0.0
apache__rocketmq-7964,apache/rocketmq,Java,devstral-small-2:24b/paths,paths,11,True,10.54917358399996,2,1,1,2,0.0,0.0,0.0,0.0,0.0,0.0,0.0,0.0,0.0,0.0,0.0,0.0,0.0,0.0,0.0,0.0,0.0,0.0,0.0,0.0,0.0
apache__rocketmq-7964,apache/rocketmq,Java,devstral-small-2:24b/content,content,11,True,51.41809766699987,2,1,1,2,0.0,0.0,0.0,0.0,0.0,0.0,0.0,0.0,0.0,0.0,0.0,0.0,0.0,0.0,0.0,0.0,0.0,0.0,0.0,0.0,0.0
apache__dubbo-11420,apache/dubbo,Java,devstral-small-2:24b/paths,paths,11,True,18.994484959000147,10,8,2,10,0.0,0.0,0.0,0.0,0.0,0.1,0.3333333333333333,0.3333333333333333,0.125,0.0,0.1,0.2,0.2,0.125,0.0,0.1,0.1,0.1,0.125,0.0,0.5
apache__dubbo-11420,apache/dubbo,Java,devstral-small-2:24b/paths,paths,29,True,4.315821417000052,10,8,2,10,0.0,0.0,0.0,0.0,0.0,0.1,0.3333333333333333,0.3333333333333333,0.125,0.0,0.1,0.2,0.2,0.125,0.0,0.1,0.1,0.1,0.125,0.0,0.5
apache__dubbo-11420,apache/dubbo,Java,devstral-small-2:24b/paths,paths,47,True,4.379226582999991,10,8,2,10,0.0,0.0,0.0,0.0,0.0,0.1,0.3333333333333333,0.3333333333333333,0.125,0.0,0.1,0.2,0.2,0.125,0.0,0.1,0.1,0.1,0.125,0.0,0.5
apache__dubbo-11420,apache/dubbo,Java,devstral-small-2:24b/content,content,11,True,58.651219584000046,10,8,2,10,0.1,1.0,1.0,0.125,0.0,0.1,0.3333333333333333,0.3333333333333333,0.125,0.0,0.1,0.2,0.2,0.125,0.0,0.1,0.1,0.1,0.125,0.0,1.0
apache__dubbo-11420,apache/dubbo,Java,devstral-small-2:24b/content,content,29,True,4.653177000000142,10,8,2,10,0.1,1.0,1.0,0.125,0.0,0.1,0.3333333333333333,0.3333333333333333,0.125,0.0,0.1,0.2,0.2,0.125,0.0,0.1,0.1,0.1,0.125,0.0,1.0
apache__dubbo-11420,apache/dubbo,Java,devstral-small-2:24b/content,content,47,True,4.497232082999972,10,8,2,10,0.1,1.0,1.0,0.125,0.0,0.1,0.3333333333333333,0.3333333333333333,0.125,0.0,0.1,0.2,0.2,0.125,0.0,0.1,0.1,0.1,0.125,0.0,1.0
apache__rocketmq-5286,apache/rocketmq,Java,devstral-small-2:24b/paths,paths,11,True,12.262623165999912,4,3,1,10,0.0,0.0,0.0,0.0,0.0,0.0,0.0,0.0,0.0,0.0,0.25,0.2,0.2,0.3333333333333333,0.0,0.25,0.1,0.1,0.3333333333333333,0.0,0.2
apache__rocketmq-5286,apache/rocketmq,Java,devstral-small-2:24b/content,content,11,True,63.045488084,4,3,1,7,0.0,0.0,0.0,0.0,0.0,0.0,0.0,0.0,0.0,0.0,0.0,0.0,0.0,0.0,0.0,0.25,0.1,0.14285714285714285,0.3333333333333333,0.0,0.16666666666666666
apache__rocketmq-5706,apache/rocketmq,Java,devstral-small-2:24b/paths,paths,11,True,19.924438250000094,5,3,2,4,0.2,1.0,1.0,0.3333333333333333,0.0,0.4,0.6666666666666666,0.6666666666666666,0.6666666666666666,0.0,0.6,0.6,0.75,0.6666666666666666,0.5,0.6,0.3,0.75,0.6666666666666666,0.5,1.0
apache__rocketmq-5706,apache/rocketmq,Java,devstral-small-2:24b/content,content,11,True,65.02518629099995,5,3,2,5,0.2,1.0,1.0,0.3333333333333333,0.0,0.4,0.6666666666666666,0.6666666666666666,0.6666666666666666,0.0,0.8,0.8,0.8,1.0,0.5,0.8,0.4,0.8,1.0,0.5,1.0
apache__dubbo-13869,apache/dubbo,Java,devstral-small-2:24b/paths,paths,11,True,14.001116749999937,4,2,2,10,0.0,0.0,0.0,0.0,0.0,0.0,0.0,0.0,0.0,0.0,0.0,0.0,0.0,0.0,0.0,0.0,0.0,0.0,0.0,0.0,0.0
apache__dubbo-13869,apache/dubbo,Java,devstral-small-2:24b/content,content,11,True,58.74130137500015,4,2,2,5,0.0,0.0,0.0,0.0,0.0,0.0,0.0,0.0,0.0,0.0,0.0,0.0,0.0,0.0,0.0,0.0,0.0,0.0,0.0,0.0,0.0
apache__dubbo-11255,apache/dubbo,Java,devstral-small-2:24b/paths,paths,11,True,40.70655329100009,2,1,1,10,0.0,0.0,0.0,0.0,0.0,0.0,0.0,0.0,0.0,0.0,0.0,0.0,0.0,0.0,0.0,0.0,0.0,0.0,0.0,0.0,0.0
apache__dubbo-11255,apache/dubbo,Java,devstral-small-2:24b/content,content,11,True,60.31915116600021,2,1,1,10,0.0,0.0,0.0,0.0,0.0,0.0,0.0,0.0,0.0,0.0,0.0,0.0,0.0,0.0,0.0,0.0,0.0,0.0,0.0,0.0,0.0
apache__rocketmq-5062,apache/rocketmq,Java,devstral-small-2:24b/paths,paths,11,True,8.95382487500001,6,4,2,5,0.16666666666666666,1.0,1.0,0.25,0.0,0.5,1.0,1.0,0.5,0.5,0.5,0.6,0.6,0.5,0.5,0.5,0.3,0.6,0.5,0.5,1.0
apache__rocketmq-5062,apache/rocketmq,Java,devstral-small-2:24b/content,content,11,True,56.748852124999985,6,4,2,10,0.16666666666666666,1.0,1.0,0.25,0.0,0.16666666666666666,0.3333333333333333,0.3333333333333333,0.25,0.0,0.3333333333333333,0.4,0.4,0.25,0.5,0.3333333333333333,0.2,0.2,0.25,0.5,1.0
apache__dubbo-8032,apache/dubbo,Java,devstral-small-2:24b/paths,paths,11,True,13.793049874999951,4,3,1,10,0.0,0.0,0.0,0.0,0.0,0.0,0.0,0.0,0.0,0.0,0.0,0.0,0.0,0.0,0.0,0.0,0.0,0.0,0.0,0.0,0.0
apache__dubbo-8032,apache/dubbo,Java,devstral-small-2:24b/content,content,11,True,44.45911087499985,4,3,1,4,0.0,0.0,0.0,0.0,0.0,0.0,0.0,0.0,0.0,0.0,0.0,0.0,0.0,0.0,0.0,0.0,0.0,0.0,0.0,0.0,0.0
apache__dubbo-2750,apache/dubbo,Java,devstral-small-2:24b/paths,paths,11,True,16.389822500000037,2,1,1,10,0.0,0.0,0.0,0.0,0.0,0.0,0.0,0.0,0.0,0.0,0.0,0.0,0.0,0.0,0.0,0.0,0.0,0.0,0.0,0.0,0.0
apache__dubbo-2750,apache/dubbo,Java,devstral-small-2:24b/paths,paths,29,True,4.499086999999918,2,1,1,10,0.0,0.0,0.0,0.0,0.0,0.0,0.0,0.0,0.0,0.0,0.0,0.0,0.0,0.0,0.0,0.0,0.0,0.0,0.0,0.0,0.0
apache__dubbo-2750,apache/dubbo,Java,devstral-small-2:24b/paths,paths,47,True,4.655913042000066,2,1,1,10,0.0,0.0,0.0,0.0,0.0,0.0,0.0,0.0,0.0,0.0,0.0,0.0,0.0,0.0,0.0,0.0,0.0,0.0,0.0,0.0,0.0
apache__dubbo-2750,apache/dubbo,Java,devstral-small-2:24b/content,content,11,True,49.77676091700005,2,1,1,5,0.0,0.0,0.0,0.0,0.0,0.0,0.0,0.0,0.0,0.0,0.0,0.0,0.0,0.0,0.0,0.0,0.0,0.0,0.0,0.0,0.0
apache__dubbo-2750,apache/dubbo,Java,devstral-small-2:24b/content,content,29,True,3.5512628330000098,2,1,1,7,0.0,0.0,0.0,0.0,0.0,0.0,0.0,0.0,0.0,0.0,0.0,0.0,0.0,0.0,0.0,0.0,0.0,0.0,0.0,0.0,0.0
apache__dubbo-2750,apache/dubbo,Java,devstral-small-2:24b/content,content,47,True,2.5949712500000714,2,1,1,5,0.0,0.0,0.0,0.0,0.0,0.0,0.0,0.0,0.0,0.0,0.0,0.0,0.0,0.0,0.0,0.0,0.0,0.0,0.0,0.0,0.0
apache__rocketmq-6522,apache/rocketmq,Java,devstral-small-2:24b/paths,paths,11,True,12.837145916000054,18,17,1,10,0.0,0.0,0.0,0.0,0.0,0.0,0.0,0.0,0.0,0.0,0.0,0.0,0.0,0.0,0.0,0.0,0.0,0.0,0.0,0.0,0.0
apache__rocketmq-6522,apache/rocketmq,Java,devstral-small-2:24b/content,content,11,True,68.56557650000013,18,17,1,10,0.0,0.0,0.0,0.0,0.0,0.05555555555555555,0.3333333333333333,0.3333333333333333,0.058823529411764705,0.0,0.05555555555555555,0.2,0.2,0.058823529411764705,0.0,0.05555555555555555,0.1,0.1,0.058823529411764705,0.0,0.5
apolloconfig__apollo-4199,apolloconfig/apollo,Java,devstral-small-2:24b/paths,paths,11,True,14.4679490420001,5,4,1,10,0.0,0.0,0.0,0.0,0.0,0.0,0.0,0.0,0.0,0.0,0.0,0.0,0.0,0.0,0.0,0.0,0.0,0.0,0.0,0.0,0.0
apolloconfig__apollo-4199,apolloconfig/apollo,Java,devstral-small-2:24b/content,content,11,True,60.960181917,5,4,1,10,0.0,0.0,0.0,0.0,0.0,0.0,0.0,0.0,0.0,0.0,0.0,0.0,0.0,0.0,0.0,0.0,0.0,0.0,0.0,0.0,0.0
apache__rocketmq-4122,apache/rocketmq,Java,devstral-small-2:24b/paths,paths,11,True,10.606960832999903,2,2,0,5,0.5,1.0,1.0,0.5,,0.5,0.3333333333333333,0.3333333333333333,0.5,,0.5,0.2,0.2,0.5,,0.5,0.1,0.2,0.5,,1.0
apache__rocketmq-4122,apache/rocketmq,Java,devstral-small-2:24b/paths,paths,29,True,2.603735415999836,2,2,0,5,0.5,1.0,1.0,0.5,,0.5,0.3333333333333333,0.3333333333333333,0.5,,0.5,0.2,0.2,0.5,,0.5,0.1,0.2,0.5,,1.0
apache__rocketmq-4122,apache/rocketmq,Java,devstral-small-2:24b/paths,paths,47,True,3.009574917000009,2,2,0,5,0.5,1.0,1.0,0.5,,0.5,0.3333333333333333,0.3333333333333333,0.5,,0.5,0.2,0.2,0.5,,0.5,0.1,0.2,0.5,,1.0
apache__rocketmq-4122,apache/rocketmq,Java,devstral-small-2:24b/content,content,11,True,59.713620167000045,2,2,0,4,0.5,1.0,1.0,0.5,,0.5,0.3333333333333333,0.3333333333333333,0.5,,0.5,0.2,0.25,0.5,,0.5,0.1,0.25,0.5,,1.0
apache__rocketmq-4122,apache/rocketmq,Java,devstral-small-2:24b/content,content,29,True,2.0660674169998856,2,2,0,3,0.5,1.0,1.0,0.5,,0.5,0.3333333333333333,0.3333333333333333,0.5,,0.5,0.2,0.3333333333333333,0.5,,0.5,0.1,0.3333333333333333,0.5,,1.0
apache__rocketmq-4122,apache/rocketmq,Java,devstral-small-2:24b/content,content,47,True,2.18108904099995,2,2,0,4,0.5,1.0,1.0,0.5,,0.5,0.3333333333333333,0.3333333333333333,0.5,,0.5,0.2,0.25,0.5,,0.5,0.1,0.25,0.5,,1.0
apache__rocketmq-3862,apache/rocketmq,Java,devstral-small-2:24b/paths,paths,11,True,10.012820459000068,2,1,1,3,0.0,0.0,0.0,0.0,0.0,0.0,0.0,0.0,0.0,0.0,0.0,0.0,0.0,0.0,0.0,0.0,0.0,0.0,0.0,0.0,0.0
apache__rocketmq-3862,apache/rocketmq,Java,devstral-small-2:24b/content,content,11,True,55.74621245800017,2,1,1,2,0.0,0.0,0.0,0.0,0.0,0.0,0.0,0.0,0.0,0.0,0.0,0.0,0.0,0.0,0.0,0.0,0.0,0.0,0.0,0.0,0.0
apache__rocketmq-7544,apache/rocketmq,Java,devstral-small-2:24b/paths,paths,11,True,13.746168584000088,14,14,0,10,0.0,0.0,0.0,0.0,,0.0,0.0,0.0,0.0,,0.0,0.0,0.0,0.0,,0.0,0.0,0.0,0.0,,0.0
apache__rocketmq-7544,apache/rocketmq,Java,devstral-small-2:24b/paths,paths,29,True,4.316393667000057,14,14,0,10,0.0,0.0,0.0,0.0,,0.0,0.0,0.0,0.0,,0.0,0.0,0.0,0.0,,0.0,0.0,0.0,0.0,,0.0
apache__rocketmq-7544,apache/rocketmq,Java,devstral-small-2:24b/paths,paths,47,True,4.393066750000116,14,14,0,8,0.0,0.0,0.0,0.0,,0.0,0.0,0.0,0.0,,0.0,0.0,0.0,0.0,,0.0,0.0,0.0,0.0,,0.0
apache__rocketmq-7544,apache/rocketmq,Java,devstral-small-2:24b/content,content,11,True,55.69701183300003,14,14,0,2,0.0,0.0,0.0,0.0,,0.0,0.0,0.0,0.0,,0.0,0.0,0.0,0.0,,0.0,0.0,0.0,0.0,,0.0
apache__rocketmq-7544,apache/rocketmq,Java,devstral-small-2:24b/content,content,29,True,1.6909080420000464,14,14,0,2,0.0,0.0,0.0,0.0,,0.0,0.0,0.0,0.0,,0.0,0.0,0.0,0.0,,0.0,0.0,0.0,0.0,,0.0
apache__rocketmq-7544,apache/rocketmq,Java,devstral-small-2:24b/content,content,47,True,1.4462737090000246,14,14,0,2,0.0,0.0,0.0,0.0,,0.0,0.0,0.0,0.0,,0.0,0.0,0.0,0.0,,0.0,0.0,0.0,0.0,,0.0
apolloconfig__apollo-4119,apolloconfig/apollo,Java,devstral-small-2:24b/paths,paths,11,True,12.608088082999984,12,8,4,10,0.08333333333333333,1.0,1.0,0.125,0.0,0.08333333333333333,0.3333333333333333,0.3333333333333333,0.125,0.0,0.08333333333333333,0.2,0.2,0.125,0.0,0.08333333333333333,0.1,0.1,0.125,0.0,1.0
apolloconfig__apollo-4119,apolloconfig/apollo,Java,devstral-small-2:24b/paths,paths,29,True,4.537481750000097,12,8,4,10,0.08333333333333333,1.0,1.0,0.125,0.0,0.08333333333333333,0.3333333333333333,0.3333333333333333,0.125,0.0,0.08333333333333333,0.2,0.2,0.125,0.0,0.08333333333333333,0.1,0.1,0.125,0.0,1.0
apolloconfig__apollo-4119,apolloconfig/apollo,Java,devstral-small-2:24b/paths,paths,47,True,4.446287624999968,12,8,4,10,0.0,0.0,0.0,0.0,0.0,0.0,0.0,0.0,0.0,0.0,0.0,0.0,0.0,0.0,0.0,0.08333333333333333,0.1,0.1,0.125,0.0,0.125
apolloconfig__apollo-4119,apolloconfig/apollo,Java,devstral-small-2:24b/content,content,11,True,47.39878804199998,12,8,4,10,0.0,0.0,0.0,0.0,0.0,0.0,0.0,0.0,0.0,0.0,0.0,0.0,0.0,0.0,0.0,0.0,0.0,0.0,0.0,0.0,0.0
apolloconfig__apollo-4119,apolloconfig/apollo,Java,devstral-small-2:24b/content,content,29,True,5.3676909999999225,12,8,4,10,0.0,0.0,0.0,0.0,0.0,0.0,0.0,0.0,0.0,0.0,0.0,0.0,0.0,0.0,0.0,0.0,0.0,0.0,0.0,0.0,0.0
apolloconfig__apollo-4119,apolloconfig/apollo,Java,devstral-small-2:24b/content,content,47,True,5.4694436249997125,12,8,4,10,0.08333333333333333,1.0,1.0,0.125,0.0,0.08333333333333333,0.3333333333333333,0.3333333333333333,0.125,0.0,0.08333333333333333,0.2,0.2,0.125,0.0,0.08333333333333333,0.1,0.1,0.125,0.0,1.0
trinodb__trino-741,trinodb/trino,Java,devstral-small-2:24b/paths,paths,11,True,17.95025729200006,4,3,1,7,0.25,1.0,1.0,0.3333333333333333,0.0,0.5,0.6666666666666666,0.6666666666666666,0.3333333333333333,1.0,0.5,0.4,0.4,0.3333333333333333,1.0,0.5,0.2,0.2857142857142857,0.3333333333333333,1.0,1.0
trinodb__trino-741,trinodb/trino,Java,devstral-small-2:24b/content,content,11,True,70.77912054099988,4,3,1,10,0.25,1.0,1.0,0.3333333333333333,0.0,0.5,0.6666666666666666,0.6666666666666666,0.3333333333333333,1.0,0.5,0.4,0.4,0.3333333333333333,1.0,0.5,0.2,0.2,0.3333333333333333,1.0,1.0
trinodb__trino-1872,trinodb/trino,Java,devstral-small-2:24b/paths,paths,11,True,14.076600166999924,8,3,5,10,0.0,0.0,0.0,0.0,0.0,0.0,0.0,0.0,0.0,0.0,0.125,0.2,0.2,0.0,0.2,0.125,0.1,0.1,0.0,0.2,0.2
trinodb__trino-1872,trinodb/trino,Java,devstral-small-2:24b/content,content,11,True,75.58617645899994,8,3,5,10,0.0,0.0,0.0,0.0,0.0,0.0,0.0,0.0,0.0,0.0,0.0,0.0,0.0,0.0,0.0,0.0,0.0,0.0,0.0,0.0,0.0
trinodb__trino-1174,trinodb/trino,Java,devstral-small-2:24b/paths,paths,11,True,11.884577291999904,15,13,2,10,0.06666666666666667,1.0,1.0,0.07692307692307693,0.0,0.06666666666666667,0.3333333333333333,0.3333333333333333,0.07692307692307693,0.0,0.13333333333333333,0.4,0.4,0.15384615384615385,0.0,0.26666666666666666,0.4,0.4,0.3076923076923077,0.0,1.0
trinodb__trino-1174,trinodb/trino,Java,devstral-small-2:24b/content,content,11,True,53.88611700000001,15,13,2,10,0.06666666666666667,1.0,1.0,0.07692307692307693,0.0,0.06666666666666667,0.3333333333333333,0.3333333333333333,0.07692307692307693,0.0,0.2,0.6,0.6,0.23076923076923078,0.0,0.26666666666666666,0.4,0.4,0.3076923076923077,0.0,1.0
trinodb__trino-117,trinodb/trino,Java,devstral-small-2:24b/paths,paths,11,True,8.415831959000116,2,1,1,4,0.5,1.0,1.0,1.0,0.0,0.5,0.3333333333333333,0.3333333333333333,1.0,0.0,0.5,0.2,0.25,1.0,0.0,0.5,0.1,0.25,1.0,0.0,1.0
trinodb__trino-117,trinodb/trino,Java,devstral-small-2:24b/content,content,11,True,53.80394745800004,2,1,1,10,0.5,1.0,1.0,1.0,0.0,0.5,0.3333333333333333,0.3333333333333333,1.0,0.0,0.5,0.2,0.2,1.0,0.0,0.5,0.1,0.1,1.0,0.0,1.0
trinodb__trino-5507,trinodb/trino,Java,devstral-small-2:24b/paths,paths,11,True,13.776267375000316,5,3,2,10,0.0,0.0,0.0,0.0,0.0,0.2,0.3333333333333333,0.3333333333333333,0.3333333333333333,0.0,0.2,0.2,0.2,0.3333333333333333,0.0,0.2,0.1,0.1,0.3333333333333333,0.0,0.5
trinodb__trino-5507,trinodb/trino,Java,devstral-small-2:24b/content,content,11,True,68.16025858400008,5,3,2,10,0.0,0.0,0.0,0.0,0.0,0.0,0.0,0.0,0.0,0.0,0.0,0.0,0.0,0.0,0.0,0.0,0.0,0.0,0.0,0.0,0.0
trinodb__trino-4458,trinodb/trino,Java,devstral-small-2:24b/paths,paths,11,True,14.495718625000336,4,2,2,10,0.25,1.0,1.0,0.5,0.0,0.25,0.3333333333333333,0.3333333333333333,0.5,0.0,0.5,0.4,0.4,0.5,0.5,0.5,0.2,0.2,0.5,0.5,1.0
trinodb__trino-4458,trinodb/trino,Java,devstral-small-2:24b/paths,paths,29,True,3.9759874589999527,4,2,2,10,0.25,1.0,1.0,0.5,0.0,0.25,0.3333333333333333,0.3333333333333333,0.5,0.0,0.5,0.4,0.4,0.5,0.5,0.5,0.2,0.2,0.5,0.5,1.0
trinodb__trino-4458,trinodb/trino,Java,devstral-small-2:24b/paths,paths,47,True,3.0340320829996017,4,2,2,7,0.25,1.0,1.0,0.5,0.0,0.25,0.3333333333333333,0.3333333333333333,0.5,0.0,0.5,0.4,0.4,0.5,0.5,0.5,0.2,0.2857142857142857,0.5,0.5,1.0
trinodb__trino-4458,trinodb/trino,Java,devstral-small-2:24b/content,content,11,True,64.79229854200003,4,2,2,10,0.25,1.0,1.0,0.5,0.0,0.5,0.6666666666666666,0.6666666666666666,0.5,0.5,0.5,0.4,0.4,0.5,0.5,0.5,0.2,0.2,0.5,0.5,1.0
trinodb__trino-4458,trinodb/trino,Java,devstral-small-2:24b/content,content,29,True,4.337095542000043,4,2,2,10,0.25,1.0,1.0,0.5,0.0,0.5,0.6666666666666666,0.6666666666666666,0.5,0.5,0.5,0.4,0.4,0.5,0.5,0.5,0.2,0.2,0.5,0.5,1.0
trinodb__trino-4458,trinodb/trino,Java,devstral-small-2:24b/content,content,47,True,3.293243749999874,4,2,2,7,0.25,1.0,1.0,0.5,0.0,0.5,0.6666666666666666,0.6666666666666666,0.5,0.5,0.5,0.4,0.4,0.5,0.5,0.5,0.2,0.2857142857142857,0.5,0.5,1.0
trinodb__trino-799,trinodb/trino,Java,devstral-small-2:24b/paths,paths,11,True,12.66834983400031,7,5,2,10,0.0,0.0,0.0,0.0,0.0,0.0,0.0,0.0,0.0,0.0,0.0,0.0,0.0,0.0,0.0,0.0,0.0,0.0,0.0,0.0,0.0
trinodb__trino-799,trinodb/trino,Java,devstral-small-2:24b/content,content,11,True,43.761106458000086,7,5,2,10,0.0,0.0,0.0,0.0,0.0,0.0,0.0,0.0,0.0,0.0,0.0,0.0,0.0,0.0,0.0,0.0,0.0,0.0,0.0,0.0,0.0
trinodb__trino-4600,trinodb/trino,Java,devstral-small-2:24b/paths,paths,11,True,5.118060167000294,4,3,1,4,0.0,0.0,0.0,0.0,0.0,0.0,0.0,0.0,0.0,0.0,0.0,0.0,0.0,0.0,0.0,0.0,0.0,0.0,0.0,0.0,0.0
trinodb__trino-4600,trinodb/trino,Java,devstral-small-2:24b/content,content,11,True,27.10770274999959,4,3,1,4,0.0,0.0,0.0,0.0,0.0,0.0,0.0,0.0,0.0,0.0,0.0,0.0,0.0,0.0,0.0,0.0,0.0,0.0,0.0,0.0,0.0
trinodb__trino-3392,trinodb/trino,Java,devstral-small-2:24b/paths,paths,11,True,9.900953374999972,4,3,1,5,0.25,1.0,1.0,0.3333333333333333,0.0,0.25,0.3333333333333333,0.3333333333333333,0.3333333333333333,0.0,0.25,0.2,0.2,0.3333333333333333,0.0,0.25,0.1,0.2,0.3333333333333333,0.0,1.0
trinodb__trino-3392,trinodb/trino,Java,devstral-small-2:24b/content,content,11,True,36.946651457999906,4,3,1,5,0.25,1.0,1.0,0.3333333333333333,0.0,0.25,0.3333333333333333,0.3333333333333333,0.3333333333333333,0.0,0.25,0.2,0.2,0.3333333333333333,0.0,0.25,0.1,0.2,0.3333333333333333,0.0,1.0
trinodb__trino-748,trinodb/trino,Java,devstral-small-2:24b/paths,paths,11,True,7.689572290999877,3,2,1,10,0.3333333333333333,1.0,1.0,0.5,0.0,0.6666666666666666,0.6666666666666666,0.6666666666666666,1.0,0.0,0.6666666666666666,0.4,0.4,1.0,0.0,0.6666666666666666,0.2,0.2,1.0,0.0,1.0
trinodb__trino-748,trinodb/trino,Java,devstral-small-2:24b/content,content,11,True,41.32710179099968,3,2,1,10,0.3333333333333333,1.0,1.0,0.5,0.0,0.6666666666666666,0.6666666666666666,0.6666666666666666,1.0,0.0,0.6666666666666666,0.4,0.4,1.0,0.0,0.6666666666666666,0.2,0.2,1.0,0.0,1.0
trinodb__trino-3638,trinodb/trino,Java,devstral-small-2:24b/paths,paths,11,True,6.8668100830000185,6,3,3,3,0.16666666666666666,1.0,1.0,0.3333333333333333,0.0,0.16666666666666666,0.3333333333333333,0.3333333333333333,0.3333333333333333,0.0,0.16666666666666666,0.2,0.3333333333333333,0.3333333333333333,0.0,0.16666666666666666,0.1,0.3333333333333333,0.3333333333333333,0.0,1.0
trinodb__trino-3638,trinodb/trino,Java,devstral-small-2:24b/paths,paths,29,True,0.9290901659996962,6,3,3,3,0.16666666666666666,1.0,1.0,0.3333333333333333,0.0,0.16666666666666666,0.3333333333333333,0.3333333333333333,0.3333333333333333,0.0,0.16666666666666666,0.2,0.3333333333333333,0.3333333333333333,0.0,0.16666666666666666,0.1,0.3333333333333333,0.3333333333333333,0.0,1.0
trinodb__trino-3638,trinodb/trino,Java,devstral-small-2:24b/paths,paths,47,True,1.533989333000136,6,3,3,3,0.16666666666666666,1.0,1.0,0.3333333333333333,0.0,0.16666666666666666,0.3333333333333333,0.3333333333333333,0.3333333333333333,0.0,0.16666666666666666,0.2,0.3333333333333333,0.3333333333333333,0.0,0.16666666666666666,0.1,0.3333333333333333,0.3333333333333333,0.0,1.0
trinodb__trino-3638,trinodb/trino,Java,devstral-small-2:24b/content,content,11,True,41.67547879199992,6,3,3,3,0.16666666666666666,1.0,1.0,0.3333333333333333,0.0,0.16666666666666666,0.3333333333333333,0.3333333333333333,0.3333333333333333,0.0,0.16666666666666666,0.2,0.3333333333333333,0.3333333333333333,0.0,0.16666666666666666,0.1,0.3333333333333333,0.3333333333333333,0.0,1.0
trinodb__trino-3638,trinodb/trino,Java,devstral-small-2:24b/content,content,29,True,1.2331642079998346,6,3,3,3,0.16666666666666666,1.0,1.0,0.3333333333333333,0.0,0.16666666666666666,0.3333333333333333,0.3333333333333333,0.3333333333333333,0.0,0.16666666666666666,0.2,0.3333333333333333,0.3333333333333333,0.0,0.16666666666666666,0.1,0.3333333333333333,0.3333333333333333,0.0,1.0
trinodb__trino-3638,trinodb/trino,Java,devstral-small-2:24b/content,content,47,True,1.5514452079996772,6,3,3,3,0.16666666666666666,1.0,1.0,0.3333333333333333,0.0,0.16666666666666666,0.3333333333333333,0.3333333333333333,0.3333333333333333,0.0,0.16666666666666666,0.2,0.3333333333333333,0.3333333333333333,0.0,0.16666666666666666,0.1,0.3333333333333333,0.3333333333333333,0.0,1.0
trinodb__trino-3771,trinodb/trino,Java,devstral-small-2:24b/paths,paths,11,True,10.01094591600031,4,3,1,10,0.25,1.0,1.0,0.3333333333333333,0.0,0.25,0.3333333333333333,0.3333333333333333,0.3333333333333333,0.0,0.25,0.2,0.2,0.3333333333333333,0.0,0.25,0.1,0.1,0.3333333333333333,0.0,1.0
trinodb__trino-3771,trinodb/trino,Java,devstral-small-2:24b/content,content,11,True,44.05027158300027,4,3,1,5,0.0,0.0,0.0,0.0,0.0,0.0,0.0,0.0,0.0,0.0,0.0,0.0,0.0,0.0,0.0,0.0,0.0,0.0,0.0,0.0,0.0
trinodb__trino-6074,trinodb/trino,Java,devstral-small-2:24b/paths,paths,11,True,9.755849333999777,5,2,3,10,0.2,1.0,1.0,0.5,0.0,0.4,0.6666666666666666,0.6666666666666666,1.0,0.0,0.4,0.4,0.4,1.0,0.0,1.0,0.5,0.5,1.0,1.0,1.0
trinodb__trino-6074,trinodb/trino,Java,devstral-small-2:24b/content,content,11,True,45.92423712500022,5,2,3,10,0.2,1.0,1.0,0.5,0.0,0.4,0.6666666666666666,0.6666666666666666,1.0,0.0,0.4,0.4,0.4,1.0,0.0,0.8,0.4,0.4,1.0,0.6666666666666666,1.0
trinodb__trino-1848,trinodb/trino,Java,devstral-small-2:24b/paths,paths,11,True,7.142894499999784,3,2,1,3,0.3333333333333333,1.0,1.0,0.5,0.0,0.6666666666666666,0.6666666666666666,0.6666666666666666,1.0,0.0,0.6666666666666666,0.4,0.6666666666666666,1.0,0.0,0.6666666666666666,0.2,0.6666666666666666,1.0,0.0,1.0
trinodb__trino-1848,trinodb/trino,Java,devstral-small-2:24b/content,content,11,True,33.732384249999996,3,2,1,2,0.3333333333333333,1.0,1.0,0.5,0.0,0.6666666666666666,0.6666666666666666,1.0,1.0,0.0,0.6666666666666666,0.4,1.0,1.0,0.0,0.6666666666666666,0.2,1.0,1.0,0.0,1.0
trinodb__trino-1090,trinodb/trino,Java,devstral-small-2:24b/paths,paths,11,True,7.6573781669999335,6,3,3,10,0.16666666666666666,1.0,1.0,0.3333333333333333,0.0,0.3333333333333333,0.6666666666666666,0.6666666666666666,0.6666666666666666,0.0,0.3333333333333333,0.4,0.4,0.6666666666666666,0.0,0.5,0.3,0.3,0.6666666666666666,0.3333333333333333,1.0
trinodb__trino-1090,trinodb/trino,Java,devstral-small-2:24b/content,content,11,True,31.80028537499993,6,3,3,10,0.0,0.0,0.0,0.0,0.0,0.0,0.0,0.0,0.0,0.0,0.16666666666666666,0.2,0.2,0.3333333333333333,0.0,0.5,0.3,0.3,0.6666666666666666,0.3333333333333333,0.2
mrdoob__three.js-14566,mrdoob/three.js,JavaScript,devstral-small-2:24b/paths,paths,11,True,7.001575750000029,5,4,1,10,0.2,1.0,1.0,0.25,0.0,0.2,0.3333333333333333,0.3333333333333333,0.25,0.0,0.2,0.2,0.2,0.25,0.0,0.2,0.1,0.1,0.25,0.0,1.0
mrdoob__three.js-14566,mrdoob/three.js,JavaScript,devstral-small-2:24b/content,content,11,True,41.812862374999895,5,4,1,2,0.2,1.0,1.0,0.25,0.0,0.2,0.3333333333333333,0.5,0.25,0.0,0.2,0.2,0.5,0.25,0.0,0.2,0.1,0.5,0.25,0.0,1.0
mrdoob__three.js-17649,mrdoob/three.js,JavaScript,devstral-small-2:24b/paths,paths,11,True,9.26949650000006,18,17,1,10,0.05555555555555555,1.0,1.0,0.058823529411764705,0.0,0.1111111111111111,0.6666666666666666,0.6666666666666666,0.11764705882352941,0.0,0.2222222222222222,0.8,0.8,0.17647058823529413,1.0,0.3333333333333333,0.6,0.6,0.29411764705882354,1.0,1.0
mrdoob__three.js-17649,mrdoob/three.js,JavaScript,devstral-small-2:24b/paths,paths,29,True,2.9783720000000358,18,17,1,10,0.05555555555555555,1.0,1.0,0.058823529411764705,0.0,0.16666666666666666,1.0,1.0,0.17647058823529413,0.0,0.16666666666666666,0.6,0.6,0.17647058823529413,0.0,0.2777777777777778,0.5,0.5,0.23529411764705882,1.0,1.0
mrdoob__three.js-17649,mrdoob/three.js,JavaScript,devstral-small-2:24b/paths,paths,47,True,2.7601299590000963,18,17,1,10,0.05555555555555555,1.0,1.0,0.058823529411764705,0.0,0.16666666666666666,1.0,1.0,0.17647058823529413,0.0,0.16666666666666666,0.6,0.6,0.17647058823529413,0.0,0.3333333333333333,0.6,0.6,0.29411764705882354,1.0,1.0
mrdoob__three.js-17649,mrdoob/three.js,JavaScript,devstral-small-2:24b/content,content,11,True,48.58189833300003,18,17,1,10,0.05555555555555555,1.0,1.0,0.058823529411764705,0.0,0.16666666666666666,1.0,1.0,0.17647058823529413,0.0,0.2222222222222222,0.8,0.8,0.23529411764705882,0.0,0.3333333333333333,0.6,0.6,0.29411764705882354,1.0,1.0
mrdoob__three.js-17649,mrdoob/three.js,JavaScript,devstral-small-2:24b/content,content,29,True,3.0255602080001154,18,17,1,10,0.05555555555555555,1.0,1.0,0.058823529411764705,0.0,0.16666666666666666,1.0,1.0,0.17647058823529413,0.0,0.2222222222222222,0.8,0.8,0.23529411764705882,0.0,0.3333333333333333,0.6,0.6,0.29411764705882354,1.0,1.0
mrdoob__three.js-17649,mrdoob/three.js,JavaScript,devstral-small-2:24b/content,content,47,True,2.951058957999976,18,17,1,10,0.05555555555555555,1.0,1.0,0.058823529411764705,0.0,0.16666666666666666,1.0,1.0,0.17647058823529413,0.0,0.2222222222222222,0.8,0.8,0.23529411764705882,0.0,0.3333333333333333,0.6,0.6,0.29411764705882354,1.0,1.0
mrdoob__three.js-20478,mrdoob/three.js,JavaScript,devstral-small-2:24b/paths,paths,11,True,8.522042874999897,4,3,1,10,0.25,1.0,1.0,0.3333333333333333,0.0,0.25,0.3333333333333333,0.3333333333333333,0.3333333333333333,0.0,0.5,0.4,0.4,0.6666666666666666,0.0,0.5,0.2,0.2,0.6666666666666666,0.0,1.0
mrdoob__three.js-20478,mrdoob/three.js,JavaScript,devstral-small-2:24b/content,content,11,True,43.8991973330003,4,3,1,5,0.25,1.0,1.0,0.3333333333333333,0.0,0.25,0.3333333333333333,0.3333333333333333,0.3333333333333333,0.0,0.25,0.2,0.2,0.3333333333333333,0.0,0.25,0.1,0.2,0.3333333333333333,0.0,1.0
mrdoob__three.js-21532,mrdoob/three.js,JavaScript,devstral-small-2:24b/paths,paths,11,True,7.032208707999871,5,4,1,10,0.2,1.0,1.0,0.25,0.0,0.6,1.0,1.0,0.5,1.0,0.8,0.8,0.8,0.75,1.0,0.8,0.4,0.4,0.75,1.0,1.0
mrdoob__three.js-21532,mrdoob/three.js,JavaScript,devstral-small-2:24b/paths,paths,29,True,2.7978147919998264,5,4,1,10,0.2,1.0,1.0,0.25,0.0,0.6,1.0,1.0,0.5,1.0,0.8,0.8,0.8,0.75,1.0,0.8,0.4,0.4,0.75,1.0,1.0
mrdoob__three.js-21532,mrdoob/three.js,JavaScript,devstral-small-2:24b/paths,paths,47,True,2.593151999999918,5,4,1,10,0.2,1.0,1.0,0.25,0.0,0.6,1.0,1.0,0.5,1.0,0.6,0.6,0.6,0.5,1.0,0.6,0.3,0.3,0.5,1.0,1.0
mrdoob__three.js-21532,mrdoob/three.js,JavaScript,devstral-small-2:24b/content,content,11,True,49.02006591700001,5,4,1,10,0.2,1.0,1.0,0.25,0.0,0.4,0.6666666666666666,0.6666666666666666,0.25,1.0,0.4,0.4,0.4,0.25,1.0,0.4,0.2,0.2,0.25,1.0,1.0
mrdoob__three.js-21532,mrdoob/three.js,JavaScript,devstral-small-2:24b/content,content,29,True,3.012678374999723,5,4,1,10,0.2,1.0,1.0,0.25,0.0,0.4,0.6666666666666666,0.6666666666666666,0.25,1.0,0.4,0.4,0.4,0.25,1.0,0.4,0.2,0.2,0.25,1.0,1.0
mrdoob__three.js-21532,mrdoob/three.js,JavaScript,devstral-small-2:24b/content,content,47,True,2.7475563329999204,5,4,1,10,0.2,1.0,1.0,0.25,0.0,0.4,0.6666666666666666,0.6666666666666666,0.25,1.0,0.4,0.4,0.4,0.25,1.0,0.4,0.2,0.2,0.25,1.0,1.0
mrdoob__three.js-21826,mrdoob/three.js,JavaScript,devstral-small-2:24b/paths,paths,11,True,6.523184958999991,5,4,1,10,0.0,0.0,0.0,0.0,0.0,0.0,0.0,0.0,0.0,0.0,0.0,0.0,0.0,0.0,0.0,0.0,0.0,0.0,0.0,0.0,0.0
mrdoob__three.js-21826,mrdoob/three.js,JavaScript,devstral-small-2:24b/content,content,11,True,41.4340924170001,5,4,1,10,0.0,0.0,0.0,0.0,0.0,0.0,0.0,0.0,0.0,0.0,0.0,0.0,0.0,0.0,0.0,0.0,0.0,0.0,0.0,0.0,0.0
mrdoob__three.js-23596,mrdoob/three.js,JavaScript,devstral-small-2:24b/paths,paths,11,True,6.715984708999713,3,2,1,10,0.3333333333333333,1.0,1.0,0.5,0.0,0.6666666666666666,0.6666666666666666,0.6666666666666666,1.0,0.0,0.6666666666666666,0.4,0.4,1.0,0.0,0.6666666666666666,0.2,0.2,1.0,0.0,1.0
mrdoob__three.js-23596,mrdoob/three.js,JavaScript,devstral-small-2:24b/content,content,11,True,36.05485754099982,3,2,1,10,0.3333333333333333,1.0,1.0,0.5,0.0,0.3333333333333333,0.3333333333333333,0.3333333333333333,0.5,0.0,0.3333333333333333,0.2,0.2,0.5,0.0,0.6666666666666666,0.2,0.2,1.0,0.0,1.0
mrdoob__three.js-23796,mrdoob/three.js,JavaScript,devstral-small-2:24b/paths,paths,11,True,7.199834415999703,15,9,6,10,0.06666666666666667,1.0,1.0,0.1111111111111111,0.0,0.2,1.0,1.0,0.2222222222222222,0.16666666666666666,0.26666666666666666,0.8,0.8,0.2222222222222222,0.3333333333333333,0.6,0.9,0.9,0.4444444444444444,0.8333333333333334,1.0
mrdoob__three.js-23796,mrdoob/three.js,JavaScript,devstral-small-2:24b/content,content,11,True,48.537003040999934,15,9,6,10,0.06666666666666667,1.0,1.0,0.1111111111111111,0.0,0.2,1.0,1.0,0.2222222222222222,0.16666666666666666,0.3333333333333333,1.0,1.0,0.2222222222222222,0.5,0.5333333333333333,0.8,0.8,0.2222222222222222,1.0,1.0
sveltejs__svelte-778,sveltejs/svelte,JavaScript,devstral-small-2:24b/paths,paths,11,True,8.219661874999929,5,4,1,10,0.0,0.0,0.0,0.0,0.0,0.0,0.0,0.0,0.0,0.0,0.0,0.0,0.0,0.0,0.0,0.0,0.0,0.0,0.0,0.0,0.0
sveltejs__svelte-778,sveltejs/svelte,JavaScript,devstral-small-2:24b/content,content,11,True,28.01315458299996,5,4,1,4,0.0,0.0,0.0,0.0,0.0,0.0,0.0,0.0,0.0,0.0,0.0,0.0,0.0,0.0,0.0,0.0,0.0,0.0,0.0,0.0,0.0
sveltejs__svelte-785,sveltejs/svelte,JavaScript,devstral-small-2:24b/paths,paths,11,True,8.335454665999805,25,1,24,10,0.04,1.0,1.0,0.0,0.041666666666666664,0.08,0.6666666666666666,0.6666666666666666,0.0,0.08333333333333333,0.08,0.4,0.4,0.0,0.08333333333333333,0.08,0.2,0.2,0.0,0.08333333333333333,1.0
sveltejs__svelte-785,sveltejs/svelte,JavaScript,devstral-small-2:24b/content,content,11,True,37.428557374999855,25,1,24,10,0.04,1.0,1.0,0.0,0.041666666666666664,0.12,1.0,1.0,0.0,0.125,0.2,1.0,1.0,0.0,0.20833333333333334,0.24,0.6,0.6,0.0,0.25,1.0
sveltejs__svelte-1148,sveltejs/svelte,JavaScript,devstral-small-2:24b/paths,paths,11,True,7.403441958000258,9,4,5,10,0.1111111111111111,1.0,1.0,0.25,0.0,0.2222222222222222,0.6666666666666666,0.6666666666666666,0.5,0.0,0.3333333333333333,0.6,0.6,0.5,0.2,0.7777777777777778,0.7,0.7,0.5,1.0,1.0
sveltejs__svelte-1148,sveltejs/svelte,JavaScript,devstral-small-2:24b/content,content,11,True,28.418562416999976,9,4,5,10,0.1111111111111111,1.0,1.0,0.25,0.0,0.3333333333333333,1.0,1.0,0.25,0.4,0.5555555555555556,1.0,1.0,0.25,0.8,0.7777777777777778,0.7,0.7,0.5,1.0,1.0
sveltejs__svelte-1811,sveltejs/svelte,JavaScript,devstral-small-2:24b/paths,paths,11,True,7.261711209000168,20,2,18,10,0.0,0.0,0.0,0.0,0.0,0.0,0.0,0.0,0.0,0.0,0.0,0.0,0.0,0.0,0.0,0.05,0.1,0.1,0.0,0.05555555555555555,0.14285714285714285
sveltejs__svelte-1811,sveltejs/svelte,JavaScript,devstral-small-2:24b/content,content,11,True,31.249511957999857,20,2,18,10,0.0,0.0,0.0,0.0,0.0,0.0,0.0,0.0,0.0,0.0,0.0,0.0,0.0,0.0,0.0,0.1,0.2,0.2,0.0,0.1111111111111111,0.16666666666666666
sveltejs__svelte-2187,sveltejs/svelte,JavaScript,devstral-small-2:24b/paths,paths,11,True,8.417691125000147,12,4,8,10,0.08333333333333333,1.0,1.0,0.0,0.125,0.16666666666666666,0.6666666666666666,0.6666666666666666,0.0,0.25,0.25,0.6,0.6,0.0,0.375,0.25,0.3,0.3,0.0,0.375,1.0
sveltejs__svelte-2187,sveltejs/svelte,JavaScript,devstral-small-2:24b/content,content,11,True,31.711175124999954,12,4,8,10,0.08333333333333333,1.0,1.0,0.0,0.125,0.25,1.0,1.0,0.0,0.375,0.25,0.6,0.6,0.0,0.375,0.25,0.3,0.3,0.0,0.375,1.0
sveltejs__svelte-5442,sveltejs/svelte,JavaScript,devstral-small-2:24b/paths,paths,11,True,8.515744708000057,8,5,3,10,0.125,1.0,1.0,0.0,0.3333333333333333,0.125,0.3333333333333333,0.3333333333333333,0.0,0.3333333333333333,0.125,0.2,0.2,0.0,0.3333333333333333,0.125,0.1,0.1,0.0,0.3333333333333333,1.0
sveltejs__svelte-5442,sveltejs/svelte,JavaScript,devstral-small-2:24b/paths,paths,29,True,2.854558375000124,8,5,3,10,0.125,1.0,1.0,0.0,0.3333333333333333,0.125,0.3333333333333333,0.3333333333333333,0.0,0.3333333333333333,0.125,0.2,0.2,0.0,0.3333333333333333,0.125,0.1,0.1,0.0,0.3333333333333333,1.0
sveltejs__svelte-5442,sveltejs/svelte,JavaScript,devstral-small-2:24b/paths,paths,47,True,2.6460809169998356,8,5,3,10,0.0,0.0,0.0,0.0,0.0,0.125,0.3333333333333333,0.3333333333333333,0.0,0.3333333333333333,0.125,0.2,0.2,0.0,0.3333333333333333,0.125,0.1,0.1,0.0,0.3333333333333333,0.5
sveltejs__svelte-5442,sveltejs/svelte,JavaScript,devstral-small-2:24b/content,content,11,True,33.70888595799988,8,5,3,10,0.125,1.0,1.0,0.2,0.0,0.125,0.3333333333333333,0.3333333333333333,0.2,0.0,0.25,0.4,0.4,0.2,0.3333333333333333,0.25,0.2,0.2,0.2,0.3333333333333333,1.0
sveltejs__svelte-5442,sveltejs/svelte,JavaScript,devstral-small-2:24b/content,content,29,True,2.041559541999959,8,5,3,7,0.125,1.0,1.0,0.2,0.0,0.125,0.3333333333333333,0.3333333333333333,0.2,0.0,0.125,0.2,0.2,0.2,0.0,0.25,0.2,0.2857142857142857,0.2,0.3333333333333333,1.0
sveltejs__svelte-5442,sveltejs/svelte,JavaScript,devstral-small-2:24b/content,content,47,True,2.7621332079997956,8,5,3,10,0.125,1.0,1.0,0.0,0.3333333333333333,0.125,0.3333333333333333,0.3333333333333333,0.0,0.3333333333333333,0.125,0.2,0.2,0.0,0.3333333333333333,0.125,0.1,0.1,0.0,0.3333333333333333,1.0
sveltejs__svelte-6223,sveltejs/svelte,JavaScript,devstral-small-2:24b/paths,paths,11,True,10.262990917000025,5,1,4,10,0.0,0.0,0.0,0.0,0.0,0.0,0.0,0.0,0.0,0.0,0.2,0.2,0.2,0.0,0.25,0.2,0.1,0.1,0.0,0.25,0.25
sveltejs__svelte-6223,sveltejs/svelte,JavaScript,devstral-small-2:24b/paths,paths,29,True,2.864653915999952,5,1,4,10,0.0,0.0,0.0,0.0,0.0,0.2,0.3333333333333333,0.3333333333333333,0.0,0.25,0.2,0.2,0.2,0.0,0.25,0.2,0.1,0.1,0.0,0.25,0.3333333333333333
sveltejs__svelte-6223,sveltejs/svelte,JavaScript,devstral-small-2:24b/paths,paths,47,True,2.608302042000105,5,1,4,10,0.0,0.0,0.0,0.0,0.0,0.0,0.0,0.0,0.0,0.0,0.2,0.2,0.2,0.0,0.25,0.2,0.1,0.1,0.0,0.25,0.25
sveltejs__svelte-6223,sveltejs/svelte,JavaScript,devstral-small-2:24b/content,content,11,True,29.495021166999777,5,1,4,10,0.0,0.0,0.0,0.0,0.0,0.0,0.0,0.0,0.0,0.0,0.2,0.2,0.2,0.0,0.25,0.2,0.1,0.1,0.0,0.25,0.25
sveltejs__svelte-6223,sveltejs/svelte,JavaScript,devstral-small-2:24b/content,content,29,True,2.8539246670002285,5,1,4,10,0.0,0.0,0.0,0.0,0.0,0.0,0.0,0.0,0.0,0.0,0.2,0.2,0.2,0.0,0.25,0.2,0.1,0.1,0.0,0.25,0.25
sveltejs__svelte-6223,sveltejs/svelte,JavaScript,devstral-small-2:24b/content,content,47,True,2.712410916999943,5,1,4,10,0.0,0.0,0.0,0.0,0.0,0.0,0.0,0.0,0.0,0.0,0.2,0.2,0.2,0.0,0.25,0.2,0.1,0.1,0.0,0.25,0.25
sveltejs__svelte-6528,sveltejs/svelte,JavaScript,devstral-small-2:24b/paths,paths,11,True,8.387070499999936,4,4,0,10,0.0,0.0,0.0,0.0,,0.0,0.0,0.0,0.0,,0.25,0.2,0.2,0.25,,0.25,0.1,0.1,0.25,,0.25
sveltejs__svelte-6528,sveltejs/svelte,JavaScript,devstral-small-2:24b/content,content,11,True,33.795111458000065,4,4,0,10,0.0,0.0,0.0,0.0,,0.0,0.0,0.0,0.0,,0.0,0.0,0.0,0.0,,0.0,0.0,0.0,0.0,,0.0
sveltejs__svelte-6564,sveltejs/svelte,JavaScript,devstral-small-2:24b/paths,paths,11,True,9.00976241699982,1,1,0,10,0.0,0.0,0.0,0.0,,0.0,0.0,0.0,0.0,,0.0,0.0,0.0,0.0,,0.0,0.0,0.0,0.0,,0.0
sveltejs__svelte-6564,sveltejs/svelte,JavaScript,devstral-small-2:24b/content,content,11,True,29.62192379199996,1,1,0,10,0.0,0.0,0.0,0.0,,0.0,0.0,0.0,0.0,,0.0,0.0,0.0,0.0,,0.0,0.0,0.0,0.0,,0.0
sveltejs__svelte-6613,sveltejs/svelte,JavaScript,devstral-small-2:24b/paths,paths,11,True,10.641879916000107,2,1,1,10,0.0,0.0,0.0,0.0,0.0,0.0,0.0,0.0,0.0,0.0,0.0,0.0,0.0,0.0,0.0,0.0,0.0,0.0,0.0,0.0,0.0
sveltejs__svelte-6613,sveltejs/svelte,JavaScript,devstral-small-2:24b/content,content,11,True,32.98368750000009,2,1,1,10,0.0,0.0,0.0,0.0,0.0,0.0,0.0,0.0,0.0,0.0,0.0,0.0,0.0,0.0,0.0,0.0,0.0,0.0,0.0,0.0,0.0
sveltejs__svelte-6838,sveltejs/svelte,JavaScript,devstral-small-2:24b/paths,paths,11,True,9.1382699159999,3,2,1,10,0.3333333333333333,1.0,1.0,0.5,0.0,0.6666666666666666,0.6666666666666666,0.6666666666666666,0.5,1.0,0.6666666666666666,0.4,0.4,0.5,1.0,0.6666666666666666,0.2,0.2,0.5,1.0,1.0
sveltejs__svelte-6838,sveltejs/svelte,JavaScript,devstral-small-2:24b/content,content,11,True,36.18858741699978,3,2,1,10,0.3333333333333333,1.0,1.0,0.5,0.0,0.3333333333333333,0.3333333333333333,0.3333333333333333,0.5,0.0,0.3333333333333333,0.2,0.2,0.5,0.0,0.6666666666666666,0.2,0.2,0.5,1.0,1.0
prettier__prettier-16765,prettier/prettier,JavaScript,devstral-small-2:24b/paths,paths,11,True,13.575870832999954,1,1,0,10,0.0,0.0,0.0,0.0,,0.0,0.0,0.0,0.0,,0.0,0.0,0.0,0.0,,0.0,0.0,0.0,0.0,,0.0
prettier__prettier-16765,prettier/prettier,JavaScript,devstral-small-2:24b/content,content,11,True,41.81470845800004,1,1,0,10,0.0,0.0,0.0,0.0,,0.0,0.0,0.0,0.0,,0.0,0.0,0.0,0.0,,0.0,0.0,0.0,0.0,,0.0
prettier__prettier-14317,prettier/prettier,JavaScript,devstral-small-2:24b/paths,paths,11,True,6.9439729170003375,4,3,1,6,0.25,1.0,1.0,0.3333333333333333,0.0,0.25,0.3333333333333333,0.3333333333333333,0.3333333333333333,0.0,0.25,0.2,0.2,0.3333333333333333,0.0,0.25,0.1,0.16666666666666666,0.3333333333333333,0.0,1.0
prettier__prettier-14317,prettier/prettier,JavaScript,devstral-small-2:24b/paths,paths,29,True,1.494597832999716,4,3,1,4,0.25,1.0,1.0,0.3333333333333333,0.0,0.25,0.3333333333333333,0.3333333333333333,0.3333333333333333,0.0,0.25,0.2,0.25,0.3333333333333333,0.0,0.25,0.1,0.25,0.3333333333333333,0.0,1.0
prettier__prettier-14317,prettier/prettier,JavaScript,devstral-small-2:24b/paths,paths,47,True,1.8281471249997594,4,3,1,6,0.25,1.0,1.0,0.3333333333333333,0.0,0.25,0.3333333333333333,0.3333333333333333,0.3333333333333333,0.0,0.25,0.2,0.2,0.3333333333333333,0.0,0.25,0.1,0.16666666666666666,0.3333333333333333,0.0,1.0
prettier__prettier-14317,prettier/prettier,JavaScript,devstral-small-2:24b/content,content,11,True,38.426050999999916,4,3,1,3,0.25,1.0,1.0,0.3333333333333333,0.0,0.25,0.3333333333333333,0.3333333333333333,0.3333333333333333,0.0,0.25,0.2,0.3333333333333333,0.3333333333333333,0.0,0.25,0.1,0.3333333333333333,0.3333333333333333,0.0,1.0
prettier__prettier-14317,prettier/prettier,JavaScript,devstral-small-2:24b/content,content,29,True,0.816573917000369,4,3,1,3,0.25,1.0,1.0,0.3333333333333333,0.0,0.25,0.3333333333333333,0.3333333333333333,0.3333333333333333,0.0,0.25,0.2,0.3333333333333333,0.3333333333333333,0.0,0.25,0.1,0.3333333333333333,0.3333333333333333,0.0,1.0
prettier__prettier-14317,prettier/prettier,JavaScript,devstral-small-2:24b/content,content,47,True,1.4282170410001527,4,3,1,3,0.25,1.0,1.0,0.3333333333333333,0.0,0.25,0.3333333333333333,0.3333333333333333,0.3333333333333333,0.0,0.25,0.2,0.3333333333333333,0.3333333333333333,0.0,0.25,0.1,0.3333333333333333,0.3333333333333333,0.0,1.0
prettier__prettier-14108,prettier/prettier,JavaScript,devstral-small-2:24b/paths,paths,11,True,7.379057416000251,3,2,1,10,0.3333333333333333,1.0,1.0,0.5,0.0,0.6666666666666666,0.6666666666666666,0.6666666666666666,0.5,1.0,1.0,0.6,0.6,1.0,1.0,1.0,0.3,0.3,1.0,1.0,1.0
prettier__prettier-14108,prettier/prettier,JavaScript,devstral-small-2:24b/content,content,11,True,38.84281416699969,3,2,1,10,0.3333333333333333,1.0,1.0,0.5,0.0,0.6666666666666666,0.6666666666666666,0.6666666666666666,0.5,1.0,0.6666666666666666,0.4,0.4,0.5,1.0,0.6666666666666666,0.2,0.2,0.5,1.0,1.0
prettier__prettier-10910,prettier/prettier,JavaScript,devstral-small-2:24b/paths,paths,11,True,7.33503220800003,17,8,9,10,0.0,0.0,0.0,0.0,0.0,0.11764705882352941,0.6666666666666666,0.6666666666666666,0.25,0.0,0.11764705882352941,0.4,0.4,0.25,0.0,0.17647058823529413,0.3,0.3,0.375,0.0,0.5
prettier__prettier-10910,prettier/prettier,JavaScript,devstral-small-2:24b/content,content,11,True,37.03997620900009,17,8,9,10,0.058823529411764705,1.0,1.0,0.125,0.0,0.058823529411764705,0.3333333333333333,0.3333333333333333,0.125,0.0,0.11764705882352941,0.4,0.4,0.25,0.0,0.17647058823529413,0.3,0.3,0.375,0.0,1.0
prettier__prettier-10109,prettier/prettier,JavaScript,devstral-small-2:24b/paths,paths,11,True,11.799294084000394,3,1,2,10,0.0,0.0,0.0,0.0,0.0,0.0,0.0,0.0,0.0,0.0,0.3333333333333333,0.2,0.2,0.0,0.5,0.3333333333333333,0.1,0.1,0.0,0.5,0.25
prettier__prettier-10109,prettier/prettier,JavaScript,devstral-small-2:24b/content,content,11,True,36.08241808299954,3,1,2,10,0.3333333333333333,1.0,1.0,0.0,0.5,0.3333333333333333,0.3333333333333333,0.3333333333333333,0.0,0.5,0.3333333333333333,0.2,0.2,0.0,0.5,0.3333333333333333,0.1,0.1,0.0,0.5,1.0
prettier__prettier-8465,prettier/prettier,JavaScript,devstral-small-2:24b/paths,paths,11,True,8.877694709000025,7,4,3,10,0.0,0.0,0.0,0.0,0.0,0.0,0.0,0.0,0.0,0.0,0.0,0.0,0.0,0.0,0.0,0.0,0.0,0.0,0.0,0.0,0.0
prettier__prettier-8465,prettier/prettier,JavaScript,devstral-small-2:24b/content,content,11,True,40.42831995800043,7,4,3,10,0.0,0.0,0.0,0.0,0.0,0.0,0.0,0.0,0.0,0.0,0.0,0.0,0.0,0.0,0.0,0.0,0.0,0.0,0.0,0.0,0.0
prettier__prettier-8381,prettier/prettier,JavaScript,devstral-small-2:24b/paths,paths,11,True,12.291003499999533,10,10,0,10,0.0,0.0,0.0,0.0,,0.0,0.0,0.0,0.0,,0.0,0.0,0.0,0.0,,0.0,0.0,0.0,0.0,,0.0
prettier__prettier-8381,prettier/prettier,JavaScript,devstral-small-2:24b/content,content,11,True,41.657168916000046,10,10,0,10,0.0,0.0,0.0,0.0,,0.0,0.0,0.0,0.0,,0.0,0.0,0.0,0.0,,0.0,0.0,0.0,0.0,,0.0
prettier__prettier-4667,prettier/prettier,JavaScript,devstral-small-2:24b/paths,paths,11,True,6.531690999999228,2,1,1,10,0.0,0.0,0.0,0.0,0.0,0.0,0.0,0.0,0.0,0.0,0.0,0.0,0.0,0.0,0.0,0.0,0.0,0.0,0.0,0.0,0.0
prettier__prettier-4667,prettier/prettier,JavaScript,devstral-small-2:24b/content,content,11,True,38.750153500000124,2,1,1,10,0.0,0.0,0.0,0.0,0.0,0.0,0.0,0.0,0.0,0.0,0.0,0.0,0.0,0.0,0.0,0.0,0.0,0.0,0.0,0.0,0.0
prettier__prettier-3903,prettier/prettier,JavaScript,devstral-small-2:24b/paths,paths,11,True,19.626888290999887,99,1,98,10,0.0,0.0,0.0,0.0,0.0,0.0,0.0,0.0,0.0,0.0,0.0,0.0,0.0,0.0,0.0,0.0,0.0,0.0,0.0,0.0,0.0
prettier__prettier-3903,prettier/prettier,JavaScript,devstral-small-2:24b/content,content,11,True,41.94788795800014,99,1,98,10,0.0,0.0,0.0,0.0,0.0,0.0,0.0,0.0,0.0,0.0,0.0,0.0,0.0,0.0,0.0,0.0,0.0,0.0,0.0,0.0,0.0
prettier__prettier-3775,prettier/prettier,JavaScript,devstral-small-2:24b/paths,paths,11,True,7.851759916999981,11,8,3,10,0.0,0.0,0.0,0.0,0.0,0.09090909090909091,0.3333333333333333,0.3333333333333333,0.125,0.0,0.09090909090909091,0.2,0.2,0.125,0.0,0.09090909090909091,0.1,0.1,0.125,0.0,0.3333333333333333
prettier__prettier-3775,prettier/prettier,JavaScript,devstral-small-2:24b/content,content,11,True,38.69165229200007,11,8,3,10,0.09090909090909091,1.0,1.0,0.125,0.0,0.18181818181818182,0.6666666666666666,0.6666666666666666,0.25,0.0,0.18181818181818182,0.4,0.4,0.25,0.0,0.18181818181818182,0.2,0.2,0.25,0.0,1.0
prettier__prettier-842,prettier/prettier,JavaScript,devstral-small-2:24b/paths,paths,11,True,12.026886790999924,1,1,0,10,1.0,1.0,1.0,1.0,,1.0,0.3333333333333333,0.3333333333333333,1.0,,1.0,0.2,0.2,1.0,,1.0,0.1,0.1,1.0,,1.0
prettier__prettier-842,prettier/prettier,JavaScript,devstral-small-2:24b/content,content,11,True,34.50897916699978,1,1,0,10,1.0,1.0,1.0,1.0,,1.0,0.3333333333333333,0.3333333333333333,1.0,,1.0,0.2,0.2,1.0,,1.0,0.1,0.1,1.0,,1.0
prettier__prettier-661,prettier/prettier,JavaScript,devstral-small-2:24b/paths,paths,11,True,7.573542833000829,5,5,0,10,0.0,0.0,0.0,0.0,,0.2,0.3333333333333333,0.3333333333333333,0.2,,0.2,0.2,0.2,0.2,,0.2,0.1,0.1,0.2,,0.5
prettier__prettier-661,prettier/prettier,JavaScript,devstral-small-2:24b/paths,paths,29,True,2.686425374999999,5,5,0,10,0.0,0.0,0.0,0.0,,0.2,0.3333333333333333,0.3333333333333333,0.2,,0.2,0.2,0.2,0.2,,0.2,0.1,0.1,0.2,,0.5
prettier__prettier-661,prettier/prettier,JavaScript,devstral-small-2:24b/paths,paths,47,True,2.5044613330001084,5,5,0,10,0.0,0.0,0.0,0.0,,0.2,0.3333333333333333,0.3333333333333333,0.2,,0.2,0.2,0.2,0.2,,0.2,0.1,0.1,0.2,,0.5
prettier__prettier-661,prettier/prettier,JavaScript,devstral-small-2:24b/content,content,11,True,36.8357175000001,5,5,0,10,0.0,0.0,0.0,0.0,,0.2,0.3333333333333333,0.3333333333333333,0.2,,0.4,0.4,0.4,0.4,,0.6,0.3,0.3,0.6,,0.3333333333333333
prettier__prettier-661,prettier/prettier,JavaScript,devstral-small-2:24b/content,content,29,True,2.911884375000227,5,5,0,10,0.0,0.0,0.0,0.0,,0.2,0.3333333333333333,0.3333333333333333,0.2,,0.2,0.2,0.2,0.2,,0.4,0.2,0.2,0.4,,0.3333333333333333
prettier__prettier-661,prettier/prettier,JavaScript,devstral-small-2:24b/content,content,47,True,2.58866208299969,5,5,0,10,0.2,1.0,1.0,0.2,,0.2,0.3333333333333333,0.3333333333333333,0.2,,0.2,0.2,0.2,0.2,,0.6,0.3,0.3,0.6,,1.0
serverless__serverless-10120,serverless/serverless,JavaScript,devstral-small-2:24b/paths,paths,11,True,9.32632837500023,2,1,1,10,0.5,1.0,1.0,1.0,0.0,1.0,0.6666666666666666,0.6666666666666666,1.0,1.0,1.0,0.4,0.4,1.0,1.0,1.0,0.2,0.2,1.0,1.0,1.0
serverless__serverless-10120,serverless/serverless,JavaScript,devstral-small-2:24b/paths,paths,29,True,2.8112003749993164,2,1,1,10,0.5,1.0,1.0,1.0,0.0,1.0,0.6666666666666666,0.6666666666666666,1.0,1.0,1.0,0.4,0.4,1.0,1.0,1.0,0.2,0.2,1.0,1.0,1.0
serverless__serverless-10120,serverless/serverless,JavaScript,devstral-small-2:24b/paths,paths,47,True,2.689588458999424,2,1,1,10,0.5,1.0,1.0,1.0,0.0,1.0,0.6666666666666666,0.6666666666666666,1.0,1.0,1.0,0.4,0.4,1.0,1.0,1.0,0.2,0.2,1.0,1.0,1.0
serverless__serverless-10120,serverless/serverless,JavaScript,devstral-small-2:24b/content,content,11,True,39.54719683300027,2,1,1,10,0.5,1.0,1.0,1.0,0.0,1.0,0.6666666666666666,0.6666666666666666,1.0,1.0,1.0,0.4,0.4,1.0,1.0,1.0,0.2,0.2,1.0,1.0,1.0
serverless__serverless-10120,serverless/serverless,JavaScript,devstral-small-2:24b/content,content,29,True,2.964382375000241,2,1,1,10,0.5,1.0,1.0,1.0,0.0,1.0,0.6666666666666666,0.6666666666666666,1.0,1.0,1.0,0.4,0.4,1.0,1.0,1.0,0.2,0.2,1.0,1.0,1.0
serverless__serverless-10120,serverless/serverless,JavaScript,devstral-small-2:24b/content,content,47,True,2.84052283300025,2,1,1,10,0.5,1.0,1.0,1.0,0.0,1.0,0.6666666666666666,0.6666666666666666,1.0,1.0,1.0,0.4,0.4,1.0,1.0,1.0,0.2,0.2,1.0,1.0,1.0
serverless__serverless-8638,serverless/serverless,JavaScript,devstral-small-2:24b/paths,paths,11,True,19.241967709000164,5,4,1,7,0.0,0.0,0.0,0.0,0.0,0.2,0.3333333333333333,0.3333333333333333,0.0,1.0,0.4,0.4,0.4,0.25,1.0,0.4,0.2,0.2857142857142857,0.25,1.0,0.5
serverless__serverless-8638,serverless/serverless,JavaScript,devstral-small-2:24b/content,content,11,True,39.953119666999555,5,4,1,2,0.0,0.0,0.0,0.0,0.0,0.2,0.3333333333333333,0.5,0.0,1.0,0.2,0.2,0.5,0.0,1.0,0.2,0.1,0.5,0.0,1.0,0.5
serverless__serverless-7623,serverless/serverless,JavaScript,devstral-small-2:24b/paths,paths,11,True,7.061196667000331,4,3,1,10,0.0,0.0,0.0,0.0,0.0,0.25,0.3333333333333333,0.3333333333333333,0.3333333333333333,0.0,0.25,0.2,0.2,0.3333333333333333,0.0,0.5,0.2,0.2,0.6666666666666666,0.0,0.3333333333333333
serverless__serverless-7623,serverless/serverless,JavaScript,devstral-small-2:24b/content,content,11,True,35.71299620800073,4,3,1,2,0.0,0.0,0.0,0.0,0.0,0.0,0.0,0.0,0.0,0.0,0.0,0.0,0.0,0.0,0.0,0.0,0.0,0.0,0.0,0.0,0.0
serverless__serverless-7031,serverless/serverless,JavaScript,devstral-small-2:24b/paths,paths,11,True,6.96806741599994,2,1,1,2,0.5,1.0,1.0,1.0,0.0,1.0,0.6666666666666666,1.0,1.0,1.0,1.0,0.4,1.0,1.0,1.0,1.0,0.2,1.0,1.0,1.0,1.0
serverless__serverless-7031,serverless/serverless,JavaScript,devstral-small-2:24b/content,content,11,True,37.581943166999736,2,1,1,2,0.5,1.0,1.0,1.0,0.0,1.0,0.6666666666666666,1.0,1.0,1.0,1.0,0.4,1.0,1.0,1.0,1.0,0.2,1.0,1.0,1.0,1.0
serverless__serverless-7024,serverless/serverless,JavaScript,devstral-small-2:24b/paths,paths,11,True,6.1784438750000845,3,2,1,10,0.3333333333333333,1.0,1.0,0.5,0.0,0.6666666666666666,0.6666666666666666,0.6666666666666666,0.5,1.0,1.0,0.6,0.6,1.0,1.0,1.0,0.3,0.3,1.0,1.0,1.0
serverless__serverless-7024,serverless/serverless,JavaScript,devstral-small-2:24b/content,content,11,True,37.83292591600002,3,2,1,4,0.3333333333333333,1.0,1.0,0.5,0.0,0.6666666666666666,0.6666666666666666,0.6666666666666666,0.5,1.0,0.6666666666666666,0.4,0.5,0.5,1.0,0.6666666666666666,0.2,0.5,0.5,1.0,1.0
serverless__serverless-6945,serverless/serverless,JavaScript,devstral-small-2:24b/paths,paths,11,True,6.068083082999692,4,3,1,10,0.0,0.0,0.0,0.0,0.0,0.0,0.0,0.0,0.0,0.0,0.0,0.0,0.0,0.0,0.0,0.25,0.1,0.1,0.3333333333333333,0.0,0.16666666666666666
serverless__serverless-6945,serverless/serverless,JavaScript,devstral-small-2:24b/content,content,11,True,37.061193874999844,4,3,1,10,0.0,0.0,0.0,0.0,0.0,0.0,0.0,0.0,0.0,0.0,0.0,0.0,0.0,0.0,0.0,0.5,0.2,0.2,0.6666666666666666,0.0,0.16666666666666666
serverless__serverless-6345,serverless/serverless,JavaScript,devstral-small-2:24b/paths,paths,11,True,6.290345999999772,3,2,1,5,0.0,0.0,0.0,0.0,0.0,0.0,0.0,0.0,0.0,0.0,0.0,0.0,0.0,0.0,0.0,0.0,0.0,0.0,0.0,0.0,0.0
serverless__serverless-6345,serverless/serverless,JavaScript,devstral-small-2:24b/content,content,11,True,36.88594304199978,3,2,1,2,0.0,0.0,0.0,0.0,0.0,0.0,0.0,0.0,0.0,0.0,0.0,0.0,0.0,0.0,0.0,0.0,0.0,0.0,0.0,0.0,0.0
serverless__serverless-6063,serverless/serverless,JavaScript,devstral-small-2:24b/paths,paths,11,True,6.388028667000071,4,3,1,10,0.25,1.0,1.0,0.3333333333333333,0.0,0.5,0.6666666666666666,0.6666666666666666,0.3333333333333333,1.0,0.5,0.4,0.4,0.3333333333333333,1.0,0.5,0.2,0.2,0.3333333333333333,1.0,1.0
serverless__serverless-6063,serverless/serverless,JavaScript,devstral-small-2:24b/content,content,11,True,37.83072700000048,4,3,1,10,0.25,1.0,1.0,0.3333333333333333,0.0,0.5,0.6666666666666666,0.6666666666666666,0.3333333333333333,1.0,0.5,0.4,0.4,0.3333333333333333,1.0,0.5,0.2,0.2,0.3333333333333333,1.0,1.0
serverless__serverless-6051,serverless/serverless,JavaScript,devstral-small-2:24b/paths,paths,11,True,6.500138624999636,4,3,1,10,0.0,0.0,0.0,0.0,0.0,0.0,0.0,0.0,0.0,0.0,0.25,0.2,0.2,0.3333333333333333,0.0,0.25,0.1,0.1,0.3333333333333333,0.0,0.2
serverless__serverless-6051,serverless/serverless,JavaScript,devstral-small-2:24b/content,content,11,True,38.02332262500022,4,3,1,5,0.0,0.0,0.0,0.0,0.0,0.0,0.0,0.0,0.0,0.0,0.0,0.0,0.0,0.0,0.0,0.0,0.0,0.0,0.0,0.0,0.0
serverless__serverless-5982,serverless/serverless,JavaScript,devstral-small-2:24b/paths,paths,11,True,7.082641166999565,9,5,4,10,0.1111111111111111,1.0,1.0,0.2,0.0,0.2222222222222222,0.6666666666666666,0.6666666666666666,0.2,0.25,0.2222222222222222,0.4,0.4,0.2,0.25,0.2222222222222222,0.2,0.2,0.2,0.25,1.0
serverless__serverless-5982,serverless/serverless,JavaScript,devstral-small-2:24b/content,content,11,True,39.08568291600022,9,5,4,10,0.1111111111111111,1.0,1.0,0.2,0.0,0.2222222222222222,0.6666666666666666,0.6666666666666666,0.2,0.25,0.2222222222222222,0.4,0.4,0.2,0.25,0.3333333333333333,0.3,0.3,0.4,0.25,1.0
serverless__serverless-5579,serverless/serverless,JavaScript,devstral-small-2:24b/paths,paths,11,True,6.378636166999968,5,3,2,10,0.0,0.0,0.0,0.0,0.0,0.0,0.0,0.0,0.0,0.0,0.0,0.0,0.0,0.0,0.0,0.0,0.0,0.0,0.0,0.0,0.0
serverless__serverless-5579,serverless/serverless,JavaScript,devstral-small-2:24b/content,content,11,True,38.4530254579995,5,3,2,10,0.2,1.0,1.0,0.3333333333333333,0.0,0.2,0.3333333333333333,0.3333333333333333,0.3333333333333333,0.0,0.2,0.2,0.2,0.3333333333333333,0.0,0.2,0.1,0.1,0.3333333333333333,0.0,1.0
serverless__serverless-5509,serverless/serverless,JavaScript,devstral-small-2:24b/paths,paths,11,True,8.295288916999198,5,4,1,10,0.2,1.0,1.0,0.25,0.0,0.4,0.6666666666666666,0.6666666666666666,0.25,1.0,0.8,0.8,0.8,0.75,1.0,0.8,0.4,0.4,0.75,1.0,1.0
serverless__serverless-5509,serverless/serverless,JavaScript,devstral-small-2:24b/content,content,11,True,39.17652291600007,5,4,1,10,0.2,1.0,1.0,0.25,0.0,0.4,0.6666666666666666,0.6666666666666666,0.25,1.0,0.6,0.6,0.6,0.5,1.0,0.8,0.4,0.4,0.75,1.0,1.0
serverless__serverless-4097,serverless/serverless,JavaScript,devstral-small-2:24b/paths,paths,11,True,7.687685541999599,6,4,2,10,0.16666666666666666,1.0,1.0,0.0,0.5,0.3333333333333333,0.6666666666666666,0.6666666666666666,0.25,0.5,0.3333333333333333,0.4,0.4,0.25,0.5,0.3333333333333333,0.2,0.2,0.25,0.5,1.0
serverless__serverless-4097,serverless/serverless,JavaScript,devstral-small-2:24b/content,content,11,True,35.553027790999295,6,4,2,2,0.16666666666666666,1.0,1.0,0.0,0.5,0.16666666666666666,0.3333333333333333,0.5,0.0,0.5,0.16666666666666666,0.2,0.5,0.0,0.5,0.16666666666666666,0.1,0.5,0.0,0.5,1.0
serverless__serverless-3642,serverless/serverless,JavaScript,devstral-small-2:24b/paths,paths,11,True,6.56699933300024,3,2,1,4,0.3333333333333333,1.0,1.0,0.5,0.0,0.6666666666666666,0.6666666666666666,0.6666666666666666,1.0,0.0,0.6666666666666666,0.4,0.5,1.0,0.0,0.6666666666666666,0.2,0.5,1.0,0.0,1.0
serverless__serverless-3642,serverless/serverless,JavaScript,devstral-small-2:24b/paths,paths,29,True,2.6845418749999226,3,2,1,10,0.3333333333333333,1.0,1.0,0.5,0.0,0.6666666666666666,0.6666666666666666,0.6666666666666666,1.0,0.0,0.6666666666666666,0.4,0.4,1.0,0.0,0.6666666666666666,0.2,0.2,1.0,0.0,1.0
serverless__serverless-3642,serverless/serverless,JavaScript,devstral-small-2:24b/paths,paths,47,True,1.3021480830002474,3,2,1,5,0.3333333333333333,1.0,1.0,0.5,0.0,0.6666666666666666,0.6666666666666666,0.6666666666666666,1.0,0.0,0.6666666666666666,0.4,0.4,1.0,0.0,0.6666666666666666,0.2,0.4,1.0,0.0,1.0
serverless__serverless-3642,serverless/serverless,JavaScript,devstral-small-2:24b/content,content,11,True,38.114922957999624,3,2,1,4,0.3333333333333333,1.0,1.0,0.5,0.0,0.3333333333333333,0.3333333333333333,0.3333333333333333,0.5,0.0,0.6666666666666666,0.4,0.5,1.0,0.0,0.6666666666666666,0.2,0.5,1.0,0.0,1.0
serverless__serverless-3642,serverless/serverless,JavaScript,devstral-small-2:24b/content,content,29,True,0.6050233750002008,3,2,1,2,0.3333333333333333,1.0,1.0,0.5,0.0,0.3333333333333333,0.3333333333333333,0.5,0.5,0.0,0.3333333333333333,0.2,0.5,0.5,0.0,0.3333333333333333,0.1,0.5,0.5,0.0,1.0
serverless__serverless-3642,serverless/serverless,JavaScript,devstral-small-2:24b/content,content,47,True,0.9594973749999554,3,2,1,2,0.3333333333333333,1.0,1.0,0.5,0.0,0.3333333333333333,0.3333333333333333,0.5,0.5,0.0,0.3333333333333333,0.2,0.5,0.5,0.0,0.3333333333333333,0.1,0.5,0.5,0.0,1.0
serverless__serverless-3609,serverless/serverless,JavaScript,devstral-small-2:24b/paths,paths,11,True,8.764194208000845,4,3,1,10,0.25,1.0,1.0,0.3333333333333333,0.0,0.25,0.3333333333333333,0.3333333333333333,0.3333333333333333,0.0,0.25,0.2,0.2,0.3333333333333333,0.0,0.25,0.1,0.1,0.3333333333333333,0.0,1.0
serverless__serverless-3609,serverless/serverless,JavaScript,devstral-small-2:24b/content,content,11,True,38.565554416999476,4,3,1,10,0.25,1.0,1.0,0.3333333333333333,0.0,0.5,0.6666666666666666,0.6666666666666666,0.6666666666666666,0.0,0.5,0.4,0.4,0.6666666666666666,0.0,0.5,0.2,0.2,0.6666666666666666,0.0,1.0
serverless__serverless-3548,serverless/serverless,JavaScript,devstral-small-2:24b/paths,paths,11,True,6.632648959000107,4,3,1,10,0.25,1.0,1.0,0.3333333333333333,0.0,0.25,0.3333333333333333,0.3333333333333333,0.3333333333333333,0.0,0.5,0.4,0.4,0.6666666666666666,0.0,0.5,0.2,0.2,0.6666666666666666,0.0,1.0
serverless__serverless-3548,serverless/serverless,JavaScript,devstral-small-2:24b/content,content,11,True,36.319334875000095,4,3,1,5,0.25,1.0,1.0,0.3333333333333333,0.0,0.25,0.3333333333333333,0.3333333333333333,0.3333333333333333,0.0,0.25,0.2,0.2,0.3333333333333333,0.0,0.25,0.1,0.2,0.3333333333333333,0.0,1.0
serverless__serverless-3217,serverless/serverless,JavaScript,devstral-small-2:24b/paths,paths,11,True,6.499266833000547,3,2,1,5,0.0,0.0,0.0,0.0,0.0,0.3333333333333333,0.3333333333333333,0.3333333333333333,0.5,0.0,0.3333333333333333,0.2,0.2,0.5,0.0,0.3333333333333333,0.1,0.2,0.5,0.0,0.3333333333333333
serverless__serverless-3217,serverless/serverless,JavaScript,devstral-small-2:24b/content,content,11,True,37.414045166000506,3,2,1,3,0.0,0.0,0.0,0.0,0.0,0.0,0.0,0.0,0.0,0.0,0.0,0.0,0.0,0.0,0.0,0.0,0.0,0.0,0.0,0.0,0.0
serverless__serverless-2910,serverless/serverless,JavaScript,devstral-small-2:24b/paths,paths,11,True,6.7296869589999915,3,2,1,10,0.3333333333333333,1.0,1.0,0.5,0.0,1.0,1.0,1.0,1.0,1.0,1.0,0.6,0.6,1.0,1.0,1.0,0.3,0.3,1.0,1.0,1.0
serverless__serverless-2910,serverless/serverless,JavaScript,devstral-small-2:24b/content,content,11,True,37.55219725000006,3,2,1,10,0.3333333333333333,1.0,1.0,0.5,0.0,0.6666666666666666,0.6666666666666666,0.6666666666666666,0.5,1.0,0.6666666666666666,0.4,0.4,0.5,1.0,0.6666666666666666,0.2,0.2,0.5,1.0,1.0
serverless__serverless-2748,serverless/serverless,JavaScript,devstral-small-2:24b/paths,paths,11,True,8.090601666000111,3,2,1,10,0.3333333333333333,1.0,1.0,0.5,0.0,0.3333333333333333,0.3333333333333333,0.3333333333333333,0.5,0.0,0.3333333333333333,0.2,0.2,0.5,0.0,0.3333333333333333,0.1,0.1,0.5,0.0,1.0
serverless__serverless-2748,serverless/serverless,JavaScript,devstral-small-2:24b/content,content,11,True,39.205825625000216,3,2,1,7,0.3333333333333333,1.0,1.0,0.5,0.0,0.3333333333333333,0.3333333333333333,0.3333333333333333,0.5,0.0,0.3333333333333333,0.2,0.2,0.5,0.0,0.3333333333333333,0.1,0.14285714285714285,0.5,0.0,1.0
serverless__serverless-2624,serverless/serverless,JavaScript,devstral-small-2:24b/paths,paths,11,True,5.626085417000468,2,1,1,8,0.0,0.0,0.0,0.0,0.0,0.0,0.0,0.0,0.0,0.0,0.0,0.0,0.0,0.0,0.0,0.0,0.0,0.0,0.0,0.0,0.0
serverless__serverless-2624,serverless/serverless,JavaScript,devstral-small-2:24b/content,content,11,True,35.644755082999836,2,1,1,5,0.0,0.0,0.0,0.0,0.0,0.0,0.0,0.0,0.0,0.0,0.0,0.0,0.0,0.0,0.0,0.0,0.0,0.0,0.0,0.0,0.0
microsoft__vscode-114208,microsoft/vscode,TypeScript,devstral-small-2:24b/paths,paths,11,True,7.379666040999837,2,1,1,4,0.5,1.0,1.0,0.0,1.0,0.5,0.3333333333333333,0.3333333333333333,0.0,1.0,0.5,0.2,0.25,0.0,1.0,0.5,0.1,0.25,0.0,1.0,1.0
microsoft__vscode-114208,microsoft/vscode,TypeScript,devstral-small-2:24b/content,content,11,True,40.634161834000224,2,1,1,10,0.5,1.0,1.0,0.0,1.0,0.5,0.3333333333333333,0.3333333333333333,0.0,1.0,0.5,0.2,0.2,0.0,1.0,0.5,0.1,0.1,0.0,1.0,1.0
microsoft__vscode-127257,microsoft/vscode,TypeScript,devstral-small-2:24b/paths,paths,11,True,7.847365875000833,3,2,1,10,0.0,0.0,0.0,0.0,0.0,0.6666666666666666,0.6666666666666666,0.6666666666666666,0.5,1.0,0.6666666666666666,0.4,0.4,0.5,1.0,1.0,0.3,0.3,1.0,1.0,0.5
microsoft__vscode-127257,microsoft/vscode,TypeScript,devstral-small-2:24b/paths,paths,29,True,2.7934151250001378,3,2,1,10,0.3333333333333333,1.0,1.0,0.5,0.0,0.6666666666666666,0.6666666666666666,0.6666666666666666,0.5,1.0,0.6666666666666666,0.4,0.4,0.5,1.0,1.0,0.3,0.3,1.0,1.0,1.0
microsoft__vscode-127257,microsoft/vscode,TypeScript,devstral-small-2:24b/paths,paths,47,False,2.65309383299973,3,2,1,0,0.0,0.0,0.0,0.0,0.0,0.0,0.0,0.0,0.0,0.0,0.0,0.0,0.0,0.0,0.0,0.0,0.0,0.0,0.0,0.0,0.0
microsoft__vscode-127257,microsoft/vscode,TypeScript,devstral-small-2:24b/content,content,11,True,41.21760066599927,3,2,1,5,0.0,0.0,0.0,0.0,0.0,0.6666666666666666,0.6666666666666666,0.6666666666666666,0.5,1.0,1.0,0.6,0.6,1.0,1.0,1.0,0.3,0.6,1.0,1.0,0.5
microsoft__vscode-127257,microsoft/vscode,TypeScript,devstral-small-2:24b/content,content,29,True,1.7775934169994798,3,2,1,5,0.0,0.0,0.0,0.0,0.0,0.6666666666666666,0.6666666666666666,0.6666666666666666,0.5,1.0,1.0,0.6,0.6,1.0,1.0,1.0,0.3,0.6,1.0,1.0,0.5
microsoft__vscode-127257,microsoft/vscode,TypeScript,devstral-small-2:24b/content,content,47,True,1.5967016670001613,3,2,1,5,0.3333333333333333,1.0,1.0,0.5,0.0,0.6666666666666666,0.6666666666666666,0.6666666666666666,0.5,1.0,1.0,0.6,0.6,1.0,1.0,1.0,0.3,0.6,1.0,1.0,1.0
microsoft__vscode-128931,microsoft/vscode,TypeScript,devstral-small-2:24b/paths,paths,11,True,8.304305749999912,3,2,1,10,0.0,0.0,0.0,0.0,0.0,0.0,0.0,0.0,0.0,0.0,0.0,0.0,0.0,0.0,0.0,0.0,0.0,0.0,0.0,0.0,0.0
microsoft__vscode-128931,microsoft/vscode,TypeScript,devstral-small-2:24b/content,content,11,True,58.83392033400014,3,2,1,4,0.0,0.0,0.0,0.0,0.0,0.0,0.0,0.0,0.0,0.0,0.0,0.0,0.0,0.0,0.0,0.0,0.0,0.0,0.0,0.0,0.0
microsoft__vscode-146962,microsoft/vscode,TypeScript,devstral-small-2:24b/paths,paths,11,True,8.312192749999667,11,8,3,10,0.0,0.0,0.0,0.0,0.0,0.0,0.0,0.0,0.0,0.0,0.0,0.0,0.0,0.0,0.0,0.0,0.0,0.0,0.0,0.0,0.0
microsoft__vscode-146962,microsoft/vscode,TypeScript,devstral-small-2:24b/content,content,11,True,47.81555591599954,11,8,3,10,0.0,0.0,0.0,0.0,0.0,0.0,0.0,0.0,0.0,0.0,0.0,0.0,0.0,0.0,0.0,0.0,0.0,0.0,0.0,0.0,0.0
microsoft__vscode-152802,microsoft/vscode,TypeScript,devstral-small-2:24b/paths,paths,11,True,7.08606354100084,5,4,1,10,0.2,1.0,1.0,0.25,0.0,0.4,0.6666666666666666,0.6666666666666666,0.5,0.0,0.4,0.4,0.4,0.5,0.0,0.6,0.3,0.3,0.5,1.0,1.0
microsoft__vscode-152802,microsoft/vscode,TypeScript,devstral-small-2:24b/content,content,11,True,41.29741079199994,5,4,1,10,0.2,1.0,1.0,0.25,0.0,0.6,1.0,1.0,0.5,1.0,0.6,0.6,0.6,0.5,1.0,0.6,0.3,0.3,0.5,1.0,1.0
microsoft__vscode-155261,microsoft/vscode,TypeScript,devstral-small-2:24b/paths,paths,11,True,7.583661292000215,3,2,1,10,0.0,0.0,0.0,0.0,0.0,0.3333333333333333,0.3333333333333333,0.3333333333333333,0.5,0.0,0.3333333333333333,0.2,0.2,0.5,0.0,0.3333333333333333,0.1,0.1,0.5,0.0,0.5
microsoft__vscode-155261,microsoft/vscode,TypeScript,devstral-small-2:24b/content,content,11,True,36.5744682909999,3,2,1,3,0.3333333333333333,1.0,1.0,0.5,0.0,0.3333333333333333,0.3333333333333333,0.3333333333333333,0.5,0.0,0.3333333333333333,0.2,0.3333333333333333,0.5,0.0,0.3333333333333333,0.1,0.3333333333333333,0.5,0.0,1.0
microsoft__vscode-156733,microsoft/vscode,TypeScript,devstral-small-2:24b/paths,paths,11,True,6.835579333000169,7,6,1,10,0.0,0.0,0.0,0.0,0.0,0.0,0.0,0.0,0.0,0.0,0.0,0.0,0.0,0.0,0.0,0.0,0.0,0.0,0.0,0.0,0.0
microsoft__vscode-156733,microsoft/vscode,TypeScript,devstral-small-2:24b/content,content,11,True,37.26724862500032,7,6,1,10,0.14285714285714285,1.0,1.0,0.16666666666666666,0.0,0.14285714285714285,0.3333333333333333,0.3333333333333333,0.16666666666666666,0.0,0.14285714285714285,0.2,0.2,0.16666666666666666,0.0,0.14285714285714285,0.1,0.1,0.16666666666666666,0.0,1.0
microsoft__vscode-165197,microsoft/vscode,TypeScript,devstral-small-2:24b/paths,paths,11,True,6.963883833000182,5,4,1,10,0.2,1.0,1.0,0.25,0.0,0.6,1.0,1.0,0.5,1.0,0.8,0.8,0.8,0.75,1.0,0.8,0.4,0.4,0.75,1.0,1.0
microsoft__vscode-165197,microsoft/vscode,TypeScript,devstral-small-2:24b/paths,paths,29,True,2.6445582090000244,5,4,1,10,0.2,1.0,1.0,0.25,0.0,0.6,1.0,1.0,0.5,1.0,0.6,0.6,0.6,0.5,1.0,0.8,0.4,0.4,0.75,1.0,1.0
microsoft__vscode-165197,microsoft/vscode,TypeScript,devstral-small-2:24b/paths,paths,47,True,2.410265665999759,5,4,1,10,0.2,1.0,1.0,0.25,0.0,0.6,1.0,1.0,0.5,1.0,0.8,0.8,0.8,0.75,1.0,0.8,0.4,0.4,0.75,1.0,1.0
microsoft__vscode-165197,microsoft/vscode,TypeScript,devstral-small-2:24b/content,content,11,True,37.31789412499984,5,4,1,10,0.2,1.0,1.0,0.25,0.0,0.4,0.6666666666666666,0.6666666666666666,0.5,0.0,0.6,0.6,0.6,0.5,1.0,0.8,0.4,0.4,0.75,1.0,1.0
microsoft__vscode-165197,microsoft/vscode,TypeScript,devstral-small-2:24b/content,content,29,True,2.776517708999563,5,4,1,10,0.2,1.0,1.0,0.25,0.0,0.4,0.6666666666666666,0.6666666666666666,0.5,0.0,0.6,0.6,0.6,0.5,1.0,0.8,0.4,0.4,0.75,1.0,1.0
microsoft__vscode-165197,microsoft/vscode,TypeScript,devstral-small-2:24b/content,content,47,True,2.655528750000485,5,4,1,10,0.2,1.0,1.0,0.25,0.0,0.6,1.0,1.0,0.75,0.0,0.8,0.8,0.8,0.75,1.0,0.8,0.4,0.4,0.75,1.0,1.0
microsoft__vscode-168788,microsoft/vscode,TypeScript,devstral-small-2:24b/paths,paths,11,True,6.736827624999933,4,3,1,10,0.0,0.0,0.0,0.0,0.0,0.0,0.0,0.0,0.0,0.0,0.0,0.0,0.0,0.0,0.0,0.0,0.0,0.0,0.0,0.0,0.0
microsoft__vscode-168788,microsoft/vscode,TypeScript,devstral-small-2:24b/content,content,11,True,38.90760912499991,4,3,1,3,0.0,0.0,0.0,0.0,0.0,0.0,0.0,0.0,0.0,0.0,0.0,0.0,0.0,0.0,0.0,0.0,0.0,0.0,0.0,0.0,0.0
microsoft__vscode-178291,microsoft/vscode,TypeScript,devstral-small-2:24b/paths,paths,11,True,7.919934375000594,2,1,1,10,0.0,0.0,0.0,0.0,0.0,0.0,0.0,0.0,0.0,0.0,0.0,0.0,0.0,0.0,0.0,0.0,0.0,0.0,0.0,0.0,0.0
microsoft__vscode-178291,microsoft/vscode,TypeScript,devstral-small-2:24b/content,content,11,True,40.571654290999504,2,1,1,10,0.0,0.0,0.0,0.0,0.0,0.0,0.0,0.0,0.0,0.0,0.0,0.0,0.0,0.0,0.0,0.0,0.0,0.0,0.0,0.0,0.0
microsoft__vscode-178513,microsoft/vscode,TypeScript,devstral-small-2:24b/paths,paths,11,True,7.528958625000087,2,1,1,10,0.0,0.0,0.0,0.0,0.0,0.0,0.0,0.0,0.0,0.0,0.0,0.0,0.0,0.0,0.0,0.0,0.0,0.0,0.0,0.0,0.0
microsoft__vscode-178513,microsoft/vscode,TypeScript,devstral-small-2:24b/content,content,11,True,33.584851999999955,2,1,1,10,0.0,0.0,0.0,0.0,0.0,0.0,0.0,0.0,0.0,0.0,0.0,0.0,0.0,0.0,0.0,0.0,0.0,0.0,0.0,0.0,0.0
microsoft__vscode-178694,microsoft/vscode,TypeScript,devstral-small-2:24b/paths,paths,11,True,9.174939749999794,2,1,1,10,0.0,0.0,0.0,0.0,0.0,0.0,0.0,0.0,0.0,0.0,0.0,0.0,0.0,0.0,0.0,0.0,0.0,0.0,0.0,0.0,0.0
microsoft__vscode-178694,microsoft/vscode,TypeScript,devstral-small-2:24b/content,content,11,True,37.847451208000166,2,1,1,3,0.0,0.0,0.0,0.0,0.0,0.0,0.0,0.0,0.0,0.0,0.0,0.0,0.0,0.0,0.0,0.0,0.0,0.0,0.0,0.0,0.0
microsoft__vscode-182669,microsoft/vscode,TypeScript,devstral-small-2:24b/paths,paths,11,True,6.992354791999787,9,5,4,10,0.0,0.0,0.0,0.0,0.0,0.2222222222222222,0.6666666666666666,0.6666666666666666,0.4,0.0,0.2222222222222222,0.4,0.4,0.4,0.0,0.2222222222222222,0.2,0.2,0.4,0.0,0.5
microsoft__vscode-182669,microsoft/vscode,TypeScript,devstral-small-2:24b/content,content,11,True,39.30986429099994,9,5,4,2,0.1111111111111111,1.0,1.0,0.2,0.0,0.2222222222222222,0.6666666666666666,1.0,0.4,0.0,0.2222222222222222,0.4,1.0,0.4,0.0,0.2222222222222222,0.2,1.0,0.4,0.0,1.0
microsoft__vscode-190351,microsoft/vscode,TypeScript,devstral-small-2:24b/paths,paths,11,True,6.07162391699967,2,1,1,7,0.0,0.0,0.0,0.0,0.0,0.0,0.0,0.0,0.0,0.0,0.0,0.0,0.0,0.0,0.0,0.0,0.0,0.0,0.0,0.0,0.0
microsoft__vscode-190351,microsoft/vscode,TypeScript,devstral-small-2:24b/content,content,11,True,40.06496108400006,2,1,1,5,0.0,0.0,0.0,0.0,0.0,0.0,0.0,0.0,0.0,0.0,0.0,0.0,0.0,0.0,0.0,0.0,0.0,0.0,0.0,0.0,0.0
microsoft__vscode-191602,microsoft/vscode,TypeScript,devstral-small-2:24b/paths,paths,11,True,4.699998458999289,2,1,1,3,0.0,0.0,0.0,0.0,0.0,0.0,0.0,0.0,0.0,0.0,0.0,0.0,0.0,0.0,0.0,0.0,0.0,0.0,0.0,0.0,0.0
microsoft__vscode-191602,microsoft/vscode,TypeScript,devstral-small-2:24b/content,content,11,True,41.21239679200062,2,1,1,10,0.0,0.0,0.0,0.0,0.0,0.0,0.0,0.0,0.0,0.0,0.0,0.0,0.0,0.0,0.0,0.0,0.0,0.0,0.0,0.0,0.0
mui__material-ui-11446,mui/material-ui,TypeScript,devstral-small-2:24b/paths,paths,11,True,7.828854624999622,4,3,1,10,0.25,1.0,1.0,0.3333333333333333,0.0,0.5,0.6666666666666666,0.6666666666666666,0.3333333333333333,1.0,0.5,0.4,0.4,0.3333333333333333,1.0,0.75,0.3,0.3,0.6666666666666666,1.0,1.0
mui__material-ui-11446,mui/material-ui,TypeScript,devstral-small-2:24b/content,content,11,True,38.77268712499972,4,3,1,5,0.25,1.0,1.0,0.3333333333333333,0.0,0.5,0.6666666666666666,0.6666666666666666,0.3333333333333333,1.0,0.75,0.6,0.6,0.6666666666666666,1.0,0.75,0.3,0.6,0.6666666666666666,1.0,1.0
mui__material-ui-13828,mui/material-ui,TypeScript,devstral-small-2:24b/paths,paths,11,True,7.111881541999537,4,3,1,3,0.25,1.0,1.0,0.3333333333333333,0.0,0.75,1.0,1.0,0.6666666666666666,1.0,0.75,0.6,1.0,0.6666666666666666,1.0,0.75,0.3,1.0,0.6666666666666666,1.0,1.0
mui__material-ui-13828,mui/material-ui,TypeScript,devstral-small-2:24b/content,content,11,True,38.38942287499958,4,3,1,3,0.25,1.0,1.0,0.3333333333333333,0.0,0.75,1.0,1.0,0.6666666666666666,1.0,0.75,0.6,1.0,0.6666666666666666,1.0,0.75,0.3,1.0,0.6666666666666666,1.0,1.0
mui__material-ui-13899,mui/material-ui,TypeScript,devstral-small-2:24b/paths,paths,11,True,7.419240041000194,7,5,2,10,0.14285714285714285,1.0,1.0,0.2,0.0,0.2857142857142857,0.6666666666666666,0.6666666666666666,0.2,0.5,0.5714285714285714,0.8,0.8,0.4,1.0,0.5714285714285714,0.4,0.4,0.4,1.0,1.0
mui__material-ui-13899,mui/material-ui,TypeScript,devstral-small-2:24b/content,content,11,True,36.235598249999384,7,5,2,10,0.14285714285714285,1.0,1.0,0.2,0.0,0.2857142857142857,0.6666666666666666,0.6666666666666666,0.2,0.5,0.5714285714285714,0.8,0.8,0.4,1.0,0.5714285714285714,0.4,0.4,0.4,1.0,1.0
mui__material-ui-14465,mui/material-ui,TypeScript,devstral-small-2:24b/paths,paths,11,True,7.395474500000091,13,10,3,5,0.0,0.0,0.0,0.0,0.0,0.0,0.0,0.0,0.0,0.0,0.0,0.0,0.0,0.0,0.0,0.0,0.0,0.0,0.0,0.0,0.0
mui__material-ui-14465,mui/material-ui,TypeScript,devstral-small-2:24b/content,content,11,True,39.0178690419998,13,10,3,2,0.0,0.0,0.0,0.0,0.0,0.0,0.0,0.0,0.0,0.0,0.0,0.0,0.0,0.0,0.0,0.0,0.0,0.0,0.0,0.0,0.0
mui__material-ui-15495,mui/material-ui,TypeScript,devstral-small-2:24b/paths,paths,11,True,8.493381708000015,4,3,1,10,0.0,0.0,0.0,0.0,0.0,0.0,0.0,0.0,0.0,0.0,0.0,0.0,0.0,0.0,0.0,0.0,0.0,0.0,0.0,0.0,0.0
mui__material-ui-15495,mui/material-ui,TypeScript,devstral-small-2:24b/content,content,11,True,36.01523095799985,4,3,1,10,0.0,0.0,0.0,0.0,0.0,0.0,0.0,0.0,0.0,0.0,0.0,0.0,0.0,0.0,0.0,0.0,0.0,0.0,0.0,0.0,0.0
mui__material-ui-17005,mui/material-ui,TypeScript,devstral-small-2:24b/paths,paths,11,True,6.597150125000553,2,1,1,10,0.0,0.0,0.0,0.0,0.0,0.0,0.0,0.0,0.0,0.0,0.0,0.0,0.0,0.0,0.0,0.0,0.0,0.0,0.0,0.0,0.0
mui__material-ui-17005,mui/material-ui,TypeScript,devstral-small-2:24b/content,content,11,True,42.058606874999896,2,1,1,10,0.0,0.0,0.0,0.0,0.0,0.0,0.0,0.0,0.0,0.0,0.0,0.0,0.0,0.0,0.0,0.0,0.0,0.0,0.0,0.0,0.0
mui__material-ui-17640,mui/material-ui,TypeScript,devstral-small-2:24b/paths,paths,11,True,6.473492208000607,5,3,2,5,0.2,1.0,1.0,0.3333333333333333,0.0,0.4,0.6666666666666666,0.6666666666666666,0.6666666666666666,0.0,0.4,0.4,0.4,0.6666666666666666,0.0,0.4,0.2,0.4,0.6666666666666666,0.0,1.0
mui__material-ui-17640,mui/material-ui,TypeScript,devstral-small-2:24b/content,content,11,True,34.641682708999724,5,3,2,4,0.2,1.0,1.0,0.3333333333333333,0.0,0.2,0.3333333333333333,0.3333333333333333,0.3333333333333333,0.0,0.4,0.4,0.5,0.6666666666666666,0.0,0.4,0.2,0.5,0.6666666666666666,0.0,1.0
mui__material-ui-17691,mui/material-ui,TypeScript,devstral-small-2:24b/paths,paths,11,True,6.9023579170007,9,5,4,10,0.0,0.0,0.0,0.0,0.0,0.1111111111111111,0.3333333333333333,0.3333333333333333,0.2,0.0,0.3333333333333333,0.6,0.6,0.4,0.25,0.4444444444444444,0.4,0.4,0.6,0.25,0.3333333333333333
mui__material-ui-17691,mui/material-ui,TypeScript,devstral-small-2:24b/paths,paths,29,True,2.4908492089998617,9,5,4,10,0.0,0.0,0.0,0.0,0.0,0.1111111111111111,0.3333333333333333,0.3333333333333333,0.2,0.0,0.3333333333333333,0.6,0.6,0.4,0.25,0.4444444444444444,0.4,0.4,0.6,0.25,0.3333333333333333
mui__material-ui-17691,mui/material-ui,TypeScript,devstral-small-2:24b/paths,paths,47,True,1.7271734169999036,9,5,4,8,0.0,0.0,0.0,0.0,0.0,0.1111111111111111,0.3333333333333333,0.3333333333333333,0.2,0.0,0.3333333333333333,0.6,0.6,0.4,0.25,0.4444444444444444,0.4,0.5,0.6,0.25,0.3333333333333333
mui__material-ui-17691,mui/material-ui,TypeScript,devstral-small-2:24b/content,content,11,True,36.5448257500002,9,5,4,10,0.0,0.0,0.0,0.0,0.0,0.0,0.0,0.0,0.0,0.0,0.1111111111111111,0.2,0.2,0.0,0.25,0.4444444444444444,0.4,0.4,0.6,0.25,0.2
mui__material-ui-17691,mui/material-ui,TypeScript,devstral-small-2:24b/content,content,29,True,2.5625398749998567,9,5,4,10,0.0,0.0,0.0,0.0,0.0,0.0,0.0,0.0,0.0,0.0,0.1111111111111111,0.2,0.2,0.0,0.25,0.4444444444444444,0.4,0.4,0.6,0.25,0.2
mui__material-ui-17691,mui/material-ui,TypeScript,devstral-small-2:24b/content,content,47,True,2.3447047919999022,9,5,4,10,0.1111111111111111,1.0,1.0,0.2,0.0,0.1111111111111111,0.3333333333333333,0.3333333333333333,0.2,0.0,0.2222222222222222,0.4,0.4,0.2,0.25,0.4444444444444444,0.4,0.4,0.6,0.25,1.0
mui__material-ui-17829,mui/material-ui,TypeScript,devstral-small-2:24b/paths,paths,11,True,6.841157500000008,3,2,1,10,0.0,0.0,0.0,0.0,0.0,0.0,0.0,0.0,0.0,0.0,0.0,0.0,0.0,0.0,0.0,0.0,0.0,0.0,0.0,0.0,0.0
mui__material-ui-17829,mui/material-ui,TypeScript,devstral-small-2:24b/content,content,11,True,36.124225042000035,3,2,1,10,0.0,0.0,0.0,0.0,0.0,0.0,0.0,0.0,0.0,0.0,0.0,0.0,0.0,0.0,0.0,0.0,0.0,0.0,0.0,0.0,0.0
mui__material-ui-18744,mui/material-ui,TypeScript,devstral-small-2:24b/paths,paths,11,True,5.894717459000276,5,4,1,10,0.2,1.0,1.0,0.25,0.0,0.2,0.3333333333333333,0.3333333333333333,0.25,0.0,0.2,0.2,0.2,0.25,0.0,0.4,0.2,0.2,0.5,0.0,1.0
mui__material-ui-18744,mui/material-ui,TypeScript,devstral-small-2:24b/content,content,11,True,33.39434841699949,5,4,1,6,0.2,1.0,1.0,0.25,0.0,0.2,0.3333333333333333,0.3333333333333333,0.25,0.0,0.2,0.2,0.2,0.25,0.0,0.2,0.1,0.16666666666666666,0.25,0.0,1.0
mui__material-ui-20133,mui/material-ui,TypeScript,devstral-small-2:24b/paths,paths,11,True,7.734927499999685,9,7,2,10,0.1111111111111111,1.0,1.0,0.14285714285714285,0.0,0.3333333333333333,1.0,1.0,0.42857142857142855,0.0,0.5555555555555556,1.0,1.0,0.7142857142857143,0.0,0.7777777777777778,0.7,0.7,0.8571428571428571,0.5,1.0
mui__material-ui-20133,mui/material-ui,TypeScript,devstral-small-2:24b/content,content,11,True,39.028120625000156,9,7,2,10,0.1111111111111111,1.0,1.0,0.14285714285714285,0.0,0.3333333333333333,1.0,1.0,0.2857142857142857,0.5,0.5555555555555556,1.0,1.0,0.5714285714285714,0.5,0.6666666666666666,0.6,0.6,0.7142857142857143,0.5,1.0
mui__material-ui-20781,mui/material-ui,TypeScript,devstral-small-2:24b/paths,paths,11,True,7.994662666000295,4,3,1,10,0.25,1.0,1.0,0.3333333333333333,0.0,0.25,0.3333333333333333,0.3333333333333333,0.3333333333333333,0.0,0.25,0.2,0.2,0.3333333333333333,0.0,0.25,0.1,0.1,0.3333333333333333,0.0,1.0
mui__material-ui-20781,mui/material-ui,TypeScript,devstral-small-2:24b/paths,paths,29,True,2.6636538329994437,4,3,1,10,0.25,1.0,1.0,0.3333333333333333,0.0,0.25,0.3333333333333333,0.3333333333333333,0.3333333333333333,0.0,0.25,0.2,0.2,0.3333333333333333,0.0,0.25,0.1,0.1,0.3333333333333333,0.0,1.0
mui__material-ui-20781,mui/material-ui,TypeScript,devstral-small-2:24b/paths,paths,47,True,2.4195672920004654,4,3,1,10,0.25,1.0,1.0,0.3333333333333333,0.0,0.25,0.3333333333333333,0.3333333333333333,0.3333333333333333,0.0,0.25,0.2,0.2,0.3333333333333333,0.0,0.25,0.1,0.1,0.3333333333333333,0.0,1.0
mui__material-ui-20781,mui/material-ui,TypeScript,devstral-small-2:24b/content,content,11,True,35.91060537499925,4,3,1,10,0.25,1.0,1.0,0.3333333333333333,0.0,0.25,0.3333333333333333,0.3333333333333333,0.3333333333333333,0.0,0.25,0.2,0.2,0.3333333333333333,0.0,0.25,0.1,0.1,0.3333333333333333,0.0,1.0
mui__material-ui-20781,mui/material-ui,TypeScript,devstral-small-2:24b/content,content,29,True,2.7218502499999886,4,3,1,10,0.25,1.0,1.0,0.3333333333333333,0.0,0.25,0.3333333333333333,0.3333333333333333,0.3333333333333333,0.0,0.25,0.2,0.2,0.3333333333333333,0.0,0.25,0.1,0.1,0.3333333333333333,0.0,1.0
mui__material-ui-20781,mui/material-ui,TypeScript,devstral-small-2:24b/content,content,47,True,2.57425504099956,4,3,1,10,0.25,1.0,1.0,0.3333333333333333,0.0,0.25,0.3333333333333333,0.3333333333333333,0.3333333333333333,0.0,0.25,0.2,0.2,0.3333333333333333,0.0,0.25,0.1,0.1,0.3333333333333333,0.0,1.0
mui__material-ui-21192,mui/material-ui,TypeScript,devstral-small-2:24b/paths,paths,11,True,11.602130666999983,6,4,2,10,0.16666666666666666,1.0,1.0,0.25,0.0,0.3333333333333333,0.6666666666666666,0.6666666666666666,0.25,0.5,0.5,0.6,0.6,0.5,0.5,0.5,0.3,0.3,0.5,0.5,1.0
mui__material-ui-21192,mui/material-ui,TypeScript,devstral-small-2:24b/content,content,11,True,36.86090608399991,6,4,2,8,0.16666666666666666,1.0,1.0,0.25,0.0,0.3333333333333333,0.6666666666666666,0.6666666666666666,0.25,0.5,0.5,0.6,0.6,0.5,0.5,0.5,0.3,0.375,0.5,0.5,1.0
mui__material-ui-23364,mui/material-ui,TypeScript,devstral-small-2:24b/paths,paths,11,True,8.377461875000336,5,3,2,6,0.2,1.0,1.0,0.3333333333333333,0.0,0.4,0.6666666666666666,0.6666666666666666,0.6666666666666666,0.0,0.6,0.6,0.6,1.0,0.0,0.6,0.3,0.5,1.0,0.0,1.0
mui__material-ui-23364,mui/material-ui,TypeScript,devstral-small-2:24b/content,content,11,True,37.38438049999968,5,3,2,6,0.2,1.0,1.0,0.3333333333333333,0.0,0.2,0.3333333333333333,0.3333333333333333,0.3333333333333333,0.0,0.4,0.4,0.4,0.6666666666666666,0.0,0.6,0.3,0.5,1.0,0.0,1.0
mui__material-ui-26746,mui/material-ui,TypeScript,devstral-small-2:24b/paths,paths,11,True,7.1910292080001454,11,6,5,10,0.09090909090909091,1.0,1.0,0.16666666666666666,0.0,0.2727272727272727,1.0,1.0,0.3333333333333333,0.2,0.2727272727272727,0.6,0.6,0.3333333333333333,0.2,0.36363636363636365,0.4,0.4,0.3333333333333333,0.4,1.0
mui__material-ui-26746,mui/material-ui,TypeScript,devstral-small-2:24b/content,content,11,True,38.67835641700003,11,6,5,10,0.09090909090909091,1.0,1.0,0.16666666666666666,0.0,0.2727272727272727,1.0,1.0,0.3333333333333333,0.2,0.2727272727272727,0.6,0.6,0.3333333333333333,0.2,0.36363636363636365,0.4,0.4,0.3333333333333333,0.4,1.0
mui__material-ui-28813,mui/material-ui,TypeScript,devstral-small-2:24b/paths,paths,11,True,8.721396791999723,4,3,1,10,0.25,1.0,1.0,0.3333333333333333,0.0,0.25,0.3333333333333333,0.3333333333333333,0.3333333333333333,0.0,0.25,0.2,0.2,0.3333333333333333,0.0,0.25,0.1,0.1,0.3333333333333333,0.0,1.0
mui__material-ui-28813,mui/material-ui,TypeScript,devstral-small-2:24b/content,content,11,True,39.65294633400026,4,3,1,10,0.0,0.0,0.0,0.0,0.0,0.25,0.3333333333333333,0.3333333333333333,0.3333333333333333,0.0,0.25,0.2,0.2,0.3333333333333333,0.0,0.25,0.1,0.1,0.3333333333333333,0.0,0.5
mui__material-ui-33312,mui/material-ui,TypeScript,devstral-small-2:24b/paths,paths,11,True,8.211066040999867,10,9,1,10,0.1,1.0,1.0,0.1111111111111111,0.0,0.3,1.0,1.0,0.2222222222222222,1.0,0.3,0.6,0.6,0.2222222222222222,1.0,0.4,0.4,0.4,0.3333333333333333,1.0,1.0
mui__material-ui-33312,mui/material-ui,TypeScript,devstral-small-2:24b/content,content,11,True,38.99672762499995,10,9,1,10,0.1,1.0,1.0,0.1111111111111111,0.0,0.3,1.0,1.0,0.2222222222222222,1.0,0.3,0.6,0.6,0.2222222222222222,1.0,0.4,0.4,0.4,0.3333333333333333,1.0,1.0
mui__material-ui-34138,mui/material-ui,TypeScript,devstral-small-2:24b/paths,paths,11,True,12.174487833000057,10,8,2,10,0.1,1.0,1.0,0.125,0.0,0.3,1.0,1.0,0.25,0.5,0.3,0.6,0.6,0.25,0.5,0.5,0.5,0.5,0.5,0.5,1.0
mui__material-ui-34138,mui/material-ui,TypeScript,devstral-small-2:24b/content,content,11,True,39.10471187500025,10,8,2,10,0.1,1.0,1.0,0.125,0.0,0.3,1.0,1.0,0.375,0.0,0.4,0.8,0.8,0.375,0.5,0.4,0.4,0.4,0.375,0.5,1.0
mui__material-ui-34158,mui/material-ui,TypeScript,devstral-small-2:24b/paths,paths,11,True,6.713814374999856,25,19,6,10,0.0,0.0,0.0,0.0,0.0,0.04,0.3333333333333333,0.3333333333333333,0.0,0.16666666666666666,0.12,0.6,0.6,0.05263157894736842,0.3333333333333333,0.24,0.6,0.6,0.15789473684210525,0.5,0.3333333333333333
mui__material-ui-34158,mui/material-ui,TypeScript,devstral-small-2:24b/content,content,11,True,38.23846062499979,25,19,6,10,0.0,0.0,0.0,0.0,0.0,0.08,0.6666666666666666,0.6666666666666666,0.05263157894736842,0.16666666666666666,0.12,0.6,0.6,0.05263157894736842,0.3333333333333333,0.2,0.5,0.5,0.15789473684210525,0.3333333333333333,0.5
mui__material-ui-34207,mui/material-ui,TypeScript,devstral-small-2:24b/paths,paths,11,True,7.648939083999721,12,11,1,10,0.08333333333333333,1.0,1.0,0.0,1.0,0.16666666666666666,0.6666666666666666,0.6666666666666666,0.09090909090909091,1.0,0.25,0.6,0.6,0.18181818181818182,1.0,0.25,0.3,0.3,0.18181818181818182,1.0,1.0
mui__material-ui-34207,mui/material-ui,TypeScript,devstral-small-2:24b/content,content,11,True,35.993010250000225,12,11,1,5,0.08333333333333333,1.0,1.0,0.0,1.0,0.16666666666666666,0.6666666666666666,0.6666666666666666,0.09090909090909091,1.0,0.16666666666666666,0.4,0.4,0.09090909090909091,1.0,0.16666666666666666,0.2,0.4,0.09090909090909091,1.0,1.0
mui__material-ui-37908,mui/material-ui,TypeScript,devstral-small-2:24b/paths,paths,11,True,8.745459417000347,5,4,1,10,0.0,0.0,0.0,0.0,0.0,0.0,0.0,0.0,0.0,0.0,0.0,0.0,0.0,0.0,0.0,0.0,0.0,0.0,0.0,0.0,0.0
mui__material-ui-37908,mui/material-ui,TypeScript,devstral-small-2:24b/content,content,11,True,38.10146425000039,5,4,1,10,0.0,0.0,0.0,0.0,0.0,0.0,0.0,0.0,0.0,0.0,0.0,0.0,0.0,0.0,0.0,0.0,0.0,0.0,0.0,0.0,0.0
mui__material-ui-38167,mui/material-ui,TypeScript,devstral-small-2:24b/paths,paths,11,True,5.608073375000458,21,19,2,4,0.047619047619047616,1.0,1.0,0.05263157894736842,0.0,0.047619047619047616,0.3333333333333333,0.3333333333333333,0.05263157894736842,0.0,0.09523809523809523,0.4,0.5,0.10526315789473684,0.0,0.09523809523809523,0.2,0.5,0.10526315789473684,0.0,1.0
mui__material-ui-38167,mui/material-ui,TypeScript,devstral-small-2:24b/content,content,11,True,38.03035812500002,21,19,2,5,0.047619047619047616,1.0,1.0,0.05263157894736842,0.0,0.047619047619047616,0.3333333333333333,0.3333333333333333,0.05263157894736842,0.0,0.14285714285714285,0.6,0.6,0.15789473684210525,0.0,0.14285714285714285,0.3,0.6,0.15789473684210525,0.0,1.0
tailwindlabs__tailwindcss-88,tailwindlabs/tailwindcss,TypeScript,devstral-small-2:24b/paths,paths,11,True,11.642938208000487,3,2,1,10,0.0,0.0,0.0,0.0,0.0,0.0,0.0,0.0,0.0,0.0,0.0,0.0,0.0,0.0,0.0,0.0,0.0,0.0,0.0,0.0,0.0
tailwindlabs__tailwindcss-88,tailwindlabs/tailwindcss,TypeScript,devstral-small-2:24b/content,content,11,True,39.13221437500033,3,2,1,10,0.0,0.0,0.0,0.0,0.0,0.3333333333333333,0.3333333333333333,0.3333333333333333,0.5,0.0,0.3333333333333333,0.2,0.2,0.5,0.0,0.6666666666666666,0.2,0.2,1.0,0.0,0.3333333333333333
tailwindlabs__tailwindcss-165,tailwindlabs/tailwindcss,TypeScript,devstral-small-2:24b/paths,paths,11,True,6.522336958000778,2,1,1,10,0.5,1.0,1.0,1.0,0.0,0.5,0.3333333333333333,0.3333333333333333,1.0,0.0,0.5,0.2,0.2,1.0,0.0,1.0,0.2,0.2,1.0,1.0,1.0
tailwindlabs__tailwindcss-165,tailwindlabs/tailwindcss,TypeScript,devstral-small-2:24b/content,content,11,True,32.92264637500011,2,1,1,4,0.5,1.0,1.0,1.0,0.0,0.5,0.3333333333333333,0.3333333333333333,1.0,0.0,0.5,0.2,0.25,1.0,0.0,0.5,0.1,0.25,1.0,0.0,1.0
tailwindlabs__tailwindcss-236,tailwindlabs/tailwindcss,TypeScript,devstral-small-2:24b/paths,paths,11,True,5.839439000000311,2,1,1,10,0.5,1.0,1.0,1.0,0.0,1.0,0.6666666666666666,0.6666666666666666,1.0,1.0,1.0,0.4,0.4,1.0,1.0,1.0,0.2,0.2,1.0,1.0,1.0
tailwindlabs__tailwindcss-236,tailwindlabs/tailwindcss,TypeScript,devstral-small-2:24b/content,content,11,True,35.81221487499988,2,1,1,10,0.5,1.0,1.0,1.0,0.0,1.0,0.6666666666666666,0.6666666666666666,1.0,1.0,1.0,0.4,0.4,1.0,1.0,1.0,0.2,0.2,1.0,1.0,1.0
tailwindlabs__tailwindcss-417,tailwindlabs/tailwindcss,TypeScript,devstral-small-2:24b/paths,paths,11,True,6.0727765000001455,2,1,1,10,0.0,0.0,0.0,0.0,0.0,1.0,0.6666666666666666,0.6666666666666666,1.0,1.0,1.0,0.4,0.4,1.0,1.0,1.0,0.2,0.2,1.0,1.0,0.5
tailwindlabs__tailwindcss-417,tailwindlabs/tailwindcss,TypeScript,devstral-small-2:24b/content,content,11,True,30.546235208000326,2,1,1,10,0.0,0.0,0.0,0.0,0.0,0.5,0.3333333333333333,0.3333333333333333,1.0,0.0,1.0,0.4,0.4,1.0,1.0,1.0,0.2,0.2,1.0,1.0,0.5
tailwindlabs__tailwindcss-445,tailwindlabs/tailwindcss,TypeScript,devstral-small-2:24b/paths,paths,11,True,5.152296459000354,2,1,1,10,0.5,1.0,1.0,1.0,0.0,0.5,0.3333333333333333,0.3333333333333333,1.0,0.0,1.0,0.4,0.4,1.0,1.0,1.0,0.2,0.2,1.0,1.0,1.0
tailwindlabs__tailwindcss-445,tailwindlabs/tailwindcss,TypeScript,devstral-small-2:24b/paths,paths,29,True,1.7718162080000184,2,1,1,6,0.5,1.0,1.0,1.0,0.0,1.0,0.6666666666666666,0.6666666666666666,1.0,1.0,1.0,0.4,0.4,1.0,1.0,1.0,0.2,0.3333333333333333,1.0,1.0,1.0
tailwindlabs__tailwindcss-445,tailwindlabs/tailwindcss,TypeScript,devstral-small-2:24b/paths,paths,47,True,2.315056208999522,2,1,1,10,0.5,1.0,1.0,1.0,0.0,0.5,0.3333333333333333,0.3333333333333333,1.0,0.0,1.0,0.4,0.4,1.0,1.0,1.0,0.2,0.2,1.0,1.0,1.0
tailwindlabs__tailwindcss-445,tailwindlabs/tailwindcss,TypeScript,devstral-small-2:24b/content,content,11,True,27.198094332999972,2,1,1,10,0.5,1.0,1.0,1.0,0.0,0.5,0.3333333333333333,0.3333333333333333,1.0,0.0,1.0,0.4,0.4,1.0,1.0,1.0,0.2,0.2,1.0,1.0,1.0
tailwindlabs__tailwindcss-445,tailwindlabs/tailwindcss,TypeScript,devstral-small-2:24b/content,content,29,True,2.7617232089996833,2,1,1,10,0.5,1.0,1.0,1.0,0.0,0.5,0.3333333333333333,0.3333333333333333,1.0,0.0,0.5,0.2,0.2,1.0,0.0,0.5,0.1,0.1,1.0,0.0,1.0
tailwindlabs__tailwindcss-445,tailwindlabs/tailwindcss,TypeScript,devstral-small-2:24b/content,content,47,True,2.553915208000035,2,1,1,10,0.5,1.0,1.0,1.0,0.0,0.5,0.3333333333333333,0.3333333333333333,1.0,0.0,0.5,0.2,0.2,1.0,0.0,0.5,0.1,0.1,1.0,0.0,1.0
tailwindlabs__tailwindcss-463,tailwindlabs/tailwindcss,TypeScript,devstral-small-2:24b/paths,paths,11,True,5.124263083000187,3,2,1,10,0.0,0.0,0.0,0.0,0.0,0.0,0.0,0.0,0.0,0.0,0.3333333333333333,0.2,0.2,0.0,1.0,0.3333333333333333,0.1,0.1,0.0,1.0,0.2
tailwindlabs__tailwindcss-463,tailwindlabs/tailwindcss,TypeScript,devstral-small-2:24b/content,content,11,True,28.36212437500035,3,2,1,10,0.3333333333333333,1.0,1.0,0.5,0.0,0.6666666666666666,0.6666666666666666,0.6666666666666666,0.5,1.0,0.6666666666666666,0.4,0.4,0.5,1.0,0.6666666666666666,0.2,0.2,0.5,1.0,1.0
tailwindlabs__tailwindcss-553,tailwindlabs/tailwindcss,TypeScript,devstral-small-2:24b/paths,paths,11,True,6.185062000000471,2,1,1,10,0.5,1.0,1.0,0.0,1.0,1.0,0.6666666666666666,0.6666666666666666,1.0,1.0,1.0,0.4,0.4,1.0,1.0,1.0,0.2,0.2,1.0,1.0,1.0
tailwindlabs__tailwindcss-553,tailwindlabs/tailwindcss,TypeScript,devstral-small-2:24b/content,content,11,True,32.28909116700015,2,1,1,10,0.5,1.0,1.0,1.0,0.0,1.0,0.6666666666666666,0.6666666666666666,1.0,1.0,1.0,0.4,0.4,1.0,1.0,1.0,0.2,0.2,1.0,1.0,1.0
tailwindlabs__tailwindcss-849,tailwindlabs/tailwindcss,TypeScript,devstral-small-2:24b/paths,paths,11,True,5.071993582999312,2,1,1,10,0.5,1.0,1.0,1.0,0.0,0.5,0.3333333333333333,0.3333333333333333,1.0,0.0,0.5,0.2,0.2,1.0,0.0,1.0,0.2,0.2,1.0,1.0,1.0
tailwindlabs__tailwindcss-849,tailwindlabs/tailwindcss,TypeScript,devstral-small-2:24b/paths,paths,29,True,2.6065941249999014,2,1,1,10,0.5,1.0,1.0,1.0,0.0,1.0,0.6666666666666666,0.6666666666666666,1.0,1.0,1.0,0.4,0.4,1.0,1.0,1.0,0.2,0.2,1.0,1.0,1.0
tailwindlabs__tailwindcss-849,tailwindlabs/tailwindcss,TypeScript,devstral-small-2:24b/paths,paths,47,True,2.344629000000168,2,1,1,10,0.5,1.0,1.0,1.0,0.0,1.0,0.6666666666666666,0.6666666666666666,1.0,1.0,1.0,0.4,0.4,1.0,1.0,1.0,0.2,0.2,1.0,1.0,1.0
tailwindlabs__tailwindcss-849,tailwindlabs/tailwindcss,TypeScript,devstral-small-2:24b/content,content,11,True,25.39532933299961,2,1,1,10,0.5,1.0,1.0,1.0,0.0,1.0,0.6666666666666666,0.6666666666666666,1.0,1.0,1.0,0.4,0.4,1.0,1.0,1.0,0.2,0.2,1.0,1.0,1.0
tailwindlabs__tailwindcss-849,tailwindlabs/tailwindcss,TypeScript,devstral-small-2:24b/content,content,29,True,2.563924500000212,2,1,1,10,0.5,1.0,1.0,1.0,0.0,1.0,0.6666666666666666,0.6666666666666666,1.0,1.0,1.0,0.4,0.4,1.0,1.0,1.0,0.2,0.2,1.0,1.0,1.0
tailwindlabs__tailwindcss-849,tailwindlabs/tailwindcss,TypeScript,devstral-small-2:24b/content,content,47,True,2.3760717499999373,2,1,1,10,0.5,1.0,1.0,1.0,0.0,1.0,0.6666666666666666,0.6666666666666666,1.0,1.0,1.0,0.4,0.4,1.0,1.0,1.0,0.2,0.2,1.0,1.0,1.0
coder__code-server-4597,coder/code-server,TypeScript,devstral-small-2:24b/paths,paths,11,True,4.996185999999398,8,7,1,10,0.0,0.0,0.0,0.0,0.0,0.0,0.0,0.0,0.0,0.0,0.0,0.0,0.0,0.0,0.0,0.0,0.0,0.0,0.0,0.0,0.0
coder__code-server-4597,coder/code-server,TypeScript,devstral-small-2:24b/content,content,11,True,36.34288333299992,8,7,1,10,0.0,0.0,0.0,0.0,0.0,0.0,0.0,0.0,0.0,0.0,0.0,0.0,0.0,0.0,0.0,0.0,0.0,0.0,0.0,0.0,0.0
coder__code-server-4678,coder/code-server,TypeScript,devstral-small-2:24b/paths,paths,11,True,5.1043807500000185,16,12,4,10,0.0,0.0,0.0,0.0,0.0,0.0625,0.3333333333333333,0.3333333333333333,0.08333333333333333,0.0,0.125,0.4,0.4,0.16666666666666666,0.0,0.1875,0.3,0.3,0.25,0.0,0.3333333333333333
coder__code-server-4678,coder/code-server,TypeScript,devstral-small-2:24b/paths,paths,29,True,2.5986784169999737,16,12,4,10,0.0,0.0,0.0,0.0,0.0,0.0625,0.3333333333333333,0.3333333333333333,0.08333333333333333,0.0,0.125,0.4,0.4,0.16666666666666666,0.0,0.1875,0.3,0.3,0.25,0.0,0.3333333333333333
coder__code-server-4678,coder/code-server,TypeScript,devstral-small-2:24b/paths,paths,47,True,2.288612583000031,16,12,4,10,0.0,0.0,0.0,0.0,0.0,0.0625,0.3333333333333333,0.3333333333333333,0.08333333333333333,0.0,0.125,0.4,0.4,0.16666666666666666,0.0,0.1875,0.3,0.3,0.25,0.0,0.3333333333333333
coder__code-server-4678,coder/code-server,TypeScript,devstral-small-2:24b/content,content,11,True,34.9178609999999,16,12,4,10,0.0,0.0,0.0,0.0,0.0,0.0625,0.3333333333333333,0.3333333333333333,0.08333333333333333,0.0,0.0625,0.2,0.2,0.08333333333333333,0.0,0.0625,0.1,0.1,0.08333333333333333,0.0,0.3333333333333333
coder__code-server-4678,coder/code-server,TypeScript,devstral-small-2:24b/content,content,29,True,2.491709541999626,16,12,4,10,0.0,0.0,0.0,0.0,0.0,0.0625,0.3333333333333333,0.3333333333333333,0.08333333333333333,0.0,0.0625,0.2,0.2,0.08333333333333333,0.0,0.1875,0.3,0.3,0.25,0.0,0.3333333333333333
coder__code-server-4678,coder/code-server,TypeScript,devstral-small-2:24b/content,content,47,True,2.3811602910000147,16,12,4,10,0.0,0.0,0.0,0.0,0.0,0.0625,0.3333333333333333,0.3333333333333333,0.08333333333333333,0.0,0.0625,0.2,0.2,0.08333333333333333,0.0,0.1875,0.3,0.3,0.25,0.0,0.3333333333333333
coder__code-server-4923,coder/code-server,TypeScript,devstral-small-2:24b/paths,paths,11,True,5.395686875000138,4,2,2,10,0.25,1.0,1.0,0.5,0.0,0.25,0.3333333333333333,0.3333333333333333,0.5,0.0,0.5,0.4,0.4,0.5,0.5,0.75,0.3,0.3,1.0,0.5,1.0
coder__code-server-4923,coder/code-server,TypeScript,devstral-small-2:24b/paths,paths,29,True,2.4867472089999865,4,2,2,10,0.25,1.0,1.0,0.5,0.0,0.5,0.6666666666666666,0.6666666666666666,0.5,0.5,0.5,0.4,0.4,0.5,0.5,0.75,0.3,0.3,1.0,0.5,1.0
coder__code-server-4923,coder/code-server,TypeScript,devstral-small-2:24b/paths,paths,47,True,2.2433971669997845,4,2,2,10,0.25,1.0,1.0,0.5,0.0,0.5,0.6666666666666666,0.6666666666666666,0.5,0.5,0.5,0.4,0.4,0.5,0.5,0.75,0.3,0.3,1.0,0.5,1.0
coder__code-server-4923,coder/code-server,TypeScript,devstral-small-2:24b/content,content,11,True,36.02478745799999,4,2,2,5,0.25,1.0,1.0,0.5,0.0,0.5,0.6666666666666666,0.6666666666666666,0.5,0.5,1.0,0.8,0.8,1.0,1.0,1.0,0.4,0.8,1.0,1.0,1.0
coder__code-server-4923,coder/code-server,TypeScript,devstral-small-2:24b/content,content,29,True,2.53389320900078,4,2,2,10,0.25,1.0,1.0,0.5,0.0,0.5,0.6666666666666666,0.6666666666666666,0.5,0.5,0.75,0.6,0.6,0.5,1.0,0.75,0.3,0.3,0.5,1.0,1.0
coder__code-server-4923,coder/code-server,TypeScript,devstral-small-2:24b/content,content,47,True,1.2299837919999845,4,2,2,5,0.25,1.0,1.0,0.5,0.0,0.5,0.6666666666666666,0.6666666666666666,0.5,0.5,1.0,0.8,0.8,1.0,1.0,1.0,0.4,0.8,1.0,1.0,1.0
coder__code-server-5633,coder/code-server,TypeScript,devstral-small-2:24b/paths,paths,11,True,5.280466125000203,5,3,2,10,0.2,1.0,1.0,0.3333333333333333,0.0,0.4,0.6666666666666666,0.6666666666666666,0.6666666666666666,0.0,0.6,0.6,0.6,1.0,0.0,0.8,0.4,0.4,1.0,0.5,1.0
coder__code-server-5633,coder/code-server,TypeScript,devstral-small-2:24b/content,content,11,True,36.51506437500029,5,3,2,10,0.2,1.0,1.0,0.3333333333333333,0.0,0.4,0.6666666666666666,0.6666666666666666,0.6666666666666666,0.0,0.6,0.6,0.6,1.0,0.0,0.6,0.3,0.3,1.0,0.0,1.0
coder__code-server-6115,coder/code-server,TypeScript,devstral-small-2:24b/paths,paths,11,True,5.613198291999652,2,1,1,10,0.0,0.0,0.0,0.0,0.0,0.5,0.3333333333333333,0.3333333333333333,1.0,0.0,0.5,0.2,0.2,1.0,0.0,0.5,0.1,0.1,1.0,0.0,0.5
coder__code-server-6115,coder/code-server,TypeScript,devstral-small-2:24b/content,content,11,True,35.29209279099996,2,1,1,10,0.0,0.0,0.0,0.0,0.0,0.0,0.0,0.0,0.0,0.0,0.0,0.0,0.0,0.0,0.0,0.0,0.0,0.0,0.0,0.0,0.0
coder__code-server-6225,coder/code-server,TypeScript,devstral-small-2:24b/paths,paths,11,True,6.536216458000126,6,5,1,10,0.16666666666666666,1.0,1.0,0.2,0.0,0.16666666666666666,0.3333333333333333,0.3333333333333333,0.2,0.0,0.16666666666666666,0.2,0.2,0.2,0.0,0.5,0.3,0.3,0.4,1.0,1.0
coder__code-server-6225,coder/code-server,TypeScript,devstral-small-2:24b/content,content,11,True,38.63724033299968,6,5,1,10,0.16666666666666666,1.0,1.0,0.2,0.0,0.5,1.0,1.0,0.4,1.0,0.5,0.6,0.6,0.4,1.0,0.5,0.3,0.3,0.4,1.0,1.0
coder__code-server-6423,coder/code-server,TypeScript,devstral-small-2:24b/paths,paths,11,True,6.431035208000139,2,1,1,10,0.5,1.0,1.0,1.0,0.0,1.0,0.6666666666666666,0.6666666666666666,1.0,1.0,1.0,0.4,0.4,1.0,1.0,1.0,0.2,0.2,1.0,1.0,1.0
coder__code-server-6423,coder/code-server,TypeScript,devstral-small-2:24b/content,content,11,True,37.32429937500001,2,1,1,5,0.5,1.0,1.0,1.0,0.0,1.0,0.6666666666666666,0.6666666666666666,1.0,1.0,1.0,0.4,0.4,1.0,1.0,1.0,0.2,0.4,1.0,1.0,1.0
huggingface__transformers-6744,huggingface/transformers,Python,devstral-small-2:24b/paths,paths,11,True,7.403520082999421,4,3,1,10,0.25,1.0,1.0,0.0,1.0,0.5,0.6666666666666666,0.6666666666666666,0.3333333333333333,1.0,0.5,0.4,0.4,0.3333333333333333,1.0,0.5,0.2,0.2,0.3333333333333333,1.0,1.0
huggingface__transformers-6744,huggingface/transformers,Python,devstral-small-2:24b/content,content,11,True,42.26119070799996,4,3,1,10,0.25,1.0,1.0,0.0,1.0,0.5,0.6666666666666666,0.6666666666666666,0.3333333333333333,1.0,0.5,0.4,0.4,0.3333333333333333,1.0,0.5,0.2,0.2,0.3333333333333333,1.0,1.0
huggingface__transformers-7562,huggingface/transformers,Python,devstral-small-2:24b/paths,paths,11,True,6.953029207999862,7,3,4,5,0.14285714285714285,1.0,1.0,0.3333333333333333,0.0,0.2857142857142857,0.6666666666666666,0.6666666666666666,0.6666666666666666,0.0,0.2857142857142857,0.4,0.4,0.6666666666666666,0.0,0.2857142857142857,0.2,0.4,0.6666666666666666,0.0,1.0
huggingface__transformers-7562,huggingface/transformers,Python,devstral-small-2:24b/content,content,11,True,38.70627320800031,7,3,4,3,0.14285714285714285,1.0,1.0,0.3333333333333333,0.0,0.2857142857142857,0.6666666666666666,0.6666666666666666,0.6666666666666666,0.0,0.2857142857142857,0.4,0.6666666666666666,0.6666666666666666,0.0,0.2857142857142857,0.2,0.6666666666666666,0.6666666666666666,0.0,1.0
huggingface__transformers-13573,huggingface/transformers,Python,devstral-small-2:24b/paths,paths,11,True,6.131289707999713,4,3,1,5,0.25,1.0,1.0,0.3333333333333333,0.0,0.25,0.3333333333333333,0.3333333333333333,0.3333333333333333,0.0,0.25,0.2,0.2,0.3333333333333333,0.0,0.25,0.1,0.2,0.3333333333333333,0.0,1.0
huggingface__transformers-13573,huggingface/transformers,Python,devstral-small-2:24b/content,content,11,True,38.584444999999505,4,3,1,4,0.25,1.0,1.0,0.3333333333333333,0.0,0.25,0.3333333333333333,0.3333333333333333,0.3333333333333333,0.0,0.25,0.2,0.25,0.3333333333333333,0.0,0.25,0.1,0.25,0.3333333333333333,0.0,1.0
huggingface__transformers-13989,huggingface/transformers,Python,devstral-small-2:24b/paths,paths,11,True,9.277942624999923,8,4,4,10,0.0,0.0,0.0,0.0,0.0,0.0,0.0,0.0,0.0,0.0,0.0,0.0,0.0,0.0,0.0,0.0,0.0,0.0,0.0,0.0,0.0
huggingface__transformers-13989,huggingface/transformers,Python,devstral-small-2:24b/content,content,11,True,39.95614445799947,8,4,4,10,0.0,0.0,0.0,0.0,0.0,0.0,0.0,0.0,0.0,0.0,0.0,0.0,0.0,0.0,0.0,0.0,0.0,0.0,0.0,0.0,0.0
huggingface__transformers-15473,huggingface/transformers,Python,devstral-small-2:24b/paths,paths,11,True,9.120000874999278,4,3,1,10,0.25,1.0,1.0,0.3333333333333333,0.0,0.25,0.3333333333333333,0.3333333333333333,0.3333333333333333,0.0,0.25,0.2,0.2,0.3333333333333333,0.0,0.25,0.1,0.1,0.3333333333333333,0.0,1.0
huggingface__transformers-15473,huggingface/transformers,Python,devstral-small-2:24b/content,content,11,True,38.09548774999985,4,3,1,2,0.25,1.0,1.0,0.3333333333333333,0.0,0.25,0.3333333333333333,0.5,0.3333333333333333,0.0,0.25,0.2,0.5,0.3333333333333333,0.0,0.25,0.1,0.5,0.3333333333333333,0.0,1.0
huggingface__transformers-15795,huggingface/transformers,Python,devstral-small-2:24b/paths,paths,11,True,5.0900570419998985,2,1,1,2,0.5,1.0,1.0,1.0,0.0,0.5,0.3333333333333333,0.5,1.0,0.0,0.5,0.2,0.5,1.0,0.0,0.5,0.1,0.5,1.0,0.0,1.0
huggingface__transformers-15795,huggingface/transformers,Python,devstral-small-2:24b/content,content,11,True,38.711117249999916,2,1,1,5,0.5,1.0,1.0,1.0,0.0,0.5,0.3333333333333333,0.3333333333333333,1.0,0.0,0.5,0.2,0.2,1.0,0.0,0.5,0.1,0.2,1.0,0.0,1.0
huggingface__transformers-15831,huggingface/transformers,Python,devstral-small-2:24b/paths,paths,11,True,7.140114833000553,6,4,2,5,0.16666666666666666,1.0,1.0,0.25,0.0,0.5,1.0,1.0,0.75,0.0,0.6666666666666666,0.8,0.8,0.75,0.5,0.6666666666666666,0.4,0.8,0.75,0.5,1.0
huggingface__transformers-15831,huggingface/transformers,Python,devstral-small-2:24b/content,content,11,True,41.775972499999625,6,4,2,10,0.16666666666666666,1.0,1.0,0.25,0.0,0.5,1.0,1.0,0.75,0.0,0.6666666666666666,0.8,0.8,0.75,0.5,0.6666666666666666,0.4,0.4,0.75,0.5,1.0
huggingface__transformers-15913,huggingface/transformers,Python,devstral-small-2:24b/paths,paths,11,True,6.9281169999994745,2,1,1,10,0.5,1.0,1.0,1.0,0.0,0.5,0.3333333333333333,0.3333333333333333,1.0,0.0,0.5,0.2,0.2,1.0,0.0,0.5,0.1,0.1,1.0,0.0,1.0
huggingface__transformers-15913,huggingface/transformers,Python,devstral-small-2:24b/content,content,11,True,38.14509283299958,2,1,1,7,0.5,1.0,1.0,1.0,0.0,1.0,0.6666666666666666,0.6666666666666666,1.0,1.0,1.0,0.4,0.4,1.0,1.0,1.0,0.2,0.2857142857142857,1.0,1.0,1.0
huggingface__transformers-19219,huggingface/transformers,Python,devstral-small-2:24b/paths,paths,11,True,4.990436291999686,2,1,1,2,0.5,1.0,1.0,1.0,0.0,0.5,0.3333333333333333,0.5,1.0,0.0,0.5,0.2,0.5,1.0,0.0,0.5,0.1,0.5,1.0,0.0,1.0
huggingface__transformers-19219,huggingface/transformers,Python,devstral-small-2:24b/content,content,11,True,37.187756917001025,2,1,1,10,0.5,1.0,1.0,1.0,0.0,0.5,0.3333333333333333,0.3333333333333333,1.0,0.0,0.5,0.2,0.2,1.0,0.0,0.5,0.1,0.1,1.0,0.0,1.0
huggingface__transformers-19590,huggingface/transformers,Python,devstral-small-2:24b/paths,paths,11,True,8.759948375000022,2,1,1,6,0.5,1.0,1.0,1.0,0.0,1.0,0.6666666666666666,0.6666666666666666,1.0,1.0,1.0,0.4,0.4,1.0,1.0,1.0,0.2,0.3333333333333333,1.0,1.0,1.0
huggingface__transformers-19590,huggingface/transformers,Python,devstral-small-2:24b/content,content,11,True,38.66055691700058,2,1,1,10,0.5,1.0,1.0,1.0,0.0,1.0,0.6666666666666666,0.6666666666666666,1.0,1.0,1.0,0.4,0.4,1.0,1.0,1.0,0.2,0.2,1.0,1.0,1.0
huggingface__transformers-20136,huggingface/transformers,Python,devstral-small-2:24b/paths,paths,11,True,7.660611999999674,7,5,2,10,0.14285714285714285,1.0,1.0,0.2,0.0,0.42857142857142855,1.0,1.0,0.4,0.5,0.7142857142857143,1.0,1.0,0.6,1.0,0.8571428571428571,0.6,0.6,0.8,1.0,1.0
huggingface__transformers-20136,huggingface/transformers,Python,devstral-small-2:24b/paths,paths,29,True,2.1857961660007277,7,5,2,8,0.14285714285714285,1.0,1.0,0.2,0.0,0.42857142857142855,1.0,1.0,0.4,0.5,0.7142857142857143,1.0,1.0,0.6,1.0,0.8571428571428571,0.6,0.75,0.8,1.0,1.0
huggingface__transformers-20136,huggingface/transformers,Python,devstral-small-2:24b/paths,paths,47,True,1.4849073749992385,7,5,2,6,0.14285714285714285,1.0,1.0,0.2,0.0,0.42857142857142855,1.0,1.0,0.4,0.5,0.7142857142857143,1.0,1.0,0.6,1.0,0.7142857142857143,0.5,0.8333333333333334,0.6,1.0,1.0
huggingface__transformers-20136,huggingface/transformers,Python,devstral-small-2:24b/content,content,11,True,40.320406957998784,7,5,2,10,0.14285714285714285,1.0,1.0,0.2,0.0,0.42857142857142855,1.0,1.0,0.4,0.5,0.5714285714285714,0.8,0.8,0.4,1.0,0.7142857142857143,0.5,0.5,0.6,1.0,1.0
huggingface__transformers-20136,huggingface/transformers,Python,devstral-small-2:24b/content,content,29,True,2.7699540839985275,7,5,2,10,0.14285714285714285,1.0,1.0,0.2,0.0,0.42857142857142855,1.0,1.0,0.4,0.5,0.5714285714285714,0.8,0.8,0.4,1.0,0.7142857142857143,0.5,0.5,0.6,1.0,1.0
huggingface__transformers-20136,huggingface/transformers,Python,devstral-small-2:24b/content,content,47,True,2.5912230829999316,7,5,2,10,0.14285714285714285,1.0,1.0,0.2,0.0,0.42857142857142855,1.0,1.0,0.4,0.5,0.5714285714285714,0.8,0.8,0.4,1.0,0.7142857142857143,0.5,0.5,0.6,1.0,1.0
huggingface__transformers-21345,huggingface/transformers,Python,devstral-small-2:24b/paths,paths,11,True,12.469693832999837,2,1,1,10,0.5,1.0,1.0,1.0,0.0,0.5,0.3333333333333333,0.3333333333333333,1.0,0.0,0.5,0.2,0.2,1.0,0.0,0.5,0.1,0.1,1.0,0.0,1.0
huggingface__transformers-21345,huggingface/transformers,Python,devstral-small-2:24b/content,content,11,True,43.278294125000684,2,1,1,2,0.5,1.0,1.0,1.0,0.0,0.5,0.3333333333333333,0.5,1.0,0.0,0.5,0.2,0.5,1.0,0.0,0.5,0.1,0.5,1.0,0.0,1.0
huggingface__transformers-21768,huggingface/transformers,Python,devstral-small-2:24b/paths,paths,11,True,15.439544749999186,2,1,1,5,0.5,1.0,1.0,1.0,0.0,1.0,0.6666666666666666,0.6666666666666666,1.0,1.0,1.0,0.4,0.4,1.0,1.0,1.0,0.2,0.4,1.0,1.0,1.0
huggingface__transformers-21768,huggingface/transformers,Python,devstral-small-2:24b/content,content,11,True,40.27494212499914,2,1,1,2,0.5,1.0,1.0,1.0,0.0,1.0,0.6666666666666666,1.0,1.0,1.0,1.0,0.4,1.0,1.0,1.0,1.0,0.2,1.0,1.0,1.0,1.0
huggingface__transformers-23126,huggingface/transformers,Python,devstral-small-2:24b/paths,paths,11,True,7.650389374999577,2,1,1,2,0.5,1.0,1.0,1.0,0.0,1.0,0.6666666666666666,1.0,1.0,1.0,1.0,0.4,1.0,1.0,1.0,1.0,0.2,1.0,1.0,1.0,1.0
huggingface__transformers-23126,huggingface/transformers,Python,devstral-small-2:24b/content,content,11,True,36.3881232499989,2,1,1,2,0.5,1.0,1.0,1.0,0.0,1.0,0.6666666666666666,1.0,1.0,1.0,1.0,0.4,1.0,1.0,1.0,1.0,0.2,1.0,1.0,1.0,1.0
huggingface__transformers-24510,huggingface/transformers,Python,devstral-small-2:24b/paths,paths,11,True,6.512298833000386,12,10,2,6,0.08333333333333333,1.0,1.0,0.1,0.0,0.08333333333333333,0.3333333333333333,0.3333333333333333,0.1,0.0,0.08333333333333333,0.2,0.2,0.1,0.0,0.08333333333333333,0.1,0.16666666666666666,0.1,0.0,1.0
huggingface__transformers-24510,huggingface/transformers,Python,devstral-small-2:24b/paths,paths,29,False,2.4917699589987024,12,10,2,0,0.0,0.0,0.0,0.0,0.0,0.0,0.0,0.0,0.0,0.0,0.0,0.0,0.0,0.0,0.0,0.0,0.0,0.0,0.0,0.0,0.0
huggingface__transformers-24510,huggingface/transformers,Python,devstral-small-2:24b/paths,paths,47,True,2.374000416999479,12,10,2,10,0.08333333333333333,1.0,1.0,0.1,0.0,0.08333333333333333,0.3333333333333333,0.3333333333333333,0.1,0.0,0.08333333333333333,0.2,0.2,0.1,0.0,0.08333333333333333,0.1,0.1,0.1,0.0,1.0
huggingface__transformers-24510,huggingface/transformers,Python,devstral-small-2:24b/content,content,11,True,36.9967320830001,12,10,2,4,0.0,0.0,0.0,0.0,0.0,0.0,0.0,0.0,0.0,0.0,0.08333333333333333,0.2,0.25,0.1,0.0,0.08333333333333333,0.1,0.25,0.1,0.0,0.25
huggingface__transformers-24510,huggingface/transformers,Python,devstral-small-2:24b/content,content,29,True,0.8788125829996716,12,10,2,4,0.0,0.0,0.0,0.0,0.0,0.0,0.0,0.0,0.0,0.0,0.08333333333333333,0.2,0.25,0.1,0.0,0.08333333333333333,0.1,0.25,0.1,0.0,0.25
huggingface__transformers-24510,huggingface/transformers,Python,devstral-small-2:24b/content,content,47,True,1.7152272909988824,12,10,2,5,0.0,0.0,0.0,0.0,0.0,0.0,0.0,0.0,0.0,0.0,0.08333333333333333,0.2,0.2,0.1,0.0,0.08333333333333333,0.1,0.2,0.1,0.0,0.25
huggingface__transformers-26386,huggingface/transformers,Python,devstral-small-2:24b/paths,paths,11,True,5.049982333001026,2,1,1,5,0.5,1.0,1.0,1.0,0.0,0.5,0.3333333333333333,0.3333333333333333,1.0,0.0,0.5,0.2,0.2,1.0,0.0,0.5,0.1,0.2,1.0,0.0,1.0
huggingface__transformers-26386,huggingface/transformers,Python,devstral-small-2:24b/content,content,11,True,37.80839316699894,2,1,1,5,0.5,1.0,1.0,1.0,0.0,0.5,0.3333333333333333,0.3333333333333333,1.0,0.0,0.5,0.2,0.2,1.0,0.0,0.5,0.1,0.2,1.0,0.0,1.0
huggingface__transformers-26568,huggingface/transformers,Python,devstral-small-2:24b/paths,paths,11,True,16.66112154199982,3,2,1,5,0.3333333333333333,1.0,1.0,0.5,0.0,1.0,1.0,1.0,1.0,1.0,1.0,0.6,0.6,1.0,1.0,1.0,0.3,0.6,1.0,1.0,1.0
huggingface__transformers-26568,huggingface/transformers,Python,devstral-small-2:24b/content,content,11,True,41.69670662499993,3,2,1,5,0.3333333333333333,1.0,1.0,0.5,0.0,1.0,1.0,1.0,1.0,1.0,1.0,0.6,0.6,1.0,1.0,1.0,0.3,0.6,1.0,1.0,1.0
huggingface__transformers-27463,huggingface/transformers,Python,devstral-small-2:24b/paths,paths,11,True,11.086330916999941,4,3,1,10,0.25,1.0,1.0,0.3333333333333333,0.0,0.25,0.3333333333333333,0.3333333333333333,0.3333333333333333,0.0,0.25,0.2,0.2,0.3333333333333333,0.0,0.25,0.1,0.1,0.3333333333333333,0.0,1.0
huggingface__transformers-27463,huggingface/transformers,Python,devstral-small-2:24b/content,content,11,True,40.700188708000496,4,3,1,5,0.25,1.0,1.0,0.3333333333333333,0.0,0.25,0.3333333333333333,0.3333333333333333,0.3333333333333333,0.0,0.25,0.2,0.2,0.3333333333333333,0.0,0.25,0.1,0.2,0.3333333333333333,0.0,1.0
huggingface__transformers-27561,huggingface/transformers,Python,devstral-small-2:24b/paths,paths,11,True,6.1787505419997615,4,3,1,6,0.25,1.0,1.0,0.3333333333333333,0.0,0.5,0.6666666666666666,0.6666666666666666,0.3333333333333333,1.0,0.5,0.4,0.4,0.3333333333333333,1.0,0.5,0.2,0.3333333333333333,0.3333333333333333,1.0,1.0
huggingface__transformers-27561,huggingface/transformers,Python,devstral-small-2:24b/content,content,11,True,42.5496111249995,4,3,1,2,0.25,1.0,1.0,0.3333333333333333,0.0,0.5,0.6666666666666666,1.0,0.3333333333333333,1.0,0.5,0.4,1.0,0.3333333333333333,1.0,0.5,0.2,1.0,0.3333333333333333,1.0,1.0
huggingface__transformers-27717,huggingface/transformers,Python,devstral-small-2:24b/paths,paths,11,True,8.873840917000052,4,3,1,7,0.25,1.0,1.0,0.3333333333333333,0.0,0.75,1.0,1.0,0.6666666666666666,1.0,0.75,0.6,0.6,0.6666666666666666,1.0,0.75,0.3,0.42857142857142855,0.6666666666666666,1.0,1.0
huggingface__transformers-27717,huggingface/transformers,Python,devstral-small-2:24b/content,content,11,True,38.48521491700012,4,3,1,10,0.25,1.0,1.0,0.3333333333333333,0.0,0.75,1.0,1.0,0.6666666666666666,1.0,0.75,0.6,0.6,0.6666666666666666,1.0,0.75,0.3,0.3,0.6666666666666666,1.0,1.0
huggingface__transformers-28517,huggingface/transformers,Python,devstral-small-2:24b/paths,paths,11,True,5.4749239169996144,2,1,1,3,0.5,1.0,1.0,1.0,0.0,1.0,0.6666666666666666,0.6666666666666666,1.0,1.0,1.0,0.4,0.6666666666666666,1.0,1.0,1.0,0.2,0.6666666666666666,1.0,1.0,1.0
huggingface__transformers-28517,huggingface/transformers,Python,devstral-small-2:24b/content,content,11,True,36.3238796659989,2,1,1,6,0.5,1.0,1.0,1.0,0.0,1.0,0.6666666666666666,0.6666666666666666,1.0,1.0,1.0,0.4,0.4,1.0,1.0,1.0,0.2,0.3333333333333333,1.0,1.0,1.0
huggingface__transformers-28940,huggingface/transformers,Python,devstral-small-2:24b/paths,paths,11,True,7.504793124999196,2,1,1,10,0.5,1.0,1.0,1.0,0.0,0.5,0.3333333333333333,0.3333333333333333,1.0,0.0,0.5,0.2,0.2,1.0,0.0,0.5,0.1,0.1,1.0,0.0,1.0
huggingface__transformers-28940,huggingface/transformers,Python,devstral-small-2:24b/content,content,11,True,38.53677654199964,2,1,1,10,0.5,1.0,1.0,1.0,0.0,0.5,0.3333333333333333,0.3333333333333333,1.0,0.0,0.5,0.2,0.2,1.0,0.0,0.5,0.1,0.1,1.0,0.0,1.0
huggingface__transformers-29589,huggingface/transformers,Python,devstral-small-2:24b/paths,paths,11,True,14.625350207999873,5,3,2,10,0.2,1.0,1.0,0.3333333333333333,0.0,0.4,0.6666666666666666,0.6666666666666666,0.6666666666666666,0.0,0.6,0.6,0.6,0.6666666666666666,0.5,0.6,0.3,0.3,0.6666666666666666,0.5,1.0
huggingface__transformers-29589,huggingface/transformers,Python,devstral-small-2:24b/content,content,11,True,39.28974562499934,5,3,2,3,0.2,1.0,1.0,0.3333333333333333,0.0,0.4,0.6666666666666666,0.6666666666666666,0.6666666666666666,0.0,0.4,0.4,0.6666666666666666,0.6666666666666666,0.0,0.4,0.2,0.6666666666666666,0.6666666666666666,0.0,1.0
huggingface__transformers-29688,huggingface/transformers,Python,devstral-small-2:24b/paths,paths,11,True,6.972603207999782,2,1,1,5,0.5,1.0,1.0,1.0,0.0,0.5,0.3333333333333333,0.3333333333333333,1.0,0.0,0.5,0.2,0.2,1.0,0.0,0.5,0.1,0.2,1.0,0.0,1.0
huggingface__transformers-29688,huggingface/transformers,Python,devstral-small-2:24b/content,content,11,True,38.56585974999871,2,1,1,10,0.5,1.0,1.0,1.0,0.0,0.5,0.3333333333333333,0.3333333333333333,1.0,0.0,1.0,0.4,0.4,1.0,1.0,1.0,0.2,0.2,1.0,1.0,1.0
huggingface__transformers-29838,huggingface/transformers,Python,devstral-small-2:24b/paths,paths,11,True,6.346750249998877,2,1,1,10,0.5,1.0,1.0,1.0,0.0,0.5,0.3333333333333333,0.3333333333333333,1.0,0.0,1.0,0.4,0.4,1.0,1.0,1.0,0.2,0.2,1.0,1.0,1.0
huggingface__transformers-29838,huggingface/transformers,Python,devstral-small-2:24b/content,content,11,True,37.34110145900013,2,1,1,5,0.5,1.0,1.0,1.0,0.0,0.5,0.3333333333333333,0.3333333333333333,1.0,0.0,1.0,0.4,0.4,1.0,1.0,1.0,0.2,0.4,1.0,1.0,1.0
huggingface__transformers-31095,huggingface/transformers,Python,devstral-small-2:24b/paths,paths,11,True,6.828955958999359,3,2,1,5,0.3333333333333333,1.0,1.0,0.5,0.0,0.6666666666666666,0.6666666666666666,0.6666666666666666,1.0,0.0,0.6666666666666666,0.4,0.4,1.0,0.0,0.6666666666666666,0.2,0.4,1.0,0.0,1.0
huggingface__transformers-31095,huggingface/transformers,Python,devstral-small-2:24b/content,content,11,True,39.57604270800039,3,2,1,10,0.3333333333333333,1.0,1.0,0.5,0.0,0.6666666666666666,0.6666666666666666,0.6666666666666666,1.0,0.0,0.6666666666666666,0.4,0.4,1.0,0.0,0.6666666666666666,0.2,0.2,1.0,0.0,1.0
huggingface__transformers-31247,huggingface/transformers,Python,devstral-small-2:24b/paths,paths,11,True,5.869820583000546,4,3,1,10,0.25,1.0,1.0,0.3333333333333333,0.0,0.5,0.6666666666666666,0.6666666666666666,0.3333333333333333,1.0,0.5,0.4,0.4,0.3333333333333333,1.0,0.5,0.2,0.2,0.3333333333333333,1.0,1.0
huggingface__transformers-31247,huggingface/transformers,Python,devstral-small-2:24b/content,content,11,True,36.46668037499876,4,3,1,10,0.25,1.0,1.0,0.3333333333333333,0.0,0.5,0.6666666666666666,0.6666666666666666,0.3333333333333333,1.0,0.5,0.4,0.4,0.3333333333333333,1.0,0.5,0.2,0.2,0.3333333333333333,1.0,1.0
langchain-ai__langchain-5450,langchain-ai/langchain,Python,devstral-small-2:24b/paths,paths,11,True,6.809101374999955,2,1,1,10,0.5,1.0,1.0,1.0,0.0,0.5,0.3333333333333333,0.3333333333333333,1.0,0.0,0.5,0.2,0.2,1.0,0.0,0.5,0.1,0.1,1.0,0.0,1.0
langchain-ai__langchain-5450,langchain-ai/langchain,Python,devstral-small-2:24b/paths,paths,29,True,2.5401914160011074,2,1,1,10,0.5,1.0,1.0,1.0,0.0,0.5,0.3333333333333333,0.3333333333333333,1.0,0.0,0.5,0.2,0.2,1.0,0.0,0.5,0.1,0.1,1.0,0.0,1.0
langchain-ai__langchain-5450,langchain-ai/langchain,Python,devstral-small-2:24b/paths,paths,47,True,2.423671541000658,2,1,1,10,0.5,1.0,1.0,1.0,0.0,0.5,0.3333333333333333,0.3333333333333333,1.0,0.0,0.5,0.2,0.2,1.0,0.0,0.5,0.1,0.1,1.0,0.0,1.0
langchain-ai__langchain-5450,langchain-ai/langchain,Python,devstral-small-2:24b/content,content,11,True,37.20585245800066,2,1,1,10,0.5,1.0,1.0,1.0,0.0,0.5,0.3333333333333333,0.3333333333333333,1.0,0.0,0.5,0.2,0.2,1.0,0.0,0.5,0.1,0.1,1.0,0.0,1.0
langchain-ai__langchain-5450,langchain-ai/langchain,Python,devstral-small-2:24b/content,content,29,True,2.6722435830015456,2,1,1,10,0.5,1.0,1.0,1.0,0.0,0.5,0.3333333333333333,0.3333333333333333,1.0,0.0,0.5,0.2,0.2,1.0,0.0,0.5,0.1,0.1,1.0,0.0,1.0
langchain-ai__langchain-5450,langchain-ai/langchain,Python,devstral-small-2:24b/content,content,47,True,2.4351745000003575,2,1,1,10,0.5,1.0,1.0,1.0,0.0,0.5,0.3333333333333333,0.3333333333333333,1.0,0.0,0.5,0.2,0.2,1.0,0.0,0.5,0.1,0.1,1.0,0.0,1.0
langchain-ai__langchain-19331,langchain-ai/langchain,Python,devstral-small-2:24b/paths,paths,11,True,7.288333042000886,1,1,0,10,0.0,0.0,0.0,0.0,,1.0,0.3333333333333333,0.3333333333333333,1.0,,1.0,0.2,0.2,1.0,,1.0,0.1,0.1,1.0,,0.5
langchain-ai__langchain-19331,langchain-ai/langchain,Python,devstral-small-2:24b/paths,paths,29,True,2.419559041998582,1,1,0,10,1.0,1.0,1.0,1.0,,1.0,0.3333333333333333,0.3333333333333333,1.0,,1.0,0.2,0.2,1.0,,1.0,0.1,0.1,1.0,,1.0
langchain-ai__langchain-19331,langchain-ai/langchain,Python,devstral-small-2:24b/paths,paths,47,True,2.2662532909998845,1,1,0,10,0.0,0.0,0.0,0.0,,1.0,0.3333333333333333,0.3333333333333333,1.0,,1.0,0.2,0.2,1.0,,1.0,0.1,0.1,1.0,,0.5
langchain-ai__langchain-19331,langchain-ai/langchain,Python,devstral-small-2:24b/content,content,11,True,36.27797441700022,1,1,0,10,0.0,0.0,0.0,0.0,,1.0,0.3333333333333333,0.3333333333333333,1.0,,1.0,0.2,0.2,1.0,,1.0,0.1,0.1,1.0,,0.5
langchain-ai__langchain-19331,langchain-ai/langchain,Python,devstral-small-2:24b/content,content,29,True,1.5701042500004405,1,1,0,5,0.0,0.0,0.0,0.0,,1.0,0.3333333333333333,0.3333333333333333,1.0,,1.0,0.2,0.2,1.0,,1.0,0.1,0.2,1.0,,0.5
langchain-ai__langchain-19331,langchain-ai/langchain,Python,devstral-small-2:24b/content,content,47,True,1.3638473329992848,1,1,0,5,0.0,0.0,0.0,0.0,,1.0,0.3333333333333333,0.3333333333333333,1.0,,1.0,0.2,0.2,1.0,,1.0,0.1,0.2,1.0,,0.5
yt-dlp__yt-dlp-1649,yt-dlp/yt-dlp,Python,devstral-small-2:24b/paths,paths,11,True,9.10282775000087,15,14,1,5,0.06666666666666667,1.0,1.0,0.07142857142857142,0.0,0.2,1.0,1.0,0.21428571428571427,0.0,0.26666666666666666,0.8,0.8,0.2857142857142857,0.0,0.26666666666666666,0.4,0.8,0.2857142857142857,0.0,1.0
yt-dlp__yt-dlp-1649,yt-dlp/yt-dlp,Python,devstral-small-2:24b/content,content,11,True,43.81351379100124,15,14,1,3,0.06666666666666667,1.0,1.0,0.07142857142857142,0.0,0.2,1.0,1.0,0.21428571428571427,0.0,0.2,0.6,1.0,0.21428571428571427,0.0,0.2,0.3,1.0,0.21428571428571427,0.0,1.0
yt-dlp__yt-dlp-3435,yt-dlp/yt-dlp,Python,devstral-small-2:24b/paths,paths,11,True,5.593800333001127,6,5,1,4,0.0,0.0,0.0,0.0,0.0,0.16666666666666666,0.3333333333333333,0.3333333333333333,0.2,0.0,0.16666666666666666,0.2,0.25,0.2,0.0,0.16666666666666666,0.1,0.25,0.2,0.0,0.3333333333333333
yt-dlp__yt-dlp-3435,yt-dlp/yt-dlp,Python,devstral-small-2:24b/paths,paths,29,True,0.6795175839997682,6,5,1,3,0.0,0.0,0.0,0.0,0.0,0.0,0.0,0.0,0.0,0.0,0.0,0.0,0.0,0.0,0.0,0.0,0.0,0.0,0.0,0.0,0.0
yt-dlp__yt-dlp-3435,yt-dlp/yt-dlp,Python,devstral-small-2:24b/paths,paths,47,True,1.6578243329986435,6,5,1,5,0.0,0.0,0.0,0.0,0.0,0.0,0.0,0.0,0.0,0.0,0.16666666666666666,0.2,0.2,0.2,0.0,0.16666666666666666,0.1,0.2,0.2,0.0,0.25
yt-dlp__yt-dlp-3435,yt-dlp/yt-dlp,Python,devstral-small-2:24b/content,content,11,True,41.8305209579994,6,5,1,4,0.0,0.0,0.0,0.0,0.0,0.0,0.0,0.0,0.0,0.0,0.0,0.0,0.0,0.0,0.0,0.0,0.0,0.0,0.0,0.0,0.0
yt-dlp__yt-dlp-3435,yt-dlp/yt-dlp,Python,devstral-small-2:24b/content,content,29,True,2.7851002080005856,6,5,1,10,0.0,0.0,0.0,0.0,0.0,0.0,0.0,0.0,0.0,0.0,0.0,0.0,0.0,0.0,0.0,0.0,0.0,0.0,0.0,0.0,0.0
yt-dlp__yt-dlp-3435,yt-dlp/yt-dlp,Python,devstral-small-2:24b/content,content,47,True,2.6688435829983064,6,5,1,10,0.0,0.0,0.0,0.0,0.0,0.0,0.0,0.0,0.0,0.0,0.0,0.0,0.0,0.0,0.0,0.0,0.0,0.0,0.0,0.0,0.0
yt-dlp__yt-dlp-4524,yt-dlp/yt-dlp,Python,devstral-small-2:24b/paths,paths,11,True,18.29441645800034,4,3,1,5,0.0,0.0,0.0,0.0,0.0,0.25,0.3333333333333333,0.3333333333333333,0.3333333333333333,0.0,0.25,0.2,0.2,0.3333333333333333,0.0,0.25,0.1,0.2,0.3333333333333333,0.0,0.3333333333333333
yt-dlp__yt-dlp-4524,yt-dlp/yt-dlp,Python,devstral-small-2:24b/content,content,11,True,49.7183543329993,4,3,1,4,0.0,0.0,0.0,0.0,0.0,0.25,0.3333333333333333,0.3333333333333333,0.3333333333333333,0.0,0.25,0.2,0.25,0.3333333333333333,0.0,0.25,0.1,0.25,0.3333333333333333,0.0,0.3333333333333333
yt-dlp__yt-dlp-8917,yt-dlp/yt-dlp,Python,devstral-small-2:24b/paths,paths,11,True,16.657095624999783,7,5,2,5,0.14285714285714285,1.0,1.0,0.2,0.0,0.42857142857142855,1.0,1.0,0.6,0.0,0.42857142857142855,0.6,0.6,0.6,0.0,0.42857142857142855,0.3,0.6,0.6,0.0,1.0
yt-dlp__yt-dlp-8917,yt-dlp/yt-dlp,Python,devstral-small-2:24b/paths,paths,29,True,1.44036000000051,7,5,2,5,0.14285714285714285,1.0,1.0,0.2,0.0,0.42857142857142855,1.0,1.0,0.6,0.0,0.42857142857142855,0.6,0.6,0.6,0.0,0.42857142857142855,0.3,0.6,0.6,0.0,1.0
yt-dlp__yt-dlp-8917,yt-dlp/yt-dlp,Python,devstral-small-2:24b/paths,paths,47,True,1.553160499999649,7,5,2,5,0.14285714285714285,1.0,1.0,0.2,0.0,0.42857142857142855,1.0,1.0,0.6,0.0,0.42857142857142855,0.6,0.6,0.6,0.0,0.42857142857142855,0.3,0.6,0.6,0.0,1.0
yt-dlp__yt-dlp-8917,yt-dlp/yt-dlp,Python,devstral-small-2:24b/content,content,11,True,49.20611850000023,7,5,2,3,0.14285714285714285,1.0,1.0,0.2,0.0,0.2857142857142857,0.6666666666666666,0.6666666666666666,0.4,0.0,0.2857142857142857,0.4,0.6666666666666666,0.4,0.0,0.2857142857142857,0.2,0.6666666666666666,0.4,0.0,1.0
yt-dlp__yt-dlp-8917,yt-dlp/yt-dlp,Python,devstral-small-2:24b/content,content,29,True,0.8105619170000864,7,5,2,3,0.14285714285714285,1.0,1.0,0.2,0.0,0.2857142857142857,0.6666666666666666,0.6666666666666666,0.4,0.0,0.2857142857142857,0.4,0.6666666666666666,0.4,0.0,0.2857142857142857,0.2,0.6666666666666666,0.4,0.0,1.0
yt-dlp__yt-dlp-8917,yt-dlp/yt-dlp,Python,devstral-small-2:24b/content,content,47,True,1.3070674170012353,7,5,2,3,0.14285714285714285,1.0,1.0,0.2,0.0,0.2857142857142857,0.6666666666666666,0.6666666666666666,0.4,0.0,0.2857142857142857,0.4,0.6666666666666666,0.4,0.0,0.2857142857142857,0.2,0.6666666666666666,0.4,0.0,1.0
keras-team__keras-3907,keras-team/keras,Python,devstral-small-2:24b/paths,paths,11,True,4.338340459000392,3,2,1,5,0.0,0.0,0.0,0.0,0.0,0.3333333333333333,0.3333333333333333,0.3333333333333333,0.5,0.0,0.6666666666666666,0.4,0.4,0.5,1.0,0.6666666666666666,0.2,0.4,0.5,1.0,0.5
keras-team__keras-3907,keras-team/keras,Python,devstral-small-2:24b/paths,paths,29,True,1.0940215410009841,3,2,1,5,0.0,0.0,0.0,0.0,0.0,0.3333333333333333,0.3333333333333333,0.3333333333333333,0.5,0.0,0.6666666666666666,0.4,0.4,0.5,1.0,0.6666666666666666,0.2,0.4,0.5,1.0,0.5
keras-team__keras-3907,keras-team/keras,Python,devstral-small-2:24b/paths,paths,47,True,1.5373220419987774,3,2,1,5,0.0,0.0,0.0,0.0,0.0,0.3333333333333333,0.3333333333333333,0.3333333333333333,0.5,0.0,0.6666666666666666,0.4,0.4,0.5,1.0,0.6666666666666666,0.2,0.4,0.5,1.0,0.5
keras-team__keras-3907,keras-team/keras,Python,devstral-small-2:24b/content,content,11,True,37.45202416699976,3,2,1,5,0.0,0.0,0.0,0.0,0.0,0.3333333333333333,0.3333333333333333,0.3333333333333333,0.5,0.0,0.6666666666666666,0.4,0.4,0.5,1.0,0.6666666666666666,0.2,0.4,0.5,1.0,0.3333333333333333
keras-team__keras-3907,keras-team/keras,Python,devstral-small-2:24b/content,content,29,True,1.0078985420004756,3,2,1,4,0.0,0.0,0.0,0.0,0.0,0.3333333333333333,0.3333333333333333,0.3333333333333333,0.0,1.0,0.6666666666666666,0.4,0.5,0.5,1.0,0.6666666666666666,0.2,0.5,0.5,1.0,0.3333333333333333
keras-team__keras-3907,keras-team/keras,Python,devstral-small-2:24b/content,content,47,True,1.4683587499985151,3,2,1,4,0.0,0.0,0.0,0.0,0.0,0.3333333333333333,0.3333333333333333,0.3333333333333333,0.5,0.0,0.6666666666666666,0.4,0.5,0.5,1.0,0.6666666666666666,0.2,0.5,0.5,1.0,0.3333333333333333
keras-team__keras-3983,keras-team/keras,Python,devstral-small-2:24b/paths,paths,11,True,4.778679832999842,2,1,1,6,0.5,1.0,1.0,1.0,0.0,1.0,0.6666666666666666,0.6666666666666666,1.0,1.0,1.0,0.4,0.4,1.0,1.0,1.0,0.2,0.3333333333333333,1.0,1.0,1.0
keras-team__keras-3983,keras-team/keras,Python,devstral-small-2:24b/paths,paths,29,True,1.41726912500053,2,1,1,5,0.5,1.0,1.0,1.0,0.0,1.0,0.6666666666666666,0.6666666666666666,1.0,1.0,1.0,0.4,0.4,1.0,1.0,1.0,0.2,0.4,1.0,1.0,1.0
keras-team__keras-3983,keras-team/keras,Python,devstral-small-2:24b/paths,paths,47,True,1.4690437080007541,2,1,1,5,0.5,1.0,1.0,1.0,0.0,1.0,0.6666666666666666,0.6666666666666666,1.0,1.0,1.0,0.4,0.4,1.0,1.0,1.0,0.2,0.4,1.0,1.0,1.0
keras-team__keras-3983,keras-team/keras,Python,devstral-small-2:24b/content,content,11,True,36.86127154099995,2,1,1,4,0.5,1.0,1.0,1.0,0.0,1.0,0.6666666666666666,0.6666666666666666,1.0,1.0,1.0,0.4,0.5,1.0,1.0,1.0,0.2,0.5,1.0,1.0,1.0
keras-team__keras-3983,keras-team/keras,Python,devstral-small-2:24b/content,content,29,True,0.959780832999968,2,1,1,4,0.5,1.0,1.0,1.0,0.0,1.0,0.6666666666666666,0.6666666666666666,1.0,1.0,1.0,0.4,0.5,1.0,1.0,1.0,0.2,0.5,1.0,1.0,1.0
keras-team__keras-3983,keras-team/keras,Python,devstral-small-2:24b/content,content,47,True,1.4956212920005783,2,1,1,4,0.5,1.0,1.0,1.0,0.0,1.0,0.6666666666666666,0.6666666666666666,1.0,1.0,1.0,0.4,0.5,1.0,1.0,1.0,0.2,0.5,1.0,1.0,1.0
keras-team__keras-18649,keras-team/keras,Python,devstral-small-2:24b/paths,paths,11,True,5.55373787499957,6,5,1,10,0.0,0.0,0.0,0.0,0.0,0.16666666666666666,0.3333333333333333,0.3333333333333333,0.2,0.0,0.16666666666666666,0.2,0.2,0.2,0.0,0.3333333333333333,0.2,0.2,0.4,0.0,0.5
keras-team__keras-18649,keras-team/keras,Python,devstral-small-2:24b/content,content,11,True,35.27732654200008,6,5,1,5,0.0,0.0,0.0,0.0,0.0,0.16666666666666666,0.3333333333333333,0.3333333333333333,0.2,0.0,0.16666666666666666,0.2,0.2,0.2,0.0,0.16666666666666666,0.1,0.2,0.2,0.0,0.3333333333333333
keras-team__keras-18852,keras-team/keras,Python,devstral-small-2:24b/paths,paths,11,True,7.4692837500006135,7,4,3,10,0.14285714285714285,1.0,1.0,0.25,0.0,0.14285714285714285,0.3333333333333333,0.3333333333333333,0.25,0.0,0.14285714285714285,0.2,0.2,0.25,0.0,0.14285714285714285,0.1,0.1,0.25,0.0,1.0
keras-team__keras-18852,keras-team/keras,Python,devstral-small-2:24b/content,content,11,True,39.34999383300055,7,4,3,3,0.14285714285714285,1.0,1.0,0.25,0.0,0.14285714285714285,0.3333333333333333,0.3333333333333333,0.25,0.0,0.14285714285714285,0.2,0.3333333333333333,0.25,0.0,0.14285714285714285,0.1,0.3333333333333333,0.25,0.0,1.0
keras-team__keras-19903,keras-team/keras,Python,devstral-small-2:24b/paths,paths,11,True,5.183530000000246,8,7,1,10,0.125,1.0,1.0,0.14285714285714285,0.0,0.125,0.3333333333333333,0.3333333333333333,0.14285714285714285,0.0,0.125,0.2,0.2,0.14285714285714285,0.0,0.25,0.2,0.2,0.2857142857142857,0.0,1.0
keras-team__keras-19903,keras-team/keras,Python,devstral-small-2:24b/content,content,11,True,40.176227584001026,8,7,1,10,0.0,0.0,0.0,0.0,0.0,0.0,0.0,0.0,0.0,0.0,0.125,0.2,0.2,0.14285714285714285,0.0,0.25,0.2,0.2,0.2857142857142857,0.0,0.25
google__gson-2498,google/gson,Java,qwen3-coder:30b/paths,paths,11,True,13.175744040999998,8,3,5,10,0.125,1.0,1.0,0.3333333333333333,0.0,0.125,0.3333333333333333,0.3333333333333333,0.3333333333333333,0.0,0.125,0.2,0.2,0.3333333333333333,0.0,0.125,0.1,0.1,0.3333333333333333,0.0,1.0
google__gson-2498,google/gson,Java,qwen3-coder:30b/content,content,11,True,28.738475125,8,3,5,10,0.125,1.0,1.0,0.3333333333333333,0.0,0.125,0.3333333333333333,0.3333333333333333,0.3333333333333333,0.0,0.125,0.2,0.2,0.3333333333333333,0.0,0.125,0.1,0.1,0.3333333333333333,0.0,1.0
apolloconfig__apollo-4207,apolloconfig/apollo,Java,qwen3-coder:30b/paths,paths,11,True,39.83449166699998,4,3,1,5,0.25,1.0,1.0,0.3333333333333333,0.0,0.5,0.6666666666666666,0.6666666666666666,0.3333333333333333,1.0,0.5,0.4,0.4,0.3333333333333333,1.0,0.5,0.2,0.4,0.3333333333333333,1.0,1.0
apolloconfig__apollo-4207,apolloconfig/apollo,Java,qwen3-coder:30b/content,content,11,True,111.75616466700001,4,3,1,2,0.25,1.0,1.0,0.3333333333333333,0.0,0.5,0.6666666666666666,1.0,0.3333333333333333,1.0,0.5,0.4,1.0,0.3333333333333333,1.0,0.5,0.2,1.0,0.3333333333333333,1.0,1.0
google__gson-1904,google/gson,Java,qwen3-coder:30b/paths,paths,11,True,38.99727741700002,7,5,2,10,0.14285714285714285,1.0,1.0,0.2,0.0,0.2857142857142857,0.6666666666666666,0.6666666666666666,0.4,0.0,0.5714285714285714,0.8,0.8,0.8,0.0,0.5714285714285714,0.4,0.4,0.8,0.0,1.0
google__gson-1904,google/gson,Java,qwen3-coder:30b/content,content,11,True,101.62259341700002,7,5,2,10,0.14285714285714285,1.0,1.0,0.2,0.0,0.2857142857142857,0.6666666666666666,0.6666666666666666,0.4,0.0,0.42857142857142855,0.6,0.6,0.6,0.0,0.5714285714285714,0.4,0.4,0.6,0.5,1.0
google__gson-2345,google/gson,Java,qwen3-coder:30b/paths,paths,11,True,37.880772165999986,7,4,3,10,0.14285714285714285,1.0,1.0,0.25,0.0,0.42857142857142855,1.0,1.0,0.5,0.3333333333333333,0.7142857142857143,1.0,1.0,0.75,0.6666666666666666,0.8571428571428571,0.6,0.6,1.0,0.6666666666666666,1.0
google__gson-2345,google/gson,Java,qwen3-coder:30b/content,content,11,True,52.580804124999986,7,4,3,10,0.14285714285714285,1.0,1.0,0.25,0.0,0.42857142857142855,1.0,1.0,0.5,0.3333333333333333,0.5714285714285714,0.8,0.8,0.5,0.6666666666666666,0.8571428571428571,0.6,0.6,1.0,0.6666666666666666,1.0
google__gson-2479,google/gson,Java,qwen3-coder:30b/paths,paths,11,True,24.531353707999983,4,2,2,10,0.25,1.0,1.0,0.5,0.0,0.25,0.3333333333333333,0.3333333333333333,0.5,0.0,0.25,0.2,0.2,0.5,0.0,0.5,0.2,0.2,0.5,0.5,1.0
google__gson-2479,google/gson,Java,qwen3-coder:30b/content,content,11,True,43.80001587500004,4,2,2,10,0.25,1.0,1.0,0.5,0.0,0.25,0.3333333333333333,0.3333333333333333,0.5,0.0,0.25,0.2,0.2,0.5,0.0,0.5,0.2,0.2,0.5,0.5,1.0
google__guava-3971,google/guava,Java,qwen3-coder:30b/paths,paths,11,True,47.472745792,4,2,2,10,0.25,1.0,1.0,0.5,0.0,0.5,0.6666666666666666,0.6666666666666666,0.5,0.5,0.75,0.6,0.6,1.0,0.5,1.0,0.4,0.4,1.0,1.0,1.0
google__guava-3971,google/guava,Java,qwen3-coder:30b/content,content,11,True,25.615417249999993,4,2,2,10,0.25,1.0,1.0,0.5,0.0,0.75,1.0,1.0,0.5,1.0,0.75,0.6,0.6,0.5,1.0,1.0,0.4,0.4,1.0,1.0,1.0
google__gson-2701,google/gson,Java,qwen3-coder:30b/paths,paths,11,True,15.887876042000002,2,1,1,10,0.5,1.0,1.0,1.0,0.0,0.5,0.3333333333333333,0.3333333333333333,1.0,0.0,0.5,0.2,0.2,1.0,0.0,0.5,0.1,0.1,1.0,0.0,1.0
google__gson-2701,google/gson,Java,qwen3-coder:30b/content,content,11,True,22.0595565,2,1,1,10,0.5,1.0,1.0,1.0,0.0,0.5,0.3333333333333333,0.3333333333333333,1.0,0.0,0.5,0.2,0.2,1.0,0.0,0.5,0.1,0.1,1.0,0.0,1.0
apache__rocketmq-7455,apache/rocketmq,Java,qwen3-coder:30b/paths,paths,11,True,7.776366290999988,3,2,1,10,0.0,0.0,0.0,0.0,0.0,0.3333333333333333,0.3333333333333333,0.3333333333333333,0.5,0.0,0.3333333333333333,0.2,0.2,0.5,0.0,0.3333333333333333,0.1,0.1,0.5,0.0,0.3333333333333333
apache__rocketmq-7455,apache/rocketmq,Java,qwen3-coder:30b/content,content,11,True,25.134142083,3,2,1,10,0.3333333333333333,1.0,1.0,0.5,0.0,0.3333333333333333,0.3333333333333333,0.3333333333333333,0.5,0.0,0.3333333333333333,0.2,0.2,0.5,0.0,0.3333333333333333,0.1,0.1,0.5,0.0,1.0
apolloconfig__apollo-4464,apolloconfig/apollo,Java,qwen3-coder:30b/paths,paths,11,True,6.668379750000014,16,15,1,10,0.0625,1.0,1.0,0.06666666666666667,0.0,0.125,0.6666666666666666,0.6666666666666666,0.13333333333333333,0.0,0.1875,0.6,0.6,0.2,0.0,0.1875,0.3,0.3,0.2,0.0,1.0
apolloconfig__apollo-4464,apolloconfig/apollo,Java,qwen3-coder:30b/content,content,11,True,16.60096254199999,16,15,1,10,0.0625,1.0,1.0,0.06666666666666667,0.0,0.1875,1.0,1.0,0.2,0.0,0.1875,0.6,0.6,0.2,0.0,0.1875,0.3,0.3,0.2,0.0,1.0
apache__rocketmq-7655,apache/rocketmq,Java,qwen3-coder:30b/paths,paths,11,True,9.825492999999994,2,1,1,10,0.0,0.0,0.0,0.0,0.0,0.0,0.0,0.0,0.0,0.0,0.0,0.0,0.0,0.0,0.0,0.0,0.0,0.0,0.0,0.0,0.0
apache__rocketmq-7655,apache/rocketmq,Java,qwen3-coder:30b/content,content,11,True,24.068626207999984,2,1,1,10,0.0,0.0,0.0,0.0,0.0,0.0,0.0,0.0,0.0,0.0,0.0,0.0,0.0,0.0,0.0,0.0,0.0,0.0,0.0,0.0,0.0
google__gson-2130,google/gson,Java,qwen3-coder:30b/paths,paths,11,True,3.780202084000024,2,1,1,2,0.5,1.0,1.0,1.0,0.0,1.0,0.6666666666666666,1.0,1.0,1.0,1.0,0.4,1.0,1.0,1.0,1.0,0.2,1.0,1.0,1.0,1.0
google__gson-2130,google/gson,Java,qwen3-coder:30b/content,content,11,True,18.499823666999987,2,1,1,10,0.5,1.0,1.0,1.0,0.0,1.0,0.6666666666666666,0.6666666666666666,1.0,1.0,1.0,0.4,0.4,1.0,1.0,1.0,0.2,0.2,1.0,1.0,1.0
google__gson-2420,google/gson,Java,qwen3-coder:30b/paths,paths,11,True,8.503483000000017,12,9,3,10,0.08333333333333333,1.0,1.0,0.1111111111111111,0.0,0.16666666666666666,0.6666666666666666,0.6666666666666666,0.2222222222222222,0.0,0.25,0.6,0.6,0.3333333333333333,0.0,0.4166666666666667,0.5,0.5,0.4444444444444444,0.3333333333333333,1.0
google__gson-2420,google/gson,Java,qwen3-coder:30b/content,content,11,True,21.418008999999984,12,9,3,10,0.08333333333333333,1.0,1.0,0.1111111111111111,0.0,0.25,1.0,1.0,0.3333333333333333,0.0,0.4166666666666667,1.0,1.0,0.4444444444444444,0.3333333333333333,0.4166666666666667,0.5,0.5,0.4444444444444444,0.3333333333333333,1.0
apache__dubbo-10846,apache/dubbo,Java,qwen3-coder:30b/paths,paths,11,True,9.460186125000007,4,1,3,10,0.25,1.0,1.0,1.0,0.0,0.25,0.3333333333333333,0.3333333333333333,1.0,0.0,0.25,0.2,0.2,1.0,0.0,0.25,0.1,0.1,1.0,0.0,1.0
apache__dubbo-10846,apache/dubbo,Java,qwen3-coder:30b/content,content,11,True,17.140952249999998,4,1,3,10,0.25,1.0,1.0,1.0,0.0,0.25,0.3333333333333333,0.3333333333333333,1.0,0.0,0.25,0.2,0.2,1.0,0.0,0.25,0.1,0.1,1.0,0.0,1.0
apache__rocketmq-6755,apache/rocketmq,Java,qwen3-coder:30b/paths,paths,11,True,17.62777887499999,13,9,4,10,0.0,0.0,0.0,0.0,0.0,0.0,0.0,0.0,0.0,0.0,0.0,0.0,0.0,0.0,0.0,0.0,0.0,0.0,0.0,0.0,0.0
apache__rocketmq-6755,apache/rocketmq,Java,qwen3-coder:30b/content,content,11,True,19.992699125,13,9,4,10,0.0,0.0,0.0,0.0,0.0,0.0,0.0,0.0,0.0,0.0,0.0,0.0,0.0,0.0,0.0,0.0,0.0,0.0,0.0,0.0,0.0
apache__rocketmq-7964,apache/rocketmq,Java,qwen3-coder:30b/paths,paths,11,True,6.834897749999982,2,1,1,10,0.0,0.0,0.0,0.0,0.0,0.0,0.0,0.0,0.0,0.0,0.0,0.0,0.0,0.0,0.0,0.0,0.0,0.0,0.0,0.0,0.0
apache__rocketmq-7964,apache/rocketmq,Java,qwen3-coder:30b/content,content,11,True,20.10374270799997,2,1,1,10,0.0,0.0,0.0,0.0,0.0,0.0,0.0,0.0,0.0,0.0,0.0,0.0,0.0,0.0,0.0,0.0,0.0,0.0,0.0,0.0,0.0
apache__dubbo-11420,apache/dubbo,Java,qwen3-coder:30b/paths,paths,11,True,10.180382458999986,10,8,2,10,0.0,0.0,0.0,0.0,0.0,0.1,0.3333333333333333,0.3333333333333333,0.125,0.0,0.1,0.2,0.2,0.125,0.0,0.2,0.2,0.2,0.25,0.0,0.5
apache__dubbo-11420,apache/dubbo,Java,qwen3-coder:30b/content,content,11,True,19.536343750000015,10,8,2,10,0.0,0.0,0.0,0.0,0.0,0.1,0.3333333333333333,0.3333333333333333,0.125,0.0,0.1,0.2,0.2,0.125,0.0,0.1,0.1,0.1,0.125,0.0,0.5
apache__rocketmq-5286,apache/rocketmq,Java,qwen3-coder:30b/paths,paths,11,True,8.504107957999963,4,3,1,10,0.0,0.0,0.0,0.0,0.0,0.25,0.3333333333333333,0.3333333333333333,0.3333333333333333,0.0,0.25,0.2,0.2,0.3333333333333333,0.0,0.25,0.1,0.1,0.3333333333333333,0.0,0.3333333333333333
apache__rocketmq-5286,apache/rocketmq,Java,qwen3-coder:30b/content,content,11,True,27.73939604200001,4,3,1,10,0.0,0.0,0.0,0.0,0.0,0.0,0.0,0.0,0.0,0.0,0.0,0.0,0.0,0.0,0.0,0.0,0.0,0.0,0.0,0.0,0.0
apache__rocketmq-5706,apache/rocketmq,Java,qwen3-coder:30b/paths,paths,11,True,11.151317708999954,5,3,2,10,0.2,1.0,1.0,0.3333333333333333,0.0,0.2,0.3333333333333333,0.3333333333333333,0.3333333333333333,0.0,0.4,0.4,0.4,0.6666666666666666,0.0,0.4,0.2,0.2,0.6666666666666666,0.0,1.0
apache__rocketmq-5706,apache/rocketmq,Java,qwen3-coder:30b/content,content,11,True,31.071335417,5,3,2,10,0.2,1.0,1.0,0.3333333333333333,0.0,0.4,0.6666666666666666,0.6666666666666666,0.6666666666666666,0.0,0.8,0.8,0.8,1.0,0.5,0.8,0.4,0.4,1.0,0.5,1.0
apache__dubbo-13869,apache/dubbo,Java,qwen3-coder:30b/paths,paths,11,True,10.956296500000008,4,2,2,10,0.0,0.0,0.0,0.0,0.0,0.0,0.0,0.0,0.0,0.0,0.0,0.0,0.0,0.0,0.0,0.0,0.0,0.0,0.0,0.0,0.0
apache__dubbo-13869,apache/dubbo,Java,qwen3-coder:30b/content,content,11,True,23.453515374999995,4,2,2,10,0.0,0.0,0.0,0.0,0.0,0.0,0.0,0.0,0.0,0.0,0.0,0.0,0.0,0.0,0.0,0.0,0.0,0.0,0.0,0.0,0.0
apache__dubbo-11255,apache/dubbo,Java,qwen3-coder:30b/paths,paths,11,True,16.00921970799999,2,1,1,10,0.0,0.0,0.0,0.0,0.0,0.0,0.0,0.0,0.0,0.0,0.0,0.0,0.0,0.0,0.0,0.0,0.0,0.0,0.0,0.0,0.0
apache__dubbo-11255,apache/dubbo,Java,qwen3-coder:30b/content,content,11,True,27.27306449999992,2,1,1,10,0.0,0.0,0.0,0.0,0.0,0.0,0.0,0.0,0.0,0.0,0.0,0.0,0.0,0.0,0.0,0.0,0.0,0.0,0.0,0.0,0.0
apache__rocketmq-5062,apache/rocketmq,Java,qwen3-coder:30b/paths,paths,11,True,8.625782458999993,6,4,2,10,0.0,0.0,0.0,0.0,0.0,0.16666666666666666,0.3333333333333333,0.3333333333333333,0.0,0.5,0.16666666666666666,0.2,0.2,0.0,0.5,0.3333333333333333,0.2,0.2,0.25,0.5,0.5
apache__rocketmq-5062,apache/rocketmq,Java,qwen3-coder:30b/content,content,11,True,23.79258100000004,6,4,2,10,0.0,0.0,0.0,0.0,0.0,0.16666666666666666,0.3333333333333333,0.3333333333333333,0.25,0.0,0.5,0.6,0.6,0.5,0.5,0.5,0.3,0.3,0.5,0.5,0.3333333333333333
apache__dubbo-8032,apache/dubbo,Java,qwen3-coder:30b/paths,paths,11,True,10.565557333000015,4,3,1,10,0.0,0.0,0.0,0.0,0.0,0.0,0.0,0.0,0.0,0.0,0.0,0.0,0.0,0.0,0.0,0.0,0.0,0.0,0.0,0.0,0.0
apache__dubbo-8032,apache/dubbo,Java,qwen3-coder:30b/content,content,11,True,20.90122304099998,4,3,1,10,0.0,0.0,0.0,0.0,0.0,0.0,0.0,0.0,0.0,0.0,0.0,0.0,0.0,0.0,0.0,0.0,0.0,0.0,0.0,0.0,0.0
apache__dubbo-2750,apache/dubbo,Java,qwen3-coder:30b/paths,paths,11,True,9.269466082999998,2,1,1,10,0.0,0.0,0.0,0.0,0.0,0.0,0.0,0.0,0.0,0.0,0.0,0.0,0.0,0.0,0.0,0.0,0.0,0.0,0.0,0.0,0.0
apache__dubbo-2750,apache/dubbo,Java,qwen3-coder:30b/content,content,11,True,16.77775537499997,2,1,1,10,0.0,0.0,0.0,0.0,0.0,0.0,0.0,0.0,0.0,0.0,0.0,0.0,0.0,0.0,0.0,0.0,0.0,0.0,0.0,0.0,0.0
apache__rocketmq-6522,apache/rocketmq,Java,qwen3-coder:30b/paths,paths,11,True,16.92204724999999,18,17,1,10,0.0,0.0,0.0,0.0,0.0,0.05555555555555555,0.3333333333333333,0.3333333333333333,0.058823529411764705,0.0,0.05555555555555555,0.2,0.2,0.058823529411764705,0.0,0.05555555555555555,0.1,0.1,0.058823529411764705,0.0,0.3333333333333333
apache__rocketmq-6522,apache/rocketmq,Java,qwen3-coder:30b/content,content,11,True,26.803722582999967,18,17,1,10,0.0,0.0,0.0,0.0,0.0,0.05555555555555555,0.3333333333333333,0.3333333333333333,0.058823529411764705,0.0,0.05555555555555555,0.2,0.2,0.058823529411764705,0.0,0.05555555555555555,0.1,0.1,0.058823529411764705,0.0,0.5
apolloconfig__apollo-4199,apolloconfig/apollo,Java,qwen3-coder:30b/paths,paths,11,True,7.15446995800005,5,4,1,10,0.0,0.0,0.0,0.0,0.0,0.0,0.0,0.0,0.0,0.0,0.0,0.0,0.0,0.0,0.0,0.0,0.0,0.0,0.0,0.0,0.0
apolloconfig__apollo-4199,apolloconfig/apollo,Java,qwen3-coder:30b/content,content,11,True,20.76552412500007,5,4,1,10,0.0,0.0,0.0,0.0,0.0,0.0,0.0,0.0,0.0,0.0,0.0,0.0,0.0,0.0,0.0,0.0,0.0,0.0,0.0,0.0,0.0
apache__rocketmq-4122,apache/rocketmq,Java,qwen3-coder:30b/paths,paths,11,True,7.183358375000012,2,2,0,10,0.5,1.0,1.0,0.5,,0.5,0.3333333333333333,0.3333333333333333,0.5,,0.5,0.2,0.2,0.5,,0.5,0.1,0.1,0.5,,1.0
apache__rocketmq-4122,apache/rocketmq,Java,qwen3-coder:30b/content,content,11,True,19.75096337499997,2,2,0,10,0.5,1.0,1.0,0.5,,0.5,0.3333333333333333,0.3333333333333333,0.5,,0.5,0.2,0.2,0.5,,0.5,0.1,0.1,0.5,,1.0
apache__rocketmq-3862,apache/rocketmq,Java,qwen3-coder:30b/paths,paths,11,True,6.29055366700004,2,1,1,10,0.0,0.0,0.0,0.0,0.0,0.0,0.0,0.0,0.0,0.0,0.0,0.0,0.0,0.0,0.0,0.0,0.0,0.0,0.0,0.0,0.0
apache__rocketmq-3862,apache/rocketmq,Java,qwen3-coder:30b/content,content,11,True,26.10301779200006,2,1,1,10,0.0,0.0,0.0,0.0,0.0,0.0,0.0,0.0,0.0,0.0,0.0,0.0,0.0,0.0,0.0,0.0,0.0,0.0,0.0,0.0,0.0
apache__rocketmq-7544,apache/rocketmq,Java,qwen3-coder:30b/paths,paths,11,True,10.74758104099999,14,14,0,10,0.0,0.0,0.0,0.0,,0.0,0.0,0.0,0.0,,0.0,0.0,0.0,0.0,,0.0,0.0,0.0,0.0,,0.0
apache__rocketmq-7544,apache/rocketmq,Java,qwen3-coder:30b/content,content,11,True,24.373377290999997,14,14,0,10,0.0,0.0,0.0,0.0,,0.0,0.0,0.0,0.0,,0.0,0.0,0.0,0.0,,0.0,0.0,0.0,0.0,,0.0
apolloconfig__apollo-4119,apolloconfig/apollo,Java,qwen3-coder:30b/paths,paths,11,True,11.605572875000007,12,8,4,10,0.08333333333333333,1.0,1.0,0.125,0.0,0.25,1.0,1.0,0.375,0.0,0.25,0.6,0.6,0.375,0.0,0.25,0.3,0.3,0.375,0.0,1.0
apolloconfig__apollo-4119,apolloconfig/apollo,Java,qwen3-coder:30b/content,content,11,True,22.405049374999976,12,8,4,10,0.08333333333333333,1.0,1.0,0.125,0.0,0.16666666666666666,0.6666666666666666,0.6666666666666666,0.25,0.0,0.16666666666666666,0.4,0.4,0.25,0.0,0.25,0.3,0.3,0.375,0.0,1.0
trinodb__trino-741,trinodb/trino,Java,qwen3-coder:30b/paths,paths,11,True,13.804643499999997,4,3,1,10,0.25,1.0,1.0,0.3333333333333333,0.0,0.5,0.6666666666666666,0.6666666666666666,0.6666666666666666,0.0,0.5,0.4,0.4,0.6666666666666666,0.0,1.0,0.4,0.4,1.0,1.0,1.0
trinodb__trino-741,trinodb/trino,Java,qwen3-coder:30b/content,content,11,True,29.565756709000084,4,3,1,10,0.25,1.0,1.0,0.3333333333333333,0.0,0.75,1.0,1.0,1.0,0.0,0.75,0.6,0.6,1.0,0.0,1.0,0.4,0.4,1.0,1.0,1.0
google__gson-2345,google/gson,Java,qwen3-coder:30b/paths,paths,29,True,7.609568166,7,4,3,10,0.14285714285714285,1.0,1.0,0.25,0.0,0.42857142857142855,1.0,1.0,0.5,0.3333333333333333,0.7142857142857143,1.0,1.0,0.75,0.6666666666666666,0.8571428571428571,0.6,0.6,1.0,0.6666666666666666,1.0
google__gson-2345,google/gson,Java,qwen3-coder:30b/paths,paths,47,True,3.385370666,7,4,3,10,0.14285714285714285,1.0,1.0,0.25,0.0,0.42857142857142855,1.0,1.0,0.5,0.3333333333333333,0.7142857142857143,1.0,1.0,0.75,0.6666666666666666,0.8571428571428571,0.6,0.6,1.0,0.6666666666666666,1.0
google__gson-2345,google/gson,Java,qwen3-coder:30b/content,content,29,True,27.954557041999998,7,4,3,10,0.14285714285714285,1.0,1.0,0.25,0.0,0.42857142857142855,1.0,1.0,0.5,0.3333333333333333,0.5714285714285714,0.8,0.8,0.5,0.6666666666666666,0.8571428571428571,0.6,0.6,1.0,0.6666666666666666,1.0
google__gson-2345,google/gson,Java,qwen3-coder:30b/content,content,47,True,11.040166999999997,7,4,3,10,0.14285714285714285,1.0,1.0,0.25,0.0,0.42857142857142855,1.0,1.0,0.5,0.3333333333333333,0.5714285714285714,0.8,0.8,0.5,0.6666666666666666,0.8571428571428571,0.6,0.6,1.0,0.6666666666666666,1.0
google__guava-3971,google/guava,Java,qwen3-coder:30b/paths,paths,29,True,11.650996624999998,4,2,2,10,0.25,1.0,1.0,0.5,0.0,0.5,0.6666666666666666,0.6666666666666666,0.5,0.5,0.5,0.4,0.4,0.5,0.5,1.0,0.4,0.4,1.0,1.0,1.0
google__guava-3971,google/guava,Java,qwen3-coder:30b/paths,paths,47,True,6.428947832999995,4,2,2,10,0.25,1.0,1.0,0.5,0.0,0.5,0.6666666666666666,0.6666666666666666,0.5,0.5,0.5,0.4,0.4,0.5,0.5,1.0,0.4,0.4,1.0,1.0,1.0
google__guava-3971,google/guava,Java,qwen3-coder:30b/content,content,29,True,27.34317158399999,4,2,2,10,0.25,1.0,1.0,0.5,0.0,0.75,1.0,1.0,0.5,1.0,0.75,0.6,0.6,0.5,1.0,1.0,0.4,0.4,1.0,1.0,1.0
google__guava-3971,google/guava,Java,qwen3-coder:30b/content,content,47,True,5.426989499999991,4,2,2,10,0.25,1.0,1.0,0.5,0.0,0.5,0.6666666666666666,0.6666666666666666,1.0,0.0,0.75,0.6,0.6,1.0,0.5,1.0,0.4,0.4,1.0,1.0,1.0
google__gson-2701,google/gson,Java,qwen3-coder:30b/paths,paths,29,True,11.528970290999993,2,1,1,10,0.5,1.0,1.0,1.0,0.0,0.5,0.3333333333333333,0.3333333333333333,1.0,0.0,0.5,0.2,0.2,1.0,0.0,0.5,0.1,0.1,1.0,0.0,1.0
google__gson-2701,google/gson,Java,qwen3-coder:30b/paths,paths,47,True,7.382963541999999,2,1,1,10,0.5,1.0,1.0,1.0,0.0,0.5,0.3333333333333333,0.3333333333333333,1.0,0.0,0.5,0.2,0.2,1.0,0.0,0.5,0.1,0.1,1.0,0.0,1.0
google__gson-2701,google/gson,Java,qwen3-coder:30b/content,content,29,True,23.699312167000002,2,1,1,10,0.5,1.0,1.0,1.0,0.0,0.5,0.3333333333333333,0.3333333333333333,1.0,0.0,0.5,0.2,0.2,1.0,0.0,0.5,0.1,0.1,1.0,0.0,1.0
google__gson-2701,google/gson,Java,qwen3-coder:30b/content,content,47,True,3.0638897910000082,2,1,1,10,0.5,1.0,1.0,1.0,0.0,0.5,0.3333333333333333,0.3333333333333333,1.0,0.0,0.5,0.2,0.2,1.0,0.0,0.5,0.1,0.1,1.0,0.0,1.0
apolloconfig__apollo-4464,apolloconfig/apollo,Java,qwen3-coder:30b/paths,paths,29,True,6.277925416000016,16,15,1,10,0.0625,1.0,1.0,0.06666666666666667,0.0,0.125,0.6666666666666666,0.6666666666666666,0.13333333333333333,0.0,0.1875,0.6,0.6,0.2,0.0,0.1875,0.3,0.3,0.2,0.0,1.0
apolloconfig__apollo-4464,apolloconfig/apollo,Java,qwen3-coder:30b/paths,paths,47,True,5.702079042000008,16,15,1,10,0.0625,1.0,1.0,0.06666666666666667,0.0,0.125,0.6666666666666666,0.6666666666666666,0.13333333333333333,0.0,0.1875,0.6,0.6,0.2,0.0,0.1875,0.3,0.3,0.2,0.0,1.0
apolloconfig__apollo-4464,apolloconfig/apollo,Java,qwen3-coder:30b/content,content,29,True,26.639626332999995,16,15,1,10,0.0625,1.0,1.0,0.06666666666666667,0.0,0.1875,1.0,1.0,0.2,0.0,0.1875,0.6,0.6,0.2,0.0,0.1875,0.3,0.3,0.2,0.0,1.0
apolloconfig__apollo-4464,apolloconfig/apollo,Java,qwen3-coder:30b/content,content,47,True,7.987495375000009,16,15,1,10,0.0625,1.0,1.0,0.06666666666666667,0.0,0.1875,1.0,1.0,0.2,0.0,0.1875,0.6,0.6,0.2,0.0,0.1875,0.3,0.3,0.2,0.0,1.0
apache__dubbo-11420,apache/dubbo,Java,qwen3-coder:30b/paths,paths,29,True,15.369440166999993,10,8,2,10,0.0,0.0,0.0,0.0,0.0,0.1,0.3333333333333333,0.3333333333333333,0.125,0.0,0.1,0.2,0.2,0.125,0.0,0.2,0.2,0.2,0.25,0.0,0.5
apache__dubbo-11420,apache/dubbo,Java,qwen3-coder:30b/paths,paths,47,True,5.401516041999997,10,8,2,10,0.0,0.0,0.0,0.0,0.0,0.1,0.3333333333333333,0.3333333333333333,0.125,0.0,0.1,0.2,0.2,0.125,0.0,0.2,0.2,0.2,0.25,0.0,0.5
apache__dubbo-11420,apache/dubbo,Java,qwen3-coder:30b/content,content,29,True,23.544805166999993,10,8,2,10,0.0,0.0,0.0,0.0,0.0,0.1,0.3333333333333333,0.3333333333333333,0.125,0.0,0.1,0.2,0.2,0.125,0.0,0.1,0.1,0.1,0.125,0.0,0.5
apache__dubbo-11420,apache/dubbo,Java,qwen3-coder:30b/content,content,47,True,2.4209690829999886,10,8,2,10,0.0,0.0,0.0,0.0,0.0,0.1,0.3333333333333333,0.3333333333333333,0.125,0.0,0.1,0.2,0.2,0.125,0.0,0.1,0.1,0.1,0.125,0.0,0.5
apache__dubbo-2750,apache/dubbo,Java,qwen3-coder:30b/paths,paths,29,True,7.310861666999983,2,1,1,10,0.0,0.0,0.0,0.0,0.0,0.0,0.0,0.0,0.0,0.0,0.0,0.0,0.0,0.0,0.0,0.0,0.0,0.0,0.0,0.0,0.0
apache__dubbo-2750,apache/dubbo,Java,qwen3-coder:30b/paths,paths,47,True,2.609253124999981,2,1,1,10,0.0,0.0,0.0,0.0,0.0,0.0,0.0,0.0,0.0,0.0,0.0,0.0,0.0,0.0,0.0,0.0,0.0,0.0,0.0,0.0,0.0
apache__dubbo-2750,apache/dubbo,Java,qwen3-coder:30b/content,content,29,True,21.48427358400002,2,1,1,10,0.0,0.0,0.0,0.0,0.0,0.0,0.0,0.0,0.0,0.0,0.0,0.0,0.0,0.0,0.0,0.0,0.0,0.0,0.0,0.0,0.0
apache__dubbo-2750,apache/dubbo,Java,qwen3-coder:30b/content,content,47,True,3.0510525000000257,2,1,1,10,0.0,0.0,0.0,0.0,0.0,0.0,0.0,0.0,0.0,0.0,0.0,0.0,0.0,0.0,0.0,0.0,0.0,0.0,0.0,0.0,0.0
apache__rocketmq-4122,apache/rocketmq,Java,qwen3-coder:30b/paths,paths,29,True,3.2445659580000097,2,2,0,10,0.5,1.0,1.0,0.5,,0.5,0.3333333333333333,0.3333333333333333,0.5,,0.5,0.2,0.2,0.5,,0.5,0.1,0.1,0.5,,1.0
apache__rocketmq-4122,apache/rocketmq,Java,qwen3-coder:30b/paths,paths,47,True,2.4749240409999516,2,2,0,10,0.5,1.0,1.0,0.5,,0.5,0.3333333333333333,0.3333333333333333,0.5,,0.5,0.2,0.2,0.5,,0.5,0.1,0.1,0.5,,1.0
apache__rocketmq-4122,apache/rocketmq,Java,qwen3-coder:30b/content,content,29,True,16.907688124999993,2,2,0,10,0.5,1.0,1.0,0.5,,0.5,0.3333333333333333,0.3333333333333333,0.5,,0.5,0.2,0.2,0.5,,0.5,0.1,0.1,0.5,,1.0
apache__rocketmq-4122,apache/rocketmq,Java,qwen3-coder:30b/content,content,47,True,0.8824717089999581,2,2,0,10,0.5,1.0,1.0,0.5,,0.5,0.3333333333333333,0.3333333333333333,0.5,,0.5,0.2,0.2,0.5,,0.5,0.1,0.1,0.5,,1.0
apache__rocketmq-7544,apache/rocketmq,Java,qwen3-coder:30b/paths,paths,29,True,3.865305957999965,14,14,0,10,0.0,0.0,0.0,0.0,,0.0,0.0,0.0,0.0,,0.0,0.0,0.0,0.0,,0.0,0.0,0.0,0.0,,0.0
apache__rocketmq-7544,apache/rocketmq,Java,qwen3-coder:30b/paths,paths,47,True,0.5061900420000143,14,14,0,10,0.0,0.0,0.0,0.0,,0.0,0.0,0.0,0.0,,0.0,0.0,0.0,0.0,,0.0,0.0,0.0,0.0,,0.0
apache__rocketmq-7544,apache/rocketmq,Java,qwen3-coder:30b/content,content,29,True,6.059063958000024,14,14,0,10,0.0,0.0,0.0,0.0,,0.0,0.0,0.0,0.0,,0.0,0.0,0.0,0.0,,0.0,0.0,0.0,0.0,,0.0
apache__rocketmq-7544,apache/rocketmq,Java,qwen3-coder:30b/content,content,47,True,1.9171067080000057,14,14,0,10,0.0,0.0,0.0,0.0,,0.0,0.0,0.0,0.0,,0.0,0.0,0.0,0.0,,0.0,0.0,0.0,0.0,,0.0
apolloconfig__apollo-4119,apolloconfig/apollo,Java,qwen3-coder:30b/paths,paths,29,True,2.3881377499999985,12,8,4,10,0.08333333333333333,1.0,1.0,0.125,0.0,0.25,1.0,1.0,0.375,0.0,0.25,0.6,0.6,0.375,0.0,0.25,0.3,0.3,0.375,0.0,1.0
apolloconfig__apollo-4119,apolloconfig/apollo,Java,qwen3-coder:30b/paths,paths,47,True,2.1737147079999772,12,8,4,10,0.0,0.0,0.0,0.0,0.0,0.16666666666666666,0.6666666666666666,0.6666666666666666,0.25,0.0,0.16666666666666666,0.4,0.4,0.25,0.0,0.16666666666666666,0.2,0.2,0.25,0.0,0.5
apolloconfig__apollo-4119,apolloconfig/apollo,Java,qwen3-coder:30b/content,content,29,True,4.543273416999966,12,8,4,10,0.08333333333333333,1.0,1.0,0.125,0.0,0.16666666666666666,0.6666666666666666,0.6666666666666666,0.25,0.0,0.16666666666666666,0.4,0.4,0.25,0.0,0.25,0.3,0.3,0.375,0.0,1.0
apolloconfig__apollo-4119,apolloconfig/apollo,Java,qwen3-coder:30b/content,content,47,True,1.9521387500000174,12,8,4,10,0.08333333333333333,1.0,1.0,0.125,0.0,0.16666666666666666,0.6666666666666666,0.6666666666666666,0.25,0.0,0.16666666666666666,0.4,0.4,0.25,0.0,0.25,0.3,0.3,0.375,0.0,1.0
trinodb__trino-1872,trinodb/trino,Java,qwen3-coder:30b/paths,paths,11,True,1.3314622500000155,8,3,5,10,0.0,0.0,0.0,0.0,0.0,0.0,0.0,0.0,0.0,0.0,0.125,0.2,0.2,0.0,0.2,0.125,0.1,0.1,0.0,0.2,0.25
trinodb__trino-1872,trinodb/trino,Java,qwen3-coder:30b/content,content,11,True,16.023651083000004,8,3,5,10,0.0,0.0,0.0,0.0,0.0,0.0,0.0,0.0,0.0,0.0,0.0,0.0,0.0,0.0,0.0,0.125,0.1,0.1,0.0,0.2,0.1111111111111111
trinodb__trino-1174,trinodb/trino,Java,qwen3-coder:30b/paths,paths,11,True,3.7555083749999767,15,13,2,10,0.06666666666666667,1.0,1.0,0.07692307692307693,0.0,0.13333333333333333,0.6666666666666666,0.6666666666666666,0.15384615384615385,0.0,0.2,0.6,0.6,0.23076923076923078,0.0,0.26666666666666666,0.4,0.4,0.3076923076923077,0.0,1.0
trinodb__trino-1174,trinodb/trino,Java,qwen3-coder:30b/content,content,11,True,12.862035625000033,15,13,2,10,0.06666666666666667,1.0,1.0,0.07692307692307693,0.0,0.13333333333333333,0.6666666666666666,0.6666666666666666,0.15384615384615385,0.0,0.13333333333333333,0.4,0.4,0.15384615384615385,0.0,0.3333333333333333,0.5,0.5,0.38461538461538464,0.0,1.0
trinodb__trino-117,trinodb/trino,Java,qwen3-coder:30b/paths,paths,11,True,2.4043709580000154,2,1,1,10,0.5,1.0,1.0,1.0,0.0,0.5,0.3333333333333333,0.3333333333333333,1.0,0.0,0.5,0.2,0.2,1.0,0.0,0.5,0.1,0.1,1.0,0.0,1.0
trinodb__trino-117,trinodb/trino,Java,qwen3-coder:30b/content,content,11,True,10.188593542000035,2,1,1,10,0.5,1.0,1.0,1.0,0.0,0.5,0.3333333333333333,0.3333333333333333,1.0,0.0,0.5,0.2,0.2,1.0,0.0,0.5,0.1,0.1,1.0,0.0,1.0
trinodb__trino-5507,trinodb/trino,Java,qwen3-coder:30b/paths,paths,11,True,4.792668375000005,5,3,2,10,0.2,1.0,1.0,0.3333333333333333,0.0,0.2,0.3333333333333333,0.3333333333333333,0.3333333333333333,0.0,0.2,0.2,0.2,0.3333333333333333,0.0,0.2,0.1,0.1,0.3333333333333333,0.0,1.0
trinodb__trino-5507,trinodb/trino,Java,qwen3-coder:30b/content,content,11,True,15.982584666000037,5,3,2,10,0.0,0.0,0.0,0.0,0.0,0.0,0.0,0.0,0.0,0.0,0.0,0.0,0.0,0.0,0.0,0.2,0.1,0.1,0.3333333333333333,0.0,0.1
trinodb__trino-4458,trinodb/trino,Java,qwen3-coder:30b/paths,paths,11,True,4.651410666000004,4,2,2,10,0.25,1.0,1.0,0.5,0.0,0.25,0.3333333333333333,0.3333333333333333,0.5,0.0,0.5,0.4,0.4,0.5,0.5,0.5,0.2,0.2,0.5,0.5,1.0
trinodb__trino-4458,trinodb/trino,Java,qwen3-coder:30b/paths,paths,29,True,0.494103124999981,4,2,2,10,0.25,1.0,1.0,0.5,0.0,0.25,0.3333333333333333,0.3333333333333333,0.5,0.0,0.5,0.4,0.4,0.5,0.5,0.5,0.2,0.2,0.5,0.5,1.0
trinodb__trino-4458,trinodb/trino,Java,qwen3-coder:30b/paths,paths,47,True,0.6485282079999592,4,2,2,10,0.25,1.0,1.0,0.5,0.0,0.25,0.3333333333333333,0.3333333333333333,0.5,0.0,0.5,0.4,0.4,0.5,0.5,0.5,0.2,0.2,0.5,0.5,1.0
trinodb__trino-4458,trinodb/trino,Java,qwen3-coder:30b/content,content,11,True,13.368867749999993,4,2,2,10,0.25,1.0,1.0,0.5,0.0,0.5,0.6666666666666666,0.6666666666666666,0.5,0.5,0.5,0.4,0.4,0.5,0.5,0.5,0.2,0.2,0.5,0.5,1.0
trinodb__trino-4458,trinodb/trino,Java,qwen3-coder:30b/content,content,29,True,1.0713682919999883,4,2,2,10,0.25,1.0,1.0,0.5,0.0,0.5,0.6666666666666666,0.6666666666666666,0.5,0.5,0.5,0.4,0.4,0.5,0.5,0.5,0.2,0.2,0.5,0.5,1.0
trinodb__trino-4458,trinodb/trino,Java,qwen3-coder:30b/content,content,47,True,1.3596903750000138,4,2,2,10,0.25,1.0,1.0,0.5,0.0,0.5,0.6666666666666666,0.6666666666666666,0.5,0.5,0.5,0.4,0.4,0.5,0.5,0.5,0.2,0.2,0.5,0.5,1.0
trinodb__trino-799,trinodb/trino,Java,qwen3-coder:30b/paths,paths,11,True,4.892303958000014,7,5,2,10,0.0,0.0,0.0,0.0,0.0,0.0,0.0,0.0,0.0,0.0,0.0,0.0,0.0,0.0,0.0,0.0,0.0,0.0,0.0,0.0,0.0
trinodb__trino-799,trinodb/trino,Java,qwen3-coder:30b/content,content,11,True,10.950719040999957,7,5,2,10,0.0,0.0,0.0,0.0,0.0,0.0,0.0,0.0,0.0,0.0,0.0,0.0,0.0,0.0,0.0,0.0,0.0,0.0,0.0,0.0,0.0
trinodb__trino-4600,trinodb/trino,Java,qwen3-coder:30b/paths,paths,11,True,4.425391582999964,4,3,1,10,0.0,0.0,0.0,0.0,0.0,0.0,0.0,0.0,0.0,0.0,0.0,0.0,0.0,0.0,0.0,0.0,0.0,0.0,0.0,0.0,0.0
trinodb__trino-4600,trinodb/trino,Java,qwen3-coder:30b/content,content,11,True,9.90254550000003,4,3,1,10,0.0,0.0,0.0,0.0,0.0,0.0,0.0,0.0,0.0,0.0,0.0,0.0,0.0,0.0,0.0,0.0,0.0,0.0,0.0,0.0,0.0
trinodb__trino-3392,trinodb/trino,Java,qwen3-coder:30b/paths,paths,11,True,5.29271479099998,4,3,1,10,0.25,1.0,1.0,0.3333333333333333,0.0,0.25,0.3333333333333333,0.3333333333333333,0.3333333333333333,0.0,0.25,0.2,0.2,0.3333333333333333,0.0,0.25,0.1,0.1,0.3333333333333333,0.0,1.0
trinodb__trino-3392,trinodb/trino,Java,qwen3-coder:30b/content,content,11,True,13.457708208999975,4,3,1,10,0.25,1.0,1.0,0.3333333333333333,0.0,0.25,0.3333333333333333,0.3333333333333333,0.3333333333333333,0.0,0.25,0.2,0.2,0.3333333333333333,0.0,0.25,0.1,0.1,0.3333333333333333,0.0,1.0
trinodb__trino-748,trinodb/trino,Java,qwen3-coder:30b/paths,paths,11,True,1.9182844169999953,3,2,1,10,0.3333333333333333,1.0,1.0,0.5,0.0,0.6666666666666666,0.6666666666666666,0.6666666666666666,1.0,0.0,0.6666666666666666,0.4,0.4,1.0,0.0,0.6666666666666666,0.2,0.2,1.0,0.0,1.0
trinodb__trino-748,trinodb/trino,Java,qwen3-coder:30b/content,content,11,True,10.829541457999994,3,2,1,10,0.3333333333333333,1.0,1.0,0.5,0.0,0.6666666666666666,0.6666666666666666,0.6666666666666666,1.0,0.0,0.6666666666666666,0.4,0.4,1.0,0.0,0.6666666666666666,0.2,0.2,1.0,0.0,1.0
trinodb__trino-3638,trinodb/trino,Java,qwen3-coder:30b/paths,paths,11,True,2.006337459000008,6,3,3,10,0.16666666666666666,1.0,1.0,0.3333333333333333,0.0,0.16666666666666666,0.3333333333333333,0.3333333333333333,0.3333333333333333,0.0,0.16666666666666666,0.2,0.2,0.3333333333333333,0.0,0.16666666666666666,0.1,0.1,0.3333333333333333,0.0,1.0
trinodb__trino-3638,trinodb/trino,Java,qwen3-coder:30b/paths,paths,29,True,0.8047131249999779,6,3,3,10,0.16666666666666666,1.0,1.0,0.3333333333333333,0.0,0.16666666666666666,0.3333333333333333,0.3333333333333333,0.3333333333333333,0.0,0.16666666666666666,0.2,0.2,0.3333333333333333,0.0,0.16666666666666666,0.1,0.1,0.3333333333333333,0.0,1.0
trinodb__trino-3638,trinodb/trino,Java,qwen3-coder:30b/paths,paths,47,True,0.7403079169999955,6,3,3,10,0.16666666666666666,1.0,1.0,0.3333333333333333,0.0,0.16666666666666666,0.3333333333333333,0.3333333333333333,0.3333333333333333,0.0,0.16666666666666666,0.2,0.2,0.3333333333333333,0.0,0.16666666666666666,0.1,0.1,0.3333333333333333,0.0,1.0
trinodb__trino-3638,trinodb/trino,Java,qwen3-coder:30b/content,content,11,True,9.830087791999972,6,3,3,10,0.16666666666666666,1.0,1.0,0.3333333333333333,0.0,0.16666666666666666,0.3333333333333333,0.3333333333333333,0.3333333333333333,0.0,0.16666666666666666,0.2,0.2,0.3333333333333333,0.0,0.16666666666666666,0.1,0.1,0.3333333333333333,0.0,1.0
trinodb__trino-3638,trinodb/trino,Java,qwen3-coder:30b/content,content,29,True,0.701721415999998,6,3,3,10,0.16666666666666666,1.0,1.0,0.3333333333333333,0.0,0.16666666666666666,0.3333333333333333,0.3333333333333333,0.3333333333333333,0.0,0.16666666666666666,0.2,0.2,0.3333333333333333,0.0,0.16666666666666666,0.1,0.1,0.3333333333333333,0.0,1.0
trinodb__trino-3638,trinodb/trino,Java,qwen3-coder:30b/content,content,47,True,1.1050893750000341,6,3,3,10,0.16666666666666666,1.0,1.0,0.3333333333333333,0.0,0.16666666666666666,0.3333333333333333,0.3333333333333333,0.3333333333333333,0.0,0.16666666666666666,0.2,0.2,0.3333333333333333,0.0,0.16666666666666666,0.1,0.1,0.3333333333333333,0.0,1.0
trinodb__trino-3771,trinodb/trino,Java,qwen3-coder:30b/paths,paths,11,True,5.081698082999992,4,3,1,10,0.0,0.0,0.0,0.0,0.0,0.0,0.0,0.0,0.0,0.0,0.0,0.0,0.0,0.0,0.0,0.0,0.0,0.0,0.0,0.0,0.0
trinodb__trino-3771,trinodb/trino,Java,qwen3-coder:30b/content,content,11,True,11.010599999999954,4,3,1,10,0.0,0.0,0.0,0.0,0.0,0.0,0.0,0.0,0.0,0.0,0.0,0.0,0.0,0.0,0.0,0.0,0.0,0.0,0.0,0.0,0.0
trinodb__trino-6074,trinodb/trino,Java,qwen3-coder:30b/paths,paths,11,True,4.472333084000013,5,2,3,10,0.0,0.0,0.0,0.0,0.0,0.2,0.3333333333333333,0.3333333333333333,0.5,0.0,0.4,0.4,0.4,1.0,0.0,1.0,0.5,0.5,1.0,1.0,0.3333333333333333
trinodb__trino-6074,trinodb/trino,Java,qwen3-coder:30b/content,content,11,True,21.07000445899996,5,2,3,10,0.2,1.0,1.0,0.5,0.0,0.4,0.6666666666666666,0.6666666666666666,1.0,0.0,0.4,0.4,0.4,1.0,0.0,0.6,0.3,0.3,1.0,0.3333333333333333,1.0
trinodb__trino-1848,trinodb/trino,Java,qwen3-coder:30b/paths,paths,11,True,6.972559165999996,3,2,1,10,0.3333333333333333,1.0,1.0,0.5,0.0,0.6666666666666666,0.6666666666666666,0.6666666666666666,1.0,0.0,0.6666666666666666,0.4,0.4,1.0,0.0,0.6666666666666666,0.2,0.2,1.0,0.0,1.0
trinodb__trino-1848,trinodb/trino,Java,qwen3-coder:30b/content,content,11,True,21.44666749999999,3,2,1,10,0.3333333333333333,1.0,1.0,0.5,0.0,0.6666666666666666,0.6666666666666666,0.6666666666666666,1.0,0.0,0.6666666666666666,0.4,0.4,1.0,0.0,0.6666666666666666,0.2,0.2,1.0,0.0,1.0
trinodb__trino-1090,trinodb/trino,Java,qwen3-coder:30b/paths,paths,11,True,6.932522458999983,6,3,3,10,0.0,0.0,0.0,0.0,0.0,0.0,0.0,0.0,0.0,0.0,0.0,0.0,0.0,0.0,0.0,0.0,0.0,0.0,0.0,0.0,0.0
trinodb__trino-1090,trinodb/trino,Java,qwen3-coder:30b/content,content,11,True,20.139478417000078,6,3,3,10,0.16666666666666666,1.0,1.0,0.3333333333333333,0.0,0.5,1.0,1.0,1.0,0.0,0.8333333333333334,1.0,1.0,1.0,0.6666666666666666,0.8333333333333334,0.5,0.5,1.0,0.6666666666666666,1.0
mrdoob__three.js-14566,mrdoob/three.js,JavaScript,qwen3-coder:30b/paths,paths,11,True,6.893383707999988,5,4,1,10,0.0,0.0,0.0,0.0,0.0,0.0,0.0,0.0,0.0,0.0,0.2,0.2,0.2,0.25,0.0,0.2,0.1,0.1,0.25,0.0,0.2
mrdoob__three.js-14566,mrdoob/three.js,JavaScript,qwen3-coder:30b/content,content,11,True,22.66013262499996,5,4,1,10,0.2,1.0,1.0,0.25,0.0,0.2,0.3333333333333333,0.3333333333333333,0.25,0.0,0.2,0.2,0.2,0.25,0.0,0.2,0.1,0.1,0.25,0.0,1.0
mrdoob__three.js-17649,mrdoob/three.js,JavaScript,qwen3-coder:30b/paths,paths,11,True,13.984565249999946,18,17,1,10,0.05555555555555555,1.0,1.0,0.058823529411764705,0.0,0.1111111111111111,0.6666666666666666,0.6666666666666666,0.11764705882352941,0.0,0.2222222222222222,0.8,0.8,0.23529411764705882,0.0,0.3333333333333333,0.6,0.6,0.29411764705882354,1.0,1.0
mrdoob__three.js-17649,mrdoob/three.js,JavaScript,qwen3-coder:30b/paths,paths,29,True,4.312466832999917,18,17,1,10,0.05555555555555555,1.0,1.0,0.058823529411764705,0.0,0.1111111111111111,0.6666666666666666,0.6666666666666666,0.11764705882352941,0.0,0.2222222222222222,0.8,0.8,0.23529411764705882,0.0,0.3333333333333333,0.6,0.6,0.29411764705882354,1.0,1.0
mrdoob__three.js-17649,mrdoob/three.js,JavaScript,qwen3-coder:30b/paths,paths,47,True,50.35317570899997,18,17,1,10,0.05555555555555555,1.0,1.0,0.058823529411764705,0.0,0.1111111111111111,0.6666666666666666,0.6666666666666666,0.11764705882352941,0.0,0.2222222222222222,0.8,0.8,0.23529411764705882,0.0,0.3888888888888889,0.7,0.7,0.35294117647058826,1.0,1.0
mrdoob__three.js-17649,mrdoob/three.js,JavaScript,qwen3-coder:30b/content,content,11,True,160.05906100000004,18,17,1,10,0.05555555555555555,1.0,1.0,0.058823529411764705,0.0,0.16666666666666666,1.0,1.0,0.17647058823529413,0.0,0.2777777777777778,1.0,1.0,0.29411764705882354,0.0,0.3333333333333333,0.6,0.6,0.35294117647058826,0.0,1.0
mrdoob__three.js-17649,mrdoob/three.js,JavaScript,qwen3-coder:30b/content,content,29,True,32.636557916000015,18,17,1,10,0.05555555555555555,1.0,1.0,0.058823529411764705,0.0,0.16666666666666666,1.0,1.0,0.17647058823529413,0.0,0.2777777777777778,1.0,1.0,0.29411764705882354,0.0,0.3333333333333333,0.6,0.6,0.35294117647058826,0.0,1.0
mrdoob__three.js-17649,mrdoob/three.js,JavaScript,qwen3-coder:30b/content,content,47,True,6.277145832999963,18,17,1,10,0.05555555555555555,1.0,1.0,0.058823529411764705,0.0,0.16666666666666666,1.0,1.0,0.17647058823529413,0.0,0.2777777777777778,1.0,1.0,0.29411764705882354,0.0,0.3333333333333333,0.6,0.6,0.35294117647058826,0.0,1.0
mrdoob__three.js-20478,mrdoob/three.js,JavaScript,qwen3-coder:30b/paths,paths,11,True,11.689323999999942,4,3,1,10,0.25,1.0,1.0,0.3333333333333333,0.0,0.25,0.3333333333333333,0.3333333333333333,0.3333333333333333,0.0,0.25,0.2,0.2,0.3333333333333333,0.0,0.5,0.2,0.2,0.6666666666666666,0.0,1.0
mrdoob__three.js-20478,mrdoob/three.js,JavaScript,qwen3-coder:30b/content,content,11,True,50.733376582999995,4,3,1,10,0.25,1.0,1.0,0.3333333333333333,0.0,0.5,0.6666666666666666,0.6666666666666666,0.6666666666666666,0.0,0.5,0.4,0.4,0.6666666666666666,0.0,0.5,0.2,0.2,0.6666666666666666,0.0,1.0
mrdoob__three.js-21532,mrdoob/three.js,JavaScript,qwen3-coder:30b/paths,paths,11,True,11.310037708999971,5,4,1,10,0.2,1.0,1.0,0.25,0.0,0.4,0.6666666666666666,0.6666666666666666,0.25,1.0,0.4,0.4,0.4,0.25,1.0,0.4,0.2,0.2,0.25,1.0,1.0
mrdoob__three.js-21532,mrdoob/three.js,JavaScript,qwen3-coder:30b/paths,paths,29,True,2.1770530830000325,5,4,1,10,0.2,1.0,1.0,0.25,0.0,0.4,0.6666666666666666,0.6666666666666666,0.25,1.0,0.4,0.4,0.4,0.25,1.0,0.4,0.2,0.2,0.25,1.0,1.0
mrdoob__three.js-21532,mrdoob/three.js,JavaScript,qwen3-coder:30b/paths,paths,47,True,2.842240707999963,5,4,1,10,0.2,1.0,1.0,0.25,0.0,0.4,0.6666666666666666,0.6666666666666666,0.25,1.0,0.4,0.4,0.4,0.25,1.0,0.4,0.2,0.2,0.25,1.0,1.0
mrdoob__three.js-21532,mrdoob/three.js,JavaScript,qwen3-coder:30b/content,content,11,True,68.32024950000005,5,4,1,10,0.2,1.0,1.0,0.25,0.0,0.4,0.6666666666666666,0.6666666666666666,0.25,1.0,0.4,0.4,0.4,0.25,1.0,0.4,0.2,0.2,0.25,1.0,1.0
mrdoob__three.js-21532,mrdoob/three.js,JavaScript,qwen3-coder:30b/content,content,29,True,1.9802568329998849,5,4,1,10,0.2,1.0,1.0,0.25,0.0,0.4,0.6666666666666666,0.6666666666666666,0.25,1.0,0.4,0.4,0.4,0.25,1.0,0.4,0.2,0.2,0.25,1.0,1.0
mrdoob__three.js-21532,mrdoob/three.js,JavaScript,qwen3-coder:30b/content,content,47,True,2.3753094580001743,5,4,1,10,0.2,1.0,1.0,0.25,0.0,0.4,0.6666666666666666,0.6666666666666666,0.25,1.0,0.4,0.4,0.4,0.25,1.0,0.4,0.2,0.2,0.25,1.0,1.0
mrdoob__three.js-21826,mrdoob/three.js,JavaScript,qwen3-coder:30b/paths,paths,11,True,10.754575041999942,5,4,1,10,0.0,0.0,0.0,0.0,0.0,0.0,0.0,0.0,0.0,0.0,0.0,0.0,0.0,0.0,0.0,0.0,0.0,0.0,0.0,0.0,0.0
mrdoob__three.js-21826,mrdoob/three.js,JavaScript,qwen3-coder:30b/content,content,11,True,23.67617595799993,5,4,1,10,0.0,0.0,0.0,0.0,0.0,0.0,0.0,0.0,0.0,0.0,0.0,0.0,0.0,0.0,0.0,0.0,0.0,0.0,0.0,0.0,0.0
mrdoob__three.js-23596,mrdoob/three.js,JavaScript,qwen3-coder:30b/paths,paths,11,True,5.611480540999992,3,2,1,10,0.3333333333333333,1.0,1.0,0.5,0.0,0.6666666666666666,0.6666666666666666,0.6666666666666666,1.0,0.0,0.6666666666666666,0.4,0.4,1.0,0.0,0.6666666666666666,0.2,0.2,1.0,0.0,1.0
mrdoob__three.js-23596,mrdoob/three.js,JavaScript,qwen3-coder:30b/content,content,11,True,12.813540333999981,3,2,1,6,0.3333333333333333,1.0,1.0,0.5,0.0,0.3333333333333333,0.3333333333333333,0.3333333333333333,0.5,0.0,0.3333333333333333,0.2,0.2,0.5,0.0,0.6666666666666666,0.2,0.3333333333333333,1.0,0.0,1.0
mrdoob__three.js-23796,mrdoob/three.js,JavaScript,qwen3-coder:30b/paths,paths,11,True,5.322482875000105,15,9,6,10,0.06666666666666667,1.0,1.0,0.1111111111111111,0.0,0.2,1.0,1.0,0.2222222222222222,0.16666666666666666,0.3333333333333333,1.0,1.0,0.2222222222222222,0.5,0.4,0.6,0.6,0.2222222222222222,0.6666666666666666,1.0
mrdoob__three.js-23796,mrdoob/three.js,JavaScript,qwen3-coder:30b/content,content,11,True,16.78325170800008,15,9,6,10,0.06666666666666667,1.0,1.0,0.1111111111111111,0.0,0.2,1.0,1.0,0.2222222222222222,0.16666666666666666,0.26666666666666666,0.8,0.8,0.2222222222222222,0.3333333333333333,0.4666666666666667,0.7,0.7,0.4444444444444444,0.5,1.0
sveltejs__svelte-778,sveltejs/svelte,JavaScript,qwen3-coder:30b/paths,paths,11,True,2.143133374999934,5,4,1,10,0.0,0.0,0.0,0.0,0.0,0.0,0.0,0.0,0.0,0.0,0.0,0.0,0.0,0.0,0.0,0.0,0.0,0.0,0.0,0.0,0.0
sveltejs__svelte-778,sveltejs/svelte,JavaScript,qwen3-coder:30b/content,content,11,True,7.866981459000044,5,4,1,10,0.0,0.0,0.0,0.0,0.0,0.0,0.0,0.0,0.0,0.0,0.0,0.0,0.0,0.0,0.0,0.0,0.0,0.0,0.0,0.0,0.0
sveltejs__svelte-785,sveltejs/svelte,JavaScript,qwen3-coder:30b/paths,paths,11,True,4.163958459000014,25,1,24,10,0.0,0.0,0.0,0.0,0.0,0.0,0.0,0.0,0.0,0.0,0.08,0.4,0.4,0.0,0.08333333333333333,0.12,0.3,0.3,0.0,0.125,0.25
sveltejs__svelte-785,sveltejs/svelte,JavaScript,qwen3-coder:30b/content,content,11,True,10.176609082999903,25,1,24,10,0.04,1.0,1.0,0.0,0.041666666666666664,0.08,0.6666666666666666,0.6666666666666666,0.0,0.08333333333333333,0.16,0.8,0.8,0.0,0.16666666666666666,0.28,0.7,0.7,0.0,0.2916666666666667,1.0
sveltejs__svelte-1148,sveltejs/svelte,JavaScript,qwen3-coder:30b/paths,paths,11,True,4.655132832999925,9,4,5,10,0.1111111111111111,1.0,1.0,0.25,0.0,0.3333333333333333,1.0,1.0,0.25,0.4,0.5555555555555556,1.0,1.0,0.25,0.8,0.7777777777777778,0.7,0.7,0.5,1.0,1.0
sveltejs__svelte-1148,sveltejs/svelte,JavaScript,qwen3-coder:30b/content,content,11,True,8.102131249999957,9,4,5,10,0.1111111111111111,1.0,1.0,0.25,0.0,0.3333333333333333,1.0,1.0,0.5,0.2,0.5555555555555556,1.0,1.0,0.5,0.6,0.6666666666666666,0.6,0.6,0.5,0.8,1.0
sveltejs__svelte-1811,sveltejs/svelte,JavaScript,qwen3-coder:30b/paths,paths,11,True,4.15410033299986,20,2,18,10,0.0,0.0,0.0,0.0,0.0,0.0,0.0,0.0,0.0,0.0,0.0,0.0,0.0,0.0,0.0,0.05,0.1,0.1,0.0,0.05555555555555555,0.1
sveltejs__svelte-1811,sveltejs/svelte,JavaScript,qwen3-coder:30b/content,content,11,True,9.014168791999964,20,2,18,10,0.0,0.0,0.0,0.0,0.0,0.05,0.3333333333333333,0.3333333333333333,0.0,0.05555555555555555,0.1,0.4,0.4,0.5,0.05555555555555555,0.25,0.5,0.5,0.5,0.2222222222222222,0.5
sveltejs__svelte-2187,sveltejs/svelte,JavaScript,qwen3-coder:30b/paths,paths,11,True,4.458901875000038,12,4,8,10,0.0,0.0,0.0,0.0,0.0,0.0,0.0,0.0,0.0,0.0,0.0,0.0,0.0,0.0,0.0,0.0,0.0,0.0,0.0,0.0,0.0
sveltejs__svelte-2187,sveltejs/svelte,JavaScript,qwen3-coder:30b/content,content,11,True,9.374904249999872,12,4,8,10,0.08333333333333333,1.0,1.0,0.0,0.125,0.25,1.0,1.0,0.0,0.375,0.25,0.6,0.6,0.0,0.375,0.25,0.3,0.3,0.0,0.375,1.0
sveltejs__svelte-5442,sveltejs/svelte,JavaScript,qwen3-coder:30b/paths,paths,11,True,3.7330327919999036,8,5,3,10,0.0,0.0,0.0,0.0,0.0,0.125,0.3333333333333333,0.3333333333333333,0.0,0.3333333333333333,0.125,0.2,0.2,0.0,0.3333333333333333,0.125,0.1,0.1,0.0,0.3333333333333333,0.5
sveltejs__svelte-5442,sveltejs/svelte,JavaScript,qwen3-coder:30b/paths,paths,29,True,1.1352589580001222,8,5,3,10,0.0,0.0,0.0,0.0,0.0,0.125,0.3333333333333333,0.3333333333333333,0.0,0.3333333333333333,0.125,0.2,0.2,0.0,0.3333333333333333,0.125,0.1,0.1,0.0,0.3333333333333333,0.5
sveltejs__svelte-5442,sveltejs/svelte,JavaScript,qwen3-coder:30b/paths,paths,47,True,1.0998879999999644,8,5,3,10,0.0,0.0,0.0,0.0,0.0,0.125,0.3333333333333333,0.3333333333333333,0.0,0.3333333333333333,0.125,0.2,0.2,0.0,0.3333333333333333,0.125,0.1,0.1,0.0,0.3333333333333333,0.5
sveltejs__svelte-5442,sveltejs/svelte,JavaScript,qwen3-coder:30b/content,content,11,True,13.23670674999994,8,5,3,10,0.0,0.0,0.0,0.0,0.0,0.125,0.3333333333333333,0.3333333333333333,0.0,0.3333333333333333,0.125,0.2,0.2,0.0,0.3333333333333333,0.25,0.2,0.2,0.2,0.3333333333333333,0.3333333333333333
sveltejs__svelte-5442,sveltejs/svelte,JavaScript,qwen3-coder:30b/content,content,29,True,1.3753653750000012,8,5,3,10,0.0,0.0,0.0,0.0,0.0,0.125,0.3333333333333333,0.3333333333333333,0.0,0.3333333333333333,0.25,0.4,0.4,0.2,0.3333333333333333,0.25,0.2,0.2,0.2,0.3333333333333333,0.3333333333333333
sveltejs__svelte-5442,sveltejs/svelte,JavaScript,qwen3-coder:30b/content,content,47,True,1.4533484579999367,8,5,3,10,0.0,0.0,0.0,0.0,0.0,0.0,0.0,0.0,0.0,0.0,0.0,0.0,0.0,0.0,0.0,0.125,0.1,0.1,0.0,0.3333333333333333,0.16666666666666666
sveltejs__svelte-6223,sveltejs/svelte,JavaScript,qwen3-coder:30b/paths,paths,11,True,5.530179292000184,5,1,4,10,0.2,1.0,1.0,0.0,0.25,0.2,0.3333333333333333,0.3333333333333333,0.0,0.25,0.2,0.2,0.2,0.0,0.25,0.2,0.1,0.1,0.0,0.25,1.0
sveltejs__svelte-6223,sveltejs/svelte,JavaScript,qwen3-coder:30b/paths,paths,29,True,1.4869300000000294,5,1,4,10,0.2,1.0,1.0,0.0,0.25,0.2,0.3333333333333333,0.3333333333333333,0.0,0.25,0.2,0.2,0.2,0.0,0.25,0.2,0.1,0.1,0.0,0.25,1.0
sveltejs__svelte-6223,sveltejs/svelte,JavaScript,qwen3-coder:30b/paths,paths,47,True,1.5468986250000398,5,1,4,10,0.2,1.0,1.0,0.0,0.25,0.2,0.3333333333333333,0.3333333333333333,0.0,0.25,0.2,0.2,0.2,0.0,0.25,0.2,0.1,0.1,0.0,0.25,1.0
sveltejs__svelte-6223,sveltejs/svelte,JavaScript,qwen3-coder:30b/content,content,11,True,10.017625875000022,5,1,4,10,0.0,0.0,0.0,0.0,0.0,0.0,0.0,0.0,0.0,0.0,0.2,0.2,0.2,0.0,0.25,0.2,0.1,0.1,0.0,0.25,0.25
sveltejs__svelte-6223,sveltejs/svelte,JavaScript,qwen3-coder:30b/content,content,29,True,1.320871957999998,5,1,4,10,0.0,0.0,0.0,0.0,0.0,0.2,0.3333333333333333,0.3333333333333333,0.0,0.25,0.2,0.2,0.2,0.0,0.25,0.2,0.1,0.1,0.0,0.25,0.5
sveltejs__svelte-6223,sveltejs/svelte,JavaScript,qwen3-coder:30b/content,content,47,True,1.2168267079998714,5,1,4,10,0.0,0.0,0.0,0.0,0.0,0.0,0.0,0.0,0.0,0.0,0.0,0.0,0.0,0.0,0.0,0.2,0.1,0.1,0.0,0.25,0.16666666666666666
sveltejs__svelte-6528,sveltejs/svelte,JavaScript,qwen3-coder:30b/paths,paths,11,True,2.7005545419999635,4,4,0,10,0.0,0.0,0.0,0.0,,0.0,0.0,0.0,0.0,,0.25,0.2,0.2,0.25,,0.25,0.1,0.1,0.25,,0.25
sveltejs__svelte-6528,sveltejs/svelte,JavaScript,qwen3-coder:30b/content,content,11,True,13.351201707999962,4,4,0,10,0.0,0.0,0.0,0.0,,0.0,0.0,0.0,0.0,,0.0,0.0,0.0,0.0,,0.25,0.1,0.1,0.25,,0.125
sveltejs__svelte-6564,sveltejs/svelte,JavaScript,qwen3-coder:30b/paths,paths,11,True,2.8036956250000458,1,1,0,10,0.0,0.0,0.0,0.0,,0.0,0.0,0.0,0.0,,0.0,0.0,0.0,0.0,,0.0,0.0,0.0,0.0,,0.0
sveltejs__svelte-6564,sveltejs/svelte,JavaScript,qwen3-coder:30b/content,content,11,True,11.323257207999859,1,1,0,10,0.0,0.0,0.0,0.0,,0.0,0.0,0.0,0.0,,0.0,0.0,0.0,0.0,,0.0,0.0,0.0,0.0,,0.0
sveltejs__svelte-6613,sveltejs/svelte,JavaScript,qwen3-coder:30b/paths,paths,11,True,5.724264459000096,2,1,1,10,0.0,0.0,0.0,0.0,0.0,0.0,0.0,0.0,0.0,0.0,0.0,0.0,0.0,0.0,0.0,0.0,0.0,0.0,0.0,0.0,0.0
sveltejs__svelte-6613,sveltejs/svelte,JavaScript,qwen3-coder:30b/content,content,11,True,11.278861458000165,2,1,1,10,0.0,0.0,0.0,0.0,0.0,0.0,0.0,0.0,0.0,0.0,0.0,0.0,0.0,0.0,0.0,0.0,0.0,0.0,0.0,0.0,0.0
sveltejs__svelte-6838,sveltejs/svelte,JavaScript,qwen3-coder:30b/paths,paths,11,True,2.7885877919998165,3,2,1,10,0.3333333333333333,1.0,1.0,0.5,0.0,0.3333333333333333,0.3333333333333333,0.3333333333333333,0.5,0.0,0.3333333333333333,0.2,0.2,0.5,0.0,0.6666666666666666,0.2,0.2,0.5,1.0,1.0
sveltejs__svelte-6838,sveltejs/svelte,JavaScript,qwen3-coder:30b/content,content,11,True,12.056285417000026,3,2,1,10,0.3333333333333333,1.0,1.0,0.5,0.0,0.3333333333333333,0.3333333333333333,0.3333333333333333,0.5,0.0,0.3333333333333333,0.2,0.2,0.5,0.0,0.6666666666666666,0.2,0.2,0.5,1.0,1.0
prettier__prettier-16765,prettier/prettier,JavaScript,qwen3-coder:30b/paths,paths,11,True,4.024500332999878,1,1,0,10,0.0,0.0,0.0,0.0,,0.0,0.0,0.0,0.0,,0.0,0.0,0.0,0.0,,0.0,0.0,0.0,0.0,,0.0
prettier__prettier-16765,prettier/prettier,JavaScript,qwen3-coder:30b/content,content,11,True,15.999397041000066,1,1,0,10,0.0,0.0,0.0,0.0,,0.0,0.0,0.0,0.0,,0.0,0.0,0.0,0.0,,0.0,0.0,0.0,0.0,,0.0
prettier__prettier-14317,prettier/prettier,JavaScript,qwen3-coder:30b/paths,paths,11,True,2.5958341250000103,4,3,1,10,0.25,1.0,1.0,0.3333333333333333,0.0,0.25,0.3333333333333333,0.3333333333333333,0.3333333333333333,0.0,0.25,0.2,0.2,0.3333333333333333,0.0,0.25,0.1,0.1,0.3333333333333333,0.0,1.0
prettier__prettier-14317,prettier/prettier,JavaScript,qwen3-coder:30b/paths,paths,29,True,1.1536444169998958,4,3,1,10,0.25,1.0,1.0,0.3333333333333333,0.0,0.25,0.3333333333333333,0.3333333333333333,0.3333333333333333,0.0,0.25,0.2,0.2,0.3333333333333333,0.0,0.25,0.1,0.1,0.3333333333333333,0.0,1.0
prettier__prettier-14317,prettier/prettier,JavaScript,qwen3-coder:30b/paths,paths,47,True,0.9330205409999053,4,3,1,10,0.25,1.0,1.0,0.3333333333333333,0.0,0.25,0.3333333333333333,0.3333333333333333,0.3333333333333333,0.0,0.25,0.2,0.2,0.3333333333333333,0.0,0.25,0.1,0.1,0.3333333333333333,0.0,1.0
prettier__prettier-14317,prettier/prettier,JavaScript,qwen3-coder:30b/content,content,11,True,14.015504583000165,4,3,1,3,0.25,1.0,1.0,0.3333333333333333,0.0,0.25,0.3333333333333333,0.3333333333333333,0.3333333333333333,0.0,0.25,0.2,0.3333333333333333,0.3333333333333333,0.0,0.25,0.1,0.3333333333333333,0.3333333333333333,0.0,1.0
prettier__prettier-14317,prettier/prettier,JavaScript,qwen3-coder:30b/content,content,29,True,0.5766980000000785,4,3,1,3,0.25,1.0,1.0,0.3333333333333333,0.0,0.25,0.3333333333333333,0.3333333333333333,0.3333333333333333,0.0,0.25,0.2,0.3333333333333333,0.3333333333333333,0.0,0.25,0.1,0.3333333333333333,0.3333333333333333,0.0,1.0
prettier__prettier-14317,prettier/prettier,JavaScript,qwen3-coder:30b/content,content,47,True,0.5109472909998658,4,3,1,3,0.25,1.0,1.0,0.3333333333333333,0.0,0.25,0.3333333333333333,0.3333333333333333,0.3333333333333333,0.0,0.25,0.2,0.3333333333333333,0.3333333333333333,0.0,0.25,0.1,0.3333333333333333,0.3333333333333333,0.0,1.0
prettier__prettier-14108,prettier/prettier,JavaScript,qwen3-coder:30b/paths,paths,11,True,2.381406624999954,3,2,1,10,0.3333333333333333,1.0,1.0,0.5,0.0,0.6666666666666666,0.6666666666666666,0.6666666666666666,0.5,1.0,1.0,0.6,0.6,1.0,1.0,1.0,0.3,0.3,1.0,1.0,1.0
prettier__prettier-14108,prettier/prettier,JavaScript,qwen3-coder:30b/content,content,11,True,14.095989624999902,3,2,1,10,0.3333333333333333,1.0,1.0,0.5,0.0,0.6666666666666666,0.6666666666666666,0.6666666666666666,0.5,1.0,1.0,0.6,0.6,1.0,1.0,1.0,0.3,0.3,1.0,1.0,1.0
prettier__prettier-10910,prettier/prettier,JavaScript,qwen3-coder:30b/paths,paths,11,True,2.5608949170000415,17,8,9,10,0.058823529411764705,1.0,1.0,0.125,0.0,0.11764705882352941,0.6666666666666666,0.6666666666666666,0.25,0.0,0.11764705882352941,0.4,0.4,0.25,0.0,0.17647058823529413,0.3,0.3,0.375,0.0,1.0
prettier__prettier-10910,prettier/prettier,JavaScript,qwen3-coder:30b/content,content,11,True,13.986660708000045,17,8,9,10,0.058823529411764705,1.0,1.0,0.125,0.0,0.058823529411764705,0.3333333333333333,0.3333333333333333,0.125,0.0,0.11764705882352941,0.4,0.4,0.25,0.0,0.17647058823529413,0.3,0.3,0.375,0.0,1.0
prettier__prettier-10109,prettier/prettier,JavaScript,qwen3-coder:30b/paths,paths,11,True,4.044979499999954,3,1,2,10,0.0,0.0,0.0,0.0,0.0,0.0,0.0,0.0,0.0,0.0,0.3333333333333333,0.2,0.2,0.0,0.5,0.3333333333333333,0.1,0.1,0.0,0.5,0.25
prettier__prettier-10109,prettier/prettier,JavaScript,qwen3-coder:30b/content,content,11,True,13.52994191699986,3,1,2,10,0.0,0.0,0.0,0.0,0.0,0.0,0.0,0.0,0.0,0.0,0.3333333333333333,0.2,0.2,0.0,0.5,0.3333333333333333,0.1,0.1,0.0,0.5,0.2
prettier__prettier-8465,prettier/prettier,JavaScript,qwen3-coder:30b/paths,paths,11,True,3.8903124160001425,7,4,3,10,0.0,0.0,0.0,0.0,0.0,0.0,0.0,0.0,0.0,0.0,0.0,0.0,0.0,0.0,0.0,0.0,0.0,0.0,0.0,0.0,0.0
prettier__prettier-8465,prettier/prettier,JavaScript,qwen3-coder:30b/content,content,11,True,17.020825541000022,7,4,3,10,0.0,0.0,0.0,0.0,0.0,0.0,0.0,0.0,0.0,0.0,0.0,0.0,0.0,0.0,0.0,0.0,0.0,0.0,0.0,0.0,0.0
prettier__prettier-8381,prettier/prettier,JavaScript,qwen3-coder:30b/paths,paths,11,True,4.0778305419999015,10,10,0,10,0.0,0.0,0.0,0.0,,0.0,0.0,0.0,0.0,,0.0,0.0,0.0,0.0,,0.0,0.0,0.0,0.0,,0.0
prettier__prettier-8381,prettier/prettier,JavaScript,qwen3-coder:30b/content,content,11,True,14.148830000000089,10,10,0,10,0.0,0.0,0.0,0.0,,0.0,0.0,0.0,0.0,,0.0,0.0,0.0,0.0,,0.0,0.0,0.0,0.0,,0.0
prettier__prettier-4667,prettier/prettier,JavaScript,qwen3-coder:30b/paths,paths,11,True,2.1461769579998418,2,1,1,10,0.0,0.0,0.0,0.0,0.0,0.0,0.0,0.0,0.0,0.0,0.0,0.0,0.0,0.0,0.0,0.0,0.0,0.0,0.0,0.0,0.0
prettier__prettier-4667,prettier/prettier,JavaScript,qwen3-coder:30b/content,content,11,True,11.930726584000013,2,1,1,10,0.0,0.0,0.0,0.0,0.0,0.0,0.0,0.0,0.0,0.0,0.0,0.0,0.0,0.0,0.0,0.0,0.0,0.0,0.0,0.0,0.0
prettier__prettier-3903,prettier/prettier,JavaScript,qwen3-coder:30b/paths,paths,11,True,5.013308415999973,99,1,98,10,0.0,0.0,0.0,0.0,0.0,0.0,0.0,0.0,0.0,0.0,0.0,0.0,0.0,0.0,0.0,0.0,0.0,0.0,0.0,0.0,0.0
prettier__prettier-3903,prettier/prettier,JavaScript,qwen3-coder:30b/content,content,11,True,14.401289958000007,99,1,98,10,0.0,0.0,0.0,0.0,0.0,0.0,0.0,0.0,0.0,0.0,0.0,0.0,0.0,0.0,0.0,0.0,0.0,0.0,0.0,0.0,0.0
prettier__prettier-3775,prettier/prettier,JavaScript,qwen3-coder:30b/paths,paths,11,True,3.3584874169998784,11,8,3,10,0.0,0.0,0.0,0.0,0.0,0.18181818181818182,0.6666666666666666,0.6666666666666666,0.25,0.0,0.2727272727272727,0.6,0.6,0.375,0.0,0.2727272727272727,0.3,0.3,0.375,0.0,0.5
prettier__prettier-3775,prettier/prettier,JavaScript,qwen3-coder:30b/content,content,11,True,12.717026291000138,11,8,3,10,0.09090909090909091,1.0,1.0,0.125,0.0,0.18181818181818182,0.6666666666666666,0.6666666666666666,0.25,0.0,0.18181818181818182,0.4,0.4,0.25,0.0,0.2727272727272727,0.3,0.3,0.25,0.3333333333333333,1.0
prettier__prettier-842,prettier/prettier,JavaScript,qwen3-coder:30b/paths,paths,11,True,3.297585915999889,1,1,0,10,1.0,1.0,1.0,1.0,,1.0,0.3333333333333333,0.3333333333333333,1.0,,1.0,0.2,0.2,1.0,,1.0,0.1,0.1,1.0,,1.0
prettier__prettier-842,prettier/prettier,JavaScript,qwen3-coder:30b/content,content,11,True,11.420611416000156,1,1,0,10,1.0,1.0,1.0,1.0,,1.0,0.3333333333333333,0.3333333333333333,1.0,,1.0,0.2,0.2,1.0,,1.0,0.1,0.1,1.0,,1.0
prettier__prettier-661,prettier/prettier,JavaScript,qwen3-coder:30b/paths,paths,11,True,2.243012416000056,5,5,0,10,0.2,1.0,1.0,0.2,,0.2,0.3333333333333333,0.3333333333333333,0.2,,0.2,0.2,0.2,0.2,,0.4,0.2,0.2,0.4,,1.0
prettier__prettier-661,prettier/prettier,JavaScript,qwen3-coder:30b/paths,paths,29,True,1.3385320830000182,5,5,0,10,0.2,1.0,1.0,0.2,,0.2,0.3333333333333333,0.3333333333333333,0.2,,0.2,0.2,0.2,0.2,,0.4,0.2,0.2,0.4,,1.0
prettier__prettier-661,prettier/prettier,JavaScript,qwen3-coder:30b/paths,paths,47,True,1.2379277919999367,5,5,0,10,0.2,1.0,1.0,0.2,,0.2,0.3333333333333333,0.3333333333333333,0.2,,0.2,0.2,0.2,0.2,,0.2,0.1,0.1,0.2,,1.0
prettier__prettier-661,prettier/prettier,JavaScript,qwen3-coder:30b/content,content,11,True,11.721896416999925,5,5,0,10,0.2,1.0,1.0,0.2,,0.2,0.3333333333333333,0.3333333333333333,0.2,,0.2,0.2,0.2,0.2,,0.2,0.1,0.1,0.2,,1.0
prettier__prettier-661,prettier/prettier,JavaScript,qwen3-coder:30b/content,content,29,True,1.2513962499999707,5,5,0,10,0.2,1.0,1.0,0.2,,0.2,0.3333333333333333,0.3333333333333333,0.2,,0.2,0.2,0.2,0.2,,0.2,0.1,0.1,0.2,,1.0
prettier__prettier-661,prettier/prettier,JavaScript,qwen3-coder:30b/content,content,47,True,1.2335423340000489,5,5,0,10,0.2,1.0,1.0,0.2,,0.2,0.3333333333333333,0.3333333333333333,0.2,,0.2,0.2,0.2,0.2,,0.2,0.1,0.1,0.2,,1.0
serverless__serverless-10120,serverless/serverless,JavaScript,qwen3-coder:30b/paths,paths,11,True,3.00296000000003,2,1,1,10,0.5,1.0,1.0,1.0,0.0,1.0,0.6666666666666666,0.6666666666666666,1.0,1.0,1.0,0.4,0.4,1.0,1.0,1.0,0.2,0.2,1.0,1.0,1.0
serverless__serverless-10120,serverless/serverless,JavaScript,qwen3-coder:30b/paths,paths,29,True,1.4283898339999723,2,1,1,10,0.5,1.0,1.0,1.0,0.0,1.0,0.6666666666666666,0.6666666666666666,1.0,1.0,1.0,0.4,0.4,1.0,1.0,1.0,0.2,0.2,1.0,1.0,1.0
serverless__serverless-10120,serverless/serverless,JavaScript,qwen3-coder:30b/paths,paths,47,True,1.3986967910000203,2,1,1,10,0.5,1.0,1.0,1.0,0.0,1.0,0.6666666666666666,0.6666666666666666,1.0,1.0,1.0,0.4,0.4,1.0,1.0,1.0,0.2,0.2,1.0,1.0,1.0
serverless__serverless-10120,serverless/serverless,JavaScript,qwen3-coder:30b/content,content,11,True,13.747471874999974,2,1,1,10,0.5,1.0,1.0,1.0,0.0,1.0,0.6666666666666666,0.6666666666666666,1.0,1.0,1.0,0.4,0.4,1.0,1.0,1.0,0.2,0.2,1.0,1.0,1.0
serverless__serverless-10120,serverless/serverless,JavaScript,qwen3-coder:30b/content,content,29,True,1.3293674159999682,2,1,1,10,0.5,1.0,1.0,1.0,0.0,1.0,0.6666666666666666,0.6666666666666666,1.0,1.0,1.0,0.4,0.4,1.0,1.0,1.0,0.2,0.2,1.0,1.0,1.0
serverless__serverless-10120,serverless/serverless,JavaScript,qwen3-coder:30b/content,content,47,True,1.318446958999857,2,1,1,10,0.5,1.0,1.0,1.0,0.0,1.0,0.6666666666666666,0.6666666666666666,1.0,1.0,1.0,0.4,0.4,1.0,1.0,1.0,0.2,0.2,1.0,1.0,1.0
serverless__serverless-8638,serverless/serverless,JavaScript,qwen3-coder:30b/paths,paths,11,True,6.557858792000161,5,4,1,10,0.2,1.0,1.0,0.25,0.0,0.4,0.6666666666666666,0.6666666666666666,0.25,1.0,0.4,0.4,0.4,0.25,1.0,0.6,0.3,0.3,0.5,1.0,1.0
serverless__serverless-8638,serverless/serverless,JavaScript,qwen3-coder:30b/content,content,11,True,20.071366958,5,4,1,10,0.2,1.0,1.0,0.0,1.0,0.2,0.3333333333333333,0.3333333333333333,0.0,1.0,0.4,0.4,0.4,0.25,1.0,0.6,0.3,0.3,0.5,1.0,1.0
serverless__serverless-7623,serverless/serverless,JavaScript,qwen3-coder:30b/paths,paths,11,True,3.5160684580000634,4,3,1,10,0.0,0.0,0.0,0.0,0.0,0.25,0.3333333333333333,0.3333333333333333,0.3333333333333333,0.0,0.25,0.2,0.2,0.3333333333333333,0.0,0.25,0.1,0.1,0.3333333333333333,0.0,0.5
serverless__serverless-7623,serverless/serverless,JavaScript,qwen3-coder:30b/content,content,11,True,14.383108208000067,4,3,1,10,0.0,0.0,0.0,0.0,0.0,0.0,0.0,0.0,0.0,0.0,0.25,0.2,0.2,0.3333333333333333,0.0,0.5,0.2,0.2,0.6666666666666666,0.0,0.2
serverless__serverless-7031,serverless/serverless,JavaScript,qwen3-coder:30b/paths,paths,11,True,3.2472173329999805,2,1,1,10,0.5,1.0,1.0,1.0,0.0,1.0,0.6666666666666666,0.6666666666666666,1.0,1.0,1.0,0.4,0.4,1.0,1.0,1.0,0.2,0.2,1.0,1.0,1.0
serverless__serverless-7031,serverless/serverless,JavaScript,qwen3-coder:30b/content,content,11,True,20.70602395800006,2,1,1,10,0.5,1.0,1.0,1.0,0.0,1.0,0.6666666666666666,0.6666666666666666,1.0,1.0,1.0,0.4,0.4,1.0,1.0,1.0,0.2,0.2,1.0,1.0,1.0
serverless__serverless-7024,serverless/serverless,JavaScript,qwen3-coder:30b/paths,paths,11,True,2.3795026660000076,3,2,1,10,0.3333333333333333,1.0,1.0,0.5,0.0,1.0,1.0,1.0,1.0,1.0,1.0,0.6,0.6,1.0,1.0,1.0,0.3,0.3,1.0,1.0,1.0
serverless__serverless-7024,serverless/serverless,JavaScript,qwen3-coder:30b/content,content,11,True,19.809940207999944,3,2,1,10,0.3333333333333333,1.0,1.0,0.0,1.0,1.0,1.0,1.0,1.0,1.0,1.0,0.6,0.6,1.0,1.0,1.0,0.3,0.3,1.0,1.0,1.0
serverless__serverless-6945,serverless/serverless,JavaScript,qwen3-coder:30b/paths,paths,11,True,2.5494647909999912,4,3,1,10,0.0,0.0,0.0,0.0,0.0,0.0,0.0,0.0,0.0,0.0,0.0,0.0,0.0,0.0,0.0,0.25,0.1,0.1,0.3333333333333333,0.0,0.14285714285714285
serverless__serverless-6945,serverless/serverless,JavaScript,qwen3-coder:30b/content,content,11,True,19.05284233300017,4,3,1,10,0.0,0.0,0.0,0.0,0.0,0.0,0.0,0.0,0.0,0.0,0.0,0.0,0.0,0.0,0.0,0.25,0.1,0.1,0.3333333333333333,0.0,0.125
serverless__serverless-6345,serverless/serverless,JavaScript,qwen3-coder:30b/paths,paths,11,True,2.952890249999882,3,2,1,10,0.0,0.0,0.0,0.0,0.0,0.0,0.0,0.0,0.0,0.0,0.0,0.0,0.0,0.0,0.0,0.0,0.0,0.0,0.0,0.0,0.0
serverless__serverless-6345,serverless/serverless,JavaScript,qwen3-coder:30b/content,content,11,True,17.57335050000006,3,2,1,10,0.0,0.0,0.0,0.0,0.0,0.0,0.0,0.0,0.0,0.0,0.0,0.0,0.0,0.0,0.0,0.0,0.0,0.0,0.0,0.0,0.0
serverless__serverless-6063,serverless/serverless,JavaScript,qwen3-coder:30b/paths,paths,11,True,2.419073249999883,4,3,1,10,0.25,1.0,1.0,0.0,1.0,0.5,0.6666666666666666,0.6666666666666666,0.3333333333333333,1.0,0.5,0.4,0.4,0.3333333333333333,1.0,0.75,0.3,0.3,0.6666666666666666,1.0,1.0
serverless__serverless-6063,serverless/serverless,JavaScript,qwen3-coder:30b/content,content,11,True,19.598068541999965,4,3,1,10,0.25,1.0,1.0,0.3333333333333333,0.0,0.5,0.6666666666666666,0.6666666666666666,0.6666666666666666,0.0,0.75,0.6,0.6,0.6666666666666666,1.0,0.75,0.3,0.3,0.6666666666666666,1.0,1.0
serverless__serverless-6051,serverless/serverless,JavaScript,qwen3-coder:30b/paths,paths,11,True,2.6909942909999245,4,3,1,10,0.0,0.0,0.0,0.0,0.0,0.0,0.0,0.0,0.0,0.0,0.0,0.0,0.0,0.0,0.0,0.25,0.1,0.1,0.3333333333333333,0.0,0.16666666666666666
serverless__serverless-6051,serverless/serverless,JavaScript,qwen3-coder:30b/content,content,11,True,20.312198915999943,4,3,1,10,0.0,0.0,0.0,0.0,0.0,0.0,0.0,0.0,0.0,0.0,0.0,0.0,0.0,0.0,0.0,0.25,0.1,0.1,0.3333333333333333,0.0,0.14285714285714285
serverless__serverless-5982,serverless/serverless,JavaScript,qwen3-coder:30b/paths,paths,11,True,3.071207125000001,9,5,4,10,0.1111111111111111,1.0,1.0,0.2,0.0,0.2222222222222222,0.6666666666666666,0.6666666666666666,0.2,0.25,0.2222222222222222,0.4,0.4,0.2,0.25,0.3333333333333333,0.3,0.3,0.4,0.25,1.0
serverless__serverless-5982,serverless/serverless,JavaScript,qwen3-coder:30b/content,content,11,True,19.163333291999834,9,5,4,10,0.1111111111111111,1.0,1.0,0.2,0.0,0.2222222222222222,0.6666666666666666,0.6666666666666666,0.2,0.25,0.2222222222222222,0.4,0.4,0.2,0.25,0.3333333333333333,0.3,0.3,0.4,0.25,1.0
serverless__serverless-5579,serverless/serverless,JavaScript,qwen3-coder:30b/paths,paths,11,True,2.3848167080000167,5,3,2,10,0.2,1.0,1.0,0.3333333333333333,0.0,0.2,0.3333333333333333,0.3333333333333333,0.3333333333333333,0.0,0.2,0.2,0.2,0.3333333333333333,0.0,0.2,0.1,0.1,0.3333333333333333,0.0,1.0
serverless__serverless-5579,serverless/serverless,JavaScript,qwen3-coder:30b/content,content,11,True,19.67416629199988,5,3,2,10,0.0,0.0,0.0,0.0,0.0,0.2,0.3333333333333333,0.3333333333333333,0.3333333333333333,0.0,0.2,0.2,0.2,0.3333333333333333,0.0,0.2,0.1,0.1,0.3333333333333333,0.0,0.5
serverless__serverless-5509,serverless/serverless,JavaScript,qwen3-coder:30b/paths,paths,11,True,3.0880346660001123,5,4,1,10,0.2,1.0,1.0,0.25,0.0,0.4,0.6666666666666666,0.6666666666666666,0.25,1.0,0.4,0.4,0.4,0.25,1.0,0.8,0.4,0.4,0.75,1.0,1.0
serverless__serverless-5509,serverless/serverless,JavaScript,qwen3-coder:30b/content,content,11,True,16.86947254100005,5,4,1,10,0.2,1.0,1.0,0.25,0.0,0.4,0.6666666666666666,0.6666666666666666,0.25,1.0,0.6,0.6,0.6,0.5,1.0,0.6,0.3,0.3,0.5,1.0,1.0
serverless__serverless-4097,serverless/serverless,JavaScript,qwen3-coder:30b/paths,paths,11,True,2.9552523749998727,6,4,2,10,0.16666666666666666,1.0,1.0,0.0,0.5,0.3333333333333333,0.6666666666666666,0.6666666666666666,0.25,0.5,0.3333333333333333,0.4,0.4,0.25,0.5,0.3333333333333333,0.2,0.2,0.25,0.5,1.0
serverless__serverless-4097,serverless/serverless,JavaScript,qwen3-coder:30b/content,content,11,True,14.368335707999904,6,4,2,10,0.16666666666666666,1.0,1.0,0.0,0.5,0.3333333333333333,0.6666666666666666,0.6666666666666666,0.25,0.5,0.3333333333333333,0.4,0.4,0.25,0.5,0.3333333333333333,0.2,0.2,0.25,0.5,1.0
serverless__serverless-3642,serverless/serverless,JavaScript,qwen3-coder:30b/paths,paths,11,True,2.989080332999947,3,2,1,10,0.3333333333333333,1.0,1.0,0.5,0.0,0.3333333333333333,0.3333333333333333,0.3333333333333333,0.5,0.0,0.3333333333333333,0.2,0.2,0.5,0.0,0.6666666666666666,0.2,0.2,1.0,0.0,1.0
serverless__serverless-3642,serverless/serverless,JavaScript,qwen3-coder:30b/paths,paths,29,True,1.326067082999998,3,2,1,10,0.3333333333333333,1.0,1.0,0.5,0.0,0.3333333333333333,0.3333333333333333,0.3333333333333333,0.5,0.0,0.3333333333333333,0.2,0.2,0.5,0.0,0.6666666666666666,0.2,0.2,1.0,0.0,1.0
serverless__serverless-3642,serverless/serverless,JavaScript,qwen3-coder:30b/paths,paths,47,True,1.192131209000081,3,2,1,10,0.3333333333333333,1.0,1.0,0.5,0.0,0.3333333333333333,0.3333333333333333,0.3333333333333333,0.5,0.0,0.3333333333333333,0.2,0.2,0.5,0.0,0.6666666666666666,0.2,0.2,1.0,0.0,1.0
serverless__serverless-3642,serverless/serverless,JavaScript,qwen3-coder:30b/content,content,11,True,18.809330792000083,3,2,1,10,0.3333333333333333,1.0,1.0,0.5,0.0,0.3333333333333333,0.3333333333333333,0.3333333333333333,0.5,0.0,0.3333333333333333,0.2,0.2,0.5,0.0,0.3333333333333333,0.1,0.1,0.5,0.0,1.0
serverless__serverless-3642,serverless/serverless,JavaScript,qwen3-coder:30b/content,content,29,True,1.5654030420000709,3,2,1,10,0.3333333333333333,1.0,1.0,0.5,0.0,0.3333333333333333,0.3333333333333333,0.3333333333333333,0.5,0.0,0.3333333333333333,0.2,0.2,0.5,0.0,0.3333333333333333,0.1,0.1,0.5,0.0,1.0
serverless__serverless-3642,serverless/serverless,JavaScript,qwen3-coder:30b/content,content,47,True,1.4463590830000612,3,2,1,10,0.3333333333333333,1.0,1.0,0.5,0.0,0.3333333333333333,0.3333333333333333,0.3333333333333333,0.5,0.0,0.3333333333333333,0.2,0.2,0.5,0.0,0.3333333333333333,0.1,0.1,0.5,0.0,1.0
serverless__serverless-3609,serverless/serverless,JavaScript,qwen3-coder:30b/paths,paths,11,True,3.5554351670000415,4,3,1,10,0.25,1.0,1.0,0.3333333333333333,0.0,0.5,0.6666666666666666,0.6666666666666666,0.6666666666666666,0.0,0.5,0.4,0.4,0.6666666666666666,0.0,0.5,0.2,0.2,0.6666666666666666,0.0,1.0
serverless__serverless-3609,serverless/serverless,JavaScript,qwen3-coder:30b/content,content,11,True,18.756249416999935,4,3,1,10,0.25,1.0,1.0,0.3333333333333333,0.0,0.5,0.6666666666666666,0.6666666666666666,0.6666666666666666,0.0,0.5,0.4,0.4,0.6666666666666666,0.0,0.5,0.2,0.2,0.6666666666666666,0.0,1.0
serverless__serverless-3548,serverless/serverless,JavaScript,qwen3-coder:30b/paths,paths,11,True,2.2062222080000993,4,3,1,10,0.0,0.0,0.0,0.0,0.0,0.0,0.0,0.0,0.0,0.0,0.25,0.2,0.2,0.3333333333333333,0.0,0.25,0.1,0.1,0.3333333333333333,0.0,0.2
serverless__serverless-3548,serverless/serverless,JavaScript,qwen3-coder:30b/content,content,11,True,16.51144429200008,4,3,1,10,0.25,1.0,1.0,0.3333333333333333,0.0,0.25,0.3333333333333333,0.3333333333333333,0.3333333333333333,0.0,0.25,0.2,0.2,0.3333333333333333,0.0,0.25,0.1,0.1,0.3333333333333333,0.0,1.0
serverless__serverless-3217,serverless/serverless,JavaScript,qwen3-coder:30b/paths,paths,11,True,2.63438470899996,3,2,1,10,0.0,0.0,0.0,0.0,0.0,0.0,0.0,0.0,0.0,0.0,0.0,0.0,0.0,0.0,0.0,0.3333333333333333,0.1,0.1,0.5,0.0,0.1111111111111111
serverless__serverless-3217,serverless/serverless,JavaScript,qwen3-coder:30b/content,content,11,True,18.540286499999866,3,2,1,10,0.0,0.0,0.0,0.0,0.0,0.0,0.0,0.0,0.0,0.0,0.0,0.0,0.0,0.0,0.0,0.0,0.0,0.0,0.0,0.0,0.0
serverless__serverless-2910,serverless/serverless,JavaScript,qwen3-coder:30b/paths,paths,11,True,2.7226061670000945,3,2,1,10,0.3333333333333333,1.0,1.0,0.5,0.0,0.6666666666666666,0.6666666666666666,0.6666666666666666,0.5,1.0,1.0,0.6,0.6,1.0,1.0,1.0,0.3,0.3,1.0,1.0,1.0
serverless__serverless-2910,serverless/serverless,JavaScript,qwen3-coder:30b/content,content,11,True,16.207383375000063,3,2,1,10,0.3333333333333333,1.0,1.0,0.5,0.0,0.6666666666666666,0.6666666666666666,0.6666666666666666,0.5,1.0,1.0,0.6,0.6,1.0,1.0,1.0,0.3,0.3,1.0,1.0,1.0
serverless__serverless-2748,serverless/serverless,JavaScript,qwen3-coder:30b/paths,paths,11,True,3.4072454160000234,3,2,1,10,0.0,0.0,0.0,0.0,0.0,0.0,0.0,0.0,0.0,0.0,0.0,0.0,0.0,0.0,0.0,0.3333333333333333,0.1,0.1,0.5,0.0,0.125
serverless__serverless-2748,serverless/serverless,JavaScript,qwen3-coder:30b/content,content,11,True,17.244825708000008,3,2,1,10,0.3333333333333333,1.0,1.0,0.5,0.0,0.3333333333333333,0.3333333333333333,0.3333333333333333,0.5,0.0,0.3333333333333333,0.2,0.2,0.5,0.0,0.3333333333333333,0.1,0.1,0.5,0.0,1.0
serverless__serverless-2624,serverless/serverless,JavaScript,qwen3-coder:30b/paths,paths,11,True,2.195071208000172,2,1,1,10,0.0,0.0,0.0,0.0,0.0,0.0,0.0,0.0,0.0,0.0,0.0,0.0,0.0,0.0,0.0,0.0,0.0,0.0,0.0,0.0,0.0
serverless__serverless-2624,serverless/serverless,JavaScript,qwen3-coder:30b/content,content,11,True,15.488456999999926,2,1,1,10,0.0,0.0,0.0,0.0,0.0,0.0,0.0,0.0,0.0,0.0,0.0,0.0,0.0,0.0,0.0,0.0,0.0,0.0,0.0,0.0,0.0
microsoft__vscode-114208,microsoft/vscode,TypeScript,qwen3-coder:30b/paths,paths,11,True,2.6094301660000383,2,1,1,10,0.5,1.0,1.0,0.0,1.0,0.5,0.3333333333333333,0.3333333333333333,0.0,1.0,0.5,0.2,0.2,0.0,1.0,0.5,0.1,0.1,0.0,1.0,1.0
microsoft__vscode-114208,microsoft/vscode,TypeScript,qwen3-coder:30b/content,content,11,True,17.810537333000184,2,1,1,10,0.5,1.0,1.0,0.0,1.0,0.5,0.3333333333333333,0.3333333333333333,0.0,1.0,0.5,0.2,0.2,0.0,1.0,0.5,0.1,0.1,0.0,1.0,1.0
microsoft__vscode-127257,microsoft/vscode,TypeScript,qwen3-coder:30b/paths,paths,11,True,2.5334458750000977,3,2,1,10,0.3333333333333333,1.0,1.0,0.5,0.0,0.6666666666666666,0.6666666666666666,0.6666666666666666,0.5,1.0,1.0,0.6,0.6,1.0,1.0,1.0,0.3,0.3,1.0,1.0,1.0
microsoft__vscode-127257,microsoft/vscode,TypeScript,qwen3-coder:30b/paths,paths,29,True,1.1551190000000133,3,2,1,10,0.3333333333333333,1.0,1.0,0.5,0.0,0.6666666666666666,0.6666666666666666,0.6666666666666666,0.5,1.0,1.0,0.6,0.6,1.0,1.0,1.0,0.3,0.3,1.0,1.0,1.0
microsoft__vscode-127257,microsoft/vscode,TypeScript,qwen3-coder:30b/paths,paths,47,True,1.2196875409999848,3,2,1,10,0.3333333333333333,1.0,1.0,0.5,0.0,0.6666666666666666,0.6666666666666666,0.6666666666666666,0.5,1.0,1.0,0.6,0.6,1.0,1.0,1.0,0.3,0.3,1.0,1.0,1.0
microsoft__vscode-127257,microsoft/vscode,TypeScript,qwen3-coder:30b/content,content,11,True,20.965331624999862,3,2,1,6,0.3333333333333333,1.0,1.0,0.5,0.0,0.6666666666666666,0.6666666666666666,0.6666666666666666,0.5,1.0,1.0,0.6,0.6,1.0,1.0,1.0,0.3,0.5,1.0,1.0,1.0
microsoft__vscode-127257,microsoft/vscode,TypeScript,qwen3-coder:30b/content,content,29,True,1.2099585829998887,3,2,1,6,0.3333333333333333,1.0,1.0,0.5,0.0,0.6666666666666666,0.6666666666666666,0.6666666666666666,0.5,1.0,1.0,0.6,0.6,1.0,1.0,1.0,0.3,0.5,1.0,1.0,1.0
microsoft__vscode-127257,microsoft/vscode,TypeScript,qwen3-coder:30b/content,content,47,True,1.1259991250001349,3,2,1,6,0.3333333333333333,1.0,1.0,0.5,0.0,0.6666666666666666,0.6666666666666666,0.6666666666666666,0.5,1.0,1.0,0.6,0.6,1.0,1.0,1.0,0.3,0.5,1.0,1.0,1.0
microsoft__vscode-128931,microsoft/vscode,TypeScript,qwen3-coder:30b/paths,paths,11,True,3.384799500000099,3,2,1,6,0.0,0.0,0.0,0.0,0.0,0.0,0.0,0.0,0.0,0.0,0.0,0.0,0.0,0.0,0.0,0.0,0.0,0.0,0.0,0.0,0.0
microsoft__vscode-128931,microsoft/vscode,TypeScript,qwen3-coder:30b/content,content,11,True,30.543682208000064,3,2,1,10,0.0,0.0,0.0,0.0,0.0,0.0,0.0,0.0,0.0,0.0,0.0,0.0,0.0,0.0,0.0,0.0,0.0,0.0,0.0,0.0,0.0
microsoft__vscode-146962,microsoft/vscode,TypeScript,qwen3-coder:30b/paths,paths,11,True,2.5636412919998293,11,8,3,10,0.0,0.0,0.0,0.0,0.0,0.0,0.0,0.0,0.0,0.0,0.0,0.0,0.0,0.0,0.0,0.0,0.0,0.0,0.0,0.0,0.0
microsoft__vscode-146962,microsoft/vscode,TypeScript,qwen3-coder:30b/content,content,11,True,16.26459841699989,11,8,3,10,0.0,0.0,0.0,0.0,0.0,0.0,0.0,0.0,0.0,0.0,0.0,0.0,0.0,0.0,0.0,0.0,0.0,0.0,0.0,0.0,0.0
microsoft__vscode-152802,microsoft/vscode,TypeScript,qwen3-coder:30b/paths,paths,11,True,2.1829614159998982,5,4,1,10,0.2,1.0,1.0,0.25,0.0,0.4,0.6666666666666666,0.6666666666666666,0.5,0.0,0.4,0.4,0.4,0.5,0.0,0.6,0.3,0.3,0.5,1.0,1.0
microsoft__vscode-152802,microsoft/vscode,TypeScript,qwen3-coder:30b/content,content,11,True,13.880774957999847,5,4,1,10,0.2,1.0,1.0,0.25,0.0,0.4,0.6666666666666666,0.6666666666666666,0.5,0.0,0.6,0.6,0.6,0.5,1.0,0.6,0.3,0.3,0.5,1.0,1.0
microsoft__vscode-155261,microsoft/vscode,TypeScript,qwen3-coder:30b/paths,paths,11,True,2.498835291999967,3,2,1,10,0.3333333333333333,1.0,1.0,0.5,0.0,0.3333333333333333,0.3333333333333333,0.3333333333333333,0.5,0.0,0.3333333333333333,0.2,0.2,0.5,0.0,0.3333333333333333,0.1,0.1,0.5,0.0,1.0
microsoft__vscode-155261,microsoft/vscode,TypeScript,qwen3-coder:30b/content,content,11,True,12.615904417000138,3,2,1,10,0.3333333333333333,1.0,1.0,0.5,0.0,0.3333333333333333,0.3333333333333333,0.3333333333333333,0.5,0.0,0.3333333333333333,0.2,0.2,0.5,0.0,0.3333333333333333,0.1,0.1,0.5,0.0,1.0
microsoft__vscode-156733,microsoft/vscode,TypeScript,qwen3-coder:30b/paths,paths,11,True,2.161939958000403,7,6,1,10,0.14285714285714285,1.0,1.0,0.16666666666666666,0.0,0.14285714285714285,0.3333333333333333,0.3333333333333333,0.16666666666666666,0.0,0.14285714285714285,0.2,0.2,0.16666666666666666,0.0,0.14285714285714285,0.1,0.1,0.16666666666666666,0.0,1.0
microsoft__vscode-156733,microsoft/vscode,TypeScript,qwen3-coder:30b/content,content,11,True,11.037392249999812,7,6,1,10,0.0,0.0,0.0,0.0,0.0,0.0,0.0,0.0,0.0,0.0,0.0,0.0,0.0,0.0,0.0,0.0,0.0,0.0,0.0,0.0,0.0
microsoft__vscode-165197,microsoft/vscode,TypeScript,qwen3-coder:30b/paths,paths,11,True,2.4906442910000806,5,4,1,10,0.2,1.0,1.0,0.25,0.0,0.4,0.6666666666666666,0.6666666666666666,0.5,0.0,0.8,0.8,0.8,0.75,1.0,0.8,0.4,0.4,0.75,1.0,1.0
microsoft__vscode-165197,microsoft/vscode,TypeScript,qwen3-coder:30b/paths,paths,29,True,1.077232874999936,5,4,1,10,0.2,1.0,1.0,0.25,0.0,0.4,0.6666666666666666,0.6666666666666666,0.5,0.0,0.8,0.8,0.8,0.75,1.0,0.8,0.4,0.4,0.75,1.0,1.0
microsoft__vscode-165197,microsoft/vscode,TypeScript,qwen3-coder:30b/paths,paths,47,True,1.037015166999936,5,4,1,10,0.2,1.0,1.0,0.25,0.0,0.4,0.6666666666666666,0.6666666666666666,0.5,0.0,0.6,0.6,0.6,0.5,1.0,0.8,0.4,0.4,0.75,1.0,1.0
microsoft__vscode-165197,microsoft/vscode,TypeScript,qwen3-coder:30b/content,content,11,True,16.02661108300026,5,4,1,10,0.2,1.0,1.0,0.25,0.0,0.4,0.6666666666666666,0.6666666666666666,0.25,1.0,0.8,0.8,0.8,0.75,1.0,0.8,0.4,0.4,0.75,1.0,1.0
microsoft__vscode-165197,microsoft/vscode,TypeScript,qwen3-coder:30b/content,content,29,True,1.2282312499996806,5,4,1,10,0.2,1.0,1.0,0.25,0.0,0.6,1.0,1.0,0.5,1.0,0.6,0.6,0.6,0.5,1.0,0.8,0.4,0.4,0.75,1.0,1.0
microsoft__vscode-165197,microsoft/vscode,TypeScript,qwen3-coder:30b/content,content,47,True,1.2767575830002897,5,4,1,10,0.2,1.0,1.0,0.25,0.0,0.6,1.0,1.0,0.5,1.0,0.6,0.6,0.6,0.5,1.0,0.8,0.4,0.4,0.75,1.0,1.0
microsoft__vscode-168788,microsoft/vscode,TypeScript,qwen3-coder:30b/paths,paths,11,True,2.463899332999972,4,3,1,10,0.0,0.0,0.0,0.0,0.0,0.0,0.0,0.0,0.0,0.0,0.0,0.0,0.0,0.0,0.0,0.0,0.0,0.0,0.0,0.0,0.0
microsoft__vscode-168788,microsoft/vscode,TypeScript,qwen3-coder:30b/content,content,11,True,13.124613541999679,4,3,1,10,0.0,0.0,0.0,0.0,0.0,0.0,0.0,0.0,0.0,0.0,0.0,0.0,0.0,0.0,0.0,0.0,0.0,0.0,0.0,0.0,0.0
microsoft__vscode-178291,microsoft/vscode,TypeScript,qwen3-coder:30b/paths,paths,11,True,2.0005307500000526,2,1,1,6,0.0,0.0,0.0,0.0,0.0,0.0,0.0,0.0,0.0,0.0,0.0,0.0,0.0,0.0,0.0,0.0,0.0,0.0,0.0,0.0,0.0
microsoft__vscode-178291,microsoft/vscode,TypeScript,qwen3-coder:30b/content,content,11,True,12.839773458999844,2,1,1,10,0.0,0.0,0.0,0.0,0.0,0.0,0.0,0.0,0.0,0.0,0.0,0.0,0.0,0.0,0.0,0.0,0.0,0.0,0.0,0.0,0.0
microsoft__vscode-178513,microsoft/vscode,TypeScript,qwen3-coder:30b/paths,paths,11,True,2.3578894160000345,2,1,1,10,0.0,0.0,0.0,0.0,0.0,0.0,0.0,0.0,0.0,0.0,0.0,0.0,0.0,0.0,0.0,0.0,0.0,0.0,0.0,0.0,0.0
microsoft__vscode-178513,microsoft/vscode,TypeScript,qwen3-coder:30b/content,content,11,True,10.20007991700004,2,1,1,10,0.0,0.0,0.0,0.0,0.0,0.0,0.0,0.0,0.0,0.0,0.0,0.0,0.0,0.0,0.0,0.0,0.0,0.0,0.0,0.0,0.0
microsoft__vscode-178694,microsoft/vscode,TypeScript,qwen3-coder:30b/paths,paths,11,True,2.6193615000001955,2,1,1,10,0.0,0.0,0.0,0.0,0.0,0.0,0.0,0.0,0.0,0.0,0.0,0.0,0.0,0.0,0.0,0.0,0.0,0.0,0.0,0.0,0.0
microsoft__vscode-178694,microsoft/vscode,TypeScript,qwen3-coder:30b/content,content,11,True,14.148178667000138,2,1,1,10,0.0,0.0,0.0,0.0,0.0,0.0,0.0,0.0,0.0,0.0,0.0,0.0,0.0,0.0,0.0,0.0,0.0,0.0,0.0,0.0,0.0
microsoft__vscode-182669,microsoft/vscode,TypeScript,qwen3-coder:30b/paths,paths,11,True,3.3657422080000288,9,5,4,10,0.0,0.0,0.0,0.0,0.0,0.1111111111111111,0.3333333333333333,0.3333333333333333,0.2,0.0,0.1111111111111111,0.2,0.2,0.2,0.0,0.3333333333333333,0.3,0.3,0.6,0.0,0.5
microsoft__vscode-182669,microsoft/vscode,TypeScript,qwen3-coder:30b/content,content,11,True,18.72457066700008,9,5,4,10,0.1111111111111111,1.0,1.0,0.2,0.0,0.3333333333333333,1.0,1.0,0.6,0.0,0.4444444444444444,0.8,0.8,0.8,0.0,0.4444444444444444,0.4,0.4,0.8,0.0,1.0
microsoft__vscode-190351,microsoft/vscode,TypeScript,qwen3-coder:30b/paths,paths,11,True,2.2318042090000745,2,1,1,10,0.0,0.0,0.0,0.0,0.0,0.0,0.0,0.0,0.0,0.0,0.0,0.0,0.0,0.0,0.0,0.0,0.0,0.0,0.0,0.0,0.0
microsoft__vscode-190351,microsoft/vscode,TypeScript,qwen3-coder:30b/content,content,11,True,14.038399499999741,2,1,1,10,0.0,0.0,0.0,0.0,0.0,0.0,0.0,0.0,0.0,0.0,0.0,0.0,0.0,0.0,0.0,0.0,0.0,0.0,0.0,0.0,0.0
microsoft__vscode-191602,microsoft/vscode,TypeScript,qwen3-coder:30b/paths,paths,11,True,1.9475375000001804,2,1,1,10,0.0,0.0,0.0,0.0,0.0,0.0,0.0,0.0,0.0,0.0,0.0,0.0,0.0,0.0,0.0,0.0,0.0,0.0,0.0,0.0,0.0
microsoft__vscode-191602,microsoft/vscode,TypeScript,qwen3-coder:30b/content,content,11,True,14.44582708400003,2,1,1,10,0.0,0.0,0.0,0.0,0.0,0.0,0.0,0.0,0.0,0.0,0.0,0.0,0.0,0.0,0.0,0.0,0.0,0.0,0.0,0.0,0.0
mui__material-ui-11446,mui/material-ui,TypeScript,qwen3-coder:30b/paths,paths,11,True,2.6885455830001774,4,3,1,10,0.25,1.0,1.0,0.3333333333333333,0.0,0.5,0.6666666666666666,0.6666666666666666,0.3333333333333333,1.0,0.5,0.4,0.4,0.3333333333333333,1.0,0.75,0.3,0.3,0.6666666666666666,1.0,1.0
mui__material-ui-11446,mui/material-ui,TypeScript,qwen3-coder:30b/content,content,11,True,14.203894958000092,4,3,1,10,0.25,1.0,1.0,0.3333333333333333,0.0,0.5,0.6666666666666666,0.6666666666666666,0.6666666666666666,0.0,0.75,0.6,0.6,0.6666666666666666,1.0,0.75,0.3,0.3,0.6666666666666666,1.0,1.0
mui__material-ui-13828,mui/material-ui,TypeScript,qwen3-coder:30b/paths,paths,11,True,2.5760938339999484,4,3,1,10,0.25,1.0,1.0,0.3333333333333333,0.0,0.75,1.0,1.0,0.6666666666666666,1.0,0.75,0.6,0.6,0.6666666666666666,1.0,0.75,0.3,0.3,0.6666666666666666,1.0,1.0
mui__material-ui-13828,mui/material-ui,TypeScript,qwen3-coder:30b/content,content,11,True,13.234948041999814,4,3,1,10,0.25,1.0,1.0,0.3333333333333333,0.0,0.75,1.0,1.0,0.6666666666666666,1.0,0.75,0.6,0.6,0.6666666666666666,1.0,0.75,0.3,0.3,0.6666666666666666,1.0,1.0
mui__material-ui-13899,mui/material-ui,TypeScript,qwen3-coder:30b/paths,paths,11,True,2.4842899580003177,7,5,2,10,0.14285714285714285,1.0,1.0,0.2,0.0,0.2857142857142857,0.6666666666666666,0.6666666666666666,0.2,0.5,0.2857142857142857,0.4,0.4,0.2,0.5,0.42857142857142855,0.3,0.3,0.4,0.5,1.0
mui__material-ui-13899,mui/material-ui,TypeScript,qwen3-coder:30b/content,content,11,True,13.325266916000146,7,5,2,10,0.14285714285714285,1.0,1.0,0.2,0.0,0.2857142857142857,0.6666666666666666,0.6666666666666666,0.4,0.0,0.42857142857142855,0.6,0.6,0.4,0.5,0.5714285714285714,0.4,0.4,0.4,1.0,1.0
mui__material-ui-14465,mui/material-ui,TypeScript,qwen3-coder:30b/paths,paths,11,True,3.520239290999598,13,10,3,10,0.0,0.0,0.0,0.0,0.0,0.0,0.0,0.0,0.0,0.0,0.0,0.0,0.0,0.0,0.0,0.0,0.0,0.0,0.0,0.0,0.0
mui__material-ui-14465,mui/material-ui,TypeScript,qwen3-coder:30b/content,content,11,True,16.09186279100004,13,10,3,10,0.0,0.0,0.0,0.0,0.0,0.0,0.0,0.0,0.0,0.0,0.0,0.0,0.0,0.0,0.0,0.0,0.0,0.0,0.0,0.0,0.0
mui__material-ui-15495,mui/material-ui,TypeScript,qwen3-coder:30b/paths,paths,11,True,3.142718916999911,4,3,1,10,0.0,0.0,0.0,0.0,0.0,0.0,0.0,0.0,0.0,0.0,0.0,0.0,0.0,0.0,0.0,0.0,0.0,0.0,0.0,0.0,0.0
mui__material-ui-15495,mui/material-ui,TypeScript,qwen3-coder:30b/content,content,11,True,14.602568540999982,4,3,1,10,0.0,0.0,0.0,0.0,0.0,0.0,0.0,0.0,0.0,0.0,0.0,0.0,0.0,0.0,0.0,0.0,0.0,0.0,0.0,0.0,0.0
mui__material-ui-17005,mui/material-ui,TypeScript,qwen3-coder:30b/paths,paths,11,True,2.8033334159999868,2,1,1,10,0.0,0.0,0.0,0.0,0.0,0.0,0.0,0.0,0.0,0.0,0.0,0.0,0.0,0.0,0.0,0.0,0.0,0.0,0.0,0.0,0.0
mui__material-ui-17005,mui/material-ui,TypeScript,qwen3-coder:30b/content,content,11,True,15.678465750000214,2,1,1,10,0.0,0.0,0.0,0.0,0.0,0.0,0.0,0.0,0.0,0.0,0.0,0.0,0.0,0.0,0.0,0.0,0.0,0.0,0.0,0.0,0.0
mui__material-ui-17640,mui/material-ui,TypeScript,qwen3-coder:30b/paths,paths,11,True,2.647623208999903,5,3,2,10,0.2,1.0,1.0,0.3333333333333333,0.0,0.2,0.3333333333333333,0.3333333333333333,0.3333333333333333,0.0,0.2,0.2,0.2,0.3333333333333333,0.0,0.2,0.1,0.1,0.3333333333333333,0.0,1.0
mui__material-ui-17640,mui/material-ui,TypeScript,qwen3-coder:30b/content,content,11,True,13.082875249999688,5,3,2,3,0.2,1.0,1.0,0.3333333333333333,0.0,0.2,0.3333333333333333,0.3333333333333333,0.3333333333333333,0.0,0.2,0.2,0.3333333333333333,0.3333333333333333,0.0,0.2,0.1,0.3333333333333333,0.3333333333333333,0.0,1.0
mui__material-ui-17691,mui/material-ui,TypeScript,qwen3-coder:30b/paths,paths,11,True,2.367876583999987,9,5,4,10,0.0,0.0,0.0,0.0,0.0,0.2222222222222222,0.6666666666666666,0.6666666666666666,0.4,0.0,0.4444444444444444,0.8,0.8,0.6,0.25,0.4444444444444444,0.4,0.4,0.6,0.25,0.5
mui__material-ui-17691,mui/material-ui,TypeScript,qwen3-coder:30b/paths,paths,29,True,0.9139788749998843,9,5,4,10,0.0,0.0,0.0,0.0,0.0,0.2222222222222222,0.6666666666666666,0.6666666666666666,0.4,0.0,0.4444444444444444,0.8,0.8,0.6,0.25,0.4444444444444444,0.4,0.4,0.6,0.25,0.5
mui__material-ui-17691,mui/material-ui,TypeScript,qwen3-coder:30b/paths,paths,47,True,0.922529041999951,9,5,4,10,0.0,0.0,0.0,0.0,0.0,0.2222222222222222,0.6666666666666666,0.6666666666666666,0.4,0.0,0.4444444444444444,0.8,0.8,0.6,0.25,0.4444444444444444,0.4,0.4,0.6,0.25,0.5
mui__material-ui-17691,mui/material-ui,TypeScript,qwen3-coder:30b/content,content,11,True,14.21281508400034,9,5,4,10,0.1111111111111111,1.0,1.0,0.2,0.0,0.2222222222222222,0.6666666666666666,0.6666666666666666,0.4,0.0,0.2222222222222222,0.4,0.4,0.4,0.0,0.2222222222222222,0.2,0.2,0.4,0.0,1.0
mui__material-ui-17691,mui/material-ui,TypeScript,qwen3-coder:30b/content,content,29,True,1.1487810409998929,9,5,4,10,0.1111111111111111,1.0,1.0,0.2,0.0,0.2222222222222222,0.6666666666666666,0.6666666666666666,0.4,0.0,0.2222222222222222,0.4,0.4,0.4,0.0,0.2222222222222222,0.2,0.2,0.4,0.0,1.0
mui__material-ui-17691,mui/material-ui,TypeScript,qwen3-coder:30b/content,content,47,True,1.1461509580003622,9,5,4,10,0.1111111111111111,1.0,1.0,0.2,0.0,0.2222222222222222,0.6666666666666666,0.6666666666666666,0.4,0.0,0.2222222222222222,0.4,0.4,0.4,0.0,0.4444444444444444,0.4,0.4,0.6,0.25,1.0
mui__material-ui-17829,mui/material-ui,TypeScript,qwen3-coder:30b/paths,paths,11,True,2.1490215419999004,3,2,1,10,0.0,0.0,0.0,0.0,0.0,0.0,0.0,0.0,0.0,0.0,0.0,0.0,0.0,0.0,0.0,0.0,0.0,0.0,0.0,0.0,0.0
mui__material-ui-17829,mui/material-ui,TypeScript,qwen3-coder:30b/content,content,11,True,15.24286125000026,3,2,1,10,0.0,0.0,0.0,0.0,0.0,0.0,0.0,0.0,0.0,0.0,0.0,0.0,0.0,0.0,0.0,0.0,0.0,0.0,0.0,0.0,0.0
mui__material-ui-18744,mui/material-ui,TypeScript,qwen3-coder:30b/paths,paths,11,True,2.091781292000178,5,4,1,10,0.2,1.0,1.0,0.25,0.0,0.2,0.3333333333333333,0.3333333333333333,0.25,0.0,0.2,0.2,0.2,0.25,0.0,0.4,0.2,0.2,0.5,0.0,1.0
mui__material-ui-18744,mui/material-ui,TypeScript,qwen3-coder:30b/content,content,11,True,15.425957375000053,5,4,1,10,0.2,1.0,1.0,0.25,0.0,0.2,0.3333333333333333,0.3333333333333333,0.25,0.0,0.4,0.4,0.4,0.5,0.0,0.4,0.2,0.2,0.5,0.0,1.0
mui__material-ui-20133,mui/material-ui,TypeScript,qwen3-coder:30b/paths,paths,11,True,3.203138249999938,9,7,2,10,0.1111111111111111,1.0,1.0,0.14285714285714285,0.0,0.3333333333333333,1.0,1.0,0.2857142857142857,0.5,0.5555555555555556,1.0,1.0,0.5714285714285714,0.5,0.7777777777777778,0.7,0.7,0.8571428571428571,0.5,1.0
mui__material-ui-20133,mui/material-ui,TypeScript,qwen3-coder:30b/content,content,11,True,17.98248254200007,9,7,2,10,0.1111111111111111,1.0,1.0,0.14285714285714285,0.0,0.3333333333333333,1.0,1.0,0.2857142857142857,0.5,0.5555555555555556,1.0,1.0,0.5714285714285714,0.5,0.7777777777777778,0.7,0.7,0.8571428571428571,0.5,1.0
mui__material-ui-20781,mui/material-ui,TypeScript,qwen3-coder:30b/paths,paths,11,True,2.581876374999865,4,3,1,10,0.25,1.0,1.0,0.3333333333333333,0.0,0.25,0.3333333333333333,0.3333333333333333,0.3333333333333333,0.0,0.25,0.2,0.2,0.3333333333333333,0.0,0.25,0.1,0.1,0.3333333333333333,0.0,1.0
mui__material-ui-20781,mui/material-ui,TypeScript,qwen3-coder:30b/paths,paths,29,True,1.008484542000133,4,3,1,10,0.25,1.0,1.0,0.3333333333333333,0.0,0.25,0.3333333333333333,0.3333333333333333,0.3333333333333333,0.0,0.25,0.2,0.2,0.3333333333333333,0.0,0.25,0.1,0.1,0.3333333333333333,0.0,1.0
mui__material-ui-20781,mui/material-ui,TypeScript,qwen3-coder:30b/paths,paths,47,True,1.1432867499997883,4,3,1,10,0.25,1.0,1.0,0.3333333333333333,0.0,0.25,0.3333333333333333,0.3333333333333333,0.3333333333333333,0.0,0.25,0.2,0.2,0.3333333333333333,0.0,0.25,0.1,0.1,0.3333333333333333,0.0,1.0
mui__material-ui-20781,mui/material-ui,TypeScript,qwen3-coder:30b/content,content,11,True,12.976933375000044,4,3,1,10,0.25,1.0,1.0,0.3333333333333333,0.0,0.25,0.3333333333333333,0.3333333333333333,0.3333333333333333,0.0,0.25,0.2,0.2,0.3333333333333333,0.0,0.25,0.1,0.1,0.3333333333333333,0.0,1.0
mui__material-ui-20781,mui/material-ui,TypeScript,qwen3-coder:30b/content,content,29,True,1.2079304169997158,4,3,1,10,0.25,1.0,1.0,0.3333333333333333,0.0,0.25,0.3333333333333333,0.3333333333333333,0.3333333333333333,0.0,0.25,0.2,0.2,0.3333333333333333,0.0,0.25,0.1,0.1,0.3333333333333333,0.0,1.0
mui__material-ui-20781,mui/material-ui,TypeScript,qwen3-coder:30b/content,content,47,True,1.3027897920001124,4,3,1,10,0.25,1.0,1.0,0.3333333333333333,0.0,0.25,0.3333333333333333,0.3333333333333333,0.3333333333333333,0.0,0.25,0.2,0.2,0.3333333333333333,0.0,0.25,0.1,0.1,0.3333333333333333,0.0,1.0
mui__material-ui-21192,mui/material-ui,TypeScript,qwen3-coder:30b/paths,paths,11,True,3.5208759160000227,6,4,2,10,0.16666666666666666,1.0,1.0,0.25,0.0,0.5,1.0,1.0,0.5,0.5,0.5,0.6,0.6,0.5,0.5,0.5,0.3,0.3,0.5,0.5,1.0
mui__material-ui-21192,mui/material-ui,TypeScript,qwen3-coder:30b/content,content,11,True,14.436375040999792,6,4,2,10,0.16666666666666666,1.0,1.0,0.25,0.0,0.5,1.0,1.0,0.5,0.5,0.5,0.6,0.6,0.5,0.5,0.5,0.3,0.3,0.5,0.5,1.0
mui__material-ui-23364,mui/material-ui,TypeScript,qwen3-coder:30b/paths,paths,11,True,3.0308009169998513,5,3,2,10,0.2,1.0,1.0,0.3333333333333333,0.0,0.4,0.6666666666666666,0.6666666666666666,0.6666666666666666,0.0,0.4,0.4,0.4,0.6666666666666666,0.0,0.6,0.3,0.3,1.0,0.0,1.0
mui__material-ui-23364,mui/material-ui,TypeScript,qwen3-coder:30b/content,content,11,True,14.913850292000006,5,3,2,10,0.2,1.0,1.0,0.3333333333333333,0.0,0.2,0.3333333333333333,0.3333333333333333,0.3333333333333333,0.0,0.6,0.6,0.6,1.0,0.0,0.6,0.3,0.3,1.0,0.0,1.0
mui__material-ui-26746,mui/material-ui,TypeScript,qwen3-coder:30b/paths,paths,11,True,2.610481250000248,11,6,5,10,0.09090909090909091,1.0,1.0,0.16666666666666666,0.0,0.2727272727272727,1.0,1.0,0.3333333333333333,0.2,0.2727272727272727,0.6,0.6,0.3333333333333333,0.2,0.36363636363636365,0.4,0.4,0.3333333333333333,0.4,1.0
mui__material-ui-26746,mui/material-ui,TypeScript,qwen3-coder:30b/content,content,11,True,15.239297999999962,11,6,5,10,0.09090909090909091,1.0,1.0,0.16666666666666666,0.0,0.2727272727272727,1.0,1.0,0.3333333333333333,0.2,0.2727272727272727,0.6,0.6,0.3333333333333333,0.2,0.45454545454545453,0.5,0.5,0.5,0.4,1.0
mui__material-ui-28813,mui/material-ui,TypeScript,qwen3-coder:30b/paths,paths,11,True,2.7576752909999414,4,3,1,10,0.25,1.0,1.0,0.3333333333333333,0.0,0.25,0.3333333333333333,0.3333333333333333,0.3333333333333333,0.0,0.25,0.2,0.2,0.3333333333333333,0.0,0.25,0.1,0.1,0.3333333333333333,0.0,1.0
mui__material-ui-28813,mui/material-ui,TypeScript,qwen3-coder:30b/content,content,11,True,15.769955291000315,4,3,1,10,0.0,0.0,0.0,0.0,0.0,0.25,0.3333333333333333,0.3333333333333333,0.3333333333333333,0.0,0.25,0.2,0.2,0.3333333333333333,0.0,0.25,0.1,0.1,0.3333333333333333,0.0,0.5
mui__material-ui-33312,mui/material-ui,TypeScript,qwen3-coder:30b/paths,paths,11,True,2.9936980829997992,10,9,1,10,0.1,1.0,1.0,0.1111111111111111,0.0,0.3,1.0,1.0,0.2222222222222222,1.0,0.3,0.6,0.6,0.2222222222222222,1.0,0.3,0.3,0.3,0.2222222222222222,1.0,1.0
mui__material-ui-33312,mui/material-ui,TypeScript,qwen3-coder:30b/content,content,11,True,15.625286291000066,10,9,1,10,0.1,1.0,1.0,0.1111111111111111,0.0,0.3,1.0,1.0,0.2222222222222222,1.0,0.3,0.6,0.6,0.2222222222222222,1.0,0.4,0.4,0.4,0.3333333333333333,1.0,1.0
mui__material-ui-34138,mui/material-ui,TypeScript,qwen3-coder:30b/paths,paths,11,True,4.487530332999995,10,8,2,10,0.1,1.0,1.0,0.125,0.0,0.3,1.0,1.0,0.25,0.5,0.3,0.6,0.6,0.25,0.5,0.4,0.4,0.4,0.375,0.5,1.0
mui__material-ui-34138,mui/material-ui,TypeScript,qwen3-coder:30b/content,content,11,True,15.401147375000164,10,8,2,10,0.1,1.0,1.0,0.125,0.0,0.3,1.0,1.0,0.25,0.5,0.3,0.6,0.6,0.25,0.5,0.5,0.5,0.5,0.5,0.5,1.0
mui__material-ui-34158,mui/material-ui,TypeScript,qwen3-coder:30b/paths,paths,11,True,2.329399583000395,25,19,6,10,0.0,0.0,0.0,0.0,0.0,0.04,0.3333333333333333,0.3333333333333333,0.05263157894736842,0.0,0.12,0.6,0.6,0.15789473684210525,0.0,0.2,0.5,0.5,0.15789473684210525,0.3333333333333333,0.3333333333333333
mui__material-ui-34158,mui/material-ui,TypeScript,qwen3-coder:30b/content,content,11,True,13.538851374999922,25,19,6,10,0.04,1.0,1.0,0.05263157894736842,0.0,0.04,0.3333333333333333,0.3333333333333333,0.05263157894736842,0.0,0.08,0.4,0.4,0.10526315789473684,0.0,0.2,0.5,0.5,0.10526315789473684,0.5,1.0
mui__material-ui-34207,mui/material-ui,TypeScript,qwen3-coder:30b/paths,paths,11,True,2.3170334999999795,12,11,1,10,0.08333333333333333,1.0,1.0,0.09090909090909091,0.0,0.25,1.0,1.0,0.18181818181818182,1.0,0.25,0.6,0.6,0.18181818181818182,1.0,0.3333333333333333,0.4,0.4,0.2727272727272727,1.0,1.0
mui__material-ui-34207,mui/material-ui,TypeScript,qwen3-coder:30b/content,content,11,True,12.75871104099997,12,11,1,10,0.08333333333333333,1.0,1.0,0.09090909090909091,0.0,0.25,1.0,1.0,0.18181818181818182,1.0,0.25,0.6,0.6,0.18181818181818182,1.0,0.25,0.3,0.3,0.18181818181818182,1.0,1.0
mui__material-ui-37908,mui/material-ui,TypeScript,qwen3-coder:30b/paths,paths,11,True,2.665736208999988,5,4,1,10,0.0,0.0,0.0,0.0,0.0,0.0,0.0,0.0,0.0,0.0,0.0,0.0,0.0,0.0,0.0,0.0,0.0,0.0,0.0,0.0,0.0
mui__material-ui-37908,mui/material-ui,TypeScript,qwen3-coder:30b/content,content,11,True,14.01783958299984,5,4,1,10,0.0,0.0,0.0,0.0,0.0,0.0,0.0,0.0,0.0,0.0,0.0,0.0,0.0,0.0,0.0,0.0,0.0,0.0,0.0,0.0,0.0
mui__material-ui-38167,mui/material-ui,TypeScript,qwen3-coder:30b/paths,paths,11,True,2.639657250000255,21,19,2,10,0.047619047619047616,1.0,1.0,0.05263157894736842,0.0,0.09523809523809523,0.6666666666666666,0.6666666666666666,0.10526315789473684,0.0,0.09523809523809523,0.4,0.4,0.10526315789473684,0.0,0.09523809523809523,0.2,0.2,0.10526315789473684,0.0,1.0
mui__material-ui-38167,mui/material-ui,TypeScript,qwen3-coder:30b/content,content,11,True,14.0294626660002,21,19,2,10,0.0,0.0,0.0,0.0,0.0,0.09523809523809523,0.6666666666666666,0.6666666666666666,0.10526315789473684,0.0,0.09523809523809523,0.4,0.4,0.10526315789473684,0.0,0.09523809523809523,0.2,0.2,0.10526315789473684,0.0,0.5
tailwindlabs__tailwindcss-88,tailwindlabs/tailwindcss,TypeScript,qwen3-coder:30b/paths,paths,11,True,3.641821042000174,3,2,1,10,0.0,0.0,0.0,0.0,0.0,0.0,0.0,0.0,0.0,0.0,0.0,0.0,0.0,0.0,0.0,0.0,0.0,0.0,0.0,0.0,0.0
tailwindlabs__tailwindcss-88,tailwindlabs/tailwindcss,TypeScript,qwen3-coder:30b/content,content,11,True,15.122419833000095,3,2,1,10,0.0,0.0,0.0,0.0,0.0,0.0,0.0,0.0,0.0,0.0,0.3333333333333333,0.2,0.2,0.5,0.0,0.3333333333333333,0.1,0.1,0.5,0.0,0.25
tailwindlabs__tailwindcss-165,tailwindlabs/tailwindcss,TypeScript,qwen3-coder:30b/paths,paths,11,True,2.0335491250002633,2,1,1,10,0.5,1.0,1.0,1.0,0.0,0.5,0.3333333333333333,0.3333333333333333,1.0,0.0,0.5,0.2,0.2,1.0,0.0,0.5,0.1,0.1,1.0,0.0,1.0
tailwindlabs__tailwindcss-165,tailwindlabs/tailwindcss,TypeScript,qwen3-coder:30b/content,content,11,True,13.785762583000178,2,1,1,10,0.5,1.0,1.0,1.0,0.0,0.5,0.3333333333333333,0.3333333333333333,1.0,0.0,0.5,0.2,0.2,1.0,0.0,0.5,0.1,0.1,1.0,0.0,1.0
tailwindlabs__tailwindcss-236,tailwindlabs/tailwindcss,TypeScript,qwen3-coder:30b/paths,paths,11,True,2.213326541999777,2,1,1,10,0.5,1.0,1.0,1.0,0.0,0.5,0.3333333333333333,0.3333333333333333,1.0,0.0,0.5,0.2,0.2,1.0,0.0,0.5,0.1,0.1,1.0,0.0,1.0
tailwindlabs__tailwindcss-236,tailwindlabs/tailwindcss,TypeScript,qwen3-coder:30b/content,content,11,True,11.813015624999935,2,1,1,10,0.5,1.0,1.0,1.0,0.0,0.5,0.3333333333333333,0.3333333333333333,1.0,0.0,0.5,0.2,0.2,1.0,0.0,0.5,0.1,0.1,1.0,0.0,1.0
tailwindlabs__tailwindcss-417,tailwindlabs/tailwindcss,TypeScript,qwen3-coder:30b/paths,paths,11,True,2.198695417000181,2,1,1,10,0.0,0.0,0.0,0.0,0.0,0.5,0.3333333333333333,0.3333333333333333,1.0,0.0,0.5,0.2,0.2,1.0,0.0,0.5,0.1,0.1,1.0,0.0,0.3333333333333333
tailwindlabs__tailwindcss-417,tailwindlabs/tailwindcss,TypeScript,qwen3-coder:30b/content,content,11,True,9.760604499999772,2,1,1,10,0.5,1.0,1.0,1.0,0.0,1.0,0.6666666666666666,0.6666666666666666,1.0,1.0,1.0,0.4,0.4,1.0,1.0,1.0,0.2,0.2,1.0,1.0,1.0
tailwindlabs__tailwindcss-445,tailwindlabs/tailwindcss,TypeScript,qwen3-coder:30b/paths,paths,11,True,1.7765619159999915,2,1,1,10,0.5,1.0,1.0,1.0,0.0,1.0,0.6666666666666666,0.6666666666666666,1.0,1.0,1.0,0.4,0.4,1.0,1.0,1.0,0.2,0.2,1.0,1.0,1.0
tailwindlabs__tailwindcss-445,tailwindlabs/tailwindcss,TypeScript,qwen3-coder:30b/paths,paths,29,True,0.9605305000000044,2,1,1,10,0.5,1.0,1.0,1.0,0.0,1.0,0.6666666666666666,0.6666666666666666,1.0,1.0,1.0,0.4,0.4,1.0,1.0,1.0,0.2,0.2,1.0,1.0,1.0
tailwindlabs__tailwindcss-445,tailwindlabs/tailwindcss,TypeScript,qwen3-coder:30b/paths,paths,47,True,1.0267585420001524,2,1,1,10,0.5,1.0,1.0,1.0,0.0,1.0,0.6666666666666666,0.6666666666666666,1.0,1.0,1.0,0.4,0.4,1.0,1.0,1.0,0.2,0.2,1.0,1.0,1.0
tailwindlabs__tailwindcss-445,tailwindlabs/tailwindcss,TypeScript,qwen3-coder:30b/content,content,11,True,9.586546708999776,2,1,1,10,0.5,1.0,1.0,1.0,0.0,0.5,0.3333333333333333,0.3333333333333333,1.0,0.0,0.5,0.2,0.2,1.0,0.0,0.5,0.1,0.1,1.0,0.0,1.0
tailwindlabs__tailwindcss-445,tailwindlabs/tailwindcss,TypeScript,qwen3-coder:30b/content,content,29,True,1.4316436250001061,2,1,1,10,0.5,1.0,1.0,1.0,0.0,0.5,0.3333333333333333,0.3333333333333333,1.0,0.0,0.5,0.2,0.2,1.0,0.0,0.5,0.1,0.1,1.0,0.0,1.0
tailwindlabs__tailwindcss-445,tailwindlabs/tailwindcss,TypeScript,qwen3-coder:30b/content,content,47,True,1.3576052919997892,2,1,1,10,0.5,1.0,1.0,1.0,0.0,0.5,0.3333333333333333,0.3333333333333333,1.0,0.0,0.5,0.2,0.2,1.0,0.0,0.5,0.1,0.1,1.0,0.0,1.0
tailwindlabs__tailwindcss-463,tailwindlabs/tailwindcss,TypeScript,qwen3-coder:30b/paths,paths,11,True,1.8589842079995833,3,2,1,10,0.0,0.0,0.0,0.0,0.0,0.3333333333333333,0.3333333333333333,0.3333333333333333,0.5,0.0,0.6666666666666666,0.4,0.4,0.5,1.0,1.0,0.3,0.3,1.0,1.0,0.3333333333333333
tailwindlabs__tailwindcss-463,tailwindlabs/tailwindcss,TypeScript,qwen3-coder:30b/content,content,11,True,8.952030166999975,3,2,1,10,0.3333333333333333,1.0,1.0,0.5,0.0,0.3333333333333333,0.3333333333333333,0.3333333333333333,0.5,0.0,0.3333333333333333,0.2,0.2,0.5,0.0,0.6666666666666666,0.2,0.2,0.5,1.0,1.0
tailwindlabs__tailwindcss-553,tailwindlabs/tailwindcss,TypeScript,qwen3-coder:30b/paths,paths,11,True,2.000304333999793,2,1,1,10,0.5,1.0,1.0,1.0,0.0,0.5,0.3333333333333333,0.3333333333333333,1.0,0.0,0.5,0.2,0.2,1.0,0.0,0.5,0.1,0.1,1.0,0.0,1.0
tailwindlabs__tailwindcss-553,tailwindlabs/tailwindcss,TypeScript,qwen3-coder:30b/content,content,11,True,10.576819959000204,2,1,1,10,0.5,1.0,1.0,1.0,0.0,1.0,0.6666666666666666,0.6666666666666666,1.0,1.0,1.0,0.4,0.4,1.0,1.0,1.0,0.2,0.2,1.0,1.0,1.0
tailwindlabs__tailwindcss-849,tailwindlabs/tailwindcss,TypeScript,qwen3-coder:30b/paths,paths,11,True,1.7361696660000234,2,1,1,10,0.0,0.0,0.0,0.0,0.0,0.5,0.3333333333333333,0.3333333333333333,1.0,0.0,1.0,0.4,0.4,1.0,1.0,1.0,0.2,0.2,1.0,1.0,0.5
tailwindlabs__tailwindcss-849,tailwindlabs/tailwindcss,TypeScript,qwen3-coder:30b/paths,paths,29,True,0.927241999999751,2,1,1,10,0.0,0.0,0.0,0.0,0.0,0.5,0.3333333333333333,0.3333333333333333,1.0,0.0,1.0,0.4,0.4,1.0,1.0,1.0,0.2,0.2,1.0,1.0,0.5
tailwindlabs__tailwindcss-849,tailwindlabs/tailwindcss,TypeScript,qwen3-coder:30b/paths,paths,47,True,0.9491827090000697,2,1,1,10,0.0,0.0,0.0,0.0,0.0,0.5,0.3333333333333333,0.3333333333333333,1.0,0.0,1.0,0.4,0.4,1.0,1.0,1.0,0.2,0.2,1.0,1.0,0.5
tailwindlabs__tailwindcss-849,tailwindlabs/tailwindcss,TypeScript,qwen3-coder:30b/content,content,11,True,8.502105833000314,2,1,1,10,0.0,0.0,0.0,0.0,0.0,0.5,0.3333333333333333,0.3333333333333333,1.0,0.0,0.5,0.2,0.2,1.0,0.0,0.5,0.1,0.1,1.0,0.0,0.5
tailwindlabs__tailwindcss-849,tailwindlabs/tailwindcss,TypeScript,qwen3-coder:30b/content,content,29,True,1.546209208000164,2,1,1,10,0.0,0.0,0.0,0.0,0.0,0.5,0.3333333333333333,0.3333333333333333,1.0,0.0,0.5,0.2,0.2,1.0,0.0,0.5,0.1,0.1,1.0,0.0,0.5
tailwindlabs__tailwindcss-849,tailwindlabs/tailwindcss,TypeScript,qwen3-coder:30b/content,content,47,True,1.5365457079997213,2,1,1,10,0.0,0.0,0.0,0.0,0.0,0.5,0.3333333333333333,0.3333333333333333,1.0,0.0,0.5,0.2,0.2,1.0,0.0,0.5,0.1,0.1,1.0,0.0,0.5
coder__code-server-4597,coder/code-server,TypeScript,qwen3-coder:30b/paths,paths,11,True,1.7420865000003687,8,7,1,10,0.125,1.0,1.0,0.14285714285714285,0.0,0.125,0.3333333333333333,0.3333333333333333,0.14285714285714285,0.0,0.125,0.2,0.2,0.14285714285714285,0.0,0.125,0.1,0.1,0.14285714285714285,0.0,1.0
coder__code-server-4597,coder/code-server,TypeScript,qwen3-coder:30b/content,content,11,True,12.210822749999807,8,7,1,10,0.0,0.0,0.0,0.0,0.0,0.0,0.0,0.0,0.0,0.0,0.0,0.0,0.0,0.0,0.0,0.0,0.0,0.0,0.0,0.0,0.0
coder__code-server-4678,coder/code-server,TypeScript,qwen3-coder:30b/paths,paths,11,True,1.8037389999999505,16,12,4,10,0.0625,1.0,1.0,0.08333333333333333,0.0,0.1875,1.0,1.0,0.25,0.0,0.1875,0.6,0.6,0.25,0.0,0.3125,0.5,0.5,0.4166666666666667,0.0,1.0
coder__code-server-4678,coder/code-server,TypeScript,qwen3-coder:30b/paths,paths,29,True,1.1192285000001903,16,12,4,10,0.0625,1.0,1.0,0.08333333333333333,0.0,0.1875,1.0,1.0,0.25,0.0,0.1875,0.6,0.6,0.25,0.0,0.3125,0.5,0.5,0.4166666666666667,0.0,1.0
coder__code-server-4678,coder/code-server,TypeScript,qwen3-coder:30b/paths,paths,47,True,1.3725996670000313,16,12,4,10,0.0625,1.0,1.0,0.08333333333333333,0.0,0.1875,1.0,1.0,0.25,0.0,0.1875,0.6,0.6,0.25,0.0,0.1875,0.3,0.3,0.25,0.0,1.0
coder__code-server-4678,coder/code-server,TypeScript,qwen3-coder:30b/content,content,11,True,11.794202250000126,16,12,4,10,0.0625,1.0,1.0,0.08333333333333333,0.0,0.1875,1.0,1.0,0.25,0.0,0.1875,0.6,0.6,0.25,0.0,0.25,0.4,0.4,0.3333333333333333,0.0,1.0
coder__code-server-4678,coder/code-server,TypeScript,qwen3-coder:30b/content,content,29,True,1.2255950000003395,16,12,4,10,0.0625,1.0,1.0,0.08333333333333333,0.0,0.1875,1.0,1.0,0.25,0.0,0.1875,0.6,0.6,0.25,0.0,0.25,0.4,0.4,0.3333333333333333,0.0,1.0
coder__code-server-4678,coder/code-server,TypeScript,qwen3-coder:30b/content,content,47,True,1.1126482500003476,16,12,4,10,0.0625,1.0,1.0,0.08333333333333333,0.0,0.1875,1.0,1.0,0.25,0.0,0.1875,0.6,0.6,0.25,0.0,0.25,0.4,0.4,0.3333333333333333,0.0,1.0
coder__code-server-4923,coder/code-server,TypeScript,qwen3-coder:30b/paths,paths,11,True,1.8198687079998308,4,2,2,10,0.0,0.0,0.0,0.0,0.0,0.25,0.3333333333333333,0.3333333333333333,0.5,0.0,0.25,0.2,0.2,0.5,0.0,1.0,0.4,0.4,1.0,1.0,0.5
coder__code-server-4923,coder/code-server,TypeScript,qwen3-coder:30b/paths,paths,29,True,0.9463983329997063,4,2,2,10,0.0,0.0,0.0,0.0,0.0,0.25,0.3333333333333333,0.3333333333333333,0.5,0.0,0.25,0.2,0.2,0.5,0.0,1.0,0.4,0.4,1.0,1.0,0.5
coder__code-server-4923,coder/code-server,TypeScript,qwen3-coder:30b/paths,paths,47,True,0.9233478340001966,4,2,2,10,0.0,0.0,0.0,0.0,0.0,0.25,0.3333333333333333,0.3333333333333333,0.5,0.0,0.25,0.2,0.2,0.5,0.0,1.0,0.4,0.4,1.0,1.0,0.5
coder__code-server-4923,coder/code-server,TypeScript,qwen3-coder:30b/content,content,11,True,12.548208374999831,4,2,2,10,0.25,1.0,1.0,0.5,0.0,0.5,0.6666666666666666,0.6666666666666666,0.5,0.5,1.0,0.8,0.8,1.0,1.0,1.0,0.4,0.4,1.0,1.0,1.0
coder__code-server-4923,coder/code-server,TypeScript,qwen3-coder:30b/content,content,29,True,1.1778107079999245,4,2,2,10,0.25,1.0,1.0,0.5,0.0,0.5,0.6666666666666666,0.6666666666666666,0.5,0.5,1.0,0.8,0.8,1.0,1.0,1.0,0.4,0.4,1.0,1.0,1.0
coder__code-server-4923,coder/code-server,TypeScript,qwen3-coder:30b/content,content,47,True,1.1684119579999788,4,2,2,10,0.25,1.0,1.0,0.5,0.0,0.5,0.6666666666666666,0.6666666666666666,0.5,0.5,1.0,0.8,0.8,1.0,1.0,1.0,0.4,0.4,1.0,1.0,1.0
coder__code-server-5633,coder/code-server,TypeScript,qwen3-coder:30b/paths,paths,11,True,1.8172755419996065,5,3,2,10,0.2,1.0,1.0,0.3333333333333333,0.0,0.4,0.6666666666666666,0.6666666666666666,0.6666666666666666,0.0,0.4,0.4,0.4,0.6666666666666666,0.0,0.6,0.3,0.3,1.0,0.0,1.0
coder__code-server-5633,coder/code-server,TypeScript,qwen3-coder:30b/content,content,11,True,12.210819040999922,5,3,2,10,0.2,1.0,1.0,0.3333333333333333,0.0,0.4,0.6666666666666666,0.6666666666666666,0.6666666666666666,0.0,0.6,0.6,0.6,1.0,0.0,0.8,0.4,0.4,1.0,0.5,1.0
coder__code-server-6115,coder/code-server,TypeScript,qwen3-coder:30b/paths,paths,11,True,1.851558875000137,2,1,1,10,0.0,0.0,0.0,0.0,0.0,0.0,0.0,0.0,0.0,0.0,0.0,0.0,0.0,0.0,0.0,0.5,0.1,0.1,1.0,0.0,0.14285714285714285
coder__code-server-6115,coder/code-server,TypeScript,qwen3-coder:30b/content,content,11,True,11.892089625000153,2,1,1,10,0.0,0.0,0.0,0.0,0.0,0.0,0.0,0.0,0.0,0.0,0.0,0.0,0.0,0.0,0.0,0.0,0.0,0.0,0.0,0.0,0.0
coder__code-server-6225,coder/code-server,TypeScript,qwen3-coder:30b/paths,paths,11,True,2.1285625830000754,6,5,1,10,0.16666666666666666,1.0,1.0,0.2,0.0,0.3333333333333333,0.6666666666666666,0.6666666666666666,0.4,0.0,0.6666666666666666,0.8,0.8,0.8,0.0,1.0,0.6,0.6,1.0,1.0,1.0
coder__code-server-6225,coder/code-server,TypeScript,qwen3-coder:30b/content,content,11,True,14.046544625000024,6,5,1,10,0.16666666666666666,1.0,1.0,0.2,0.0,0.5,1.0,1.0,0.4,1.0,0.5,0.6,0.6,0.4,1.0,0.5,0.3,0.3,0.4,1.0,1.0
coder__code-server-6423,coder/code-server,TypeScript,qwen3-coder:30b/paths,paths,11,True,2.1481629169998087,2,1,1,10,0.0,0.0,0.0,0.0,0.0,0.5,0.3333333333333333,0.3333333333333333,1.0,0.0,1.0,0.4,0.4,1.0,1.0,1.0,0.2,0.2,1.0,1.0,0.5
coder__code-server-6423,coder/code-server,TypeScript,qwen3-coder:30b/content,content,11,True,13.945121916000062,2,1,1,10,0.5,1.0,1.0,1.0,0.0,0.5,0.3333333333333333,0.3333333333333333,1.0,0.0,1.0,0.4,0.4,1.0,1.0,1.0,0.2,0.2,1.0,1.0,1.0
huggingface__transformers-6744,huggingface/transformers,Python,qwen3-coder:30b/paths,paths,11,True,2.439557708999928,4,3,1,10,0.25,1.0,1.0,0.3333333333333333,0.0,0.5,0.6666666666666666,0.6666666666666666,0.3333333333333333,1.0,0.5,0.4,0.4,0.3333333333333333,1.0,0.5,0.2,0.2,0.3333333333333333,1.0,1.0
huggingface__transformers-6744,huggingface/transformers,Python,qwen3-coder:30b/content,content,11,True,15.648682000000008,4,3,1,10,0.25,1.0,1.0,0.3333333333333333,0.0,0.5,0.6666666666666666,0.6666666666666666,0.3333333333333333,1.0,0.5,0.4,0.4,0.3333333333333333,1.0,0.5,0.2,0.2,0.3333333333333333,1.0,1.0
huggingface__transformers-7562,huggingface/transformers,Python,qwen3-coder:30b/paths,paths,11,True,2.901813250000032,7,3,4,10,0.14285714285714285,1.0,1.0,0.3333333333333333,0.0,0.2857142857142857,0.6666666666666666,0.6666666666666666,0.6666666666666666,0.0,0.2857142857142857,0.4,0.4,0.6666666666666666,0.0,0.2857142857142857,0.2,0.2,0.6666666666666666,0.0,1.0
huggingface__transformers-7562,huggingface/transformers,Python,qwen3-coder:30b/content,content,11,True,13.69141695799999,7,3,4,10,0.14285714285714285,1.0,1.0,0.3333333333333333,0.0,0.2857142857142857,0.6666666666666666,0.6666666666666666,0.6666666666666666,0.0,0.2857142857142857,0.4,0.4,0.6666666666666666,0.0,0.2857142857142857,0.2,0.2,0.6666666666666666,0.0,1.0
huggingface__transformers-13573,huggingface/transformers,Python,qwen3-coder:30b/paths,paths,11,True,2.2585995419999563,4,3,1,10,0.25,1.0,1.0,0.3333333333333333,0.0,0.25,0.3333333333333333,0.3333333333333333,0.3333333333333333,0.0,0.25,0.2,0.2,0.3333333333333333,0.0,0.25,0.1,0.1,0.3333333333333333,0.0,1.0
huggingface__transformers-13573,huggingface/transformers,Python,qwen3-coder:30b/content,content,11,True,13.691671916999894,4,3,1,10,0.25,1.0,1.0,0.3333333333333333,0.0,0.25,0.3333333333333333,0.3333333333333333,0.3333333333333333,0.0,0.25,0.2,0.2,0.3333333333333333,0.0,0.25,0.1,0.1,0.3333333333333333,0.0,1.0
huggingface__transformers-13989,huggingface/transformers,Python,qwen3-coder:30b/paths,paths,11,True,2.8476473329997134,8,4,4,10,0.0,0.0,0.0,0.0,0.0,0.0,0.0,0.0,0.0,0.0,0.0,0.0,0.0,0.0,0.0,0.0,0.0,0.0,0.0,0.0,0.0
huggingface__transformers-13989,huggingface/transformers,Python,qwen3-coder:30b/content,content,11,True,14.118220207999912,8,4,4,10,0.0,0.0,0.0,0.0,0.0,0.0,0.0,0.0,0.0,0.0,0.0,0.0,0.0,0.0,0.0,0.0,0.0,0.0,0.0,0.0,0.0
huggingface__transformers-15473,huggingface/transformers,Python,qwen3-coder:30b/paths,paths,11,True,2.741199709000284,4,3,1,10,0.25,1.0,1.0,0.3333333333333333,0.0,0.25,0.3333333333333333,0.3333333333333333,0.3333333333333333,0.0,0.25,0.2,0.2,0.3333333333333333,0.0,0.25,0.1,0.1,0.3333333333333333,0.0,1.0
huggingface__transformers-15473,huggingface/transformers,Python,qwen3-coder:30b/content,content,11,True,13.656413124999744,4,3,1,10,0.25,1.0,1.0,0.3333333333333333,0.0,0.25,0.3333333333333333,0.3333333333333333,0.3333333333333333,0.0,0.25,0.2,0.2,0.3333333333333333,0.0,0.25,0.1,0.1,0.3333333333333333,0.0,1.0
huggingface__transformers-15795,huggingface/transformers,Python,qwen3-coder:30b/paths,paths,11,True,2.188508916000046,2,1,1,10,0.5,1.0,1.0,1.0,0.0,0.5,0.3333333333333333,0.3333333333333333,1.0,0.0,0.5,0.2,0.2,1.0,0.0,0.5,0.1,0.1,1.0,0.0,1.0
huggingface__transformers-15795,huggingface/transformers,Python,qwen3-coder:30b/content,content,11,True,13.441861792000054,2,1,1,10,0.5,1.0,1.0,1.0,0.0,0.5,0.3333333333333333,0.3333333333333333,1.0,0.0,0.5,0.2,0.2,1.0,0.0,0.5,0.1,0.1,1.0,0.0,1.0
huggingface__transformers-15831,huggingface/transformers,Python,qwen3-coder:30b/paths,paths,11,True,2.59643774999995,6,4,2,10,0.16666666666666666,1.0,1.0,0.25,0.0,0.5,1.0,1.0,0.75,0.0,0.6666666666666666,0.8,0.8,0.75,0.5,0.6666666666666666,0.4,0.4,0.75,0.5,1.0
huggingface__transformers-15831,huggingface/transformers,Python,qwen3-coder:30b/content,content,11,True,15.000155208000251,6,4,2,10,0.16666666666666666,1.0,1.0,0.25,0.0,0.5,1.0,1.0,0.75,0.0,0.6666666666666666,0.8,0.8,0.75,0.5,0.6666666666666666,0.4,0.4,0.75,0.5,1.0
huggingface__transformers-15913,huggingface/transformers,Python,qwen3-coder:30b/paths,paths,11,True,2.1013319579997187,2,1,1,10,0.5,1.0,1.0,1.0,0.0,1.0,0.6666666666666666,0.6666666666666666,1.0,1.0,1.0,0.4,0.4,1.0,1.0,1.0,0.2,0.2,1.0,1.0,1.0
huggingface__transformers-15913,huggingface/transformers,Python,qwen3-coder:30b/content,content,11,True,12.82438295799966,2,1,1,10,0.5,1.0,1.0,1.0,0.0,1.0,0.6666666666666666,0.6666666666666666,1.0,1.0,1.0,0.4,0.4,1.0,1.0,1.0,0.2,0.2,1.0,1.0,1.0
huggingface__transformers-19219,huggingface/transformers,Python,qwen3-coder:30b/paths,paths,11,True,1.2931815830002051,2,1,1,2,0.5,1.0,1.0,1.0,0.0,0.5,0.3333333333333333,0.5,1.0,0.0,0.5,0.2,0.5,1.0,0.0,0.5,0.1,0.5,1.0,0.0,1.0
huggingface__transformers-19219,huggingface/transformers,Python,qwen3-coder:30b/content,content,11,True,14.923252708000291,2,1,1,10,0.5,1.0,1.0,1.0,0.0,0.5,0.3333333333333333,0.3333333333333333,1.0,0.0,0.5,0.2,0.2,1.0,0.0,0.5,0.1,0.1,1.0,0.0,1.0
huggingface__transformers-19590,huggingface/transformers,Python,qwen3-coder:30b/paths,paths,11,True,2.2903060419998837,2,1,1,2,0.5,1.0,1.0,1.0,0.0,1.0,0.6666666666666666,1.0,1.0,1.0,1.0,0.4,1.0,1.0,1.0,1.0,0.2,1.0,1.0,1.0,1.0
huggingface__transformers-19590,huggingface/transformers,Python,qwen3-coder:30b/content,content,11,True,12.981780291999712,2,1,1,2,0.5,1.0,1.0,1.0,0.0,1.0,0.6666666666666666,1.0,1.0,1.0,1.0,0.4,1.0,1.0,1.0,1.0,0.2,1.0,1.0,1.0,1.0
huggingface__transformers-20136,huggingface/transformers,Python,qwen3-coder:30b/paths,paths,11,True,3.0907057500003248,7,5,2,10,0.14285714285714285,1.0,1.0,0.2,0.0,0.42857142857142855,1.0,1.0,0.4,0.5,0.5714285714285714,0.8,0.8,0.4,1.0,0.8571428571428571,0.6,0.6,0.8,1.0,1.0
huggingface__transformers-20136,huggingface/transformers,Python,qwen3-coder:30b/paths,paths,29,True,1.5851969590003137,7,5,2,10,0.14285714285714285,1.0,1.0,0.2,0.0,0.42857142857142855,1.0,1.0,0.4,0.5,0.5714285714285714,0.8,0.8,0.4,1.0,0.8571428571428571,0.6,0.6,0.8,1.0,1.0
huggingface__transformers-20136,huggingface/transformers,Python,qwen3-coder:30b/paths,paths,47,True,1.6901472079998712,7,5,2,10,0.14285714285714285,1.0,1.0,0.2,0.0,0.42857142857142855,1.0,1.0,0.4,0.5,0.5714285714285714,0.8,0.8,0.4,1.0,0.8571428571428571,0.6,0.6,0.8,1.0,1.0
huggingface__transformers-20136,huggingface/transformers,Python,qwen3-coder:30b/content,content,11,True,17.755655999999817,7,5,2,10,0.14285714285714285,1.0,1.0,0.2,0.0,0.42857142857142855,1.0,1.0,0.4,0.5,0.5714285714285714,0.8,0.8,0.4,1.0,0.5714285714285714,0.4,0.4,0.4,1.0,1.0
huggingface__transformers-20136,huggingface/transformers,Python,qwen3-coder:30b/content,content,29,True,1.897144875000322,7,5,2,10,0.14285714285714285,1.0,1.0,0.2,0.0,0.42857142857142855,1.0,1.0,0.4,0.5,0.5714285714285714,0.8,0.8,0.4,1.0,0.5714285714285714,0.4,0.4,0.4,1.0,1.0
huggingface__transformers-20136,huggingface/transformers,Python,qwen3-coder:30b/content,content,47,True,1.8420338750001974,7,5,2,10,0.14285714285714285,1.0,1.0,0.2,0.0,0.42857142857142855,1.0,1.0,0.4,0.5,0.7142857142857143,1.0,1.0,0.6,1.0,0.7142857142857143,0.5,0.5,0.6,1.0,1.0
huggingface__transformers-21345,huggingface/transformers,Python,qwen3-coder:30b/paths,paths,11,True,4.962013709000075,2,1,1,10,0.5,1.0,1.0,1.0,0.0,0.5,0.3333333333333333,0.3333333333333333,1.0,0.0,0.5,0.2,0.2,1.0,0.0,0.5,0.1,0.1,1.0,0.0,1.0
huggingface__transformers-21345,huggingface/transformers,Python,qwen3-coder:30b/content,content,11,True,18.653729583000313,2,1,1,10,0.5,1.0,1.0,1.0,0.0,0.5,0.3333333333333333,0.3333333333333333,1.0,0.0,0.5,0.2,0.2,1.0,0.0,0.5,0.1,0.1,1.0,0.0,1.0
huggingface__transformers-21768,huggingface/transformers,Python,qwen3-coder:30b/paths,paths,11,True,4.856190125000012,2,1,1,2,0.5,1.0,1.0,1.0,0.0,1.0,0.6666666666666666,1.0,1.0,1.0,1.0,0.4,1.0,1.0,1.0,1.0,0.2,1.0,1.0,1.0,1.0
huggingface__transformers-21768,huggingface/transformers,Python,qwen3-coder:30b/content,content,11,True,16.315868749999936,2,1,1,2,0.5,1.0,1.0,1.0,0.0,1.0,0.6666666666666666,1.0,1.0,1.0,1.0,0.4,1.0,1.0,1.0,1.0,0.2,1.0,1.0,1.0,1.0
huggingface__transformers-23126,huggingface/transformers,Python,qwen3-coder:30b/paths,paths,11,True,2.089060750000044,2,1,1,2,0.5,1.0,1.0,1.0,0.0,1.0,0.6666666666666666,1.0,1.0,1.0,1.0,0.4,1.0,1.0,1.0,1.0,0.2,1.0,1.0,1.0,1.0
huggingface__transformers-23126,huggingface/transformers,Python,qwen3-coder:30b/content,content,11,True,13.177106208000168,2,1,1,2,0.5,1.0,1.0,1.0,0.0,1.0,0.6666666666666666,1.0,1.0,1.0,1.0,0.4,1.0,1.0,1.0,1.0,0.2,1.0,1.0,1.0,1.0
huggingface__transformers-24510,huggingface/transformers,Python,qwen3-coder:30b/paths,paths,11,True,2.825215957999717,12,10,2,10,0.08333333333333333,1.0,1.0,0.1,0.0,0.08333333333333333,0.3333333333333333,0.3333333333333333,0.1,0.0,0.08333333333333333,0.2,0.2,0.1,0.0,0.08333333333333333,0.1,0.1,0.1,0.0,1.0
huggingface__transformers-24510,huggingface/transformers,Python,qwen3-coder:30b/paths,paths,29,True,1.3472494579996237,12,10,2,10,0.08333333333333333,1.0,1.0,0.1,0.0,0.08333333333333333,0.3333333333333333,0.3333333333333333,0.1,0.0,0.08333333333333333,0.2,0.2,0.1,0.0,0.08333333333333333,0.1,0.1,0.1,0.0,1.0
huggingface__transformers-24510,huggingface/transformers,Python,qwen3-coder:30b/paths,paths,47,True,1.4140949170000567,12,10,2,10,0.08333333333333333,1.0,1.0,0.1,0.0,0.08333333333333333,0.3333333333333333,0.3333333333333333,0.1,0.0,0.08333333333333333,0.2,0.2,0.1,0.0,0.08333333333333333,0.1,0.1,0.1,0.0,1.0
huggingface__transformers-24510,huggingface/transformers,Python,qwen3-coder:30b/content,content,11,True,13.44865666600026,12,10,2,10,0.0,0.0,0.0,0.0,0.0,0.0,0.0,0.0,0.0,0.0,0.08333333333333333,0.2,0.2,0.1,0.0,0.08333333333333333,0.1,0.1,0.1,0.0,0.25
huggingface__transformers-24510,huggingface/transformers,Python,qwen3-coder:30b/content,content,29,True,1.732922083000176,12,10,2,10,0.0,0.0,0.0,0.0,0.0,0.0,0.0,0.0,0.0,0.0,0.08333333333333333,0.2,0.2,0.1,0.0,0.08333333333333333,0.1,0.1,0.1,0.0,0.25
huggingface__transformers-24510,huggingface/transformers,Python,qwen3-coder:30b/content,content,47,True,1.8951207919999433,12,10,2,10,0.0,0.0,0.0,0.0,0.0,0.0,0.0,0.0,0.0,0.0,0.08333333333333333,0.2,0.2,0.1,0.0,0.08333333333333333,0.1,0.1,0.1,0.0,0.25
huggingface__transformers-26386,huggingface/transformers,Python,qwen3-coder:30b/paths,paths,11,True,2.068917125000098,2,1,1,10,0.5,1.0,1.0,1.0,0.0,0.5,0.3333333333333333,0.3333333333333333,1.0,0.0,0.5,0.2,0.2,1.0,0.0,0.5,0.1,0.1,1.0,0.0,1.0
huggingface__transformers-26386,huggingface/transformers,Python,qwen3-coder:30b/content,content,11,True,13.64629908300003,2,1,1,10,0.5,1.0,1.0,1.0,0.0,0.5,0.3333333333333333,0.3333333333333333,1.0,0.0,0.5,0.2,0.2,1.0,0.0,0.5,0.1,0.1,1.0,0.0,1.0
huggingface__transformers-26568,huggingface/transformers,Python,qwen3-coder:30b/paths,paths,11,True,5.2619460420000905,3,2,1,10,0.3333333333333333,1.0,1.0,0.5,0.0,1.0,1.0,1.0,1.0,1.0,1.0,0.6,0.6,1.0,1.0,1.0,0.3,0.3,1.0,1.0,1.0
huggingface__transformers-26568,huggingface/transformers,Python,qwen3-coder:30b/content,content,11,True,16.759098833999815,3,2,1,10,0.3333333333333333,1.0,1.0,0.5,0.0,1.0,1.0,1.0,1.0,1.0,1.0,0.6,0.6,1.0,1.0,1.0,0.3,0.3,1.0,1.0,1.0
huggingface__transformers-27463,huggingface/transformers,Python,qwen3-coder:30b/paths,paths,11,True,3.993676416999733,4,3,1,10,0.25,1.0,1.0,0.3333333333333333,0.0,0.25,0.3333333333333333,0.3333333333333333,0.3333333333333333,0.0,0.25,0.2,0.2,0.3333333333333333,0.0,0.25,0.1,0.1,0.3333333333333333,0.0,1.0
huggingface__transformers-27463,huggingface/transformers,Python,qwen3-coder:30b/content,content,11,True,15.797889999999825,4,3,1,10,0.25,1.0,1.0,0.3333333333333333,0.0,0.25,0.3333333333333333,0.3333333333333333,0.3333333333333333,0.0,0.25,0.2,0.2,0.3333333333333333,0.0,0.25,0.1,0.1,0.3333333333333333,0.0,1.0
huggingface__transformers-27561,huggingface/transformers,Python,qwen3-coder:30b/paths,paths,11,True,2.2067130420000467,4,3,1,10,0.25,1.0,1.0,0.3333333333333333,0.0,0.5,0.6666666666666666,0.6666666666666666,0.3333333333333333,1.0,0.5,0.4,0.4,0.3333333333333333,1.0,0.75,0.3,0.3,0.6666666666666666,1.0,1.0
huggingface__transformers-27561,huggingface/transformers,Python,qwen3-coder:30b/content,content,11,True,16.36327412499986,4,3,1,10,0.25,1.0,1.0,0.3333333333333333,0.0,0.5,0.6666666666666666,0.6666666666666666,0.3333333333333333,1.0,0.5,0.4,0.4,0.3333333333333333,1.0,0.5,0.2,0.2,0.3333333333333333,1.0,1.0
huggingface__transformers-27717,huggingface/transformers,Python,qwen3-coder:30b/paths,paths,11,True,3.4311312499999076,4,3,1,10,0.25,1.0,1.0,0.3333333333333333,0.0,0.75,1.0,1.0,0.6666666666666666,1.0,0.75,0.6,0.6,0.6666666666666666,1.0,1.0,0.4,0.4,1.0,1.0,1.0
huggingface__transformers-27717,huggingface/transformers,Python,qwen3-coder:30b/content,content,11,True,13.985202584000035,4,3,1,10,0.25,1.0,1.0,0.3333333333333333,0.0,0.5,0.6666666666666666,0.6666666666666666,0.6666666666666666,0.0,0.5,0.4,0.4,0.6666666666666666,0.0,0.75,0.3,0.3,0.6666666666666666,1.0,1.0
huggingface__transformers-28517,huggingface/transformers,Python,qwen3-coder:30b/paths,paths,11,True,2.2793592079997325,2,1,1,10,0.5,1.0,1.0,1.0,0.0,1.0,0.6666666666666666,0.6666666666666666,1.0,1.0,1.0,0.4,0.4,1.0,1.0,1.0,0.2,0.2,1.0,1.0,1.0
huggingface__transformers-28517,huggingface/transformers,Python,qwen3-coder:30b/content,content,11,True,12.277485208000144,2,1,1,10,0.5,1.0,1.0,1.0,0.0,1.0,0.6666666666666666,0.6666666666666666,1.0,1.0,1.0,0.4,0.4,1.0,1.0,1.0,0.2,0.2,1.0,1.0,1.0
huggingface__transformers-28940,huggingface/transformers,Python,qwen3-coder:30b/paths,paths,11,True,2.7500437920002696,2,1,1,10,0.5,1.0,1.0,1.0,0.0,0.5,0.3333333333333333,0.3333333333333333,1.0,0.0,0.5,0.2,0.2,1.0,0.0,0.5,0.1,0.1,1.0,0.0,1.0
huggingface__transformers-28940,huggingface/transformers,Python,qwen3-coder:30b/content,content,11,True,13.277081374999852,2,1,1,10,0.5,1.0,1.0,1.0,0.0,0.5,0.3333333333333333,0.3333333333333333,1.0,0.0,0.5,0.2,0.2,1.0,0.0,0.5,0.1,0.1,1.0,0.0,1.0
huggingface__transformers-29589,huggingface/transformers,Python,qwen3-coder:30b/paths,paths,11,True,4.78690562499969,5,3,2,10,0.0,0.0,0.0,0.0,0.0,0.2,0.3333333333333333,0.3333333333333333,0.3333333333333333,0.0,0.4,0.4,0.4,0.3333333333333333,0.5,0.4,0.2,0.2,0.3333333333333333,0.5,0.5
huggingface__transformers-29589,huggingface/transformers,Python,qwen3-coder:30b/content,content,11,True,19.288428708000083,5,3,2,10,0.0,0.0,0.0,0.0,0.0,0.2,0.3333333333333333,0.3333333333333333,0.3333333333333333,0.0,0.2,0.2,0.2,0.3333333333333333,0.0,0.2,0.1,0.1,0.3333333333333333,0.0,0.5
huggingface__transformers-29688,huggingface/transformers,Python,qwen3-coder:30b/paths,paths,11,True,3.8017347909999444,2,1,1,10,0.5,1.0,1.0,1.0,0.0,0.5,0.3333333333333333,0.3333333333333333,1.0,0.0,0.5,0.2,0.2,1.0,0.0,1.0,0.2,0.2,1.0,1.0,1.0
huggingface__transformers-29688,huggingface/transformers,Python,qwen3-coder:30b/content,content,11,True,15.567588874999728,2,1,1,10,0.5,1.0,1.0,1.0,0.0,0.5,0.3333333333333333,0.3333333333333333,1.0,0.0,0.5,0.2,0.2,1.0,0.0,1.0,0.2,0.2,1.0,1.0,1.0
huggingface__transformers-29838,huggingface/transformers,Python,qwen3-coder:30b/paths,paths,11,True,2.040338000000247,2,1,1,10,0.5,1.0,1.0,1.0,0.0,0.5,0.3333333333333333,0.3333333333333333,1.0,0.0,0.5,0.2,0.2,1.0,0.0,1.0,0.2,0.2,1.0,1.0,1.0
huggingface__transformers-29838,huggingface/transformers,Python,qwen3-coder:30b/content,content,11,True,12.601201375000073,2,1,1,10,0.5,1.0,1.0,1.0,0.0,0.5,0.3333333333333333,0.3333333333333333,1.0,0.0,0.5,0.2,0.2,1.0,0.0,0.5,0.1,0.1,1.0,0.0,1.0
huggingface__transformers-31095,huggingface/transformers,Python,qwen3-coder:30b/paths,paths,11,True,2.629244582999945,3,2,1,10,0.3333333333333333,1.0,1.0,0.5,0.0,0.6666666666666666,0.6666666666666666,0.6666666666666666,1.0,0.0,0.6666666666666666,0.4,0.4,1.0,0.0,0.6666666666666666,0.2,0.2,1.0,0.0,1.0
huggingface__transformers-31095,huggingface/transformers,Python,qwen3-coder:30b/content,content,11,True,16.771179041000323,3,2,1,10,0.3333333333333333,1.0,1.0,0.5,0.0,0.6666666666666666,0.6666666666666666,0.6666666666666666,1.0,0.0,0.6666666666666666,0.4,0.4,1.0,0.0,0.6666666666666666,0.2,0.2,1.0,0.0,1.0
huggingface__transformers-31247,huggingface/transformers,Python,qwen3-coder:30b/paths,paths,11,True,2.675069375000021,4,3,1,10,0.25,1.0,1.0,0.3333333333333333,0.0,0.5,0.6666666666666666,0.6666666666666666,0.3333333333333333,1.0,0.5,0.4,0.4,0.3333333333333333,1.0,0.5,0.2,0.2,0.3333333333333333,1.0,1.0
huggingface__transformers-31247,huggingface/transformers,Python,qwen3-coder:30b/content,content,11,True,13.625269041000138,4,3,1,10,0.25,1.0,1.0,0.3333333333333333,0.0,0.5,0.6666666666666666,0.6666666666666666,0.3333333333333333,1.0,0.5,0.4,0.4,0.3333333333333333,1.0,0.5,0.2,0.2,0.3333333333333333,1.0,1.0
langchain-ai__langchain-5450,langchain-ai/langchain,Python,qwen3-coder:30b/paths,paths,11,True,2.1605817919999026,2,1,1,10,0.0,0.0,0.0,0.0,0.0,0.5,0.3333333333333333,0.3333333333333333,1.0,0.0,0.5,0.2,0.2,1.0,0.0,0.5,0.1,0.1,1.0,0.0,0.5
langchain-ai__langchain-5450,langchain-ai/langchain,Python,qwen3-coder:30b/paths,paths,29,True,1.0399285829998917,2,1,1,10,0.0,0.0,0.0,0.0,0.0,0.5,0.3333333333333333,0.3333333333333333,1.0,0.0,0.5,0.2,0.2,1.0,0.0,0.5,0.1,0.1,1.0,0.0,0.5
langchain-ai__langchain-5450,langchain-ai/langchain,Python,qwen3-coder:30b/paths,paths,47,True,1.0054528750001737,2,1,1,10,0.0,0.0,0.0,0.0,0.0,0.5,0.3333333333333333,0.3333333333333333,1.0,0.0,0.5,0.2,0.2,1.0,0.0,0.5,0.1,0.1,1.0,0.0,0.5
langchain-ai__langchain-5450,langchain-ai/langchain,Python,qwen3-coder:30b/content,content,11,True,14.785911667000164,2,1,1,10,0.5,1.0,1.0,1.0,0.0,0.5,0.3333333333333333,0.3333333333333333,1.0,0.0,0.5,0.2,0.2,1.0,0.0,0.5,0.1,0.1,1.0,0.0,1.0
langchain-ai__langchain-5450,langchain-ai/langchain,Python,qwen3-coder:30b/content,content,29,True,1.328674249999949,2,1,1,10,0.5,1.0,1.0,1.0,0.0,0.5,0.3333333333333333,0.3333333333333333,1.0,0.0,0.5,0.2,0.2,1.0,0.0,0.5,0.1,0.1,1.0,0.0,1.0
langchain-ai__langchain-5450,langchain-ai/langchain,Python,qwen3-coder:30b/content,content,47,True,1.3502839170000698,2,1,1,10,0.5,1.0,1.0,1.0,0.0,0.5,0.3333333333333333,0.3333333333333333,1.0,0.0,0.5,0.2,0.2,1.0,0.0,0.5,0.1,0.1,1.0,0.0,1.0
langchain-ai__langchain-19331,langchain-ai/langchain,Python,qwen3-coder:30b/paths,paths,11,True,2.6018753749999632,1,1,0,10,1.0,1.0,1.0,1.0,,1.0,0.3333333333333333,0.3333333333333333,1.0,,1.0,0.2,0.2,1.0,,1.0,0.1,0.1,1.0,,1.0
langchain-ai__langchain-19331,langchain-ai/langchain,Python,qwen3-coder:30b/paths,paths,29,True,1.2214294160003192,1,1,0,10,1.0,1.0,1.0,1.0,,1.0,0.3333333333333333,0.3333333333333333,1.0,,1.0,0.2,0.2,1.0,,1.0,0.1,0.1,1.0,,1.0
langchain-ai__langchain-19331,langchain-ai/langchain,Python,qwen3-coder:30b/paths,paths,47,True,1.479827916999966,1,1,0,10,1.0,1.0,1.0,1.0,,1.0,0.3333333333333333,0.3333333333333333,1.0,,1.0,0.2,0.2,1.0,,1.0,0.1,0.1,1.0,,1.0
langchain-ai__langchain-19331,langchain-ai/langchain,Python,qwen3-coder:30b/content,content,11,True,15.156615832999705,1,1,0,10,1.0,1.0,1.0,1.0,,1.0,0.3333333333333333,0.3333333333333333,1.0,,1.0,0.2,0.2,1.0,,1.0,0.1,0.1,1.0,,1.0
langchain-ai__langchain-19331,langchain-ai/langchain,Python,qwen3-coder:30b/content,content,29,True,1.3789616670001124,1,1,0,10,1.0,1.0,1.0,1.0,,1.0,0.3333333333333333,0.3333333333333333,1.0,,1.0,0.2,0.2,1.0,,1.0,0.1,0.1,1.0,,1.0
langchain-ai__langchain-19331,langchain-ai/langchain,Python,qwen3-coder:30b/content,content,47,True,1.4879244580001796,1,1,0,10,1.0,1.0,1.0,1.0,,1.0,0.3333333333333333,0.3333333333333333,1.0,,1.0,0.2,0.2,1.0,,1.0,0.1,0.1,1.0,,1.0
yt-dlp__yt-dlp-1649,yt-dlp/yt-dlp,Python,qwen3-coder:30b/paths,paths,11,True,3.8418799169999147,15,14,1,10,0.06666666666666667,1.0,1.0,0.07142857142857142,0.0,0.2,1.0,1.0,0.21428571428571427,0.0,0.26666666666666666,0.8,0.8,0.2857142857142857,0.0,0.4,0.6,0.6,0.42857142857142855,0.0,1.0
yt-dlp__yt-dlp-1649,yt-dlp/yt-dlp,Python,qwen3-coder:30b/content,content,11,True,18.946204041999863,15,14,1,10,0.06666666666666667,1.0,1.0,0.07142857142857142,0.0,0.2,1.0,1.0,0.21428571428571427,0.0,0.26666666666666666,0.8,0.8,0.2857142857142857,0.0,0.26666666666666666,0.4,0.4,0.2857142857142857,0.0,1.0
yt-dlp__yt-dlp-3435,yt-dlp/yt-dlp,Python,qwen3-coder:30b/paths,paths,11,True,2.6539598749996003,6,5,1,10,0.0,0.0,0.0,0.0,0.0,0.16666666666666666,0.3333333333333333,0.3333333333333333,0.2,0.0,0.16666666666666666,0.2,0.2,0.2,0.0,0.16666666666666666,0.1,0.1,0.2,0.0,0.3333333333333333
yt-dlp__yt-dlp-3435,yt-dlp/yt-dlp,Python,qwen3-coder:30b/paths,paths,29,True,1.2353763749997597,6,5,1,10,0.0,0.0,0.0,0.0,0.0,0.16666666666666666,0.3333333333333333,0.3333333333333333,0.2,0.0,0.16666666666666666,0.2,0.2,0.2,0.0,0.16666666666666666,0.1,0.1,0.2,0.0,0.3333333333333333
yt-dlp__yt-dlp-3435,yt-dlp/yt-dlp,Python,qwen3-coder:30b/paths,paths,47,True,1.2326363329998458,6,5,1,10,0.0,0.0,0.0,0.0,0.0,0.16666666666666666,0.3333333333333333,0.3333333333333333,0.2,0.0,0.16666666666666666,0.2,0.2,0.2,0.0,0.16666666666666666,0.1,0.1,0.2,0.0,0.3333333333333333
yt-dlp__yt-dlp-3435,yt-dlp/yt-dlp,Python,qwen3-coder:30b/content,content,11,True,16.27615995899987,6,5,1,10,0.0,0.0,0.0,0.0,0.0,0.0,0.0,0.0,0.0,0.0,0.0,0.0,0.0,0.0,0.0,0.0,0.0,0.0,0.0,0.0,0.0
yt-dlp__yt-dlp-3435,yt-dlp/yt-dlp,Python,qwen3-coder:30b/content,content,29,True,1.2830429169998752,6,5,1,10,0.0,0.0,0.0,0.0,0.0,0.0,0.0,0.0,0.0,0.0,0.0,0.0,0.0,0.0,0.0,0.16666666666666666,0.1,0.1,0.2,0.0,0.16666666666666666
yt-dlp__yt-dlp-3435,yt-dlp/yt-dlp,Python,qwen3-coder:30b/content,content,47,True,1.2345551669995984,6,5,1,10,0.0,0.0,0.0,0.0,0.0,0.0,0.0,0.0,0.0,0.0,0.16666666666666666,0.2,0.2,0.2,0.0,0.16666666666666666,0.1,0.1,0.2,0.0,0.2
yt-dlp__yt-dlp-4524,yt-dlp/yt-dlp,Python,qwen3-coder:30b/paths,paths,11,True,5.757550708000053,4,3,1,10,0.25,1.0,1.0,0.3333333333333333,0.0,0.25,0.3333333333333333,0.3333333333333333,0.3333333333333333,0.0,0.25,0.2,0.2,0.3333333333333333,0.0,0.25,0.1,0.1,0.3333333333333333,0.0,1.0
yt-dlp__yt-dlp-4524,yt-dlp/yt-dlp,Python,qwen3-coder:30b/content,content,11,True,23.05877904199997,4,3,1,10,0.0,0.0,0.0,0.0,0.0,0.25,0.3333333333333333,0.3333333333333333,0.3333333333333333,0.0,0.25,0.2,0.2,0.3333333333333333,0.0,0.25,0.1,0.1,0.3333333333333333,0.0,0.5
yt-dlp__yt-dlp-8917,yt-dlp/yt-dlp,Python,qwen3-coder:30b/paths,paths,11,True,4.9874165000001085,7,5,2,10,0.0,0.0,0.0,0.0,0.0,0.2857142857142857,0.6666666666666666,0.6666666666666666,0.4,0.0,0.2857142857142857,0.4,0.4,0.4,0.0,0.42857142857142855,0.3,0.3,0.6,0.0,0.5
yt-dlp__yt-dlp-8917,yt-dlp/yt-dlp,Python,qwen3-coder:30b/paths,paths,29,True,1.0975400410002294,7,5,2,10,0.0,0.0,0.0,0.0,0.0,0.2857142857142857,0.6666666666666666,0.6666666666666666,0.4,0.0,0.2857142857142857,0.4,0.4,0.4,0.0,0.42857142857142855,0.3,0.3,0.6,0.0,0.5
yt-dlp__yt-dlp-8917,yt-dlp/yt-dlp,Python,qwen3-coder:30b/paths,paths,47,True,0.9876341249996585,7,5,2,10,0.0,0.0,0.0,0.0,0.0,0.2857142857142857,0.6666666666666666,0.6666666666666666,0.4,0.0,0.2857142857142857,0.4,0.4,0.4,0.0,0.42857142857142855,0.3,0.3,0.6,0.0,0.5
yt-dlp__yt-dlp-8917,yt-dlp/yt-dlp,Python,qwen3-coder:30b/content,content,11,True,21.6858095839998,7,5,2,10,0.14285714285714285,1.0,1.0,0.2,0.0,0.2857142857142857,0.6666666666666666,0.6666666666666666,0.4,0.0,0.2857142857142857,0.4,0.4,0.4,0.0,0.42857142857142855,0.3,0.3,0.6,0.0,1.0
yt-dlp__yt-dlp-8917,yt-dlp/yt-dlp,Python,qwen3-coder:30b/content,content,29,True,1.457261875000313,7,5,2,10,0.14285714285714285,1.0,1.0,0.2,0.0,0.2857142857142857,0.6666666666666666,0.6666666666666666,0.4,0.0,0.2857142857142857,0.4,0.4,0.4,0.0,0.42857142857142855,0.3,0.3,0.6,0.0,1.0
yt-dlp__yt-dlp-8917,yt-dlp/yt-dlp,Python,qwen3-coder:30b/content,content,47,True,1.4168718329997319,7,5,2,10,0.14285714285714285,1.0,1.0,0.2,0.0,0.2857142857142857,0.6666666666666666,0.6666666666666666,0.4,0.0,0.42857142857142855,0.6,0.6,0.6,0.0,0.5714285714285714,0.4,0.4,0.8,0.0,1.0
keras-team__keras-3907,keras-team/keras,Python,qwen3-coder:30b/paths,paths,11,True,1.8246420829996168,3,2,1,10,0.0,0.0,0.0,0.0,0.0,0.3333333333333333,0.3333333333333333,0.3333333333333333,0.0,1.0,0.3333333333333333,0.2,0.2,0.0,1.0,0.6666666666666666,0.2,0.2,0.5,1.0,0.3333333333333333
keras-team__keras-3907,keras-team/keras,Python,qwen3-coder:30b/paths,paths,29,True,0.9389976249999563,3,2,1,10,0.0,0.0,0.0,0.0,0.0,0.3333333333333333,0.3333333333333333,0.3333333333333333,0.0,1.0,0.3333333333333333,0.2,0.2,0.0,1.0,0.6666666666666666,0.2,0.2,0.5,1.0,0.3333333333333333
keras-team__keras-3907,keras-team/keras,Python,qwen3-coder:30b/paths,paths,47,True,0.9968132919998425,3,2,1,10,0.0,0.0,0.0,0.0,0.0,0.3333333333333333,0.3333333333333333,0.3333333333333333,0.0,1.0,0.3333333333333333,0.2,0.2,0.0,1.0,0.6666666666666666,0.2,0.2,0.5,1.0,0.3333333333333333
keras-team__keras-3907,keras-team/keras,Python,qwen3-coder:30b/content,content,11,True,12.930830208000316,3,2,1,10,0.0,0.0,0.0,0.0,0.0,0.0,0.0,0.0,0.0,0.0,0.3333333333333333,0.2,0.2,0.0,1.0,0.6666666666666666,0.2,0.2,0.5,1.0,0.25
keras-team__keras-3907,keras-team/keras,Python,qwen3-coder:30b/content,content,29,True,1.2515792079998391,3,2,1,10,0.0,0.0,0.0,0.0,0.0,0.0,0.0,0.0,0.0,0.0,0.3333333333333333,0.2,0.2,0.0,1.0,0.6666666666666666,0.2,0.2,0.5,1.0,0.25
keras-team__keras-3907,keras-team/keras,Python,qwen3-coder:30b/content,content,47,True,1.2565393330000916,3,2,1,10,0.0,0.0,0.0,0.0,0.0,0.0,0.0,0.0,0.0,0.0,0.3333333333333333,0.2,0.2,0.0,1.0,0.6666666666666666,0.2,0.2,0.5,1.0,0.25
keras-team__keras-3983,keras-team/keras,Python,qwen3-coder:30b/paths,paths,11,True,1.9894508339998538,2,1,1,10,0.5,1.0,1.0,1.0,0.0,1.0,0.6666666666666666,0.6666666666666666,1.0,1.0,1.0,0.4,0.4,1.0,1.0,1.0,0.2,0.2,1.0,1.0,1.0
keras-team__keras-3983,keras-team/keras,Python,qwen3-coder:30b/paths,paths,29,True,1.0070114999998623,2,1,1,10,0.5,1.0,1.0,1.0,0.0,1.0,0.6666666666666666,0.6666666666666666,1.0,1.0,1.0,0.4,0.4,1.0,1.0,1.0,0.2,0.2,1.0,1.0,1.0
keras-team__keras-3983,keras-team/keras,Python,qwen3-coder:30b/paths,paths,47,True,0.9549160830001711,2,1,1,10,0.5,1.0,1.0,1.0,0.0,1.0,0.6666666666666666,0.6666666666666666,1.0,1.0,1.0,0.4,0.4,1.0,1.0,1.0,0.2,0.2,1.0,1.0,1.0
keras-team__keras-3983,keras-team/keras,Python,qwen3-coder:30b/content,content,11,True,12.839435625000078,2,1,1,10,0.5,1.0,1.0,1.0,0.0,1.0,0.6666666666666666,0.6666666666666666,1.0,1.0,1.0,0.4,0.4,1.0,1.0,1.0,0.2,0.2,1.0,1.0,1.0
keras-team__keras-3983,keras-team/keras,Python,qwen3-coder:30b/content,content,29,True,1.222261707999678,2,1,1,10,0.5,1.0,1.0,1.0,0.0,1.0,0.6666666666666666,0.6666666666666666,1.0,1.0,1.0,0.4,0.4,1.0,1.0,1.0,0.2,0.2,1.0,1.0,1.0
keras-team__keras-3983,keras-team/keras,Python,qwen3-coder:30b/content,content,47,True,1.2042612090003786,2,1,1,10,0.5,1.0,1.0,1.0,0.0,1.0,0.6666666666666666,0.6666666666666666,1.0,1.0,1.0,0.4,0.4,1.0,1.0,1.0,0.2,0.2,1.0,1.0,1.0
keras-team__keras-18649,keras-team/keras,Python,qwen3-coder:30b/paths,paths,11,True,2.4760500839997803,6,5,1,10,0.0,0.0,0.0,0.0,0.0,0.16666666666666666,0.3333333333333333,0.3333333333333333,0.2,0.0,0.16666666666666666,0.2,0.2,0.2,0.0,0.3333333333333333,0.2,0.2,0.4,0.0,0.3333333333333333
keras-team__keras-18649,keras-team/keras,Python,qwen3-coder:30b/content,content,11,True,12.475350875000004,6,5,1,10,0.0,0.0,0.0,0.0,0.0,0.0,0.0,0.0,0.0,0.0,0.16666666666666666,0.2,0.2,0.2,0.0,0.16666666666666666,0.1,0.1,0.2,0.0,0.2
keras-team__keras-18852,keras-team/keras,Python,qwen3-coder:30b/paths,paths,11,True,2.409842749999825,7,4,3,10,0.14285714285714285,1.0,1.0,0.25,0.0,0.14285714285714285,0.3333333333333333,0.3333333333333333,0.25,0.0,0.14285714285714285,0.2,0.2,0.25,0.0,0.14285714285714285,0.1,0.1,0.25,0.0,1.0
keras-team__keras-18852,keras-team/keras,Python,qwen3-coder:30b/content,content,11,True,14.879828083999655,7,4,3,10,0.0,0.0,0.0,0.0,0.0,0.14285714285714285,0.3333333333333333,0.3333333333333333,0.25,0.0,0.14285714285714285,0.2,0.2,0.25,0.0,0.14285714285714285,0.1,0.1,0.25,0.0,0.5
keras-team__keras-19903,keras-team/keras,Python,qwen3-coder:30b/paths,paths,11,True,2.1687779580001916,8,7,1,10,0.125,1.0,1.0,0.14285714285714285,0.0,0.25,0.6666666666666666,0.6666666666666666,0.2857142857142857,0.0,0.5,0.8,0.8,0.5714285714285714,0.0,0.625,0.5,0.5,0.7142857142857143,0.0,1.0
keras-team__keras-19903,keras-team/keras,Python,qwen3-coder:30b/content,content,11,True,13.808815541000058,8,7,1,10,0.0,0.0,0.0,0.0,0.0,0.25,0.6666666666666666,0.6666666666666666,0.2857142857142857,0.0,0.375,0.6,0.6,0.42857142857142855,0.0,0.375,0.3,0.3,0.42857142857142855,0.0,0.5
