all_precision_at_10,all_recall_at_10,basename_all_recall_at_10,candidate_path_count,code_f1_at_5,code_precision_at_5,code_recall_at_10,code_recall_at_5,condition,elapsed_sec,gold_code_files,gold_test_files,language,model,parse_ok,predicted_code_files,predicted_test_files,repo,returncode,task_category,task_id,test_f1_at_5,test_precision_at_5,test_recall_at_10,test_recall_at_5
0.0,0.0,0.0,132,0.0,0.0,0.0,0.0,issue_only,15.368,1,1,Java,qwen2.5-coder:14b,1,2,2,apache/dubbo,0,Feature,apache__dubbo-2750,0.0,0.0,0.0,0.0
0.0,0.0,0.0,132,0.0,0.0,0.0,0.0,issue_plus_inventory,21.801,1,1,Java,qwen2.5-coder:14b,1,3,3,apache/dubbo,0,Feature,apache__dubbo-2750,0.0,0.0,0.0,0.0
0.0,0.0,0.0,132,0.0,0.0,0.0,0.0,issue_plus_hints,12.172,1,1,Java,qwen2.5-coder:14b,1,3,3,apache/dubbo,0,Feature,apache__dubbo-2750,0.0,0.0,0.0,0.0
0.0,0.0,0.0,258,0.0,0.0,0.0,0.0,issue_only,7.75,1,1,Java,qwen2.5-coder:14b,1,2,2,trinodb/trino,0,Feature,trinodb__trino-117,0.0,0.0,0.0,0.0
0.5,1.0,1.0,258,0.6666666666666666,0.5,1.0,1.0,issue_plus_inventory,17.056,1,1,Java,qwen2.5-coder:14b,1,2,2,trinodb/trino,0,Feature,trinodb__trino-117,0.6666666666666666,0.5,1.0,1.0
0.5,1.0,1.0,258,0.6666666666666666,0.5,1.0,1.0,issue_plus_hints,8.153,1,1,Java,qwen2.5-coder:14b,1,2,2,trinodb/trino,0,Feature,trinodb__trino-117,0.6666666666666666,0.5,1.0,1.0
0.25,0.25,0.25,258,0.4,0.5,0.3333333333333333,0.3333333333333333,issue_only,12.375,3,1,Java,qwen2.5-coder:14b,1,2,2,trinodb/trino,0,Feature,trinodb__trino-741,0.0,0.0,0.0,0.0
0.5,0.5,0.5,258,0.4,0.5,0.3333333333333333,0.3333333333333333,issue_plus_inventory,19.734,3,1,Java,qwen2.5-coder:14b,1,2,2,trinodb/trino,0,Feature,trinodb__trino-741,0.6666666666666666,0.5,1.0,1.0
0.75,0.75,0.75,258,0.8,1.0,0.6666666666666666,0.6666666666666666,issue_plus_hints,12.471,3,1,Java,qwen2.5-coder:14b,1,2,2,trinodb/trino,0,Feature,trinodb__trino-741,0.6666666666666666,0.5,1.0,1.0
0.0,0.0,0.3333333333333333,258,0.0,0.0,0.0,0.0,issue_only,13.571,2,1,Java,qwen2.5-coder:14b,1,3,2,trinodb/trino,0,Feature,trinodb__trino-748,0.0,0.0,0.0,0.0
0.3,1.0,1.0,258,0.5714285714285715,0.4,1.0,1.0,issue_plus_inventory,27.961,2,1,Java,qwen2.5-coder:14b,1,5,5,trinodb/trino,0,Feature,trinodb__trino-748,0.33333333333333337,0.2,1.0,1.0
0.75,1.0,1.0,258,1.0,1.0,1.0,1.0,issue_plus_hints,14.463,2,1,Java,qwen2.5-coder:14b,1,2,2,trinodb/trino,0,Feature,trinodb__trino-748,0.6666666666666666,0.5,1.0,1.0
0.0,0.0,0.0,258,0.0,0.0,0.0,0.0,issue_only,12.133,5,2,Java,qwen2.5-coder:14b,1,3,3,trinodb/trino,0,Feature,trinodb__trino-799,0.0,0.0,0.0,0.0
0.0,0.0,0.0,258,0.0,0.0,0.0,0.0,issue_plus_inventory,27.257,5,2,Java,qwen2.5-coder:14b,1,5,5,trinodb/trino,0,Feature,trinodb__trino-799,0.0,0.0,0.0,0.0
0.0,0.0,0.0,258,0.0,0.0,0.0,0.0,issue_plus_hints,17.505,5,2,Java,qwen2.5-coder:14b,1,5,5,trinodb/trino,0,Feature,trinodb__trino-799,0.0,0.0,0.0,0.0
0.0,0.0,0.0,258,0.0,0.0,0.0,0.0,issue_only,10.285,3,10,Java,qwen2.5-coder:14b,1,3,3,trinodb/trino,0,Feature,trinodb__trino-1090,0.0,0.0,0.0,0.0
0.0,0.0,0.0,258,0.0,0.0,0.0,0.0,issue_plus_inventory,17.981,3,10,Java,qwen2.5-coder:14b,1,2,2,trinodb/trino,0,Feature,trinodb__trino-1090,0.0,0.0,0.0,0.0
0.0,0.0,0.0,258,0.0,0.0,0.0,0.0,issue_plus_hints,9.242,3,10,Java,qwen2.5-coder:14b,1,2,2,trinodb/trino,0,Feature,trinodb__trino-1090,0.0,0.0,0.0,0.0
0.5,0.13333333333333333,0.13333333333333333,258,0.2666666666666667,1.0,0.15384615384615385,0.15384615384615385,issue_only,9.581,13,2,Java,qwen2.5-coder:14b,1,2,2,trinodb/trino,0,Feature,trinodb__trino-1174,0.0,0.0,0.0,0.0
0.6,0.4,0.4,258,0.5555555555555556,1.0,0.38461538461538464,0.38461538461538464,issue_plus_inventory,29.098,13,2,Java,qwen2.5-coder:14b,1,5,5,trinodb/trino,0,Feature,trinodb__trino-1174,0.28571428571428575,0.2,0.5,0.5
0.6,0.4,0.4,258,0.5555555555555556,1.0,0.38461538461538464,0.38461538461538464,issue_plus_hints,20.257,13,2,Java,qwen2.5-coder:14b,1,5,5,trinodb/trino,0,Feature,trinodb__trino-1174,0.28571428571428575,0.2,0.5,0.5
0.0,0.0,0.0,258,0.0,0.0,0.0,0.0,issue_only,10.725,2,1,Java,qwen2.5-coder:14b,1,2,2,trinodb/trino,0,Feature,trinodb__trino-1848,0.0,0.0,0.0,0.0
0.25,0.3333333333333333,0.3333333333333333,258,0.0,0.0,0.0,0.0,issue_plus_inventory,19.162,2,1,Java,qwen2.5-coder:14b,1,2,2,trinodb/trino,0,Feature,trinodb__trino-1848,0.6666666666666666,0.5,1.0,1.0
0.25,0.3333333333333333,0.3333333333333333,258,0.0,0.0,0.0,0.0,issue_plus_hints,9.211,2,1,Java,qwen2.5-coder:14b,1,2,2,trinodb/trino,0,Feature,trinodb__trino-1848,0.6666666666666666,0.5,1.0,1.0
0.0,0.0,0.0,258,0.0,0.0,0.0,0.0,issue_only,10.241,3,5,Java,qwen2.5-coder:14b,1,3,2,trinodb/trino,0,Feature,trinodb__trino-1872,0.0,0.0,0.0,0.0
0.1,0.125,0.125,258,0.0,0.0,0.0,0.0,issue_plus_inventory,25.319,3,5,Java,qwen2.5-coder:14b,1,5,5,trinodb/trino,0,Feature,trinodb__trino-1872,0.20000000000000004,0.2,0.2,0.2
0.0,0.0,0.0,258,0.0,0.0,0.0,0.0,issue_plus_hints,20.217,3,5,Java,qwen2.5-coder:14b,1,5,5,trinodb/trino,0,Feature,trinodb__trino-1872,0.0,0.0,0.0,0.0
0.0,0.0,0.0,258,0.0,0.0,0.0,0.0,issue_only,14.539,3,1,Java,qwen2.5-coder:14b,1,3,3,trinodb/trino,0,Feature,trinodb__trino-3392,0.0,0.0,0.0,0.0
0.2,0.5,0.75,258,0.5,0.4,0.6666666666666666,0.6666666666666666,issue_plus_inventory,25.343,3,1,Java,qwen2.5-coder:14b,1,5,5,trinodb/trino,0,Feature,trinodb__trino-3392,0.0,0.0,0.0,0.0
0.2,0.5,0.75,258,0.5,0.4,0.6666666666666666,0.6666666666666666,issue_plus_hints,18.351,3,1,Java,qwen2.5-coder:14b,1,5,5,trinodb/trino,0,Feature,trinodb__trino-3392,0.0,0.0,0.0,0.0
0.0,0.0,0.0,258,0.0,0.0,0.0,0.0,issue_only,13.546,3,3,Java,qwen2.5-coder:14b,1,3,3,trinodb/trino,0,Feature,trinodb__trino-3638,0.0,0.0,0.0,0.0
0.1,0.16666666666666666,0.16666666666666666,258,0.25,0.2,0.3333333333333333,0.3333333333333333,issue_plus_inventory,32.924,3,3,Java,qwen2.5-coder:14b,1,5,5,trinodb/trino,0,Feature,trinodb__trino-3638,0.0,0.0,0.0,0.0
0.3333333333333333,0.3333333333333333,0.3333333333333333,258,0.3333333333333333,0.3333333333333333,0.3333333333333333,0.3333333333333333,issue_plus_hints,15.241,3,3,Java,qwen2.5-coder:14b,1,3,3,trinodb/trino,0,Feature,trinodb__trino-3638,0.3333333333333333,0.3333333333333333,0.3333333333333333,0.3333333333333333
0.0,0.0,0.0,258,0.0,0.0,0.0,0.0,issue_only,16.312,3,1,Java,qwen2.5-coder:14b,1,3,3,trinodb/trino,0,Feature,trinodb__trino-3771,0.0,0.0,0.0,0.0
0.0,0.0,0.0,258,0.0,0.0,0.0,0.0,issue_plus_inventory,22.289,3,1,Java,qwen2.5-coder:14b,1,4,3,trinodb/trino,0,Feature,trinodb__trino-3771,0.0,0.0,0.0,0.0
0.0,0.0,0.0,258,0.0,0.0,0.0,0.0,issue_plus_hints,14.923,3,1,Java,qwen2.5-coder:14b,1,4,3,trinodb/trino,0,Feature,trinodb__trino-3771,0.0,0.0,0.0,0.0
0.0,0.0,0.5,258,0.0,0.0,0.0,0.0,issue_only,12.185,2,2,Java,qwen2.5-coder:14b,1,2,2,trinodb/trino,0,Feature,trinodb__trino-4458,0.0,0.0,0.0,0.0
0.6666666666666666,0.5,0.75,258,0.5,0.5,0.5,0.5,issue_plus_inventory,15.886,2,2,Java,qwen2.5-coder:14b,1,2,1,trinodb/trino,0,Feature,trinodb__trino-4458,0.6666666666666666,1.0,0.5,0.5
0.6666666666666666,0.5,0.75,258,0.5,0.5,0.5,0.5,issue_plus_hints,8.657,2,2,Java,qwen2.5-coder:14b,1,2,1,trinodb/trino,0,Feature,trinodb__trino-4458,0.6666666666666666,1.0,0.5,0.5
0.25,0.5,1.0,23,0.6666666666666666,0.5,1.0,1.0,issue_only,9.711,2,2,Java,qwen2.5-coder:14b,1,2,2,google/guava,0,Feature,google__guava-3971,0.0,0.0,0.0,0.0
1.0,1.0,1.0,23,1.0,1.0,1.0,1.0,issue_plus_inventory,10.271,2,2,Java,qwen2.5-coder:14b,1,2,2,google/guava,0,Feature,google__guava-3971,1.0,1.0,1.0,1.0
1.0,1.0,1.0,23,1.0,1.0,1.0,1.0,issue_plus_hints,12.227,2,2,Java,qwen2.5-coder:14b,1,2,2,google/guava,0,Feature,google__guava-3971,1.0,1.0,1.0,1.0
0.0,0.0,0.25,258,0.0,0.0,0.0,0.0,issue_only,10.093,3,1,Java,qwen2.5-coder:14b,1,2,2,trinodb/trino,0,Feature,trinodb__trino-4600,0.0,0.0,0.0,0.0
0.4,0.5,0.5,258,0.6666666666666666,0.6666666666666666,0.6666666666666666,0.6666666666666666,issue_plus_inventory,15.326,3,1,Java,qwen2.5-coder:14b,1,3,2,trinodb/trino,0,Feature,trinodb__trino-4600,0.0,0.0,0.0,0.0
0.4,0.5,0.5,258,0.6666666666666666,0.6666666666666666,0.6666666666666666,0.6666666666666666,issue_plus_hints,9.39,3,1,Java,qwen2.5-coder:14b,1,3,2,trinodb/trino,0,Feature,trinodb__trino-4600,0.0,0.0,0.0,0.0
0.0,0.0,0.16666666666666666,258,0.0,0.0,0.0,0.0,issue_only,12.258,3,3,Java,qwen2.5-coder:14b,1,3,3,trinodb/trino,0,Feature,trinodb__trino-5507,0.0,0.0,0.0,0.0
0.2,0.3333333333333333,0.3333333333333333,258,0.25,0.2,0.3333333333333333,0.3333333333333333,issue_plus_inventory,25.156,3,3,Java,qwen2.5-coder:14b,1,5,5,trinodb/trino,0,Feature,trinodb__trino-5507,0.25,0.2,0.3333333333333333,0.3333333333333333
0.2,0.3333333333333333,0.3333333333333333,258,0.25,0.2,0.3333333333333333,0.3333333333333333,issue_plus_hints,18.897,3,3,Java,qwen2.5-coder:14b,1,5,5,trinodb/trino,0,Feature,trinodb__trino-5507,0.25,0.2,0.3333333333333333,0.3333333333333333
0.0,0.0,0.0,258,0.0,0.0,0.0,0.0,issue_only,11.761,2,3,Java,qwen2.5-coder:14b,1,3,3,trinodb/trino,0,Feature,trinodb__trino-6074,0.0,0.0,0.0,0.0
1.0,1.0,1.0,258,1.0,1.0,1.0,1.0,issue_plus_inventory,19.088,2,3,Java,qwen2.5-coder:14b,1,2,3,trinodb/trino,0,Feature,trinodb__trino-6074,1.0,1.0,1.0,1.0
1.0,1.0,1.0,258,1.0,1.0,1.0,1.0,issue_plus_hints,12.453,2,3,Java,qwen2.5-coder:14b,1,2,3,trinodb/trino,0,Feature,trinodb__trino-6074,1.0,1.0,1.0,1.0
0.75,0.42857142857142855,0.42857142857142855,80,0.5714285714285715,1.0,0.4,0.4,issue_only,8.377,5,2,Java,qwen2.5-coder:14b,1,2,2,google/gson,0,Feature,google__gson-1904,0.5,0.5,0.5,0.5
0.75,0.42857142857142855,0.42857142857142855,80,0.5714285714285715,1.0,0.4,0.4,issue_plus_inventory,15.454,5,2,Java,qwen2.5-coder:14b,1,2,2,google/gson,0,Feature,google__gson-1904,0.5,0.5,0.5,0.5
0.75,0.42857142857142855,0.42857142857142855,80,0.5714285714285715,1.0,0.4,0.4,issue_plus_hints,9.512,5,2,Java,qwen2.5-coder:14b,1,2,2,google/gson,0,Feature,google__gson-1904,0.5,0.5,0.5,0.5
0.5,0.5,0.5,132,0.4,0.5,0.3333333333333333,0.3333333333333333,issue_only,9.176,3,1,Java,qwen2.5-coder:14b,1,2,2,apache/dubbo,0,Feature,apache__dubbo-8032,0.6666666666666666,0.5,1.0,1.0
0.4,0.5,0.5,132,0.3333333333333333,0.3333333333333333,0.3333333333333333,0.3333333333333333,issue_plus_inventory,19.149,3,1,Java,qwen2.5-coder:14b,1,3,2,apache/dubbo,0,Feature,apache__dubbo-8032,0.6666666666666666,0.5,1.0,1.0
0.3333333333333333,0.5,0.5,132,0.3333333333333333,0.3333333333333333,0.3333333333333333,0.3333333333333333,issue_plus_hints,14.46,3,1,Java,qwen2.5-coder:14b,1,3,3,apache/dubbo,0,Feature,apache__dubbo-8032,0.5,0.3333333333333333,1.0,1.0
0.0,0.0,0.0,45,0.0,0.0,0.0,0.0,issue_only,10.805,11,5,Java,qwen2.5-coder:14b,1,3,2,apolloconfig/apollo,0,Feature,apolloconfig__apollo-4119,0.0,0.0,0.0,0.0
0.6,0.375,0.4375,45,0.37499999999999994,0.6,0.2727272727272727,0.2727272727272727,issue_plus_inventory,20.196,11,5,Java,qwen2.5-coder:14b,1,5,5,apolloconfig/apollo,0,Feature,apolloconfig__apollo-4119,0.6,0.6,0.6,0.6
0.6,0.375,0.5,45,0.5000000000000001,0.8,0.36363636363636365,0.36363636363636365,issue_plus_hints,17.767,11,5,Java,qwen2.5-coder:14b,1,5,5,apolloconfig/apollo,0,Feature,apolloconfig__apollo-4119,0.20000000000000004,0.2,0.2,0.2
0.0,0.0,0.0,45,0.0,0.0,0.0,0.0,issue_only,11.424,4,2,Java,qwen2.5-coder:14b,1,3,3,apolloconfig/apollo,0,Feature,apolloconfig__apollo-4199,0.0,0.0,0.0,0.0
1.0,0.6666666666666666,0.6666666666666666,45,0.6666666666666666,1.0,0.5,0.5,issue_plus_inventory,13.542,4,2,Java,qwen2.5-coder:14b,1,2,2,apolloconfig/apollo,0,Feature,apolloconfig__apollo-4199,1.0,1.0,1.0,1.0
1.0,0.6666666666666666,0.6666666666666666,45,0.6666666666666666,1.0,0.5,0.5,issue_plus_hints,10.27,4,2,Java,qwen2.5-coder:14b,1,2,2,apolloconfig/apollo,0,Feature,apolloconfig__apollo-4199,1.0,1.0,1.0,1.0
0.3333333333333333,0.25,0.25,45,0.0,0.0,0.0,0.0,issue_only,7.348,3,1,Java,qwen2.5-coder:14b,1,2,1,apolloconfig/apollo,0,Feature,apolloconfig__apollo-4207,1.0,1.0,1.0,1.0
1.0,0.75,0.75,45,0.8,1.0,0.6666666666666666,0.6666666666666666,issue_plus_inventory,13.008,3,1,Java,qwen2.5-coder:14b,1,2,1,apolloconfig/apollo,0,Feature,apolloconfig__apollo-4207,1.0,1.0,1.0,1.0
1.0,0.75,0.75,45,0.8,1.0,0.6666666666666666,0.6666666666666666,issue_plus_hints,10.467,3,1,Java,qwen2.5-coder:14b,1,2,1,apolloconfig/apollo,0,Feature,apolloconfig__apollo-4207,1.0,1.0,1.0,1.0
0.0,0.0,0.0,157,0.0,0.0,0.0,0.0,issue_only,12.808,1,1,Java,qwen2.5-coder:14b,1,5,5,apache/rocketmq,0,Feature,apache__rocketmq-3862,0.0,0.0,0.0,0.0
0.1111111111111111,0.5,0.5,157,0.0,0.0,0.0,0.0,issue_plus_inventory,28.002,1,1,Java,qwen2.5-coder:14b,1,5,5,apache/rocketmq,0,Feature,apache__rocketmq-3862,0.33333333333333337,0.2,1.0,1.0
0.1,0.5,0.5,157,0.0,0.0,0.0,0.0,issue_plus_hints,17.971,1,1,Java,qwen2.5-coder:14b,1,5,5,apache/rocketmq,0,Feature,apache__rocketmq-3862,0.0,0.0,0.0,0.0
0.0,0.0,0.0,157,0.0,0.0,0.0,0.0,issue_only,14.215,2,1,Java,qwen2.5-coder:14b,1,3,2,apache/rocketmq,0,Feature,apache__rocketmq-4122,0.0,0.0,0.0,0.0
0.3,1.0,1.0,157,0.5714285714285715,0.4,1.0,1.0,issue_plus_inventory,23.637,2,1,Java,qwen2.5-coder:14b,1,5,5,apache/rocketmq,0,Feature,apache__rocketmq-4122,0.33333333333333337,0.2,1.0,1.0
0.3,1.0,1.0,157,0.5714285714285715,0.4,1.0,1.0,issue_plus_hints,16.445,2,1,Java,qwen2.5-coder:14b,1,5,5,apache/rocketmq,0,Feature,apache__rocketmq-4122,0.33333333333333337,0.2,1.0,1.0
0.5,1.0,1.0,80,0.6666666666666666,0.5,1.0,1.0,issue_only,7.662,1,1,Java,qwen2.5-coder:14b,1,2,2,google/gson,0,Feature,google__gson-2130,0.6666666666666666,0.5,1.0,1.0
0.5,1.0,1.0,80,0.6666666666666666,0.5,1.0,1.0,issue_plus_inventory,13.871,1,1,Java,qwen2.5-coder:14b,1,2,2,google/gson,0,Feature,google__gson-2130,0.6666666666666666,0.5,1.0,1.0
0.5,1.0,1.0,80,0.6666666666666666,0.5,1.0,1.0,issue_plus_hints,9.805,1,1,Java,qwen2.5-coder:14b,1,2,2,google/gson,0,Feature,google__gson-2130,0.6666666666666666,0.5,1.0,1.0
0.0,0.0,0.0625,45,0.0,0.0,0.0,0.0,issue_only,13.401,15,1,Java,qwen2.5-coder:14b,1,5,3,apolloconfig/apollo,0,Feature,apolloconfig__apollo-4464,0.0,0.0,0.0,0.0
0.9,0.5625,0.5625,45,0.5,1.0,0.3333333333333333,0.3333333333333333,issue_plus_inventory,20.491,15,1,Java,qwen2.5-coder:14b,1,5,5,apolloconfig/apollo,0,Feature,apolloconfig__apollo-4464,0.33333333333333337,0.2,1.0,1.0
0.8,0.5,0.5,45,0.5,1.0,0.3333333333333333,0.3333333333333333,issue_plus_hints,16.434,15,1,Java,qwen2.5-coder:14b,1,5,5,apolloconfig/apollo,0,Feature,apolloconfig__apollo-4464,0.33333333333333337,0.2,1.0,1.0
0.0,0.0,0.1111111111111111,157,0.0,0.0,0.0,0.0,issue_only,9.052,4,5,Java,qwen2.5-coder:14b,1,4,3,apache/rocketmq,0,Feature,apache__rocketmq-5062,0.0,0.0,0.0,0.0
0.3,0.3333333333333333,0.3333333333333333,157,0.4444444444444445,0.4,0.5,0.5,issue_plus_inventory,25.172,4,5,Java,qwen2.5-coder:14b,1,5,5,apache/rocketmq,0,Feature,apache__rocketmq-5062,0.20000000000000004,0.2,0.2,0.2
0.3,0.3333333333333333,0.3333333333333333,157,0.4444444444444445,0.4,0.5,0.5,issue_plus_hints,17.502,4,5,Java,qwen2.5-coder:14b,1,5,5,apache/rocketmq,0,Feature,apache__rocketmq-5062,0.20000000000000004,0.2,0.2,0.2
0.16666666666666666,0.25,0.25,157,0.3333333333333333,0.3333333333333333,0.3333333333333333,0.3333333333333333,issue_only,10.142,3,1,Java,qwen2.5-coder:14b,1,3,3,apache/rocketmq,0,Feature,apache__rocketmq-5286,0.0,0.0,0.0,0.0
0.3,0.75,0.75,157,0.5,0.4,0.6666666666666666,0.6666666666666666,issue_plus_inventory,24.214,3,1,Java,qwen2.5-coder:14b,1,5,5,apache/rocketmq,0,Feature,apache__rocketmq-5286,0.33333333333333337,0.2,1.0,1.0
0.5,0.75,0.75,157,0.6666666666666666,0.6666666666666666,0.6666666666666666,0.6666666666666666,issue_plus_hints,10.903,3,1,Java,qwen2.5-coder:14b,1,3,3,apache/rocketmq,0,Feature,apache__rocketmq-5286,0.5,0.3333333333333333,1.0,1.0
0.0,0.0,0.0,132,0.0,0.0,0.0,0.0,issue_only,9.834,1,3,Java,qwen2.5-coder:14b,1,2,2,apache/dubbo,0,Feature,apache__dubbo-10846,0.0,0.0,0.0,0.0
0.1,0.25,0.25,132,0.33333333333333337,0.2,1.0,1.0,issue_plus_inventory,28.437,1,3,Java,qwen2.5-coder:14b,1,5,5,apache/dubbo,0,Feature,apache__dubbo-10846,0.0,0.0,0.0,0.0
0.1,0.25,0.25,132,0.33333333333333337,0.2,1.0,1.0,issue_plus_hints,18.948,1,3,Java,qwen2.5-coder:14b,1,5,5,apache/dubbo,0,Feature,apache__dubbo-10846,0.0,0.0,0.0,0.0
0.0,0.0,0.4,157,0.0,0.0,0.0,0.0,issue_only,18.661,3,2,Java,qwen2.5-coder:14b,1,5,5,apache/rocketmq,0,Feature,apache__rocketmq-5706,0.0,0.0,0.0,0.0
0.4,0.4,0.6,157,0.6666666666666666,0.6666666666666666,0.6666666666666666,0.6666666666666666,issue_plus_inventory,18.154,3,2,Java,qwen2.5-coder:14b,1,3,2,apache/rocketmq,0,Feature,apache__rocketmq-5706,0.0,0.0,0.0,0.0
0.4,0.4,0.6,157,0.6666666666666666,0.6666666666666666,0.6666666666666666,0.6666666666666666,issue_plus_hints,10.712,3,2,Java,qwen2.5-coder:14b,1,3,2,apache/rocketmq,0,Feature,apache__rocketmq-5706,0.0,0.0,0.0,0.0
0.0,0.0,0.0,132,0.0,0.0,0.0,0.0,issue_only,16.251,1,1,Java,qwen2.5-coder:14b,1,3,3,apache/dubbo,0,Feature,apache__dubbo-11255,0.0,0.0,0.0,0.0
0.1,0.5,0.5,132,0.0,0.0,0.0,0.0,issue_plus_inventory,29.614,1,1,Java,qwen2.5-coder:14b,1,5,5,apache/dubbo,0,Feature,apache__dubbo-11255,0.33333333333333337,0.2,1.0,1.0
0.1,0.5,0.5,132,0.0,0.0,0.0,0.0,issue_plus_hints,20.33,1,1,Java,qwen2.5-coder:14b,1,5,5,apache/dubbo,0,Feature,apache__dubbo-11255,0.33333333333333337,0.2,1.0,1.0
0.0,0.0,0.0,132,0.0,0.0,0.0,0.0,issue_only,20.194,8,2,Java,qwen2.5-coder:14b,1,5,5,apache/dubbo,0,Feature,apache__dubbo-11420,0.0,0.0,0.0,0.0
0.4,0.4,0.4,132,0.4615384615384615,0.6,0.375,0.375,issue_plus_inventory,32.49,8,2,Java,qwen2.5-coder:14b,1,5,5,apache/dubbo,0,Feature,apache__dubbo-11420,0.28571428571428575,0.2,0.5,0.5
0.4,0.4,0.4,132,0.4615384615384615,0.6,0.375,0.375,issue_plus_hints,19.272,8,2,Java,qwen2.5-coder:14b,1,5,5,apache/dubbo,0,Feature,apache__dubbo-11420,0.28571428571428575,0.2,0.5,0.5
1.0,0.5714285714285714,0.5714285714285714,80,0.6666666666666666,1.0,0.5,0.5,issue_only,7.914,4,3,Java,qwen2.5-coder:14b,1,2,2,google/gson,0,Feature,google__gson-2345,0.8,1.0,0.6666666666666666,0.6666666666666666
0.6,0.42857142857142855,0.42857142857142855,80,0.6666666666666666,1.0,0.5,0.5,issue_plus_inventory,14.151,4,3,Java,qwen2.5-coder:14b,1,2,3,google/gson,0,Feature,google__gson-2345,0.3333333333333333,0.3333333333333333,0.3333333333333333,0.3333333333333333
0.75,0.42857142857142855,0.5714285714285714,80,0.6666666666666666,1.0,0.5,0.5,issue_plus_hints,7.757,4,3,Java,qwen2.5-coder:14b,1,2,2,google/gson,0,Feature,google__gson-2345,0.4,0.5,0.3333333333333333,0.3333333333333333
0.0,0.0,0.05555555555555555,157,0.0,0.0,0.0,0.0,issue_only,9.996,17,1,Java,qwen2.5-coder:14b,1,2,2,apache/rocketmq,0,Feature,apache__rocketmq-6522,0.0,0.0,0.0,0.0
0.3333333333333333,0.16666666666666666,0.16666666666666666,157,0.1818181818181818,0.4,0.11764705882352941,0.11764705882352941,issue_plus_inventory,27.532,17,1,Java,qwen2.5-coder:14b,1,5,4,apache/rocketmq,0,Feature,apache__rocketmq-6522,0.4,0.25,1.0,1.0
0.3333333333333333,0.16666666666666666,0.16666666666666666,157,0.1818181818181818,0.4,0.11764705882352941,0.11764705882352941,issue_plus_hints,21.619,17,1,Java,qwen2.5-coder:14b,1,5,4,apache/rocketmq,0,Feature,apache__rocketmq-6522,0.4,0.25,1.0,1.0
0.0,0.0,0.0,157,0.0,0.0,0.0,0.0,issue_only,9.194,9,4,Java,qwen2.5-coder:14b,1,3,2,apache/rocketmq,0,Feature,apache__rocketmq-6755,0.0,0.0,0.0,0.0
0.4,0.3076923076923077,0.3076923076923077,157,0.2857142857142857,0.4,0.2222222222222222,0.2222222222222222,issue_plus_inventory,24.803,9,4,Java,qwen2.5-coder:14b,1,5,5,apache/rocketmq,0,Feature,apache__rocketmq-6755,0.4444444444444445,0.4,0.5,0.5
0.4,0.3076923076923077,0.3076923076923077,157,0.2857142857142857,0.4,0.2222222222222222,0.2222222222222222,issue_plus_hints,17.56,9,4,Java,qwen2.5-coder:14b,1,5,5,apache/rocketmq,0,Feature,apache__rocketmq-6755,0.4444444444444445,0.4,0.5,0.5
0.2,0.08333333333333333,0.08333333333333333,80,0.16666666666666666,0.3333333333333333,0.1111111111111111,0.1111111111111111,issue_only,10.115,9,3,Java,qwen2.5-coder:14b,1,3,2,google/gson,0,Feature,google__gson-2420,0.0,0.0,0.0,0.0
0.75,0.25,0.25,80,0.1818181818181818,0.5,0.1111111111111111,0.1111111111111111,issue_plus_inventory,12.629,9,3,Java,qwen2.5-coder:14b,1,2,2,google/gson,0,Feature,google__gson-2420,0.0,0.0,0.0,0.0
0.6,0.25,0.25,80,0.1818181818181818,0.5,0.1111111111111111,0.1111111111111111,issue_plus_hints,7.985,9,3,Java,qwen2.5-coder:14b,1,2,3,google/gson,0,Feature,google__gson-2420,0.0,0.0,0.0,0.0
0.75,0.75,0.75,80,0.5,0.5,0.5,0.5,issue_only,9.399,2,2,Java,qwen2.5-coder:14b,1,2,2,google/gson,0,Feature,google__gson-2479,1.0,1.0,1.0,1.0
0.5,0.5,0.5,80,0.5,0.5,0.5,0.5,issue_plus_inventory,16.067,2,2,Java,qwen2.5-coder:14b,1,2,2,google/gson,0,Feature,google__gson-2479,0.5,0.5,0.5,0.5
0.5,0.5,0.5,80,0.5,0.5,0.5,0.5,issue_plus_hints,8.865,2,2,Java,qwen2.5-coder:14b,1,2,2,google/gson,0,Feature,google__gson-2479,0.5,0.5,0.5,0.5
0.0,0.0,0.0,80,0.0,0.0,0.0,0.0,issue_only,12.526,3,5,Java,qwen2.5-coder:14b,1,3,3,google/gson,0,Feature,google__gson-2498,0.0,0.0,0.0,0.0
0.3333333333333333,0.25,0.25,80,0.3333333333333333,0.3333333333333333,0.3333333333333333,0.3333333333333333,issue_plus_inventory,16.462,3,5,Java,qwen2.5-coder:14b,1,3,3,google/gson,0,Feature,google__gson-2498,0.25,0.3333333333333333,0.2,0.2
0.3333333333333333,0.25,0.25,80,0.3333333333333333,0.3333333333333333,0.3333333333333333,0.3333333333333333,issue_plus_hints,11.304,3,5,Java,qwen2.5-coder:14b,1,3,3,google/gson,0,Feature,google__gson-2498,0.25,0.3333333333333333,0.2,0.2
0.0,0.0,0.0,157,0.0,0.0,0.0,0.0,issue_only,15.287,2,1,Java,qwen2.5-coder:14b,1,5,5,apache/rocketmq,0,Feature,apache__rocketmq-7455,0.0,0.0,0.0,0.0
0.1,0.3333333333333333,0.3333333333333333,157,0.28571428571428575,0.2,0.5,0.5,issue_plus_inventory,25.779,2,1,Java,qwen2.5-coder:14b,1,5,5,apache/rocketmq,0,Feature,apache__rocketmq-7455,0.0,0.0,0.0,0.0
0.1,0.3333333333333333,0.3333333333333333,157,0.28571428571428575,0.2,0.5,0.5,issue_plus_hints,16.206,2,1,Java,qwen2.5-coder:14b,1,5,5,apache/rocketmq,0,Feature,apache__rocketmq-7455,0.0,0.0,0.0,0.0
0.0,0.0,0.0,157,0.0,0.0,0.0,0.0,issue_only,15.775,14,1,Java,qwen2.5-coder:14b,1,5,5,apache/rocketmq,0,Feature,apache__rocketmq-7544,0.0,0.0,0.0,0.0
0.3,0.2,0.2,157,0.21052631578947364,0.4,0.14285714285714285,0.14285714285714285,issue_plus_inventory,25.335,14,1,Java,qwen2.5-coder:14b,1,5,5,apache/rocketmq,0,Feature,apache__rocketmq-7544,0.33333333333333337,0.2,1.0,1.0
0.3,0.2,0.2,157,0.21052631578947364,0.4,0.14285714285714285,0.14285714285714285,issue_plus_hints,17.715,14,1,Java,qwen2.5-coder:14b,1,5,5,apache/rocketmq,0,Feature,apache__rocketmq-7544,0.33333333333333337,0.2,1.0,1.0
0.0,0.0,0.0,157,0.0,0.0,0.0,0.0,issue_only,13.816,1,1,Java,qwen2.5-coder:14b,1,5,5,apache/rocketmq,0,Feature,apache__rocketmq-7655,0.0,0.0,0.0,0.0
0.2,1.0,1.0,157,0.33333333333333337,0.2,1.0,1.0,issue_plus_inventory,26.128,1,1,Java,qwen2.5-coder:14b,1,5,5,apache/rocketmq,0,Feature,apache__rocketmq-7655,0.33333333333333337,0.2,1.0,1.0
0.2,1.0,1.0,157,0.33333333333333337,0.2,1.0,1.0,issue_plus_hints,17.505,1,1,Java,qwen2.5-coder:14b,1,5,5,apache/rocketmq,0,Feature,apache__rocketmq-7655,0.33333333333333337,0.2,1.0,1.0
0.0,0.0,0.0,132,0.0,0.0,0.0,0.0,issue_only,9.469,2,2,Java,qwen2.5-coder:14b,1,2,2,apache/dubbo,0,Feature,apache__dubbo-13869,0.0,0.0,0.0,0.0
0.0,0.0,0.0,132,0.0,0.0,0.0,0.0,issue_plus_inventory,18.506,2,2,Java,qwen2.5-coder:14b,1,2,2,apache/dubbo,0,Feature,apache__dubbo-13869,0.0,0.0,0.0,0.0
0.0,0.0,0.0,132,0.0,0.0,0.0,0.0,issue_plus_hints,17.796,2,2,Java,qwen2.5-coder:14b,1,3,2,apache/dubbo,0,Feature,apache__dubbo-13869,0.0,0.0,0.0,0.0
0.0,0.0,0.0,157,0.0,0.0,0.0,0.0,issue_only,10.065,1,1,Java,qwen2.5-coder:14b,1,3,3,apache/rocketmq,0,Feature,apache__rocketmq-7964,0.0,0.0,0.0,0.0
0.0,0.0,0.0,157,0.0,0.0,0.0,0.0,issue_plus_inventory,17.787,1,1,Java,qwen2.5-coder:14b,1,3,2,apache/rocketmq,0,Feature,apache__rocketmq-7964,0.0,0.0,0.0,0.0
0.0,0.0,0.0,157,0.0,0.0,0.0,0.0,issue_plus_hints,10.102,1,1,Java,qwen2.5-coder:14b,1,3,2,apache/rocketmq,0,Feature,apache__rocketmq-7964,0.0,0.0,0.0,0.0
0.2,0.3333333333333333,0.3333333333333333,80,0.5,0.3333333333333333,1.0,1.0,issue_only,12.429,1,2,Java,qwen2.5-coder:14b,1,3,2,google/gson,0,Feature,google__gson-2701,0.0,0.0,0.0,0.0
0.5,0.6666666666666666,0.6666666666666666,80,0.6666666666666666,0.5,1.0,1.0,issue_plus_inventory,14.338,1,2,Java,qwen2.5-coder:14b,1,2,2,google/gson,0,Feature,google__gson-2701,0.5,0.5,0.5,0.5
0.5,0.6666666666666666,0.6666666666666666,80,0.6666666666666666,0.5,1.0,1.0,issue_plus_hints,9.276,1,2,Java,qwen2.5-coder:14b,1,2,2,google/gson,0,Feature,google__gson-2701,0.5,0.5,0.5,0.5
0.0,0.0,0.0,76,0.0,0.0,0.0,0.0,issue_only,7.386,1,1,JavaScript,qwen2.5-coder:14b,1,3,2,serverless/serverless,0,Feature,serverless__serverless-2624,0.0,0.0,0.0,0.0
0.0,0.0,0.0,76,0.0,0.0,0.0,0.0,issue_plus_inventory,15.975,1,1,JavaScript,qwen2.5-coder:14b,1,3,3,serverless/serverless,0,Feature,serverless__serverless-2624,0.0,0.0,0.0,0.0
0.0,0.0,0.0,76,0.0,0.0,0.0,0.0,issue_plus_hints,6.287,1,1,JavaScript,qwen2.5-coder:14b,1,3,3,serverless/serverless,0,Feature,serverless__serverless-2624,0.0,0.0,0.0,0.0
0.0,0.0,0.0,76,0.0,0.0,0.0,0.0,issue_only,9.882,2,1,JavaScript,qwen2.5-coder:14b,1,4,3,serverless/serverless,0,Feature,serverless__serverless-2748,0.0,0.0,0.0,0.0
0.1,0.3333333333333333,0.6666666666666666,76,0.28571428571428575,0.2,0.5,0.5,issue_plus_inventory,16.573,2,1,JavaScript,qwen2.5-coder:14b,1,5,5,serverless/serverless,0,Feature,serverless__serverless-2748,0.0,0.0,0.0,0.0
0.0,0.0,0.6666666666666666,76,0.0,0.0,0.0,0.0,issue_plus_hints,14.817,2,1,JavaScript,qwen2.5-coder:14b,1,5,5,serverless/serverless,0,Feature,serverless__serverless-2748,0.0,0.0,0.0,0.0
0.0,0.0,0.3333333333333333,76,0.0,0.0,0.0,0.0,issue_only,7.969,2,1,JavaScript,qwen2.5-coder:14b,1,3,3,serverless/serverless,0,Feature,serverless__serverless-2910,0.0,0.0,0.0,0.0
0.5,0.6666666666666666,0.6666666666666666,76,0.5,0.5,0.5,0.5,issue_plus_inventory,11.725,2,1,JavaScript,qwen2.5-coder:14b,1,2,2,serverless/serverless,0,Feature,serverless__serverless-2910,0.6666666666666666,0.5,1.0,1.0
0.5,0.6666666666666666,0.6666666666666666,76,0.5,0.5,0.5,0.5,issue_plus_hints,6.979,2,1,JavaScript,qwen2.5-coder:14b,1,2,2,serverless/serverless,0,Feature,serverless__serverless-2910,0.6666666666666666,0.5,1.0,1.0
0.0,0.0,0.0,76,0.0,0.0,0.0,0.0,issue_only,7.625,2,1,JavaScript,qwen2.5-coder:14b,1,3,3,serverless/serverless,0,Feature,serverless__serverless-3217,0.0,0.0,0.0,0.0
0.3333333333333333,0.6666666666666666,0.6666666666666666,76,0.4,0.3333333333333333,0.5,0.5,issue_plus_inventory,10.909,2,1,JavaScript,qwen2.5-coder:14b,1,3,3,serverless/serverless,0,Feature,serverless__serverless-3217,0.5,0.3333333333333333,1.0,1.0
0.3333333333333333,0.6666666666666666,0.6666666666666666,76,0.4,0.3333333333333333,0.5,0.5,issue_plus_hints,8.257,2,1,JavaScript,qwen2.5-coder:14b,1,3,3,serverless/serverless,0,Feature,serverless__serverless-3217,0.5,0.3333333333333333,1.0,1.0
0.0,0.0,0.0,335,0.0,0.0,0.0,0.0,issue_only,6.671,5,3,JavaScript,qwen2.5-coder:14b,1,2,2,prettier/prettier,0,Feature,prettier__prettier-661,0.0,0.0,0.0,0.0
0.4,0.5,0.5,335,0.4000000000000001,0.4,0.4,0.4,issue_plus_inventory,12.752,5,3,JavaScript,qwen2.5-coder:14b,1,5,5,prettier/prettier,0,Feature,prettier__prettier-661,0.5,0.4,0.6666666666666666,0.6666666666666666
0.4,0.5,0.5,335,0.4000000000000001,0.4,0.4,0.4,issue_plus_hints,10.799,5,3,JavaScript,qwen2.5-coder:14b,1,5,5,prettier/prettier,0,Feature,prettier__prettier-661,0.5,0.4,0.6666666666666666,0.6666666666666666
0.0,0.0,0.0,335,0.0,0.0,0.0,0.0,issue_only,14.475,1,3,JavaScript,qwen2.5-coder:14b,1,5,5,prettier/prettier,0,Feature,prettier__prettier-842,0.0,0.0,0.0,0.0
0.16666666666666666,0.25,0.75,335,0.5,0.3333333333333333,1.0,1.0,issue_plus_inventory,11.735,1,3,JavaScript,qwen2.5-coder:14b,1,3,3,prettier/prettier,0,Feature,prettier__prettier-842,0.0,0.0,0.0,0.0
0.2,0.25,0.75,335,0.5,0.3333333333333333,1.0,1.0,issue_plus_hints,8.167,1,3,JavaScript,qwen2.5-coder:14b,1,3,2,prettier/prettier,0,Feature,prettier__prettier-842,0.0,0.0,0.0,0.0
0.0,0.0,0.5,76,0.0,0.0,0.0,0.0,issue_only,7.412,3,1,JavaScript,qwen2.5-coder:14b,1,3,3,serverless/serverless,0,Feature,serverless__serverless-3548,0.0,0.0,0.0,0.0
0.2,0.5,0.5,76,0.25,0.2,0.3333333333333333,0.3333333333333333,issue_plus_inventory,13.832,3,1,JavaScript,qwen2.5-coder:14b,1,5,5,serverless/serverless,0,Feature,serverless__serverless-3548,0.33333333333333337,0.2,1.0,1.0
0.2,0.5,0.5,76,0.25,0.2,0.3333333333333333,0.3333333333333333,issue_plus_hints,11.356,3,1,JavaScript,qwen2.5-coder:14b,1,5,5,serverless/serverless,0,Feature,serverless__serverless-3548,0.33333333333333337,0.2,1.0,1.0
0.0,0.0,0.25,76,0.0,0.0,0.0,0.0,issue_only,9.491,3,1,JavaScript,qwen2.5-coder:14b,1,3,2,serverless/serverless,0,Feature,serverless__serverless-3609,0.0,0.0,0.0,0.0
0.0,0.0,0.5,76,0.0,0.0,0.0,0.0,issue_plus_inventory,11.45,3,1,JavaScript,qwen2.5-coder:14b,1,3,3,serverless/serverless,0,Feature,serverless__serverless-3609,0.0,0.0,0.0,0.0
0.0,0.0,0.5,76,0.0,0.0,0.0,0.0,issue_plus_hints,9.451,3,1,JavaScript,qwen2.5-coder:14b,1,3,3,serverless/serverless,0,Feature,serverless__serverless-3609,0.0,0.0,0.0,0.0
0.0,0.0,0.6666666666666666,76,0.0,0.0,0.0,0.0,issue_only,7.278,2,1,JavaScript,qwen2.5-coder:14b,1,2,2,serverless/serverless,0,Feature,serverless__serverless-3642,0.0,0.0,0.0,0.0
0.3333333333333333,0.6666666666666666,0.6666666666666666,76,0.4,0.3333333333333333,0.5,0.5,issue_plus_inventory,10.662,2,1,JavaScript,qwen2.5-coder:14b,1,3,3,serverless/serverless,0,Feature,serverless__serverless-3642,0.5,0.3333333333333333,1.0,1.0
0.2,0.6666666666666666,0.6666666666666666,76,0.28571428571428575,0.2,0.5,0.5,issue_plus_hints,9.393,2,1,JavaScript,qwen2.5-coder:14b,1,5,5,serverless/serverless,0,Feature,serverless__serverless-3642,0.33333333333333337,0.2,1.0,1.0
0.0,0.0,0.0,76,0.0,0.0,0.0,0.0,issue_only,7.238,4,2,JavaScript,qwen2.5-coder:14b,1,3,3,serverless/serverless,0,Feature,serverless__serverless-4097,0.0,0.0,0.0,0.0
0.3333333333333333,0.3333333333333333,0.3333333333333333,76,0.28571428571428575,0.3333333333333333,0.25,0.25,issue_plus_inventory,11.03,4,2,JavaScript,qwen2.5-coder:14b,1,3,3,serverless/serverless,0,Feature,serverless__serverless-4097,0.4,0.3333333333333333,0.5,0.5
0.3333333333333333,0.3333333333333333,0.3333333333333333,76,0.28571428571428575,0.3333333333333333,0.25,0.25,issue_plus_hints,6.85,4,2,JavaScript,qwen2.5-coder:14b,1,3,3,serverless/serverless,0,Feature,serverless__serverless-4097,0.4,0.3333333333333333,0.5,0.5
0.0,0.0,0.1111111111111111,334,0.0,0.0,0.0,0.0,issue_only,6.802,4,5,JavaScript,qwen2.5-coder:14b,1,3,3,sveltejs/svelte,0,Feature,sveltejs__svelte-778,0.0,0.0,0.0,0.0
0.5,0.3333333333333333,0.4444444444444444,334,0.0,0.0,0.0,0.0,issue_plus_inventory,12.383,4,5,JavaScript,qwen2.5-coder:14b,1,3,3,sveltejs/svelte,0,Feature,sveltejs__svelte-778,0.7499999999999999,1.0,0.6,0.6
0.5,0.3333333333333333,0.4444444444444444,334,0.0,0.0,0.0,0.0,issue_plus_hints,8.208,4,5,JavaScript,qwen2.5-coder:14b,1,3,3,sveltejs/svelte,0,Feature,sveltejs__svelte-778,0.7499999999999999,1.0,0.6,0.6
0.0,0.0,0.04,334,0.0,0.0,0.0,0.0,issue_only,5.773,1,24,JavaScript,qwen2.5-coder:14b,1,2,2,sveltejs/svelte,0,Feature,sveltejs__svelte-785,0.0,0.0,0.0,0.0
0.0,0.0,0.04,334,0.0,0.0,0.0,0.0,issue_plus_inventory,16.084,1,24,JavaScript,qwen2.5-coder:14b,1,5,5,sveltejs/svelte,0,Feature,sveltejs__svelte-785,0.0,0.0,0.0,0.0
0.0,0.0,0.04,334,0.0,0.0,0.0,0.0,issue_plus_hints,7.83,1,24,JavaScript,qwen2.5-coder:14b,1,3,3,sveltejs/svelte,0,Feature,sveltejs__svelte-785,0.0,0.0,0.0,0.0
0.0,0.0,0.06666666666666667,335,0.0,0.0,0.0,0.0,issue_only,7.698,8,7,JavaScript,qwen2.5-coder:14b,1,5,5,prettier/prettier,0,Feature,prettier__prettier-3775,0.0,0.0,0.0,0.0
0.3,0.2,0.26666666666666666,335,0.15384615384615385,0.2,0.125,0.125,issue_plus_inventory,12.6,8,7,JavaScript,qwen2.5-coder:14b,1,5,5,prettier/prettier,0,Feature,prettier__prettier-3775,0.16666666666666666,0.2,0.14285714285714285,0.14285714285714285
0.6,0.4,0.4,335,0.4615384615384615,0.6,0.375,0.375,issue_plus_hints,336.224,8,7,JavaScript,qwen2.5-coder:14b,1,5,5,prettier/prettier,0,Feature,prettier__prettier-3775,0.16666666666666666,0.2,0.14285714285714285,0.14285714285714285
0.0,0.0,0.0,334,0.0,0.0,0.0,0.0,issue_only,1059.166,4,7,JavaScript,qwen2.5-coder:14b,1,3,2,sveltejs/svelte,0,Feature,sveltejs__svelte-1148,0.0,0.0,0.0,0.0
0.4,0.36363636363636365,0.5454545454545454,334,0.22222222222222224,0.2,0.25,0.25,issue_plus_inventory,1863.372,4,7,JavaScript,qwen2.5-coder:14b,1,5,5,sveltejs/svelte,0,Feature,sveltejs__svelte-1148,0.5,0.6,0.42857142857142855,0.42857142857142855
0.3,0.2727272727272727,0.36363636363636365,334,0.22222222222222224,0.2,0.25,0.25,issue_plus_hints,527.226,4,7,JavaScript,qwen2.5-coder:14b,1,5,5,sveltejs/svelte,0,Feature,sveltejs__svelte-1148,0.3333333333333333,0.4,0.2857142857142857,0.2857142857142857
0.0,0.0,0.0,335,0.0,0.0,0.0,0.0,issue_only,99.797,2,101,JavaScript,qwen2.5-coder:14b,1,4,4,prettier/prettier,0,Feature,prettier__prettier-3903,0.0,0.0,0.0,0.0
0.3333333333333333,0.019417475728155338,0.970873786407767,335,0.0,0.0,0.0,0.0,issue_plus_inventory,51.157,2,101,JavaScript,qwen2.5-coder:14b,1,3,3,prettier/prettier,0,Feature,prettier__prettier-3903,0.038461538461538464,0.6666666666666666,0.019801980198019802,0.019801980198019802
0.4,0.019417475728155338,0.970873786407767,335,0.0,0.0,0.0,0.0,issue_plus_hints,7.507,2,101,JavaScript,qwen2.5-coder:14b,1,3,2,prettier/prettier,0,Feature,prettier__prettier-3903,0.038834951456310676,1.0,0.019801980198019802,0.019801980198019802
0.0,0.0,0.0,335,0.0,0.0,0.0,0.0,issue_only,6.938,1,2,JavaScript,qwen2.5-coder:14b,1,3,3,prettier/prettier,0,Feature,prettier__prettier-4667,0.0,0.0,0.0,0.0
0.1,0.3333333333333333,0.6666666666666666,335,0.33333333333333337,0.2,1.0,1.0,issue_plus_inventory,12.883,1,2,JavaScript,qwen2.5-coder:14b,1,5,5,prettier/prettier,0,Feature,prettier__prettier-4667,0.0,0.0,0.0,0.0
0.1,0.3333333333333333,0.6666666666666666,335,0.33333333333333337,0.2,1.0,1.0,issue_plus_hints,9.635,1,2,JavaScript,qwen2.5-coder:14b,1,5,5,prettier/prettier,0,Feature,prettier__prettier-4667,0.0,0.0,0.0,0.0
0.0,0.0,0.0,77,0.0,0.0,0.0,0.0,issue_only,10.071,4,1,JavaScript,qwen2.5-coder:14b,1,5,5,mrdoob/three.js,0,Feature,mrdoob__three.js-14566,0.0,0.0,0.0,0.0
0.6666666666666666,0.4,0.4,77,0.3333333333333333,0.5,0.25,0.25,issue_plus_inventory,8.693,4,1,JavaScript,qwen2.5-coder:14b,1,2,1,mrdoob/three.js,0,Feature,mrdoob__three.js-14566,1.0,1.0,1.0,1.0
0.6666666666666666,0.4,0.4,77,0.3333333333333333,0.5,0.25,0.25,issue_plus_hints,5.26,4,1,JavaScript,qwen2.5-coder:14b,1,2,1,mrdoob/three.js,0,Feature,mrdoob__three.js-14566,1.0,1.0,1.0,1.0
0.0,0.0,0.18181818181818182,334,0.0,0.0,0.0,0.0,issue_only,6.651,2,20,JavaScript,qwen2.5-coder:14b,1,3,3,sveltejs/svelte,0,Feature,sveltejs__svelte-1811,0.0,0.0,0.0,0.0
0.3333333333333333,0.09090909090909091,0.7727272727272727,334,0.0,0.0,0.0,0.0,issue_plus_inventory,12.656,2,20,JavaScript,qwen2.5-coder:14b,1,3,3,sveltejs/svelte,0,Feature,sveltejs__svelte-1811,0.1739130434782609,0.6666666666666666,0.1,0.1
0.3333333333333333,0.09090909090909091,0.7727272727272727,334,0.0,0.0,0.0,0.0,issue_plus_hints,7.53,2,20,JavaScript,qwen2.5-coder:14b,1,3,3,sveltejs/svelte,0,Feature,sveltejs__svelte-1811,0.1739130434782609,0.6666666666666666,0.1,0.1
0.25,0.2,0.2,76,0.3333333333333333,0.5,0.25,0.25,issue_only,7.585,4,1,JavaScript,qwen2.5-coder:14b,1,2,2,serverless/serverless,0,Feature,serverless__serverless-5509,0.0,0.0,0.0,0.0
0.5,0.4,0.4,76,0.3333333333333333,0.5,0.25,0.25,issue_plus_inventory,10.906,4,1,JavaScript,qwen2.5-coder:14b,1,2,2,serverless/serverless,0,Feature,serverless__serverless-5509,0.6666666666666666,0.5,1.0,1.0
0.5,0.4,0.4,76,0.3333333333333333,0.5,0.25,0.25,issue_plus_hints,7.202,4,1,JavaScript,qwen2.5-coder:14b,1,2,2,serverless/serverless,0,Feature,serverless__serverless-5509,0.6666666666666666,0.5,1.0,1.0
0.0,0.0,0.0,76,0.0,0.0,0.0,0.0,issue_only,7.741,3,2,JavaScript,qwen2.5-coder:14b,1,3,3,serverless/serverless,0,Feature,serverless__serverless-5579,0.0,0.0,0.0,0.0
0.3333333333333333,0.4,0.4,76,0.3333333333333333,0.3333333333333333,0.3333333333333333,0.3333333333333333,issue_plus_inventory,11.176,3,2,JavaScript,qwen2.5-coder:14b,1,3,3,serverless/serverless,0,Feature,serverless__serverless-5579,0.4,0.3333333333333333,0.5,0.5
0.3333333333333333,0.4,0.4,76,0.3333333333333333,0.3333333333333333,0.3333333333333333,0.3333333333333333,issue_plus_hints,7.464,3,2,JavaScript,qwen2.5-coder:14b,1,3,3,serverless/serverless,0,Feature,serverless__serverless-5579,0.4,0.3333333333333333,0.5,0.5
0.0,0.0,0.10526315789473684,334,0.0,0.0,0.0,0.0,issue_only,7.825,4,15,JavaScript,qwen2.5-coder:14b,1,3,3,sveltejs/svelte,0,Feature,sveltejs__svelte-2187,0.0,0.0,0.0,0.0
0.3333333333333333,0.10526315789473684,0.42105263157894735,334,0.0,0.0,0.0,0.0,issue_plus_inventory,11.873,4,15,JavaScript,qwen2.5-coder:14b,1,4,2,sveltejs/svelte,0,Feature,sveltejs__svelte-2187,0.23529411764705882,1.0,0.13333333333333333,0.13333333333333333
0.3333333333333333,0.10526315789473684,0.42105263157894735,334,0.0,0.0,0.0,0.0,issue_plus_hints,7.306,4,15,JavaScript,qwen2.5-coder:14b,1,4,2,sveltejs/svelte,0,Feature,sveltejs__svelte-2187,0.23529411764705882,1.0,0.13333333333333333,0.13333333333333333
0.0,0.0,0.0,76,0.0,0.0,0.0,0.0,issue_only,7.429,5,4,JavaScript,qwen2.5-coder:14b,1,3,2,serverless/serverless,0,Feature,serverless__serverless-5982,0.0,0.0,0.0,0.0
0.6666666666666666,0.4444444444444444,0.4444444444444444,76,0.5,0.6666666666666666,0.4,0.4,issue_plus_inventory,11.992,5,4,JavaScript,qwen2.5-coder:14b,1,3,3,serverless/serverless,0,Feature,serverless__serverless-5982,0.5714285714285715,0.6666666666666666,0.5,0.5
0.6666666666666666,0.4444444444444444,0.4444444444444444,76,0.5,0.6666666666666666,0.4,0.4,issue_plus_hints,8.52,5,4,JavaScript,qwen2.5-coder:14b,1,3,3,serverless/serverless,0,Feature,serverless__serverless-5982,0.5714285714285715,0.6666666666666666,0.5,0.5
0.0,0.0,0.0,76,0.0,0.0,0.0,0.0,issue_only,9.697,3,1,JavaScript,qwen2.5-coder:14b,1,5,5,serverless/serverless,0,Feature,serverless__serverless-6051,0.0,0.0,0.0,0.0
0.1,0.25,0.5,76,0.25,0.2,0.3333333333333333,0.3333333333333333,issue_plus_inventory,15.588,3,1,JavaScript,qwen2.5-coder:14b,1,5,5,serverless/serverless,0,Feature,serverless__serverless-6051,0.0,0.0,0.0,0.0
0.1,0.25,0.5,76,0.25,0.2,0.3333333333333333,0.3333333333333333,issue_plus_hints,13.565,3,1,JavaScript,qwen2.5-coder:14b,1,5,5,serverless/serverless,0,Feature,serverless__serverless-6051,0.0,0.0,0.0,0.0
0.0,0.0,0.0,76,0.0,0.0,0.0,0.0,issue_only,7.453,3,1,JavaScript,qwen2.5-coder:14b,1,3,3,serverless/serverless,0,Feature,serverless__serverless-6063,0.0,0.0,0.0,0.0
0.3,0.75,0.75,76,0.5,0.4,0.6666666666666666,0.6666666666666666,issue_plus_inventory,15.4,3,1,JavaScript,qwen2.5-coder:14b,1,5,5,serverless/serverless,0,Feature,serverless__serverless-6063,0.33333333333333337,0.2,1.0,1.0
0.25,0.5,0.5,76,0.28571428571428575,0.25,0.3333333333333333,0.3333333333333333,issue_plus_hints,12.547,3,1,JavaScript,qwen2.5-coder:14b,1,4,4,serverless/serverless,0,Feature,serverless__serverless-6063,0.4,0.25,1.0,1.0
0.0,0.0,0.0,76,0.0,0.0,0.0,0.0,issue_only,6.951,2,1,JavaScript,qwen2.5-coder:14b,1,2,2,serverless/serverless,0,Feature,serverless__serverless-6345,0.0,0.0,0.0,0.0
0.0,0.0,0.0,76,0.0,0.0,0.0,0.0,issue_plus_inventory,10.892,2,1,JavaScript,qwen2.5-coder:14b,1,3,3,serverless/serverless,0,Feature,serverless__serverless-6345,0.0,0.0,0.0,0.0
0.0,0.0,0.0,76,0.0,0.0,0.0,0.0,issue_plus_hints,7.018,2,1,JavaScript,qwen2.5-coder:14b,1,3,3,serverless/serverless,0,Feature,serverless__serverless-6345,0.0,0.0,0.0,0.0
0.0,0.0,0.1111111111111111,77,0.0,0.0,0.0,0.0,issue_only,9.837,17,1,JavaScript,qwen2.5-coder:14b,1,3,2,mrdoob/three.js,0,Feature,mrdoob__three.js-17649,0.0,0.0,0.0,0.0
0.4,0.2222222222222222,0.2777777777777778,77,0.2727272727272727,0.6,0.17647058823529413,0.17647058823529413,issue_plus_inventory,14.326,17,1,JavaScript,qwen2.5-coder:14b,1,5,5,mrdoob/three.js,0,Feature,mrdoob__three.js-17649,0.33333333333333337,0.2,1.0,1.0
0.4,0.16666666666666666,0.2222222222222222,77,0.2727272727272727,0.6,0.17647058823529413,0.17647058823529413,issue_plus_hints,12.132,17,1,JavaScript,qwen2.5-coder:14b,1,5,5,mrdoob/three.js,0,Feature,mrdoob__three.js-17649,0.0,0.0,0.0,0.0
0.0,0.0,0.0,76,0.0,0.0,0.0,0.0,issue_only,6.735,3,1,JavaScript,qwen2.5-coder:14b,1,3,3,serverless/serverless,0,Feature,serverless__serverless-6945,0.0,0.0,0.0,0.0
0.6,0.75,0.75,76,0.6666666666666666,0.6666666666666666,0.6666666666666666,0.6666666666666666,issue_plus_inventory,9.646,3,1,JavaScript,qwen2.5-coder:14b,1,3,2,serverless/serverless,0,Feature,serverless__serverless-6945,0.6666666666666666,0.5,1.0,1.0
0.6,0.75,0.75,76,0.6666666666666666,0.6666666666666666,0.6666666666666666,0.6666666666666666,issue_plus_hints,5.998,3,1,JavaScript,qwen2.5-coder:14b,1,3,2,serverless/serverless,0,Feature,serverless__serverless-6945,0.6666666666666666,0.5,1.0,1.0
0.0,0.0,0.6666666666666666,76,0.0,0.0,0.0,0.0,issue_only,8.74,2,1,JavaScript,qwen2.5-coder:14b,1,3,3,serverless/serverless,0,Feature,serverless__serverless-7024,0.0,0.0,0.0,0.0
0.6,1.0,1.0,76,0.8,0.6666666666666666,1.0,1.0,issue_plus_inventory,10.472,2,1,JavaScript,qwen2.5-coder:14b,1,3,2,serverless/serverless,0,Feature,serverless__serverless-7024,0.6666666666666666,0.5,1.0,1.0
0.6,1.0,1.0,76,0.8,0.6666666666666666,1.0,1.0,issue_plus_hints,6.325,2,1,JavaScript,qwen2.5-coder:14b,1,3,2,serverless/serverless,0,Feature,serverless__serverless-7024,0.6666666666666666,0.5,1.0,1.0
0.25,0.5,0.5,76,0.6666666666666666,0.5,1.0,1.0,issue_only,7.267,1,1,JavaScript,qwen2.5-coder:14b,1,2,2,serverless/serverless,0,Feature,serverless__serverless-7031,0.0,0.0,0.0,0.0
1.0,1.0,1.0,76,1.0,1.0,1.0,1.0,issue_plus_inventory,8.224,1,1,JavaScript,qwen2.5-coder:14b,1,1,1,serverless/serverless,0,Feature,serverless__serverless-7031,1.0,1.0,1.0,1.0
1.0,1.0,1.0,76,1.0,1.0,1.0,1.0,issue_plus_hints,4.635,1,1,JavaScript,qwen2.5-coder:14b,1,1,1,serverless/serverless,0,Feature,serverless__serverless-7031,1.0,1.0,1.0,1.0
0.0,0.0,0.25,76,0.0,0.0,0.0,0.0,issue_only,7.522,3,1,JavaScript,qwen2.5-coder:14b,1,3,3,serverless/serverless,0,Feature,serverless__serverless-7623,0.0,0.0,0.0,0.0
0.3333333333333333,0.5,0.5,76,0.3333333333333333,0.3333333333333333,0.3333333333333333,0.3333333333333333,issue_plus_inventory,12.085,3,1,JavaScript,qwen2.5-coder:14b,1,3,3,serverless/serverless,0,Feature,serverless__serverless-7623,0.5,0.3333333333333333,1.0,1.0
0.3333333333333333,0.5,0.5,76,0.3333333333333333,0.3333333333333333,0.3333333333333333,0.3333333333333333,issue_plus_hints,8.958,3,1,JavaScript,qwen2.5-coder:14b,1,3,3,serverless/serverless,0,Feature,serverless__serverless-7623,0.5,0.3333333333333333,1.0,1.0
0.0,0.0,0.0,335,0.0,0.0,0.0,0.0,issue_only,9.179,11,9,JavaScript,qwen2.5-coder:14b,1,2,2,prettier/prettier,0,Feature,prettier__prettier-8381,0.0,0.0,0.0,0.0
0.8,0.2,0.3,335,0.28571428571428575,0.6666666666666666,0.18181818181818182,0.18181818181818182,issue_plus_inventory,9.595,11,9,JavaScript,qwen2.5-coder:14b,1,3,2,prettier/prettier,0,Feature,prettier__prettier-8381,0.3636363636363636,1.0,0.2222222222222222,0.2222222222222222
0.8,0.2,0.3,335,0.28571428571428575,0.6666666666666666,0.18181818181818182,0.18181818181818182,issue_plus_hints,6.221,11,9,JavaScript,qwen2.5-coder:14b,1,3,2,prettier/prettier,0,Feature,prettier__prettier-8381,0.3636363636363636,1.0,0.2222222222222222,0.2222222222222222
0.0,0.0,0.058823529411764705,335,0.0,0.0,0.0,0.0,issue_only,6.644,4,13,JavaScript,qwen2.5-coder:14b,1,3,2,prettier/prettier,0,Feature,prettier__prettier-8465,0.0,0.0,0.0,0.0
0.5,0.29411764705882354,0.35294117647058826,335,0.0,0.0,0.0,0.0,issue_plus_inventory,14.631,4,13,JavaScript,qwen2.5-coder:14b,1,5,5,prettier/prettier,0,Feature,prettier__prettier-8465,0.4444444444444444,0.8,0.3076923076923077,0.3076923076923077
0.5,0.29411764705882354,0.35294117647058826,335,0.22222222222222224,0.2,0.25,0.25,issue_plus_hints,12.52,4,13,JavaScript,qwen2.5-coder:14b,1,5,5,prettier/prettier,0,Feature,prettier__prettier-8465,0.33333333333333337,0.6,0.23076923076923078,0.23076923076923078
0.0,0.0,0.0,334,0.0,0.0,0.0,0.0,issue_only,6.344,5,5,JavaScript,qwen2.5-coder:14b,1,3,2,sveltejs/svelte,0,Feature,sveltejs__svelte-5442,0.0,0.0,0.0,0.0
0.5,0.2,0.4,334,0.28571428571428575,0.5,0.2,0.2,issue_plus_inventory,10.967,5,5,JavaScript,qwen2.5-coder:14b,1,2,2,sveltejs/svelte,0,Feature,sveltejs__svelte-5442,0.28571428571428575,0.5,0.2,0.2
0.5,0.2,0.4,334,0.28571428571428575,0.5,0.2,0.2,issue_plus_hints,6.181,5,5,JavaScript,qwen2.5-coder:14b,1,2,2,sveltejs/svelte,0,Feature,sveltejs__svelte-5442,0.28571428571428575,0.5,0.2,0.2
0.5,0.25,0.25,77,0.5,1.0,0.3333333333333333,0.3333333333333333,issue_only,5.413,3,1,JavaScript,qwen2.5-coder:14b,1,1,1,mrdoob/three.js,0,Feature,mrdoob__three.js-20478,0.0,0.0,0.0,0.0
1.0,0.75,0.75,77,0.8,1.0,0.6666666666666666,0.6666666666666666,issue_plus_inventory,9.108,3,1,JavaScript,qwen2.5-coder:14b,1,2,1,mrdoob/three.js,0,Feature,mrdoob__three.js-20478,1.0,1.0,1.0,1.0
1.0,0.75,0.75,77,0.8,1.0,0.6666666666666666,0.6666666666666666,issue_plus_hints,5.751,3,1,JavaScript,qwen2.5-coder:14b,1,2,1,mrdoob/three.js,0,Feature,mrdoob__three.js-20478,1.0,1.0,1.0,1.0
0.0,0.0,0.0,76,0.0,0.0,0.0,0.0,issue_only,9.105,4,1,JavaScript,qwen2.5-coder:14b,1,2,2,serverless/serverless,0,Feature,serverless__serverless-8638,0.0,0.0,0.0,0.0
0.3333333333333333,0.4,0.4,76,0.28571428571428575,0.3333333333333333,0.25,0.25,issue_plus_inventory,11.815,4,1,JavaScript,qwen2.5-coder:14b,1,3,3,serverless/serverless,0,Feature,serverless__serverless-8638,0.5,0.3333333333333333,1.0,1.0
0.3333333333333333,0.4,0.4,76,0.28571428571428575,0.3333333333333333,0.25,0.25,issue_plus_hints,9.322,4,1,JavaScript,qwen2.5-coder:14b,1,3,3,serverless/serverless,0,Feature,serverless__serverless-8638,0.5,0.3333333333333333,1.0,1.0
0.0,0.0,0.0,335,0.0,0.0,0.0,0.0,issue_only,8.688,2,4,JavaScript,qwen2.5-coder:14b,1,2,2,prettier/prettier,0,Feature,prettier__prettier-10109,0.0,0.0,0.0,0.0
0.5,0.5,0.5,335,0.4,0.3333333333333333,0.5,0.5,issue_plus_inventory,12.082,2,4,JavaScript,qwen2.5-coder:14b,1,3,3,prettier/prettier,0,Feature,prettier__prettier-10109,0.5714285714285715,0.6666666666666666,0.5,0.5
0.6666666666666666,0.6666666666666666,0.6666666666666666,335,0.4,0.3333333333333333,0.5,0.5,issue_plus_hints,9.215,2,4,JavaScript,qwen2.5-coder:14b,1,3,3,prettier/prettier,0,Feature,prettier__prettier-10109,0.8571428571428571,1.0,0.75,0.75
0.25,0.2,0.2,77,0.3333333333333333,0.5,0.25,0.25,issue_only,6.207,4,1,JavaScript,qwen2.5-coder:14b,1,2,2,mrdoob/three.js,0,Feature,mrdoob__three.js-21532,0.0,0.0,0.0,0.0
1.0,0.8,0.8,77,0.8571428571428571,1.0,0.75,0.75,issue_plus_inventory,8.799,4,1,JavaScript,qwen2.5-coder:14b,1,3,1,mrdoob/three.js,0,Feature,mrdoob__three.js-21532,1.0,1.0,1.0,1.0
1.0,0.8,0.8,77,0.8571428571428571,1.0,0.75,0.75,issue_plus_hints,7.499,4,1,JavaScript,qwen2.5-coder:14b,1,3,1,mrdoob/three.js,0,Feature,mrdoob__three.js-21532,1.0,1.0,1.0,1.0
0.0,0.0,0.0,334,0.0,0.0,0.0,0.0,issue_only,8.377,1,8,JavaScript,qwen2.5-coder:14b,1,3,2,sveltejs/svelte,0,Feature,sveltejs__svelte-6223,0.0,0.0,0.0,0.0
0.5,0.3333333333333333,0.6666666666666666,334,0.5,0.3333333333333333,1.0,1.0,issue_plus_inventory,12.473,1,8,JavaScript,qwen2.5-coder:14b,1,3,3,sveltejs/svelte,0,Feature,sveltejs__svelte-6223,0.36363636363636365,0.6666666666666666,0.25,0.25
0.5,0.3333333333333333,0.6666666666666666,334,0.5,0.3333333333333333,1.0,1.0,issue_plus_hints,7.59,1,8,JavaScript,qwen2.5-coder:14b,1,3,3,sveltejs/svelte,0,Feature,sveltejs__svelte-6223,0.36363636363636365,0.6666666666666666,0.25,0.25
0.25,0.2,0.2,77,0.3333333333333333,0.5,0.25,0.25,issue_only,6.107,4,1,JavaScript,qwen2.5-coder:14b,1,2,2,mrdoob/three.js,0,Feature,mrdoob__three.js-21826,0.0,0.0,0.0,0.0
0.4,0.4,0.4,77,0.28571428571428575,0.3333333333333333,0.25,0.25,issue_plus_inventory,9.978,4,1,JavaScript,qwen2.5-coder:14b,1,3,2,mrdoob/three.js,0,Feature,mrdoob__three.js-21826,0.6666666666666666,0.5,1.0,1.0
0.4,0.4,0.4,77,0.28571428571428575,0.3333333333333333,0.25,0.25,issue_plus_hints,7.953,4,1,JavaScript,qwen2.5-coder:14b,1,3,2,mrdoob/three.js,0,Feature,mrdoob__three.js-21826,0.6666666666666666,0.5,1.0,1.0
0.0,0.0,0.058823529411764705,335,0.0,0.0,0.0,0.0,issue_only,6.243,8,9,JavaScript,qwen2.5-coder:14b,1,3,2,prettier/prettier,0,Feature,prettier__prettier-10910,0.0,0.0,0.0,0.0
0.1,0.058823529411764705,0.29411764705882354,335,0.15384615384615385,0.2,0.125,0.125,issue_plus_inventory,11.918,8,9,JavaScript,qwen2.5-coder:14b,1,5,5,prettier/prettier,0,Feature,prettier__prettier-10910,0.0,0.0,0.0,0.0
0.1,0.058823529411764705,0.29411764705882354,335,0.15384615384615385,0.2,0.125,0.125,issue_plus_hints,8.944,8,9,JavaScript,qwen2.5-coder:14b,1,5,5,prettier/prettier,0,Feature,prettier__prettier-10910,0.0,0.0,0.0,0.0
0.0,0.0,0.125,334,0.0,0.0,0.0,0.0,issue_only,7.035,4,4,JavaScript,qwen2.5-coder:14b,1,3,3,sveltejs/svelte,0,Feature,sveltejs__svelte-6528,0.0,0.0,0.0,0.0
0.5,0.375,0.375,334,0.0,0.0,0.0,0.0,issue_plus_inventory,11.734,4,4,JavaScript,qwen2.5-coder:14b,1,3,3,sveltejs/svelte,0,Feature,sveltejs__svelte-6528,0.8571428571428571,1.0,0.75,0.75
0.6666666666666666,0.5,0.5,334,0.0,0.0,0.0,0.0,issue_plus_hints,7.582,4,4,JavaScript,qwen2.5-coder:14b,1,3,3,sveltejs/svelte,0,Feature,sveltejs__svelte-6528,0.8571428571428571,1.0,0.75,0.75
0.0,0.0,0.0,334,0.0,0.0,0.0,0.0,issue_only,7.914,1,4,JavaScript,qwen2.5-coder:14b,1,3,3,sveltejs/svelte,0,Feature,sveltejs__svelte-6564,0.0,0.0,0.0,0.0
0.5,0.6,1.0,334,0.5,0.3333333333333333,1.0,1.0,issue_plus_inventory,12.988,1,4,JavaScript,qwen2.5-coder:14b,1,3,3,sveltejs/svelte,0,Feature,sveltejs__svelte-6564,0.5714285714285715,0.6666666666666666,0.5,0.5
0.5,0.6,1.0,334,0.5,0.3333333333333333,1.0,1.0,issue_plus_hints,9.283,1,4,JavaScript,qwen2.5-coder:14b,1,3,3,sveltejs/svelte,0,Feature,sveltejs__svelte-6564,0.5714285714285715,0.6666666666666666,0.5,0.5
0.0,0.0,0.0,334,0.0,0.0,0.0,0.0,issue_only,9.523,1,3,JavaScript,qwen2.5-coder:14b,1,3,3,sveltejs/svelte,0,Feature,sveltejs__svelte-6613,0.0,0.0,0.0,0.0
0.3333333333333333,0.5,0.5,334,0.5,0.3333333333333333,1.0,1.0,issue_plus_inventory,13.537,1,3,JavaScript,qwen2.5-coder:14b,1,3,3,sveltejs/svelte,0,Feature,sveltejs__svelte-6613,0.3333333333333333,0.3333333333333333,0.3333333333333333,0.3333333333333333
0.4,0.5,0.5,334,0.5,0.3333333333333333,1.0,1.0,issue_plus_hints,9.076,1,3,JavaScript,qwen2.5-coder:14b,1,3,2,sveltejs/svelte,0,Feature,sveltejs__svelte-6613,0.4,0.5,0.3333333333333333,0.3333333333333333
0.0,0.0,0.0,334,0.0,0.0,0.0,0.0,issue_only,9.873,2,1,JavaScript,qwen2.5-coder:14b,1,3,3,sveltejs/svelte,0,Feature,sveltejs__svelte-6838,0.0,0.0,0.0,0.0
0.3333333333333333,0.6666666666666666,0.6666666666666666,334,0.4,0.3333333333333333,0.5,0.5,issue_plus_inventory,13.509,2,1,JavaScript,qwen2.5-coder:14b,1,3,3,sveltejs/svelte,0,Feature,sveltejs__svelte-6838,0.5,0.3333333333333333,1.0,1.0
0.3333333333333333,0.6666666666666666,0.6666666666666666,334,0.4,0.3333333333333333,0.5,0.5,issue_plus_hints,8.387,2,1,JavaScript,qwen2.5-coder:14b,1,3,3,sveltejs/svelte,0,Feature,sveltejs__svelte-6838,0.5,0.3333333333333333,1.0,1.0
0.0,0.0,0.0,76,0.0,0.0,0.0,0.0,issue_only,8.029,1,1,JavaScript,qwen2.5-coder:14b,1,2,2,serverless/serverless,0,Feature,serverless__serverless-10120,0.0,0.0,0.0,0.0
0.5,1.0,1.0,76,0.6666666666666666,0.5,1.0,1.0,issue_plus_inventory,10.804,1,1,JavaScript,qwen2.5-coder:14b,1,2,2,serverless/serverless,0,Feature,serverless__serverless-10120,0.6666666666666666,0.5,1.0,1.0
0.5,1.0,1.0,76,0.6666666666666666,0.5,1.0,1.0,issue_plus_hints,7.502,1,1,JavaScript,qwen2.5-coder:14b,1,2,2,serverless/serverless,0,Feature,serverless__serverless-10120,0.6666666666666666,0.5,1.0,1.0
0.25,0.25,0.25,77,0.5,0.5,0.5,0.5,issue_only,6.308,2,2,JavaScript,qwen2.5-coder:14b,1,2,2,mrdoob/three.js,0,Feature,mrdoob__three.js-23596,0.0,0.0,0.0,0.0
1.0,0.75,0.75,77,1.0,1.0,1.0,1.0,issue_plus_inventory,8.781,2,2,JavaScript,qwen2.5-coder:14b,1,2,1,mrdoob/three.js,0,Feature,mrdoob__three.js-23596,0.6666666666666666,1.0,0.5,0.5
1.0,0.75,0.75,77,1.0,1.0,1.0,1.0,issue_plus_hints,5.33,2,2,JavaScript,qwen2.5-coder:14b,1,2,1,mrdoob/three.js,0,Feature,mrdoob__three.js-23596,0.6666666666666666,1.0,0.5,0.5
0.5,0.2,0.2,77,0.5,1.0,0.3333333333333333,0.3333333333333333,issue_only,7.385,9,6,JavaScript,qwen2.5-coder:14b,1,3,3,mrdoob/three.js,0,Feature,mrdoob__three.js-23796,0.0,0.0,0.0,0.0
1.0,0.4,0.4,77,0.5,1.0,0.3333333333333333,0.3333333333333333,issue_plus_inventory,10.583,9,6,JavaScript,qwen2.5-coder:14b,1,3,3,mrdoob/three.js,0,Feature,mrdoob__three.js-23796,0.6666666666666666,1.0,0.5,0.5
1.0,0.4,0.4,77,0.5,1.0,0.3333333333333333,0.3333333333333333,issue_plus_hints,6.854,9,6,JavaScript,qwen2.5-coder:14b,1,3,3,mrdoob/three.js,0,Feature,mrdoob__three.js-23796,0.6666666666666666,1.0,0.5,0.5
0.0,0.0,0.0,335,0.0,0.0,0.0,0.0,issue_only,5.778,3,1,JavaScript,qwen2.5-coder:14b,1,2,2,prettier/prettier,0,Feature,prettier__prettier-14108,0.0,0.0,0.0,0.0
0.16666666666666666,0.25,0.25,335,0.3333333333333333,0.3333333333333333,0.3333333333333333,0.3333333333333333,issue_plus_inventory,10.348,3,1,JavaScript,qwen2.5-coder:14b,1,3,3,prettier/prettier,0,Feature,prettier__prettier-14108,0.0,0.0,0.0,0.0
0.2,0.25,0.25,335,0.3333333333333333,0.3333333333333333,0.3333333333333333,0.3333333333333333,issue_plus_hints,6.361,3,1,JavaScript,qwen2.5-coder:14b,1,3,2,prettier/prettier,0,Feature,prettier__prettier-14108,0.0,0.0,0.0,0.0
0.25,0.2,0.2,335,0.3333333333333333,0.5,0.25,0.25,issue_only,5.477,4,1,JavaScript,qwen2.5-coder:14b,1,2,2,prettier/prettier,0,Feature,prettier__prettier-14317,0.0,0.0,0.0,0.0
0.0,0.0,0.0,335,0.0,0.0,0.0,0.0,issue_plus_inventory,9.021,4,1,JavaScript,qwen2.5-coder:14b,1,2,2,prettier/prettier,0,Feature,prettier__prettier-14317,0.0,0.0,0.0,0.0
0.0,0.0,0.0,335,0.0,0.0,0.0,0.0,issue_plus_hints,4.986,4,1,JavaScript,qwen2.5-coder:14b,1,2,2,prettier/prettier,0,Feature,prettier__prettier-14317,0.0,0.0,0.0,0.0
0.0,0.0,0.0,335,0.0,0.0,0.0,0.0,issue_only,8.432,2,3,JavaScript,qwen2.5-coder:14b,1,2,2,prettier/prettier,0,Feature,prettier__prettier-16765,0.0,0.0,0.0,0.0
0.5,0.4,0.4,335,0.5,0.5,0.5,0.5,issue_plus_inventory,10.256,2,3,JavaScript,qwen2.5-coder:14b,1,2,2,prettier/prettier,0,Feature,prettier__prettier-16765,0.4,0.5,0.3333333333333333,0.3333333333333333
0.5,0.4,0.4,335,0.5,0.5,0.5,0.5,issue_plus_hints,7.625,2,3,JavaScript,qwen2.5-coder:14b,1,2,2,prettier/prettier,0,Feature,prettier__prettier-16765,0.4,0.5,0.3333333333333333,0.3333333333333333
0.2,0.3333333333333333,0.6666666666666666,89,0.4,0.3333333333333333,0.5,0.5,issue_only,6.268,2,1,Python,qwen2.5-coder:14b,1,3,2,keras-team/keras,0,Feature,keras-team__keras-3907,0.0,0.0,0.0,0.0
0.3333333333333333,0.6666666666666666,0.6666666666666666,89,0.4,0.3333333333333333,0.5,0.5,issue_plus_inventory,10.38,2,1,Python,qwen2.5-coder:14b,1,3,3,keras-team/keras,0,Feature,keras-team__keras-3907,0.5,0.3333333333333333,1.0,1.0
0.3333333333333333,0.6666666666666666,0.6666666666666666,89,0.4,0.3333333333333333,0.5,0.5,issue_plus_hints,7.099,2,1,Python,qwen2.5-coder:14b,1,3,3,keras-team/keras,0,Feature,keras-team__keras-3907,0.5,0.3333333333333333,1.0,1.0
0.2,0.5,0.5,89,0.5,0.3333333333333333,1.0,1.0,issue_only,7.011,1,1,Python,qwen2.5-coder:14b,1,3,2,keras-team/keras,0,Feature,keras-team__keras-3983,0.0,0.0,0.0,0.0
0.3333333333333333,1.0,1.0,89,0.5,0.3333333333333333,1.0,1.0,issue_plus_inventory,11.188,1,1,Python,qwen2.5-coder:14b,1,3,3,keras-team/keras,0,Feature,keras-team__keras-3983,0.5,0.3333333333333333,1.0,1.0
0.3333333333333333,1.0,1.0,89,0.5,0.3333333333333333,1.0,1.0,issue_plus_hints,8.078,1,1,Python,qwen2.5-coder:14b,1,3,3,keras-team/keras,0,Feature,keras-team__keras-3983,0.5,0.3333333333333333,1.0,1.0
0.2,0.25,0.5,212,0.0,0.0,0.0,0.0,issue_only,7.676,3,1,Python,qwen2.5-coder:14b,1,3,2,huggingface/transformers,0,Feature,huggingface__transformers-6744,0.6666666666666666,0.5,1.0,1.0
0.3333333333333333,0.5,0.5,212,0.3333333333333333,0.3333333333333333,0.3333333333333333,0.3333333333333333,issue_plus_inventory,11.535,3,1,Python,qwen2.5-coder:14b,1,3,3,huggingface/transformers,0,Feature,huggingface__transformers-6744,0.5,0.3333333333333333,1.0,1.0
0.3333333333333333,0.5,0.5,212,0.3333333333333333,0.3333333333333333,0.3333333333333333,0.3333333333333333,issue_plus_hints,8.588,3,1,Python,qwen2.5-coder:14b,1,3,3,huggingface/transformers,0,Feature,huggingface__transformers-6744,0.5,0.3333333333333333,1.0,1.0
0.3333333333333333,0.14285714285714285,0.2857142857142857,212,0.0,0.0,0.0,0.0,issue_only,6.881,3,4,Python,qwen2.5-coder:14b,1,2,1,huggingface/transformers,0,Feature,huggingface__transformers-7562,0.4,1.0,0.25,0.25
0.2,0.2857142857142857,0.2857142857142857,212,0.25,0.2,0.3333333333333333,0.3333333333333333,issue_plus_inventory,13.519,3,4,Python,qwen2.5-coder:14b,1,5,5,huggingface/transformers,0,Feature,huggingface__transformers-7562,0.22222222222222224,0.2,0.25,0.25
0.2,0.2857142857142857,0.2857142857142857,212,0.25,0.2,0.3333333333333333,0.3333333333333333,issue_plus_hints,10.519,3,4,Python,qwen2.5-coder:14b,1,5,5,huggingface/transformers,0,Feature,huggingface__transformers-7562,0.22222222222222224,0.2,0.25,0.25
1.0,0.75,0.75,212,0.8,1.0,0.6666666666666666,0.6666666666666666,issue_only,6.924,3,1,Python,qwen2.5-coder:14b,1,2,1,huggingface/transformers,0,Feature,huggingface__transformers-13573,1.0,1.0,1.0,1.0
0.5,0.5,0.5,212,0.4,0.5,0.3333333333333333,0.3333333333333333,issue_plus_inventory,12.257,3,1,Python,qwen2.5-coder:14b,1,2,2,huggingface/transformers,0,Feature,huggingface__transformers-13573,0.6666666666666666,0.5,1.0,1.0
0.75,0.75,0.75,212,0.8,1.0,0.6666666666666666,0.6666666666666666,issue_plus_hints,8.293,3,1,Python,qwen2.5-coder:14b,1,2,2,huggingface/transformers,0,Feature,huggingface__transformers-13573,0.6666666666666666,0.5,1.0,1.0
0.25,0.125,0.125,212,0.3333333333333333,0.5,0.25,0.25,issue_only,8.353,4,4,Python,qwen2.5-coder:14b,1,2,2,huggingface/transformers,0,Feature,huggingface__transformers-13989,0.0,0.0,0.0,0.0
0.4,0.25,0.375,212,0.28571428571428575,0.3333333333333333,0.25,0.25,issue_plus_inventory,11.417,4,4,Python,qwen2.5-coder:14b,1,3,2,huggingface/transformers,0,Feature,huggingface__transformers-13989,0.3333333333333333,0.5,0.25,0.25
0.4,0.25,0.375,212,0.28571428571428575,0.3333333333333333,0.25,0.25,issue_plus_hints,7.754,4,4,Python,qwen2.5-coder:14b,1,3,2,huggingface/transformers,0,Feature,huggingface__transformers-13989,0.3333333333333333,0.5,0.25,0.25
0.3333333333333333,0.13333333333333333,0.26666666666666666,36,0.23529411764705882,0.6666666666666666,0.14285714285714285,0.14285714285714285,issue_only,9.938,14,1,Python,qwen2.5-coder:14b,1,3,3,yt-dlp/yt-dlp,0,Feature,yt-dlp__yt-dlp-1649,0.0,0.0,0.0,0.0
0.8,0.26666666666666666,0.26666666666666666,36,0.35294117647058826,1.0,0.21428571428571427,0.21428571428571427,issue_plus_inventory,7.24,14,1,Python,qwen2.5-coder:14b,1,3,2,yt-dlp/yt-dlp,0,Feature,yt-dlp__yt-dlp-1649,0.6666666666666666,0.5,1.0,1.0
0.8,0.26666666666666666,0.26666666666666666,36,0.35294117647058826,1.0,0.21428571428571427,0.21428571428571427,issue_plus_hints,6.344,14,1,Python,qwen2.5-coder:14b,1,3,2,yt-dlp/yt-dlp,0,Feature,yt-dlp__yt-dlp-1649,0.6666666666666666,0.5,1.0,1.0
0.5,0.5,0.5,212,0.4,0.5,0.3333333333333333,0.3333333333333333,issue_only,7.492,3,1,Python,qwen2.5-coder:14b,1,2,2,huggingface/transformers,0,Feature,huggingface__transformers-15473,0.6666666666666666,0.5,1.0,1.0
0.5,0.5,0.5,212,0.4,0.5,0.3333333333333333,0.3333333333333333,issue_plus_inventory,10.742,3,1,Python,qwen2.5-coder:14b,1,2,2,huggingface/transformers,0,Feature,huggingface__transformers-15473,0.6666666666666666,0.5,1.0,1.0
0.6666666666666666,0.5,0.5,212,0.4,0.5,0.3333333333333333,0.3333333333333333,issue_plus_hints,5.608,3,1,Python,qwen2.5-coder:14b,1,2,1,huggingface/transformers,0,Feature,huggingface__transformers-15473,1.0,1.0,1.0,1.0
0.1,0.5,1.0,212,0.33333333333333337,0.2,1.0,1.0,issue_only,9.687,1,1,Python,qwen2.5-coder:14b,1,5,5,huggingface/transformers,0,Feature,huggingface__transformers-15795,0.0,0.0,0.0,0.0
0.2,1.0,1.0,212,0.33333333333333337,0.2,1.0,1.0,issue_plus_inventory,13.816,1,1,Python,qwen2.5-coder:14b,1,5,5,huggingface/transformers,0,Feature,huggingface__transformers-15795,0.33333333333333337,0.2,1.0,1.0
0.2,1.0,1.0,212,0.33333333333333337,0.2,1.0,1.0,issue_plus_hints,10.95,1,1,Python,qwen2.5-coder:14b,1,5,5,huggingface/transformers,0,Feature,huggingface__transformers-15795,0.33333333333333337,0.2,1.0,1.0
0.5,0.3333333333333333,0.5,212,0.6666666666666666,1.0,0.5,0.5,issue_only,7.654,4,2,Python,qwen2.5-coder:14b,1,2,2,huggingface/transformers,0,Feature,huggingface__transformers-15831,0.0,0.0,0.0,0.0
0.5,0.3333333333333333,0.5,212,0.6666666666666666,1.0,0.5,0.5,issue_plus_inventory,11.059,4,2,Python,qwen2.5-coder:14b,1,2,2,huggingface/transformers,0,Feature,huggingface__transformers-15831,0.0,0.0,0.0,0.0
0.6,0.5,0.6666666666666666,212,0.8571428571428571,1.0,0.75,0.75,issue_plus_hints,8.518,4,2,Python,qwen2.5-coder:14b,1,3,2,huggingface/transformers,0,Feature,huggingface__transformers-15831,0.0,0.0,0.0,0.0
0.25,0.5,0.5,212,0.6666666666666666,0.5,1.0,1.0,issue_only,6.576,1,1,Python,qwen2.5-coder:14b,1,2,2,huggingface/transformers,0,Feature,huggingface__transformers-15913,0.0,0.0,0.0,0.0
0.25,0.5,0.5,212,0.6666666666666666,0.5,1.0,1.0,issue_plus_inventory,10.971,1,1,Python,qwen2.5-coder:14b,1,2,2,huggingface/transformers,0,Feature,huggingface__transformers-15913,0.0,0.0,0.0,0.0
0.25,0.5,0.5,212,0.6666666666666666,0.5,1.0,1.0,issue_plus_hints,6.366,1,1,Python,qwen2.5-coder:14b,1,2,2,huggingface/transformers,0,Feature,huggingface__transformers-15913,0.0,0.0,0.0,0.0
0.4,0.125,0.125,36,0.5,0.6666666666666666,0.4,0.4,issue_only,6.546,5,11,Python,qwen2.5-coder:14b,1,3,2,yt-dlp/yt-dlp,0,Feature,yt-dlp__yt-dlp-3435,0.0,0.0,0.0,0.0
0.4,0.125,0.125,36,0.5,0.6666666666666666,0.4,0.4,issue_plus_inventory,7.3,5,11,Python,qwen2.5-coder:14b,1,3,2,yt-dlp/yt-dlp,0,Feature,yt-dlp__yt-dlp-3435,0.0,0.0,0.0,0.0
0.4,0.125,0.125,36,0.5,0.6666666666666666,0.4,0.4,issue_plus_hints,5.954,5,11,Python,qwen2.5-coder:14b,1,3,2,yt-dlp/yt-dlp,0,Feature,yt-dlp__yt-dlp-3435,0.0,0.0,0.0,0.0
0.0,0.0,0.0,36,0.0,0.0,0.0,0.0,issue_only,9.055,3,1,Python,qwen2.5-coder:14b,1,2,2,yt-dlp/yt-dlp,0,Feature,yt-dlp__yt-dlp-4524,0.0,0.0,0.0,0.0
0.2,0.25,0.25,36,0.3333333333333333,0.3333333333333333,0.3333333333333333,0.3333333333333333,issue_plus_inventory,7.365,3,1,Python,qwen2.5-coder:14b,1,3,2,yt-dlp/yt-dlp,0,Feature,yt-dlp__yt-dlp-4524,0.0,0.0,0.0,0.0
0.0,0.0,0.0,36,0.0,0.0,0.0,0.0,issue_plus_hints,8.322,3,1,Python,qwen2.5-coder:14b,1,3,2,yt-dlp/yt-dlp,0,Feature,yt-dlp__yt-dlp-4524,0.0,0.0,0.0,0.0
0.25,0.5,1.0,212,0.6666666666666666,0.5,1.0,1.0,issue_only,6.248,1,1,Python,qwen2.5-coder:14b,1,2,2,huggingface/transformers,0,Feature,huggingface__transformers-19219,0.0,0.0,0.0,0.0
0.0,0.0,1.0,212,0.0,0.0,0.0,0.0,issue_plus_inventory,9.69,1,1,Python,qwen2.5-coder:14b,1,2,2,huggingface/transformers,0,Feature,huggingface__transformers-19219,0.0,0.0,0.0,0.0
0.5,0.5,1.0,212,0.0,0.0,0.0,0.0,issue_plus_hints,6.825,1,1,Python,qwen2.5-coder:14b,1,2,1,huggingface/transformers,0,Feature,huggingface__transformers-19219,1.0,1.0,1.0,1.0
0.25,0.5,0.5,212,0.6666666666666666,0.5,1.0,1.0,issue_only,8.726,1,1,Python,qwen2.5-coder:14b,1,2,2,huggingface/transformers,0,Feature,huggingface__transformers-19590,0.0,0.0,0.0,0.0
0.6666666666666666,1.0,1.0,212,0.6666666666666666,0.5,1.0,1.0,issue_plus_inventory,11.01,1,1,Python,qwen2.5-coder:14b,1,2,1,huggingface/transformers,0,Feature,huggingface__transformers-19590,1.0,1.0,1.0,1.0
0.6666666666666666,1.0,1.0,212,0.6666666666666666,0.5,1.0,1.0,issue_plus_hints,6.212,1,1,Python,qwen2.5-coder:14b,1,2,1,huggingface/transformers,0,Feature,huggingface__transformers-19590,1.0,1.0,1.0,1.0
0.5,0.2857142857142857,0.42857142857142855,212,0.5714285714285715,1.0,0.4,0.4,issue_only,8.428,5,2,Python,qwen2.5-coder:14b,1,2,2,huggingface/transformers,0,Feature,huggingface__transformers-20136,0.0,0.0,0.0,0.0
0.4,0.2857142857142857,0.2857142857142857,212,0.5,0.6666666666666666,0.4,0.4,issue_plus_inventory,11.231,5,2,Python,qwen2.5-coder:14b,1,3,2,huggingface/transformers,0,Feature,huggingface__transformers-20136,0.0,0.0,0.0,0.0
0.4,0.2857142857142857,0.42857142857142855,212,0.5,0.6666666666666666,0.4,0.4,issue_plus_hints,8.589,5,2,Python,qwen2.5-coder:14b,1,3,2,huggingface/transformers,0,Feature,huggingface__transformers-20136,0.0,0.0,0.0,0.0
0.25,0.5,1.0,212,0.6666666666666666,0.5,1.0,1.0,issue_only,8.824,1,1,Python,qwen2.5-coder:14b,1,2,2,huggingface/transformers,0,Feature,huggingface__transformers-21345,0.0,0.0,0.0,0.0
0.25,0.5,1.0,212,0.6666666666666666,0.5,1.0,1.0,issue_plus_inventory,11.044,1,1,Python,qwen2.5-coder:14b,1,2,2,huggingface/transformers,0,Feature,huggingface__transformers-21345,0.0,0.0,0.0,0.0
0.25,0.5,1.0,212,0.6666666666666666,0.5,1.0,1.0,issue_plus_hints,5.625,1,1,Python,qwen2.5-coder:14b,1,2,2,huggingface/transformers,0,Feature,huggingface__transformers-21345,0.0,0.0,0.0,0.0
0.0,0.0,0.0,212,0.0,0.0,0.0,0.0,issue_only,7.825,1,1,Python,qwen2.5-coder:14b,1,2,1,huggingface/transformers,0,Feature,huggingface__transformers-21768,0.0,0.0,0.0,0.0
0.16666666666666666,0.5,1.0,212,0.5,0.3333333333333333,1.0,1.0,issue_plus_inventory,11.22,1,1,Python,qwen2.5-coder:14b,1,3,3,huggingface/transformers,0,Feature,huggingface__transformers-21768,0.0,0.0,0.0,0.0
0.16666666666666666,0.5,1.0,212,0.5,0.3333333333333333,1.0,1.0,issue_plus_hints,7.286,1,1,Python,qwen2.5-coder:14b,1,3,3,huggingface/transformers,0,Feature,huggingface__transformers-21768,0.0,0.0,0.0,0.0
0.25,0.5,1.0,212,0.6666666666666666,0.5,1.0,1.0,issue_only,8.064,1,1,Python,qwen2.5-coder:14b,1,2,2,huggingface/transformers,0,Feature,huggingface__transformers-23126,0.0,0.0,0.0,0.0
0.3333333333333333,0.5,1.0,212,0.6666666666666666,0.5,1.0,1.0,issue_plus_inventory,9.464,1,1,Python,qwen2.5-coder:14b,1,2,1,huggingface/transformers,0,Feature,huggingface__transformers-23126,0.0,0.0,0.0,0.0
0.3333333333333333,0.5,1.0,212,0.6666666666666666,0.5,1.0,1.0,issue_plus_hints,7.235,1,1,Python,qwen2.5-coder:14b,1,2,1,huggingface/transformers,0,Feature,huggingface__transformers-23126,0.0,0.0,0.0,0.0
0.1,0.5,1.0,43,0.33333333333333337,0.2,1.0,1.0,issue_only,9.914,1,1,Python,qwen2.5-coder:14b,1,5,5,langchain-ai/langchain,0,Feature,langchain-ai__langchain-5450,0.0,0.0,0.0,0.0
0.3333333333333333,1.0,1.0,43,0.5,0.3333333333333333,1.0,1.0,issue_plus_inventory,9.733,1,1,Python,qwen2.5-coder:14b,1,3,3,langchain-ai/langchain,0,Feature,langchain-ai__langchain-5450,0.5,0.3333333333333333,1.0,1.0
0.3333333333333333,1.0,1.0,43,0.5,0.3333333333333333,1.0,1.0,issue_plus_hints,7.882,1,1,Python,qwen2.5-coder:14b,1,3,3,langchain-ai/langchain,0,Feature,langchain-ai__langchain-5450,0.5,0.3333333333333333,1.0,1.0
0.25,0.08333333333333333,0.16666666666666666,212,0.16666666666666669,0.5,0.1,0.1,issue_only,7.344,10,2,Python,qwen2.5-coder:14b,1,2,2,huggingface/transformers,0,Feature,huggingface__transformers-24510,0.0,0.0,0.0,0.0
0.25,0.08333333333333333,0.16666666666666666,212,0.16666666666666669,0.5,0.1,0.1,issue_plus_inventory,10.081,10,2,Python,qwen2.5-coder:14b,1,2,2,huggingface/transformers,0,Feature,huggingface__transformers-24510,0.0,0.0,0.0,0.0
0.25,0.08333333333333333,0.16666666666666666,212,0.16666666666666669,0.5,0.1,0.1,issue_plus_hints,7.397,10,2,Python,qwen2.5-coder:14b,1,2,2,huggingface/transformers,0,Feature,huggingface__transformers-24510,0.0,0.0,0.0,0.0
0.25,0.5,1.0,212,0.6666666666666666,0.5,1.0,1.0,issue_only,5.792,1,1,Python,qwen2.5-coder:14b,1,2,2,huggingface/transformers,0,Feature,huggingface__transformers-26386,0.0,0.0,0.0,0.0
0.6666666666666666,1.0,1.0,212,0.6666666666666666,0.5,1.0,1.0,issue_plus_inventory,10.721,1,1,Python,qwen2.5-coder:14b,1,2,1,huggingface/transformers,0,Feature,huggingface__transformers-26386,1.0,1.0,1.0,1.0
0.6666666666666666,1.0,1.0,212,0.6666666666666666,0.5,1.0,1.0,issue_plus_hints,6.967,1,1,Python,qwen2.5-coder:14b,1,2,1,huggingface/transformers,0,Feature,huggingface__transformers-26386,1.0,1.0,1.0,1.0
0.5,0.6666666666666666,1.0,212,1.0,1.0,1.0,1.0,issue_only,9.768,2,1,Python,qwen2.5-coder:14b,1,2,2,huggingface/transformers,0,Feature,huggingface__transformers-26568,0.0,0.0,0.0,0.0
1.0,1.0,1.0,212,1.0,1.0,1.0,1.0,issue_plus_inventory,11.799,2,1,Python,qwen2.5-coder:14b,1,2,1,huggingface/transformers,0,Feature,huggingface__transformers-26568,1.0,1.0,1.0,1.0
1.0,1.0,1.0,212,1.0,1.0,1.0,1.0,issue_plus_hints,6.877,2,1,Python,qwen2.5-coder:14b,1,2,1,huggingface/transformers,0,Feature,huggingface__transformers-26568,1.0,1.0,1.0,1.0
0.0,0.0,0.0,89,0.0,0.0,0.0,0.0,issue_only,6.656,5,1,Python,qwen2.5-coder:14b,1,2,2,keras-team/keras,0,Feature,keras-team__keras-18649,0.0,0.0,0.0,0.0
0.4444444444444444,0.6666666666666666,1.0,89,0.6,0.6,0.6,0.6,issue_plus_inventory,13.173,5,1,Python,qwen2.5-coder:14b,1,5,5,keras-team/keras,0,Feature,keras-team__keras-18649,0.33333333333333337,0.2,1.0,1.0
0.4,0.6666666666666666,1.0,89,0.6,0.6,0.6,0.6,issue_plus_hints,10.433,5,1,Python,qwen2.5-coder:14b,1,5,5,keras-team/keras,0,Feature,keras-team__keras-18649,0.33333333333333337,0.2,1.0,1.0
0.16666666666666666,0.25,0.25,212,0.3333333333333333,0.3333333333333333,0.3333333333333333,0.3333333333333333,issue_only,10.403,3,1,Python,qwen2.5-coder:14b,1,3,3,huggingface/transformers,0,Feature,huggingface__transformers-27463,0.0,0.0,0.0,0.0
0.75,0.75,0.75,212,0.6666666666666666,0.6666666666666666,0.6666666666666666,0.6666666666666666,issue_plus_inventory,11.48,3,1,Python,qwen2.5-coder:14b,1,3,1,huggingface/transformers,0,Feature,huggingface__transformers-27463,1.0,1.0,1.0,1.0
0.75,0.75,0.75,212,0.6666666666666666,0.6666666666666666,0.6666666666666666,0.6666666666666666,issue_plus_hints,7.0,3,1,Python,qwen2.5-coder:14b,1,3,1,huggingface/transformers,0,Feature,huggingface__transformers-27463,1.0,1.0,1.0,1.0
0.25,0.25,0.5,212,0.4,0.5,0.3333333333333333,0.3333333333333333,issue_only,7.271,3,1,Python,qwen2.5-coder:14b,1,2,2,huggingface/transformers,0,Feature,huggingface__transformers-27561,0.0,0.0,0.0,0.0
1.0,0.75,0.75,212,0.8,1.0,0.6666666666666666,0.6666666666666666,issue_plus_inventory,10.901,3,1,Python,qwen2.5-coder:14b,1,2,1,huggingface/transformers,0,Feature,huggingface__transformers-27561,1.0,1.0,1.0,1.0
1.0,0.75,0.75,212,0.8,1.0,0.6666666666666666,0.6666666666666666,issue_plus_hints,7.529,3,1,Python,qwen2.5-coder:14b,1,2,1,huggingface/transformers,0,Feature,huggingface__transformers-27561,1.0,1.0,1.0,1.0
0.25,0.25,0.5,212,0.4,0.5,0.3333333333333333,0.3333333333333333,issue_only,8.901,3,1,Python,qwen2.5-coder:14b,1,2,2,huggingface/transformers,0,Feature,huggingface__transformers-27717,0.0,0.0,0.0,0.0
1.0,0.75,0.75,212,0.8,1.0,0.6666666666666666,0.6666666666666666,issue_plus_inventory,11.451,3,1,Python,qwen2.5-coder:14b,1,2,1,huggingface/transformers,0,Feature,huggingface__transformers-27717,1.0,1.0,1.0,1.0
1.0,0.75,0.75,212,0.8,1.0,0.6666666666666666,0.6666666666666666,issue_plus_hints,7.592,3,1,Python,qwen2.5-coder:14b,1,2,1,huggingface/transformers,0,Feature,huggingface__transformers-27717,1.0,1.0,1.0,1.0
0.0,0.0,0.14285714285714285,89,0.0,0.0,0.0,0.0,issue_only,8.152,4,3,Python,qwen2.5-coder:14b,1,3,2,keras-team/keras,0,Feature,keras-team__keras-18852,0.0,0.0,0.0,0.0
0.3333333333333333,0.2857142857142857,0.2857142857142857,89,0.28571428571428575,0.3333333333333333,0.25,0.25,issue_plus_inventory,10.9,4,3,Python,qwen2.5-coder:14b,1,3,3,keras-team/keras,0,Feature,keras-team__keras-18852,0.3333333333333333,0.3333333333333333,0.3333333333333333,0.3333333333333333
0.3333333333333333,0.2857142857142857,0.2857142857142857,89,0.28571428571428575,0.3333333333333333,0.25,0.25,issue_plus_hints,7.342,4,3,Python,qwen2.5-coder:14b,1,3,3,keras-team/keras,0,Feature,keras-team__keras-18852,0.3333333333333333,0.3333333333333333,0.3333333333333333,0.3333333333333333
0.2,0.14285714285714285,0.14285714285714285,36,0.25,0.3333333333333333,0.2,0.2,issue_only,9.737,5,2,Python,qwen2.5-coder:14b,1,3,2,yt-dlp/yt-dlp,0,Feature,yt-dlp__yt-dlp-8917,0.0,0.0,0.0,0.0
0.5,0.42857142857142855,0.42857142857142855,36,0.4444444444444445,0.5,0.4,0.4,issue_plus_inventory,8.356,5,2,Python,qwen2.5-coder:14b,1,4,2,yt-dlp/yt-dlp,0,Feature,yt-dlp__yt-dlp-8917,0.5,0.5,0.5,0.5
0.5,0.42857142857142855,0.42857142857142855,36,0.4444444444444445,0.5,0.4,0.4,issue_plus_hints,7.904,5,2,Python,qwen2.5-coder:14b,1,4,2,yt-dlp/yt-dlp,0,Feature,yt-dlp__yt-dlp-8917,0.5,0.5,0.5,0.5
0.25,0.5,1.0,212,0.6666666666666666,0.5,1.0,1.0,issue_only,7.24,1,1,Python,qwen2.5-coder:14b,1,2,2,huggingface/transformers,0,Feature,huggingface__transformers-28517,0.0,0.0,0.0,0.0
0.6666666666666666,1.0,1.0,212,0.6666666666666666,0.5,1.0,1.0,issue_plus_inventory,10.917,1,1,Python,qwen2.5-coder:14b,1,2,1,huggingface/transformers,0,Feature,huggingface__transformers-28517,1.0,1.0,1.0,1.0
0.6666666666666666,1.0,1.0,212,0.6666666666666666,0.5,1.0,1.0,issue_plus_hints,6.785,1,1,Python,qwen2.5-coder:14b,1,2,1,huggingface/transformers,0,Feature,huggingface__transformers-28517,1.0,1.0,1.0,1.0
0.2,0.5,0.5,212,0.5,0.3333333333333333,1.0,1.0,issue_only,7.478,1,1,Python,qwen2.5-coder:14b,1,3,2,huggingface/transformers,0,Feature,huggingface__transformers-28940,0.0,0.0,0.0,0.0
0.16666666666666666,0.5,0.5,212,0.5,0.3333333333333333,1.0,1.0,issue_plus_inventory,11.006,1,1,Python,qwen2.5-coder:14b,1,3,3,huggingface/transformers,0,Feature,huggingface__transformers-28940,0.0,0.0,0.0,0.0
0.16666666666666666,0.5,0.5,212,0.5,0.3333333333333333,1.0,1.0,issue_plus_hints,7.772,1,1,Python,qwen2.5-coder:14b,1,3,3,huggingface/transformers,0,Feature,huggingface__transformers-28940,0.0,0.0,0.0,0.0
0.2,0.2,0.4,212,0.3333333333333333,0.3333333333333333,0.3333333333333333,0.3333333333333333,issue_only,8.622,3,2,Python,qwen2.5-coder:14b,1,3,2,huggingface/transformers,0,Feature,huggingface__transformers-29589,0.0,0.0,0.0,0.0
0.4,0.4,0.4,212,0.6666666666666666,0.6666666666666666,0.6666666666666666,0.6666666666666666,issue_plus_inventory,12.655,3,2,Python,qwen2.5-coder:14b,1,3,2,huggingface/transformers,0,Feature,huggingface__transformers-29589,0.0,0.0,0.0,0.0
0.6,0.6,0.6,212,0.6666666666666666,0.6666666666666666,0.6666666666666666,0.6666666666666666,issue_plus_hints,8.888,3,2,Python,qwen2.5-coder:14b,1,3,2,huggingface/transformers,0,Feature,huggingface__transformers-29589,0.5,0.5,0.5,0.5
0.2,0.5,1.0,212,0.5,0.3333333333333333,1.0,1.0,issue_only,8.268,1,1,Python,qwen2.5-coder:14b,1,3,2,huggingface/transformers,0,Feature,huggingface__transformers-29688,0.0,0.0,0.0,0.0
0.1,0.5,1.0,212,0.33333333333333337,0.2,1.0,1.0,issue_plus_inventory,14.658,1,1,Python,qwen2.5-coder:14b,1,5,5,huggingface/transformers,0,Feature,huggingface__transformers-29688,0.0,0.0,0.0,0.0
0.1,0.5,1.0,212,0.33333333333333337,0.2,1.0,1.0,issue_plus_hints,9.823,1,1,Python,qwen2.5-coder:14b,1,5,5,huggingface/transformers,0,Feature,huggingface__transformers-29688,0.0,0.0,0.0,0.0
0.25,0.5,0.5,43,0.6666666666666666,0.5,1.0,1.0,issue_only,7.908,1,1,Python,qwen2.5-coder:14b,1,2,2,langchain-ai/langchain,0,Feature,langchain-ai__langchain-19331,0.0,0.0,0.0,0.0
0.5,1.0,1.0,43,0.6666666666666666,0.5,1.0,1.0,issue_plus_inventory,7.96,1,1,Python,qwen2.5-coder:14b,1,2,2,langchain-ai/langchain,0,Feature,langchain-ai__langchain-19331,0.6666666666666666,0.5,1.0,1.0
0.5,1.0,1.0,43,0.6666666666666666,0.5,1.0,1.0,issue_plus_hints,6.324,1,1,Python,qwen2.5-coder:14b,1,2,2,langchain-ai/langchain,0,Feature,langchain-ai__langchain-19331,0.6666666666666666,0.5,1.0,1.0
0.2,0.5,1.0,212,0.5,0.3333333333333333,1.0,1.0,issue_only,6.801,1,1,Python,qwen2.5-coder:14b,1,3,2,huggingface/transformers,0,Feature,huggingface__transformers-29838,0.0,0.0,0.0,0.0
0.25,0.5,1.0,212,0.6666666666666666,0.5,1.0,1.0,issue_plus_inventory,9.309,1,1,Python,qwen2.5-coder:14b,1,2,2,huggingface/transformers,0,Feature,huggingface__transformers-29838,0.0,0.0,0.0,0.0
0.25,0.5,1.0,212,0.6666666666666666,0.5,1.0,1.0,issue_plus_hints,6.498,1,1,Python,qwen2.5-coder:14b,1,2,2,huggingface/transformers,0,Feature,huggingface__transformers-29838,0.0,0.0,0.0,0.0
0.2,0.3333333333333333,0.3333333333333333,212,0.4,0.3333333333333333,0.5,0.5,issue_only,7.734,2,1,Python,qwen2.5-coder:14b,1,3,2,huggingface/transformers,0,Feature,huggingface__transformers-31095,0.0,0.0,0.0,0.0
0.6,1.0,1.0,212,0.8,0.6666666666666666,1.0,1.0,issue_plus_inventory,10.463,2,1,Python,qwen2.5-coder:14b,1,3,2,huggingface/transformers,0,Feature,huggingface__transformers-31095,0.6666666666666666,0.5,1.0,1.0
0.6,1.0,1.0,212,0.8,0.6666666666666666,1.0,1.0,issue_plus_hints,6.499,2,1,Python,qwen2.5-coder:14b,1,3,2,huggingface/transformers,0,Feature,huggingface__transformers-31095,0.6666666666666666,0.5,1.0,1.0
0.2,0.25,0.5,212,0.3333333333333333,0.3333333333333333,0.3333333333333333,0.3333333333333333,issue_only,7.437,3,1,Python,qwen2.5-coder:14b,1,3,2,huggingface/transformers,0,Feature,huggingface__transformers-31247,0.0,0.0,0.0,0.0
0.5,0.5,0.5,212,0.4,0.5,0.3333333333333333,0.3333333333333333,issue_plus_inventory,9.959,3,1,Python,qwen2.5-coder:14b,1,2,2,huggingface/transformers,0,Feature,huggingface__transformers-31247,0.6666666666666666,0.5,1.0,1.0
0.5,0.5,0.5,212,0.4,0.5,0.3333333333333333,0.3333333333333333,issue_plus_hints,6.147,3,1,Python,qwen2.5-coder:14b,1,2,2,huggingface/transformers,0,Feature,huggingface__transformers-31247,0.6666666666666666,0.5,1.0,1.0
0.1,0.125,0.875,89,0.16666666666666666,0.2,0.14285714285714285,0.14285714285714285,issue_only,8.862,7,1,Python,qwen2.5-coder:14b,1,5,5,keras-team/keras,0,Feature,keras-team__keras-19903,0.0,0.0,0.0,0.0
0.3333333333333333,0.375,1.0,89,0.3333333333333333,0.4,0.2857142857142857,0.2857142857142857,issue_plus_inventory,13.828,7,1,Python,qwen2.5-coder:14b,1,5,5,keras-team/keras,0,Feature,keras-team__keras-19903,0.33333333333333337,0.2,1.0,1.0
0.3333333333333333,0.375,1.0,89,0.3333333333333333,0.4,0.2857142857142857,0.2857142857142857,issue_plus_hints,12.225,7,1,Python,qwen2.5-coder:14b,1,5,5,keras-team/keras,0,Feature,keras-team__keras-19903,0.33333333333333337,0.2,1.0,1.0
0.0,0.0,0.0,28,0.0,0.0,0.0,0.0,issue_only,10.927,2,3,TypeScript,qwen2.5-coder:14b,1,5,5,tailwindlabs/tailwindcss,0,Feature,tailwindlabs__tailwindcss-88,0.0,0.0,0.0,0.0
0.3,0.6,0.6,28,0.0,0.0,0.0,0.0,issue_plus_inventory,10.757,2,3,TypeScript,qwen2.5-coder:14b,1,5,5,tailwindlabs/tailwindcss,0,Feature,tailwindlabs__tailwindcss-88,0.25,0.2,0.3333333333333333,0.3333333333333333
0.0,0.0,0.0,28,0.0,0.0,0.0,0.0,issue_plus_hints,7.419,2,3,TypeScript,qwen2.5-coder:14b,1,3,2,tailwindlabs/tailwindcss,0,Feature,tailwindlabs__tailwindcss-88,0.0,0.0,0.0,0.0
0.0,0.0,0.0,28,0.0,0.0,0.0,0.0,issue_only,5.893,1,1,TypeScript,qwen2.5-coder:14b,1,2,2,tailwindlabs/tailwindcss,0,Feature,tailwindlabs__tailwindcss-165,0.0,0.0,0.0,0.0
0.3333333333333333,1.0,1.0,28,0.5,0.3333333333333333,1.0,1.0,issue_plus_inventory,7.63,1,1,TypeScript,qwen2.5-coder:14b,1,3,3,tailwindlabs/tailwindcss,0,Feature,tailwindlabs__tailwindcss-165,0.5,0.3333333333333333,1.0,1.0
0.3333333333333333,1.0,1.0,28,0.5,0.3333333333333333,1.0,1.0,issue_plus_hints,7.931,1,1,TypeScript,qwen2.5-coder:14b,1,3,3,tailwindlabs/tailwindcss,0,Feature,tailwindlabs__tailwindcss-165,0.5,0.3333333333333333,1.0,1.0
0.0,0.0,0.0,28,0.0,0.0,0.0,0.0,issue_only,6.501,1,1,TypeScript,qwen2.5-coder:14b,1,3,2,tailwindlabs/tailwindcss,0,Feature,tailwindlabs__tailwindcss-236,0.0,0.0,0.0,0.0
0.16666666666666666,0.5,0.5,28,0.5,0.3333333333333333,1.0,1.0,issue_plus_inventory,8.775,1,1,TypeScript,qwen2.5-coder:14b,1,3,3,tailwindlabs/tailwindcss,0,Feature,tailwindlabs__tailwindcss-236,0.0,0.0,0.0,0.0
0.16666666666666666,0.5,0.5,28,0.5,0.3333333333333333,1.0,1.0,issue_plus_hints,7.608,1,1,TypeScript,qwen2.5-coder:14b,1,3,3,tailwindlabs/tailwindcss,0,Feature,tailwindlabs__tailwindcss-236,0.0,0.0,0.0,0.0
0.0,0.0,0.0,28,0.0,0.0,0.0,0.0,issue_only,6.193,1,1,TypeScript,qwen2.5-coder:14b,1,3,2,tailwindlabs/tailwindcss,0,Feature,tailwindlabs__tailwindcss-417,0.0,0.0,0.0,0.0
0.3333333333333333,1.0,1.0,28,0.5,0.3333333333333333,1.0,1.0,issue_plus_inventory,7.474,1,1,TypeScript,qwen2.5-coder:14b,1,3,3,tailwindlabs/tailwindcss,0,Feature,tailwindlabs__tailwindcss-417,0.5,0.3333333333333333,1.0,1.0
0.3333333333333333,1.0,1.0,28,0.5,0.3333333333333333,1.0,1.0,issue_plus_hints,6.548,1,1,TypeScript,qwen2.5-coder:14b,1,3,3,tailwindlabs/tailwindcss,0,Feature,tailwindlabs__tailwindcss-417,0.5,0.3333333333333333,1.0,1.0
0.0,0.0,0.0,28,0.0,0.0,0.0,0.0,issue_only,5.883,1,1,TypeScript,qwen2.5-coder:14b,1,3,2,tailwindlabs/tailwindcss,0,Feature,tailwindlabs__tailwindcss-445,0.0,0.0,0.0,0.0
0.2,0.5,0.5,28,0.5,0.3333333333333333,1.0,1.0,issue_plus_inventory,7.456,1,1,TypeScript,qwen2.5-coder:14b,1,3,2,tailwindlabs/tailwindcss,0,Feature,tailwindlabs__tailwindcss-445,0.0,0.0,0.0,0.0
0.2,0.5,0.5,28,0.5,0.3333333333333333,1.0,1.0,issue_plus_hints,6.801,1,1,TypeScript,qwen2.5-coder:14b,1,3,2,tailwindlabs/tailwindcss,0,Feature,tailwindlabs__tailwindcss-445,0.0,0.0,0.0,0.0
0.0,0.0,0.0,28,0.0,0.0,0.0,0.0,issue_only,6.455,2,1,TypeScript,qwen2.5-coder:14b,1,3,2,tailwindlabs/tailwindcss,0,Feature,tailwindlabs__tailwindcss-463,0.0,0.0,0.0,0.0
0.6,1.0,1.0,28,0.8,0.6666666666666666,1.0,1.0,issue_plus_inventory,7.116,2,1,TypeScript,qwen2.5-coder:14b,1,3,2,tailwindlabs/tailwindcss,0,Feature,tailwindlabs__tailwindcss-463,0.6666666666666666,0.5,1.0,1.0
0.5,0.6666666666666666,0.6666666666666666,28,0.5,0.5,0.5,0.5,issue_plus_hints,6.566,2,1,TypeScript,qwen2.5-coder:14b,1,2,2,tailwindlabs/tailwindcss,0,Feature,tailwindlabs__tailwindcss-463,0.6666666666666666,0.5,1.0,1.0
0.0,0.0,0.5,407,0.0,0.0,0.0,0.0,issue_only,8.095,3,1,TypeScript,qwen2.5-coder:14b,1,2,2,mui/material-ui,0,Feature,mui__material-ui-11446,0.0,0.0,0.0,0.0
0.5,0.5,0.5,407,0.4,0.5,0.3333333333333333,0.3333333333333333,issue_plus_inventory,10.985,3,1,TypeScript,qwen2.5-coder:14b,1,2,2,mui/material-ui,0,Feature,mui__material-ui-11446,0.6666666666666666,0.5,1.0,1.0
0.5,0.5,0.5,407,0.4,0.5,0.3333333333333333,0.3333333333333333,issue_plus_hints,8.218,3,1,TypeScript,qwen2.5-coder:14b,1,2,2,mui/material-ui,0,Feature,mui__material-ui-11446,0.6666666666666666,0.5,1.0,1.0
0.2,0.5,0.5,28,0.5,0.3333333333333333,1.0,1.0,issue_only,6.676,1,1,TypeScript,qwen2.5-coder:14b,1,3,2,tailwindlabs/tailwindcss,0,Feature,tailwindlabs__tailwindcss-553,0.0,0.0,0.0,0.0
0.4,1.0,1.0,28,0.5,0.3333333333333333,1.0,1.0,issue_plus_inventory,6.996,1,1,TypeScript,qwen2.5-coder:14b,1,3,2,tailwindlabs/tailwindcss,0,Feature,tailwindlabs__tailwindcss-553,0.6666666666666666,0.5,1.0,1.0
0.5,1.0,1.0,28,0.6666666666666666,0.5,1.0,1.0,issue_plus_hints,5.531,1,1,TypeScript,qwen2.5-coder:14b,1,2,2,tailwindlabs/tailwindcss,0,Feature,tailwindlabs__tailwindcss-553,0.6666666666666666,0.5,1.0,1.0
0.25,0.25,0.5,407,0.4,0.5,0.3333333333333333,0.3333333333333333,issue_only,8.158,3,1,TypeScript,qwen2.5-coder:14b,1,2,2,mui/material-ui,0,Feature,mui__material-ui-13828,0.0,0.0,0.0,0.0
0.5,0.5,0.5,407,0.4,0.5,0.3333333333333333,0.3333333333333333,issue_plus_inventory,10.5,3,1,TypeScript,qwen2.5-coder:14b,1,2,2,mui/material-ui,0,Feature,mui__material-ui-13828,0.6666666666666666,0.5,1.0,1.0
0.6666666666666666,0.5,0.5,407,0.4,0.5,0.3333333333333333,0.3333333333333333,issue_plus_hints,6.422,3,1,TypeScript,qwen2.5-coder:14b,1,2,1,mui/material-ui,0,Feature,mui__material-ui-13828,1.0,1.0,1.0,1.0
0.25,0.14285714285714285,0.2857142857142857,407,0.28571428571428575,0.5,0.2,0.2,issue_only,6.737,5,2,TypeScript,qwen2.5-coder:14b,1,2,2,mui/material-ui,0,Feature,mui__material-ui-13899,0.0,0.0,0.0,0.0
0.3,0.42857142857142855,0.42857142857142855,407,0.20000000000000004,0.2,0.2,0.2,issue_plus_inventory,14.337,5,2,TypeScript,qwen2.5-coder:14b,1,5,5,mui/material-ui,0,Feature,mui__material-ui-13899,0.28571428571428575,0.2,0.5,0.5
0.2,0.2857142857142857,0.2857142857142857,407,0.20000000000000004,0.2,0.2,0.2,issue_plus_hints,11.404,5,2,TypeScript,qwen2.5-coder:14b,1,5,5,mui/material-ui,0,Feature,mui__material-ui-13899,0.28571428571428575,0.2,0.5,0.5
0.0,0.0,0.0,407,0.0,0.0,0.0,0.0,issue_only,10.202,10,3,TypeScript,qwen2.5-coder:14b,1,3,3,mui/material-ui,0,Feature,mui__material-ui-14465,0.0,0.0,0.0,0.0
0.0,0.0,0.0,407,0.0,0.0,0.0,0.0,issue_plus_inventory,11.272,10,3,TypeScript,qwen2.5-coder:14b,1,2,2,mui/material-ui,0,Feature,mui__material-ui-14465,0.0,0.0,0.0,0.0
0.0,0.0,0.0,407,0.0,0.0,0.0,0.0,issue_plus_hints,7.33,10,3,TypeScript,qwen2.5-coder:14b,1,2,2,mui/material-ui,0,Feature,mui__material-ui-14465,0.0,0.0,0.0,0.0
0.0,0.0,0.0,28,0.0,0.0,0.0,0.0,issue_only,5.916,1,1,TypeScript,qwen2.5-coder:14b,1,3,2,tailwindlabs/tailwindcss,0,Feature,tailwindlabs__tailwindcss-849,0.0,0.0,0.0,0.0
0.4,1.0,1.0,28,0.5,0.3333333333333333,1.0,1.0,issue_plus_inventory,6.92,1,1,TypeScript,qwen2.5-coder:14b,1,3,2,tailwindlabs/tailwindcss,0,Feature,tailwindlabs__tailwindcss-849,0.6666666666666666,0.5,1.0,1.0
0.3333333333333333,1.0,1.0,28,0.5,0.3333333333333333,1.0,1.0,issue_plus_hints,6.232,1,1,TypeScript,qwen2.5-coder:14b,1,3,3,tailwindlabs/tailwindcss,0,Feature,tailwindlabs__tailwindcss-849,0.5,0.3333333333333333,1.0,1.0
0.0,0.0,0.5,407,0.0,0.0,0.0,0.0,issue_only,8.678,3,1,TypeScript,qwen2.5-coder:14b,1,2,2,mui/material-ui,0,Feature,mui__material-ui-15495,0.0,0.0,0.0,0.0
0.3333333333333333,0.5,0.5,407,0.3333333333333333,0.3333333333333333,0.3333333333333333,0.3333333333333333,issue_plus_inventory,12.617,3,1,TypeScript,qwen2.5-coder:14b,1,3,3,mui/material-ui,0,Feature,mui__material-ui-15495,0.5,0.3333333333333333,1.0,1.0
0.3333333333333333,0.5,0.5,407,0.3333333333333333,0.3333333333333333,0.3333333333333333,0.3333333333333333,issue_plus_hints,9.882,3,1,TypeScript,qwen2.5-coder:14b,1,3,3,mui/material-ui,0,Feature,mui__material-ui-15495,0.5,0.3333333333333333,1.0,1.0
0.25,0.5,1.0,407,0.6666666666666666,0.5,1.0,1.0,issue_only,5.938,1,1,TypeScript,qwen2.5-coder:14b,1,2,2,mui/material-ui,0,Feature,mui__material-ui-17005,0.0,0.0,0.0,0.0
0.4,1.0,1.0,407,0.5,0.3333333333333333,1.0,1.0,issue_plus_inventory,11.026,1,1,TypeScript,qwen2.5-coder:14b,1,3,2,mui/material-ui,0,Feature,mui__material-ui-17005,0.6666666666666666,0.5,1.0,1.0
0.5,1.0,1.0,407,0.6666666666666666,0.5,1.0,1.0,issue_plus_hints,7.454,1,1,TypeScript,qwen2.5-coder:14b,1,2,2,mui/material-ui,0,Feature,mui__material-ui-17005,0.6666666666666666,0.5,1.0,1.0
0.2,0.2,0.4,407,0.3333333333333333,0.3333333333333333,0.3333333333333333,0.3333333333333333,issue_only,7.392,3,2,TypeScript,qwen2.5-coder:14b,1,3,2,mui/material-ui,0,Feature,mui__material-ui-17640,0.0,0.0,0.0,0.0
0.3333333333333333,0.4,0.4,407,0.3333333333333333,0.3333333333333333,0.3333333333333333,0.3333333333333333,issue_plus_inventory,12.023,3,2,TypeScript,qwen2.5-coder:14b,1,3,3,mui/material-ui,0,Feature,mui__material-ui-17640,0.4,0.3333333333333333,0.5,0.5
0.5,0.4,0.4,407,0.4,0.5,0.3333333333333333,0.3333333333333333,issue_plus_hints,7.702,3,2,TypeScript,qwen2.5-coder:14b,1,2,2,mui/material-ui,0,Feature,mui__material-ui-17640,0.5,0.5,0.5,0.5
0.5,0.2222222222222222,0.3333333333333333,407,0.5714285714285715,1.0,0.4,0.4,issue_only,7.166,5,4,TypeScript,qwen2.5-coder:14b,1,2,2,mui/material-ui,0,Feature,mui__material-ui-17691,0.0,0.0,0.0,0.0
0.3333333333333333,0.2222222222222222,0.2222222222222222,407,0.25,0.3333333333333333,0.2,0.2,issue_plus_inventory,12.225,5,4,TypeScript,qwen2.5-coder:14b,1,3,3,mui/material-ui,0,Feature,mui__material-ui-17691,0.28571428571428575,0.3333333333333333,0.25,0.25
0.3333333333333333,0.2222222222222222,0.2222222222222222,407,0.25,0.3333333333333333,0.2,0.2,issue_plus_hints,9.45,5,4,TypeScript,qwen2.5-coder:14b,1,3,3,mui/material-ui,0,Feature,mui__material-ui-17691,0.28571428571428575,0.3333333333333333,0.25,0.25
0.0,0.0,0.0,407,0.0,0.0,0.0,0.0,issue_only,7.886,2,1,TypeScript,qwen2.5-coder:14b,1,3,2,mui/material-ui,0,Feature,mui__material-ui-17829,0.0,0.0,0.0,0.0
0.3333333333333333,0.6666666666666666,0.6666666666666666,407,0.4,0.3333333333333333,0.5,0.5,issue_plus_inventory,12.018,2,1,TypeScript,qwen2.5-coder:14b,1,3,3,mui/material-ui,0,Feature,mui__material-ui-17829,0.5,0.3333333333333333,1.0,1.0
0.3333333333333333,0.6666666666666666,0.6666666666666666,407,0.4,0.3333333333333333,0.5,0.5,issue_plus_hints,7.718,2,1,TypeScript,qwen2.5-coder:14b,1,3,3,mui/material-ui,0,Feature,mui__material-ui-17829,0.5,0.3333333333333333,1.0,1.0
0.25,0.14285714285714285,0.2857142857142857,407,0.25,0.5,0.16666666666666666,0.16666666666666666,issue_only,5.666,6,1,TypeScript,qwen2.5-coder:14b,1,2,2,mui/material-ui,0,Feature,mui__material-ui-18744,0.0,0.0,0.0,0.0
0.5,0.42857142857142855,0.42857142857142855,407,0.4444444444444444,0.6666666666666666,0.3333333333333333,0.3333333333333333,issue_plus_inventory,12.123,6,1,TypeScript,qwen2.5-coder:14b,1,3,3,mui/material-ui,0,Feature,mui__material-ui-18744,0.5,0.3333333333333333,1.0,1.0
0.6,0.42857142857142855,0.42857142857142855,407,0.4444444444444444,0.6666666666666666,0.3333333333333333,0.3333333333333333,issue_plus_hints,8.235,6,1,TypeScript,qwen2.5-coder:14b,1,3,2,mui/material-ui,0,Feature,mui__material-ui-18744,0.6666666666666666,0.5,1.0,1.0
0.0,0.0,0.0,407,0.0,0.0,0.0,0.0,issue_only,8.03,9,2,TypeScript,qwen2.5-coder:14b,1,2,2,mui/material-ui,0,Feature,mui__material-ui-20133,0.0,0.0,0.0,0.0
0.5,0.18181818181818182,0.36363636363636365,407,0.1818181818181818,0.5,0.1111111111111111,0.1111111111111111,issue_plus_inventory,11.01,9,2,TypeScript,qwen2.5-coder:14b,1,2,2,mui/material-ui,0,Feature,mui__material-ui-20133,0.5,0.5,0.5,0.5
0.25,0.09090909090909091,0.36363636363636365,407,0.1818181818181818,0.5,0.1111111111111111,0.1111111111111111,issue_plus_hints,6.797,9,2,TypeScript,qwen2.5-coder:14b,1,2,2,mui/material-ui,0,Feature,mui__material-ui-20133,0.0,0.0,0.0,0.0
0.0,0.0,0.0,407,0.0,0.0,0.0,0.0,issue_only,9.954,3,1,TypeScript,qwen2.5-coder:14b,1,3,3,mui/material-ui,0,Feature,mui__material-ui-20781,0.0,0.0,0.0,0.0
0.75,0.75,0.75,407,0.8,1.0,0.6666666666666666,0.6666666666666666,issue_plus_inventory,10.139,3,1,TypeScript,qwen2.5-coder:14b,1,2,2,mui/material-ui,0,Feature,mui__material-ui-20781,0.6666666666666666,0.5,1.0,1.0
0.75,0.75,0.75,407,0.8,1.0,0.6666666666666666,0.6666666666666666,issue_plus_hints,7.473,3,1,TypeScript,qwen2.5-coder:14b,1,2,2,mui/material-ui,0,Feature,mui__material-ui-20781,0.6666666666666666,0.5,1.0,1.0
0.25,0.16666666666666666,0.3333333333333333,407,0.3333333333333333,0.5,0.25,0.25,issue_only,9.081,4,2,TypeScript,qwen2.5-coder:14b,1,2,2,mui/material-ui,0,Feature,mui__material-ui-21192,0.0,0.0,0.0,0.0
0.25,0.16666666666666666,0.16666666666666666,407,0.3333333333333333,0.5,0.25,0.25,issue_plus_inventory,10.985,4,2,TypeScript,qwen2.5-coder:14b,1,2,2,mui/material-ui,0,Feature,mui__material-ui-21192,0.0,0.0,0.0,0.0
0.25,0.16666666666666666,0.16666666666666666,407,0.3333333333333333,0.5,0.25,0.25,issue_plus_hints,8.285,4,2,TypeScript,qwen2.5-coder:14b,1,2,2,mui/material-ui,0,Feature,mui__material-ui-21192,0.0,0.0,0.0,0.0
0.0,0.0,0.0,407,0.0,0.0,0.0,0.0,issue_only,8.959,3,4,TypeScript,qwen2.5-coder:14b,1,2,2,mui/material-ui,0,Feature,mui__material-ui-23364,0.0,0.0,0.0,0.0
0.0,0.0,0.0,407,0.0,0.0,0.0,0.0,issue_plus_inventory,10.781,3,4,TypeScript,qwen2.5-coder:14b,1,2,2,mui/material-ui,0,Feature,mui__material-ui-23364,0.0,0.0,0.0,0.0
0.0,0.0,0.0,407,0.0,0.0,0.0,0.0,issue_plus_hints,8.497,3,4,TypeScript,qwen2.5-coder:14b,1,2,2,mui/material-ui,0,Feature,mui__material-ui-23364,0.0,0.0,0.0,0.0
0.0,0.0,0.0,133,0.0,0.0,0.0,0.0,issue_only,9.286,1,1,TypeScript,qwen2.5-coder:14b,1,3,2,microsoft/vscode,0,Feature,microsoft__vscode-114208,0.0,0.0,0.0,0.0
0.5,1.0,1.0,133,0.6666666666666666,0.5,1.0,1.0,issue_plus_inventory,12.101,1,1,TypeScript,qwen2.5-coder:14b,1,2,2,microsoft/vscode,0,Feature,microsoft__vscode-114208,0.6666666666666666,0.5,1.0,1.0
0.5,1.0,1.0,133,0.6666666666666666,0.5,1.0,1.0,issue_plus_hints,8.413,1,1,TypeScript,qwen2.5-coder:14b,1,2,2,microsoft/vscode,0,Feature,microsoft__vscode-114208,0.6666666666666666,0.5,1.0,1.0
0.0,0.0,0.0,407,0.0,0.0,0.0,0.0,issue_only,7.8,6,5,TypeScript,qwen2.5-coder:14b,1,2,2,mui/material-ui,0,Feature,mui__material-ui-26746,0.0,0.0,0.0,0.0
0.2,0.18181818181818182,0.2727272727272727,407,0.1818181818181818,0.2,0.16666666666666666,0.16666666666666666,issue_plus_inventory,15.199,6,5,TypeScript,qwen2.5-coder:14b,1,5,5,mui/material-ui,0,Feature,mui__material-ui-26746,0.20000000000000004,0.2,0.2,0.2
1.0,0.2727272727272727,0.2727272727272727,407,0.5,1.0,0.3333333333333333,0.3333333333333333,issue_plus_hints,8.457,6,5,TypeScript,qwen2.5-coder:14b,1,2,1,mui/material-ui,0,Feature,mui__material-ui-26746,0.33333333333333337,1.0,0.2,0.2
0.0,0.0,0.6666666666666666,133,0.0,0.0,0.0,0.0,issue_only,7.351,2,1,TypeScript,qwen2.5-coder:14b,1,2,2,microsoft/vscode,0,Feature,microsoft__vscode-127257,0.0,0.0,0.0,0.0
0.5,0.6666666666666666,0.6666666666666666,133,0.5,0.5,0.5,0.5,issue_plus_inventory,12.481,2,1,TypeScript,qwen2.5-coder:14b,1,2,2,microsoft/vscode,0,Feature,microsoft__vscode-127257,0.6666666666666666,0.5,1.0,1.0
0.5,0.6666666666666666,0.6666666666666666,133,0.5,0.5,0.5,0.5,issue_plus_hints,7.314,2,1,TypeScript,qwen2.5-coder:14b,1,2,2,microsoft/vscode,0,Feature,microsoft__vscode-127257,0.6666666666666666,0.5,1.0,1.0
0.0,0.0,0.0,133,0.0,0.0,0.0,0.0,issue_only,9.557,2,1,TypeScript,qwen2.5-coder:14b,1,3,2,microsoft/vscode,0,Feature,microsoft__vscode-128931,0.0,0.0,0.0,0.0
0.3333333333333333,0.6666666666666666,0.6666666666666666,133,0.4,0.3333333333333333,0.5,0.5,issue_plus_inventory,15.053,2,1,TypeScript,qwen2.5-coder:14b,1,3,3,microsoft/vscode,0,Feature,microsoft__vscode-128931,0.5,0.3333333333333333,1.0,1.0
0.3333333333333333,0.6666666666666666,0.6666666666666666,133,0.4,0.3333333333333333,0.5,0.5,issue_plus_hints,9.767,2,1,TypeScript,qwen2.5-coder:14b,1,3,3,microsoft/vscode,0,Feature,microsoft__vscode-128931,0.5,0.3333333333333333,1.0,1.0
0.0,0.0,0.25,407,0.0,0.0,0.0,0.0,issue_only,8.038,3,1,TypeScript,qwen2.5-coder:14b,1,3,2,mui/material-ui,0,Feature,mui__material-ui-28813,0.0,0.0,0.0,0.0
0.2222222222222222,0.5,0.5,407,0.25,0.2,0.3333333333333333,0.3333333333333333,issue_plus_inventory,15.52,3,1,TypeScript,qwen2.5-coder:14b,1,5,5,mui/material-ui,0,Feature,mui__material-ui-28813,0.33333333333333337,0.2,1.0,1.0
0.375,0.75,0.75,407,0.5,0.4,0.6666666666666666,0.6666666666666666,issue_plus_hints,12.373,3,1,TypeScript,qwen2.5-coder:14b,1,5,5,mui/material-ui,0,Feature,mui__material-ui-28813,0.33333333333333337,0.2,1.0,1.0
0.0,0.0,0.0,27,0.0,0.0,0.0,0.0,issue_only,5.598,7,1,TypeScript,qwen2.5-coder:14b,1,3,2,coder/code-server,0,Feature,coder__code-server-4597,0.0,0.0,0.0,0.0
0.1,0.25,0.25,27,0.16666666666666666,0.2,0.14285714285714285,0.14285714285714285,issue_plus_inventory,10.357,7,1,TypeScript,qwen2.5-coder:14b,1,5,5,coder/code-server,0,Feature,coder__code-server-4597,0.0,0.0,0.0,0.0
0.0,0.0,0.0,27,0.0,0.0,0.0,0.0,issue_plus_hints,11.483,7,1,TypeScript,qwen2.5-coder:14b,1,5,5,coder/code-server,0,Feature,coder__code-server-4597,0.0,0.0,0.0,0.0
0.0,0.0,0.0,27,0.0,0.0,0.0,0.0,issue_only,5.793,12,4,TypeScript,qwen2.5-coder:14b,1,3,2,coder/code-server,0,Feature,coder__code-server-4678,0.0,0.0,0.0,0.0
0.4,0.375,0.375,27,0.3076923076923077,0.4,0.25,0.25,issue_plus_inventory,10.394,12,4,TypeScript,qwen2.5-coder:14b,1,5,5,coder/code-server,0,Feature,coder__code-server-4678,0.4444444444444445,0.4,0.5,0.5
0.4,0.375,0.375,27,0.3076923076923077,0.4,0.25,0.25,issue_plus_hints,9.432,12,4,TypeScript,qwen2.5-coder:14b,1,5,5,coder/code-server,0,Feature,coder__code-server-4678,0.4444444444444445,0.4,0.5,0.5
0.0,0.0,0.5,27,0.0,0.0,0.0,0.0,issue_only,7.425,2,2,TypeScript,qwen2.5-coder:14b,1,3,3,coder/code-server,0,Feature,coder__code-server-4923,0.0,0.0,0.0,0.0
0.8,1.0,1.0,27,0.8,0.6666666666666666,1.0,1.0,issue_plus_inventory,7.163,2,2,TypeScript,qwen2.5-coder:14b,1,3,2,coder/code-server,0,Feature,coder__code-server-4923,1.0,1.0,1.0,1.0
0.8,1.0,1.0,27,0.8,0.6666666666666666,1.0,1.0,issue_plus_hints,7.655,2,2,TypeScript,qwen2.5-coder:14b,1,3,2,coder/code-server,0,Feature,coder__code-server-4923,1.0,1.0,1.0,1.0
0.0,0.0,0.0,133,0.0,0.0,0.0,0.0,issue_only,14.943,8,3,TypeScript,qwen2.5-coder:14b,1,5,5,microsoft/vscode,0,Feature,microsoft__vscode-146962,0.0,0.0,0.0,0.0
0.16666666666666666,0.09090909090909091,0.09090909090909091,133,0.0,0.0,0.0,0.0,issue_plus_inventory,16.103,8,3,TypeScript,qwen2.5-coder:14b,1,4,2,microsoft/vscode,0,Feature,microsoft__vscode-146962,0.0,0.0,0.0,0.0
0.125,0.09090909090909091,0.09090909090909091,133,0.0,0.0,0.0,0.0,issue_plus_hints,16.572,8,3,TypeScript,qwen2.5-coder:14b,1,5,5,microsoft/vscode,0,Feature,microsoft__vscode-146962,0.25,0.2,0.3333333333333333,0.3333333333333333
0.2,0.2,0.2,133,0.28571428571428575,0.3333333333333333,0.25,0.25,issue_only,9.971,4,1,TypeScript,qwen2.5-coder:14b,1,3,2,microsoft/vscode,0,Feature,microsoft__vscode-152802,0.0,0.0,0.0,0.0
0.4,0.8,0.8,133,0.6666666666666665,0.6,0.75,0.75,issue_plus_inventory,21.657,4,1,TypeScript,qwen2.5-coder:14b,1,5,5,microsoft/vscode,0,Feature,microsoft__vscode-152802,0.33333333333333337,0.2,1.0,1.0
0.4,0.8,0.8,133,0.6666666666666665,0.6,0.75,0.75,issue_plus_hints,15.441,4,1,TypeScript,qwen2.5-coder:14b,1,5,5,microsoft/vscode,0,Feature,microsoft__vscode-152802,0.33333333333333337,0.2,1.0,1.0
0.5,0.2,0.2,407,0.1818181818181818,0.5,0.1111111111111111,0.1111111111111111,issue_only,10.085,9,1,TypeScript,qwen2.5-coder:14b,1,2,2,mui/material-ui,0,Feature,mui__material-ui-33312,0.6666666666666666,0.5,1.0,1.0
0.8,0.4,0.4,407,0.5,1.0,0.3333333333333333,0.3333333333333333,issue_plus_inventory,13.806,9,1,TypeScript,qwen2.5-coder:14b,1,3,2,mui/material-ui,0,Feature,mui__material-ui-33312,0.6666666666666666,0.5,1.0,1.0
0.8,0.4,0.4,407,0.5,1.0,0.3333333333333333,0.3333333333333333,issue_plus_hints,8.793,9,1,TypeScript,qwen2.5-coder:14b,1,3,2,mui/material-ui,0,Feature,mui__material-ui-33312,0.6666666666666666,0.5,1.0,1.0
0.4,0.6666666666666666,0.6666666666666666,133,0.4,0.3333333333333333,0.5,0.5,issue_only,9.5,2,1,TypeScript,qwen2.5-coder:14b,1,3,2,microsoft/vscode,0,Feature,microsoft__vscode-155261,0.6666666666666666,0.5,1.0,1.0
0.5,0.6666666666666666,0.6666666666666666,133,0.5,0.5,0.5,0.5,issue_plus_inventory,12.999,2,1,TypeScript,qwen2.5-coder:14b,1,2,2,microsoft/vscode,0,Feature,microsoft__vscode-155261,0.6666666666666666,0.5,1.0,1.0
0.5,0.6666666666666666,0.6666666666666666,133,0.5,0.5,0.5,0.5,issue_plus_hints,7.752,2,1,TypeScript,qwen2.5-coder:14b,1,2,2,microsoft/vscode,0,Feature,microsoft__vscode-155261,0.6666666666666666,0.5,1.0,1.0
0.0,0.0,0.0,133,0.0,0.0,0.0,0.0,issue_only,7.875,6,1,TypeScript,qwen2.5-coder:14b,1,3,2,microsoft/vscode,0,Feature,microsoft__vscode-156733,0.0,0.0,0.0,0.0
0.5,0.7142857142857143,0.7142857142857143,133,0.7272727272727272,0.8,0.6666666666666666,0.6666666666666666,issue_plus_inventory,17.552,6,1,TypeScript,qwen2.5-coder:14b,1,5,5,microsoft/vscode,0,Feature,microsoft__vscode-156733,0.33333333333333337,0.2,1.0,1.0
0.5,0.7142857142857143,0.7142857142857143,133,0.7272727272727272,0.8,0.6666666666666666,0.6666666666666666,issue_plus_hints,14.218,6,1,TypeScript,qwen2.5-coder:14b,1,5,5,microsoft/vscode,0,Feature,microsoft__vscode-156733,0.33333333333333337,0.2,1.0,1.0
0.0,0.0,0.25,407,0.0,0.0,0.0,0.0,issue_only,11.47,10,2,TypeScript,qwen2.5-coder:14b,1,2,2,mui/material-ui,0,Feature,mui__material-ui-34138,0.0,0.0,0.0,0.0
1.0,0.3333333333333333,0.3333333333333333,407,0.33333333333333337,1.0,0.2,0.2,issue_plus_inventory,13.571,10,2,TypeScript,qwen2.5-coder:14b,1,2,2,mui/material-ui,0,Feature,mui__material-ui-34138,1.0,1.0,1.0,1.0
1.0,0.3333333333333333,0.3333333333333333,407,0.33333333333333337,1.0,0.2,0.2,issue_plus_hints,8.261,10,2,TypeScript,qwen2.5-coder:14b,1,2,2,mui/material-ui,0,Feature,mui__material-ui-34138,1.0,1.0,1.0,1.0
0.0,0.0,0.08,407,0.0,0.0,0.0,0.0,issue_only,8.6,20,5,TypeScript,qwen2.5-coder:14b,1,2,2,mui/material-ui,0,Feature,mui__material-ui-34158,0.0,0.0,0.0,0.0
0.0,0.0,0.0,407,0.0,0.0,0.0,0.0,issue_plus_inventory,12.298,20,5,TypeScript,qwen2.5-coder:14b,1,2,2,mui/material-ui,0,Feature,mui__material-ui-34158,0.0,0.0,0.0,0.0
0.0,0.0,0.0,407,0.0,0.0,0.0,0.0,issue_plus_hints,6.949,20,5,TypeScript,qwen2.5-coder:14b,1,2,2,mui/material-ui,0,Feature,mui__material-ui-34158,0.0,0.0,0.0,0.0
0.0,0.0,0.16666666666666666,407,0.0,0.0,0.0,0.0,issue_only,8.935,11,1,TypeScript,qwen2.5-coder:14b,1,2,3,mui/material-ui,0,Feature,mui__material-ui-34207,0.0,0.0,0.0,0.0
1.0,0.25,0.25,407,0.3076923076923077,1.0,0.18181818181818182,0.18181818181818182,issue_plus_inventory,11.492,11,1,TypeScript,qwen2.5-coder:14b,1,2,1,mui/material-ui,0,Feature,mui__material-ui-34207,1.0,1.0,1.0,1.0
1.0,0.25,0.25,407,0.3076923076923077,1.0,0.18181818181818182,0.18181818181818182,issue_plus_hints,7.031,11,1,TypeScript,qwen2.5-coder:14b,1,2,1,mui/material-ui,0,Feature,mui__material-ui-34207,1.0,1.0,1.0,1.0
0.0,0.0,0.2,27,0.0,0.0,0.0,0.0,issue_only,9.355,3,2,TypeScript,qwen2.5-coder:14b,1,5,5,coder/code-server,0,Feature,coder__code-server-5633,0.0,0.0,0.0,0.0
0.6,0.6,0.6,27,0.6666666666666666,0.6666666666666666,0.6666666666666666,0.6666666666666666,issue_plus_inventory,7.865,3,2,TypeScript,qwen2.5-coder:14b,1,3,2,coder/code-server,0,Feature,coder__code-server-5633,0.5,0.5,0.5,0.5
0.6,0.6,0.6,27,0.6666666666666666,0.6666666666666666,0.6666666666666666,0.6666666666666666,issue_plus_hints,7.152,3,2,TypeScript,qwen2.5-coder:14b,1,3,2,coder/code-server,0,Feature,coder__code-server-5633,0.5,0.5,0.5,0.5
0.0,0.0,0.2,133,0.0,0.0,0.0,0.0,issue_only,9.194,4,1,TypeScript,qwen2.5-coder:14b,1,3,3,microsoft/vscode,0,Feature,microsoft__vscode-165197,0.0,0.0,0.0,0.0
0.6,0.6,0.6,133,0.5,0.5,0.5,0.5,issue_plus_inventory,16.704,4,1,TypeScript,qwen2.5-coder:14b,1,4,2,microsoft/vscode,0,Feature,microsoft__vscode-165197,0.6666666666666666,0.5,1.0,1.0
0.5,0.4,0.4,133,0.28571428571428575,0.3333333333333333,0.25,0.25,issue_plus_hints,9.421,4,1,TypeScript,qwen2.5-coder:14b,1,3,2,microsoft/vscode,0,Feature,microsoft__vscode-165197,0.6666666666666666,0.5,1.0,1.0
0.0,0.0,0.0,133,0.0,0.0,0.0,0.0,issue_only,12.753,3,1,TypeScript,qwen2.5-coder:14b,1,5,5,microsoft/vscode,0,Feature,microsoft__vscode-168788,0.0,0.0,0.0,0.0
0.0,0.0,0.0,133,0.0,0.0,0.0,0.0,issue_plus_inventory,20.19,3,1,TypeScript,qwen2.5-coder:14b,1,5,5,microsoft/vscode,0,Feature,microsoft__vscode-168788,0.0,0.0,0.0,0.0
0.125,0.25,0.25,133,0.0,0.0,0.0,0.0,issue_plus_hints,15.851,3,1,TypeScript,qwen2.5-coder:14b,1,5,5,microsoft/vscode,0,Feature,microsoft__vscode-168788,0.33333333333333337,0.2,1.0,1.0
0.0,0.0,0.0,133,0.0,0.0,0.0,0.0,issue_only,13.835,1,1,TypeScript,qwen2.5-coder:14b,1,5,4,microsoft/vscode,0,Feature,microsoft__vscode-178291,0.0,0.0,0.0,0.0
0.2,1.0,1.0,133,0.33333333333333337,0.2,1.0,1.0,issue_plus_inventory,3813.284,1,1,TypeScript,qwen2.5-coder:14b,1,5,5,microsoft/vscode,0,Feature,microsoft__vscode-178291,0.33333333333333337,0.2,1.0,1.0
0.0,0.0,0.0,133,0.0,0.0,0.0,0.0,issue_plus_hints,21.457,1,1,TypeScript,qwen2.5-coder:14b,1,5,5,microsoft/vscode,0,Feature,microsoft__vscode-178291,0.0,0.0,0.0,0.0
0.0,0.0,0.0,133,0.0,0.0,0.0,0.0,issue_only,12.293,1,1,TypeScript,qwen2.5-coder:14b,1,3,3,microsoft/vscode,0,Feature,microsoft__vscode-178513,0.0,0.0,0.0,0.0
0.0,0.0,0.0,133,0.0,0.0,0.0,0.0,issue_plus_inventory,15.887,1,1,TypeScript,qwen2.5-coder:14b,1,3,3,microsoft/vscode,0,Feature,microsoft__vscode-178513,0.0,0.0,0.0,0.0
0.0,0.0,0.0,133,0.0,0.0,0.0,0.0,issue_plus_hints,18.087,1,1,TypeScript,qwen2.5-coder:14b,1,5,5,microsoft/vscode,0,Feature,microsoft__vscode-178513,0.0,0.0,0.0,0.0
0.0,0.0,0.0,27,0.0,0.0,0.0,0.0,issue_only,9.078,1,1,TypeScript,qwen2.5-coder:14b,1,3,3,coder/code-server,0,Feature,coder__code-server-6115,0.0,0.0,0.0,0.0
0.2,0.5,0.5,27,0.5,0.3333333333333333,1.0,1.0,issue_plus_inventory,8.801,1,1,TypeScript,qwen2.5-coder:14b,1,3,2,coder/code-server,0,Feature,coder__code-server-6115,0.0,0.0,0.0,0.0
0.125,0.5,0.5,27,0.4,0.25,1.0,1.0,issue_plus_hints,11.571,1,1,TypeScript,qwen2.5-coder:14b,1,4,4,coder/code-server,0,Feature,coder__code-server-6115,0.0,0.0,0.0,0.0
0.0,0.0,0.0,133,0.0,0.0,0.0,0.0,issue_only,13.104,1,1,TypeScript,qwen2.5-coder:14b,1,3,2,microsoft/vscode,0,Feature,microsoft__vscode-178694,0.0,0.0,0.0,0.0
0.0,0.0,0.0,133,0.0,0.0,0.0,0.0,issue_plus_inventory,17.483,1,1,TypeScript,qwen2.5-coder:14b,1,3,2,microsoft/vscode,0,Feature,microsoft__vscode-178694,0.0,0.0,0.0,0.0
0.0,0.0,0.0,133,0.0,0.0,0.0,0.0,issue_plus_hints,9.197,1,1,TypeScript,qwen2.5-coder:14b,1,2,2,microsoft/vscode,0,Feature,microsoft__vscode-178694,0.0,0.0,0.0,0.0
0.0,0.0,0.0,133,0.0,0.0,0.0,0.0,issue_only,12.092,5,4,TypeScript,qwen2.5-coder:14b,1,3,2,microsoft/vscode,0,Feature,microsoft__vscode-182669,0.0,0.0,0.0,0.0
0.7,0.7777777777777778,0.8888888888888888,133,0.6,0.6,0.6,0.6,issue_plus_inventory,25.298,5,4,TypeScript,qwen2.5-coder:14b,1,5,5,microsoft/vscode,0,Feature,microsoft__vscode-182669,0.888888888888889,0.8,1.0,1.0
0.7,0.7777777777777778,0.8888888888888888,133,0.6,0.6,0.6,0.6,issue_plus_hints,17.733,5,4,TypeScript,qwen2.5-coder:14b,1,5,5,microsoft/vscode,0,Feature,microsoft__vscode-182669,0.888888888888889,0.8,1.0,1.0
0.2,0.16666666666666666,0.16666666666666666,27,0.25,0.3333333333333333,0.2,0.2,issue_only,10.469,5,1,TypeScript,qwen2.5-coder:14b,1,3,2,coder/code-server,0,Feature,coder__code-server-6225,0.0,0.0,0.0,0.0
0.5,0.8333333333333334,0.8333333333333334,27,0.8000000000000002,0.8,0.8,0.8,issue_plus_inventory,12.489,5,1,TypeScript,qwen2.5-coder:14b,1,5,5,coder/code-server,0,Feature,coder__code-server-6225,0.33333333333333337,0.2,1.0,1.0
0.5,0.5,0.5,27,0.5,0.6666666666666666,0.4,0.4,issue_plus_hints,11.323,5,1,TypeScript,qwen2.5-coder:14b,1,3,3,coder/code-server,0,Feature,coder__code-server-6225,0.5,0.3333333333333333,1.0,1.0
0.0,0.0,0.0,407,0.0,0.0,0.0,0.0,issue_only,12.562,18,1,TypeScript,qwen2.5-coder:14b,1,3,3,mui/material-ui,0,Feature,mui__material-ui-37908,0.0,0.0,0.0,0.0
0.1111111111111111,0.05263157894736842,0.10526315789473684,407,0.08695652173913045,0.2,0.05555555555555555,0.05555555555555555,issue_plus_inventory,22.736,18,1,TypeScript,qwen2.5-coder:14b,1,5,5,mui/material-ui,0,Feature,mui__material-ui-37908,0.0,0.0,0.0,0.0
0.2,0.10526315789473684,0.15789473684210525,407,0.1739130434782609,0.4,0.1111111111111111,0.1111111111111111,issue_plus_hints,17.623,18,1,TypeScript,qwen2.5-coder:14b,1,5,5,mui/material-ui,0,Feature,mui__material-ui-37908,0.0,0.0,0.0,0.0
0.0,0.0,0.043478260869565216,407,0.0,0.0,0.0,0.0,issue_only,9.843,21,2,TypeScript,qwen2.5-coder:14b,1,2,2,mui/material-ui,0,Feature,mui__material-ui-38167,0.0,0.0,0.0,0.0
0.5,0.08695652173913043,0.17391304347826086,407,0.17391304347826084,1.0,0.09523809523809523,0.09523809523809523,issue_plus_inventory,4.886,21,2,TypeScript,qwen2.5-coder:14b,1,2,2,mui/material-ui,0,Feature,mui__material-ui-38167,0.0,0.0,0.0,0.0
0.4,0.08695652173913043,0.34782608695652173,407,0.16666666666666666,0.6666666666666666,0.09523809523809523,0.09523809523809523,issue_plus_hints,3.674,21,2,TypeScript,qwen2.5-coder:14b,1,3,2,mui/material-ui,0,Feature,mui__material-ui-38167,0.0,0.0,0.0,0.0
0.0,0.0,0.0,133,0.0,0.0,0.0,0.0,issue_only,3.262,1,1,TypeScript,qwen2.5-coder:14b,1,3,2,microsoft/vscode,0,Feature,microsoft__vscode-190351,0.0,0.0,0.0,0.0
0.0,0.0,1.0,133,0.0,0.0,0.0,0.0,issue_plus_inventory,6.469,1,1,TypeScript,qwen2.5-coder:14b,1,3,3,microsoft/vscode,0,Feature,microsoft__vscode-190351,0.0,0.0,0.0,0.0
0.0,0.0,1.0,133,0.0,0.0,0.0,0.0,issue_plus_hints,4.84,1,1,TypeScript,qwen2.5-coder:14b,1,3,3,microsoft/vscode,0,Feature,microsoft__vscode-190351,0.0,0.0,0.0,0.0
0.0,0.0,0.0,133,0.0,0.0,0.0,0.0,issue_only,3.174,1,1,TypeScript,qwen2.5-coder:14b,1,3,2,microsoft/vscode,0,Feature,microsoft__vscode-191602,0.0,0.0,0.0,0.0
0.0,0.0,1.0,133,0.0,0.0,0.0,0.0,issue_plus_inventory,18.381,1,1,TypeScript,qwen2.5-coder:14b,1,3,3,microsoft/vscode,0,Feature,microsoft__vscode-191602,0.0,0.0,0.0,0.0
0.0,0.0,1.0,133,0.0,0.0,0.0,0.0,issue_plus_hints,18.01,1,1,TypeScript,qwen2.5-coder:14b,1,5,5,microsoft/vscode,0,Feature,microsoft__vscode-191602,0.0,0.0,0.0,0.0
0.0,0.0,0.5,27,0.0,0.0,0.0,0.0,issue_only,10.575,1,1,TypeScript,qwen2.5-coder:14b,1,3,2,coder/code-server,0,Feature,coder__code-server-6423,0.0,0.0,0.0,0.0
0.0,0.0,0.0,27,0.0,0.0,0.0,0.0,issue_plus_inventory,9.168,1,1,TypeScript,qwen2.5-coder:14b,1,3,2,coder/code-server,0,Feature,coder__code-server-6423,0.0,0.0,0.0,0.0
0.4,1.0,1.0,27,0.5,0.3333333333333333,1.0,1.0,issue_plus_hints,7.483,1,1,TypeScript,qwen2.5-coder:14b,1,3,2,coder/code-server,0,Feature,coder__code-server-6423,0.6666666666666666,0.5,1.0,1.0
