all_precision_at_10,all_recall_at_10,basename_all_recall_at_10,candidate_path_count,code_f1_at_5,code_precision_at_5,code_recall_at_10,code_recall_at_5,condition,elapsed_sec,gold_code_files,gold_test_files,language,model,parse_ok,predicted_code_files,predicted_test_files,repo,returncode,task_category,task_id,test_f1_at_5,test_precision_at_5,test_recall_at_10,test_recall_at_5
0.0,0.0,0.0,132,0.0,0.0,0.0,0.0,issue_only,4.11,1,1,Java,qwen2.5-coder:7b,1,2,2,apache/dubbo,0,Feature,apache__dubbo-2750,0.0,0.0,0.0,0.0
0.0,0.0,0.0,132,0.0,0.0,0.0,0.0,issue_plus_inventory,3.901,1,1,Java,qwen2.5-coder:7b,1,2,2,apache/dubbo,0,Feature,apache__dubbo-2750,0.0,0.0,0.0,0.0
0.0,0.0,0.0,132,0.0,0.0,0.0,0.0,issue_plus_hints,1.922,1,1,Java,qwen2.5-coder:7b,1,2,2,apache/dubbo,0,Feature,apache__dubbo-2750,0.0,0.0,0.0,0.0
0.0,0.0,0.0,258,0.0,0.0,0.0,0.0,issue_only,1.765,1,1,Java,qwen2.5-coder:7b,1,2,2,trinodb/trino,0,Feature,trinodb__trino-117,0.0,0.0,0.0,0.0
0.5,1.0,1.0,258,0.6666666666666666,0.5,1.0,1.0,issue_plus_inventory,4.284,1,1,Java,qwen2.5-coder:7b,1,2,2,trinodb/trino,0,Feature,trinodb__trino-117,0.6666666666666666,0.5,1.0,1.0
0.5,1.0,1.0,258,0.6666666666666666,0.5,1.0,1.0,issue_plus_hints,1.809,1,1,Java,qwen2.5-coder:7b,1,2,2,trinodb/trino,0,Feature,trinodb__trino-117,0.6666666666666666,0.5,1.0,1.0
0.5,0.25,0.25,258,0.4,0.5,0.3333333333333333,0.3333333333333333,issue_only,2.607,3,1,Java,qwen2.5-coder:7b,1,2,1,trinodb/trino,0,Feature,trinodb__trino-741,0.0,0.0,0.0,0.0
0.5,0.5,0.5,258,0.4,0.5,0.3333333333333333,0.3333333333333333,issue_plus_inventory,4.805,3,1,Java,qwen2.5-coder:7b,1,2,2,trinodb/trino,0,Feature,trinodb__trino-741,0.6666666666666666,0.5,1.0,1.0
0.75,0.75,0.75,258,0.8,1.0,0.6666666666666666,0.6666666666666666,issue_plus_hints,2.825,3,1,Java,qwen2.5-coder:7b,1,2,2,trinodb/trino,0,Feature,trinodb__trino-741,0.6666666666666666,0.5,1.0,1.0
0.0,0.0,0.0,258,0.0,0.0,0.0,0.0,issue_only,2.484,2,1,Java,qwen2.5-coder:7b,1,3,2,trinodb/trino,0,Feature,trinodb__trino-748,0.0,0.0,0.0,0.0
0.5,0.6666666666666666,0.6666666666666666,258,0.5,0.5,0.5,0.5,issue_plus_inventory,4.284,2,1,Java,qwen2.5-coder:7b,1,2,2,trinodb/trino,0,Feature,trinodb__trino-748,0.6666666666666666,0.5,1.0,1.0
0.75,1.0,1.0,258,1.0,1.0,1.0,1.0,issue_plus_hints,2.953,2,1,Java,qwen2.5-coder:7b,1,2,2,trinodb/trino,0,Feature,trinodb__trino-748,0.6666666666666666,0.5,1.0,1.0
0.0,0.0,0.0,258,0.0,0.0,0.0,0.0,issue_only,2.402,5,2,Java,qwen2.5-coder:7b,1,3,2,trinodb/trino,0,Feature,trinodb__trino-799,0.0,0.0,0.0,0.0
0.0,0.0,0.0,258,0.0,0.0,0.0,0.0,issue_plus_inventory,5.926,5,2,Java,qwen2.5-coder:7b,1,5,5,trinodb/trino,0,Feature,trinodb__trino-799,0.0,0.0,0.0,0.0
0.0,0.0,0.0,258,0.0,0.0,0.0,0.0,issue_plus_hints,4.439,5,2,Java,qwen2.5-coder:7b,1,5,5,trinodb/trino,0,Feature,trinodb__trino-799,0.0,0.0,0.0,0.0
0.0,0.0,0.0,258,0.0,0.0,0.0,0.0,issue_only,1.744,3,10,Java,qwen2.5-coder:7b,1,2,1,trinodb/trino,0,Feature,trinodb__trino-1090,0.0,0.0,0.0,0.0
0.5,0.15384615384615385,0.15384615384615385,258,0.0,0.0,0.0,0.0,issue_plus_inventory,4.309,3,10,Java,qwen2.5-coder:7b,1,2,2,trinodb/trino,0,Feature,trinodb__trino-1090,0.33333333333333337,1.0,0.2,0.2
0.5,0.15384615384615385,0.15384615384615385,258,0.0,0.0,0.0,0.0,issue_plus_hints,2.066,3,10,Java,qwen2.5-coder:7b,1,2,2,trinodb/trino,0,Feature,trinodb__trino-1090,0.33333333333333337,1.0,0.2,0.2
0.5,0.06666666666666667,0.06666666666666667,258,0.14285714285714288,1.0,0.07692307692307693,0.07692307692307693,issue_only,2.084,13,2,Java,qwen2.5-coder:7b,1,1,1,trinodb/trino,0,Feature,trinodb__trino-1174,0.0,0.0,0.0,0.0
0.75,0.2,0.2,258,0.2666666666666667,1.0,0.15384615384615385,0.15384615384615385,issue_plus_inventory,4.599,13,2,Java,qwen2.5-coder:7b,1,2,2,trinodb/trino,0,Feature,trinodb__trino-1174,0.5,0.5,0.5,0.5
1.0,0.2,0.2,258,0.2666666666666667,1.0,0.15384615384615385,0.15384615384615385,issue_plus_hints,2.139,13,2,Java,qwen2.5-coder:7b,1,2,1,trinodb/trino,0,Feature,trinodb__trino-1174,0.6666666666666666,1.0,0.5,0.5
0.0,0.0,0.0,258,0.0,0.0,0.0,0.0,issue_only,1.878,2,1,Java,qwen2.5-coder:7b,1,2,2,trinodb/trino,0,Feature,trinodb__trino-1848,0.0,0.0,0.0,0.0
0.25,0.3333333333333333,0.3333333333333333,258,0.0,0.0,0.0,0.0,issue_plus_inventory,4.503,2,1,Java,qwen2.5-coder:7b,1,2,2,trinodb/trino,0,Feature,trinodb__trino-1848,0.6666666666666666,0.5,1.0,1.0
0.25,0.3333333333333333,0.3333333333333333,258,0.0,0.0,0.0,0.0,issue_plus_hints,2.435,2,1,Java,qwen2.5-coder:7b,1,2,2,trinodb/trino,0,Feature,trinodb__trino-1848,0.6666666666666666,0.5,1.0,1.0
0.0,0.0,0.0,258,0.0,0.0,0.0,0.0,issue_only,2.206,3,5,Java,qwen2.5-coder:7b,1,2,1,trinodb/trino,0,Feature,trinodb__trino-1872,0.0,0.0,0.0,0.0
0.0,0.0,0.0,258,0.0,0.0,0.0,0.0,issue_plus_inventory,4.888,3,5,Java,qwen2.5-coder:7b,1,3,2,trinodb/trino,0,Feature,trinodb__trino-1872,0.0,0.0,0.0,0.0
0.0,0.0,0.0,258,0.0,0.0,0.0,0.0,issue_plus_hints,3.341,3,5,Java,qwen2.5-coder:7b,1,3,3,trinodb/trino,0,Feature,trinodb__trino-1872,0.0,0.0,0.0,0.0
0.0,0.0,0.0,258,0.0,0.0,0.0,0.0,issue_only,2.888,3,1,Java,qwen2.5-coder:7b,1,2,2,trinodb/trino,0,Feature,trinodb__trino-3392,0.0,0.0,0.0,0.0
0.5,0.5,0.5,258,0.4,0.5,0.3333333333333333,0.3333333333333333,issue_plus_inventory,3.921,3,1,Java,qwen2.5-coder:7b,1,2,2,trinodb/trino,0,Feature,trinodb__trino-3392,0.0,0.0,0.0,0.0
0.5,0.5,0.5,258,0.4,0.5,0.3333333333333333,0.3333333333333333,issue_plus_hints,2.251,3,1,Java,qwen2.5-coder:7b,1,2,2,trinodb/trino,0,Feature,trinodb__trino-3392,0.0,0.0,0.0,0.0
0.0,0.0,0.0,258,0.0,0.0,0.0,0.0,issue_only,2.577,3,3,Java,qwen2.5-coder:7b,1,3,2,trinodb/trino,0,Feature,trinodb__trino-3638,0.0,0.0,0.0,0.0
0.2,0.16666666666666666,0.16666666666666666,258,0.0,0.0,0.0,0.0,issue_plus_inventory,5.043,3,3,Java,qwen2.5-coder:7b,1,3,2,trinodb/trino,0,Feature,trinodb__trino-3638,0.4,0.5,0.3333333333333333,0.3333333333333333
0.2,0.16666666666666666,0.16666666666666666,258,0.0,0.0,0.0,0.0,issue_plus_hints,3.05,3,3,Java,qwen2.5-coder:7b,1,3,2,trinodb/trino,0,Feature,trinodb__trino-3638,0.4,0.5,0.3333333333333333,0.3333333333333333
0.0,0.0,0.0,258,0.0,0.0,0.0,0.0,issue_only,2.193,3,1,Java,qwen2.5-coder:7b,1,2,2,trinodb/trino,0,Feature,trinodb__trino-3771,0.0,0.0,0.0,0.0
0.0,0.0,0.0,258,0.0,0.0,0.0,0.0,issue_plus_inventory,5.118,3,1,Java,qwen2.5-coder:7b,1,3,2,trinodb/trino,0,Feature,trinodb__trino-3771,0.0,0.0,0.0,0.0
0.0,0.0,0.0,258,0.0,0.0,0.0,0.0,issue_plus_hints,3.061,3,1,Java,qwen2.5-coder:7b,1,3,2,trinodb/trino,0,Feature,trinodb__trino-3771,0.0,0.0,0.0,0.0
0.0,0.0,0.25,258,0.0,0.0,0.0,0.0,issue_only,2.678,2,2,Java,qwen2.5-coder:7b,1,2,2,trinodb/trino,0,Feature,trinodb__trino-4458,0.0,0.0,0.0,0.0
0.5,0.5,0.75,258,0.5,0.5,0.5,0.5,issue_plus_inventory,4.423,2,2,Java,qwen2.5-coder:7b,1,2,2,trinodb/trino,0,Feature,trinodb__trino-4458,0.5,0.5,0.5,0.5
0.5,0.5,0.75,258,0.5,0.5,0.5,0.5,issue_plus_hints,2.457,2,2,Java,qwen2.5-coder:7b,1,2,2,trinodb/trino,0,Feature,trinodb__trino-4458,0.5,0.5,0.5,0.5
0.25,0.5,1.0,23,0.6666666666666666,0.5,1.0,1.0,issue_only,2.669,2,2,Java,qwen2.5-coder:7b,1,2,2,google/guava,0,Feature,google__guava-3971,0.0,0.0,0.0,0.0
1.0,1.0,1.0,23,1.0,1.0,1.0,1.0,issue_plus_inventory,2.183,2,2,Java,qwen2.5-coder:7b,1,1,1,google/guava,0,Feature,google__guava-3971,1.0,1.0,1.0,1.0
1.0,1.0,1.0,23,1.0,1.0,1.0,1.0,issue_plus_hints,1.99,2,2,Java,qwen2.5-coder:7b,1,1,1,google/guava,0,Feature,google__guava-3971,1.0,1.0,1.0,1.0
0.0,0.0,0.0,258,0.0,0.0,0.0,0.0,issue_only,2.183,3,1,Java,qwen2.5-coder:7b,1,2,2,trinodb/trino,0,Feature,trinodb__trino-4600,0.0,0.0,0.0,0.0
0.4,0.5,0.5,258,0.6666666666666666,0.6666666666666666,0.6666666666666666,0.6666666666666666,issue_plus_inventory,4.119,3,1,Java,qwen2.5-coder:7b,1,3,2,trinodb/trino,0,Feature,trinodb__trino-4600,0.0,0.0,0.0,0.0
0.4,0.5,0.5,258,0.6666666666666666,0.6666666666666666,0.6666666666666666,0.6666666666666666,issue_plus_hints,2.487,3,1,Java,qwen2.5-coder:7b,1,3,2,trinodb/trino,0,Feature,trinodb__trino-4600,0.0,0.0,0.0,0.0
0.0,0.0,0.0,258,0.0,0.0,0.0,0.0,issue_only,2.665,3,3,Java,qwen2.5-coder:7b,1,3,2,trinodb/trino,0,Feature,trinodb__trino-5507,0.0,0.0,0.0,0.0
0.4,0.3333333333333333,0.3333333333333333,258,0.3333333333333333,0.3333333333333333,0.3333333333333333,0.3333333333333333,issue_plus_inventory,4.856,3,3,Java,qwen2.5-coder:7b,1,3,2,trinodb/trino,0,Feature,trinodb__trino-5507,0.4,0.5,0.3333333333333333,0.3333333333333333
0.4,0.3333333333333333,0.3333333333333333,258,0.3333333333333333,0.3333333333333333,0.3333333333333333,0.3333333333333333,issue_plus_hints,2.855,3,3,Java,qwen2.5-coder:7b,1,3,2,trinodb/trino,0,Feature,trinodb__trino-5507,0.4,0.5,0.3333333333333333,0.3333333333333333
0.0,0.0,0.0,258,0.0,0.0,0.0,0.0,issue_only,2.459,2,3,Java,qwen2.5-coder:7b,1,2,2,trinodb/trino,0,Feature,trinodb__trino-6074,0.0,0.0,0.0,0.0
1.0,0.8,0.8,258,1.0,1.0,1.0,1.0,issue_plus_inventory,4.36,2,3,Java,qwen2.5-coder:7b,1,2,2,trinodb/trino,0,Feature,trinodb__trino-6074,0.8,1.0,0.6666666666666666,0.6666666666666666
1.0,0.8,0.8,258,1.0,1.0,1.0,1.0,issue_plus_hints,2.672,2,3,Java,qwen2.5-coder:7b,1,2,2,trinodb/trino,0,Feature,trinodb__trino-6074,0.8,1.0,0.6666666666666666,0.6666666666666666
0.75,0.42857142857142855,0.42857142857142855,80,0.5714285714285715,1.0,0.4,0.4,issue_only,2.077,5,2,Java,qwen2.5-coder:7b,1,2,2,google/gson,0,Feature,google__gson-1904,0.5,0.5,0.5,0.5
0.75,0.42857142857142855,0.42857142857142855,80,0.5714285714285715,1.0,0.4,0.4,issue_plus_inventory,3.745,5,2,Java,qwen2.5-coder:7b,1,2,2,google/gson,0,Feature,google__gson-1904,0.5,0.5,0.5,0.5
0.75,0.42857142857142855,0.42857142857142855,80,0.5714285714285715,1.0,0.4,0.4,issue_plus_hints,2.447,5,2,Java,qwen2.5-coder:7b,1,2,2,google/gson,0,Feature,google__gson-1904,0.5,0.5,0.5,0.5
0.5,0.5,0.5,132,0.4,0.5,0.3333333333333333,0.3333333333333333,issue_only,1.817,3,1,Java,qwen2.5-coder:7b,1,2,2,apache/dubbo,0,Feature,apache__dubbo-8032,0.6666666666666666,0.5,1.0,1.0
0.5,0.5,0.5,132,0.4,0.5,0.3333333333333333,0.3333333333333333,issue_plus_inventory,4.979,3,1,Java,qwen2.5-coder:7b,1,2,2,apache/dubbo,0,Feature,apache__dubbo-8032,0.6666666666666666,0.5,1.0,1.0
0.5,0.5,0.5,132,0.4,0.5,0.3333333333333333,0.3333333333333333,issue_plus_hints,3.075,3,1,Java,qwen2.5-coder:7b,1,2,2,apache/dubbo,0,Feature,apache__dubbo-8032,0.6666666666666666,0.5,1.0,1.0
0.0,0.0,0.0,45,0.0,0.0,0.0,0.0,issue_only,2.359,11,5,Java,qwen2.5-coder:7b,1,2,2,apolloconfig/apollo,0,Feature,apolloconfig__apollo-4119,0.0,0.0,0.0,0.0
0.8333333333333334,0.3125,0.375,45,0.28571428571428575,0.6666666666666666,0.18181818181818182,0.18181818181818182,issue_plus_inventory,3.52,11,5,Java,qwen2.5-coder:7b,1,3,3,apolloconfig/apollo,0,Feature,apolloconfig__apollo-4119,0.7499999999999999,1.0,0.6,0.6
0.8333333333333334,0.3125,0.375,45,0.28571428571428575,0.6666666666666666,0.18181818181818182,0.18181818181818182,issue_plus_hints,2.547,11,5,Java,qwen2.5-coder:7b,1,3,3,apolloconfig/apollo,0,Feature,apolloconfig__apollo-4119,0.7499999999999999,1.0,0.6,0.6
0.0,0.0,0.0,45,0.0,0.0,0.0,0.0,issue_only,2.334,4,2,Java,qwen2.5-coder:7b,1,2,2,apolloconfig/apollo,0,Feature,apolloconfig__apollo-4199,0.0,0.0,0.0,0.0
0.5,0.3333333333333333,0.3333333333333333,45,0.3333333333333333,0.5,0.25,0.25,issue_plus_inventory,3.542,4,2,Java,qwen2.5-coder:7b,1,2,2,apolloconfig/apollo,0,Feature,apolloconfig__apollo-4199,0.5,0.5,0.5,0.5
0.3333333333333333,0.3333333333333333,0.3333333333333333,45,0.28571428571428575,0.3333333333333333,0.25,0.25,issue_plus_hints,3.199,4,2,Java,qwen2.5-coder:7b,1,3,3,apolloconfig/apollo,0,Feature,apolloconfig__apollo-4199,0.4,0.3333333333333333,0.5,0.5
0.5,0.25,0.5,45,0.5,1.0,0.3333333333333333,0.3333333333333333,issue_only,1.951,3,1,Java,qwen2.5-coder:7b,1,1,1,apolloconfig/apollo,0,Feature,apolloconfig__apollo-4207,0.0,0.0,0.0,0.0
1.0,0.75,0.75,45,0.8,1.0,0.6666666666666666,0.6666666666666666,issue_plus_inventory,3.35,3,1,Java,qwen2.5-coder:7b,1,2,1,apolloconfig/apollo,0,Feature,apolloconfig__apollo-4207,1.0,1.0,1.0,1.0
1.0,0.75,0.75,45,0.8,1.0,0.6666666666666666,0.6666666666666666,issue_plus_hints,2.514,3,1,Java,qwen2.5-coder:7b,1,2,1,apolloconfig/apollo,0,Feature,apolloconfig__apollo-4207,1.0,1.0,1.0,1.0
0.0,0.0,0.0,157,0.0,0.0,0.0,0.0,issue_only,2.797,1,1,Java,qwen2.5-coder:7b,1,3,2,apache/rocketmq,0,Feature,apache__rocketmq-3862,0.0,0.0,0.0,0.0
0.16666666666666666,0.5,0.5,157,0.0,0.0,0.0,0.0,issue_plus_inventory,4.942,1,1,Java,qwen2.5-coder:7b,1,3,3,apache/rocketmq,0,Feature,apache__rocketmq-3862,0.5,0.3333333333333333,1.0,1.0
0.16666666666666666,0.5,0.5,157,0.0,0.0,0.0,0.0,issue_plus_hints,2.916,1,1,Java,qwen2.5-coder:7b,1,3,3,apache/rocketmq,0,Feature,apache__rocketmq-3862,0.5,0.3333333333333333,1.0,1.0
0.0,0.0,0.0,157,0.0,0.0,0.0,0.0,issue_only,3.052,2,1,Java,qwen2.5-coder:7b,1,3,2,apache/rocketmq,0,Feature,apache__rocketmq-4122,0.0,0.0,0.0,0.0
0.4,0.6666666666666666,0.6666666666666666,157,0.4,0.3333333333333333,0.5,0.5,issue_plus_inventory,4.63,2,1,Java,qwen2.5-coder:7b,1,3,2,apache/rocketmq,0,Feature,apache__rocketmq-4122,0.6666666666666666,0.5,1.0,1.0
0.4,0.6666666666666666,0.6666666666666666,157,0.4,0.3333333333333333,0.5,0.5,issue_plus_hints,2.758,2,1,Java,qwen2.5-coder:7b,1,3,2,apache/rocketmq,0,Feature,apache__rocketmq-4122,0.6666666666666666,0.5,1.0,1.0
0.0,0.0,1.0,80,0.0,0.0,0.0,0.0,issue_only,1.471,1,1,Java,qwen2.5-coder:7b,1,1,1,google/gson,0,Feature,google__gson-2130,0.0,0.0,0.0,0.0
0.5,1.0,1.0,80,0.6666666666666666,0.5,1.0,1.0,issue_plus_inventory,3.655,1,1,Java,qwen2.5-coder:7b,1,2,2,google/gson,0,Feature,google__gson-2130,0.6666666666666666,0.5,1.0,1.0
1.0,1.0,1.0,80,1.0,1.0,1.0,1.0,issue_plus_hints,1.836,1,1,Java,qwen2.5-coder:7b,1,1,1,google/gson,0,Feature,google__gson-2130,1.0,1.0,1.0,1.0
0.0,0.0,0.0625,45,0.0,0.0,0.0,0.0,issue_only,2.899,15,1,Java,qwen2.5-coder:7b,1,3,2,apolloconfig/apollo,0,Feature,apolloconfig__apollo-4464,0.0,0.0,0.0,0.0
0.75,0.375,0.375,45,0.5,1.0,0.3333333333333333,0.3333333333333333,issue_plus_inventory,4.656,15,1,Java,qwen2.5-coder:7b,1,5,3,apolloconfig/apollo,0,Feature,apolloconfig__apollo-4464,0.5,0.3333333333333333,1.0,1.0
0.875,0.4375,0.4375,45,0.5,1.0,0.3333333333333333,0.3333333333333333,issue_plus_hints,3.448,15,1,Java,qwen2.5-coder:7b,1,5,3,apolloconfig/apollo,0,Feature,apolloconfig__apollo-4464,0.5,0.3333333333333333,1.0,1.0
0.0,0.0,0.0,157,0.0,0.0,0.0,0.0,issue_only,2.742,4,5,Java,qwen2.5-coder:7b,1,3,3,apache/rocketmq,0,Feature,apache__rocketmq-5062,0.0,0.0,0.0,0.0
0.6666666666666666,0.4444444444444444,0.4444444444444444,157,0.5714285714285715,0.6666666666666666,0.5,0.5,issue_plus_inventory,5.212,4,5,Java,qwen2.5-coder:7b,1,3,3,apache/rocketmq,0,Feature,apache__rocketmq-5062,0.5,0.6666666666666666,0.4,0.4
0.6666666666666666,0.4444444444444444,0.4444444444444444,157,0.5714285714285715,0.6666666666666666,0.5,0.5,issue_plus_hints,3.148,4,5,Java,qwen2.5-coder:7b,1,3,3,apache/rocketmq,0,Feature,apache__rocketmq-5062,0.5,0.6666666666666666,0.4,0.4
0.0,0.0,0.0,157,0.0,0.0,0.0,0.0,issue_only,2.367,3,1,Java,qwen2.5-coder:7b,1,3,2,apache/rocketmq,0,Feature,apache__rocketmq-5286,0.0,0.0,0.0,0.0
0.125,0.25,0.25,157,0.28571428571428575,0.25,0.3333333333333333,0.3333333333333333,issue_plus_inventory,5.38,3,1,Java,qwen2.5-coder:7b,1,4,4,apache/rocketmq,0,Feature,apache__rocketmq-5286,0.0,0.0,0.0,0.0
0.125,0.25,0.25,157,0.28571428571428575,0.25,0.3333333333333333,0.3333333333333333,issue_plus_hints,3.425,3,1,Java,qwen2.5-coder:7b,1,4,4,apache/rocketmq,0,Feature,apache__rocketmq-5286,0.0,0.0,0.0,0.0
0.0,0.0,0.0,132,0.0,0.0,0.0,0.0,issue_only,1.661,1,3,Java,qwen2.5-coder:7b,1,2,1,apache/dubbo,0,Feature,apache__dubbo-10846,0.0,0.0,0.0,0.0
0.25,0.25,0.25,132,0.6666666666666666,0.5,1.0,1.0,issue_plus_inventory,5.278,1,3,Java,qwen2.5-coder:7b,1,2,2,apache/dubbo,0,Feature,apache__dubbo-10846,0.0,0.0,0.0,0.0
0.25,0.25,0.25,132,0.6666666666666666,0.5,1.0,1.0,issue_plus_hints,2.938,1,3,Java,qwen2.5-coder:7b,1,2,2,apache/dubbo,0,Feature,apache__dubbo-10846,0.0,0.0,0.0,0.0
0.0,0.0,0.0,157,0.0,0.0,0.0,0.0,issue_only,2.908,3,2,Java,qwen2.5-coder:7b,1,3,3,apache/rocketmq,0,Feature,apache__rocketmq-5706,0.0,0.0,0.0,0.0
0.3333333333333333,0.4,0.4,157,0.3333333333333333,0.3333333333333333,0.3333333333333333,0.3333333333333333,issue_plus_inventory,5.218,3,2,Java,qwen2.5-coder:7b,1,3,3,apache/rocketmq,0,Feature,apache__rocketmq-5706,0.4,0.3333333333333333,0.5,0.5
0.5,0.6,0.6,157,0.3333333333333333,0.3333333333333333,0.3333333333333333,0.3333333333333333,issue_plus_hints,3.203,3,2,Java,qwen2.5-coder:7b,1,3,3,apache/rocketmq,0,Feature,apache__rocketmq-5706,0.8,0.6666666666666666,1.0,1.0
0.0,0.0,0.0,132,0.0,0.0,0.0,0.0,issue_only,3.519,1,1,Java,qwen2.5-coder:7b,1,2,2,apache/dubbo,0,Feature,apache__dubbo-11255,0.0,0.0,0.0,0.0
0.25,0.5,0.5,132,0.0,0.0,0.0,0.0,issue_plus_inventory,5.27,1,1,Java,qwen2.5-coder:7b,1,2,2,apache/dubbo,0,Feature,apache__dubbo-11255,0.6666666666666666,0.5,1.0,1.0
0.25,0.5,0.5,132,0.0,0.0,0.0,0.0,issue_plus_hints,2.825,1,1,Java,qwen2.5-coder:7b,1,2,2,apache/dubbo,0,Feature,apache__dubbo-11255,0.6666666666666666,0.5,1.0,1.0
0.0,0.0,0.0,132,0.0,0.0,0.0,0.0,issue_only,3.288,8,2,Java,qwen2.5-coder:7b,1,5,5,apache/dubbo,0,Feature,apache__dubbo-11420,0.0,0.0,0.0,0.0
0.4,0.2,0.3,132,0.36363636363636365,0.6666666666666666,0.25,0.25,issue_plus_inventory,5.656,8,2,Java,qwen2.5-coder:7b,1,3,2,apache/dubbo,0,Feature,apache__dubbo-11420,0.0,0.0,0.0,0.0
0.4,0.2,0.3,132,0.36363636363636365,0.6666666666666666,0.25,0.25,issue_plus_hints,3.344,8,2,Java,qwen2.5-coder:7b,1,3,2,apache/dubbo,0,Feature,apache__dubbo-11420,0.0,0.0,0.0,0.0
0.0,0.0,0.2857142857142857,80,0.0,0.0,0.0,0.0,issue_only,2.24,4,3,Java,qwen2.5-coder:7b,1,2,1,google/gson,0,Feature,google__gson-2345,0.0,0.0,0.0,0.0
0.75,0.42857142857142855,0.42857142857142855,80,0.6666666666666666,1.0,0.5,0.5,issue_plus_inventory,3.824,4,3,Java,qwen2.5-coder:7b,1,2,2,google/gson,0,Feature,google__gson-2345,0.4,0.5,0.3333333333333333,0.3333333333333333
0.75,0.42857142857142855,0.42857142857142855,80,0.6666666666666666,1.0,0.5,0.5,issue_plus_hints,2.002,4,3,Java,qwen2.5-coder:7b,1,2,2,google/gson,0,Feature,google__gson-2345,0.4,0.5,0.3333333333333333,0.3333333333333333
0.0,0.0,0.05555555555555555,157,0.0,0.0,0.0,0.0,issue_only,2.349,17,1,Java,qwen2.5-coder:7b,1,2,2,apache/rocketmq,0,Feature,apache__rocketmq-6522,0.0,0.0,0.0,0.0
0.8,0.2222222222222222,0.2222222222222222,157,0.3,1.0,0.17647058823529413,0.17647058823529413,issue_plus_inventory,4.791,17,1,Java,qwen2.5-coder:7b,1,3,2,apache/rocketmq,0,Feature,apache__rocketmq-6522,0.6666666666666666,0.5,1.0,1.0
0.8,0.2222222222222222,0.2222222222222222,157,0.3,1.0,0.17647058823529413,0.17647058823529413,issue_plus_hints,2.789,17,1,Java,qwen2.5-coder:7b,1,3,2,apache/rocketmq,0,Feature,apache__rocketmq-6522,0.6666666666666666,0.5,1.0,1.0
0.0,0.0,0.0,157,0.0,0.0,0.0,0.0,issue_only,1.836,9,4,Java,qwen2.5-coder:7b,1,2,2,apache/rocketmq,0,Feature,apache__rocketmq-6755,0.0,0.0,0.0,0.0
0.3333333333333333,0.15384615384615385,0.15384615384615385,157,0.16666666666666666,0.3333333333333333,0.1111111111111111,0.1111111111111111,issue_plus_inventory,5.044,9,4,Java,qwen2.5-coder:7b,1,3,3,apache/rocketmq,0,Feature,apache__rocketmq-6755,0.28571428571428575,0.3333333333333333,0.25,0.25
0.3333333333333333,0.15384615384615385,0.15384615384615385,157,0.16666666666666666,0.3333333333333333,0.1111111111111111,0.1111111111111111,issue_plus_hints,2.982,9,4,Java,qwen2.5-coder:7b,1,3,3,apache/rocketmq,0,Feature,apache__rocketmq-6755,0.28571428571428575,0.3333333333333333,0.25,0.25
0.0,0.0,0.08333333333333333,80,0.0,0.0,0.0,0.0,issue_only,2.911,9,3,Java,qwen2.5-coder:7b,1,2,2,google/gson,0,Feature,google__gson-2420,0.0,0.0,0.0,0.0
0.25,0.08333333333333333,0.08333333333333333,80,0.1818181818181818,0.5,0.1111111111111111,0.1111111111111111,issue_plus_inventory,3.99,9,3,Java,qwen2.5-coder:7b,1,2,2,google/gson,0,Feature,google__gson-2420,0.0,0.0,0.0,0.0
0.25,0.08333333333333333,0.08333333333333333,80,0.1818181818181818,0.5,0.1111111111111111,0.1111111111111111,issue_plus_hints,2.385,9,3,Java,qwen2.5-coder:7b,1,2,2,google/gson,0,Feature,google__gson-2420,0.0,0.0,0.0,0.0
0.5,0.5,0.5,80,0.5,0.5,0.5,0.5,issue_only,2.3,2,2,Java,qwen2.5-coder:7b,1,2,2,google/gson,0,Feature,google__gson-2479,0.5,0.5,0.5,0.5
0.5,0.5,0.5,80,0.5,0.5,0.5,0.5,issue_plus_inventory,3.556,2,2,Java,qwen2.5-coder:7b,1,2,2,google/gson,0,Feature,google__gson-2479,0.5,0.5,0.5,0.5
0.5,0.5,0.5,80,0.4,0.3333333333333333,0.5,0.5,issue_plus_hints,2.516,2,2,Java,qwen2.5-coder:7b,1,3,2,google/gson,0,Feature,google__gson-2479,0.5,0.5,0.5,0.5
0.0,0.0,0.0,80,0.0,0.0,0.0,0.0,issue_only,2.573,3,5,Java,qwen2.5-coder:7b,1,2,2,google/gson,0,Feature,google__gson-2498,0.0,0.0,0.0,0.0
0.4,0.25,0.25,80,0.3333333333333333,0.3333333333333333,0.3333333333333333,0.3333333333333333,issue_plus_inventory,3.858,3,5,Java,qwen2.5-coder:7b,1,3,2,google/gson,0,Feature,google__gson-2498,0.28571428571428575,0.5,0.2,0.2
0.0,0.0,0.0,80,0.0,0.0,0.0,0.0,issue_plus_hints,2.468,3,5,Java,qwen2.5-coder:7b,1,3,2,google/gson,0,Feature,google__gson-2498,0.0,0.0,0.0,0.0
0.0,0.0,0.0,157,0.0,0.0,0.0,0.0,issue_only,2.071,2,1,Java,qwen2.5-coder:7b,1,2,2,apache/rocketmq,0,Feature,apache__rocketmq-7455,0.0,0.0,0.0,0.0
0.2,0.3333333333333333,0.3333333333333333,157,0.4,0.3333333333333333,0.5,0.5,issue_plus_inventory,4.591,2,1,Java,qwen2.5-coder:7b,1,3,2,apache/rocketmq,0,Feature,apache__rocketmq-7455,0.0,0.0,0.0,0.0
0.2,0.3333333333333333,0.3333333333333333,157,0.4,0.3333333333333333,0.5,0.5,issue_plus_hints,2.678,2,1,Java,qwen2.5-coder:7b,1,3,2,apache/rocketmq,0,Feature,apache__rocketmq-7455,0.0,0.0,0.0,0.0
0.0,0.0,0.0,157,0.0,0.0,0.0,0.0,issue_only,3.304,14,1,Java,qwen2.5-coder:7b,1,3,3,apache/rocketmq,0,Feature,apache__rocketmq-7544,0.0,0.0,0.0,0.0
0.4,0.13333333333333333,0.13333333333333333,157,0.23529411764705882,0.6666666666666666,0.14285714285714285,0.14285714285714285,issue_plus_inventory,4.795,14,1,Java,qwen2.5-coder:7b,1,3,2,apache/rocketmq,0,Feature,apache__rocketmq-7544,0.0,0.0,0.0,0.0
0.4,0.13333333333333333,0.13333333333333333,157,0.23529411764705882,0.6666666666666666,0.14285714285714285,0.14285714285714285,issue_plus_hints,2.653,14,1,Java,qwen2.5-coder:7b,1,3,2,apache/rocketmq,0,Feature,apache__rocketmq-7544,0.0,0.0,0.0,0.0
0.0,0.0,0.0,157,0.0,0.0,0.0,0.0,issue_only,2.731,1,1,Java,qwen2.5-coder:7b,1,3,3,apache/rocketmq,0,Feature,apache__rocketmq-7655,0.0,0.0,0.0,0.0
0.0,0.0,0.0,157,0.0,0.0,0.0,0.0,issue_plus_inventory,4.724,1,1,Java,qwen2.5-coder:7b,1,3,2,apache/rocketmq,0,Feature,apache__rocketmq-7655,0.0,0.0,0.0,0.0
0.0,0.0,0.0,157,0.0,0.0,0.0,0.0,issue_plus_hints,2.609,1,1,Java,qwen2.5-coder:7b,1,3,2,apache/rocketmq,0,Feature,apache__rocketmq-7655,0.0,0.0,0.0,0.0
0.0,0.0,0.0,132,0.0,0.0,0.0,0.0,issue_only,2.466,2,2,Java,qwen2.5-coder:7b,1,2,2,apache/dubbo,0,Feature,apache__dubbo-13869,0.0,0.0,0.0,0.0
0.0,0.0,0.0,132,0.0,0.0,0.0,0.0,issue_plus_inventory,4.451,2,2,Java,qwen2.5-coder:7b,1,1,1,apache/dubbo,0,Feature,apache__dubbo-13869,0.0,0.0,0.0,0.0
0.0,0.0,0.0,132,0.0,0.0,0.0,0.0,issue_plus_hints,3.085,2,2,Java,qwen2.5-coder:7b,1,2,2,apache/dubbo,0,Feature,apache__dubbo-13869,0.0,0.0,0.0,0.0
0.0,0.0,0.0,157,0.0,0.0,0.0,0.0,issue_only,2.303,1,1,Java,qwen2.5-coder:7b,1,2,2,apache/rocketmq,0,Feature,apache__rocketmq-7964,0.0,0.0,0.0,0.0
0.0,0.0,0.0,157,0.0,0.0,0.0,0.0,issue_plus_inventory,4.384,1,1,Java,qwen2.5-coder:7b,1,2,2,apache/rocketmq,0,Feature,apache__rocketmq-7964,0.0,0.0,0.0,0.0
0.0,0.0,0.0,157,0.0,0.0,0.0,0.0,issue_plus_hints,2.419,1,1,Java,qwen2.5-coder:7b,1,2,2,apache/rocketmq,0,Feature,apache__rocketmq-7964,0.0,0.0,0.0,0.0
0.25,0.3333333333333333,0.3333333333333333,80,0.6666666666666666,0.5,1.0,1.0,issue_only,2.785,1,2,Java,qwen2.5-coder:7b,1,2,2,google/gson,0,Feature,google__gson-2701,0.0,0.0,0.0,0.0
0.5,0.6666666666666666,0.6666666666666666,80,0.6666666666666666,0.5,1.0,1.0,issue_plus_inventory,3.649,1,2,Java,qwen2.5-coder:7b,1,2,2,google/gson,0,Feature,google__gson-2701,0.5,0.5,0.5,0.5
0.5,0.6666666666666666,0.6666666666666666,80,0.6666666666666666,0.5,1.0,1.0,issue_plus_hints,2.06,1,2,Java,qwen2.5-coder:7b,1,2,2,google/gson,0,Feature,google__gson-2701,0.5,0.5,0.5,0.5
0.0,0.0,0.0,76,0.0,0.0,0.0,0.0,issue_only,1.71,1,1,JavaScript,qwen2.5-coder:7b,1,2,2,serverless/serverless,0,Feature,serverless__serverless-2624,0.0,0.0,0.0,0.0
0.0,0.0,0.0,76,0.0,0.0,0.0,0.0,issue_plus_inventory,2.907,1,1,JavaScript,qwen2.5-coder:7b,1,3,3,serverless/serverless,0,Feature,serverless__serverless-2624,0.0,0.0,0.0,0.0
0.0,0.0,0.0,76,0.0,0.0,0.0,0.0,issue_plus_hints,1.698,1,1,JavaScript,qwen2.5-coder:7b,1,3,3,serverless/serverless,0,Feature,serverless__serverless-2624,0.0,0.0,0.0,0.0
0.0,0.0,0.6666666666666666,76,0.0,0.0,0.0,0.0,issue_only,2.178,2,1,JavaScript,qwen2.5-coder:7b,1,3,3,serverless/serverless,0,Feature,serverless__serverless-2748,0.0,0.0,0.0,0.0
0.1,0.3333333333333333,0.6666666666666666,76,0.28571428571428575,0.2,0.5,0.5,issue_plus_inventory,3.548,2,1,JavaScript,qwen2.5-coder:7b,1,5,5,serverless/serverless,0,Feature,serverless__serverless-2748,0.0,0.0,0.0,0.0
0.0,0.0,0.6666666666666666,76,0.0,0.0,0.0,0.0,issue_plus_hints,2.409,2,1,JavaScript,qwen2.5-coder:7b,1,4,3,serverless/serverless,0,Feature,serverless__serverless-2748,0.0,0.0,0.0,0.0
0.0,0.0,0.0,76,0.0,0.0,0.0,0.0,issue_only,1.282,2,1,JavaScript,qwen2.5-coder:7b,1,1,1,serverless/serverless,0,Feature,serverless__serverless-2910,0.0,0.0,0.0,0.0
0.5,0.6666666666666666,0.6666666666666666,76,0.5,0.5,0.5,0.5,issue_plus_inventory,2.985,2,1,JavaScript,qwen2.5-coder:7b,1,2,2,serverless/serverless,0,Feature,serverless__serverless-2910,0.6666666666666666,0.5,1.0,1.0
0.5,0.6666666666666666,0.6666666666666666,76,0.5,0.5,0.5,0.5,issue_plus_hints,1.838,2,1,JavaScript,qwen2.5-coder:7b,1,2,2,serverless/serverless,0,Feature,serverless__serverless-2910,0.6666666666666666,0.5,1.0,1.0
0.0,0.0,0.0,76,0.0,0.0,0.0,0.0,issue_only,1.738,2,1,JavaScript,qwen2.5-coder:7b,1,2,2,serverless/serverless,0,Feature,serverless__serverless-3217,0.0,0.0,0.0,0.0
0.3333333333333333,0.6666666666666666,0.6666666666666666,76,0.4,0.3333333333333333,0.5,0.5,issue_plus_inventory,3.046,2,1,JavaScript,qwen2.5-coder:7b,1,3,3,serverless/serverless,0,Feature,serverless__serverless-3217,0.5,0.3333333333333333,1.0,1.0
0.3333333333333333,0.6666666666666666,0.6666666666666666,76,0.4,0.3333333333333333,0.5,0.5,issue_plus_hints,2.376,2,1,JavaScript,qwen2.5-coder:7b,1,3,3,serverless/serverless,0,Feature,serverless__serverless-3217,0.5,0.3333333333333333,1.0,1.0
0.4,0.25,0.25,335,0.5,0.6666666666666666,0.4,0.4,issue_only,1.772,5,3,JavaScript,qwen2.5-coder:7b,1,3,2,prettier/prettier,0,Feature,prettier__prettier-661,0.0,0.0,0.0,0.0
0.6,0.375,0.5,335,0.5,0.6666666666666666,0.4,0.4,issue_plus_inventory,2.599,5,3,JavaScript,qwen2.5-coder:7b,1,3,2,prettier/prettier,0,Feature,prettier__prettier-661,0.4,0.5,0.3333333333333333,0.3333333333333333
1.0,0.5,0.5,335,0.5714285714285715,1.0,0.4,0.4,issue_plus_hints,1.912,5,3,JavaScript,qwen2.5-coder:7b,1,2,2,prettier/prettier,0,Feature,prettier__prettier-661,0.8,1.0,0.6666666666666666,0.6666666666666666
0.0,0.0,0.0,335,0.0,0.0,0.0,0.0,issue_only,2.672,1,3,JavaScript,qwen2.5-coder:7b,1,2,2,prettier/prettier,0,Feature,prettier__prettier-842,0.0,0.0,0.0,0.0
0.16666666666666666,0.25,0.5,335,0.0,0.0,0.0,0.0,issue_plus_inventory,3.015,1,3,JavaScript,qwen2.5-coder:7b,1,3,3,prettier/prettier,0,Feature,prettier__prettier-842,0.3333333333333333,0.3333333333333333,0.3333333333333333,0.3333333333333333
0.25,0.25,0.25,335,0.0,0.0,0.0,0.0,issue_plus_hints,1.96,1,3,JavaScript,qwen2.5-coder:7b,1,2,2,prettier/prettier,0,Feature,prettier__prettier-842,0.4,0.5,0.3333333333333333,0.3333333333333333
0.0,0.0,0.0,76,0.0,0.0,0.0,0.0,issue_only,1.747,3,1,JavaScript,qwen2.5-coder:7b,1,2,2,serverless/serverless,0,Feature,serverless__serverless-3548,0.0,0.0,0.0,0.0
0.3333333333333333,0.5,0.5,76,0.3333333333333333,0.3333333333333333,0.3333333333333333,0.3333333333333333,issue_plus_inventory,2.914,3,1,JavaScript,qwen2.5-coder:7b,1,3,3,serverless/serverless,0,Feature,serverless__serverless-3548,0.5,0.3333333333333333,1.0,1.0
0.3333333333333333,0.5,0.5,76,0.3333333333333333,0.3333333333333333,0.3333333333333333,0.3333333333333333,issue_plus_hints,2.208,3,1,JavaScript,qwen2.5-coder:7b,1,3,3,serverless/serverless,0,Feature,serverless__serverless-3548,0.5,0.3333333333333333,1.0,1.0
0.16666666666666666,0.25,0.25,76,0.3333333333333333,0.3333333333333333,0.3333333333333333,0.3333333333333333,issue_only,2.634,3,1,JavaScript,qwen2.5-coder:7b,1,3,3,serverless/serverless,0,Feature,serverless__serverless-3609,0.0,0.0,0.0,0.0
0.16666666666666666,0.25,0.75,76,0.3333333333333333,0.3333333333333333,0.3333333333333333,0.3333333333333333,issue_plus_inventory,3.234,3,1,JavaScript,qwen2.5-coder:7b,1,3,3,serverless/serverless,0,Feature,serverless__serverless-3609,0.0,0.0,0.0,0.0
0.2,0.25,0.75,76,0.3333333333333333,0.3333333333333333,0.3333333333333333,0.3333333333333333,issue_plus_hints,2.285,3,1,JavaScript,qwen2.5-coder:7b,1,3,2,serverless/serverless,0,Feature,serverless__serverless-3609,0.0,0.0,0.0,0.0
0.16666666666666666,0.3333333333333333,0.3333333333333333,76,0.4,0.3333333333333333,0.5,0.5,issue_only,1.825,2,1,JavaScript,qwen2.5-coder:7b,1,3,3,serverless/serverless,0,Feature,serverless__serverless-3642,0.0,0.0,0.0,0.0
0.5,0.6666666666666666,0.6666666666666666,76,0.5,0.5,0.5,0.5,issue_plus_inventory,2.526,2,1,JavaScript,qwen2.5-coder:7b,1,2,2,serverless/serverless,0,Feature,serverless__serverless-3642,0.6666666666666666,0.5,1.0,1.0
0.5,0.6666666666666666,0.6666666666666666,76,0.5,0.5,0.5,0.5,issue_plus_hints,1.381,2,1,JavaScript,qwen2.5-coder:7b,1,2,2,serverless/serverless,0,Feature,serverless__serverless-3642,0.6666666666666666,0.5,1.0,1.0
0.0,0.0,0.0,76,0.0,0.0,0.0,0.0,issue_only,1.664,4,2,JavaScript,qwen2.5-coder:7b,1,2,2,serverless/serverless,0,Feature,serverless__serverless-4097,0.0,0.0,0.0,0.0
0.6,0.5,0.5,76,0.5714285714285715,0.6666666666666666,0.5,0.5,issue_plus_inventory,2.784,4,2,JavaScript,qwen2.5-coder:7b,1,3,2,serverless/serverless,0,Feature,serverless__serverless-4097,0.5,0.5,0.5,0.5
0.6,0.5,0.5,76,0.5714285714285715,0.6666666666666666,0.5,0.5,issue_plus_hints,1.459,4,2,JavaScript,qwen2.5-coder:7b,1,3,2,serverless/serverless,0,Feature,serverless__serverless-4097,0.5,0.5,0.5,0.5
0.0,0.0,0.0,334,0.0,0.0,0.0,0.0,issue_only,1.613,4,5,JavaScript,qwen2.5-coder:7b,1,2,2,sveltejs/svelte,0,Feature,sveltejs__svelte-778,0.0,0.0,0.0,0.0
0.5,0.2222222222222222,0.3333333333333333,334,0.0,0.0,0.0,0.0,issue_plus_inventory,3.09,4,5,JavaScript,qwen2.5-coder:7b,1,2,2,sveltejs/svelte,0,Feature,sveltejs__svelte-778,0.5714285714285715,1.0,0.4,0.4
0.75,0.3333333333333333,0.3333333333333333,334,0.0,0.0,0.0,0.0,issue_plus_hints,1.749,4,5,JavaScript,qwen2.5-coder:7b,1,2,2,sveltejs/svelte,0,Feature,sveltejs__svelte-778,0.5714285714285715,1.0,0.4,0.4
0.0,0.0,0.0,334,0.0,0.0,0.0,0.0,issue_only,1.43,1,24,JavaScript,qwen2.5-coder:7b,1,2,1,sveltejs/svelte,0,Feature,sveltejs__svelte-785,0.0,0.0,0.0,0.0
0.0,0.0,0.04,334,0.0,0.0,0.0,0.0,issue_plus_inventory,3.596,1,24,JavaScript,qwen2.5-coder:7b,1,3,3,sveltejs/svelte,0,Feature,sveltejs__svelte-785,0.0,0.0,0.0,0.0
0.0,0.0,0.04,334,0.0,0.0,0.0,0.0,issue_plus_hints,1.965,1,24,JavaScript,qwen2.5-coder:7b,1,3,3,sveltejs/svelte,0,Feature,sveltejs__svelte-785,0.0,0.0,0.0,0.0
0.0,0.0,0.06666666666666667,335,0.0,0.0,0.0,0.0,issue_only,1.734,8,7,JavaScript,qwen2.5-coder:7b,1,3,3,prettier/prettier,0,Feature,prettier__prettier-3775,0.0,0.0,0.0,0.0
0.4,0.26666666666666666,0.3333333333333333,335,0.15384615384615385,0.2,0.125,0.125,issue_plus_inventory,3.257,8,7,JavaScript,qwen2.5-coder:7b,1,5,5,prettier/prettier,0,Feature,prettier__prettier-3775,0.5,0.6,0.42857142857142855,0.42857142857142855
0.625,0.3333333333333333,0.3333333333333333,335,0.3076923076923077,0.4,0.25,0.25,issue_plus_hints,2.58,8,7,JavaScript,qwen2.5-coder:7b,1,5,5,prettier/prettier,0,Feature,prettier__prettier-3775,0.5,0.6,0.42857142857142855,0.42857142857142855
0.0,0.0,0.0,334,0.0,0.0,0.0,0.0,issue_only,1.37,4,7,JavaScript,qwen2.5-coder:7b,1,1,2,sveltejs/svelte,0,Feature,sveltejs__svelte-1148,0.0,0.0,0.0,0.0
0.6,0.2727272727272727,0.45454545454545453,334,0.28571428571428575,0.3333333333333333,0.25,0.25,issue_plus_inventory,2.944,4,7,JavaScript,qwen2.5-coder:7b,1,3,2,sveltejs/svelte,0,Feature,sveltejs__svelte-1148,0.4444444444444445,1.0,0.2857142857142857,0.2857142857142857
0.6,0.2727272727272727,0.5454545454545454,334,0.28571428571428575,0.3333333333333333,0.25,0.25,issue_plus_hints,2.454,4,7,JavaScript,qwen2.5-coder:7b,1,3,2,sveltejs/svelte,0,Feature,sveltejs__svelte-1148,0.4444444444444445,1.0,0.2857142857142857,0.2857142857142857
0.0,0.0,0.0,335,0.0,0.0,0.0,0.0,issue_only,2.6,2,101,JavaScript,qwen2.5-coder:7b,1,2,2,prettier/prettier,0,Feature,prettier__prettier-3903,0.0,0.0,0.0,0.0
0.16666666666666666,0.009708737864077669,0.009708737864077669,335,0.0,0.0,0.0,0.0,issue_plus_inventory,3.006,2,101,JavaScript,qwen2.5-coder:7b,1,3,3,prettier/prettier,0,Feature,prettier__prettier-3903,0.019230769230769232,0.3333333333333333,0.009900990099009901,0.009900990099009901
0.25,0.009708737864077669,0.009708737864077669,335,0.0,0.0,0.0,0.0,issue_plus_hints,1.78,2,101,JavaScript,qwen2.5-coder:7b,1,2,2,prettier/prettier,0,Feature,prettier__prettier-3903,0.019417475728155338,0.5,0.009900990099009901,0.009900990099009901
0.0,0.0,0.0,335,0.0,0.0,0.0,0.0,issue_only,1.633,1,2,JavaScript,qwen2.5-coder:7b,1,3,3,prettier/prettier,0,Feature,prettier__prettier-4667,0.0,0.0,0.0,0.0
0.6,1.0,1.0,335,0.5,0.3333333333333333,1.0,1.0,issue_plus_inventory,3.021,1,2,JavaScript,qwen2.5-coder:7b,1,3,3,prettier/prettier,0,Feature,prettier__prettier-4667,0.4,0.3333333333333333,0.5,0.5
0.6,1.0,1.0,335,0.5,0.3333333333333333,1.0,1.0,issue_plus_hints,1.734,1,2,JavaScript,qwen2.5-coder:7b,1,3,3,prettier/prettier,0,Feature,prettier__prettier-4667,0.4,0.3333333333333333,0.5,0.5
0.0,0.0,0.0,77,0.0,0.0,0.0,0.0,issue_only,1.912,4,1,JavaScript,qwen2.5-coder:7b,1,3,2,mrdoob/three.js,0,Feature,mrdoob__three.js-14566,0.0,0.0,0.0,0.0
0.6666666666666666,0.4,0.4,77,0.3333333333333333,0.5,0.25,0.25,issue_plus_inventory,2.518,4,1,JavaScript,qwen2.5-coder:7b,1,2,1,mrdoob/three.js,0,Feature,mrdoob__three.js-14566,1.0,1.0,1.0,1.0
0.6666666666666666,0.4,0.4,77,0.3333333333333333,0.5,0.25,0.25,issue_plus_hints,1.396,4,1,JavaScript,qwen2.5-coder:7b,1,2,1,mrdoob/three.js,0,Feature,mrdoob__three.js-14566,1.0,1.0,1.0,1.0
0.0,0.0,0.0,334,0.0,0.0,0.0,0.0,issue_only,1.331,2,20,JavaScript,qwen2.5-coder:7b,1,2,2,sveltejs/svelte,0,Feature,sveltejs__svelte-1811,0.0,0.0,0.0,0.0
0.5,0.09090909090909091,0.7727272727272727,334,0.0,0.0,0.0,0.0,issue_plus_inventory,3.213,2,20,JavaScript,qwen2.5-coder:7b,1,2,2,sveltejs/svelte,0,Feature,sveltejs__svelte-1811,0.18181818181818182,1.0,0.1,0.1
0.5,0.09090909090909091,0.7727272727272727,334,0.0,0.0,0.0,0.0,issue_plus_hints,1.55,2,20,JavaScript,qwen2.5-coder:7b,1,2,2,sveltejs/svelte,0,Feature,sveltejs__svelte-1811,0.18181818181818182,1.0,0.1,0.1
0.3333333333333333,0.2,0.4,76,0.3333333333333333,0.5,0.25,0.25,issue_only,1.981,4,1,JavaScript,qwen2.5-coder:7b,1,2,1,serverless/serverless,0,Feature,serverless__serverless-5509,0.0,0.0,0.0,0.0
0.4,0.4,0.4,76,0.28571428571428575,0.3333333333333333,0.25,0.25,issue_plus_inventory,2.886,4,1,JavaScript,qwen2.5-coder:7b,1,3,2,serverless/serverless,0,Feature,serverless__serverless-5509,0.6666666666666666,0.5,1.0,1.0
0.4,0.4,0.4,76,0.28571428571428575,0.3333333333333333,0.25,0.25,issue_plus_hints,1.789,4,1,JavaScript,qwen2.5-coder:7b,1,3,2,serverless/serverless,0,Feature,serverless__serverless-5509,0.6666666666666666,0.5,1.0,1.0
0.0,0.0,0.0,76,0.0,0.0,0.0,0.0,issue_only,1.277,3,2,JavaScript,qwen2.5-coder:7b,1,2,1,serverless/serverless,0,Feature,serverless__serverless-5579,0.0,0.0,0.0,0.0
0.5,0.4,0.4,76,0.4,0.5,0.3333333333333333,0.3333333333333333,issue_plus_inventory,2.784,3,2,JavaScript,qwen2.5-coder:7b,1,2,2,serverless/serverless,0,Feature,serverless__serverless-5579,0.5,0.5,0.5,0.5
0.5,0.4,0.4,76,0.4,0.5,0.3333333333333333,0.3333333333333333,issue_plus_hints,1.491,3,2,JavaScript,qwen2.5-coder:7b,1,2,2,serverless/serverless,0,Feature,serverless__serverless-5579,0.5,0.5,0.5,0.5
0.0,0.0,0.0,334,0.0,0.0,0.0,0.0,issue_only,1.805,4,15,JavaScript,qwen2.5-coder:7b,1,2,2,sveltejs/svelte,0,Feature,sveltejs__svelte-2187,0.0,0.0,0.0,0.0
0.5,0.10526315789473684,0.3157894736842105,334,0.0,0.0,0.0,0.0,issue_plus_inventory,2.995,4,15,JavaScript,qwen2.5-coder:7b,1,2,2,sveltejs/svelte,0,Feature,sveltejs__svelte-2187,0.23529411764705882,1.0,0.13333333333333333,0.13333333333333333
0.5,0.10526315789473684,0.3157894736842105,334,0.0,0.0,0.0,0.0,issue_plus_hints,1.471,4,15,JavaScript,qwen2.5-coder:7b,1,2,2,sveltejs/svelte,0,Feature,sveltejs__svelte-2187,0.23529411764705882,1.0,0.13333333333333333,0.13333333333333333
0.0,0.0,0.0,76,0.0,0.0,0.0,0.0,issue_only,1.581,5,4,JavaScript,qwen2.5-coder:7b,1,2,1,serverless/serverless,0,Feature,serverless__serverless-5982,0.0,0.0,0.0,0.0
0.3333333333333333,0.2222222222222222,0.2222222222222222,76,0.25,0.3333333333333333,0.2,0.2,issue_plus_inventory,3.41,5,4,JavaScript,qwen2.5-coder:7b,1,3,3,serverless/serverless,0,Feature,serverless__serverless-5982,0.28571428571428575,0.3333333333333333,0.25,0.25
0.3333333333333333,0.2222222222222222,0.2222222222222222,76,0.25,0.3333333333333333,0.2,0.2,issue_plus_hints,2.42,5,4,JavaScript,qwen2.5-coder:7b,1,3,3,serverless/serverless,0,Feature,serverless__serverless-5982,0.28571428571428575,0.3333333333333333,0.25,0.25
0.0,0.0,0.0,76,0.0,0.0,0.0,0.0,issue_only,1.831,3,1,JavaScript,qwen2.5-coder:7b,1,3,2,serverless/serverless,0,Feature,serverless__serverless-6051,0.0,0.0,0.0,0.0
0.16666666666666666,0.25,0.75,76,0.3333333333333333,0.3333333333333333,0.3333333333333333,0.3333333333333333,issue_plus_inventory,3.466,3,1,JavaScript,qwen2.5-coder:7b,1,3,3,serverless/serverless,0,Feature,serverless__serverless-6051,0.0,0.0,0.0,0.0
0.16666666666666666,0.25,0.25,76,0.3333333333333333,0.3333333333333333,0.3333333333333333,0.3333333333333333,issue_plus_hints,2.648,3,1,JavaScript,qwen2.5-coder:7b,1,3,3,serverless/serverless,0,Feature,serverless__serverless-6051,0.0,0.0,0.0,0.0
0.0,0.0,0.0,76,0.0,0.0,0.0,0.0,issue_only,1.687,3,1,JavaScript,qwen2.5-coder:7b,1,3,2,serverless/serverless,0,Feature,serverless__serverless-6063,0.0,0.0,0.0,0.0
0.0,0.0,0.0,76,0.0,0.0,0.0,0.0,issue_plus_inventory,3.453,3,1,JavaScript,qwen2.5-coder:7b,1,3,3,serverless/serverless,0,Feature,serverless__serverless-6063,0.0,0.0,0.0,0.0
0.0,0.0,0.0,76,0.0,0.0,0.0,0.0,issue_plus_hints,2.831,3,1,JavaScript,qwen2.5-coder:7b,1,3,3,serverless/serverless,0,Feature,serverless__serverless-6063,0.0,0.0,0.0,0.0
0.0,0.0,0.0,76,0.0,0.0,0.0,0.0,issue_only,1.906,2,1,JavaScript,qwen2.5-coder:7b,1,2,2,serverless/serverless,0,Feature,serverless__serverless-6345,0.0,0.0,0.0,0.0
0.0,0.0,0.0,76,0.0,0.0,0.0,0.0,issue_plus_inventory,2.851,2,1,JavaScript,qwen2.5-coder:7b,1,2,2,serverless/serverless,0,Feature,serverless__serverless-6345,0.0,0.0,0.0,0.0
0.0,0.0,0.0,76,0.0,0.0,0.0,0.0,issue_plus_hints,1.687,2,1,JavaScript,qwen2.5-coder:7b,1,2,2,serverless/serverless,0,Feature,serverless__serverless-6345,0.0,0.0,0.0,0.0
0.25,0.05555555555555555,0.16666666666666666,77,0.10526315789473684,0.5,0.058823529411764705,0.058823529411764705,issue_only,2.385,17,1,JavaScript,qwen2.5-coder:7b,1,2,2,mrdoob/three.js,0,Feature,mrdoob__three.js-17649,0.0,0.0,0.0,0.0
0.6,0.16666666666666666,0.2222222222222222,77,0.3,1.0,0.17647058823529413,0.17647058823529413,issue_plus_inventory,2.919,17,1,JavaScript,qwen2.5-coder:7b,1,3,2,mrdoob/three.js,0,Feature,mrdoob__three.js-17649,0.0,0.0,0.0,0.0
0.6,0.16666666666666666,0.2222222222222222,77,0.3,1.0,0.17647058823529413,0.17647058823529413,issue_plus_hints,2.266,17,1,JavaScript,qwen2.5-coder:7b,1,3,2,mrdoob/three.js,0,Feature,mrdoob__three.js-17649,0.0,0.0,0.0,0.0
0.0,0.0,0.0,76,0.0,0.0,0.0,0.0,issue_only,1.773,3,1,JavaScript,qwen2.5-coder:7b,1,3,1,serverless/serverless,0,Feature,serverless__serverless-6945,0.0,0.0,0.0,0.0
1.0,1.0,1.0,76,0.8,1.0,0.6666666666666666,0.6666666666666666,issue_plus_inventory,2.766,3,1,JavaScript,qwen2.5-coder:7b,1,2,2,serverless/serverless,0,Feature,serverless__serverless-6945,0.6666666666666666,0.5,1.0,1.0
1.0,1.0,1.0,76,0.8,1.0,0.6666666666666666,0.6666666666666666,issue_plus_hints,1.521,3,1,JavaScript,qwen2.5-coder:7b,1,2,2,serverless/serverless,0,Feature,serverless__serverless-6945,0.6666666666666666,0.5,1.0,1.0
0.0,0.0,0.3333333333333333,76,0.0,0.0,0.0,0.0,issue_only,2.056,2,1,JavaScript,qwen2.5-coder:7b,1,3,3,serverless/serverless,0,Feature,serverless__serverless-7024,0.0,0.0,0.0,0.0
0.4,0.6666666666666666,0.6666666666666666,76,0.4,0.3333333333333333,0.5,0.5,issue_plus_inventory,3.145,2,1,JavaScript,qwen2.5-coder:7b,1,3,2,serverless/serverless,0,Feature,serverless__serverless-7024,0.6666666666666666,0.5,1.0,1.0
0.5,0.6666666666666666,0.6666666666666666,76,0.5,0.5,0.5,0.5,issue_plus_hints,1.806,2,1,JavaScript,qwen2.5-coder:7b,1,2,2,serverless/serverless,0,Feature,serverless__serverless-7024,0.6666666666666666,0.5,1.0,1.0
0.5,1.0,1.0,76,0.6666666666666666,0.5,1.0,1.0,issue_only,2.235,1,1,JavaScript,qwen2.5-coder:7b,1,2,2,serverless/serverless,0,Feature,serverless__serverless-7031,0.6666666666666666,0.5,1.0,1.0
0.0,0.0,0.0,76,0.0,0.0,0.0,0.0,issue_plus_inventory,2.753,1,1,JavaScript,qwen2.5-coder:7b,1,2,2,serverless/serverless,0,Feature,serverless__serverless-7031,0.0,0.0,0.0,0.0
0.0,0.0,0.0,76,0.0,0.0,0.0,0.0,issue_plus_hints,1.535,1,1,JavaScript,qwen2.5-coder:7b,1,2,2,serverless/serverless,0,Feature,serverless__serverless-7031,0.0,0.0,0.0,0.0
0.0,0.0,0.25,76,0.0,0.0,0.0,0.0,issue_only,2.233,3,1,JavaScript,qwen2.5-coder:7b,1,2,2,serverless/serverless,0,Feature,serverless__serverless-7623,0.0,0.0,0.0,0.0
0.3333333333333333,0.5,0.5,76,0.3333333333333333,0.3333333333333333,0.3333333333333333,0.3333333333333333,issue_plus_inventory,3.443,3,1,JavaScript,qwen2.5-coder:7b,1,3,3,serverless/serverless,0,Feature,serverless__serverless-7623,0.5,0.3333333333333333,1.0,1.0
0.4,0.5,0.5,76,0.3333333333333333,0.3333333333333333,0.3333333333333333,0.3333333333333333,issue_plus_hints,2.155,3,1,JavaScript,qwen2.5-coder:7b,1,3,2,serverless/serverless,0,Feature,serverless__serverless-7623,0.6666666666666666,0.5,1.0,1.0
0.0,0.0,0.0,335,0.0,0.0,0.0,0.0,issue_only,2.578,11,9,JavaScript,qwen2.5-coder:7b,1,2,2,prettier/prettier,0,Feature,prettier__prettier-8381,0.0,0.0,0.0,0.0
0.8,0.2,0.3,335,0.28571428571428575,0.6666666666666666,0.18181818181818182,0.18181818181818182,issue_plus_inventory,2.539,11,9,JavaScript,qwen2.5-coder:7b,1,3,2,prettier/prettier,0,Feature,prettier__prettier-8381,0.3636363636363636,1.0,0.2222222222222222,0.2222222222222222
0.8,0.2,0.3,335,0.28571428571428575,0.6666666666666666,0.18181818181818182,0.18181818181818182,issue_plus_hints,1.508,11,9,JavaScript,qwen2.5-coder:7b,1,3,2,prettier/prettier,0,Feature,prettier__prettier-8381,0.3636363636363636,1.0,0.2222222222222222,0.2222222222222222
0.0,0.0,0.0,335,0.0,0.0,0.0,0.0,issue_only,1.976,4,13,JavaScript,qwen2.5-coder:7b,1,2,2,prettier/prettier,0,Feature,prettier__prettier-8465,0.0,0.0,0.0,0.0
0.16666666666666666,0.058823529411764705,0.17647058823529413,335,0.0,0.0,0.0,0.0,issue_plus_inventory,3.031,4,13,JavaScript,qwen2.5-coder:7b,1,3,3,prettier/prettier,0,Feature,prettier__prettier-8465,0.125,0.3333333333333333,0.07692307692307693,0.07692307692307693
0.5,0.11764705882352941,0.11764705882352941,335,0.3333333333333333,0.5,0.25,0.25,issue_plus_hints,1.956,4,13,JavaScript,qwen2.5-coder:7b,1,2,2,prettier/prettier,0,Feature,prettier__prettier-8465,0.13333333333333336,0.5,0.07692307692307693,0.07692307692307693
0.0,0.0,0.0,334,0.0,0.0,0.0,0.0,issue_only,1.572,5,5,JavaScript,qwen2.5-coder:7b,1,2,2,sveltejs/svelte,0,Feature,sveltejs__svelte-5442,0.0,0.0,0.0,0.0
0.75,0.3,0.3,334,0.28571428571428575,0.5,0.2,0.2,issue_plus_inventory,3.277,5,5,JavaScript,qwen2.5-coder:7b,1,2,2,sveltejs/svelte,0,Feature,sveltejs__svelte-5442,0.5714285714285715,1.0,0.4,0.4
0.75,0.3,0.3,334,0.28571428571428575,0.5,0.2,0.2,issue_plus_hints,1.687,5,5,JavaScript,qwen2.5-coder:7b,1,2,2,sveltejs/svelte,0,Feature,sveltejs__svelte-5442,0.5714285714285715,1.0,0.4,0.4
0.5,0.25,0.25,77,0.5,1.0,0.3333333333333333,0.3333333333333333,issue_only,1.665,3,1,JavaScript,qwen2.5-coder:7b,1,1,1,mrdoob/three.js,0,Feature,mrdoob__three.js-20478,0.0,0.0,0.0,0.0
1.0,0.75,0.75,77,0.8,1.0,0.6666666666666666,0.6666666666666666,issue_plus_inventory,2.543,3,1,JavaScript,qwen2.5-coder:7b,1,2,1,mrdoob/three.js,0,Feature,mrdoob__three.js-20478,1.0,1.0,1.0,1.0
1.0,0.75,0.75,77,0.8,1.0,0.6666666666666666,0.6666666666666666,issue_plus_hints,1.64,3,1,JavaScript,qwen2.5-coder:7b,1,2,1,mrdoob/three.js,0,Feature,mrdoob__three.js-20478,1.0,1.0,1.0,1.0
0.0,0.0,0.0,76,0.0,0.0,0.0,0.0,issue_only,1.892,4,1,JavaScript,qwen2.5-coder:7b,1,1,0,serverless/serverless,0,Feature,serverless__serverless-8638,0.0,0.0,0.0,0.0
0.0,0.0,0.0,76,0.0,0.0,0.0,0.0,issue_plus_inventory,2.791,4,1,JavaScript,qwen2.5-coder:7b,1,2,2,serverless/serverless,0,Feature,serverless__serverless-8638,0.0,0.0,0.0,0.0
0.0,0.0,0.0,76,0.0,0.0,0.0,0.0,issue_plus_hints,2.12,4,1,JavaScript,qwen2.5-coder:7b,1,2,2,serverless/serverless,0,Feature,serverless__serverless-8638,0.0,0.0,0.0,0.0
0.0,0.0,0.0,335,0.0,0.0,0.0,0.0,issue_only,2.391,2,4,JavaScript,qwen2.5-coder:7b,1,2,2,prettier/prettier,0,Feature,prettier__prettier-10109,0.0,0.0,0.0,0.0
0.75,0.5,0.5,335,0.5,0.5,0.5,0.5,issue_plus_inventory,2.918,2,4,JavaScript,qwen2.5-coder:7b,1,2,2,prettier/prettier,0,Feature,prettier__prettier-10109,0.6666666666666666,1.0,0.5,0.5
0.75,0.5,0.5,335,0.5,0.5,0.5,0.5,issue_plus_hints,1.963,2,4,JavaScript,qwen2.5-coder:7b,1,2,2,prettier/prettier,0,Feature,prettier__prettier-10109,0.6666666666666666,1.0,0.5,0.5
0.5,0.2,0.2,77,0.4,1.0,0.25,0.25,issue_only,1.704,4,1,JavaScript,qwen2.5-coder:7b,1,1,1,mrdoob/three.js,0,Feature,mrdoob__three.js-21532,0.0,0.0,0.0,0.0
1.0,0.6,0.8,77,0.6666666666666666,1.0,0.5,0.5,issue_plus_inventory,2.446,4,1,JavaScript,qwen2.5-coder:7b,1,2,1,mrdoob/three.js,0,Feature,mrdoob__three.js-21532,1.0,1.0,1.0,1.0
1.0,0.6,0.6,77,0.6666666666666666,1.0,0.5,0.5,issue_plus_hints,2.16,4,1,JavaScript,qwen2.5-coder:7b,1,2,2,mrdoob/three.js,0,Feature,mrdoob__three.js-21532,0.6666666666666666,0.5,1.0,1.0
0.0,0.0,0.0,334,0.0,0.0,0.0,0.0,issue_only,1.908,1,8,JavaScript,qwen2.5-coder:7b,1,2,2,sveltejs/svelte,0,Feature,sveltejs__svelte-6223,0.0,0.0,0.0,0.0
0.4,0.2222222222222222,0.6666666666666666,334,0.0,0.0,0.0,0.0,issue_plus_inventory,3.174,1,8,JavaScript,qwen2.5-coder:7b,1,3,2,sveltejs/svelte,0,Feature,sveltejs__svelte-6223,0.4,1.0,0.25,0.25
0.5,0.3333333333333333,0.6666666666666666,334,0.5,0.3333333333333333,1.0,1.0,issue_plus_hints,1.983,1,8,JavaScript,qwen2.5-coder:7b,1,3,3,sveltejs/svelte,0,Feature,sveltejs__svelte-6223,0.36363636363636365,0.6666666666666666,0.25,0.25
0.5,0.2,0.2,77,0.4,1.0,0.25,0.25,issue_only,1.378,4,1,JavaScript,qwen2.5-coder:7b,1,1,1,mrdoob/three.js,0,Feature,mrdoob__three.js-21826,0.0,0.0,0.0,0.0
0.75,0.6,1.0,77,0.6666666666666666,1.0,0.5,0.5,issue_plus_inventory,2.665,4,1,JavaScript,qwen2.5-coder:7b,1,2,2,mrdoob/three.js,0,Feature,mrdoob__three.js-21826,0.6666666666666666,0.5,1.0,1.0
0.5,0.4,0.4,77,0.3333333333333333,0.5,0.25,0.25,issue_plus_hints,1.971,4,1,JavaScript,qwen2.5-coder:7b,1,2,2,mrdoob/three.js,0,Feature,mrdoob__three.js-21826,0.6666666666666666,0.5,1.0,1.0
0.0,0.0,0.0,335,0.0,0.0,0.0,0.0,issue_only,1.907,8,9,JavaScript,qwen2.5-coder:7b,1,2,2,prettier/prettier,0,Feature,prettier__prettier-10910,0.0,0.0,0.0,0.0
0.4,0.23529411764705882,0.47058823529411764,335,0.6153846153846154,0.8,0.5,0.5,issue_plus_inventory,3.274,8,9,JavaScript,qwen2.5-coder:7b,1,5,5,prettier/prettier,0,Feature,prettier__prettier-10910,0.0,0.0,0.0,0.0
0.4,0.23529411764705882,0.47058823529411764,335,0.6153846153846154,0.8,0.5,0.5,issue_plus_hints,2.425,8,9,JavaScript,qwen2.5-coder:7b,1,5,5,prettier/prettier,0,Feature,prettier__prettier-10910,0.0,0.0,0.0,0.0
0.0,0.0,0.0,334,0.0,0.0,0.0,0.0,issue_only,1.453,4,4,JavaScript,qwen2.5-coder:7b,1,2,1,sveltejs/svelte,0,Feature,sveltejs__svelte-6528,0.0,0.0,0.0,0.0
0.5,0.25,0.25,334,0.0,0.0,0.0,0.0,issue_plus_inventory,2.845,4,4,JavaScript,qwen2.5-coder:7b,1,2,2,sveltejs/svelte,0,Feature,sveltejs__svelte-6528,0.6666666666666666,1.0,0.5,0.5
0.5,0.25,0.25,334,0.0,0.0,0.0,0.0,issue_plus_hints,1.822,4,4,JavaScript,qwen2.5-coder:7b,1,3,2,sveltejs/svelte,0,Feature,sveltejs__svelte-6528,0.3333333333333333,0.5,0.25,0.25
0.0,0.0,0.0,334,0.0,0.0,0.0,0.0,issue_only,2.083,1,4,JavaScript,qwen2.5-coder:7b,1,2,2,sveltejs/svelte,0,Feature,sveltejs__svelte-6564,0.0,0.0,0.0,0.0
0.5,0.4,0.6,334,0.6666666666666666,0.5,1.0,1.0,issue_plus_inventory,3.281,1,4,JavaScript,qwen2.5-coder:7b,1,2,2,sveltejs/svelte,0,Feature,sveltejs__svelte-6564,0.3333333333333333,0.5,0.25,0.25
0.5,0.4,0.6,334,0.6666666666666666,0.5,1.0,1.0,issue_plus_hints,2.018,1,4,JavaScript,qwen2.5-coder:7b,1,2,2,sveltejs/svelte,0,Feature,sveltejs__svelte-6564,0.3333333333333333,0.5,0.25,0.25
0.0,0.0,0.0,334,0.0,0.0,0.0,0.0,issue_only,2.175,1,3,JavaScript,qwen2.5-coder:7b,1,2,2,sveltejs/svelte,0,Feature,sveltejs__svelte-6613,0.0,0.0,0.0,0.0
0.0,0.0,0.25,334,0.0,0.0,0.0,0.0,issue_plus_inventory,3.239,1,3,JavaScript,qwen2.5-coder:7b,1,3,3,sveltejs/svelte,0,Feature,sveltejs__svelte-6613,0.0,0.0,0.0,0.0
0.16666666666666666,0.25,0.25,334,0.5,0.3333333333333333,1.0,1.0,issue_plus_hints,2.317,1,3,JavaScript,qwen2.5-coder:7b,1,3,3,sveltejs/svelte,0,Feature,sveltejs__svelte-6613,0.0,0.0,0.0,0.0
0.0,0.0,0.0,334,0.0,0.0,0.0,0.0,issue_only,2.008,2,1,JavaScript,qwen2.5-coder:7b,1,2,2,sveltejs/svelte,0,Feature,sveltejs__svelte-6838,0.0,0.0,0.0,0.0
0.2,0.3333333333333333,0.3333333333333333,334,0.0,0.0,0.0,0.0,issue_plus_inventory,3.579,2,1,JavaScript,qwen2.5-coder:7b,1,3,2,sveltejs/svelte,0,Feature,sveltejs__svelte-6838,0.6666666666666666,0.5,1.0,1.0
0.0,0.0,0.0,334,0.0,0.0,0.0,0.0,issue_plus_hints,2.354,2,1,JavaScript,qwen2.5-coder:7b,1,3,3,sveltejs/svelte,0,Feature,sveltejs__svelte-6838,0.0,0.0,0.0,0.0
0.0,0.0,1.0,76,0.0,0.0,0.0,0.0,issue_only,2.598,1,1,JavaScript,qwen2.5-coder:7b,1,2,2,serverless/serverless,0,Feature,serverless__serverless-10120,0.0,0.0,0.0,0.0
0.5,1.0,1.0,76,0.6666666666666666,0.5,1.0,1.0,issue_plus_inventory,2.938,1,1,JavaScript,qwen2.5-coder:7b,1,2,2,serverless/serverless,0,Feature,serverless__serverless-10120,0.6666666666666666,0.5,1.0,1.0
0.75,1.0,1.0,76,0.6666666666666666,0.5,1.0,1.0,issue_plus_hints,1.887,1,1,JavaScript,qwen2.5-coder:7b,1,2,2,serverless/serverless,0,Feature,serverless__serverless-10120,1.0,1.0,1.0,1.0
0.0,0.0,0.25,77,0.0,0.0,0.0,0.0,issue_only,1.31,2,2,JavaScript,qwen2.5-coder:7b,1,1,1,mrdoob/three.js,0,Feature,mrdoob__three.js-23596,0.0,0.0,0.0,0.0
1.0,0.75,0.75,77,1.0,1.0,1.0,1.0,issue_plus_inventory,2.632,2,2,JavaScript,qwen2.5-coder:7b,1,2,1,mrdoob/three.js,0,Feature,mrdoob__three.js-23596,0.6666666666666666,1.0,0.5,0.5
1.0,0.75,0.75,77,1.0,1.0,1.0,1.0,issue_plus_hints,1.518,2,2,JavaScript,qwen2.5-coder:7b,1,2,1,mrdoob/three.js,0,Feature,mrdoob__three.js-23596,0.6666666666666666,1.0,0.5,0.5
0.375,0.2,0.2,77,0.46153846153846156,0.75,0.3333333333333333,0.3333333333333333,issue_only,2.226,9,6,JavaScript,qwen2.5-coder:7b,1,4,4,mrdoob/three.js,0,Feature,mrdoob__three.js-23796,0.0,0.0,0.0,0.0
1.0,0.4,0.4,77,0.5,1.0,0.3333333333333333,0.3333333333333333,issue_plus_inventory,2.873,9,6,JavaScript,qwen2.5-coder:7b,1,3,3,mrdoob/three.js,0,Feature,mrdoob__three.js-23796,0.6666666666666666,1.0,0.5,0.5
1.0,0.4,0.4,77,0.5,1.0,0.3333333333333333,0.3333333333333333,issue_plus_hints,1.68,9,6,JavaScript,qwen2.5-coder:7b,1,3,3,mrdoob/three.js,0,Feature,mrdoob__three.js-23796,0.6666666666666666,1.0,0.5,0.5
0.0,0.0,0.0,335,0.0,0.0,0.0,0.0,issue_only,1.801,3,1,JavaScript,qwen2.5-coder:7b,1,3,3,prettier/prettier,0,Feature,prettier__prettier-14108,0.0,0.0,0.0,0.0
0.0,0.0,0.0,335,0.0,0.0,0.0,0.0,issue_plus_inventory,3.007,3,1,JavaScript,qwen2.5-coder:7b,1,3,3,prettier/prettier,0,Feature,prettier__prettier-14108,0.0,0.0,0.0,0.0
0.0,0.0,0.0,335,0.0,0.0,0.0,0.0,issue_plus_hints,1.939,3,1,JavaScript,qwen2.5-coder:7b,1,3,2,prettier/prettier,0,Feature,prettier__prettier-14108,0.0,0.0,0.0,0.0
0.0,0.0,0.0,335,0.0,0.0,0.0,0.0,issue_only,1.555,4,1,JavaScript,qwen2.5-coder:7b,1,2,2,prettier/prettier,0,Feature,prettier__prettier-14317,0.0,0.0,0.0,0.0
0.0,0.0,0.0,335,0.0,0.0,0.0,0.0,issue_plus_inventory,2.698,4,1,JavaScript,qwen2.5-coder:7b,1,2,2,prettier/prettier,0,Feature,prettier__prettier-14317,0.0,0.0,0.0,0.0
0.0,0.0,0.0,335,0.0,0.0,0.0,0.0,issue_plus_hints,1.279,4,1,JavaScript,qwen2.5-coder:7b,1,2,2,prettier/prettier,0,Feature,prettier__prettier-14317,0.0,0.0,0.0,0.0
0.0,0.0,0.0,335,0.0,0.0,0.0,0.0,issue_only,2.461,2,3,JavaScript,qwen2.5-coder:7b,1,2,2,prettier/prettier,0,Feature,prettier__prettier-16765,0.0,0.0,0.0,0.0
0.2,0.2,0.2,335,0.4,0.3333333333333333,0.5,0.5,issue_plus_inventory,2.787,2,3,JavaScript,qwen2.5-coder:7b,1,3,2,prettier/prettier,0,Feature,prettier__prettier-16765,0.0,0.0,0.0,0.0
0.5,0.4,0.4,335,0.5,0.5,0.5,0.5,issue_plus_hints,2.039,2,3,JavaScript,qwen2.5-coder:7b,1,2,2,prettier/prettier,0,Feature,prettier__prettier-16765,0.4,0.5,0.3333333333333333,0.3333333333333333
0.25,0.3333333333333333,0.6666666666666666,89,0.5,0.5,0.5,0.5,issue_only,1.79,2,1,Python,qwen2.5-coder:7b,1,2,2,keras-team/keras,0,Feature,keras-team__keras-3907,0.0,0.0,0.0,0.0
0.4,0.6666666666666666,0.6666666666666666,89,0.4,0.3333333333333333,0.5,0.5,issue_plus_inventory,2.715,2,1,Python,qwen2.5-coder:7b,1,3,2,keras-team/keras,0,Feature,keras-team__keras-3907,0.6666666666666666,0.5,1.0,1.0
0.25,0.3333333333333333,0.3333333333333333,89,0.0,0.0,0.0,0.0,issue_plus_hints,1.39,2,1,Python,qwen2.5-coder:7b,1,2,2,keras-team/keras,0,Feature,keras-team__keras-3907,0.6666666666666666,0.5,1.0,1.0
0.3333333333333333,0.5,0.5,89,0.6666666666666666,0.5,1.0,1.0,issue_only,1.834,1,1,Python,qwen2.5-coder:7b,1,2,1,keras-team/keras,0,Feature,keras-team__keras-3983,0.0,0.0,0.0,0.0
0.5,1.0,1.0,89,0.6666666666666666,0.5,1.0,1.0,issue_plus_inventory,2.842,1,1,Python,qwen2.5-coder:7b,1,2,2,keras-team/keras,0,Feature,keras-team__keras-3983,0.6666666666666666,0.5,1.0,1.0
0.5,1.0,1.0,89,0.6666666666666666,0.5,1.0,1.0,issue_plus_hints,2.099,1,1,Python,qwen2.5-coder:7b,1,2,2,keras-team/keras,0,Feature,keras-team__keras-3983,0.6666666666666666,0.5,1.0,1.0
0.25,0.25,0.25,212,0.0,0.0,0.0,0.0,issue_only,1.912,3,1,Python,qwen2.5-coder:7b,1,2,2,huggingface/transformers,0,Feature,huggingface__transformers-6744,0.6666666666666666,0.5,1.0,1.0
0.3333333333333333,0.5,0.5,212,0.3333333333333333,0.3333333333333333,0.3333333333333333,0.3333333333333333,issue_plus_inventory,3.166,3,1,Python,qwen2.5-coder:7b,1,3,3,huggingface/transformers,0,Feature,huggingface__transformers-6744,0.5,0.3333333333333333,1.0,1.0
0.25,0.5,0.5,212,0.28571428571428575,0.25,0.3333333333333333,0.3333333333333333,issue_plus_hints,2.668,3,1,Python,qwen2.5-coder:7b,1,4,4,huggingface/transformers,0,Feature,huggingface__transformers-6744,0.4,0.25,1.0,1.0
0.3333333333333333,0.14285714285714285,0.2857142857142857,212,0.0,0.0,0.0,0.0,issue_only,1.933,3,4,Python,qwen2.5-coder:7b,1,2,1,huggingface/transformers,0,Feature,huggingface__transformers-7562,0.4,1.0,0.25,0.25
0.4,0.2857142857142857,0.2857142857142857,212,0.3333333333333333,0.3333333333333333,0.3333333333333333,0.3333333333333333,issue_plus_inventory,2.961,3,4,Python,qwen2.5-coder:7b,1,3,2,huggingface/transformers,0,Feature,huggingface__transformers-7562,0.3333333333333333,0.5,0.25,0.25
0.2222222222222222,0.2857142857142857,0.2857142857142857,212,0.28571428571428575,0.25,0.3333333333333333,0.3333333333333333,issue_plus_hints,2.727,3,4,Python,qwen2.5-coder:7b,1,4,5,huggingface/transformers,0,Feature,huggingface__transformers-7562,0.22222222222222224,0.2,0.25,0.25
0.6666666666666666,0.5,0.5,212,0.4,0.5,0.3333333333333333,0.3333333333333333,issue_only,1.912,3,1,Python,qwen2.5-coder:7b,1,2,1,huggingface/transformers,0,Feature,huggingface__transformers-13573,1.0,1.0,1.0,1.0
0.75,0.75,0.75,212,0.8,1.0,0.6666666666666666,0.6666666666666666,issue_plus_inventory,3.592,3,1,Python,qwen2.5-coder:7b,1,2,2,huggingface/transformers,0,Feature,huggingface__transformers-13573,0.6666666666666666,0.5,1.0,1.0
0.75,0.75,0.75,212,0.8,1.0,0.6666666666666666,0.6666666666666666,issue_plus_hints,2.485,3,1,Python,qwen2.5-coder:7b,1,2,2,huggingface/transformers,0,Feature,huggingface__transformers-13573,0.6666666666666666,0.5,1.0,1.0
0.3333333333333333,0.125,0.125,212,0.3333333333333333,0.5,0.25,0.25,issue_only,2.204,4,4,Python,qwen2.5-coder:7b,1,2,1,huggingface/transformers,0,Feature,huggingface__transformers-13989,0.0,0.0,0.0,0.0
0.5,0.25,0.375,212,0.3333333333333333,0.5,0.25,0.25,issue_plus_inventory,3.523,4,4,Python,qwen2.5-coder:7b,1,2,2,huggingface/transformers,0,Feature,huggingface__transformers-13989,0.3333333333333333,0.5,0.25,0.25
0.5,0.25,0.375,212,0.3333333333333333,0.5,0.25,0.25,issue_plus_hints,2.053,4,4,Python,qwen2.5-coder:7b,1,2,2,huggingface/transformers,0,Feature,huggingface__transformers-13989,0.3333333333333333,0.5,0.25,0.25
0.5,0.13333333333333333,0.26666666666666666,36,0.25,1.0,0.14285714285714285,0.14285714285714285,issue_only,2.481,14,1,Python,qwen2.5-coder:7b,1,2,2,yt-dlp/yt-dlp,0,Feature,yt-dlp__yt-dlp-1649,0.0,0.0,0.0,0.0
0.5,0.13333333333333333,0.13333333333333333,36,0.125,0.5,0.07142857142857142,0.07142857142857142,issue_plus_inventory,1.804,14,1,Python,qwen2.5-coder:7b,1,2,2,yt-dlp/yt-dlp,0,Feature,yt-dlp__yt-dlp-1649,0.6666666666666666,0.5,1.0,1.0
0.5,0.13333333333333333,0.13333333333333333,36,0.125,0.5,0.07142857142857142,0.07142857142857142,issue_plus_hints,1.716,14,1,Python,qwen2.5-coder:7b,1,2,2,yt-dlp/yt-dlp,0,Feature,yt-dlp__yt-dlp-1649,0.6666666666666666,0.5,1.0,1.0
0.6666666666666666,0.5,0.5,212,0.4,0.5,0.3333333333333333,0.3333333333333333,issue_only,2.493,3,1,Python,qwen2.5-coder:7b,1,2,1,huggingface/transformers,0,Feature,huggingface__transformers-15473,1.0,1.0,1.0,1.0
0.5,0.5,0.5,212,0.4,0.5,0.3333333333333333,0.3333333333333333,issue_plus_inventory,3.194,3,1,Python,qwen2.5-coder:7b,1,2,2,huggingface/transformers,0,Feature,huggingface__transformers-15473,0.6666666666666666,0.5,1.0,1.0
0.5,0.5,0.5,212,0.4,0.5,0.3333333333333333,0.3333333333333333,issue_plus_hints,1.598,3,1,Python,qwen2.5-coder:7b,1,2,2,huggingface/transformers,0,Feature,huggingface__transformers-15473,0.6666666666666666,0.5,1.0,1.0
0.5,0.5,1.0,212,1.0,1.0,1.0,1.0,issue_only,1.531,1,1,Python,qwen2.5-coder:7b,1,1,1,huggingface/transformers,0,Feature,huggingface__transformers-15795,0.0,0.0,0.0,0.0
0.4,1.0,1.0,212,0.5,0.3333333333333333,1.0,1.0,issue_plus_inventory,3.025,1,1,Python,qwen2.5-coder:7b,1,3,2,huggingface/transformers,0,Feature,huggingface__transformers-15795,0.6666666666666666,0.5,1.0,1.0
0.4,1.0,1.0,212,0.5,0.3333333333333333,1.0,1.0,issue_plus_hints,2.043,1,1,Python,qwen2.5-coder:7b,1,3,2,huggingface/transformers,0,Feature,huggingface__transformers-15795,0.6666666666666666,0.5,1.0,1.0
0.5,0.16666666666666666,0.16666666666666666,212,0.4,1.0,0.25,0.25,issue_only,1.852,4,2,Python,qwen2.5-coder:7b,1,1,1,huggingface/transformers,0,Feature,huggingface__transformers-15831,0.0,0.0,0.0,0.0
0.6666666666666666,0.3333333333333333,0.3333333333333333,212,0.6666666666666666,1.0,0.5,0.5,issue_plus_inventory,2.993,4,2,Python,qwen2.5-coder:7b,1,2,1,huggingface/transformers,0,Feature,huggingface__transformers-15831,0.0,0.0,0.0,0.0
0.6666666666666666,0.3333333333333333,0.3333333333333333,212,0.6666666666666666,1.0,0.5,0.5,issue_plus_hints,1.884,4,2,Python,qwen2.5-coder:7b,1,2,1,huggingface/transformers,0,Feature,huggingface__transformers-15831,0.0,0.0,0.0,0.0
0.5,0.5,0.5,212,1.0,1.0,1.0,1.0,issue_only,1.525,1,1,Python,qwen2.5-coder:7b,1,1,1,huggingface/transformers,0,Feature,huggingface__transformers-15913,0.0,0.0,0.0,0.0
0.3333333333333333,0.5,0.5,212,0.6666666666666666,0.5,1.0,1.0,issue_plus_inventory,3.253,1,1,Python,qwen2.5-coder:7b,1,2,1,huggingface/transformers,0,Feature,huggingface__transformers-15913,0.0,0.0,0.0,0.0
0.3333333333333333,0.5,0.5,212,0.6666666666666666,0.5,1.0,1.0,issue_plus_hints,1.538,1,1,Python,qwen2.5-coder:7b,1,2,1,huggingface/transformers,0,Feature,huggingface__transformers-15913,0.0,0.0,0.0,0.0
0.25,0.0625,0.0625,36,0.28571428571428575,0.5,0.2,0.2,issue_only,1.895,5,11,Python,qwen2.5-coder:7b,1,2,2,yt-dlp/yt-dlp,0,Feature,yt-dlp__yt-dlp-3435,0.0,0.0,0.0,0.0
0.5,0.125,0.125,36,0.5714285714285715,1.0,0.4,0.4,issue_plus_inventory,1.868,5,11,Python,qwen2.5-coder:7b,1,2,2,yt-dlp/yt-dlp,0,Feature,yt-dlp__yt-dlp-3435,0.0,0.0,0.0,0.0
0.5,0.125,0.125,36,0.5714285714285715,1.0,0.4,0.4,issue_plus_hints,1.389,5,11,Python,qwen2.5-coder:7b,1,2,2,yt-dlp/yt-dlp,0,Feature,yt-dlp__yt-dlp-3435,0.0,0.0,0.0,0.0
0.25,0.25,0.5,36,0.4,0.5,0.3333333333333333,0.3333333333333333,issue_only,2.606,3,1,Python,qwen2.5-coder:7b,1,2,2,yt-dlp/yt-dlp,0,Feature,yt-dlp__yt-dlp-4524,0.0,0.0,0.0,0.0
0.2,0.25,0.25,36,0.3333333333333333,0.3333333333333333,0.3333333333333333,0.3333333333333333,issue_plus_inventory,2.058,3,1,Python,qwen2.5-coder:7b,1,3,2,yt-dlp/yt-dlp,0,Feature,yt-dlp__yt-dlp-4524,0.0,0.0,0.0,0.0
0.2,0.25,0.25,36,0.3333333333333333,0.3333333333333333,0.3333333333333333,0.3333333333333333,issue_plus_hints,2.265,3,1,Python,qwen2.5-coder:7b,1,3,2,yt-dlp/yt-dlp,0,Feature,yt-dlp__yt-dlp-4524,0.0,0.0,0.0,0.0
0.0,0.0,0.0,212,0.0,0.0,0.0,0.0,issue_only,1.724,1,1,Python,qwen2.5-coder:7b,1,2,2,huggingface/transformers,0,Feature,huggingface__transformers-19219,0.0,0.0,0.0,0.0
0.0,0.0,1.0,212,0.0,0.0,0.0,0.0,issue_plus_inventory,2.867,1,1,Python,qwen2.5-coder:7b,1,2,2,huggingface/transformers,0,Feature,huggingface__transformers-19219,0.0,0.0,0.0,0.0
0.0,0.0,1.0,212,0.0,0.0,0.0,0.0,issue_plus_hints,2.022,1,1,Python,qwen2.5-coder:7b,1,2,2,huggingface/transformers,0,Feature,huggingface__transformers-19219,0.0,0.0,0.0,0.0
0.3333333333333333,0.5,0.5,212,1.0,1.0,1.0,1.0,issue_only,2.199,1,1,Python,qwen2.5-coder:7b,1,1,2,huggingface/transformers,0,Feature,huggingface__transformers-19590,0.0,0.0,0.0,0.0
0.6666666666666666,1.0,1.0,212,0.6666666666666666,0.5,1.0,1.0,issue_plus_inventory,3.142,1,1,Python,qwen2.5-coder:7b,1,2,1,huggingface/transformers,0,Feature,huggingface__transformers-19590,1.0,1.0,1.0,1.0
0.6666666666666666,1.0,1.0,212,0.6666666666666666,0.5,1.0,1.0,issue_plus_hints,1.595,1,1,Python,qwen2.5-coder:7b,1,2,1,huggingface/transformers,0,Feature,huggingface__transformers-19590,1.0,1.0,1.0,1.0
0.3333333333333333,0.14285714285714285,0.14285714285714285,212,0.28571428571428575,0.5,0.2,0.2,issue_only,2.171,5,2,Python,qwen2.5-coder:7b,1,2,1,huggingface/transformers,0,Feature,huggingface__transformers-20136,0.0,0.0,0.0,0.0
0.4,0.2857142857142857,0.2857142857142857,212,0.5,0.6666666666666666,0.4,0.4,issue_plus_inventory,3.119,5,2,Python,qwen2.5-coder:7b,1,3,2,huggingface/transformers,0,Feature,huggingface__transformers-20136,0.0,0.0,0.0,0.0
0.6666666666666666,0.2857142857142857,0.2857142857142857,212,0.5714285714285715,1.0,0.4,0.4,issue_plus_hints,1.988,5,2,Python,qwen2.5-coder:7b,1,2,1,huggingface/transformers,0,Feature,huggingface__transformers-20136,0.0,0.0,0.0,0.0
0.16666666666666666,0.5,1.0,212,0.5,0.3333333333333333,1.0,1.0,issue_only,2.929,1,1,Python,qwen2.5-coder:7b,1,3,3,huggingface/transformers,0,Feature,huggingface__transformers-21345,0.0,0.0,0.0,0.0
0.125,0.5,1.0,212,0.4,0.25,1.0,1.0,issue_plus_inventory,4.169,1,1,Python,qwen2.5-coder:7b,1,4,4,huggingface/transformers,0,Feature,huggingface__transformers-21345,0.0,0.0,0.0,0.0
0.16666666666666666,0.5,1.0,212,0.5,0.3333333333333333,1.0,1.0,issue_plus_hints,2.16,1,1,Python,qwen2.5-coder:7b,1,3,3,huggingface/transformers,0,Feature,huggingface__transformers-21345,0.0,0.0,0.0,0.0
0.0,0.0,0.0,212,0.0,0.0,0.0,0.0,issue_only,2.178,1,1,Python,qwen2.5-coder:7b,1,2,1,huggingface/transformers,0,Feature,huggingface__transformers-21768,0.0,0.0,0.0,0.0
0.2,0.5,0.5,212,0.5,0.3333333333333333,1.0,1.0,issue_plus_inventory,3.052,1,1,Python,qwen2.5-coder:7b,1,3,2,huggingface/transformers,0,Feature,huggingface__transformers-21768,0.0,0.0,0.0,0.0
0.2,0.5,0.5,212,0.5,0.3333333333333333,1.0,1.0,issue_plus_hints,1.918,1,1,Python,qwen2.5-coder:7b,1,3,2,huggingface/transformers,0,Feature,huggingface__transformers-21768,0.0,0.0,0.0,0.0
0.5,0.5,1.0,212,1.0,1.0,1.0,1.0,issue_only,2.211,1,1,Python,qwen2.5-coder:7b,1,1,1,huggingface/transformers,0,Feature,huggingface__transformers-23126,0.0,0.0,0.0,0.0
0.5,1.0,1.0,212,0.6666666666666666,0.5,1.0,1.0,issue_plus_inventory,3.015,1,1,Python,qwen2.5-coder:7b,1,2,2,huggingface/transformers,0,Feature,huggingface__transformers-23126,0.6666666666666666,0.5,1.0,1.0
0.3333333333333333,0.5,1.0,212,0.6666666666666666,0.5,1.0,1.0,issue_plus_hints,2.087,1,1,Python,qwen2.5-coder:7b,1,2,1,huggingface/transformers,0,Feature,huggingface__transformers-23126,0.0,0.0,0.0,0.0
0.25,0.5,0.5,43,0.6666666666666666,0.5,1.0,1.0,issue_only,1.952,1,1,Python,qwen2.5-coder:7b,1,2,2,langchain-ai/langchain,0,Feature,langchain-ai__langchain-5450,0.0,0.0,0.0,0.0
0.5,1.0,1.0,43,0.6666666666666666,0.5,1.0,1.0,issue_plus_inventory,2.602,1,1,Python,qwen2.5-coder:7b,1,2,2,langchain-ai/langchain,0,Feature,langchain-ai__langchain-5450,0.6666666666666666,0.5,1.0,1.0
0.5,1.0,1.0,43,0.6666666666666666,0.5,1.0,1.0,issue_plus_hints,1.942,1,1,Python,qwen2.5-coder:7b,1,2,2,langchain-ai/langchain,0,Feature,langchain-ai__langchain-5450,0.6666666666666666,0.5,1.0,1.0
0.5,0.08333333333333333,0.16666666666666666,212,0.18181818181818182,1.0,0.1,0.1,issue_only,1.767,10,2,Python,qwen2.5-coder:7b,1,1,1,huggingface/transformers,0,Feature,huggingface__transformers-24510,0.0,0.0,0.0,0.0
0.0,0.0,0.08333333333333333,212,0.0,0.0,0.0,0.0,issue_plus_inventory,2.754,10,2,Python,qwen2.5-coder:7b,1,2,2,huggingface/transformers,0,Feature,huggingface__transformers-24510,0.0,0.0,0.0,0.0
0.0,0.0,0.08333333333333333,212,0.0,0.0,0.0,0.0,issue_plus_hints,1.833,10,2,Python,qwen2.5-coder:7b,1,2,2,huggingface/transformers,0,Feature,huggingface__transformers-24510,0.0,0.0,0.0,0.0
0.3333333333333333,0.5,0.5,212,0.6666666666666666,0.5,1.0,1.0,issue_only,1.408,1,1,Python,qwen2.5-coder:7b,1,2,1,huggingface/transformers,0,Feature,huggingface__transformers-26386,0.0,0.0,0.0,0.0
0.5,1.0,1.0,212,0.6666666666666666,0.5,1.0,1.0,issue_plus_inventory,3.308,1,1,Python,qwen2.5-coder:7b,1,2,2,huggingface/transformers,0,Feature,huggingface__transformers-26386,0.6666666666666666,0.5,1.0,1.0
0.5,1.0,1.0,212,0.6666666666666666,0.5,1.0,1.0,issue_plus_hints,2.012,1,1,Python,qwen2.5-coder:7b,1,2,2,huggingface/transformers,0,Feature,huggingface__transformers-26386,0.6666666666666666,0.5,1.0,1.0
0.5,0.3333333333333333,0.3333333333333333,212,0.6666666666666666,1.0,0.5,0.5,issue_only,2.423,2,1,Python,qwen2.5-coder:7b,1,1,1,huggingface/transformers,0,Feature,huggingface__transformers-26568,0.0,0.0,0.0,0.0
0.6666666666666666,0.6666666666666666,0.6666666666666666,212,0.5,0.5,0.5,0.5,issue_plus_inventory,3.114,2,1,Python,qwen2.5-coder:7b,1,2,1,huggingface/transformers,0,Feature,huggingface__transformers-26568,1.0,1.0,1.0,1.0
0.6666666666666666,0.6666666666666666,0.6666666666666666,212,0.5,0.5,0.5,0.5,issue_plus_hints,1.531,2,1,Python,qwen2.5-coder:7b,1,2,1,huggingface/transformers,0,Feature,huggingface__transformers-26568,1.0,1.0,1.0,1.0
0.0,0.0,0.0,89,0.0,0.0,0.0,0.0,issue_only,1.756,5,1,Python,qwen2.5-coder:7b,1,2,1,keras-team/keras,0,Feature,keras-team__keras-18649,0.0,0.0,0.0,0.0
0.5,0.6666666666666666,1.0,89,0.6666666666666665,0.75,0.6,0.6,issue_plus_inventory,3.146,5,1,Python,qwen2.5-coder:7b,1,4,4,keras-team/keras,0,Feature,keras-team__keras-18649,0.4,0.25,1.0,1.0
0.5,0.6666666666666666,1.0,89,0.6666666666666665,0.75,0.6,0.6,issue_plus_hints,2.428,5,1,Python,qwen2.5-coder:7b,1,4,4,keras-team/keras,0,Feature,keras-team__keras-18649,0.4,0.25,1.0,1.0
0.3333333333333333,0.25,0.25,212,0.4,0.5,0.3333333333333333,0.3333333333333333,issue_only,2.397,3,1,Python,qwen2.5-coder:7b,1,2,1,huggingface/transformers,0,Feature,huggingface__transformers-27463,0.0,0.0,0.0,0.0
0.6666666666666666,0.5,0.5,212,0.4,0.5,0.3333333333333333,0.3333333333333333,issue_plus_inventory,3.01,3,1,Python,qwen2.5-coder:7b,1,2,1,huggingface/transformers,0,Feature,huggingface__transformers-27463,1.0,1.0,1.0,1.0
0.6666666666666666,0.5,0.5,212,0.4,0.5,0.3333333333333333,0.3333333333333333,issue_plus_hints,1.536,3,1,Python,qwen2.5-coder:7b,1,2,1,huggingface/transformers,0,Feature,huggingface__transformers-27463,1.0,1.0,1.0,1.0
0.5,0.25,0.25,212,0.5,1.0,0.3333333333333333,0.3333333333333333,issue_only,1.725,3,1,Python,qwen2.5-coder:7b,1,1,1,huggingface/transformers,0,Feature,huggingface__transformers-27561,0.0,0.0,0.0,0.0
1.0,0.75,0.75,212,0.8,1.0,0.6666666666666666,0.6666666666666666,issue_plus_inventory,3.174,3,1,Python,qwen2.5-coder:7b,1,2,1,huggingface/transformers,0,Feature,huggingface__transformers-27561,1.0,1.0,1.0,1.0
1.0,0.75,0.75,212,0.8,1.0,0.6666666666666666,0.6666666666666666,issue_plus_hints,2.071,3,1,Python,qwen2.5-coder:7b,1,2,1,huggingface/transformers,0,Feature,huggingface__transformers-27561,1.0,1.0,1.0,1.0
0.25,0.25,0.5,212,0.4,0.5,0.3333333333333333,0.3333333333333333,issue_only,2.844,3,1,Python,qwen2.5-coder:7b,1,2,2,huggingface/transformers,0,Feature,huggingface__transformers-27717,0.0,0.0,0.0,0.0
1.0,0.75,0.75,212,0.8,1.0,0.6666666666666666,0.6666666666666666,issue_plus_inventory,3.478,3,1,Python,qwen2.5-coder:7b,1,2,1,huggingface/transformers,0,Feature,huggingface__transformers-27717,1.0,1.0,1.0,1.0
1.0,0.75,0.75,212,0.8,1.0,0.6666666666666666,0.6666666666666666,issue_plus_hints,1.966,3,1,Python,qwen2.5-coder:7b,1,2,1,huggingface/transformers,0,Feature,huggingface__transformers-27717,1.0,1.0,1.0,1.0
0.0,0.0,0.14285714285714285,89,0.0,0.0,0.0,0.0,issue_only,1.965,4,3,Python,qwen2.5-coder:7b,1,2,1,keras-team/keras,0,Feature,keras-team__keras-18852,0.0,0.0,0.0,0.0
0.1,0.14285714285714285,0.14285714285714285,89,0.22222222222222224,0.2,0.25,0.25,issue_plus_inventory,3.794,4,3,Python,qwen2.5-coder:7b,1,5,5,keras-team/keras,0,Feature,keras-team__keras-18852,0.0,0.0,0.0,0.0
0.1,0.14285714285714285,0.2857142857142857,89,0.22222222222222224,0.2,0.25,0.25,issue_plus_hints,3.055,4,3,Python,qwen2.5-coder:7b,1,5,5,keras-team/keras,0,Feature,keras-team__keras-18852,0.0,0.0,0.0,0.0
0.0,0.0,0.14285714285714285,36,0.0,0.0,0.0,0.0,issue_only,2.637,5,2,Python,qwen2.5-coder:7b,1,2,2,yt-dlp/yt-dlp,0,Feature,yt-dlp__yt-dlp-8917,0.0,0.0,0.0,0.0
0.5,0.2857142857142857,0.2857142857142857,36,0.28571428571428575,0.5,0.2,0.2,issue_plus_inventory,1.832,5,2,Python,qwen2.5-coder:7b,1,2,2,yt-dlp/yt-dlp,0,Feature,yt-dlp__yt-dlp-8917,0.5,0.5,0.5,0.5
0.6666666666666666,0.2857142857142857,0.2857142857142857,36,0.28571428571428575,0.5,0.2,0.2,issue_plus_hints,1.864,5,2,Python,qwen2.5-coder:7b,1,2,1,yt-dlp/yt-dlp,0,Feature,yt-dlp__yt-dlp-8917,0.6666666666666666,1.0,0.5,0.5
0.5,0.5,0.5,212,1.0,1.0,1.0,1.0,issue_only,1.972,1,1,Python,qwen2.5-coder:7b,1,1,1,huggingface/transformers,0,Feature,huggingface__transformers-28517,0.0,0.0,0.0,0.0
1.0,1.0,1.0,212,1.0,1.0,1.0,1.0,issue_plus_inventory,3.076,1,1,Python,qwen2.5-coder:7b,1,1,1,huggingface/transformers,0,Feature,huggingface__transformers-28517,1.0,1.0,1.0,1.0
1.0,1.0,1.0,212,1.0,1.0,1.0,1.0,issue_plus_hints,1.709,1,1,Python,qwen2.5-coder:7b,1,1,1,huggingface/transformers,0,Feature,huggingface__transformers-28517,1.0,1.0,1.0,1.0
0.0,0.0,0.0,212,0.0,0.0,0.0,0.0,issue_only,1.852,1,1,Python,qwen2.5-coder:7b,1,2,2,huggingface/transformers,0,Feature,huggingface__transformers-28940,0.0,0.0,0.0,0.0
0.0,0.0,0.0,212,0.0,0.0,0.0,0.0,issue_plus_inventory,2.963,1,1,Python,qwen2.5-coder:7b,1,3,2,huggingface/transformers,0,Feature,huggingface__transformers-28940,0.0,0.0,0.0,0.0
0.0,0.0,0.0,212,0.0,0.0,0.0,0.0,issue_plus_hints,1.972,1,1,Python,qwen2.5-coder:7b,1,3,2,huggingface/transformers,0,Feature,huggingface__transformers-28940,0.0,0.0,0.0,0.0
0.25,0.2,0.4,212,0.4,0.5,0.3333333333333333,0.3333333333333333,issue_only,2.282,3,2,Python,qwen2.5-coder:7b,1,2,2,huggingface/transformers,0,Feature,huggingface__transformers-29589,0.0,0.0,0.0,0.0
0.5,0.4,0.4,212,0.4,0.5,0.3333333333333333,0.3333333333333333,issue_plus_inventory,3.14,3,2,Python,qwen2.5-coder:7b,1,2,2,huggingface/transformers,0,Feature,huggingface__transformers-29589,0.5,0.5,0.5,0.5
0.75,0.6,0.6,212,0.8,1.0,0.6666666666666666,0.6666666666666666,issue_plus_hints,2.202,3,2,Python,qwen2.5-coder:7b,1,2,2,huggingface/transformers,0,Feature,huggingface__transformers-29589,0.5,0.5,0.5,0.5
0.3333333333333333,0.5,0.5,212,0.6666666666666666,0.5,1.0,1.0,issue_only,2.003,1,1,Python,qwen2.5-coder:7b,1,2,1,huggingface/transformers,0,Feature,huggingface__transformers-29688,0.0,0.0,0.0,0.0
0.2,0.5,0.5,212,0.5,0.3333333333333333,1.0,1.0,issue_plus_inventory,3.232,1,1,Python,qwen2.5-coder:7b,1,3,2,huggingface/transformers,0,Feature,huggingface__transformers-29688,0.0,0.0,0.0,0.0
0.2,0.5,0.5,212,0.5,0.3333333333333333,1.0,1.0,issue_plus_hints,1.778,1,1,Python,qwen2.5-coder:7b,1,3,2,huggingface/transformers,0,Feature,huggingface__transformers-29688,0.0,0.0,0.0,0.0
0.3333333333333333,0.5,0.5,43,0.6666666666666666,0.5,1.0,1.0,issue_only,2.027,1,1,Python,qwen2.5-coder:7b,1,2,1,langchain-ai/langchain,0,Feature,langchain-ai__langchain-19331,0.0,0.0,0.0,0.0
0.5,1.0,1.0,43,0.6666666666666666,0.5,1.0,1.0,issue_plus_inventory,2.356,1,1,Python,qwen2.5-coder:7b,1,2,2,langchain-ai/langchain,0,Feature,langchain-ai__langchain-19331,0.6666666666666666,0.5,1.0,1.0
0.5,1.0,1.0,43,0.6666666666666666,0.5,1.0,1.0,issue_plus_hints,1.702,1,1,Python,qwen2.5-coder:7b,1,2,2,langchain-ai/langchain,0,Feature,langchain-ai__langchain-19331,0.6666666666666666,0.5,1.0,1.0
0.3333333333333333,0.5,1.0,212,0.6666666666666666,0.5,1.0,1.0,issue_only,1.64,1,1,Python,qwen2.5-coder:7b,1,2,1,huggingface/transformers,0,Feature,huggingface__transformers-29838,0.0,0.0,0.0,0.0
0.5,1.0,1.0,212,0.6666666666666666,0.5,1.0,1.0,issue_plus_inventory,2.711,1,1,Python,qwen2.5-coder:7b,1,2,2,huggingface/transformers,0,Feature,huggingface__transformers-29838,0.6666666666666666,0.5,1.0,1.0
0.5,1.0,1.0,212,0.6666666666666666,0.5,1.0,1.0,issue_plus_hints,1.611,1,1,Python,qwen2.5-coder:7b,1,2,2,huggingface/transformers,0,Feature,huggingface__transformers-29838,0.6666666666666666,0.5,1.0,1.0
0.3333333333333333,0.3333333333333333,0.3333333333333333,212,0.5,0.5,0.5,0.5,issue_only,1.981,2,1,Python,qwen2.5-coder:7b,1,2,1,huggingface/transformers,0,Feature,huggingface__transformers-31095,0.0,0.0,0.0,0.0
1.0,1.0,1.0,212,1.0,1.0,1.0,1.0,issue_plus_inventory,2.825,2,1,Python,qwen2.5-coder:7b,1,2,1,huggingface/transformers,0,Feature,huggingface__transformers-31095,1.0,1.0,1.0,1.0
1.0,1.0,1.0,212,1.0,1.0,1.0,1.0,issue_plus_hints,1.488,2,1,Python,qwen2.5-coder:7b,1,2,1,huggingface/transformers,0,Feature,huggingface__transformers-31095,1.0,1.0,1.0,1.0
0.25,0.25,0.5,212,0.4,0.5,0.3333333333333333,0.3333333333333333,issue_only,1.666,3,1,Python,qwen2.5-coder:7b,1,2,2,huggingface/transformers,0,Feature,huggingface__transformers-31247,0.0,0.0,0.0,0.0
0.5,0.5,0.5,212,0.4,0.5,0.3333333333333333,0.3333333333333333,issue_plus_inventory,2.844,3,1,Python,qwen2.5-coder:7b,1,2,2,huggingface/transformers,0,Feature,huggingface__transformers-31247,0.6666666666666666,0.5,1.0,1.0
0.5,0.5,0.5,212,0.4,0.5,0.3333333333333333,0.3333333333333333,issue_plus_hints,1.518,3,1,Python,qwen2.5-coder:7b,1,2,2,huggingface/transformers,0,Feature,huggingface__transformers-31247,0.6666666666666666,0.5,1.0,1.0
0.0,0.0,0.0,89,0.0,0.0,0.0,0.0,issue_only,1.674,7,1,Python,qwen2.5-coder:7b,1,2,2,keras-team/keras,0,Feature,keras-team__keras-19903,0.0,0.0,0.0,0.0
0.0,0.0,0.625,89,0.0,0.0,0.0,0.0,issue_plus_inventory,2.833,7,1,Python,qwen2.5-coder:7b,1,4,2,keras-team/keras,0,Feature,keras-team__keras-19903,0.0,0.0,0.0,0.0
0.16666666666666666,0.125,0.625,89,0.18181818181818182,0.25,0.14285714285714285,0.14285714285714285,issue_plus_hints,2.273,7,1,Python,qwen2.5-coder:7b,1,4,2,keras-team/keras,0,Feature,keras-team__keras-19903,0.0,0.0,0.0,0.0
0.0,0.0,0.0,28,0.0,0.0,0.0,0.0,issue_only,2.725,2,3,TypeScript,qwen2.5-coder:7b,1,2,2,tailwindlabs/tailwindcss,0,Feature,tailwindlabs__tailwindcss-88,0.0,0.0,0.0,0.0
0.0,0.0,0.0,28,0.0,0.0,0.0,0.0,issue_plus_inventory,2.028,2,3,TypeScript,qwen2.5-coder:7b,1,3,2,tailwindlabs/tailwindcss,0,Feature,tailwindlabs__tailwindcss-88,0.0,0.0,0.0,0.0
0.0,0.0,0.0,28,0.0,0.0,0.0,0.0,issue_plus_hints,2.125,2,3,TypeScript,qwen2.5-coder:7b,1,3,2,tailwindlabs/tailwindcss,0,Feature,tailwindlabs__tailwindcss-88,0.0,0.0,0.0,0.0
0.0,0.0,0.5,28,0.0,0.0,0.0,0.0,issue_only,1.823,1,1,TypeScript,qwen2.5-coder:7b,1,2,1,tailwindlabs/tailwindcss,0,Feature,tailwindlabs__tailwindcss-165,0.0,0.0,0.0,0.0
0.25,0.5,0.5,28,0.6666666666666666,0.5,1.0,1.0,issue_plus_inventory,1.865,1,1,TypeScript,qwen2.5-coder:7b,1,2,2,tailwindlabs/tailwindcss,0,Feature,tailwindlabs__tailwindcss-165,0.0,0.0,0.0,0.0
0.25,0.5,0.5,28,0.6666666666666666,0.5,1.0,1.0,issue_plus_hints,1.92,1,1,TypeScript,qwen2.5-coder:7b,1,2,2,tailwindlabs/tailwindcss,0,Feature,tailwindlabs__tailwindcss-165,0.0,0.0,0.0,0.0
0.0,0.0,0.0,28,0.0,0.0,0.0,0.0,issue_only,1.748,1,1,TypeScript,qwen2.5-coder:7b,1,2,2,tailwindlabs/tailwindcss,0,Feature,tailwindlabs__tailwindcss-236,0.0,0.0,0.0,0.0
0.16666666666666666,0.5,0.5,28,0.5,0.3333333333333333,1.0,1.0,issue_plus_inventory,2.462,1,1,TypeScript,qwen2.5-coder:7b,1,3,3,tailwindlabs/tailwindcss,0,Feature,tailwindlabs__tailwindcss-236,0.0,0.0,0.0,0.0
0.25,0.5,0.5,28,0.6666666666666666,0.5,1.0,1.0,issue_plus_hints,1.634,1,1,TypeScript,qwen2.5-coder:7b,1,2,2,tailwindlabs/tailwindcss,0,Feature,tailwindlabs__tailwindcss-236,0.0,0.0,0.0,0.0
0.0,0.0,0.0,28,0.0,0.0,0.0,0.0,issue_only,1.966,1,1,TypeScript,qwen2.5-coder:7b,1,2,2,tailwindlabs/tailwindcss,0,Feature,tailwindlabs__tailwindcss-417,0.0,0.0,0.0,0.0
0.3333333333333333,1.0,1.0,28,0.5,0.3333333333333333,1.0,1.0,issue_plus_inventory,2.212,1,1,TypeScript,qwen2.5-coder:7b,1,3,3,tailwindlabs/tailwindcss,0,Feature,tailwindlabs__tailwindcss-417,0.5,0.3333333333333333,1.0,1.0
0.2,1.0,1.0,28,0.33333333333333337,0.2,1.0,1.0,issue_plus_hints,2.621,1,1,TypeScript,qwen2.5-coder:7b,1,5,5,tailwindlabs/tailwindcss,0,Feature,tailwindlabs__tailwindcss-417,0.33333333333333337,0.2,1.0,1.0
0.0,0.0,0.0,28,0.0,0.0,0.0,0.0,issue_only,1.534,1,1,TypeScript,qwen2.5-coder:7b,1,2,2,tailwindlabs/tailwindcss,0,Feature,tailwindlabs__tailwindcss-445,0.0,0.0,0.0,0.0
0.16666666666666666,0.5,0.5,28,0.5,0.3333333333333333,1.0,1.0,issue_plus_inventory,2.083,1,1,TypeScript,qwen2.5-coder:7b,1,3,3,tailwindlabs/tailwindcss,0,Feature,tailwindlabs__tailwindcss-445,0.0,0.0,0.0,0.0
0.16666666666666666,0.5,0.5,28,0.5,0.3333333333333333,1.0,1.0,issue_plus_hints,2.123,1,1,TypeScript,qwen2.5-coder:7b,1,3,3,tailwindlabs/tailwindcss,0,Feature,tailwindlabs__tailwindcss-445,0.0,0.0,0.0,0.0
0.0,0.0,0.0,28,0.0,0.0,0.0,0.0,issue_only,1.572,2,1,TypeScript,qwen2.5-coder:7b,1,2,2,tailwindlabs/tailwindcss,0,Feature,tailwindlabs__tailwindcss-463,0.0,0.0,0.0,0.0
0.2,0.6666666666666666,0.6666666666666666,28,0.28571428571428575,0.2,0.5,0.5,issue_plus_inventory,2.78,2,1,TypeScript,qwen2.5-coder:7b,1,5,5,tailwindlabs/tailwindcss,0,Feature,tailwindlabs__tailwindcss-463,0.33333333333333337,0.2,1.0,1.0
0.5,0.6666666666666666,0.6666666666666666,28,0.5,0.5,0.5,0.5,issue_plus_hints,1.894,2,1,TypeScript,qwen2.5-coder:7b,1,2,2,tailwindlabs/tailwindcss,0,Feature,tailwindlabs__tailwindcss-463,0.6666666666666666,0.5,1.0,1.0
0.0,0.0,0.0,407,0.0,0.0,0.0,0.0,issue_only,2.45,3,1,TypeScript,qwen2.5-coder:7b,1,2,2,mui/material-ui,0,Feature,mui__material-ui-11446,0.0,0.0,0.0,0.0
0.5,0.5,0.5,407,0.4,0.5,0.3333333333333333,0.3333333333333333,issue_plus_inventory,3.052,3,1,TypeScript,qwen2.5-coder:7b,1,2,2,mui/material-ui,0,Feature,mui__material-ui-11446,0.6666666666666666,0.5,1.0,1.0
0.5,0.5,0.5,407,0.4,0.5,0.3333333333333333,0.3333333333333333,issue_plus_hints,2.292,3,1,TypeScript,qwen2.5-coder:7b,1,2,2,mui/material-ui,0,Feature,mui__material-ui-11446,0.6666666666666666,0.5,1.0,1.0
0.3333333333333333,0.5,0.5,28,1.0,1.0,1.0,1.0,issue_only,2.102,1,1,TypeScript,qwen2.5-coder:7b,1,1,2,tailwindlabs/tailwindcss,0,Feature,tailwindlabs__tailwindcss-553,0.0,0.0,0.0,0.0
0.6666666666666666,1.0,1.0,28,1.0,1.0,1.0,1.0,issue_plus_inventory,2.18,1,1,TypeScript,qwen2.5-coder:7b,1,1,2,tailwindlabs/tailwindcss,0,Feature,tailwindlabs__tailwindcss-553,0.6666666666666666,0.5,1.0,1.0
0.5,1.0,1.0,28,0.6666666666666666,0.5,1.0,1.0,issue_plus_hints,1.54,1,1,TypeScript,qwen2.5-coder:7b,1,2,2,tailwindlabs/tailwindcss,0,Feature,tailwindlabs__tailwindcss-553,0.6666666666666666,0.5,1.0,1.0
0.0,0.0,0.25,407,0.0,0.0,0.0,0.0,issue_only,2.109,3,1,TypeScript,qwen2.5-coder:7b,1,2,1,mui/material-ui,0,Feature,mui__material-ui-13828,0.0,0.0,0.0,0.0
0.0,0.0,0.0,407,0.0,0.0,0.0,0.0,issue_plus_inventory,3.02,3,1,TypeScript,qwen2.5-coder:7b,1,2,2,mui/material-ui,0,Feature,mui__material-ui-13828,0.0,0.0,0.0,0.0
0.5,0.5,0.5,407,0.4,0.5,0.3333333333333333,0.3333333333333333,issue_plus_hints,1.982,3,1,TypeScript,qwen2.5-coder:7b,1,2,2,mui/material-ui,0,Feature,mui__material-ui-13828,0.6666666666666666,0.5,1.0,1.0
0.25,0.14285714285714285,0.2857142857142857,407,0.28571428571428575,0.5,0.2,0.2,issue_only,1.87,5,2,TypeScript,qwen2.5-coder:7b,1,2,2,mui/material-ui,0,Feature,mui__material-ui-13899,0.0,0.0,0.0,0.0
0.0,0.0,0.0,407,0.0,0.0,0.0,0.0,issue_plus_inventory,3.056,5,2,TypeScript,qwen2.5-coder:7b,1,3,2,mui/material-ui,0,Feature,mui__material-ui-13899,0.0,0.0,0.0,0.0
0.0,0.0,0.0,407,0.0,0.0,0.0,0.0,issue_plus_hints,2.286,5,2,TypeScript,qwen2.5-coder:7b,1,3,3,mui/material-ui,0,Feature,mui__material-ui-13899,0.0,0.0,0.0,0.0
0.0,0.0,0.0,407,0.0,0.0,0.0,0.0,issue_only,2.781,10,3,TypeScript,qwen2.5-coder:7b,1,3,3,mui/material-ui,0,Feature,mui__material-ui-14465,0.0,0.0,0.0,0.0
0.0,0.0,0.0,407,0.0,0.0,0.0,0.0,issue_plus_inventory,3.363,10,3,TypeScript,qwen2.5-coder:7b,1,2,2,mui/material-ui,0,Feature,mui__material-ui-14465,0.0,0.0,0.0,0.0
0.0,0.0,0.0,407,0.0,0.0,0.0,0.0,issue_plus_hints,2.193,10,3,TypeScript,qwen2.5-coder:7b,1,2,2,mui/material-ui,0,Feature,mui__material-ui-14465,0.0,0.0,0.0,0.0
0.0,0.0,0.0,28,0.0,0.0,0.0,0.0,issue_only,1.923,1,1,TypeScript,qwen2.5-coder:7b,1,2,2,tailwindlabs/tailwindcss,0,Feature,tailwindlabs__tailwindcss-849,0.0,0.0,0.0,0.0
0.5,1.0,1.0,28,0.6666666666666666,0.5,1.0,1.0,issue_plus_inventory,1.931,1,1,TypeScript,qwen2.5-coder:7b,1,2,2,tailwindlabs/tailwindcss,0,Feature,tailwindlabs__tailwindcss-849,0.6666666666666666,0.5,1.0,1.0
0.5,1.0,1.0,28,0.6666666666666666,0.5,1.0,1.0,issue_plus_hints,1.511,1,1,TypeScript,qwen2.5-coder:7b,1,2,2,tailwindlabs/tailwindcss,0,Feature,tailwindlabs__tailwindcss-849,0.6666666666666666,0.5,1.0,1.0
0.0,0.0,0.0,407,0.0,0.0,0.0,0.0,issue_only,2.238,3,1,TypeScript,qwen2.5-coder:7b,1,2,1,mui/material-ui,0,Feature,mui__material-ui-15495,0.0,0.0,0.0,0.0
0.2,0.25,0.25,407,0.0,0.0,0.0,0.0,issue_plus_inventory,3.261,3,1,TypeScript,qwen2.5-coder:7b,1,3,2,mui/material-ui,0,Feature,mui__material-ui-15495,0.0,0.0,0.0,0.0
0.2,0.25,0.25,407,0.0,0.0,0.0,0.0,issue_plus_hints,2.616,3,1,TypeScript,qwen2.5-coder:7b,1,3,2,mui/material-ui,0,Feature,mui__material-ui-15495,0.0,0.0,0.0,0.0
0.0,0.0,0.0,407,0.0,0.0,0.0,0.0,issue_only,1.64,1,1,TypeScript,qwen2.5-coder:7b,1,2,2,mui/material-ui,0,Feature,mui__material-ui-17005,0.0,0.0,0.0,0.0
0.5,1.0,1.0,407,0.6666666666666666,0.5,1.0,1.0,issue_plus_inventory,2.93,1,1,TypeScript,qwen2.5-coder:7b,1,2,2,mui/material-ui,0,Feature,mui__material-ui-17005,0.6666666666666666,0.5,1.0,1.0
0.5,1.0,1.0,407,0.6666666666666666,0.5,1.0,1.0,issue_plus_hints,2.229,1,1,TypeScript,qwen2.5-coder:7b,1,2,2,mui/material-ui,0,Feature,mui__material-ui-17005,0.6666666666666666,0.5,1.0,1.0
0.0,0.0,0.2,407,0.0,0.0,0.0,0.0,issue_only,1.958,3,2,TypeScript,qwen2.5-coder:7b,1,2,2,mui/material-ui,0,Feature,mui__material-ui-17640,0.0,0.0,0.0,0.0
0.5,0.4,0.4,407,0.4,0.5,0.3333333333333333,0.3333333333333333,issue_plus_inventory,3.038,3,2,TypeScript,qwen2.5-coder:7b,1,2,2,mui/material-ui,0,Feature,mui__material-ui-17640,0.5,0.5,0.5,0.5
0.5,0.4,0.4,407,0.4,0.5,0.3333333333333333,0.3333333333333333,issue_plus_hints,2.016,3,2,TypeScript,qwen2.5-coder:7b,1,2,2,mui/material-ui,0,Feature,mui__material-ui-17640,0.5,0.5,0.5,0.5
0.6666666666666666,0.2222222222222222,0.3333333333333333,407,0.5714285714285715,1.0,0.4,0.4,issue_only,1.924,5,4,TypeScript,qwen2.5-coder:7b,1,2,1,mui/material-ui,0,Feature,mui__material-ui-17691,0.0,0.0,0.0,0.0
0.75,0.3333333333333333,0.3333333333333333,407,0.5714285714285715,1.0,0.4,0.4,issue_plus_inventory,3.06,5,4,TypeScript,qwen2.5-coder:7b,1,2,2,mui/material-ui,0,Feature,mui__material-ui-17691,0.3333333333333333,0.5,0.25,0.25
0.5,0.3333333333333333,0.3333333333333333,407,0.5,0.6666666666666666,0.4,0.4,issue_plus_hints,2.692,5,4,TypeScript,qwen2.5-coder:7b,1,3,3,mui/material-ui,0,Feature,mui__material-ui-17691,0.28571428571428575,0.3333333333333333,0.25,0.25
0.0,0.0,0.3333333333333333,407,0.0,0.0,0.0,0.0,issue_only,2.019,2,1,TypeScript,qwen2.5-coder:7b,1,2,2,mui/material-ui,0,Feature,mui__material-ui-17829,0.0,0.0,0.0,0.0
0.5,0.6666666666666666,0.6666666666666666,407,0.5,0.5,0.5,0.5,issue_plus_inventory,2.943,2,1,TypeScript,qwen2.5-coder:7b,1,2,2,mui/material-ui,0,Feature,mui__material-ui-17829,0.6666666666666666,0.5,1.0,1.0
0.5,0.6666666666666666,0.6666666666666666,407,0.5,0.5,0.5,0.5,issue_plus_hints,1.616,2,1,TypeScript,qwen2.5-coder:7b,1,2,2,mui/material-ui,0,Feature,mui__material-ui-17829,0.6666666666666666,0.5,1.0,1.0
0.0,0.0,0.14285714285714285,407,0.0,0.0,0.0,0.0,issue_only,1.685,6,1,TypeScript,qwen2.5-coder:7b,1,2,2,mui/material-ui,0,Feature,mui__material-ui-18744,0.0,0.0,0.0,0.0
0.16666666666666666,0.14285714285714285,0.14285714285714285,407,0.0,0.0,0.0,0.0,issue_plus_inventory,3.441,6,1,TypeScript,qwen2.5-coder:7b,1,3,3,mui/material-ui,0,Feature,mui__material-ui-18744,0.5,0.3333333333333333,1.0,1.0
0.75,0.42857142857142855,0.42857142857142855,407,0.5,1.0,0.3333333333333333,0.3333333333333333,issue_plus_hints,2.127,6,1,TypeScript,qwen2.5-coder:7b,1,2,2,mui/material-ui,0,Feature,mui__material-ui-18744,0.6666666666666666,0.5,1.0,1.0
0.5,0.18181818181818182,0.18181818181818182,407,0.0,0.0,0.0,0.0,issue_only,2.354,9,2,TypeScript,qwen2.5-coder:7b,1,2,2,mui/material-ui,0,Feature,mui__material-ui-20133,1.0,1.0,1.0,1.0
0.0,0.0,0.36363636363636365,407,0.0,0.0,0.0,0.0,issue_plus_inventory,3.149,9,2,TypeScript,qwen2.5-coder:7b,1,2,2,mui/material-ui,0,Feature,mui__material-ui-20133,0.0,0.0,0.0,0.0
0.0,0.0,0.36363636363636365,407,0.0,0.0,0.0,0.0,issue_plus_hints,1.888,9,2,TypeScript,qwen2.5-coder:7b,1,2,2,mui/material-ui,0,Feature,mui__material-ui-20133,0.0,0.0,0.0,0.0
0.25,0.25,0.75,407,0.4,0.5,0.3333333333333333,0.3333333333333333,issue_only,2.262,3,1,TypeScript,qwen2.5-coder:7b,1,2,2,mui/material-ui,0,Feature,mui__material-ui-20781,0.0,0.0,0.0,0.0
0.75,0.75,0.75,407,0.8,1.0,0.6666666666666666,0.6666666666666666,issue_plus_inventory,2.897,3,1,TypeScript,qwen2.5-coder:7b,1,2,2,mui/material-ui,0,Feature,mui__material-ui-20781,0.6666666666666666,0.5,1.0,1.0
0.75,0.75,0.75,407,0.8,1.0,0.6666666666666666,0.6666666666666666,issue_plus_hints,1.938,3,1,TypeScript,qwen2.5-coder:7b,1,2,2,mui/material-ui,0,Feature,mui__material-ui-20781,0.6666666666666666,0.5,1.0,1.0
0.3333333333333333,0.16666666666666666,0.3333333333333333,407,0.3333333333333333,0.5,0.25,0.25,issue_only,2.426,4,2,TypeScript,qwen2.5-coder:7b,1,2,1,mui/material-ui,0,Feature,mui__material-ui-21192,0.0,0.0,0.0,0.0
0.25,0.16666666666666666,0.16666666666666666,407,0.3333333333333333,0.5,0.25,0.25,issue_plus_inventory,2.983,4,2,TypeScript,qwen2.5-coder:7b,1,2,2,mui/material-ui,0,Feature,mui__material-ui-21192,0.0,0.0,0.0,0.0
0.25,0.16666666666666666,0.16666666666666666,407,0.3333333333333333,0.5,0.25,0.25,issue_plus_hints,2.208,4,2,TypeScript,qwen2.5-coder:7b,1,2,2,mui/material-ui,0,Feature,mui__material-ui-21192,0.0,0.0,0.0,0.0
0.0,0.0,0.0,407,0.0,0.0,0.0,0.0,issue_only,2.395,3,4,TypeScript,qwen2.5-coder:7b,1,2,2,mui/material-ui,0,Feature,mui__material-ui-23364,0.0,0.0,0.0,0.0
0.0,0.0,0.0,407,0.0,0.0,0.0,0.0,issue_plus_inventory,2.928,3,4,TypeScript,qwen2.5-coder:7b,1,2,2,mui/material-ui,0,Feature,mui__material-ui-23364,0.0,0.0,0.0,0.0
0.0,0.0,0.0,407,0.0,0.0,0.0,0.0,issue_plus_hints,2.087,3,4,TypeScript,qwen2.5-coder:7b,1,2,2,mui/material-ui,0,Feature,mui__material-ui-23364,0.0,0.0,0.0,0.0
0.0,0.0,0.0,133,0.0,0.0,0.0,0.0,issue_only,2.422,1,1,TypeScript,qwen2.5-coder:7b,1,2,2,microsoft/vscode,0,Feature,microsoft__vscode-114208,0.0,0.0,0.0,0.0
0.5,1.0,1.0,133,0.6666666666666666,0.5,1.0,1.0,issue_plus_inventory,3.458,1,1,TypeScript,qwen2.5-coder:7b,1,2,2,microsoft/vscode,0,Feature,microsoft__vscode-114208,0.6666666666666666,0.5,1.0,1.0
0.5,1.0,1.0,133,0.6666666666666666,0.5,1.0,1.0,issue_plus_hints,2.282,1,1,TypeScript,qwen2.5-coder:7b,1,2,2,microsoft/vscode,0,Feature,microsoft__vscode-114208,0.6666666666666666,0.5,1.0,1.0
0.0,0.0,0.09090909090909091,407,0.0,0.0,0.0,0.0,issue_only,2.156,6,5,TypeScript,qwen2.5-coder:7b,1,2,2,mui/material-ui,0,Feature,mui__material-ui-26746,0.0,0.0,0.0,0.0
0.3333333333333333,0.18181818181818182,0.2727272727272727,407,0.2222222222222222,0.3333333333333333,0.16666666666666666,0.16666666666666666,issue_plus_inventory,3.196,6,5,TypeScript,qwen2.5-coder:7b,1,3,3,mui/material-ui,0,Feature,mui__material-ui-26746,0.25,0.3333333333333333,0.2,0.2
0.3333333333333333,0.18181818181818182,0.2727272727272727,407,0.2222222222222222,0.3333333333333333,0.16666666666666666,0.16666666666666666,issue_plus_hints,2.716,6,5,TypeScript,qwen2.5-coder:7b,1,3,3,mui/material-ui,0,Feature,mui__material-ui-26746,0.25,0.3333333333333333,0.2,0.2
0.0,0.0,0.0,133,0.0,0.0,0.0,0.0,issue_only,2.161,2,1,TypeScript,qwen2.5-coder:7b,1,2,2,microsoft/vscode,0,Feature,microsoft__vscode-127257,0.0,0.0,0.0,0.0
0.5,0.6666666666666666,0.6666666666666666,133,0.5,0.5,0.5,0.5,issue_plus_inventory,3.487,2,1,TypeScript,qwen2.5-coder:7b,1,2,2,microsoft/vscode,0,Feature,microsoft__vscode-127257,0.6666666666666666,0.5,1.0,1.0
0.5,0.6666666666666666,0.6666666666666666,133,0.5,0.5,0.5,0.5,issue_plus_hints,1.823,2,1,TypeScript,qwen2.5-coder:7b,1,2,2,microsoft/vscode,0,Feature,microsoft__vscode-127257,0.6666666666666666,0.5,1.0,1.0
0.0,0.0,0.0,133,0.0,0.0,0.0,0.0,issue_only,2.311,2,1,TypeScript,qwen2.5-coder:7b,1,2,2,microsoft/vscode,0,Feature,microsoft__vscode-128931,0.0,0.0,0.0,0.0
0.75,1.0,1.0,133,1.0,1.0,1.0,1.0,issue_plus_inventory,3.496,2,1,TypeScript,qwen2.5-coder:7b,1,2,2,microsoft/vscode,0,Feature,microsoft__vscode-128931,0.6666666666666666,0.5,1.0,1.0
0.75,1.0,1.0,133,1.0,1.0,1.0,1.0,issue_plus_hints,1.798,2,1,TypeScript,qwen2.5-coder:7b,1,2,2,microsoft/vscode,0,Feature,microsoft__vscode-128931,0.6666666666666666,0.5,1.0,1.0
0.0,0.0,0.0,407,0.0,0.0,0.0,0.0,issue_only,2.394,3,1,TypeScript,qwen2.5-coder:7b,1,2,2,mui/material-ui,0,Feature,mui__material-ui-28813,0.0,0.0,0.0,0.0
0.4,0.5,0.5,407,0.3333333333333333,0.3333333333333333,0.3333333333333333,0.3333333333333333,issue_plus_inventory,3.106,3,1,TypeScript,qwen2.5-coder:7b,1,3,2,mui/material-ui,0,Feature,mui__material-ui-28813,0.6666666666666666,0.5,1.0,1.0
0.5,0.5,0.5,407,0.4,0.5,0.3333333333333333,0.3333333333333333,issue_plus_hints,1.857,3,1,TypeScript,qwen2.5-coder:7b,1,2,2,mui/material-ui,0,Feature,mui__material-ui-28813,0.6666666666666666,0.5,1.0,1.0
0.0,0.0,0.0,27,0.0,0.0,0.0,0.0,issue_only,1.613,7,1,TypeScript,qwen2.5-coder:7b,1,3,3,coder/code-server,0,Feature,coder__code-server-4597,0.0,0.0,0.0,0.0
0.0,0.0,0.0,27,0.0,0.0,0.0,0.0,issue_plus_inventory,2.372,7,1,TypeScript,qwen2.5-coder:7b,1,5,5,coder/code-server,0,Feature,coder__code-server-4597,0.0,0.0,0.0,0.0
0.0,0.0,0.0,27,0.0,0.0,0.0,0.0,issue_plus_hints,2.56,7,1,TypeScript,qwen2.5-coder:7b,1,5,5,coder/code-server,0,Feature,coder__code-server-4597,0.0,0.0,0.0,0.0
0.0,0.0,0.0,27,0.0,0.0,0.0,0.0,issue_only,1.584,12,4,TypeScript,qwen2.5-coder:7b,1,3,3,coder/code-server,0,Feature,coder__code-server-4678,0.0,0.0,0.0,0.0
0.2,0.125,0.125,27,0.0,0.0,0.0,0.0,issue_plus_inventory,2.412,12,4,TypeScript,qwen2.5-coder:7b,1,5,5,coder/code-server,0,Feature,coder__code-server-4678,0.4444444444444445,0.4,0.5,0.5
0.2,0.125,0.125,27,0.0,0.0,0.0,0.0,issue_plus_hints,2.066,12,4,TypeScript,qwen2.5-coder:7b,1,5,5,coder/code-server,0,Feature,coder__code-server-4678,0.4444444444444445,0.4,0.5,0.5
0.0,0.0,0.0,27,0.0,0.0,0.0,0.0,issue_only,1.705,2,2,TypeScript,qwen2.5-coder:7b,1,3,2,coder/code-server,0,Feature,coder__code-server-4923,0.0,0.0,0.0,0.0
1.0,1.0,1.0,27,1.0,1.0,1.0,1.0,issue_plus_inventory,1.623,2,2,TypeScript,qwen2.5-coder:7b,1,2,2,coder/code-server,0,Feature,coder__code-server-4923,1.0,1.0,1.0,1.0
1.0,1.0,1.0,27,1.0,1.0,1.0,1.0,issue_plus_hints,1.796,2,2,TypeScript,qwen2.5-coder:7b,1,2,2,coder/code-server,0,Feature,coder__code-server-4923,1.0,1.0,1.0,1.0
0.0,0.0,0.0,133,0.0,0.0,0.0,0.0,issue_only,1.997,8,3,TypeScript,qwen2.5-coder:7b,1,2,2,microsoft/vscode,0,Feature,microsoft__vscode-146962,0.0,0.0,0.0,0.0
0.0,0.0,0.09090909090909091,133,0.0,0.0,0.0,0.0,issue_plus_inventory,3.869,8,3,TypeScript,qwen2.5-coder:7b,1,3,2,microsoft/vscode,0,Feature,microsoft__vscode-146962,0.0,0.0,0.0,0.0
0.2,0.09090909090909091,0.09090909090909091,133,0.0,0.0,0.0,0.0,issue_plus_hints,2.501,8,3,TypeScript,qwen2.5-coder:7b,1,3,2,microsoft/vscode,0,Feature,microsoft__vscode-146962,0.0,0.0,0.0,0.0
0.25,0.2,0.2,133,0.3333333333333333,0.5,0.25,0.25,issue_only,1.835,4,1,TypeScript,qwen2.5-coder:7b,1,2,2,microsoft/vscode,0,Feature,microsoft__vscode-152802,0.0,0.0,0.0,0.0
0.5,1.0,1.0,133,0.888888888888889,0.8,1.0,1.0,issue_plus_inventory,5.073,4,1,TypeScript,qwen2.5-coder:7b,1,5,5,microsoft/vscode,0,Feature,microsoft__vscode-152802,0.33333333333333337,0.2,1.0,1.0
0.5,1.0,1.0,133,0.888888888888889,0.8,1.0,1.0,issue_plus_hints,3.553,4,1,TypeScript,qwen2.5-coder:7b,1,5,5,microsoft/vscode,0,Feature,microsoft__vscode-152802,0.33333333333333337,0.2,1.0,1.0
0.0,0.0,0.2,407,0.0,0.0,0.0,0.0,issue_only,2.267,9,1,TypeScript,qwen2.5-coder:7b,1,2,2,mui/material-ui,0,Feature,mui__material-ui-33312,0.0,0.0,0.0,0.0
0.3333333333333333,0.2,0.2,407,0.16666666666666666,0.3333333333333333,0.1111111111111111,0.1111111111111111,issue_plus_inventory,3.413,9,1,TypeScript,qwen2.5-coder:7b,1,3,3,mui/material-ui,0,Feature,mui__material-ui-33312,0.5,0.3333333333333333,1.0,1.0
0.3333333333333333,0.2,0.2,407,0.16666666666666666,0.3333333333333333,0.1111111111111111,0.1111111111111111,issue_plus_hints,2.259,9,1,TypeScript,qwen2.5-coder:7b,1,3,3,mui/material-ui,0,Feature,mui__material-ui-33312,0.5,0.3333333333333333,1.0,1.0
0.0,0.0,0.0,133,0.0,0.0,0.0,0.0,issue_only,1.923,2,1,TypeScript,qwen2.5-coder:7b,1,2,2,microsoft/vscode,0,Feature,microsoft__vscode-155261,0.0,0.0,0.0,0.0
0.5,0.6666666666666666,0.6666666666666666,133,0.5,0.5,0.5,0.5,issue_plus_inventory,3.219,2,1,TypeScript,qwen2.5-coder:7b,1,2,2,microsoft/vscode,0,Feature,microsoft__vscode-155261,0.6666666666666666,0.5,1.0,1.0
0.5,0.6666666666666666,0.6666666666666666,133,0.5,0.5,0.5,0.5,issue_plus_hints,1.668,2,1,TypeScript,qwen2.5-coder:7b,1,2,2,microsoft/vscode,0,Feature,microsoft__vscode-155261,0.6666666666666666,0.5,1.0,1.0
0.0,0.0,0.0,133,0.0,0.0,0.0,0.0,issue_only,2.302,6,1,TypeScript,qwen2.5-coder:7b,1,3,3,microsoft/vscode,0,Feature,microsoft__vscode-156733,0.0,0.0,0.0,0.0
0.2,0.2857142857142857,0.2857142857142857,133,0.3636363636363636,0.4,0.3333333333333333,0.3333333333333333,issue_plus_inventory,4.227,6,1,TypeScript,qwen2.5-coder:7b,1,5,5,microsoft/vscode,0,Feature,microsoft__vscode-156733,0.0,0.0,0.0,0.0
0.2,0.2857142857142857,0.2857142857142857,133,0.3636363636363636,0.4,0.3333333333333333,0.3333333333333333,issue_plus_hints,2.979,6,1,TypeScript,qwen2.5-coder:7b,1,5,5,microsoft/vscode,0,Feature,microsoft__vscode-156733,0.0,0.0,0.0,0.0
0.0,0.0,0.08333333333333333,407,0.0,0.0,0.0,0.0,issue_only,2.858,10,2,TypeScript,qwen2.5-coder:7b,1,2,2,mui/material-ui,0,Feature,mui__material-ui-34138,0.0,0.0,0.0,0.0
1.0,0.3333333333333333,0.3333333333333333,407,0.33333333333333337,1.0,0.2,0.2,issue_plus_inventory,3.123,10,2,TypeScript,qwen2.5-coder:7b,1,2,2,mui/material-ui,0,Feature,mui__material-ui-34138,1.0,1.0,1.0,1.0
1.0,0.3333333333333333,0.3333333333333333,407,0.33333333333333337,1.0,0.2,0.2,issue_plus_hints,1.664,10,2,TypeScript,qwen2.5-coder:7b,1,2,2,mui/material-ui,0,Feature,mui__material-ui-34138,1.0,1.0,1.0,1.0
0.0,0.0,0.08,407,0.0,0.0,0.0,0.0,issue_only,2.087,20,5,TypeScript,qwen2.5-coder:7b,1,2,2,mui/material-ui,0,Feature,mui__material-ui-34158,0.0,0.0,0.0,0.0
0.16666666666666666,0.04,0.04,407,0.08695652173913045,0.3333333333333333,0.05,0.05,issue_plus_inventory,3.313,20,5,TypeScript,qwen2.5-coder:7b,1,3,3,mui/material-ui,0,Feature,mui__material-ui-34158,0.0,0.0,0.0,0.0
0.25,0.04,0.04,407,0.09090909090909091,0.5,0.05,0.05,issue_plus_hints,1.605,20,5,TypeScript,qwen2.5-coder:7b,1,2,2,mui/material-ui,0,Feature,mui__material-ui-34158,0.0,0.0,0.0,0.0
0.0,0.0,0.08333333333333333,407,0.0,0.0,0.0,0.0,issue_only,2.016,11,1,TypeScript,qwen2.5-coder:7b,1,2,2,mui/material-ui,0,Feature,mui__material-ui-34207,0.0,0.0,0.0,0.0
0.0,0.0,0.16666666666666666,407,0.0,0.0,0.0,0.0,issue_plus_inventory,2.991,11,1,TypeScript,qwen2.5-coder:7b,1,2,2,mui/material-ui,0,Feature,mui__material-ui-34207,0.0,0.0,0.0,0.0
0.0,0.0,0.16666666666666666,407,0.0,0.0,0.0,0.0,issue_plus_hints,1.796,11,1,TypeScript,qwen2.5-coder:7b,1,2,2,mui/material-ui,0,Feature,mui__material-ui-34207,0.0,0.0,0.0,0.0
0.0,0.0,0.2,27,0.0,0.0,0.0,0.0,issue_only,1.679,3,2,TypeScript,qwen2.5-coder:7b,1,3,2,coder/code-server,0,Feature,coder__code-server-5633,0.0,0.0,0.0,0.0
0.6,0.6,0.6,27,0.6666666666666666,0.6666666666666666,0.6666666666666666,0.6666666666666666,issue_plus_inventory,1.795,3,2,TypeScript,qwen2.5-coder:7b,1,3,2,coder/code-server,0,Feature,coder__code-server-5633,0.5,0.5,0.5,0.5
0.6,0.6,0.6,27,0.6666666666666666,0.6666666666666666,0.6666666666666666,0.6666666666666666,issue_plus_hints,1.443,3,2,TypeScript,qwen2.5-coder:7b,1,3,2,coder/code-server,0,Feature,coder__code-server-5633,0.5,0.5,0.5,0.5
0.0,0.0,0.0,133,0.0,0.0,0.0,0.0,issue_only,2.012,4,1,TypeScript,qwen2.5-coder:7b,1,2,2,microsoft/vscode,0,Feature,microsoft__vscode-165197,0.0,0.0,0.0,0.0
0.75,0.6,0.6,133,0.6666666666666666,1.0,0.5,0.5,issue_plus_inventory,3.536,4,1,TypeScript,qwen2.5-coder:7b,1,2,2,microsoft/vscode,0,Feature,microsoft__vscode-165197,0.6666666666666666,0.5,1.0,1.0
0.75,0.6,0.6,133,0.6666666666666666,1.0,0.5,0.5,issue_plus_hints,1.978,4,1,TypeScript,qwen2.5-coder:7b,1,2,2,microsoft/vscode,0,Feature,microsoft__vscode-165197,0.6666666666666666,0.5,1.0,1.0
0.0,0.0,0.0,133,0.0,0.0,0.0,0.0,issue_only,1.688,3,1,TypeScript,qwen2.5-coder:7b,1,2,2,microsoft/vscode,0,Feature,microsoft__vscode-168788,0.0,0.0,0.0,0.0
0.0,0.0,0.0,133,0.0,0.0,0.0,0.0,issue_plus_inventory,4.506,3,1,TypeScript,qwen2.5-coder:7b,1,5,5,microsoft/vscode,0,Feature,microsoft__vscode-168788,0.0,0.0,0.0,0.0
0.2,0.25,0.25,133,0.0,0.0,0.0,0.0,issue_plus_hints,2.566,3,1,TypeScript,qwen2.5-coder:7b,1,3,2,microsoft/vscode,0,Feature,microsoft__vscode-168788,0.6666666666666666,0.5,1.0,1.0
0.0,0.0,0.0,133,0.0,0.0,0.0,0.0,issue_only,2.088,1,1,TypeScript,qwen2.5-coder:7b,1,3,3,microsoft/vscode,0,Feature,microsoft__vscode-178291,0.0,0.0,0.0,0.0
0.0,0.0,0.0,133,0.0,0.0,0.0,0.0,issue_plus_inventory,4.888,1,1,TypeScript,qwen2.5-coder:7b,1,5,5,microsoft/vscode,0,Feature,microsoft__vscode-178291,0.0,0.0,0.0,0.0
0.4,1.0,1.0,133,0.5,0.3333333333333333,1.0,1.0,issue_plus_hints,2.921,1,1,TypeScript,qwen2.5-coder:7b,1,3,2,microsoft/vscode,0,Feature,microsoft__vscode-178291,0.6666666666666666,0.5,1.0,1.0
0.0,0.0,0.0,133,0.0,0.0,0.0,0.0,issue_only,1.88,1,1,TypeScript,qwen2.5-coder:7b,1,2,2,microsoft/vscode,0,Feature,microsoft__vscode-178513,0.0,0.0,0.0,0.0
0.0,0.0,0.0,133,0.0,0.0,0.0,0.0,issue_plus_inventory,3.159,1,1,TypeScript,qwen2.5-coder:7b,1,2,2,microsoft/vscode,0,Feature,microsoft__vscode-178513,0.0,0.0,0.0,0.0
0.0,0.0,0.0,133,0.0,0.0,0.0,0.0,issue_plus_hints,2.314,1,1,TypeScript,qwen2.5-coder:7b,1,2,2,microsoft/vscode,0,Feature,microsoft__vscode-178513,0.0,0.0,0.0,0.0
0.0,0.0,0.0,27,0.0,0.0,0.0,0.0,issue_only,1.697,1,1,TypeScript,qwen2.5-coder:7b,1,3,2,coder/code-server,0,Feature,coder__code-server-6115,0.0,0.0,0.0,0.0
0.4,1.0,1.0,27,0.5,0.3333333333333333,1.0,1.0,issue_plus_inventory,1.769,1,1,TypeScript,qwen2.5-coder:7b,1,3,2,coder/code-server,0,Feature,coder__code-server-6115,0.6666666666666666,0.5,1.0,1.0
0.4,1.0,1.0,27,0.5,0.3333333333333333,1.0,1.0,issue_plus_hints,1.663,1,1,TypeScript,qwen2.5-coder:7b,1,3,2,coder/code-server,0,Feature,coder__code-server-6115,0.6666666666666666,0.5,1.0,1.0
0.0,0.0,0.0,133,0.0,0.0,0.0,0.0,issue_only,2.389,1,1,TypeScript,qwen2.5-coder:7b,1,2,2,microsoft/vscode,0,Feature,microsoft__vscode-178694,0.0,0.0,0.0,0.0
0.0,0.0,0.0,133,0.0,0.0,0.0,0.0,issue_plus_inventory,3.768,1,1,TypeScript,qwen2.5-coder:7b,1,3,3,microsoft/vscode,0,Feature,microsoft__vscode-178694,0.0,0.0,0.0,0.0
0.0,0.0,0.0,133,0.0,0.0,0.0,0.0,issue_plus_hints,1.882,1,1,TypeScript,qwen2.5-coder:7b,1,2,2,microsoft/vscode,0,Feature,microsoft__vscode-178694,0.0,0.0,0.0,0.0
0.0,0.0,0.0,133,0.0,0.0,0.0,0.0,issue_only,2.179,5,4,TypeScript,qwen2.5-coder:7b,1,3,2,microsoft/vscode,0,Feature,microsoft__vscode-182669,0.0,0.0,0.0,0.0
0.2857142857142857,0.2222222222222222,0.2222222222222222,133,0.22222222222222224,0.25,0.2,0.2,issue_plus_inventory,4.045,5,4,TypeScript,qwen2.5-coder:7b,1,4,4,microsoft/vscode,0,Feature,microsoft__vscode-182669,0.25,0.25,0.25,0.25
0.3333333333333333,0.2222222222222222,0.2222222222222222,133,0.25,0.3333333333333333,0.2,0.2,issue_plus_hints,2.57,5,4,TypeScript,qwen2.5-coder:7b,1,3,3,microsoft/vscode,0,Feature,microsoft__vscode-182669,0.28571428571428575,0.3333333333333333,0.25,0.25
0.5,0.16666666666666666,0.16666666666666666,27,0.33333333333333337,1.0,0.2,0.2,issue_only,1.67,5,1,TypeScript,qwen2.5-coder:7b,1,1,1,coder/code-server,0,Feature,coder__code-server-6225,0.0,0.0,0.0,0.0
0.75,0.5,0.5,27,0.5714285714285715,1.0,0.4,0.4,issue_plus_inventory,1.553,5,1,TypeScript,qwen2.5-coder:7b,1,2,2,coder/code-server,0,Feature,coder__code-server-6225,0.6666666666666666,0.5,1.0,1.0
0.75,0.5,0.5,27,0.5714285714285715,1.0,0.4,0.4,issue_plus_hints,1.714,5,1,TypeScript,qwen2.5-coder:7b,1,2,2,coder/code-server,0,Feature,coder__code-server-6225,0.6666666666666666,0.5,1.0,1.0
0.0,0.0,0.0,407,0.0,0.0,0.0,0.0,issue_only,2.295,18,1,TypeScript,qwen2.5-coder:7b,1,3,2,mui/material-ui,0,Feature,mui__material-ui-37908,0.0,0.0,0.0,0.0
0.0,0.0,0.0,407,0.0,0.0,0.0,0.0,issue_plus_inventory,3.053,18,1,TypeScript,qwen2.5-coder:7b,1,3,3,mui/material-ui,0,Feature,mui__material-ui-37908,0.0,0.0,0.0,0.0
0.0,0.0,0.10526315789473684,407,0.0,0.0,0.0,0.0,issue_plus_hints,2.006,18,1,TypeScript,qwen2.5-coder:7b,1,2,2,mui/material-ui,0,Feature,mui__material-ui-37908,0.0,0.0,0.0,0.0
0.0,0.0,0.08695652173913043,407,0.0,0.0,0.0,0.0,issue_only,1.909,21,2,TypeScript,qwen2.5-coder:7b,1,2,2,mui/material-ui,0,Feature,mui__material-ui-38167,0.0,0.0,0.0,0.0
0.16666666666666666,0.043478260869565216,0.13043478260869565,407,0.08333333333333333,0.3333333333333333,0.047619047619047616,0.047619047619047616,issue_plus_inventory,3.316,21,2,TypeScript,qwen2.5-coder:7b,1,3,3,mui/material-ui,0,Feature,mui__material-ui-38167,0.0,0.0,0.0,0.0
0.16666666666666666,0.043478260869565216,0.13043478260869565,407,0.08333333333333333,0.3333333333333333,0.047619047619047616,0.047619047619047616,issue_plus_hints,2.282,21,2,TypeScript,qwen2.5-coder:7b,1,3,3,mui/material-ui,0,Feature,mui__material-ui-38167,0.0,0.0,0.0,0.0
0.0,0.0,0.0,133,0.0,0.0,0.0,0.0,issue_only,1.935,1,1,TypeScript,qwen2.5-coder:7b,1,2,2,microsoft/vscode,0,Feature,microsoft__vscode-190351,0.0,0.0,0.0,0.0
0.0,0.0,0.0,133,0.0,0.0,0.0,0.0,issue_plus_inventory,3.719,1,1,TypeScript,qwen2.5-coder:7b,1,3,3,microsoft/vscode,0,Feature,microsoft__vscode-190351,0.0,0.0,0.0,0.0
0.0,0.0,0.0,133,0.0,0.0,0.0,0.0,issue_plus_hints,2.982,1,1,TypeScript,qwen2.5-coder:7b,1,5,5,microsoft/vscode,0,Feature,microsoft__vscode-190351,0.0,0.0,0.0,0.0
0.0,0.0,0.0,133,0.0,0.0,0.0,0.0,issue_only,1.701,1,1,TypeScript,qwen2.5-coder:7b,1,2,2,microsoft/vscode,0,Feature,microsoft__vscode-191602,0.0,0.0,0.0,0.0
0.0,0.0,0.0,133,0.0,0.0,0.0,0.0,issue_plus_inventory,3.749,1,1,TypeScript,qwen2.5-coder:7b,1,3,3,microsoft/vscode,0,Feature,microsoft__vscode-191602,0.0,0.0,0.0,0.0
0.0,0.0,0.0,133,0.0,0.0,0.0,0.0,issue_plus_hints,3.092,1,1,TypeScript,qwen2.5-coder:7b,1,4,4,microsoft/vscode,0,Feature,microsoft__vscode-191602,0.0,0.0,0.0,0.0
0.0,0.0,0.0,27,0.0,0.0,0.0,0.0,issue_only,1.526,1,1,TypeScript,qwen2.5-coder:7b,1,2,2,coder/code-server,0,Feature,coder__code-server-6423,0.0,0.0,0.0,0.0
0.3333333333333333,1.0,1.0,27,0.5,0.3333333333333333,1.0,1.0,issue_plus_inventory,1.821,1,1,TypeScript,qwen2.5-coder:7b,1,3,3,coder/code-server,0,Feature,coder__code-server-6423,0.5,0.3333333333333333,1.0,1.0
0.5,1.0,1.0,27,0.6666666666666666,0.5,1.0,1.0,issue_plus_hints,1.391,1,1,TypeScript,qwen2.5-coder:7b,1,2,2,coder/code-server,0,Feature,coder__code-server-6423,0.6666666666666666,0.5,1.0,1.0
