task_id,repo,method,seed,valid,n_gold,n_code,n_test,n_returned_10,recall_1,precision_1,returned_precision_1,code_recall_1,test_recall_1,recall_3,precision_3,returned_precision_3,code_recall_3,test_recall_3,recall_5,precision_5,returned_precision_5,code_recall_5,test_recall_5,recall_10,precision_10,returned_precision_10,code_recall_10,test_recall_10,mrr_10
google__gson-2498,google/gson,qwen3-coder:30b/paths,11,True,8,3,5,10,0.125,1.0,1.0,0.3333333333333333,0.0,0.125,0.3333333333333333,0.3333333333333333,0.3333333333333333,0.0,0.125,0.2,0.2,0.3333333333333333,0.0,0.125,0.1,0.1,0.3333333333333333,0.0,1.0
google__gson-2498,google/gson,qwen3-coder:30b/content,11,True,8,3,5,10,0.125,1.0,1.0,0.3333333333333333,0.0,0.125,0.3333333333333333,0.3333333333333333,0.3333333333333333,0.0,0.125,0.2,0.2,0.3333333333333333,0.0,0.125,0.1,0.1,0.3333333333333333,0.0,1.0
apolloconfig__apollo-4207,apolloconfig/apollo,qwen3-coder:30b/paths,11,True,4,3,1,5,0.25,1.0,1.0,0.3333333333333333,0.0,0.5,0.6666666666666666,0.6666666666666666,0.3333333333333333,1.0,0.5,0.4,0.4,0.3333333333333333,1.0,0.5,0.2,0.4,0.3333333333333333,1.0,1.0
apolloconfig__apollo-4207,apolloconfig/apollo,qwen3-coder:30b/content,11,True,4,3,1,2,0.25,1.0,1.0,0.3333333333333333,0.0,0.5,0.6666666666666666,1.0,0.3333333333333333,1.0,0.5,0.4,1.0,0.3333333333333333,1.0,0.5,0.2,1.0,0.3333333333333333,1.0,1.0
google__gson-1904,google/gson,qwen3-coder:30b/paths,11,True,7,5,2,10,0.14285714285714285,1.0,1.0,0.2,0.0,0.2857142857142857,0.6666666666666666,0.6666666666666666,0.4,0.0,0.5714285714285714,0.8,0.8,0.8,0.0,0.5714285714285714,0.4,0.4,0.8,0.0,1.0
google__gson-1904,google/gson,qwen3-coder:30b/content,11,True,7,5,2,10,0.14285714285714285,1.0,1.0,0.2,0.0,0.2857142857142857,0.6666666666666666,0.6666666666666666,0.4,0.0,0.42857142857142855,0.6,0.6,0.6,0.0,0.5714285714285714,0.4,0.4,0.6,0.5,1.0
google__gson-2345,google/gson,qwen3-coder:30b/paths,11,True,7,4,3,10,0.14285714285714285,1.0,1.0,0.25,0.0,0.42857142857142855,1.0,1.0,0.5,0.3333333333333333,0.7142857142857143,1.0,1.0,0.75,0.6666666666666666,0.8571428571428571,0.6,0.6,1.0,0.6666666666666666,1.0
google__gson-2345,google/gson,qwen3-coder:30b/content,11,True,7,4,3,10,0.14285714285714285,1.0,1.0,0.25,0.0,0.42857142857142855,1.0,1.0,0.5,0.3333333333333333,0.5714285714285714,0.8,0.8,0.5,0.6666666666666666,0.8571428571428571,0.6,0.6,1.0,0.6666666666666666,1.0
google__gson-2479,google/gson,qwen3-coder:30b/paths,11,True,4,2,2,10,0.25,1.0,1.0,0.5,0.0,0.25,0.3333333333333333,0.3333333333333333,0.5,0.0,0.25,0.2,0.2,0.5,0.0,0.5,0.2,0.2,0.5,0.5,1.0
google__gson-2479,google/gson,qwen3-coder:30b/content,11,True,4,2,2,10,0.25,1.0,1.0,0.5,0.0,0.25,0.3333333333333333,0.3333333333333333,0.5,0.0,0.25,0.2,0.2,0.5,0.0,0.5,0.2,0.2,0.5,0.5,1.0
google__guava-3971,google/guava,qwen3-coder:30b/paths,11,True,4,2,2,10,0.25,1.0,1.0,0.5,0.0,0.5,0.6666666666666666,0.6666666666666666,0.5,0.5,0.75,0.6,0.6,1.0,0.5,1.0,0.4,0.4,1.0,1.0,1.0
google__guava-3971,google/guava,qwen3-coder:30b/content,11,True,4,2,2,10,0.25,1.0,1.0,0.5,0.0,0.75,1.0,1.0,0.5,1.0,0.75,0.6,0.6,0.5,1.0,1.0,0.4,0.4,1.0,1.0,1.0
google__gson-2701,google/gson,qwen3-coder:30b/paths,11,True,2,1,1,10,0.5,1.0,1.0,1.0,0.0,0.5,0.3333333333333333,0.3333333333333333,1.0,0.0,0.5,0.2,0.2,1.0,0.0,0.5,0.1,0.1,1.0,0.0,1.0
google__gson-2701,google/gson,qwen3-coder:30b/content,11,True,2,1,1,10,0.5,1.0,1.0,1.0,0.0,0.5,0.3333333333333333,0.3333333333333333,1.0,0.0,0.5,0.2,0.2,1.0,0.0,0.5,0.1,0.1,1.0,0.0,1.0
apache__rocketmq-7455,apache/rocketmq,qwen3-coder:30b/paths,11,True,3,2,1,10,0.0,0.0,0.0,0.0,0.0,0.3333333333333333,0.3333333333333333,0.3333333333333333,0.5,0.0,0.3333333333333333,0.2,0.2,0.5,0.0,0.3333333333333333,0.1,0.1,0.5,0.0,0.3333333333333333
apache__rocketmq-7455,apache/rocketmq,qwen3-coder:30b/content,11,True,3,2,1,10,0.3333333333333333,1.0,1.0,0.5,0.0,0.3333333333333333,0.3333333333333333,0.3333333333333333,0.5,0.0,0.3333333333333333,0.2,0.2,0.5,0.0,0.3333333333333333,0.1,0.1,0.5,0.0,1.0
apolloconfig__apollo-4464,apolloconfig/apollo,qwen3-coder:30b/paths,11,True,16,15,1,10,0.0625,1.0,1.0,0.06666666666666667,0.0,0.125,0.6666666666666666,0.6666666666666666,0.13333333333333333,0.0,0.1875,0.6,0.6,0.2,0.0,0.1875,0.3,0.3,0.2,0.0,1.0
apolloconfig__apollo-4464,apolloconfig/apollo,qwen3-coder:30b/content,11,True,16,15,1,10,0.0625,1.0,1.0,0.06666666666666667,0.0,0.1875,1.0,1.0,0.2,0.0,0.1875,0.6,0.6,0.2,0.0,0.1875,0.3,0.3,0.2,0.0,1.0
apache__rocketmq-7655,apache/rocketmq,qwen3-coder:30b/paths,11,True,2,1,1,10,0.0,0.0,0.0,0.0,0.0,0.0,0.0,0.0,0.0,0.0,0.0,0.0,0.0,0.0,0.0,0.0,0.0,0.0,0.0,0.0,0.0
apache__rocketmq-7655,apache/rocketmq,qwen3-coder:30b/content,11,True,2,1,1,10,0.0,0.0,0.0,0.0,0.0,0.0,0.0,0.0,0.0,0.0,0.0,0.0,0.0,0.0,0.0,0.0,0.0,0.0,0.0,0.0,0.0
google__gson-2130,google/gson,qwen3-coder:30b/paths,11,True,2,1,1,2,0.5,1.0,1.0,1.0,0.0,1.0,0.6666666666666666,1.0,1.0,1.0,1.0,0.4,1.0,1.0,1.0,1.0,0.2,1.0,1.0,1.0,1.0
google__gson-2130,google/gson,qwen3-coder:30b/content,11,True,2,1,1,10,0.5,1.0,1.0,1.0,0.0,1.0,0.6666666666666666,0.6666666666666666,1.0,1.0,1.0,0.4,0.4,1.0,1.0,1.0,0.2,0.2,1.0,1.0,1.0
google__gson-2420,google/gson,qwen3-coder:30b/paths,11,True,12,9,3,10,0.08333333333333333,1.0,1.0,0.1111111111111111,0.0,0.16666666666666666,0.6666666666666666,0.6666666666666666,0.2222222222222222,0.0,0.25,0.6,0.6,0.3333333333333333,0.0,0.4166666666666667,0.5,0.5,0.4444444444444444,0.3333333333333333,1.0
google__gson-2420,google/gson,qwen3-coder:30b/content,11,True,12,9,3,10,0.08333333333333333,1.0,1.0,0.1111111111111111,0.0,0.25,1.0,1.0,0.3333333333333333,0.0,0.4166666666666667,1.0,1.0,0.4444444444444444,0.3333333333333333,0.4166666666666667,0.5,0.5,0.4444444444444444,0.3333333333333333,1.0
apache__dubbo-10846,apache/dubbo,qwen3-coder:30b/paths,11,True,4,1,3,10,0.25,1.0,1.0,1.0,0.0,0.25,0.3333333333333333,0.3333333333333333,1.0,0.0,0.25,0.2,0.2,1.0,0.0,0.25,0.1,0.1,1.0,0.0,1.0
apache__dubbo-10846,apache/dubbo,qwen3-coder:30b/content,11,True,4,1,3,10,0.25,1.0,1.0,1.0,0.0,0.25,0.3333333333333333,0.3333333333333333,1.0,0.0,0.25,0.2,0.2,1.0,0.0,0.25,0.1,0.1,1.0,0.0,1.0
apache__rocketmq-6755,apache/rocketmq,qwen3-coder:30b/paths,11,True,13,9,4,10,0.0,0.0,0.0,0.0,0.0,0.0,0.0,0.0,0.0,0.0,0.0,0.0,0.0,0.0,0.0,0.0,0.0,0.0,0.0,0.0,0.0
apache__rocketmq-6755,apache/rocketmq,qwen3-coder:30b/content,11,True,13,9,4,10,0.0,0.0,0.0,0.0,0.0,0.0,0.0,0.0,0.0,0.0,0.0,0.0,0.0,0.0,0.0,0.0,0.0,0.0,0.0,0.0,0.0
apache__rocketmq-7964,apache/rocketmq,qwen3-coder:30b/paths,11,True,2,1,1,10,0.0,0.0,0.0,0.0,0.0,0.0,0.0,0.0,0.0,0.0,0.0,0.0,0.0,0.0,0.0,0.0,0.0,0.0,0.0,0.0,0.0
apache__rocketmq-7964,apache/rocketmq,qwen3-coder:30b/content,11,True,2,1,1,10,0.0,0.0,0.0,0.0,0.0,0.0,0.0,0.0,0.0,0.0,0.0,0.0,0.0,0.0,0.0,0.0,0.0,0.0,0.0,0.0,0.0
apache__dubbo-11420,apache/dubbo,qwen3-coder:30b/paths,11,True,10,8,2,10,0.0,0.0,0.0,0.0,0.0,0.1,0.3333333333333333,0.3333333333333333,0.125,0.0,0.1,0.2,0.2,0.125,0.0,0.2,0.2,0.2,0.25,0.0,0.5
apache__dubbo-11420,apache/dubbo,qwen3-coder:30b/content,11,True,10,8,2,10,0.0,0.0,0.0,0.0,0.0,0.1,0.3333333333333333,0.3333333333333333,0.125,0.0,0.1,0.2,0.2,0.125,0.0,0.1,0.1,0.1,0.125,0.0,0.5
apache__rocketmq-5286,apache/rocketmq,qwen3-coder:30b/paths,11,True,4,3,1,10,0.0,0.0,0.0,0.0,0.0,0.25,0.3333333333333333,0.3333333333333333,0.3333333333333333,0.0,0.25,0.2,0.2,0.3333333333333333,0.0,0.25,0.1,0.1,0.3333333333333333,0.0,0.3333333333333333
apache__rocketmq-5286,apache/rocketmq,qwen3-coder:30b/content,11,True,4,3,1,10,0.0,0.0,0.0,0.0,0.0,0.0,0.0,0.0,0.0,0.0,0.0,0.0,0.0,0.0,0.0,0.0,0.0,0.0,0.0,0.0,0.0
apache__rocketmq-5706,apache/rocketmq,qwen3-coder:30b/paths,11,True,5,3,2,10,0.2,1.0,1.0,0.3333333333333333,0.0,0.2,0.3333333333333333,0.3333333333333333,0.3333333333333333,0.0,0.4,0.4,0.4,0.6666666666666666,0.0,0.4,0.2,0.2,0.6666666666666666,0.0,1.0
apache__rocketmq-5706,apache/rocketmq,qwen3-coder:30b/content,11,True,5,3,2,10,0.2,1.0,1.0,0.3333333333333333,0.0,0.4,0.6666666666666666,0.6666666666666666,0.6666666666666666,0.0,0.8,0.8,0.8,1.0,0.5,0.8,0.4,0.4,1.0,0.5,1.0
apache__dubbo-13869,apache/dubbo,qwen3-coder:30b/paths,11,True,4,2,2,10,0.0,0.0,0.0,0.0,0.0,0.0,0.0,0.0,0.0,0.0,0.0,0.0,0.0,0.0,0.0,0.0,0.0,0.0,0.0,0.0,0.0
apache__dubbo-13869,apache/dubbo,qwen3-coder:30b/content,11,True,4,2,2,10,0.0,0.0,0.0,0.0,0.0,0.0,0.0,0.0,0.0,0.0,0.0,0.0,0.0,0.0,0.0,0.0,0.0,0.0,0.0,0.0,0.0
apache__dubbo-11255,apache/dubbo,qwen3-coder:30b/paths,11,True,2,1,1,10,0.0,0.0,0.0,0.0,0.0,0.0,0.0,0.0,0.0,0.0,0.0,0.0,0.0,0.0,0.0,0.0,0.0,0.0,0.0,0.0,0.0
apache__dubbo-11255,apache/dubbo,qwen3-coder:30b/content,11,True,2,1,1,10,0.0,0.0,0.0,0.0,0.0,0.0,0.0,0.0,0.0,0.0,0.0,0.0,0.0,0.0,0.0,0.0,0.0,0.0,0.0,0.0,0.0
apache__rocketmq-5062,apache/rocketmq,qwen3-coder:30b/paths,11,True,6,4,2,10,0.0,0.0,0.0,0.0,0.0,0.16666666666666666,0.3333333333333333,0.3333333333333333,0.0,0.5,0.16666666666666666,0.2,0.2,0.0,0.5,0.3333333333333333,0.2,0.2,0.25,0.5,0.5
apache__rocketmq-5062,apache/rocketmq,qwen3-coder:30b/content,11,True,6,4,2,10,0.0,0.0,0.0,0.0,0.0,0.16666666666666666,0.3333333333333333,0.3333333333333333,0.25,0.0,0.5,0.6,0.6,0.5,0.5,0.5,0.3,0.3,0.5,0.5,0.3333333333333333
apache__dubbo-8032,apache/dubbo,qwen3-coder:30b/paths,11,True,4,3,1,10,0.0,0.0,0.0,0.0,0.0,0.0,0.0,0.0,0.0,0.0,0.0,0.0,0.0,0.0,0.0,0.0,0.0,0.0,0.0,0.0,0.0
apache__dubbo-8032,apache/dubbo,qwen3-coder:30b/content,11,True,4,3,1,10,0.0,0.0,0.0,0.0,0.0,0.0,0.0,0.0,0.0,0.0,0.0,0.0,0.0,0.0,0.0,0.0,0.0,0.0,0.0,0.0,0.0
apache__dubbo-2750,apache/dubbo,qwen3-coder:30b/paths,11,True,2,1,1,10,0.0,0.0,0.0,0.0,0.0,0.0,0.0,0.0,0.0,0.0,0.0,0.0,0.0,0.0,0.0,0.0,0.0,0.0,0.0,0.0,0.0
apache__dubbo-2750,apache/dubbo,qwen3-coder:30b/content,11,True,2,1,1,10,0.0,0.0,0.0,0.0,0.0,0.0,0.0,0.0,0.0,0.0,0.0,0.0,0.0,0.0,0.0,0.0,0.0,0.0,0.0,0.0,0.0
apache__rocketmq-6522,apache/rocketmq,qwen3-coder:30b/paths,11,True,18,17,1,10,0.0,0.0,0.0,0.0,0.0,0.05555555555555555,0.3333333333333333,0.3333333333333333,0.058823529411764705,0.0,0.05555555555555555,0.2,0.2,0.058823529411764705,0.0,0.05555555555555555,0.1,0.1,0.058823529411764705,0.0,0.3333333333333333
apache__rocketmq-6522,apache/rocketmq,qwen3-coder:30b/content,11,True,18,17,1,10,0.0,0.0,0.0,0.0,0.0,0.05555555555555555,0.3333333333333333,0.3333333333333333,0.058823529411764705,0.0,0.05555555555555555,0.2,0.2,0.058823529411764705,0.0,0.05555555555555555,0.1,0.1,0.058823529411764705,0.0,0.5
apolloconfig__apollo-4199,apolloconfig/apollo,qwen3-coder:30b/paths,11,True,5,4,1,10,0.0,0.0,0.0,0.0,0.0,0.0,0.0,0.0,0.0,0.0,0.0,0.0,0.0,0.0,0.0,0.0,0.0,0.0,0.0,0.0,0.0
apolloconfig__apollo-4199,apolloconfig/apollo,qwen3-coder:30b/content,11,True,5,4,1,10,0.0,0.0,0.0,0.0,0.0,0.0,0.0,0.0,0.0,0.0,0.0,0.0,0.0,0.0,0.0,0.0,0.0,0.0,0.0,0.0,0.0
apache__rocketmq-4122,apache/rocketmq,qwen3-coder:30b/paths,11,True,2,2,0,10,0.5,1.0,1.0,0.5,,0.5,0.3333333333333333,0.3333333333333333,0.5,,0.5,0.2,0.2,0.5,,0.5,0.1,0.1,0.5,,1.0
apache__rocketmq-4122,apache/rocketmq,qwen3-coder:30b/content,11,True,2,2,0,10,0.5,1.0,1.0,0.5,,0.5,0.3333333333333333,0.3333333333333333,0.5,,0.5,0.2,0.2,0.5,,0.5,0.1,0.1,0.5,,1.0
apache__rocketmq-3862,apache/rocketmq,qwen3-coder:30b/paths,11,True,2,1,1,10,0.0,0.0,0.0,0.0,0.0,0.0,0.0,0.0,0.0,0.0,0.0,0.0,0.0,0.0,0.0,0.0,0.0,0.0,0.0,0.0,0.0
apache__rocketmq-3862,apache/rocketmq,qwen3-coder:30b/content,11,True,2,1,1,10,0.0,0.0,0.0,0.0,0.0,0.0,0.0,0.0,0.0,0.0,0.0,0.0,0.0,0.0,0.0,0.0,0.0,0.0,0.0,0.0,0.0
apache__rocketmq-7544,apache/rocketmq,qwen3-coder:30b/paths,11,True,14,14,0,10,0.0,0.0,0.0,0.0,,0.0,0.0,0.0,0.0,,0.0,0.0,0.0,0.0,,0.0,0.0,0.0,0.0,,0.0
apache__rocketmq-7544,apache/rocketmq,qwen3-coder:30b/content,11,True,14,14,0,10,0.0,0.0,0.0,0.0,,0.0,0.0,0.0,0.0,,0.0,0.0,0.0,0.0,,0.0,0.0,0.0,0.0,,0.0
apolloconfig__apollo-4119,apolloconfig/apollo,qwen3-coder:30b/paths,11,True,12,8,4,10,0.08333333333333333,1.0,1.0,0.125,0.0,0.25,1.0,1.0,0.375,0.0,0.25,0.6,0.6,0.375,0.0,0.25,0.3,0.3,0.375,0.0,1.0
apolloconfig__apollo-4119,apolloconfig/apollo,qwen3-coder:30b/content,11,True,12,8,4,10,0.08333333333333333,1.0,1.0,0.125,0.0,0.16666666666666666,0.6666666666666666,0.6666666666666666,0.25,0.0,0.16666666666666666,0.4,0.4,0.25,0.0,0.25,0.3,0.3,0.375,0.0,1.0
trinodb__trino-741,trinodb/trino,qwen3-coder:30b/paths,11,True,4,3,1,10,0.25,1.0,1.0,0.3333333333333333,0.0,0.5,0.6666666666666666,0.6666666666666666,0.6666666666666666,0.0,0.5,0.4,0.4,0.6666666666666666,0.0,1.0,0.4,0.4,1.0,1.0,1.0
trinodb__trino-741,trinodb/trino,qwen3-coder:30b/content,11,True,4,3,1,10,0.25,1.0,1.0,0.3333333333333333,0.0,0.75,1.0,1.0,1.0,0.0,0.75,0.6,0.6,1.0,0.0,1.0,0.4,0.4,1.0,1.0,1.0
google__gson-2345,google/gson,qwen3-coder:30b/paths,29,True,7,4,3,10,0.14285714285714285,1.0,1.0,0.25,0.0,0.42857142857142855,1.0,1.0,0.5,0.3333333333333333,0.7142857142857143,1.0,1.0,0.75,0.6666666666666666,0.8571428571428571,0.6,0.6,1.0,0.6666666666666666,1.0
google__gson-2345,google/gson,qwen3-coder:30b/paths,47,True,7,4,3,10,0.14285714285714285,1.0,1.0,0.25,0.0,0.42857142857142855,1.0,1.0,0.5,0.3333333333333333,0.7142857142857143,1.0,1.0,0.75,0.6666666666666666,0.8571428571428571,0.6,0.6,1.0,0.6666666666666666,1.0
google__gson-2345,google/gson,qwen3-coder:30b/content,29,True,7,4,3,10,0.14285714285714285,1.0,1.0,0.25,0.0,0.42857142857142855,1.0,1.0,0.5,0.3333333333333333,0.5714285714285714,0.8,0.8,0.5,0.6666666666666666,0.8571428571428571,0.6,0.6,1.0,0.6666666666666666,1.0
google__gson-2345,google/gson,qwen3-coder:30b/content,47,True,7,4,3,10,0.14285714285714285,1.0,1.0,0.25,0.0,0.42857142857142855,1.0,1.0,0.5,0.3333333333333333,0.5714285714285714,0.8,0.8,0.5,0.6666666666666666,0.8571428571428571,0.6,0.6,1.0,0.6666666666666666,1.0
google__guava-3971,google/guava,qwen3-coder:30b/paths,29,True,4,2,2,10,0.25,1.0,1.0,0.5,0.0,0.5,0.6666666666666666,0.6666666666666666,0.5,0.5,0.5,0.4,0.4,0.5,0.5,1.0,0.4,0.4,1.0,1.0,1.0
google__guava-3971,google/guava,qwen3-coder:30b/paths,47,True,4,2,2,10,0.25,1.0,1.0,0.5,0.0,0.5,0.6666666666666666,0.6666666666666666,0.5,0.5,0.5,0.4,0.4,0.5,0.5,1.0,0.4,0.4,1.0,1.0,1.0
google__guava-3971,google/guava,qwen3-coder:30b/content,29,True,4,2,2,10,0.25,1.0,1.0,0.5,0.0,0.75,1.0,1.0,0.5,1.0,0.75,0.6,0.6,0.5,1.0,1.0,0.4,0.4,1.0,1.0,1.0
google__guava-3971,google/guava,qwen3-coder:30b/content,47,True,4,2,2,10,0.25,1.0,1.0,0.5,0.0,0.5,0.6666666666666666,0.6666666666666666,1.0,0.0,0.75,0.6,0.6,1.0,0.5,1.0,0.4,0.4,1.0,1.0,1.0
google__gson-2701,google/gson,qwen3-coder:30b/paths,29,True,2,1,1,10,0.5,1.0,1.0,1.0,0.0,0.5,0.3333333333333333,0.3333333333333333,1.0,0.0,0.5,0.2,0.2,1.0,0.0,0.5,0.1,0.1,1.0,0.0,1.0
google__gson-2701,google/gson,qwen3-coder:30b/paths,47,True,2,1,1,10,0.5,1.0,1.0,1.0,0.0,0.5,0.3333333333333333,0.3333333333333333,1.0,0.0,0.5,0.2,0.2,1.0,0.0,0.5,0.1,0.1,1.0,0.0,1.0
google__gson-2701,google/gson,qwen3-coder:30b/content,29,True,2,1,1,10,0.5,1.0,1.0,1.0,0.0,0.5,0.3333333333333333,0.3333333333333333,1.0,0.0,0.5,0.2,0.2,1.0,0.0,0.5,0.1,0.1,1.0,0.0,1.0
google__gson-2701,google/gson,qwen3-coder:30b/content,47,True,2,1,1,10,0.5,1.0,1.0,1.0,0.0,0.5,0.3333333333333333,0.3333333333333333,1.0,0.0,0.5,0.2,0.2,1.0,0.0,0.5,0.1,0.1,1.0,0.0,1.0
apolloconfig__apollo-4464,apolloconfig/apollo,qwen3-coder:30b/paths,29,True,16,15,1,10,0.0625,1.0,1.0,0.06666666666666667,0.0,0.125,0.6666666666666666,0.6666666666666666,0.13333333333333333,0.0,0.1875,0.6,0.6,0.2,0.0,0.1875,0.3,0.3,0.2,0.0,1.0
apolloconfig__apollo-4464,apolloconfig/apollo,qwen3-coder:30b/paths,47,True,16,15,1,10,0.0625,1.0,1.0,0.06666666666666667,0.0,0.125,0.6666666666666666,0.6666666666666666,0.13333333333333333,0.0,0.1875,0.6,0.6,0.2,0.0,0.1875,0.3,0.3,0.2,0.0,1.0
apolloconfig__apollo-4464,apolloconfig/apollo,qwen3-coder:30b/content,29,True,16,15,1,10,0.0625,1.0,1.0,0.06666666666666667,0.0,0.1875,1.0,1.0,0.2,0.0,0.1875,0.6,0.6,0.2,0.0,0.1875,0.3,0.3,0.2,0.0,1.0
apolloconfig__apollo-4464,apolloconfig/apollo,qwen3-coder:30b/content,47,True,16,15,1,10,0.0625,1.0,1.0,0.06666666666666667,0.0,0.1875,1.0,1.0,0.2,0.0,0.1875,0.6,0.6,0.2,0.0,0.1875,0.3,0.3,0.2,0.0,1.0
apache__dubbo-11420,apache/dubbo,qwen3-coder:30b/paths,29,True,10,8,2,10,0.0,0.0,0.0,0.0,0.0,0.1,0.3333333333333333,0.3333333333333333,0.125,0.0,0.1,0.2,0.2,0.125,0.0,0.2,0.2,0.2,0.25,0.0,0.5
apache__dubbo-11420,apache/dubbo,qwen3-coder:30b/paths,47,True,10,8,2,10,0.0,0.0,0.0,0.0,0.0,0.1,0.3333333333333333,0.3333333333333333,0.125,0.0,0.1,0.2,0.2,0.125,0.0,0.2,0.2,0.2,0.25,0.0,0.5
apache__dubbo-11420,apache/dubbo,qwen3-coder:30b/content,29,True,10,8,2,10,0.0,0.0,0.0,0.0,0.0,0.1,0.3333333333333333,0.3333333333333333,0.125,0.0,0.1,0.2,0.2,0.125,0.0,0.1,0.1,0.1,0.125,0.0,0.5
apache__dubbo-11420,apache/dubbo,qwen3-coder:30b/content,47,True,10,8,2,10,0.0,0.0,0.0,0.0,0.0,0.1,0.3333333333333333,0.3333333333333333,0.125,0.0,0.1,0.2,0.2,0.125,0.0,0.1,0.1,0.1,0.125,0.0,0.5
apache__dubbo-2750,apache/dubbo,qwen3-coder:30b/paths,29,True,2,1,1,10,0.0,0.0,0.0,0.0,0.0,0.0,0.0,0.0,0.0,0.0,0.0,0.0,0.0,0.0,0.0,0.0,0.0,0.0,0.0,0.0,0.0
apache__dubbo-2750,apache/dubbo,qwen3-coder:30b/paths,47,True,2,1,1,10,0.0,0.0,0.0,0.0,0.0,0.0,0.0,0.0,0.0,0.0,0.0,0.0,0.0,0.0,0.0,0.0,0.0,0.0,0.0,0.0,0.0
apache__dubbo-2750,apache/dubbo,qwen3-coder:30b/content,29,True,2,1,1,10,0.0,0.0,0.0,0.0,0.0,0.0,0.0,0.0,0.0,0.0,0.0,0.0,0.0,0.0,0.0,0.0,0.0,0.0,0.0,0.0,0.0
apache__dubbo-2750,apache/dubbo,qwen3-coder:30b/content,47,True,2,1,1,10,0.0,0.0,0.0,0.0,0.0,0.0,0.0,0.0,0.0,0.0,0.0,0.0,0.0,0.0,0.0,0.0,0.0,0.0,0.0,0.0,0.0
apache__rocketmq-4122,apache/rocketmq,qwen3-coder:30b/paths,29,True,2,2,0,10,0.5,1.0,1.0,0.5,,0.5,0.3333333333333333,0.3333333333333333,0.5,,0.5,0.2,0.2,0.5,,0.5,0.1,0.1,0.5,,1.0
apache__rocketmq-4122,apache/rocketmq,qwen3-coder:30b/paths,47,True,2,2,0,10,0.5,1.0,1.0,0.5,,0.5,0.3333333333333333,0.3333333333333333,0.5,,0.5,0.2,0.2,0.5,,0.5,0.1,0.1,0.5,,1.0
apache__rocketmq-4122,apache/rocketmq,qwen3-coder:30b/content,29,True,2,2,0,10,0.5,1.0,1.0,0.5,,0.5,0.3333333333333333,0.3333333333333333,0.5,,0.5,0.2,0.2,0.5,,0.5,0.1,0.1,0.5,,1.0
apache__rocketmq-4122,apache/rocketmq,qwen3-coder:30b/content,47,True,2,2,0,10,0.5,1.0,1.0,0.5,,0.5,0.3333333333333333,0.3333333333333333,0.5,,0.5,0.2,0.2,0.5,,0.5,0.1,0.1,0.5,,1.0
apache__rocketmq-7544,apache/rocketmq,qwen3-coder:30b/paths,29,True,14,14,0,10,0.0,0.0,0.0,0.0,,0.0,0.0,0.0,0.0,,0.0,0.0,0.0,0.0,,0.0,0.0,0.0,0.0,,0.0
apache__rocketmq-7544,apache/rocketmq,qwen3-coder:30b/paths,47,True,14,14,0,10,0.0,0.0,0.0,0.0,,0.0,0.0,0.0,0.0,,0.0,0.0,0.0,0.0,,0.0,0.0,0.0,0.0,,0.0
apache__rocketmq-7544,apache/rocketmq,qwen3-coder:30b/content,29,True,14,14,0,10,0.0,0.0,0.0,0.0,,0.0,0.0,0.0,0.0,,0.0,0.0,0.0,0.0,,0.0,0.0,0.0,0.0,,0.0
apache__rocketmq-7544,apache/rocketmq,qwen3-coder:30b/content,47,True,14,14,0,10,0.0,0.0,0.0,0.0,,0.0,0.0,0.0,0.0,,0.0,0.0,0.0,0.0,,0.0,0.0,0.0,0.0,,0.0
apolloconfig__apollo-4119,apolloconfig/apollo,qwen3-coder:30b/paths,29,True,12,8,4,10,0.08333333333333333,1.0,1.0,0.125,0.0,0.25,1.0,1.0,0.375,0.0,0.25,0.6,0.6,0.375,0.0,0.25,0.3,0.3,0.375,0.0,1.0
apolloconfig__apollo-4119,apolloconfig/apollo,qwen3-coder:30b/paths,47,True,12,8,4,10,0.0,0.0,0.0,0.0,0.0,0.16666666666666666,0.6666666666666666,0.6666666666666666,0.25,0.0,0.16666666666666666,0.4,0.4,0.25,0.0,0.16666666666666666,0.2,0.2,0.25,0.0,0.5
apolloconfig__apollo-4119,apolloconfig/apollo,qwen3-coder:30b/content,29,True,12,8,4,10,0.08333333333333333,1.0,1.0,0.125,0.0,0.16666666666666666,0.6666666666666666,0.6666666666666666,0.25,0.0,0.16666666666666666,0.4,0.4,0.25,0.0,0.25,0.3,0.3,0.375,0.0,1.0
apolloconfig__apollo-4119,apolloconfig/apollo,qwen3-coder:30b/content,47,True,12,8,4,10,0.08333333333333333,1.0,1.0,0.125,0.0,0.16666666666666666,0.6666666666666666,0.6666666666666666,0.25,0.0,0.16666666666666666,0.4,0.4,0.25,0.0,0.25,0.3,0.3,0.375,0.0,1.0
trinodb__trino-1872,trinodb/trino,qwen3-coder:30b/paths,11,True,8,3,5,10,0.0,0.0,0.0,0.0,0.0,0.0,0.0,0.0,0.0,0.0,0.125,0.2,0.2,0.0,0.2,0.125,0.1,0.1,0.0,0.2,0.25
trinodb__trino-1872,trinodb/trino,qwen3-coder:30b/content,11,True,8,3,5,10,0.0,0.0,0.0,0.0,0.0,0.0,0.0,0.0,0.0,0.0,0.0,0.0,0.0,0.0,0.0,0.125,0.1,0.1,0.0,0.2,0.1111111111111111
trinodb__trino-1174,trinodb/trino,qwen3-coder:30b/paths,11,True,15,13,2,10,0.06666666666666667,1.0,1.0,0.07692307692307693,0.0,0.13333333333333333,0.6666666666666666,0.6666666666666666,0.15384615384615385,0.0,0.2,0.6,0.6,0.23076923076923078,0.0,0.26666666666666666,0.4,0.4,0.3076923076923077,0.0,1.0
trinodb__trino-1174,trinodb/trino,qwen3-coder:30b/content,11,True,15,13,2,10,0.06666666666666667,1.0,1.0,0.07692307692307693,0.0,0.13333333333333333,0.6666666666666666,0.6666666666666666,0.15384615384615385,0.0,0.13333333333333333,0.4,0.4,0.15384615384615385,0.0,0.3333333333333333,0.5,0.5,0.38461538461538464,0.0,1.0
trinodb__trino-117,trinodb/trino,qwen3-coder:30b/paths,11,True,2,1,1,10,0.5,1.0,1.0,1.0,0.0,0.5,0.3333333333333333,0.3333333333333333,1.0,0.0,0.5,0.2,0.2,1.0,0.0,0.5,0.1,0.1,1.0,0.0,1.0
trinodb__trino-117,trinodb/trino,qwen3-coder:30b/content,11,True,2,1,1,10,0.5,1.0,1.0,1.0,0.0,0.5,0.3333333333333333,0.3333333333333333,1.0,0.0,0.5,0.2,0.2,1.0,0.0,0.5,0.1,0.1,1.0,0.0,1.0
trinodb__trino-5507,trinodb/trino,qwen3-coder:30b/paths,11,True,5,3,2,10,0.2,1.0,1.0,0.3333333333333333,0.0,0.2,0.3333333333333333,0.3333333333333333,0.3333333333333333,0.0,0.2,0.2,0.2,0.3333333333333333,0.0,0.2,0.1,0.1,0.3333333333333333,0.0,1.0
trinodb__trino-5507,trinodb/trino,qwen3-coder:30b/content,11,True,5,3,2,10,0.0,0.0,0.0,0.0,0.0,0.0,0.0,0.0,0.0,0.0,0.0,0.0,0.0,0.0,0.0,0.2,0.1,0.1,0.3333333333333333,0.0,0.1
trinodb__trino-4458,trinodb/trino,qwen3-coder:30b/paths,11,True,4,2,2,10,0.25,1.0,1.0,0.5,0.0,0.25,0.3333333333333333,0.3333333333333333,0.5,0.0,0.5,0.4,0.4,0.5,0.5,0.5,0.2,0.2,0.5,0.5,1.0
trinodb__trino-4458,trinodb/trino,qwen3-coder:30b/paths,29,True,4,2,2,10,0.25,1.0,1.0,0.5,0.0,0.25,0.3333333333333333,0.3333333333333333,0.5,0.0,0.5,0.4,0.4,0.5,0.5,0.5,0.2,0.2,0.5,0.5,1.0
trinodb__trino-4458,trinodb/trino,qwen3-coder:30b/paths,47,True,4,2,2,10,0.25,1.0,1.0,0.5,0.0,0.25,0.3333333333333333,0.3333333333333333,0.5,0.0,0.5,0.4,0.4,0.5,0.5,0.5,0.2,0.2,0.5,0.5,1.0
trinodb__trino-4458,trinodb/trino,qwen3-coder:30b/content,11,True,4,2,2,10,0.25,1.0,1.0,0.5,0.0,0.5,0.6666666666666666,0.6666666666666666,0.5,0.5,0.5,0.4,0.4,0.5,0.5,0.5,0.2,0.2,0.5,0.5,1.0
trinodb__trino-4458,trinodb/trino,qwen3-coder:30b/content,29,True,4,2,2,10,0.25,1.0,1.0,0.5,0.0,0.5,0.6666666666666666,0.6666666666666666,0.5,0.5,0.5,0.4,0.4,0.5,0.5,0.5,0.2,0.2,0.5,0.5,1.0
trinodb__trino-4458,trinodb/trino,qwen3-coder:30b/content,47,True,4,2,2,10,0.25,1.0,1.0,0.5,0.0,0.5,0.6666666666666666,0.6666666666666666,0.5,0.5,0.5,0.4,0.4,0.5,0.5,0.5,0.2,0.2,0.5,0.5,1.0
trinodb__trino-799,trinodb/trino,qwen3-coder:30b/paths,11,True,7,5,2,10,0.0,0.0,0.0,0.0,0.0,0.0,0.0,0.0,0.0,0.0,0.0,0.0,0.0,0.0,0.0,0.0,0.0,0.0,0.0,0.0,0.0
trinodb__trino-799,trinodb/trino,qwen3-coder:30b/content,11,True,7,5,2,10,0.0,0.0,0.0,0.0,0.0,0.0,0.0,0.0,0.0,0.0,0.0,0.0,0.0,0.0,0.0,0.0,0.0,0.0,0.0,0.0,0.0
trinodb__trino-4600,trinodb/trino,qwen3-coder:30b/paths,11,True,4,3,1,10,0.0,0.0,0.0,0.0,0.0,0.0,0.0,0.0,0.0,0.0,0.0,0.0,0.0,0.0,0.0,0.0,0.0,0.0,0.0,0.0,0.0
trinodb__trino-4600,trinodb/trino,qwen3-coder:30b/content,11,True,4,3,1,10,0.0,0.0,0.0,0.0,0.0,0.0,0.0,0.0,0.0,0.0,0.0,0.0,0.0,0.0,0.0,0.0,0.0,0.0,0.0,0.0,0.0
trinodb__trino-3392,trinodb/trino,qwen3-coder:30b/paths,11,True,4,3,1,10,0.25,1.0,1.0,0.3333333333333333,0.0,0.25,0.3333333333333333,0.3333333333333333,0.3333333333333333,0.0,0.25,0.2,0.2,0.3333333333333333,0.0,0.25,0.1,0.1,0.3333333333333333,0.0,1.0
trinodb__trino-3392,trinodb/trino,qwen3-coder:30b/content,11,True,4,3,1,10,0.25,1.0,1.0,0.3333333333333333,0.0,0.25,0.3333333333333333,0.3333333333333333,0.3333333333333333,0.0,0.25,0.2,0.2,0.3333333333333333,0.0,0.25,0.1,0.1,0.3333333333333333,0.0,1.0
trinodb__trino-748,trinodb/trino,qwen3-coder:30b/paths,11,True,3,2,1,10,0.3333333333333333,1.0,1.0,0.5,0.0,0.6666666666666666,0.6666666666666666,0.6666666666666666,1.0,0.0,0.6666666666666666,0.4,0.4,1.0,0.0,0.6666666666666666,0.2,0.2,1.0,0.0,1.0
trinodb__trino-748,trinodb/trino,qwen3-coder:30b/content,11,True,3,2,1,10,0.3333333333333333,1.0,1.0,0.5,0.0,0.6666666666666666,0.6666666666666666,0.6666666666666666,1.0,0.0,0.6666666666666666,0.4,0.4,1.0,0.0,0.6666666666666666,0.2,0.2,1.0,0.0,1.0
trinodb__trino-3638,trinodb/trino,qwen3-coder:30b/paths,11,True,6,3,3,10,0.16666666666666666,1.0,1.0,0.3333333333333333,0.0,0.16666666666666666,0.3333333333333333,0.3333333333333333,0.3333333333333333,0.0,0.16666666666666666,0.2,0.2,0.3333333333333333,0.0,0.16666666666666666,0.1,0.1,0.3333333333333333,0.0,1.0
trinodb__trino-3638,trinodb/trino,qwen3-coder:30b/paths,29,True,6,3,3,10,0.16666666666666666,1.0,1.0,0.3333333333333333,0.0,0.16666666666666666,0.3333333333333333,0.3333333333333333,0.3333333333333333,0.0,0.16666666666666666,0.2,0.2,0.3333333333333333,0.0,0.16666666666666666,0.1,0.1,0.3333333333333333,0.0,1.0
trinodb__trino-3638,trinodb/trino,qwen3-coder:30b/paths,47,True,6,3,3,10,0.16666666666666666,1.0,1.0,0.3333333333333333,0.0,0.16666666666666666,0.3333333333333333,0.3333333333333333,0.3333333333333333,0.0,0.16666666666666666,0.2,0.2,0.3333333333333333,0.0,0.16666666666666666,0.1,0.1,0.3333333333333333,0.0,1.0
trinodb__trino-3638,trinodb/trino,qwen3-coder:30b/content,11,True,6,3,3,10,0.16666666666666666,1.0,1.0,0.3333333333333333,0.0,0.16666666666666666,0.3333333333333333,0.3333333333333333,0.3333333333333333,0.0,0.16666666666666666,0.2,0.2,0.3333333333333333,0.0,0.16666666666666666,0.1,0.1,0.3333333333333333,0.0,1.0
trinodb__trino-3638,trinodb/trino,qwen3-coder:30b/content,29,True,6,3,3,10,0.16666666666666666,1.0,1.0,0.3333333333333333,0.0,0.16666666666666666,0.3333333333333333,0.3333333333333333,0.3333333333333333,0.0,0.16666666666666666,0.2,0.2,0.3333333333333333,0.0,0.16666666666666666,0.1,0.1,0.3333333333333333,0.0,1.0
trinodb__trino-3638,trinodb/trino,qwen3-coder:30b/content,47,True,6,3,3,10,0.16666666666666666,1.0,1.0,0.3333333333333333,0.0,0.16666666666666666,0.3333333333333333,0.3333333333333333,0.3333333333333333,0.0,0.16666666666666666,0.2,0.2,0.3333333333333333,0.0,0.16666666666666666,0.1,0.1,0.3333333333333333,0.0,1.0
trinodb__trino-3771,trinodb/trino,qwen3-coder:30b/paths,11,True,4,3,1,10,0.0,0.0,0.0,0.0,0.0,0.0,0.0,0.0,0.0,0.0,0.0,0.0,0.0,0.0,0.0,0.0,0.0,0.0,0.0,0.0,0.0
trinodb__trino-3771,trinodb/trino,qwen3-coder:30b/content,11,True,4,3,1,10,0.0,0.0,0.0,0.0,0.0,0.0,0.0,0.0,0.0,0.0,0.0,0.0,0.0,0.0,0.0,0.0,0.0,0.0,0.0,0.0,0.0
trinodb__trino-6074,trinodb/trino,qwen3-coder:30b/paths,11,True,5,2,3,10,0.0,0.0,0.0,0.0,0.0,0.2,0.3333333333333333,0.3333333333333333,0.5,0.0,0.4,0.4,0.4,1.0,0.0,1.0,0.5,0.5,1.0,1.0,0.3333333333333333
trinodb__trino-6074,trinodb/trino,qwen3-coder:30b/content,11,True,5,2,3,10,0.2,1.0,1.0,0.5,0.0,0.4,0.6666666666666666,0.6666666666666666,1.0,0.0,0.4,0.4,0.4,1.0,0.0,0.6,0.3,0.3,1.0,0.3333333333333333,1.0
trinodb__trino-1848,trinodb/trino,qwen3-coder:30b/paths,11,True,3,2,1,10,0.3333333333333333,1.0,1.0,0.5,0.0,0.6666666666666666,0.6666666666666666,0.6666666666666666,1.0,0.0,0.6666666666666666,0.4,0.4,1.0,0.0,0.6666666666666666,0.2,0.2,1.0,0.0,1.0
trinodb__trino-1848,trinodb/trino,qwen3-coder:30b/content,11,True,3,2,1,10,0.3333333333333333,1.0,1.0,0.5,0.0,0.6666666666666666,0.6666666666666666,0.6666666666666666,1.0,0.0,0.6666666666666666,0.4,0.4,1.0,0.0,0.6666666666666666,0.2,0.2,1.0,0.0,1.0
trinodb__trino-1090,trinodb/trino,qwen3-coder:30b/paths,11,True,6,3,3,10,0.0,0.0,0.0,0.0,0.0,0.0,0.0,0.0,0.0,0.0,0.0,0.0,0.0,0.0,0.0,0.0,0.0,0.0,0.0,0.0,0.0
trinodb__trino-1090,trinodb/trino,qwen3-coder:30b/content,11,True,6,3,3,10,0.16666666666666666,1.0,1.0,0.3333333333333333,0.0,0.5,1.0,1.0,1.0,0.0,0.8333333333333334,1.0,1.0,1.0,0.6666666666666666,0.8333333333333334,0.5,0.5,1.0,0.6666666666666666,1.0
mrdoob__three.js-14566,mrdoob/three.js,qwen3-coder:30b/paths,11,True,5,4,1,10,0.0,0.0,0.0,0.0,0.0,0.0,0.0,0.0,0.0,0.0,0.2,0.2,0.2,0.25,0.0,0.2,0.1,0.1,0.25,0.0,0.2
mrdoob__three.js-14566,mrdoob/three.js,qwen3-coder:30b/content,11,True,5,4,1,10,0.2,1.0,1.0,0.25,0.0,0.2,0.3333333333333333,0.3333333333333333,0.25,0.0,0.2,0.2,0.2,0.25,0.0,0.2,0.1,0.1,0.25,0.0,1.0
mrdoob__three.js-17649,mrdoob/three.js,qwen3-coder:30b/paths,11,True,18,17,1,10,0.05555555555555555,1.0,1.0,0.058823529411764705,0.0,0.1111111111111111,0.6666666666666666,0.6666666666666666,0.11764705882352941,0.0,0.2222222222222222,0.8,0.8,0.23529411764705882,0.0,0.3333333333333333,0.6,0.6,0.29411764705882354,1.0,1.0
mrdoob__three.js-17649,mrdoob/three.js,qwen3-coder:30b/paths,29,True,18,17,1,10,0.05555555555555555,1.0,1.0,0.058823529411764705,0.0,0.1111111111111111,0.6666666666666666,0.6666666666666666,0.11764705882352941,0.0,0.2222222222222222,0.8,0.8,0.23529411764705882,0.0,0.3333333333333333,0.6,0.6,0.29411764705882354,1.0,1.0
mrdoob__three.js-17649,mrdoob/three.js,qwen3-coder:30b/paths,47,True,18,17,1,10,0.05555555555555555,1.0,1.0,0.058823529411764705,0.0,0.1111111111111111,0.6666666666666666,0.6666666666666666,0.11764705882352941,0.0,0.2222222222222222,0.8,0.8,0.23529411764705882,0.0,0.3888888888888889,0.7,0.7,0.35294117647058826,1.0,1.0
mrdoob__three.js-17649,mrdoob/three.js,qwen3-coder:30b/content,11,True,18,17,1,10,0.05555555555555555,1.0,1.0,0.058823529411764705,0.0,0.16666666666666666,1.0,1.0,0.17647058823529413,0.0,0.2777777777777778,1.0,1.0,0.29411764705882354,0.0,0.3333333333333333,0.6,0.6,0.35294117647058826,0.0,1.0
mrdoob__three.js-17649,mrdoob/three.js,qwen3-coder:30b/content,29,True,18,17,1,10,0.05555555555555555,1.0,1.0,0.058823529411764705,0.0,0.16666666666666666,1.0,1.0,0.17647058823529413,0.0,0.2777777777777778,1.0,1.0,0.29411764705882354,0.0,0.3333333333333333,0.6,0.6,0.35294117647058826,0.0,1.0
mrdoob__three.js-17649,mrdoob/three.js,qwen3-coder:30b/content,47,True,18,17,1,10,0.05555555555555555,1.0,1.0,0.058823529411764705,0.0,0.16666666666666666,1.0,1.0,0.17647058823529413,0.0,0.2777777777777778,1.0,1.0,0.29411764705882354,0.0,0.3333333333333333,0.6,0.6,0.35294117647058826,0.0,1.0
mrdoob__three.js-20478,mrdoob/three.js,qwen3-coder:30b/paths,11,True,4,3,1,10,0.25,1.0,1.0,0.3333333333333333,0.0,0.25,0.3333333333333333,0.3333333333333333,0.3333333333333333,0.0,0.25,0.2,0.2,0.3333333333333333,0.0,0.5,0.2,0.2,0.6666666666666666,0.0,1.0
mrdoob__three.js-20478,mrdoob/three.js,qwen3-coder:30b/content,11,True,4,3,1,10,0.25,1.0,1.0,0.3333333333333333,0.0,0.5,0.6666666666666666,0.6666666666666666,0.6666666666666666,0.0,0.5,0.4,0.4,0.6666666666666666,0.0,0.5,0.2,0.2,0.6666666666666666,0.0,1.0
mrdoob__three.js-21532,mrdoob/three.js,qwen3-coder:30b/paths,11,True,5,4,1,10,0.2,1.0,1.0,0.25,0.0,0.4,0.6666666666666666,0.6666666666666666,0.25,1.0,0.4,0.4,0.4,0.25,1.0,0.4,0.2,0.2,0.25,1.0,1.0
mrdoob__three.js-21532,mrdoob/three.js,qwen3-coder:30b/paths,29,True,5,4,1,10,0.2,1.0,1.0,0.25,0.0,0.4,0.6666666666666666,0.6666666666666666,0.25,1.0,0.4,0.4,0.4,0.25,1.0,0.4,0.2,0.2,0.25,1.0,1.0
mrdoob__three.js-21532,mrdoob/three.js,qwen3-coder:30b/paths,47,True,5,4,1,10,0.2,1.0,1.0,0.25,0.0,0.4,0.6666666666666666,0.6666666666666666,0.25,1.0,0.4,0.4,0.4,0.25,1.0,0.4,0.2,0.2,0.25,1.0,1.0
mrdoob__three.js-21532,mrdoob/three.js,qwen3-coder:30b/content,11,True,5,4,1,10,0.2,1.0,1.0,0.25,0.0,0.4,0.6666666666666666,0.6666666666666666,0.25,1.0,0.4,0.4,0.4,0.25,1.0,0.4,0.2,0.2,0.25,1.0,1.0
mrdoob__three.js-21532,mrdoob/three.js,qwen3-coder:30b/content,29,True,5,4,1,10,0.2,1.0,1.0,0.25,0.0,0.4,0.6666666666666666,0.6666666666666666,0.25,1.0,0.4,0.4,0.4,0.25,1.0,0.4,0.2,0.2,0.25,1.0,1.0
mrdoob__three.js-21532,mrdoob/three.js,qwen3-coder:30b/content,47,True,5,4,1,10,0.2,1.0,1.0,0.25,0.0,0.4,0.6666666666666666,0.6666666666666666,0.25,1.0,0.4,0.4,0.4,0.25,1.0,0.4,0.2,0.2,0.25,1.0,1.0
mrdoob__three.js-21826,mrdoob/three.js,qwen3-coder:30b/paths,11,True,5,4,1,10,0.0,0.0,0.0,0.0,0.0,0.0,0.0,0.0,0.0,0.0,0.0,0.0,0.0,0.0,0.0,0.0,0.0,0.0,0.0,0.0,0.0
mrdoob__three.js-21826,mrdoob/three.js,qwen3-coder:30b/content,11,True,5,4,1,10,0.0,0.0,0.0,0.0,0.0,0.0,0.0,0.0,0.0,0.0,0.0,0.0,0.0,0.0,0.0,0.0,0.0,0.0,0.0,0.0,0.0
mrdoob__three.js-23596,mrdoob/three.js,qwen3-coder:30b/paths,11,True,3,2,1,10,0.3333333333333333,1.0,1.0,0.5,0.0,0.6666666666666666,0.6666666666666666,0.6666666666666666,1.0,0.0,0.6666666666666666,0.4,0.4,1.0,0.0,0.6666666666666666,0.2,0.2,1.0,0.0,1.0
mrdoob__three.js-23596,mrdoob/three.js,qwen3-coder:30b/content,11,True,3,2,1,6,0.3333333333333333,1.0,1.0,0.5,0.0,0.3333333333333333,0.3333333333333333,0.3333333333333333,0.5,0.0,0.3333333333333333,0.2,0.2,0.5,0.0,0.6666666666666666,0.2,0.3333333333333333,1.0,0.0,1.0
mrdoob__three.js-23796,mrdoob/three.js,qwen3-coder:30b/paths,11,True,15,9,6,10,0.06666666666666667,1.0,1.0,0.1111111111111111,0.0,0.2,1.0,1.0,0.2222222222222222,0.16666666666666666,0.3333333333333333,1.0,1.0,0.2222222222222222,0.5,0.4,0.6,0.6,0.2222222222222222,0.6666666666666666,1.0
mrdoob__three.js-23796,mrdoob/three.js,qwen3-coder:30b/content,11,True,15,9,6,10,0.06666666666666667,1.0,1.0,0.1111111111111111,0.0,0.2,1.0,1.0,0.2222222222222222,0.16666666666666666,0.26666666666666666,0.8,0.8,0.2222222222222222,0.3333333333333333,0.4666666666666667,0.7,0.7,0.4444444444444444,0.5,1.0
sveltejs__svelte-778,sveltejs/svelte,qwen3-coder:30b/paths,11,True,5,4,1,10,0.0,0.0,0.0,0.0,0.0,0.0,0.0,0.0,0.0,0.0,0.0,0.0,0.0,0.0,0.0,0.0,0.0,0.0,0.0,0.0,0.0
sveltejs__svelte-778,sveltejs/svelte,qwen3-coder:30b/content,11,True,5,4,1,10,0.0,0.0,0.0,0.0,0.0,0.0,0.0,0.0,0.0,0.0,0.0,0.0,0.0,0.0,0.0,0.0,0.0,0.0,0.0,0.0,0.0
sveltejs__svelte-785,sveltejs/svelte,qwen3-coder:30b/paths,11,True,25,1,24,10,0.0,0.0,0.0,0.0,0.0,0.0,0.0,0.0,0.0,0.0,0.08,0.4,0.4,0.0,0.08333333333333333,0.12,0.3,0.3,0.0,0.125,0.25
sveltejs__svelte-785,sveltejs/svelte,qwen3-coder:30b/content,11,True,25,1,24,10,0.04,1.0,1.0,0.0,0.041666666666666664,0.08,0.6666666666666666,0.6666666666666666,0.0,0.08333333333333333,0.16,0.8,0.8,0.0,0.16666666666666666,0.28,0.7,0.7,0.0,0.2916666666666667,1.0
sveltejs__svelte-1148,sveltejs/svelte,qwen3-coder:30b/paths,11,True,9,4,5,10,0.1111111111111111,1.0,1.0,0.25,0.0,0.3333333333333333,1.0,1.0,0.25,0.4,0.5555555555555556,1.0,1.0,0.25,0.8,0.7777777777777778,0.7,0.7,0.5,1.0,1.0
sveltejs__svelte-1148,sveltejs/svelte,qwen3-coder:30b/content,11,True,9,4,5,10,0.1111111111111111,1.0,1.0,0.25,0.0,0.3333333333333333,1.0,1.0,0.5,0.2,0.5555555555555556,1.0,1.0,0.5,0.6,0.6666666666666666,0.6,0.6,0.5,0.8,1.0
sveltejs__svelte-1811,sveltejs/svelte,qwen3-coder:30b/paths,11,True,20,2,18,10,0.0,0.0,0.0,0.0,0.0,0.0,0.0,0.0,0.0,0.0,0.0,0.0,0.0,0.0,0.0,0.05,0.1,0.1,0.0,0.05555555555555555,0.1
sveltejs__svelte-1811,sveltejs/svelte,qwen3-coder:30b/content,11,True,20,2,18,10,0.0,0.0,0.0,0.0,0.0,0.05,0.3333333333333333,0.3333333333333333,0.0,0.05555555555555555,0.1,0.4,0.4,0.5,0.05555555555555555,0.25,0.5,0.5,0.5,0.2222222222222222,0.5
sveltejs__svelte-2187,sveltejs/svelte,qwen3-coder:30b/paths,11,True,12,4,8,10,0.0,0.0,0.0,0.0,0.0,0.0,0.0,0.0,0.0,0.0,0.0,0.0,0.0,0.0,0.0,0.0,0.0,0.0,0.0,0.0,0.0
sveltejs__svelte-2187,sveltejs/svelte,qwen3-coder:30b/content,11,True,12,4,8,10,0.08333333333333333,1.0,1.0,0.0,0.125,0.25,1.0,1.0,0.0,0.375,0.25,0.6,0.6,0.0,0.375,0.25,0.3,0.3,0.0,0.375,1.0
sveltejs__svelte-5442,sveltejs/svelte,qwen3-coder:30b/paths,11,True,8,5,3,10,0.0,0.0,0.0,0.0,0.0,0.125,0.3333333333333333,0.3333333333333333,0.0,0.3333333333333333,0.125,0.2,0.2,0.0,0.3333333333333333,0.125,0.1,0.1,0.0,0.3333333333333333,0.5
sveltejs__svelte-5442,sveltejs/svelte,qwen3-coder:30b/paths,29,True,8,5,3,10,0.0,0.0,0.0,0.0,0.0,0.125,0.3333333333333333,0.3333333333333333,0.0,0.3333333333333333,0.125,0.2,0.2,0.0,0.3333333333333333,0.125,0.1,0.1,0.0,0.3333333333333333,0.5
sveltejs__svelte-5442,sveltejs/svelte,qwen3-coder:30b/paths,47,True,8,5,3,10,0.0,0.0,0.0,0.0,0.0,0.125,0.3333333333333333,0.3333333333333333,0.0,0.3333333333333333,0.125,0.2,0.2,0.0,0.3333333333333333,0.125,0.1,0.1,0.0,0.3333333333333333,0.5
sveltejs__svelte-5442,sveltejs/svelte,qwen3-coder:30b/content,11,True,8,5,3,10,0.0,0.0,0.0,0.0,0.0,0.125,0.3333333333333333,0.3333333333333333,0.0,0.3333333333333333,0.125,0.2,0.2,0.0,0.3333333333333333,0.25,0.2,0.2,0.2,0.3333333333333333,0.3333333333333333
sveltejs__svelte-5442,sveltejs/svelte,qwen3-coder:30b/content,29,True,8,5,3,10,0.0,0.0,0.0,0.0,0.0,0.125,0.3333333333333333,0.3333333333333333,0.0,0.3333333333333333,0.25,0.4,0.4,0.2,0.3333333333333333,0.25,0.2,0.2,0.2,0.3333333333333333,0.3333333333333333
sveltejs__svelte-5442,sveltejs/svelte,qwen3-coder:30b/content,47,True,8,5,3,10,0.0,0.0,0.0,0.0,0.0,0.0,0.0,0.0,0.0,0.0,0.0,0.0,0.0,0.0,0.0,0.125,0.1,0.1,0.0,0.3333333333333333,0.16666666666666666
sveltejs__svelte-6223,sveltejs/svelte,qwen3-coder:30b/paths,11,True,5,1,4,10,0.2,1.0,1.0,0.0,0.25,0.2,0.3333333333333333,0.3333333333333333,0.0,0.25,0.2,0.2,0.2,0.0,0.25,0.2,0.1,0.1,0.0,0.25,1.0
sveltejs__svelte-6223,sveltejs/svelte,qwen3-coder:30b/paths,29,True,5,1,4,10,0.2,1.0,1.0,0.0,0.25,0.2,0.3333333333333333,0.3333333333333333,0.0,0.25,0.2,0.2,0.2,0.0,0.25,0.2,0.1,0.1,0.0,0.25,1.0
sveltejs__svelte-6223,sveltejs/svelte,qwen3-coder:30b/paths,47,True,5,1,4,10,0.2,1.0,1.0,0.0,0.25,0.2,0.3333333333333333,0.3333333333333333,0.0,0.25,0.2,0.2,0.2,0.0,0.25,0.2,0.1,0.1,0.0,0.25,1.0
sveltejs__svelte-6223,sveltejs/svelte,qwen3-coder:30b/content,11,True,5,1,4,10,0.0,0.0,0.0,0.0,0.0,0.0,0.0,0.0,0.0,0.0,0.2,0.2,0.2,0.0,0.25,0.2,0.1,0.1,0.0,0.25,0.25
sveltejs__svelte-6223,sveltejs/svelte,qwen3-coder:30b/content,29,True,5,1,4,10,0.0,0.0,0.0,0.0,0.0,0.2,0.3333333333333333,0.3333333333333333,0.0,0.25,0.2,0.2,0.2,0.0,0.25,0.2,0.1,0.1,0.0,0.25,0.5
sveltejs__svelte-6223,sveltejs/svelte,qwen3-coder:30b/content,47,True,5,1,4,10,0.0,0.0,0.0,0.0,0.0,0.0,0.0,0.0,0.0,0.0,0.0,0.0,0.0,0.0,0.0,0.2,0.1,0.1,0.0,0.25,0.16666666666666666
sveltejs__svelte-6528,sveltejs/svelte,qwen3-coder:30b/paths,11,True,4,4,0,10,0.0,0.0,0.0,0.0,,0.0,0.0,0.0,0.0,,0.25,0.2,0.2,0.25,,0.25,0.1,0.1,0.25,,0.25
sveltejs__svelte-6528,sveltejs/svelte,qwen3-coder:30b/content,11,True,4,4,0,10,0.0,0.0,0.0,0.0,,0.0,0.0,0.0,0.0,,0.0,0.0,0.0,0.0,,0.25,0.1,0.1,0.25,,0.125
sveltejs__svelte-6564,sveltejs/svelte,qwen3-coder:30b/paths,11,True,1,1,0,10,0.0,0.0,0.0,0.0,,0.0,0.0,0.0,0.0,,0.0,0.0,0.0,0.0,,0.0,0.0,0.0,0.0,,0.0
sveltejs__svelte-6564,sveltejs/svelte,qwen3-coder:30b/content,11,True,1,1,0,10,0.0,0.0,0.0,0.0,,0.0,0.0,0.0,0.0,,0.0,0.0,0.0,0.0,,0.0,0.0,0.0,0.0,,0.0
sveltejs__svelte-6613,sveltejs/svelte,qwen3-coder:30b/paths,11,True,2,1,1,10,0.0,0.0,0.0,0.0,0.0,0.0,0.0,0.0,0.0,0.0,0.0,0.0,0.0,0.0,0.0,0.0,0.0,0.0,0.0,0.0,0.0
sveltejs__svelte-6613,sveltejs/svelte,qwen3-coder:30b/content,11,True,2,1,1,10,0.0,0.0,0.0,0.0,0.0,0.0,0.0,0.0,0.0,0.0,0.0,0.0,0.0,0.0,0.0,0.0,0.0,0.0,0.0,0.0,0.0
sveltejs__svelte-6838,sveltejs/svelte,qwen3-coder:30b/paths,11,True,3,2,1,10,0.3333333333333333,1.0,1.0,0.5,0.0,0.3333333333333333,0.3333333333333333,0.3333333333333333,0.5,0.0,0.3333333333333333,0.2,0.2,0.5,0.0,0.6666666666666666,0.2,0.2,0.5,1.0,1.0
sveltejs__svelte-6838,sveltejs/svelte,qwen3-coder:30b/content,11,True,3,2,1,10,0.3333333333333333,1.0,1.0,0.5,0.0,0.3333333333333333,0.3333333333333333,0.3333333333333333,0.5,0.0,0.3333333333333333,0.2,0.2,0.5,0.0,0.6666666666666666,0.2,0.2,0.5,1.0,1.0
prettier__prettier-16765,prettier/prettier,qwen3-coder:30b/paths,11,True,1,1,0,10,0.0,0.0,0.0,0.0,,0.0,0.0,0.0,0.0,,0.0,0.0,0.0,0.0,,0.0,0.0,0.0,0.0,,0.0
prettier__prettier-16765,prettier/prettier,qwen3-coder:30b/content,11,True,1,1,0,10,0.0,0.0,0.0,0.0,,0.0,0.0,0.0,0.0,,0.0,0.0,0.0,0.0,,0.0,0.0,0.0,0.0,,0.0
prettier__prettier-14317,prettier/prettier,qwen3-coder:30b/paths,11,True,4,3,1,10,0.25,1.0,1.0,0.3333333333333333,0.0,0.25,0.3333333333333333,0.3333333333333333,0.3333333333333333,0.0,0.25,0.2,0.2,0.3333333333333333,0.0,0.25,0.1,0.1,0.3333333333333333,0.0,1.0
prettier__prettier-14317,prettier/prettier,qwen3-coder:30b/paths,29,True,4,3,1,10,0.25,1.0,1.0,0.3333333333333333,0.0,0.25,0.3333333333333333,0.3333333333333333,0.3333333333333333,0.0,0.25,0.2,0.2,0.3333333333333333,0.0,0.25,0.1,0.1,0.3333333333333333,0.0,1.0
prettier__prettier-14317,prettier/prettier,qwen3-coder:30b/paths,47,True,4,3,1,10,0.25,1.0,1.0,0.3333333333333333,0.0,0.25,0.3333333333333333,0.3333333333333333,0.3333333333333333,0.0,0.25,0.2,0.2,0.3333333333333333,0.0,0.25,0.1,0.1,0.3333333333333333,0.0,1.0
prettier__prettier-14317,prettier/prettier,qwen3-coder:30b/content,11,True,4,3,1,3,0.25,1.0,1.0,0.3333333333333333,0.0,0.25,0.3333333333333333,0.3333333333333333,0.3333333333333333,0.0,0.25,0.2,0.3333333333333333,0.3333333333333333,0.0,0.25,0.1,0.3333333333333333,0.3333333333333333,0.0,1.0
prettier__prettier-14317,prettier/prettier,qwen3-coder:30b/content,29,True,4,3,1,3,0.25,1.0,1.0,0.3333333333333333,0.0,0.25,0.3333333333333333,0.3333333333333333,0.3333333333333333,0.0,0.25,0.2,0.3333333333333333,0.3333333333333333,0.0,0.25,0.1,0.3333333333333333,0.3333333333333333,0.0,1.0
prettier__prettier-14317,prettier/prettier,qwen3-coder:30b/content,47,True,4,3,1,3,0.25,1.0,1.0,0.3333333333333333,0.0,0.25,0.3333333333333333,0.3333333333333333,0.3333333333333333,0.0,0.25,0.2,0.3333333333333333,0.3333333333333333,0.0,0.25,0.1,0.3333333333333333,0.3333333333333333,0.0,1.0
prettier__prettier-14108,prettier/prettier,qwen3-coder:30b/paths,11,True,3,2,1,10,0.3333333333333333,1.0,1.0,0.5,0.0,0.6666666666666666,0.6666666666666666,0.6666666666666666,0.5,1.0,1.0,0.6,0.6,1.0,1.0,1.0,0.3,0.3,1.0,1.0,1.0
prettier__prettier-14108,prettier/prettier,qwen3-coder:30b/content,11,True,3,2,1,10,0.3333333333333333,1.0,1.0,0.5,0.0,0.6666666666666666,0.6666666666666666,0.6666666666666666,0.5,1.0,1.0,0.6,0.6,1.0,1.0,1.0,0.3,0.3,1.0,1.0,1.0
prettier__prettier-10910,prettier/prettier,qwen3-coder:30b/paths,11,True,17,8,9,10,0.058823529411764705,1.0,1.0,0.125,0.0,0.11764705882352941,0.6666666666666666,0.6666666666666666,0.25,0.0,0.11764705882352941,0.4,0.4,0.25,0.0,0.17647058823529413,0.3,0.3,0.375,0.0,1.0
prettier__prettier-10910,prettier/prettier,qwen3-coder:30b/content,11,True,17,8,9,10,0.058823529411764705,1.0,1.0,0.125,0.0,0.058823529411764705,0.3333333333333333,0.3333333333333333,0.125,0.0,0.11764705882352941,0.4,0.4,0.25,0.0,0.17647058823529413,0.3,0.3,0.375,0.0,1.0
prettier__prettier-10109,prettier/prettier,qwen3-coder:30b/paths,11,True,3,1,2,10,0.0,0.0,0.0,0.0,0.0,0.0,0.0,0.0,0.0,0.0,0.3333333333333333,0.2,0.2,0.0,0.5,0.3333333333333333,0.1,0.1,0.0,0.5,0.25
prettier__prettier-10109,prettier/prettier,qwen3-coder:30b/content,11,True,3,1,2,10,0.0,0.0,0.0,0.0,0.0,0.0,0.0,0.0,0.0,0.0,0.3333333333333333,0.2,0.2,0.0,0.5,0.3333333333333333,0.1,0.1,0.0,0.5,0.2
prettier__prettier-8465,prettier/prettier,qwen3-coder:30b/paths,11,True,7,4,3,10,0.0,0.0,0.0,0.0,0.0,0.0,0.0,0.0,0.0,0.0,0.0,0.0,0.0,0.0,0.0,0.0,0.0,0.0,0.0,0.0,0.0
prettier__prettier-8465,prettier/prettier,qwen3-coder:30b/content,11,True,7,4,3,10,0.0,0.0,0.0,0.0,0.0,0.0,0.0,0.0,0.0,0.0,0.0,0.0,0.0,0.0,0.0,0.0,0.0,0.0,0.0,0.0,0.0
prettier__prettier-8381,prettier/prettier,qwen3-coder:30b/paths,11,True,10,10,0,10,0.0,0.0,0.0,0.0,,0.0,0.0,0.0,0.0,,0.0,0.0,0.0,0.0,,0.0,0.0,0.0,0.0,,0.0
prettier__prettier-8381,prettier/prettier,qwen3-coder:30b/content,11,True,10,10,0,10,0.0,0.0,0.0,0.0,,0.0,0.0,0.0,0.0,,0.0,0.0,0.0,0.0,,0.0,0.0,0.0,0.0,,0.0
prettier__prettier-4667,prettier/prettier,qwen3-coder:30b/paths,11,True,2,1,1,10,0.0,0.0,0.0,0.0,0.0,0.0,0.0,0.0,0.0,0.0,0.0,0.0,0.0,0.0,0.0,0.0,0.0,0.0,0.0,0.0,0.0
prettier__prettier-4667,prettier/prettier,qwen3-coder:30b/content,11,True,2,1,1,10,0.0,0.0,0.0,0.0,0.0,0.0,0.0,0.0,0.0,0.0,0.0,0.0,0.0,0.0,0.0,0.0,0.0,0.0,0.0,0.0,0.0
prettier__prettier-3903,prettier/prettier,qwen3-coder:30b/paths,11,True,99,1,98,10,0.0,0.0,0.0,0.0,0.0,0.0,0.0,0.0,0.0,0.0,0.0,0.0,0.0,0.0,0.0,0.0,0.0,0.0,0.0,0.0,0.0
prettier__prettier-3903,prettier/prettier,qwen3-coder:30b/content,11,True,99,1,98,10,0.0,0.0,0.0,0.0,0.0,0.0,0.0,0.0,0.0,0.0,0.0,0.0,0.0,0.0,0.0,0.0,0.0,0.0,0.0,0.0,0.0
prettier__prettier-3775,prettier/prettier,qwen3-coder:30b/paths,11,True,11,8,3,10,0.0,0.0,0.0,0.0,0.0,0.18181818181818182,0.6666666666666666,0.6666666666666666,0.25,0.0,0.2727272727272727,0.6,0.6,0.375,0.0,0.2727272727272727,0.3,0.3,0.375,0.0,0.5
prettier__prettier-3775,prettier/prettier,qwen3-coder:30b/content,11,True,11,8,3,10,0.09090909090909091,1.0,1.0,0.125,0.0,0.18181818181818182,0.6666666666666666,0.6666666666666666,0.25,0.0,0.18181818181818182,0.4,0.4,0.25,0.0,0.2727272727272727,0.3,0.3,0.25,0.3333333333333333,1.0
prettier__prettier-842,prettier/prettier,qwen3-coder:30b/paths,11,True,1,1,0,10,1.0,1.0,1.0,1.0,,1.0,0.3333333333333333,0.3333333333333333,1.0,,1.0,0.2,0.2,1.0,,1.0,0.1,0.1,1.0,,1.0
prettier__prettier-842,prettier/prettier,qwen3-coder:30b/content,11,True,1,1,0,10,1.0,1.0,1.0,1.0,,1.0,0.3333333333333333,0.3333333333333333,1.0,,1.0,0.2,0.2,1.0,,1.0,0.1,0.1,1.0,,1.0
prettier__prettier-661,prettier/prettier,qwen3-coder:30b/paths,11,True,5,5,0,10,0.2,1.0,1.0,0.2,,0.2,0.3333333333333333,0.3333333333333333,0.2,,0.2,0.2,0.2,0.2,,0.4,0.2,0.2,0.4,,1.0
prettier__prettier-661,prettier/prettier,qwen3-coder:30b/paths,29,True,5,5,0,10,0.2,1.0,1.0,0.2,,0.2,0.3333333333333333,0.3333333333333333,0.2,,0.2,0.2,0.2,0.2,,0.4,0.2,0.2,0.4,,1.0
prettier__prettier-661,prettier/prettier,qwen3-coder:30b/paths,47,True,5,5,0,10,0.2,1.0,1.0,0.2,,0.2,0.3333333333333333,0.3333333333333333,0.2,,0.2,0.2,0.2,0.2,,0.2,0.1,0.1,0.2,,1.0
prettier__prettier-661,prettier/prettier,qwen3-coder:30b/content,11,True,5,5,0,10,0.2,1.0,1.0,0.2,,0.2,0.3333333333333333,0.3333333333333333,0.2,,0.2,0.2,0.2,0.2,,0.2,0.1,0.1,0.2,,1.0
prettier__prettier-661,prettier/prettier,qwen3-coder:30b/content,29,True,5,5,0,10,0.2,1.0,1.0,0.2,,0.2,0.3333333333333333,0.3333333333333333,0.2,,0.2,0.2,0.2,0.2,,0.2,0.1,0.1,0.2,,1.0
prettier__prettier-661,prettier/prettier,qwen3-coder:30b/content,47,True,5,5,0,10,0.2,1.0,1.0,0.2,,0.2,0.3333333333333333,0.3333333333333333,0.2,,0.2,0.2,0.2,0.2,,0.2,0.1,0.1,0.2,,1.0
serverless__serverless-10120,serverless/serverless,qwen3-coder:30b/paths,11,True,2,1,1,10,0.5,1.0,1.0,1.0,0.0,1.0,0.6666666666666666,0.6666666666666666,1.0,1.0,1.0,0.4,0.4,1.0,1.0,1.0,0.2,0.2,1.0,1.0,1.0
serverless__serverless-10120,serverless/serverless,qwen3-coder:30b/paths,29,True,2,1,1,10,0.5,1.0,1.0,1.0,0.0,1.0,0.6666666666666666,0.6666666666666666,1.0,1.0,1.0,0.4,0.4,1.0,1.0,1.0,0.2,0.2,1.0,1.0,1.0
serverless__serverless-10120,serverless/serverless,qwen3-coder:30b/paths,47,True,2,1,1,10,0.5,1.0,1.0,1.0,0.0,1.0,0.6666666666666666,0.6666666666666666,1.0,1.0,1.0,0.4,0.4,1.0,1.0,1.0,0.2,0.2,1.0,1.0,1.0
serverless__serverless-10120,serverless/serverless,qwen3-coder:30b/content,11,True,2,1,1,10,0.5,1.0,1.0,1.0,0.0,1.0,0.6666666666666666,0.6666666666666666,1.0,1.0,1.0,0.4,0.4,1.0,1.0,1.0,0.2,0.2,1.0,1.0,1.0
serverless__serverless-10120,serverless/serverless,qwen3-coder:30b/content,29,True,2,1,1,10,0.5,1.0,1.0,1.0,0.0,1.0,0.6666666666666666,0.6666666666666666,1.0,1.0,1.0,0.4,0.4,1.0,1.0,1.0,0.2,0.2,1.0,1.0,1.0
serverless__serverless-10120,serverless/serverless,qwen3-coder:30b/content,47,True,2,1,1,10,0.5,1.0,1.0,1.0,0.0,1.0,0.6666666666666666,0.6666666666666666,1.0,1.0,1.0,0.4,0.4,1.0,1.0,1.0,0.2,0.2,1.0,1.0,1.0
serverless__serverless-8638,serverless/serverless,qwen3-coder:30b/paths,11,True,5,4,1,10,0.2,1.0,1.0,0.25,0.0,0.4,0.6666666666666666,0.6666666666666666,0.25,1.0,0.4,0.4,0.4,0.25,1.0,0.6,0.3,0.3,0.5,1.0,1.0
serverless__serverless-8638,serverless/serverless,qwen3-coder:30b/content,11,True,5,4,1,10,0.2,1.0,1.0,0.0,1.0,0.2,0.3333333333333333,0.3333333333333333,0.0,1.0,0.4,0.4,0.4,0.25,1.0,0.6,0.3,0.3,0.5,1.0,1.0
serverless__serverless-7623,serverless/serverless,qwen3-coder:30b/paths,11,True,4,3,1,10,0.0,0.0,0.0,0.0,0.0,0.25,0.3333333333333333,0.3333333333333333,0.3333333333333333,0.0,0.25,0.2,0.2,0.3333333333333333,0.0,0.25,0.1,0.1,0.3333333333333333,0.0,0.5
serverless__serverless-7623,serverless/serverless,qwen3-coder:30b/content,11,True,4,3,1,10,0.0,0.0,0.0,0.0,0.0,0.0,0.0,0.0,0.0,0.0,0.25,0.2,0.2,0.3333333333333333,0.0,0.5,0.2,0.2,0.6666666666666666,0.0,0.2
serverless__serverless-7031,serverless/serverless,qwen3-coder:30b/paths,11,True,2,1,1,10,0.5,1.0,1.0,1.0,0.0,1.0,0.6666666666666666,0.6666666666666666,1.0,1.0,1.0,0.4,0.4,1.0,1.0,1.0,0.2,0.2,1.0,1.0,1.0
serverless__serverless-7031,serverless/serverless,qwen3-coder:30b/content,11,True,2,1,1,10,0.5,1.0,1.0,1.0,0.0,1.0,0.6666666666666666,0.6666666666666666,1.0,1.0,1.0,0.4,0.4,1.0,1.0,1.0,0.2,0.2,1.0,1.0,1.0
serverless__serverless-7024,serverless/serverless,qwen3-coder:30b/paths,11,True,3,2,1,10,0.3333333333333333,1.0,1.0,0.5,0.0,1.0,1.0,1.0,1.0,1.0,1.0,0.6,0.6,1.0,1.0,1.0,0.3,0.3,1.0,1.0,1.0
serverless__serverless-7024,serverless/serverless,qwen3-coder:30b/content,11,True,3,2,1,10,0.3333333333333333,1.0,1.0,0.0,1.0,1.0,1.0,1.0,1.0,1.0,1.0,0.6,0.6,1.0,1.0,1.0,0.3,0.3,1.0,1.0,1.0
serverless__serverless-6945,serverless/serverless,qwen3-coder:30b/paths,11,True,4,3,1,10,0.0,0.0,0.0,0.0,0.0,0.0,0.0,0.0,0.0,0.0,0.0,0.0,0.0,0.0,0.0,0.25,0.1,0.1,0.3333333333333333,0.0,0.14285714285714285
serverless__serverless-6945,serverless/serverless,qwen3-coder:30b/content,11,True,4,3,1,10,0.0,0.0,0.0,0.0,0.0,0.0,0.0,0.0,0.0,0.0,0.0,0.0,0.0,0.0,0.0,0.25,0.1,0.1,0.3333333333333333,0.0,0.125
serverless__serverless-6345,serverless/serverless,qwen3-coder:30b/paths,11,True,3,2,1,10,0.0,0.0,0.0,0.0,0.0,0.0,0.0,0.0,0.0,0.0,0.0,0.0,0.0,0.0,0.0,0.0,0.0,0.0,0.0,0.0,0.0
serverless__serverless-6345,serverless/serverless,qwen3-coder:30b/content,11,True,3,2,1,10,0.0,0.0,0.0,0.0,0.0,0.0,0.0,0.0,0.0,0.0,0.0,0.0,0.0,0.0,0.0,0.0,0.0,0.0,0.0,0.0,0.0
serverless__serverless-6063,serverless/serverless,qwen3-coder:30b/paths,11,True,4,3,1,10,0.25,1.0,1.0,0.0,1.0,0.5,0.6666666666666666,0.6666666666666666,0.3333333333333333,1.0,0.5,0.4,0.4,0.3333333333333333,1.0,0.75,0.3,0.3,0.6666666666666666,1.0,1.0
serverless__serverless-6063,serverless/serverless,qwen3-coder:30b/content,11,True,4,3,1,10,0.25,1.0,1.0,0.3333333333333333,0.0,0.5,0.6666666666666666,0.6666666666666666,0.6666666666666666,0.0,0.75,0.6,0.6,0.6666666666666666,1.0,0.75,0.3,0.3,0.6666666666666666,1.0,1.0
serverless__serverless-6051,serverless/serverless,qwen3-coder:30b/paths,11,True,4,3,1,10,0.0,0.0,0.0,0.0,0.0,0.0,0.0,0.0,0.0,0.0,0.0,0.0,0.0,0.0,0.0,0.25,0.1,0.1,0.3333333333333333,0.0,0.16666666666666666
serverless__serverless-6051,serverless/serverless,qwen3-coder:30b/content,11,True,4,3,1,10,0.0,0.0,0.0,0.0,0.0,0.0,0.0,0.0,0.0,0.0,0.0,0.0,0.0,0.0,0.0,0.25,0.1,0.1,0.3333333333333333,0.0,0.14285714285714285
serverless__serverless-5982,serverless/serverless,qwen3-coder:30b/paths,11,True,9,5,4,10,0.1111111111111111,1.0,1.0,0.2,0.0,0.2222222222222222,0.6666666666666666,0.6666666666666666,0.2,0.25,0.2222222222222222,0.4,0.4,0.2,0.25,0.3333333333333333,0.3,0.3,0.4,0.25,1.0
serverless__serverless-5982,serverless/serverless,qwen3-coder:30b/content,11,True,9,5,4,10,0.1111111111111111,1.0,1.0,0.2,0.0,0.2222222222222222,0.6666666666666666,0.6666666666666666,0.2,0.25,0.2222222222222222,0.4,0.4,0.2,0.25,0.3333333333333333,0.3,0.3,0.4,0.25,1.0
serverless__serverless-5579,serverless/serverless,qwen3-coder:30b/paths,11,True,5,3,2,10,0.2,1.0,1.0,0.3333333333333333,0.0,0.2,0.3333333333333333,0.3333333333333333,0.3333333333333333,0.0,0.2,0.2,0.2,0.3333333333333333,0.0,0.2,0.1,0.1,0.3333333333333333,0.0,1.0
serverless__serverless-5579,serverless/serverless,qwen3-coder:30b/content,11,True,5,3,2,10,0.0,0.0,0.0,0.0,0.0,0.2,0.3333333333333333,0.3333333333333333,0.3333333333333333,0.0,0.2,0.2,0.2,0.3333333333333333,0.0,0.2,0.1,0.1,0.3333333333333333,0.0,0.5
serverless__serverless-5509,serverless/serverless,qwen3-coder:30b/paths,11,True,5,4,1,10,0.2,1.0,1.0,0.25,0.0,0.4,0.6666666666666666,0.6666666666666666,0.25,1.0,0.4,0.4,0.4,0.25,1.0,0.8,0.4,0.4,0.75,1.0,1.0
serverless__serverless-5509,serverless/serverless,qwen3-coder:30b/content,11,True,5,4,1,10,0.2,1.0,1.0,0.25,0.0,0.4,0.6666666666666666,0.6666666666666666,0.25,1.0,0.6,0.6,0.6,0.5,1.0,0.6,0.3,0.3,0.5,1.0,1.0
serverless__serverless-4097,serverless/serverless,qwen3-coder:30b/paths,11,True,6,4,2,10,0.16666666666666666,1.0,1.0,0.0,0.5,0.3333333333333333,0.6666666666666666,0.6666666666666666,0.25,0.5,0.3333333333333333,0.4,0.4,0.25,0.5,0.3333333333333333,0.2,0.2,0.25,0.5,1.0
serverless__serverless-4097,serverless/serverless,qwen3-coder:30b/content,11,True,6,4,2,10,0.16666666666666666,1.0,1.0,0.0,0.5,0.3333333333333333,0.6666666666666666,0.6666666666666666,0.25,0.5,0.3333333333333333,0.4,0.4,0.25,0.5,0.3333333333333333,0.2,0.2,0.25,0.5,1.0
serverless__serverless-3642,serverless/serverless,qwen3-coder:30b/paths,11,True,3,2,1,10,0.3333333333333333,1.0,1.0,0.5,0.0,0.3333333333333333,0.3333333333333333,0.3333333333333333,0.5,0.0,0.3333333333333333,0.2,0.2,0.5,0.0,0.6666666666666666,0.2,0.2,1.0,0.0,1.0
serverless__serverless-3642,serverless/serverless,qwen3-coder:30b/paths,29,True,3,2,1,10,0.3333333333333333,1.0,1.0,0.5,0.0,0.3333333333333333,0.3333333333333333,0.3333333333333333,0.5,0.0,0.3333333333333333,0.2,0.2,0.5,0.0,0.6666666666666666,0.2,0.2,1.0,0.0,1.0
serverless__serverless-3642,serverless/serverless,qwen3-coder:30b/paths,47,True,3,2,1,10,0.3333333333333333,1.0,1.0,0.5,0.0,0.3333333333333333,0.3333333333333333,0.3333333333333333,0.5,0.0,0.3333333333333333,0.2,0.2,0.5,0.0,0.6666666666666666,0.2,0.2,1.0,0.0,1.0
serverless__serverless-3642,serverless/serverless,qwen3-coder:30b/content,11,True,3,2,1,10,0.3333333333333333,1.0,1.0,0.5,0.0,0.3333333333333333,0.3333333333333333,0.3333333333333333,0.5,0.0,0.3333333333333333,0.2,0.2,0.5,0.0,0.3333333333333333,0.1,0.1,0.5,0.0,1.0
serverless__serverless-3642,serverless/serverless,qwen3-coder:30b/content,29,True,3,2,1,10,0.3333333333333333,1.0,1.0,0.5,0.0,0.3333333333333333,0.3333333333333333,0.3333333333333333,0.5,0.0,0.3333333333333333,0.2,0.2,0.5,0.0,0.3333333333333333,0.1,0.1,0.5,0.0,1.0
serverless__serverless-3642,serverless/serverless,qwen3-coder:30b/content,47,True,3,2,1,10,0.3333333333333333,1.0,1.0,0.5,0.0,0.3333333333333333,0.3333333333333333,0.3333333333333333,0.5,0.0,0.3333333333333333,0.2,0.2,0.5,0.0,0.3333333333333333,0.1,0.1,0.5,0.0,1.0
serverless__serverless-3609,serverless/serverless,qwen3-coder:30b/paths,11,True,4,3,1,10,0.25,1.0,1.0,0.3333333333333333,0.0,0.5,0.6666666666666666,0.6666666666666666,0.6666666666666666,0.0,0.5,0.4,0.4,0.6666666666666666,0.0,0.5,0.2,0.2,0.6666666666666666,0.0,1.0
serverless__serverless-3609,serverless/serverless,qwen3-coder:30b/content,11,True,4,3,1,10,0.25,1.0,1.0,0.3333333333333333,0.0,0.5,0.6666666666666666,0.6666666666666666,0.6666666666666666,0.0,0.5,0.4,0.4,0.6666666666666666,0.0,0.5,0.2,0.2,0.6666666666666666,0.0,1.0
serverless__serverless-3548,serverless/serverless,qwen3-coder:30b/paths,11,True,4,3,1,10,0.0,0.0,0.0,0.0,0.0,0.0,0.0,0.0,0.0,0.0,0.25,0.2,0.2,0.3333333333333333,0.0,0.25,0.1,0.1,0.3333333333333333,0.0,0.2
serverless__serverless-3548,serverless/serverless,qwen3-coder:30b/content,11,True,4,3,1,10,0.25,1.0,1.0,0.3333333333333333,0.0,0.25,0.3333333333333333,0.3333333333333333,0.3333333333333333,0.0,0.25,0.2,0.2,0.3333333333333333,0.0,0.25,0.1,0.1,0.3333333333333333,0.0,1.0
serverless__serverless-3217,serverless/serverless,qwen3-coder:30b/paths,11,True,3,2,1,10,0.0,0.0,0.0,0.0,0.0,0.0,0.0,0.0,0.0,0.0,0.0,0.0,0.0,0.0,0.0,0.3333333333333333,0.1,0.1,0.5,0.0,0.1111111111111111
serverless__serverless-3217,serverless/serverless,qwen3-coder:30b/content,11,True,3,2,1,10,0.0,0.0,0.0,0.0,0.0,0.0,0.0,0.0,0.0,0.0,0.0,0.0,0.0,0.0,0.0,0.0,0.0,0.0,0.0,0.0,0.0
serverless__serverless-2910,serverless/serverless,qwen3-coder:30b/paths,11,True,3,2,1,10,0.3333333333333333,1.0,1.0,0.5,0.0,0.6666666666666666,0.6666666666666666,0.6666666666666666,0.5,1.0,1.0,0.6,0.6,1.0,1.0,1.0,0.3,0.3,1.0,1.0,1.0
serverless__serverless-2910,serverless/serverless,qwen3-coder:30b/content,11,True,3,2,1,10,0.3333333333333333,1.0,1.0,0.5,0.0,0.6666666666666666,0.6666666666666666,0.6666666666666666,0.5,1.0,1.0,0.6,0.6,1.0,1.0,1.0,0.3,0.3,1.0,1.0,1.0
serverless__serverless-2748,serverless/serverless,qwen3-coder:30b/paths,11,True,3,2,1,10,0.0,0.0,0.0,0.0,0.0,0.0,0.0,0.0,0.0,0.0,0.0,0.0,0.0,0.0,0.0,0.3333333333333333,0.1,0.1,0.5,0.0,0.125
serverless__serverless-2748,serverless/serverless,qwen3-coder:30b/content,11,True,3,2,1,10,0.3333333333333333,1.0,1.0,0.5,0.0,0.3333333333333333,0.3333333333333333,0.3333333333333333,0.5,0.0,0.3333333333333333,0.2,0.2,0.5,0.0,0.3333333333333333,0.1,0.1,0.5,0.0,1.0
serverless__serverless-2624,serverless/serverless,qwen3-coder:30b/paths,11,True,2,1,1,10,0.0,0.0,0.0,0.0,0.0,0.0,0.0,0.0,0.0,0.0,0.0,0.0,0.0,0.0,0.0,0.0,0.0,0.0,0.0,0.0,0.0
serverless__serverless-2624,serverless/serverless,qwen3-coder:30b/content,11,True,2,1,1,10,0.0,0.0,0.0,0.0,0.0,0.0,0.0,0.0,0.0,0.0,0.0,0.0,0.0,0.0,0.0,0.0,0.0,0.0,0.0,0.0,0.0
microsoft__vscode-114208,microsoft/vscode,qwen3-coder:30b/paths,11,True,2,1,1,10,0.5,1.0,1.0,0.0,1.0,0.5,0.3333333333333333,0.3333333333333333,0.0,1.0,0.5,0.2,0.2,0.0,1.0,0.5,0.1,0.1,0.0,1.0,1.0
microsoft__vscode-114208,microsoft/vscode,qwen3-coder:30b/content,11,True,2,1,1,10,0.5,1.0,1.0,0.0,1.0,0.5,0.3333333333333333,0.3333333333333333,0.0,1.0,0.5,0.2,0.2,0.0,1.0,0.5,0.1,0.1,0.0,1.0,1.0
microsoft__vscode-127257,microsoft/vscode,qwen3-coder:30b/paths,11,True,3,2,1,10,0.3333333333333333,1.0,1.0,0.5,0.0,0.6666666666666666,0.6666666666666666,0.6666666666666666,0.5,1.0,1.0,0.6,0.6,1.0,1.0,1.0,0.3,0.3,1.0,1.0,1.0
microsoft__vscode-127257,microsoft/vscode,qwen3-coder:30b/paths,29,True,3,2,1,10,0.3333333333333333,1.0,1.0,0.5,0.0,0.6666666666666666,0.6666666666666666,0.6666666666666666,0.5,1.0,1.0,0.6,0.6,1.0,1.0,1.0,0.3,0.3,1.0,1.0,1.0
microsoft__vscode-127257,microsoft/vscode,qwen3-coder:30b/paths,47,True,3,2,1,10,0.3333333333333333,1.0,1.0,0.5,0.0,0.6666666666666666,0.6666666666666666,0.6666666666666666,0.5,1.0,1.0,0.6,0.6,1.0,1.0,1.0,0.3,0.3,1.0,1.0,1.0
microsoft__vscode-127257,microsoft/vscode,qwen3-coder:30b/content,11,True,3,2,1,6,0.3333333333333333,1.0,1.0,0.5,0.0,0.6666666666666666,0.6666666666666666,0.6666666666666666,0.5,1.0,1.0,0.6,0.6,1.0,1.0,1.0,0.3,0.5,1.0,1.0,1.0
microsoft__vscode-127257,microsoft/vscode,qwen3-coder:30b/content,29,True,3,2,1,6,0.3333333333333333,1.0,1.0,0.5,0.0,0.6666666666666666,0.6666666666666666,0.6666666666666666,0.5,1.0,1.0,0.6,0.6,1.0,1.0,1.0,0.3,0.5,1.0,1.0,1.0
microsoft__vscode-127257,microsoft/vscode,qwen3-coder:30b/content,47,True,3,2,1,6,0.3333333333333333,1.0,1.0,0.5,0.0,0.6666666666666666,0.6666666666666666,0.6666666666666666,0.5,1.0,1.0,0.6,0.6,1.0,1.0,1.0,0.3,0.5,1.0,1.0,1.0
microsoft__vscode-128931,microsoft/vscode,qwen3-coder:30b/paths,11,True,3,2,1,6,0.0,0.0,0.0,0.0,0.0,0.0,0.0,0.0,0.0,0.0,0.0,0.0,0.0,0.0,0.0,0.0,0.0,0.0,0.0,0.0,0.0
microsoft__vscode-128931,microsoft/vscode,qwen3-coder:30b/content,11,True,3,2,1,10,0.0,0.0,0.0,0.0,0.0,0.0,0.0,0.0,0.0,0.0,0.0,0.0,0.0,0.0,0.0,0.0,0.0,0.0,0.0,0.0,0.0
microsoft__vscode-146962,microsoft/vscode,qwen3-coder:30b/paths,11,True,11,8,3,10,0.0,0.0,0.0,0.0,0.0,0.0,0.0,0.0,0.0,0.0,0.0,0.0,0.0,0.0,0.0,0.0,0.0,0.0,0.0,0.0,0.0
microsoft__vscode-146962,microsoft/vscode,qwen3-coder:30b/content,11,True,11,8,3,10,0.0,0.0,0.0,0.0,0.0,0.0,0.0,0.0,0.0,0.0,0.0,0.0,0.0,0.0,0.0,0.0,0.0,0.0,0.0,0.0,0.0
microsoft__vscode-152802,microsoft/vscode,qwen3-coder:30b/paths,11,True,5,4,1,10,0.2,1.0,1.0,0.25,0.0,0.4,0.6666666666666666,0.6666666666666666,0.5,0.0,0.4,0.4,0.4,0.5,0.0,0.6,0.3,0.3,0.5,1.0,1.0
microsoft__vscode-152802,microsoft/vscode,qwen3-coder:30b/content,11,True,5,4,1,10,0.2,1.0,1.0,0.25,0.0,0.4,0.6666666666666666,0.6666666666666666,0.5,0.0,0.6,0.6,0.6,0.5,1.0,0.6,0.3,0.3,0.5,1.0,1.0
microsoft__vscode-155261,microsoft/vscode,qwen3-coder:30b/paths,11,True,3,2,1,10,0.3333333333333333,1.0,1.0,0.5,0.0,0.3333333333333333,0.3333333333333333,0.3333333333333333,0.5,0.0,0.3333333333333333,0.2,0.2,0.5,0.0,0.3333333333333333,0.1,0.1,0.5,0.0,1.0
microsoft__vscode-155261,microsoft/vscode,qwen3-coder:30b/content,11,True,3,2,1,10,0.3333333333333333,1.0,1.0,0.5,0.0,0.3333333333333333,0.3333333333333333,0.3333333333333333,0.5,0.0,0.3333333333333333,0.2,0.2,0.5,0.0,0.3333333333333333,0.1,0.1,0.5,0.0,1.0
microsoft__vscode-156733,microsoft/vscode,qwen3-coder:30b/paths,11,True,7,6,1,10,0.14285714285714285,1.0,1.0,0.16666666666666666,0.0,0.14285714285714285,0.3333333333333333,0.3333333333333333,0.16666666666666666,0.0,0.14285714285714285,0.2,0.2,0.16666666666666666,0.0,0.14285714285714285,0.1,0.1,0.16666666666666666,0.0,1.0
microsoft__vscode-156733,microsoft/vscode,qwen3-coder:30b/content,11,True,7,6,1,10,0.0,0.0,0.0,0.0,0.0,0.0,0.0,0.0,0.0,0.0,0.0,0.0,0.0,0.0,0.0,0.0,0.0,0.0,0.0,0.0,0.0
microsoft__vscode-165197,microsoft/vscode,qwen3-coder:30b/paths,11,True,5,4,1,10,0.2,1.0,1.0,0.25,0.0,0.4,0.6666666666666666,0.6666666666666666,0.5,0.0,0.8,0.8,0.8,0.75,1.0,0.8,0.4,0.4,0.75,1.0,1.0
microsoft__vscode-165197,microsoft/vscode,qwen3-coder:30b/paths,29,True,5,4,1,10,0.2,1.0,1.0,0.25,0.0,0.4,0.6666666666666666,0.6666666666666666,0.5,0.0,0.8,0.8,0.8,0.75,1.0,0.8,0.4,0.4,0.75,1.0,1.0
microsoft__vscode-165197,microsoft/vscode,qwen3-coder:30b/paths,47,True,5,4,1,10,0.2,1.0,1.0,0.25,0.0,0.4,0.6666666666666666,0.6666666666666666,0.5,0.0,0.6,0.6,0.6,0.5,1.0,0.8,0.4,0.4,0.75,1.0,1.0
microsoft__vscode-165197,microsoft/vscode,qwen3-coder:30b/content,11,True,5,4,1,10,0.2,1.0,1.0,0.25,0.0,0.4,0.6666666666666666,0.6666666666666666,0.25,1.0,0.8,0.8,0.8,0.75,1.0,0.8,0.4,0.4,0.75,1.0,1.0
microsoft__vscode-165197,microsoft/vscode,qwen3-coder:30b/content,29,True,5,4,1,10,0.2,1.0,1.0,0.25,0.0,0.6,1.0,1.0,0.5,1.0,0.6,0.6,0.6,0.5,1.0,0.8,0.4,0.4,0.75,1.0,1.0
microsoft__vscode-165197,microsoft/vscode,qwen3-coder:30b/content,47,True,5,4,1,10,0.2,1.0,1.0,0.25,0.0,0.6,1.0,1.0,0.5,1.0,0.6,0.6,0.6,0.5,1.0,0.8,0.4,0.4,0.75,1.0,1.0
microsoft__vscode-168788,microsoft/vscode,qwen3-coder:30b/paths,11,True,4,3,1,10,0.0,0.0,0.0,0.0,0.0,0.0,0.0,0.0,0.0,0.0,0.0,0.0,0.0,0.0,0.0,0.0,0.0,0.0,0.0,0.0,0.0
microsoft__vscode-168788,microsoft/vscode,qwen3-coder:30b/content,11,True,4,3,1,10,0.0,0.0,0.0,0.0,0.0,0.0,0.0,0.0,0.0,0.0,0.0,0.0,0.0,0.0,0.0,0.0,0.0,0.0,0.0,0.0,0.0
microsoft__vscode-178291,microsoft/vscode,qwen3-coder:30b/paths,11,True,2,1,1,6,0.0,0.0,0.0,0.0,0.0,0.0,0.0,0.0,0.0,0.0,0.0,0.0,0.0,0.0,0.0,0.0,0.0,0.0,0.0,0.0,0.0
microsoft__vscode-178291,microsoft/vscode,qwen3-coder:30b/content,11,True,2,1,1,10,0.0,0.0,0.0,0.0,0.0,0.0,0.0,0.0,0.0,0.0,0.0,0.0,0.0,0.0,0.0,0.0,0.0,0.0,0.0,0.0,0.0
microsoft__vscode-178513,microsoft/vscode,qwen3-coder:30b/paths,11,True,2,1,1,10,0.0,0.0,0.0,0.0,0.0,0.0,0.0,0.0,0.0,0.0,0.0,0.0,0.0,0.0,0.0,0.0,0.0,0.0,0.0,0.0,0.0
microsoft__vscode-178513,microsoft/vscode,qwen3-coder:30b/content,11,True,2,1,1,10,0.0,0.0,0.0,0.0,0.0,0.0,0.0,0.0,0.0,0.0,0.0,0.0,0.0,0.0,0.0,0.0,0.0,0.0,0.0,0.0,0.0
microsoft__vscode-178694,microsoft/vscode,qwen3-coder:30b/paths,11,True,2,1,1,10,0.0,0.0,0.0,0.0,0.0,0.0,0.0,0.0,0.0,0.0,0.0,0.0,0.0,0.0,0.0,0.0,0.0,0.0,0.0,0.0,0.0
microsoft__vscode-178694,microsoft/vscode,qwen3-coder:30b/content,11,True,2,1,1,10,0.0,0.0,0.0,0.0,0.0,0.0,0.0,0.0,0.0,0.0,0.0,0.0,0.0,0.0,0.0,0.0,0.0,0.0,0.0,0.0,0.0
microsoft__vscode-182669,microsoft/vscode,qwen3-coder:30b/paths,11,True,9,5,4,10,0.0,0.0,0.0,0.0,0.0,0.1111111111111111,0.3333333333333333,0.3333333333333333,0.2,0.0,0.1111111111111111,0.2,0.2,0.2,0.0,0.3333333333333333,0.3,0.3,0.6,0.0,0.5
microsoft__vscode-182669,microsoft/vscode,qwen3-coder:30b/content,11,True,9,5,4,10,0.1111111111111111,1.0,1.0,0.2,0.0,0.3333333333333333,1.0,1.0,0.6,0.0,0.4444444444444444,0.8,0.8,0.8,0.0,0.4444444444444444,0.4,0.4,0.8,0.0,1.0
microsoft__vscode-190351,microsoft/vscode,qwen3-coder:30b/paths,11,True,2,1,1,10,0.0,0.0,0.0,0.0,0.0,0.0,0.0,0.0,0.0,0.0,0.0,0.0,0.0,0.0,0.0,0.0,0.0,0.0,0.0,0.0,0.0
microsoft__vscode-190351,microsoft/vscode,qwen3-coder:30b/content,11,True,2,1,1,10,0.0,0.0,0.0,0.0,0.0,0.0,0.0,0.0,0.0,0.0,0.0,0.0,0.0,0.0,0.0,0.0,0.0,0.0,0.0,0.0,0.0
microsoft__vscode-191602,microsoft/vscode,qwen3-coder:30b/paths,11,True,2,1,1,10,0.0,0.0,0.0,0.0,0.0,0.0,0.0,0.0,0.0,0.0,0.0,0.0,0.0,0.0,0.0,0.0,0.0,0.0,0.0,0.0,0.0
microsoft__vscode-191602,microsoft/vscode,qwen3-coder:30b/content,11,True,2,1,1,10,0.0,0.0,0.0,0.0,0.0,0.0,0.0,0.0,0.0,0.0,0.0,0.0,0.0,0.0,0.0,0.0,0.0,0.0,0.0,0.0,0.0
mui__material-ui-11446,mui/material-ui,qwen3-coder:30b/paths,11,True,4,3,1,10,0.25,1.0,1.0,0.3333333333333333,0.0,0.5,0.6666666666666666,0.6666666666666666,0.3333333333333333,1.0,0.5,0.4,0.4,0.3333333333333333,1.0,0.75,0.3,0.3,0.6666666666666666,1.0,1.0
mui__material-ui-11446,mui/material-ui,qwen3-coder:30b/content,11,True,4,3,1,10,0.25,1.0,1.0,0.3333333333333333,0.0,0.5,0.6666666666666666,0.6666666666666666,0.6666666666666666,0.0,0.75,0.6,0.6,0.6666666666666666,1.0,0.75,0.3,0.3,0.6666666666666666,1.0,1.0
mui__material-ui-13828,mui/material-ui,qwen3-coder:30b/paths,11,True,4,3,1,10,0.25,1.0,1.0,0.3333333333333333,0.0,0.75,1.0,1.0,0.6666666666666666,1.0,0.75,0.6,0.6,0.6666666666666666,1.0,0.75,0.3,0.3,0.6666666666666666,1.0,1.0
mui__material-ui-13828,mui/material-ui,qwen3-coder:30b/content,11,True,4,3,1,10,0.25,1.0,1.0,0.3333333333333333,0.0,0.75,1.0,1.0,0.6666666666666666,1.0,0.75,0.6,0.6,0.6666666666666666,1.0,0.75,0.3,0.3,0.6666666666666666,1.0,1.0
mui__material-ui-13899,mui/material-ui,qwen3-coder:30b/paths,11,True,7,5,2,10,0.14285714285714285,1.0,1.0,0.2,0.0,0.2857142857142857,0.6666666666666666,0.6666666666666666,0.2,0.5,0.2857142857142857,0.4,0.4,0.2,0.5,0.42857142857142855,0.3,0.3,0.4,0.5,1.0
mui__material-ui-13899,mui/material-ui,qwen3-coder:30b/content,11,True,7,5,2,10,0.14285714285714285,1.0,1.0,0.2,0.0,0.2857142857142857,0.6666666666666666,0.6666666666666666,0.4,0.0,0.42857142857142855,0.6,0.6,0.4,0.5,0.5714285714285714,0.4,0.4,0.4,1.0,1.0
mui__material-ui-14465,mui/material-ui,qwen3-coder:30b/paths,11,True,13,10,3,10,0.0,0.0,0.0,0.0,0.0,0.0,0.0,0.0,0.0,0.0,0.0,0.0,0.0,0.0,0.0,0.0,0.0,0.0,0.0,0.0,0.0
mui__material-ui-14465,mui/material-ui,qwen3-coder:30b/content,11,True,13,10,3,10,0.0,0.0,0.0,0.0,0.0,0.0,0.0,0.0,0.0,0.0,0.0,0.0,0.0,0.0,0.0,0.0,0.0,0.0,0.0,0.0,0.0
mui__material-ui-15495,mui/material-ui,qwen3-coder:30b/paths,11,True,4,3,1,10,0.0,0.0,0.0,0.0,0.0,0.0,0.0,0.0,0.0,0.0,0.0,0.0,0.0,0.0,0.0,0.0,0.0,0.0,0.0,0.0,0.0
mui__material-ui-15495,mui/material-ui,qwen3-coder:30b/content,11,True,4,3,1,10,0.0,0.0,0.0,0.0,0.0,0.0,0.0,0.0,0.0,0.0,0.0,0.0,0.0,0.0,0.0,0.0,0.0,0.0,0.0,0.0,0.0
mui__material-ui-17005,mui/material-ui,qwen3-coder:30b/paths,11,True,2,1,1,10,0.0,0.0,0.0,0.0,0.0,0.0,0.0,0.0,0.0,0.0,0.0,0.0,0.0,0.0,0.0,0.0,0.0,0.0,0.0,0.0,0.0
mui__material-ui-17005,mui/material-ui,qwen3-coder:30b/content,11,True,2,1,1,10,0.0,0.0,0.0,0.0,0.0,0.0,0.0,0.0,0.0,0.0,0.0,0.0,0.0,0.0,0.0,0.0,0.0,0.0,0.0,0.0,0.0
mui__material-ui-17640,mui/material-ui,qwen3-coder:30b/paths,11,True,5,3,2,10,0.2,1.0,1.0,0.3333333333333333,0.0,0.2,0.3333333333333333,0.3333333333333333,0.3333333333333333,0.0,0.2,0.2,0.2,0.3333333333333333,0.0,0.2,0.1,0.1,0.3333333333333333,0.0,1.0
mui__material-ui-17640,mui/material-ui,qwen3-coder:30b/content,11,True,5,3,2,3,0.2,1.0,1.0,0.3333333333333333,0.0,0.2,0.3333333333333333,0.3333333333333333,0.3333333333333333,0.0,0.2,0.2,0.3333333333333333,0.3333333333333333,0.0,0.2,0.1,0.3333333333333333,0.3333333333333333,0.0,1.0
mui__material-ui-17691,mui/material-ui,qwen3-coder:30b/paths,11,True,9,5,4,10,0.0,0.0,0.0,0.0,0.0,0.2222222222222222,0.6666666666666666,0.6666666666666666,0.4,0.0,0.4444444444444444,0.8,0.8,0.6,0.25,0.4444444444444444,0.4,0.4,0.6,0.25,0.5
mui__material-ui-17691,mui/material-ui,qwen3-coder:30b/paths,29,True,9,5,4,10,0.0,0.0,0.0,0.0,0.0,0.2222222222222222,0.6666666666666666,0.6666666666666666,0.4,0.0,0.4444444444444444,0.8,0.8,0.6,0.25,0.4444444444444444,0.4,0.4,0.6,0.25,0.5
mui__material-ui-17691,mui/material-ui,qwen3-coder:30b/paths,47,True,9,5,4,10,0.0,0.0,0.0,0.0,0.0,0.2222222222222222,0.6666666666666666,0.6666666666666666,0.4,0.0,0.4444444444444444,0.8,0.8,0.6,0.25,0.4444444444444444,0.4,0.4,0.6,0.25,0.5
mui__material-ui-17691,mui/material-ui,qwen3-coder:30b/content,11,True,9,5,4,10,0.1111111111111111,1.0,1.0,0.2,0.0,0.2222222222222222,0.6666666666666666,0.6666666666666666,0.4,0.0,0.2222222222222222,0.4,0.4,0.4,0.0,0.2222222222222222,0.2,0.2,0.4,0.0,1.0
mui__material-ui-17691,mui/material-ui,qwen3-coder:30b/content,29,True,9,5,4,10,0.1111111111111111,1.0,1.0,0.2,0.0,0.2222222222222222,0.6666666666666666,0.6666666666666666,0.4,0.0,0.2222222222222222,0.4,0.4,0.4,0.0,0.2222222222222222,0.2,0.2,0.4,0.0,1.0
mui__material-ui-17691,mui/material-ui,qwen3-coder:30b/content,47,True,9,5,4,10,0.1111111111111111,1.0,1.0,0.2,0.0,0.2222222222222222,0.6666666666666666,0.6666666666666666,0.4,0.0,0.2222222222222222,0.4,0.4,0.4,0.0,0.4444444444444444,0.4,0.4,0.6,0.25,1.0
mui__material-ui-17829,mui/material-ui,qwen3-coder:30b/paths,11,True,3,2,1,10,0.0,0.0,0.0,0.0,0.0,0.0,0.0,0.0,0.0,0.0,0.0,0.0,0.0,0.0,0.0,0.0,0.0,0.0,0.0,0.0,0.0
mui__material-ui-17829,mui/material-ui,qwen3-coder:30b/content,11,True,3,2,1,10,0.0,0.0,0.0,0.0,0.0,0.0,0.0,0.0,0.0,0.0,0.0,0.0,0.0,0.0,0.0,0.0,0.0,0.0,0.0,0.0,0.0
mui__material-ui-18744,mui/material-ui,qwen3-coder:30b/paths,11,True,5,4,1,10,0.2,1.0,1.0,0.25,0.0,0.2,0.3333333333333333,0.3333333333333333,0.25,0.0,0.2,0.2,0.2,0.25,0.0,0.4,0.2,0.2,0.5,0.0,1.0
mui__material-ui-18744,mui/material-ui,qwen3-coder:30b/content,11,True,5,4,1,10,0.2,1.0,1.0,0.25,0.0,0.2,0.3333333333333333,0.3333333333333333,0.25,0.0,0.4,0.4,0.4,0.5,0.0,0.4,0.2,0.2,0.5,0.0,1.0
mui__material-ui-20133,mui/material-ui,qwen3-coder:30b/paths,11,True,9,7,2,10,0.1111111111111111,1.0,1.0,0.14285714285714285,0.0,0.3333333333333333,1.0,1.0,0.2857142857142857,0.5,0.5555555555555556,1.0,1.0,0.5714285714285714,0.5,0.7777777777777778,0.7,0.7,0.8571428571428571,0.5,1.0
mui__material-ui-20133,mui/material-ui,qwen3-coder:30b/content,11,True,9,7,2,10,0.1111111111111111,1.0,1.0,0.14285714285714285,0.0,0.3333333333333333,1.0,1.0,0.2857142857142857,0.5,0.5555555555555556,1.0,1.0,0.5714285714285714,0.5,0.7777777777777778,0.7,0.7,0.8571428571428571,0.5,1.0
mui__material-ui-20781,mui/material-ui,qwen3-coder:30b/paths,11,True,4,3,1,10,0.25,1.0,1.0,0.3333333333333333,0.0,0.25,0.3333333333333333,0.3333333333333333,0.3333333333333333,0.0,0.25,0.2,0.2,0.3333333333333333,0.0,0.25,0.1,0.1,0.3333333333333333,0.0,1.0
mui__material-ui-20781,mui/material-ui,qwen3-coder:30b/paths,29,True,4,3,1,10,0.25,1.0,1.0,0.3333333333333333,0.0,0.25,0.3333333333333333,0.3333333333333333,0.3333333333333333,0.0,0.25,0.2,0.2,0.3333333333333333,0.0,0.25,0.1,0.1,0.3333333333333333,0.0,1.0
mui__material-ui-20781,mui/material-ui,qwen3-coder:30b/paths,47,True,4,3,1,10,0.25,1.0,1.0,0.3333333333333333,0.0,0.25,0.3333333333333333,0.3333333333333333,0.3333333333333333,0.0,0.25,0.2,0.2,0.3333333333333333,0.0,0.25,0.1,0.1,0.3333333333333333,0.0,1.0
mui__material-ui-20781,mui/material-ui,qwen3-coder:30b/content,11,True,4,3,1,10,0.25,1.0,1.0,0.3333333333333333,0.0,0.25,0.3333333333333333,0.3333333333333333,0.3333333333333333,0.0,0.25,0.2,0.2,0.3333333333333333,0.0,0.25,0.1,0.1,0.3333333333333333,0.0,1.0
mui__material-ui-20781,mui/material-ui,qwen3-coder:30b/content,29,True,4,3,1,10,0.25,1.0,1.0,0.3333333333333333,0.0,0.25,0.3333333333333333,0.3333333333333333,0.3333333333333333,0.0,0.25,0.2,0.2,0.3333333333333333,0.0,0.25,0.1,0.1,0.3333333333333333,0.0,1.0
mui__material-ui-20781,mui/material-ui,qwen3-coder:30b/content,47,True,4,3,1,10,0.25,1.0,1.0,0.3333333333333333,0.0,0.25,0.3333333333333333,0.3333333333333333,0.3333333333333333,0.0,0.25,0.2,0.2,0.3333333333333333,0.0,0.25,0.1,0.1,0.3333333333333333,0.0,1.0
mui__material-ui-21192,mui/material-ui,qwen3-coder:30b/paths,11,True,6,4,2,10,0.16666666666666666,1.0,1.0,0.25,0.0,0.5,1.0,1.0,0.5,0.5,0.5,0.6,0.6,0.5,0.5,0.5,0.3,0.3,0.5,0.5,1.0
mui__material-ui-21192,mui/material-ui,qwen3-coder:30b/content,11,True,6,4,2,10,0.16666666666666666,1.0,1.0,0.25,0.0,0.5,1.0,1.0,0.5,0.5,0.5,0.6,0.6,0.5,0.5,0.5,0.3,0.3,0.5,0.5,1.0
mui__material-ui-23364,mui/material-ui,qwen3-coder:30b/paths,11,True,5,3,2,10,0.2,1.0,1.0,0.3333333333333333,0.0,0.4,0.6666666666666666,0.6666666666666666,0.6666666666666666,0.0,0.4,0.4,0.4,0.6666666666666666,0.0,0.6,0.3,0.3,1.0,0.0,1.0
mui__material-ui-23364,mui/material-ui,qwen3-coder:30b/content,11,True,5,3,2,10,0.2,1.0,1.0,0.3333333333333333,0.0,0.2,0.3333333333333333,0.3333333333333333,0.3333333333333333,0.0,0.6,0.6,0.6,1.0,0.0,0.6,0.3,0.3,1.0,0.0,1.0
mui__material-ui-26746,mui/material-ui,qwen3-coder:30b/paths,11,True,11,6,5,10,0.09090909090909091,1.0,1.0,0.16666666666666666,0.0,0.2727272727272727,1.0,1.0,0.3333333333333333,0.2,0.2727272727272727,0.6,0.6,0.3333333333333333,0.2,0.36363636363636365,0.4,0.4,0.3333333333333333,0.4,1.0
mui__material-ui-26746,mui/material-ui,qwen3-coder:30b/content,11,True,11,6,5,10,0.09090909090909091,1.0,1.0,0.16666666666666666,0.0,0.2727272727272727,1.0,1.0,0.3333333333333333,0.2,0.2727272727272727,0.6,0.6,0.3333333333333333,0.2,0.45454545454545453,0.5,0.5,0.5,0.4,1.0
mui__material-ui-28813,mui/material-ui,qwen3-coder:30b/paths,11,True,4,3,1,10,0.25,1.0,1.0,0.3333333333333333,0.0,0.25,0.3333333333333333,0.3333333333333333,0.3333333333333333,0.0,0.25,0.2,0.2,0.3333333333333333,0.0,0.25,0.1,0.1,0.3333333333333333,0.0,1.0
mui__material-ui-28813,mui/material-ui,qwen3-coder:30b/content,11,True,4,3,1,10,0.0,0.0,0.0,0.0,0.0,0.25,0.3333333333333333,0.3333333333333333,0.3333333333333333,0.0,0.25,0.2,0.2,0.3333333333333333,0.0,0.25,0.1,0.1,0.3333333333333333,0.0,0.5
mui__material-ui-33312,mui/material-ui,qwen3-coder:30b/paths,11,True,10,9,1,10,0.1,1.0,1.0,0.1111111111111111,0.0,0.3,1.0,1.0,0.2222222222222222,1.0,0.3,0.6,0.6,0.2222222222222222,1.0,0.3,0.3,0.3,0.2222222222222222,1.0,1.0
mui__material-ui-33312,mui/material-ui,qwen3-coder:30b/content,11,True,10,9,1,10,0.1,1.0,1.0,0.1111111111111111,0.0,0.3,1.0,1.0,0.2222222222222222,1.0,0.3,0.6,0.6,0.2222222222222222,1.0,0.4,0.4,0.4,0.3333333333333333,1.0,1.0
mui__material-ui-34138,mui/material-ui,qwen3-coder:30b/paths,11,True,10,8,2,10,0.1,1.0,1.0,0.125,0.0,0.3,1.0,1.0,0.25,0.5,0.3,0.6,0.6,0.25,0.5,0.4,0.4,0.4,0.375,0.5,1.0
mui__material-ui-34138,mui/material-ui,qwen3-coder:30b/content,11,True,10,8,2,10,0.1,1.0,1.0,0.125,0.0,0.3,1.0,1.0,0.25,0.5,0.3,0.6,0.6,0.25,0.5,0.5,0.5,0.5,0.5,0.5,1.0
mui__material-ui-34158,mui/material-ui,qwen3-coder:30b/paths,11,True,25,19,6,10,0.0,0.0,0.0,0.0,0.0,0.04,0.3333333333333333,0.3333333333333333,0.05263157894736842,0.0,0.12,0.6,0.6,0.15789473684210525,0.0,0.2,0.5,0.5,0.15789473684210525,0.3333333333333333,0.3333333333333333
mui__material-ui-34158,mui/material-ui,qwen3-coder:30b/content,11,True,25,19,6,10,0.04,1.0,1.0,0.05263157894736842,0.0,0.04,0.3333333333333333,0.3333333333333333,0.05263157894736842,0.0,0.08,0.4,0.4,0.10526315789473684,0.0,0.2,0.5,0.5,0.10526315789473684,0.5,1.0
mui__material-ui-34207,mui/material-ui,qwen3-coder:30b/paths,11,True,12,11,1,10,0.08333333333333333,1.0,1.0,0.09090909090909091,0.0,0.25,1.0,1.0,0.18181818181818182,1.0,0.25,0.6,0.6,0.18181818181818182,1.0,0.3333333333333333,0.4,0.4,0.2727272727272727,1.0,1.0
mui__material-ui-34207,mui/material-ui,qwen3-coder:30b/content,11,True,12,11,1,10,0.08333333333333333,1.0,1.0,0.09090909090909091,0.0,0.25,1.0,1.0,0.18181818181818182,1.0,0.25,0.6,0.6,0.18181818181818182,1.0,0.25,0.3,0.3,0.18181818181818182,1.0,1.0
mui__material-ui-37908,mui/material-ui,qwen3-coder:30b/paths,11,True,5,4,1,10,0.0,0.0,0.0,0.0,0.0,0.0,0.0,0.0,0.0,0.0,0.0,0.0,0.0,0.0,0.0,0.0,0.0,0.0,0.0,0.0,0.0
mui__material-ui-37908,mui/material-ui,qwen3-coder:30b/content,11,True,5,4,1,10,0.0,0.0,0.0,0.0,0.0,0.0,0.0,0.0,0.0,0.0,0.0,0.0,0.0,0.0,0.0,0.0,0.0,0.0,0.0,0.0,0.0
mui__material-ui-38167,mui/material-ui,qwen3-coder:30b/paths,11,True,21,19,2,10,0.047619047619047616,1.0,1.0,0.05263157894736842,0.0,0.09523809523809523,0.6666666666666666,0.6666666666666666,0.10526315789473684,0.0,0.09523809523809523,0.4,0.4,0.10526315789473684,0.0,0.09523809523809523,0.2,0.2,0.10526315789473684,0.0,1.0
mui__material-ui-38167,mui/material-ui,qwen3-coder:30b/content,11,True,21,19,2,10,0.0,0.0,0.0,0.0,0.0,0.09523809523809523,0.6666666666666666,0.6666666666666666,0.10526315789473684,0.0,0.09523809523809523,0.4,0.4,0.10526315789473684,0.0,0.09523809523809523,0.2,0.2,0.10526315789473684,0.0,0.5
tailwindlabs__tailwindcss-88,tailwindlabs/tailwindcss,qwen3-coder:30b/paths,11,True,3,2,1,10,0.0,0.0,0.0,0.0,0.0,0.0,0.0,0.0,0.0,0.0,0.0,0.0,0.0,0.0,0.0,0.0,0.0,0.0,0.0,0.0,0.0
tailwindlabs__tailwindcss-88,tailwindlabs/tailwindcss,qwen3-coder:30b/content,11,True,3,2,1,10,0.0,0.0,0.0,0.0,0.0,0.0,0.0,0.0,0.0,0.0,0.3333333333333333,0.2,0.2,0.5,0.0,0.3333333333333333,0.1,0.1,0.5,0.0,0.25
tailwindlabs__tailwindcss-165,tailwindlabs/tailwindcss,qwen3-coder:30b/paths,11,True,2,1,1,10,0.5,1.0,1.0,1.0,0.0,0.5,0.3333333333333333,0.3333333333333333,1.0,0.0,0.5,0.2,0.2,1.0,0.0,0.5,0.1,0.1,1.0,0.0,1.0
tailwindlabs__tailwindcss-165,tailwindlabs/tailwindcss,qwen3-coder:30b/content,11,True,2,1,1,10,0.5,1.0,1.0,1.0,0.0,0.5,0.3333333333333333,0.3333333333333333,1.0,0.0,0.5,0.2,0.2,1.0,0.0,0.5,0.1,0.1,1.0,0.0,1.0
tailwindlabs__tailwindcss-236,tailwindlabs/tailwindcss,qwen3-coder:30b/paths,11,True,2,1,1,10,0.5,1.0,1.0,1.0,0.0,0.5,0.3333333333333333,0.3333333333333333,1.0,0.0,0.5,0.2,0.2,1.0,0.0,0.5,0.1,0.1,1.0,0.0,1.0
tailwindlabs__tailwindcss-236,tailwindlabs/tailwindcss,qwen3-coder:30b/content,11,True,2,1,1,10,0.5,1.0,1.0,1.0,0.0,0.5,0.3333333333333333,0.3333333333333333,1.0,0.0,0.5,0.2,0.2,1.0,0.0,0.5,0.1,0.1,1.0,0.0,1.0
tailwindlabs__tailwindcss-417,tailwindlabs/tailwindcss,qwen3-coder:30b/paths,11,True,2,1,1,10,0.0,0.0,0.0,0.0,0.0,0.5,0.3333333333333333,0.3333333333333333,1.0,0.0,0.5,0.2,0.2,1.0,0.0,0.5,0.1,0.1,1.0,0.0,0.3333333333333333
tailwindlabs__tailwindcss-417,tailwindlabs/tailwindcss,qwen3-coder:30b/content,11,True,2,1,1,10,0.5,1.0,1.0,1.0,0.0,1.0,0.6666666666666666,0.6666666666666666,1.0,1.0,1.0,0.4,0.4,1.0,1.0,1.0,0.2,0.2,1.0,1.0,1.0
tailwindlabs__tailwindcss-445,tailwindlabs/tailwindcss,qwen3-coder:30b/paths,11,True,2,1,1,10,0.5,1.0,1.0,1.0,0.0,1.0,0.6666666666666666,0.6666666666666666,1.0,1.0,1.0,0.4,0.4,1.0,1.0,1.0,0.2,0.2,1.0,1.0,1.0
tailwindlabs__tailwindcss-445,tailwindlabs/tailwindcss,qwen3-coder:30b/paths,29,True,2,1,1,10,0.5,1.0,1.0,1.0,0.0,1.0,0.6666666666666666,0.6666666666666666,1.0,1.0,1.0,0.4,0.4,1.0,1.0,1.0,0.2,0.2,1.0,1.0,1.0
tailwindlabs__tailwindcss-445,tailwindlabs/tailwindcss,qwen3-coder:30b/paths,47,True,2,1,1,10,0.5,1.0,1.0,1.0,0.0,1.0,0.6666666666666666,0.6666666666666666,1.0,1.0,1.0,0.4,0.4,1.0,1.0,1.0,0.2,0.2,1.0,1.0,1.0
tailwindlabs__tailwindcss-445,tailwindlabs/tailwindcss,qwen3-coder:30b/content,11,True,2,1,1,10,0.5,1.0,1.0,1.0,0.0,0.5,0.3333333333333333,0.3333333333333333,1.0,0.0,0.5,0.2,0.2,1.0,0.0,0.5,0.1,0.1,1.0,0.0,1.0
tailwindlabs__tailwindcss-445,tailwindlabs/tailwindcss,qwen3-coder:30b/content,29,True,2,1,1,10,0.5,1.0,1.0,1.0,0.0,0.5,0.3333333333333333,0.3333333333333333,1.0,0.0,0.5,0.2,0.2,1.0,0.0,0.5,0.1,0.1,1.0,0.0,1.0
tailwindlabs__tailwindcss-445,tailwindlabs/tailwindcss,qwen3-coder:30b/content,47,True,2,1,1,10,0.5,1.0,1.0,1.0,0.0,0.5,0.3333333333333333,0.3333333333333333,1.0,0.0,0.5,0.2,0.2,1.0,0.0,0.5,0.1,0.1,1.0,0.0,1.0
tailwindlabs__tailwindcss-463,tailwindlabs/tailwindcss,qwen3-coder:30b/paths,11,True,3,2,1,10,0.0,0.0,0.0,0.0,0.0,0.3333333333333333,0.3333333333333333,0.3333333333333333,0.5,0.0,0.6666666666666666,0.4,0.4,0.5,1.0,1.0,0.3,0.3,1.0,1.0,0.3333333333333333
tailwindlabs__tailwindcss-463,tailwindlabs/tailwindcss,qwen3-coder:30b/content,11,True,3,2,1,10,0.3333333333333333,1.0,1.0,0.5,0.0,0.3333333333333333,0.3333333333333333,0.3333333333333333,0.5,0.0,0.3333333333333333,0.2,0.2,0.5,0.0,0.6666666666666666,0.2,0.2,0.5,1.0,1.0
tailwindlabs__tailwindcss-553,tailwindlabs/tailwindcss,qwen3-coder:30b/paths,11,True,2,1,1,10,0.5,1.0,1.0,1.0,0.0,0.5,0.3333333333333333,0.3333333333333333,1.0,0.0,0.5,0.2,0.2,1.0,0.0,0.5,0.1,0.1,1.0,0.0,1.0
tailwindlabs__tailwindcss-553,tailwindlabs/tailwindcss,qwen3-coder:30b/content,11,True,2,1,1,10,0.5,1.0,1.0,1.0,0.0,1.0,0.6666666666666666,0.6666666666666666,1.0,1.0,1.0,0.4,0.4,1.0,1.0,1.0,0.2,0.2,1.0,1.0,1.0
tailwindlabs__tailwindcss-849,tailwindlabs/tailwindcss,qwen3-coder:30b/paths,11,True,2,1,1,10,0.0,0.0,0.0,0.0,0.0,0.5,0.3333333333333333,0.3333333333333333,1.0,0.0,1.0,0.4,0.4,1.0,1.0,1.0,0.2,0.2,1.0,1.0,0.5
tailwindlabs__tailwindcss-849,tailwindlabs/tailwindcss,qwen3-coder:30b/paths,29,True,2,1,1,10,0.0,0.0,0.0,0.0,0.0,0.5,0.3333333333333333,0.3333333333333333,1.0,0.0,1.0,0.4,0.4,1.0,1.0,1.0,0.2,0.2,1.0,1.0,0.5
tailwindlabs__tailwindcss-849,tailwindlabs/tailwindcss,qwen3-coder:30b/paths,47,True,2,1,1,10,0.0,0.0,0.0,0.0,0.0,0.5,0.3333333333333333,0.3333333333333333,1.0,0.0,1.0,0.4,0.4,1.0,1.0,1.0,0.2,0.2,1.0,1.0,0.5
tailwindlabs__tailwindcss-849,tailwindlabs/tailwindcss,qwen3-coder:30b/content,11,True,2,1,1,10,0.0,0.0,0.0,0.0,0.0,0.5,0.3333333333333333,0.3333333333333333,1.0,0.0,0.5,0.2,0.2,1.0,0.0,0.5,0.1,0.1,1.0,0.0,0.5
tailwindlabs__tailwindcss-849,tailwindlabs/tailwindcss,qwen3-coder:30b/content,29,True,2,1,1,10,0.0,0.0,0.0,0.0,0.0,0.5,0.3333333333333333,0.3333333333333333,1.0,0.0,0.5,0.2,0.2,1.0,0.0,0.5,0.1,0.1,1.0,0.0,0.5
tailwindlabs__tailwindcss-849,tailwindlabs/tailwindcss,qwen3-coder:30b/content,47,True,2,1,1,10,0.0,0.0,0.0,0.0,0.0,0.5,0.3333333333333333,0.3333333333333333,1.0,0.0,0.5,0.2,0.2,1.0,0.0,0.5,0.1,0.1,1.0,0.0,0.5
coder__code-server-4597,coder/code-server,qwen3-coder:30b/paths,11,True,8,7,1,10,0.125,1.0,1.0,0.14285714285714285,0.0,0.125,0.3333333333333333,0.3333333333333333,0.14285714285714285,0.0,0.125,0.2,0.2,0.14285714285714285,0.0,0.125,0.1,0.1,0.14285714285714285,0.0,1.0
coder__code-server-4597,coder/code-server,qwen3-coder:30b/content,11,True,8,7,1,10,0.0,0.0,0.0,0.0,0.0,0.0,0.0,0.0,0.0,0.0,0.0,0.0,0.0,0.0,0.0,0.0,0.0,0.0,0.0,0.0,0.0
coder__code-server-4678,coder/code-server,qwen3-coder:30b/paths,11,True,16,12,4,10,0.0625,1.0,1.0,0.08333333333333333,0.0,0.1875,1.0,1.0,0.25,0.0,0.1875,0.6,0.6,0.25,0.0,0.3125,0.5,0.5,0.4166666666666667,0.0,1.0
coder__code-server-4678,coder/code-server,qwen3-coder:30b/paths,29,True,16,12,4,10,0.0625,1.0,1.0,0.08333333333333333,0.0,0.1875,1.0,1.0,0.25,0.0,0.1875,0.6,0.6,0.25,0.0,0.3125,0.5,0.5,0.4166666666666667,0.0,1.0
coder__code-server-4678,coder/code-server,qwen3-coder:30b/paths,47,True,16,12,4,10,0.0625,1.0,1.0,0.08333333333333333,0.0,0.1875,1.0,1.0,0.25,0.0,0.1875,0.6,0.6,0.25,0.0,0.1875,0.3,0.3,0.25,0.0,1.0
coder__code-server-4678,coder/code-server,qwen3-coder:30b/content,11,True,16,12,4,10,0.0625,1.0,1.0,0.08333333333333333,0.0,0.1875,1.0,1.0,0.25,0.0,0.1875,0.6,0.6,0.25,0.0,0.25,0.4,0.4,0.3333333333333333,0.0,1.0
coder__code-server-4678,coder/code-server,qwen3-coder:30b/content,29,True,16,12,4,10,0.0625,1.0,1.0,0.08333333333333333,0.0,0.1875,1.0,1.0,0.25,0.0,0.1875,0.6,0.6,0.25,0.0,0.25,0.4,0.4,0.3333333333333333,0.0,1.0
coder__code-server-4678,coder/code-server,qwen3-coder:30b/content,47,True,16,12,4,10,0.0625,1.0,1.0,0.08333333333333333,0.0,0.1875,1.0,1.0,0.25,0.0,0.1875,0.6,0.6,0.25,0.0,0.25,0.4,0.4,0.3333333333333333,0.0,1.0
coder__code-server-4923,coder/code-server,qwen3-coder:30b/paths,11,True,4,2,2,10,0.0,0.0,0.0,0.0,0.0,0.25,0.3333333333333333,0.3333333333333333,0.5,0.0,0.25,0.2,0.2,0.5,0.0,1.0,0.4,0.4,1.0,1.0,0.5
coder__code-server-4923,coder/code-server,qwen3-coder:30b/paths,29,True,4,2,2,10,0.0,0.0,0.0,0.0,0.0,0.25,0.3333333333333333,0.3333333333333333,0.5,0.0,0.25,0.2,0.2,0.5,0.0,1.0,0.4,0.4,1.0,1.0,0.5
coder__code-server-4923,coder/code-server,qwen3-coder:30b/paths,47,True,4,2,2,10,0.0,0.0,0.0,0.0,0.0,0.25,0.3333333333333333,0.3333333333333333,0.5,0.0,0.25,0.2,0.2,0.5,0.0,1.0,0.4,0.4,1.0,1.0,0.5
coder__code-server-4923,coder/code-server,qwen3-coder:30b/content,11,True,4,2,2,10,0.25,1.0,1.0,0.5,0.0,0.5,0.6666666666666666,0.6666666666666666,0.5,0.5,1.0,0.8,0.8,1.0,1.0,1.0,0.4,0.4,1.0,1.0,1.0
coder__code-server-4923,coder/code-server,qwen3-coder:30b/content,29,True,4,2,2,10,0.25,1.0,1.0,0.5,0.0,0.5,0.6666666666666666,0.6666666666666666,0.5,0.5,1.0,0.8,0.8,1.0,1.0,1.0,0.4,0.4,1.0,1.0,1.0
coder__code-server-4923,coder/code-server,qwen3-coder:30b/content,47,True,4,2,2,10,0.25,1.0,1.0,0.5,0.0,0.5,0.6666666666666666,0.6666666666666666,0.5,0.5,1.0,0.8,0.8,1.0,1.0,1.0,0.4,0.4,1.0,1.0,1.0
coder__code-server-5633,coder/code-server,qwen3-coder:30b/paths,11,True,5,3,2,10,0.2,1.0,1.0,0.3333333333333333,0.0,0.4,0.6666666666666666,0.6666666666666666,0.6666666666666666,0.0,0.4,0.4,0.4,0.6666666666666666,0.0,0.6,0.3,0.3,1.0,0.0,1.0
coder__code-server-5633,coder/code-server,qwen3-coder:30b/content,11,True,5,3,2,10,0.2,1.0,1.0,0.3333333333333333,0.0,0.4,0.6666666666666666,0.6666666666666666,0.6666666666666666,0.0,0.6,0.6,0.6,1.0,0.0,0.8,0.4,0.4,1.0,0.5,1.0
coder__code-server-6115,coder/code-server,qwen3-coder:30b/paths,11,True,2,1,1,10,0.0,0.0,0.0,0.0,0.0,0.0,0.0,0.0,0.0,0.0,0.0,0.0,0.0,0.0,0.0,0.5,0.1,0.1,1.0,0.0,0.14285714285714285
coder__code-server-6115,coder/code-server,qwen3-coder:30b/content,11,True,2,1,1,10,0.0,0.0,0.0,0.0,0.0,0.0,0.0,0.0,0.0,0.0,0.0,0.0,0.0,0.0,0.0,0.0,0.0,0.0,0.0,0.0,0.0
coder__code-server-6225,coder/code-server,qwen3-coder:30b/paths,11,True,6,5,1,10,0.16666666666666666,1.0,1.0,0.2,0.0,0.3333333333333333,0.6666666666666666,0.6666666666666666,0.4,0.0,0.6666666666666666,0.8,0.8,0.8,0.0,1.0,0.6,0.6,1.0,1.0,1.0
coder__code-server-6225,coder/code-server,qwen3-coder:30b/content,11,True,6,5,1,10,0.16666666666666666,1.0,1.0,0.2,0.0,0.5,1.0,1.0,0.4,1.0,0.5,0.6,0.6,0.4,1.0,0.5,0.3,0.3,0.4,1.0,1.0
coder__code-server-6423,coder/code-server,qwen3-coder:30b/paths,11,True,2,1,1,10,0.0,0.0,0.0,0.0,0.0,0.5,0.3333333333333333,0.3333333333333333,1.0,0.0,1.0,0.4,0.4,1.0,1.0,1.0,0.2,0.2,1.0,1.0,0.5
coder__code-server-6423,coder/code-server,qwen3-coder:30b/content,11,True,2,1,1,10,0.5,1.0,1.0,1.0,0.0,0.5,0.3333333333333333,0.3333333333333333,1.0,0.0,1.0,0.4,0.4,1.0,1.0,1.0,0.2,0.2,1.0,1.0,1.0
huggingface__transformers-6744,huggingface/transformers,qwen3-coder:30b/paths,11,True,4,3,1,10,0.25,1.0,1.0,0.3333333333333333,0.0,0.5,0.6666666666666666,0.6666666666666666,0.3333333333333333,1.0,0.5,0.4,0.4,0.3333333333333333,1.0,0.5,0.2,0.2,0.3333333333333333,1.0,1.0
huggingface__transformers-6744,huggingface/transformers,qwen3-coder:30b/content,11,True,4,3,1,10,0.25,1.0,1.0,0.3333333333333333,0.0,0.5,0.6666666666666666,0.6666666666666666,0.3333333333333333,1.0,0.5,0.4,0.4,0.3333333333333333,1.0,0.5,0.2,0.2,0.3333333333333333,1.0,1.0
huggingface__transformers-7562,huggingface/transformers,qwen3-coder:30b/paths,11,True,7,3,4,10,0.14285714285714285,1.0,1.0,0.3333333333333333,0.0,0.2857142857142857,0.6666666666666666,0.6666666666666666,0.6666666666666666,0.0,0.2857142857142857,0.4,0.4,0.6666666666666666,0.0,0.2857142857142857,0.2,0.2,0.6666666666666666,0.0,1.0
huggingface__transformers-7562,huggingface/transformers,qwen3-coder:30b/content,11,True,7,3,4,10,0.14285714285714285,1.0,1.0,0.3333333333333333,0.0,0.2857142857142857,0.6666666666666666,0.6666666666666666,0.6666666666666666,0.0,0.2857142857142857,0.4,0.4,0.6666666666666666,0.0,0.2857142857142857,0.2,0.2,0.6666666666666666,0.0,1.0
huggingface__transformers-13573,huggingface/transformers,qwen3-coder:30b/paths,11,True,4,3,1,10,0.25,1.0,1.0,0.3333333333333333,0.0,0.25,0.3333333333333333,0.3333333333333333,0.3333333333333333,0.0,0.25,0.2,0.2,0.3333333333333333,0.0,0.25,0.1,0.1,0.3333333333333333,0.0,1.0
huggingface__transformers-13573,huggingface/transformers,qwen3-coder:30b/content,11,True,4,3,1,10,0.25,1.0,1.0,0.3333333333333333,0.0,0.25,0.3333333333333333,0.3333333333333333,0.3333333333333333,0.0,0.25,0.2,0.2,0.3333333333333333,0.0,0.25,0.1,0.1,0.3333333333333333,0.0,1.0
huggingface__transformers-13989,huggingface/transformers,qwen3-coder:30b/paths,11,True,8,4,4,10,0.0,0.0,0.0,0.0,0.0,0.0,0.0,0.0,0.0,0.0,0.0,0.0,0.0,0.0,0.0,0.0,0.0,0.0,0.0,0.0,0.0
huggingface__transformers-13989,huggingface/transformers,qwen3-coder:30b/content,11,True,8,4,4,10,0.0,0.0,0.0,0.0,0.0,0.0,0.0,0.0,0.0,0.0,0.0,0.0,0.0,0.0,0.0,0.0,0.0,0.0,0.0,0.0,0.0
huggingface__transformers-15473,huggingface/transformers,qwen3-coder:30b/paths,11,True,4,3,1,10,0.25,1.0,1.0,0.3333333333333333,0.0,0.25,0.3333333333333333,0.3333333333333333,0.3333333333333333,0.0,0.25,0.2,0.2,0.3333333333333333,0.0,0.25,0.1,0.1,0.3333333333333333,0.0,1.0
huggingface__transformers-15473,huggingface/transformers,qwen3-coder:30b/content,11,True,4,3,1,10,0.25,1.0,1.0,0.3333333333333333,0.0,0.25,0.3333333333333333,0.3333333333333333,0.3333333333333333,0.0,0.25,0.2,0.2,0.3333333333333333,0.0,0.25,0.1,0.1,0.3333333333333333,0.0,1.0
huggingface__transformers-15795,huggingface/transformers,qwen3-coder:30b/paths,11,True,2,1,1,10,0.5,1.0,1.0,1.0,0.0,0.5,0.3333333333333333,0.3333333333333333,1.0,0.0,0.5,0.2,0.2,1.0,0.0,0.5,0.1,0.1,1.0,0.0,1.0
huggingface__transformers-15795,huggingface/transformers,qwen3-coder:30b/content,11,True,2,1,1,10,0.5,1.0,1.0,1.0,0.0,0.5,0.3333333333333333,0.3333333333333333,1.0,0.0,0.5,0.2,0.2,1.0,0.0,0.5,0.1,0.1,1.0,0.0,1.0
huggingface__transformers-15831,huggingface/transformers,qwen3-coder:30b/paths,11,True,6,4,2,10,0.16666666666666666,1.0,1.0,0.25,0.0,0.5,1.0,1.0,0.75,0.0,0.6666666666666666,0.8,0.8,0.75,0.5,0.6666666666666666,0.4,0.4,0.75,0.5,1.0
huggingface__transformers-15831,huggingface/transformers,qwen3-coder:30b/content,11,True,6,4,2,10,0.16666666666666666,1.0,1.0,0.25,0.0,0.5,1.0,1.0,0.75,0.0,0.6666666666666666,0.8,0.8,0.75,0.5,0.6666666666666666,0.4,0.4,0.75,0.5,1.0
huggingface__transformers-15913,huggingface/transformers,qwen3-coder:30b/paths,11,True,2,1,1,10,0.5,1.0,1.0,1.0,0.0,1.0,0.6666666666666666,0.6666666666666666,1.0,1.0,1.0,0.4,0.4,1.0,1.0,1.0,0.2,0.2,1.0,1.0,1.0
huggingface__transformers-15913,huggingface/transformers,qwen3-coder:30b/content,11,True,2,1,1,10,0.5,1.0,1.0,1.0,0.0,1.0,0.6666666666666666,0.6666666666666666,1.0,1.0,1.0,0.4,0.4,1.0,1.0,1.0,0.2,0.2,1.0,1.0,1.0
huggingface__transformers-19219,huggingface/transformers,qwen3-coder:30b/paths,11,True,2,1,1,2,0.5,1.0,1.0,1.0,0.0,0.5,0.3333333333333333,0.5,1.0,0.0,0.5,0.2,0.5,1.0,0.0,0.5,0.1,0.5,1.0,0.0,1.0
huggingface__transformers-19219,huggingface/transformers,qwen3-coder:30b/content,11,True,2,1,1,10,0.5,1.0,1.0,1.0,0.0,0.5,0.3333333333333333,0.3333333333333333,1.0,0.0,0.5,0.2,0.2,1.0,0.0,0.5,0.1,0.1,1.0,0.0,1.0
huggingface__transformers-19590,huggingface/transformers,qwen3-coder:30b/paths,11,True,2,1,1,2,0.5,1.0,1.0,1.0,0.0,1.0,0.6666666666666666,1.0,1.0,1.0,1.0,0.4,1.0,1.0,1.0,1.0,0.2,1.0,1.0,1.0,1.0
huggingface__transformers-19590,huggingface/transformers,qwen3-coder:30b/content,11,True,2,1,1,2,0.5,1.0,1.0,1.0,0.0,1.0,0.6666666666666666,1.0,1.0,1.0,1.0,0.4,1.0,1.0,1.0,1.0,0.2,1.0,1.0,1.0,1.0
huggingface__transformers-20136,huggingface/transformers,qwen3-coder:30b/paths,11,True,7,5,2,10,0.14285714285714285,1.0,1.0,0.2,0.0,0.42857142857142855,1.0,1.0,0.4,0.5,0.5714285714285714,0.8,0.8,0.4,1.0,0.8571428571428571,0.6,0.6,0.8,1.0,1.0
huggingface__transformers-20136,huggingface/transformers,qwen3-coder:30b/paths,29,True,7,5,2,10,0.14285714285714285,1.0,1.0,0.2,0.0,0.42857142857142855,1.0,1.0,0.4,0.5,0.5714285714285714,0.8,0.8,0.4,1.0,0.8571428571428571,0.6,0.6,0.8,1.0,1.0
huggingface__transformers-20136,huggingface/transformers,qwen3-coder:30b/paths,47,True,7,5,2,10,0.14285714285714285,1.0,1.0,0.2,0.0,0.42857142857142855,1.0,1.0,0.4,0.5,0.5714285714285714,0.8,0.8,0.4,1.0,0.8571428571428571,0.6,0.6,0.8,1.0,1.0
huggingface__transformers-20136,huggingface/transformers,qwen3-coder:30b/content,11,True,7,5,2,10,0.14285714285714285,1.0,1.0,0.2,0.0,0.42857142857142855,1.0,1.0,0.4,0.5,0.5714285714285714,0.8,0.8,0.4,1.0,0.5714285714285714,0.4,0.4,0.4,1.0,1.0
huggingface__transformers-20136,huggingface/transformers,qwen3-coder:30b/content,29,True,7,5,2,10,0.14285714285714285,1.0,1.0,0.2,0.0,0.42857142857142855,1.0,1.0,0.4,0.5,0.5714285714285714,0.8,0.8,0.4,1.0,0.5714285714285714,0.4,0.4,0.4,1.0,1.0
huggingface__transformers-20136,huggingface/transformers,qwen3-coder:30b/content,47,True,7,5,2,10,0.14285714285714285,1.0,1.0,0.2,0.0,0.42857142857142855,1.0,1.0,0.4,0.5,0.7142857142857143,1.0,1.0,0.6,1.0,0.7142857142857143,0.5,0.5,0.6,1.0,1.0
huggingface__transformers-21345,huggingface/transformers,qwen3-coder:30b/paths,11,True,2,1,1,10,0.5,1.0,1.0,1.0,0.0,0.5,0.3333333333333333,0.3333333333333333,1.0,0.0,0.5,0.2,0.2,1.0,0.0,0.5,0.1,0.1,1.0,0.0,1.0
huggingface__transformers-21345,huggingface/transformers,qwen3-coder:30b/content,11,True,2,1,1,10,0.5,1.0,1.0,1.0,0.0,0.5,0.3333333333333333,0.3333333333333333,1.0,0.0,0.5,0.2,0.2,1.0,0.0,0.5,0.1,0.1,1.0,0.0,1.0
huggingface__transformers-21768,huggingface/transformers,qwen3-coder:30b/paths,11,True,2,1,1,2,0.5,1.0,1.0,1.0,0.0,1.0,0.6666666666666666,1.0,1.0,1.0,1.0,0.4,1.0,1.0,1.0,1.0,0.2,1.0,1.0,1.0,1.0
huggingface__transformers-21768,huggingface/transformers,qwen3-coder:30b/content,11,True,2,1,1,2,0.5,1.0,1.0,1.0,0.0,1.0,0.6666666666666666,1.0,1.0,1.0,1.0,0.4,1.0,1.0,1.0,1.0,0.2,1.0,1.0,1.0,1.0
huggingface__transformers-23126,huggingface/transformers,qwen3-coder:30b/paths,11,True,2,1,1,2,0.5,1.0,1.0,1.0,0.0,1.0,0.6666666666666666,1.0,1.0,1.0,1.0,0.4,1.0,1.0,1.0,1.0,0.2,1.0,1.0,1.0,1.0
huggingface__transformers-23126,huggingface/transformers,qwen3-coder:30b/content,11,True,2,1,1,2,0.5,1.0,1.0,1.0,0.0,1.0,0.6666666666666666,1.0,1.0,1.0,1.0,0.4,1.0,1.0,1.0,1.0,0.2,1.0,1.0,1.0,1.0
huggingface__transformers-24510,huggingface/transformers,qwen3-coder:30b/paths,11,True,12,10,2,10,0.08333333333333333,1.0,1.0,0.1,0.0,0.08333333333333333,0.3333333333333333,0.3333333333333333,0.1,0.0,0.08333333333333333,0.2,0.2,0.1,0.0,0.08333333333333333,0.1,0.1,0.1,0.0,1.0
huggingface__transformers-24510,huggingface/transformers,qwen3-coder:30b/paths,29,True,12,10,2,10,0.08333333333333333,1.0,1.0,0.1,0.0,0.08333333333333333,0.3333333333333333,0.3333333333333333,0.1,0.0,0.08333333333333333,0.2,0.2,0.1,0.0,0.08333333333333333,0.1,0.1,0.1,0.0,1.0
huggingface__transformers-24510,huggingface/transformers,qwen3-coder:30b/paths,47,True,12,10,2,10,0.08333333333333333,1.0,1.0,0.1,0.0,0.08333333333333333,0.3333333333333333,0.3333333333333333,0.1,0.0,0.08333333333333333,0.2,0.2,0.1,0.0,0.08333333333333333,0.1,0.1,0.1,0.0,1.0
huggingface__transformers-24510,huggingface/transformers,qwen3-coder:30b/content,11,True,12,10,2,10,0.0,0.0,0.0,0.0,0.0,0.0,0.0,0.0,0.0,0.0,0.08333333333333333,0.2,0.2,0.1,0.0,0.08333333333333333,0.1,0.1,0.1,0.0,0.25
huggingface__transformers-24510,huggingface/transformers,qwen3-coder:30b/content,29,True,12,10,2,10,0.0,0.0,0.0,0.0,0.0,0.0,0.0,0.0,0.0,0.0,0.08333333333333333,0.2,0.2,0.1,0.0,0.08333333333333333,0.1,0.1,0.1,0.0,0.25
huggingface__transformers-24510,huggingface/transformers,qwen3-coder:30b/content,47,True,12,10,2,10,0.0,0.0,0.0,0.0,0.0,0.0,0.0,0.0,0.0,0.0,0.08333333333333333,0.2,0.2,0.1,0.0,0.08333333333333333,0.1,0.1,0.1,0.0,0.25
huggingface__transformers-26386,huggingface/transformers,qwen3-coder:30b/paths,11,True,2,1,1,10,0.5,1.0,1.0,1.0,0.0,0.5,0.3333333333333333,0.3333333333333333,1.0,0.0,0.5,0.2,0.2,1.0,0.0,0.5,0.1,0.1,1.0,0.0,1.0
huggingface__transformers-26386,huggingface/transformers,qwen3-coder:30b/content,11,True,2,1,1,10,0.5,1.0,1.0,1.0,0.0,0.5,0.3333333333333333,0.3333333333333333,1.0,0.0,0.5,0.2,0.2,1.0,0.0,0.5,0.1,0.1,1.0,0.0,1.0
huggingface__transformers-26568,huggingface/transformers,qwen3-coder:30b/paths,11,True,3,2,1,10,0.3333333333333333,1.0,1.0,0.5,0.0,1.0,1.0,1.0,1.0,1.0,1.0,0.6,0.6,1.0,1.0,1.0,0.3,0.3,1.0,1.0,1.0
huggingface__transformers-26568,huggingface/transformers,qwen3-coder:30b/content,11,True,3,2,1,10,0.3333333333333333,1.0,1.0,0.5,0.0,1.0,1.0,1.0,1.0,1.0,1.0,0.6,0.6,1.0,1.0,1.0,0.3,0.3,1.0,1.0,1.0
huggingface__transformers-27463,huggingface/transformers,qwen3-coder:30b/paths,11,True,4,3,1,10,0.25,1.0,1.0,0.3333333333333333,0.0,0.25,0.3333333333333333,0.3333333333333333,0.3333333333333333,0.0,0.25,0.2,0.2,0.3333333333333333,0.0,0.25,0.1,0.1,0.3333333333333333,0.0,1.0
huggingface__transformers-27463,huggingface/transformers,qwen3-coder:30b/content,11,True,4,3,1,10,0.25,1.0,1.0,0.3333333333333333,0.0,0.25,0.3333333333333333,0.3333333333333333,0.3333333333333333,0.0,0.25,0.2,0.2,0.3333333333333333,0.0,0.25,0.1,0.1,0.3333333333333333,0.0,1.0
huggingface__transformers-27561,huggingface/transformers,qwen3-coder:30b/paths,11,True,4,3,1,10,0.25,1.0,1.0,0.3333333333333333,0.0,0.5,0.6666666666666666,0.6666666666666666,0.3333333333333333,1.0,0.5,0.4,0.4,0.3333333333333333,1.0,0.75,0.3,0.3,0.6666666666666666,1.0,1.0
huggingface__transformers-27561,huggingface/transformers,qwen3-coder:30b/content,11,True,4,3,1,10,0.25,1.0,1.0,0.3333333333333333,0.0,0.5,0.6666666666666666,0.6666666666666666,0.3333333333333333,1.0,0.5,0.4,0.4,0.3333333333333333,1.0,0.5,0.2,0.2,0.3333333333333333,1.0,1.0
huggingface__transformers-27717,huggingface/transformers,qwen3-coder:30b/paths,11,True,4,3,1,10,0.25,1.0,1.0,0.3333333333333333,0.0,0.75,1.0,1.0,0.6666666666666666,1.0,0.75,0.6,0.6,0.6666666666666666,1.0,1.0,0.4,0.4,1.0,1.0,1.0
huggingface__transformers-27717,huggingface/transformers,qwen3-coder:30b/content,11,True,4,3,1,10,0.25,1.0,1.0,0.3333333333333333,0.0,0.5,0.6666666666666666,0.6666666666666666,0.6666666666666666,0.0,0.5,0.4,0.4,0.6666666666666666,0.0,0.75,0.3,0.3,0.6666666666666666,1.0,1.0
huggingface__transformers-28517,huggingface/transformers,qwen3-coder:30b/paths,11,True,2,1,1,10,0.5,1.0,1.0,1.0,0.0,1.0,0.6666666666666666,0.6666666666666666,1.0,1.0,1.0,0.4,0.4,1.0,1.0,1.0,0.2,0.2,1.0,1.0,1.0
huggingface__transformers-28517,huggingface/transformers,qwen3-coder:30b/content,11,True,2,1,1,10,0.5,1.0,1.0,1.0,0.0,1.0,0.6666666666666666,0.6666666666666666,1.0,1.0,1.0,0.4,0.4,1.0,1.0,1.0,0.2,0.2,1.0,1.0,1.0
huggingface__transformers-28940,huggingface/transformers,qwen3-coder:30b/paths,11,True,2,1,1,10,0.5,1.0,1.0,1.0,0.0,0.5,0.3333333333333333,0.3333333333333333,1.0,0.0,0.5,0.2,0.2,1.0,0.0,0.5,0.1,0.1,1.0,0.0,1.0
huggingface__transformers-28940,huggingface/transformers,qwen3-coder:30b/content,11,True,2,1,1,10,0.5,1.0,1.0,1.0,0.0,0.5,0.3333333333333333,0.3333333333333333,1.0,0.0,0.5,0.2,0.2,1.0,0.0,0.5,0.1,0.1,1.0,0.0,1.0
huggingface__transformers-29589,huggingface/transformers,qwen3-coder:30b/paths,11,True,5,3,2,10,0.0,0.0,0.0,0.0,0.0,0.2,0.3333333333333333,0.3333333333333333,0.3333333333333333,0.0,0.4,0.4,0.4,0.3333333333333333,0.5,0.4,0.2,0.2,0.3333333333333333,0.5,0.5
huggingface__transformers-29589,huggingface/transformers,qwen3-coder:30b/content,11,True,5,3,2,10,0.0,0.0,0.0,0.0,0.0,0.2,0.3333333333333333,0.3333333333333333,0.3333333333333333,0.0,0.2,0.2,0.2,0.3333333333333333,0.0,0.2,0.1,0.1,0.3333333333333333,0.0,0.5
huggingface__transformers-29688,huggingface/transformers,qwen3-coder:30b/paths,11,True,2,1,1,10,0.5,1.0,1.0,1.0,0.0,0.5,0.3333333333333333,0.3333333333333333,1.0,0.0,0.5,0.2,0.2,1.0,0.0,1.0,0.2,0.2,1.0,1.0,1.0
huggingface__transformers-29688,huggingface/transformers,qwen3-coder:30b/content,11,True,2,1,1,10,0.5,1.0,1.0,1.0,0.0,0.5,0.3333333333333333,0.3333333333333333,1.0,0.0,0.5,0.2,0.2,1.0,0.0,1.0,0.2,0.2,1.0,1.0,1.0
huggingface__transformers-29838,huggingface/transformers,qwen3-coder:30b/paths,11,True,2,1,1,10,0.5,1.0,1.0,1.0,0.0,0.5,0.3333333333333333,0.3333333333333333,1.0,0.0,0.5,0.2,0.2,1.0,0.0,1.0,0.2,0.2,1.0,1.0,1.0
huggingface__transformers-29838,huggingface/transformers,qwen3-coder:30b/content,11,True,2,1,1,10,0.5,1.0,1.0,1.0,0.0,0.5,0.3333333333333333,0.3333333333333333,1.0,0.0,0.5,0.2,0.2,1.0,0.0,0.5,0.1,0.1,1.0,0.0,1.0
huggingface__transformers-31095,huggingface/transformers,qwen3-coder:30b/paths,11,True,3,2,1,10,0.3333333333333333,1.0,1.0,0.5,0.0,0.6666666666666666,0.6666666666666666,0.6666666666666666,1.0,0.0,0.6666666666666666,0.4,0.4,1.0,0.0,0.6666666666666666,0.2,0.2,1.0,0.0,1.0
huggingface__transformers-31095,huggingface/transformers,qwen3-coder:30b/content,11,True,3,2,1,10,0.3333333333333333,1.0,1.0,0.5,0.0,0.6666666666666666,0.6666666666666666,0.6666666666666666,1.0,0.0,0.6666666666666666,0.4,0.4,1.0,0.0,0.6666666666666666,0.2,0.2,1.0,0.0,1.0
huggingface__transformers-31247,huggingface/transformers,qwen3-coder:30b/paths,11,True,4,3,1,10,0.25,1.0,1.0,0.3333333333333333,0.0,0.5,0.6666666666666666,0.6666666666666666,0.3333333333333333,1.0,0.5,0.4,0.4,0.3333333333333333,1.0,0.5,0.2,0.2,0.3333333333333333,1.0,1.0
huggingface__transformers-31247,huggingface/transformers,qwen3-coder:30b/content,11,True,4,3,1,10,0.25,1.0,1.0,0.3333333333333333,0.0,0.5,0.6666666666666666,0.6666666666666666,0.3333333333333333,1.0,0.5,0.4,0.4,0.3333333333333333,1.0,0.5,0.2,0.2,0.3333333333333333,1.0,1.0
langchain-ai__langchain-5450,langchain-ai/langchain,qwen3-coder:30b/paths,11,True,2,1,1,10,0.0,0.0,0.0,0.0,0.0,0.5,0.3333333333333333,0.3333333333333333,1.0,0.0,0.5,0.2,0.2,1.0,0.0,0.5,0.1,0.1,1.0,0.0,0.5
langchain-ai__langchain-5450,langchain-ai/langchain,qwen3-coder:30b/paths,29,True,2,1,1,10,0.0,0.0,0.0,0.0,0.0,0.5,0.3333333333333333,0.3333333333333333,1.0,0.0,0.5,0.2,0.2,1.0,0.0,0.5,0.1,0.1,1.0,0.0,0.5
langchain-ai__langchain-5450,langchain-ai/langchain,qwen3-coder:30b/paths,47,True,2,1,1,10,0.0,0.0,0.0,0.0,0.0,0.5,0.3333333333333333,0.3333333333333333,1.0,0.0,0.5,0.2,0.2,1.0,0.0,0.5,0.1,0.1,1.0,0.0,0.5
langchain-ai__langchain-5450,langchain-ai/langchain,qwen3-coder:30b/content,11,True,2,1,1,10,0.5,1.0,1.0,1.0,0.0,0.5,0.3333333333333333,0.3333333333333333,1.0,0.0,0.5,0.2,0.2,1.0,0.0,0.5,0.1,0.1,1.0,0.0,1.0
langchain-ai__langchain-5450,langchain-ai/langchain,qwen3-coder:30b/content,29,True,2,1,1,10,0.5,1.0,1.0,1.0,0.0,0.5,0.3333333333333333,0.3333333333333333,1.0,0.0,0.5,0.2,0.2,1.0,0.0,0.5,0.1,0.1,1.0,0.0,1.0
langchain-ai__langchain-5450,langchain-ai/langchain,qwen3-coder:30b/content,47,True,2,1,1,10,0.5,1.0,1.0,1.0,0.0,0.5,0.3333333333333333,0.3333333333333333,1.0,0.0,0.5,0.2,0.2,1.0,0.0,0.5,0.1,0.1,1.0,0.0,1.0
langchain-ai__langchain-19331,langchain-ai/langchain,qwen3-coder:30b/paths,11,True,1,1,0,10,1.0,1.0,1.0,1.0,,1.0,0.3333333333333333,0.3333333333333333,1.0,,1.0,0.2,0.2,1.0,,1.0,0.1,0.1,1.0,,1.0
langchain-ai__langchain-19331,langchain-ai/langchain,qwen3-coder:30b/paths,29,True,1,1,0,10,1.0,1.0,1.0,1.0,,1.0,0.3333333333333333,0.3333333333333333,1.0,,1.0,0.2,0.2,1.0,,1.0,0.1,0.1,1.0,,1.0
langchain-ai__langchain-19331,langchain-ai/langchain,qwen3-coder:30b/paths,47,True,1,1,0,10,1.0,1.0,1.0,1.0,,1.0,0.3333333333333333,0.3333333333333333,1.0,,1.0,0.2,0.2,1.0,,1.0,0.1,0.1,1.0,,1.0
langchain-ai__langchain-19331,langchain-ai/langchain,qwen3-coder:30b/content,11,True,1,1,0,10,1.0,1.0,1.0,1.0,,1.0,0.3333333333333333,0.3333333333333333,1.0,,1.0,0.2,0.2,1.0,,1.0,0.1,0.1,1.0,,1.0
langchain-ai__langchain-19331,langchain-ai/langchain,qwen3-coder:30b/content,29,True,1,1,0,10,1.0,1.0,1.0,1.0,,1.0,0.3333333333333333,0.3333333333333333,1.0,,1.0,0.2,0.2,1.0,,1.0,0.1,0.1,1.0,,1.0
langchain-ai__langchain-19331,langchain-ai/langchain,qwen3-coder:30b/content,47,True,1,1,0,10,1.0,1.0,1.0,1.0,,1.0,0.3333333333333333,0.3333333333333333,1.0,,1.0,0.2,0.2,1.0,,1.0,0.1,0.1,1.0,,1.0
yt-dlp__yt-dlp-1649,yt-dlp/yt-dlp,qwen3-coder:30b/paths,11,True,15,14,1,10,0.06666666666666667,1.0,1.0,0.07142857142857142,0.0,0.2,1.0,1.0,0.21428571428571427,0.0,0.26666666666666666,0.8,0.8,0.2857142857142857,0.0,0.4,0.6,0.6,0.42857142857142855,0.0,1.0
yt-dlp__yt-dlp-1649,yt-dlp/yt-dlp,qwen3-coder:30b/content,11,True,15,14,1,10,0.06666666666666667,1.0,1.0,0.07142857142857142,0.0,0.2,1.0,1.0,0.21428571428571427,0.0,0.26666666666666666,0.8,0.8,0.2857142857142857,0.0,0.26666666666666666,0.4,0.4,0.2857142857142857,0.0,1.0
yt-dlp__yt-dlp-3435,yt-dlp/yt-dlp,qwen3-coder:30b/paths,11,True,6,5,1,10,0.0,0.0,0.0,0.0,0.0,0.16666666666666666,0.3333333333333333,0.3333333333333333,0.2,0.0,0.16666666666666666,0.2,0.2,0.2,0.0,0.16666666666666666,0.1,0.1,0.2,0.0,0.3333333333333333
yt-dlp__yt-dlp-3435,yt-dlp/yt-dlp,qwen3-coder:30b/paths,29,True,6,5,1,10,0.0,0.0,0.0,0.0,0.0,0.16666666666666666,0.3333333333333333,0.3333333333333333,0.2,0.0,0.16666666666666666,0.2,0.2,0.2,0.0,0.16666666666666666,0.1,0.1,0.2,0.0,0.3333333333333333
yt-dlp__yt-dlp-3435,yt-dlp/yt-dlp,qwen3-coder:30b/paths,47,True,6,5,1,10,0.0,0.0,0.0,0.0,0.0,0.16666666666666666,0.3333333333333333,0.3333333333333333,0.2,0.0,0.16666666666666666,0.2,0.2,0.2,0.0,0.16666666666666666,0.1,0.1,0.2,0.0,0.3333333333333333
yt-dlp__yt-dlp-3435,yt-dlp/yt-dlp,qwen3-coder:30b/content,11,True,6,5,1,10,0.0,0.0,0.0,0.0,0.0,0.0,0.0,0.0,0.0,0.0,0.0,0.0,0.0,0.0,0.0,0.0,0.0,0.0,0.0,0.0,0.0
yt-dlp__yt-dlp-3435,yt-dlp/yt-dlp,qwen3-coder:30b/content,29,True,6,5,1,10,0.0,0.0,0.0,0.0,0.0,0.0,0.0,0.0,0.0,0.0,0.0,0.0,0.0,0.0,0.0,0.16666666666666666,0.1,0.1,0.2,0.0,0.16666666666666666
yt-dlp__yt-dlp-3435,yt-dlp/yt-dlp,qwen3-coder:30b/content,47,True,6,5,1,10,0.0,0.0,0.0,0.0,0.0,0.0,0.0,0.0,0.0,0.0,0.16666666666666666,0.2,0.2,0.2,0.0,0.16666666666666666,0.1,0.1,0.2,0.0,0.2
yt-dlp__yt-dlp-4524,yt-dlp/yt-dlp,qwen3-coder:30b/paths,11,True,4,3,1,10,0.25,1.0,1.0,0.3333333333333333,0.0,0.25,0.3333333333333333,0.3333333333333333,0.3333333333333333,0.0,0.25,0.2,0.2,0.3333333333333333,0.0,0.25,0.1,0.1,0.3333333333333333,0.0,1.0
yt-dlp__yt-dlp-4524,yt-dlp/yt-dlp,qwen3-coder:30b/content,11,True,4,3,1,10,0.0,0.0,0.0,0.0,0.0,0.25,0.3333333333333333,0.3333333333333333,0.3333333333333333,0.0,0.25,0.2,0.2,0.3333333333333333,0.0,0.25,0.1,0.1,0.3333333333333333,0.0,0.5
yt-dlp__yt-dlp-8917,yt-dlp/yt-dlp,qwen3-coder:30b/paths,11,True,7,5,2,10,0.0,0.0,0.0,0.0,0.0,0.2857142857142857,0.6666666666666666,0.6666666666666666,0.4,0.0,0.2857142857142857,0.4,0.4,0.4,0.0,0.42857142857142855,0.3,0.3,0.6,0.0,0.5
yt-dlp__yt-dlp-8917,yt-dlp/yt-dlp,qwen3-coder:30b/paths,29,True,7,5,2,10,0.0,0.0,0.0,0.0,0.0,0.2857142857142857,0.6666666666666666,0.6666666666666666,0.4,0.0,0.2857142857142857,0.4,0.4,0.4,0.0,0.42857142857142855,0.3,0.3,0.6,0.0,0.5
yt-dlp__yt-dlp-8917,yt-dlp/yt-dlp,qwen3-coder:30b/paths,47,True,7,5,2,10,0.0,0.0,0.0,0.0,0.0,0.2857142857142857,0.6666666666666666,0.6666666666666666,0.4,0.0,0.2857142857142857,0.4,0.4,0.4,0.0,0.42857142857142855,0.3,0.3,0.6,0.0,0.5
yt-dlp__yt-dlp-8917,yt-dlp/yt-dlp,qwen3-coder:30b/content,11,True,7,5,2,10,0.14285714285714285,1.0,1.0,0.2,0.0,0.2857142857142857,0.6666666666666666,0.6666666666666666,0.4,0.0,0.2857142857142857,0.4,0.4,0.4,0.0,0.42857142857142855,0.3,0.3,0.6,0.0,1.0
yt-dlp__yt-dlp-8917,yt-dlp/yt-dlp,qwen3-coder:30b/content,29,True,7,5,2,10,0.14285714285714285,1.0,1.0,0.2,0.0,0.2857142857142857,0.6666666666666666,0.6666666666666666,0.4,0.0,0.2857142857142857,0.4,0.4,0.4,0.0,0.42857142857142855,0.3,0.3,0.6,0.0,1.0
yt-dlp__yt-dlp-8917,yt-dlp/yt-dlp,qwen3-coder:30b/content,47,True,7,5,2,10,0.14285714285714285,1.0,1.0,0.2,0.0,0.2857142857142857,0.6666666666666666,0.6666666666666666,0.4,0.0,0.42857142857142855,0.6,0.6,0.6,0.0,0.5714285714285714,0.4,0.4,0.8,0.0,1.0
keras-team__keras-3907,keras-team/keras,qwen3-coder:30b/paths,11,True,3,2,1,10,0.0,0.0,0.0,0.0,0.0,0.3333333333333333,0.3333333333333333,0.3333333333333333,0.0,1.0,0.3333333333333333,0.2,0.2,0.0,1.0,0.6666666666666666,0.2,0.2,0.5,1.0,0.3333333333333333
keras-team__keras-3907,keras-team/keras,qwen3-coder:30b/paths,29,True,3,2,1,10,0.0,0.0,0.0,0.0,0.0,0.3333333333333333,0.3333333333333333,0.3333333333333333,0.0,1.0,0.3333333333333333,0.2,0.2,0.0,1.0,0.6666666666666666,0.2,0.2,0.5,1.0,0.3333333333333333
keras-team__keras-3907,keras-team/keras,qwen3-coder:30b/paths,47,True,3,2,1,10,0.0,0.0,0.0,0.0,0.0,0.3333333333333333,0.3333333333333333,0.3333333333333333,0.0,1.0,0.3333333333333333,0.2,0.2,0.0,1.0,0.6666666666666666,0.2,0.2,0.5,1.0,0.3333333333333333
keras-team__keras-3907,keras-team/keras,qwen3-coder:30b/content,11,True,3,2,1,10,0.0,0.0,0.0,0.0,0.0,0.0,0.0,0.0,0.0,0.0,0.3333333333333333,0.2,0.2,0.0,1.0,0.6666666666666666,0.2,0.2,0.5,1.0,0.25
keras-team__keras-3907,keras-team/keras,qwen3-coder:30b/content,29,True,3,2,1,10,0.0,0.0,0.0,0.0,0.0,0.0,0.0,0.0,0.0,0.0,0.3333333333333333,0.2,0.2,0.0,1.0,0.6666666666666666,0.2,0.2,0.5,1.0,0.25
keras-team__keras-3907,keras-team/keras,qwen3-coder:30b/content,47,True,3,2,1,10,0.0,0.0,0.0,0.0,0.0,0.0,0.0,0.0,0.0,0.0,0.3333333333333333,0.2,0.2,0.0,1.0,0.6666666666666666,0.2,0.2,0.5,1.0,0.25
keras-team__keras-3983,keras-team/keras,qwen3-coder:30b/paths,11,True,2,1,1,10,0.5,1.0,1.0,1.0,0.0,1.0,0.6666666666666666,0.6666666666666666,1.0,1.0,1.0,0.4,0.4,1.0,1.0,1.0,0.2,0.2,1.0,1.0,1.0
keras-team__keras-3983,keras-team/keras,qwen3-coder:30b/paths,29,True,2,1,1,10,0.5,1.0,1.0,1.0,0.0,1.0,0.6666666666666666,0.6666666666666666,1.0,1.0,1.0,0.4,0.4,1.0,1.0,1.0,0.2,0.2,1.0,1.0,1.0
keras-team__keras-3983,keras-team/keras,qwen3-coder:30b/paths,47,True,2,1,1,10,0.5,1.0,1.0,1.0,0.0,1.0,0.6666666666666666,0.6666666666666666,1.0,1.0,1.0,0.4,0.4,1.0,1.0,1.0,0.2,0.2,1.0,1.0,1.0
keras-team__keras-3983,keras-team/keras,qwen3-coder:30b/content,11,True,2,1,1,10,0.5,1.0,1.0,1.0,0.0,1.0,0.6666666666666666,0.6666666666666666,1.0,1.0,1.0,0.4,0.4,1.0,1.0,1.0,0.2,0.2,1.0,1.0,1.0
keras-team__keras-3983,keras-team/keras,qwen3-coder:30b/content,29,True,2,1,1,10,0.5,1.0,1.0,1.0,0.0,1.0,0.6666666666666666,0.6666666666666666,1.0,1.0,1.0,0.4,0.4,1.0,1.0,1.0,0.2,0.2,1.0,1.0,1.0
keras-team__keras-3983,keras-team/keras,qwen3-coder:30b/content,47,True,2,1,1,10,0.5,1.0,1.0,1.0,0.0,1.0,0.6666666666666666,0.6666666666666666,1.0,1.0,1.0,0.4,0.4,1.0,1.0,1.0,0.2,0.2,1.0,1.0,1.0
keras-team__keras-18649,keras-team/keras,qwen3-coder:30b/paths,11,True,6,5,1,10,0.0,0.0,0.0,0.0,0.0,0.16666666666666666,0.3333333333333333,0.3333333333333333,0.2,0.0,0.16666666666666666,0.2,0.2,0.2,0.0,0.3333333333333333,0.2,0.2,0.4,0.0,0.3333333333333333
keras-team__keras-18649,keras-team/keras,qwen3-coder:30b/content,11,True,6,5,1,10,0.0,0.0,0.0,0.0,0.0,0.0,0.0,0.0,0.0,0.0,0.16666666666666666,0.2,0.2,0.2,0.0,0.16666666666666666,0.1,0.1,0.2,0.0,0.2
keras-team__keras-18852,keras-team/keras,qwen3-coder:30b/paths,11,True,7,4,3,10,0.14285714285714285,1.0,1.0,0.25,0.0,0.14285714285714285,0.3333333333333333,0.3333333333333333,0.25,0.0,0.14285714285714285,0.2,0.2,0.25,0.0,0.14285714285714285,0.1,0.1,0.25,0.0,1.0
keras-team__keras-18852,keras-team/keras,qwen3-coder:30b/content,11,True,7,4,3,10,0.0,0.0,0.0,0.0,0.0,0.14285714285714285,0.3333333333333333,0.3333333333333333,0.25,0.0,0.14285714285714285,0.2,0.2,0.25,0.0,0.14285714285714285,0.1,0.1,0.25,0.0,0.5
keras-team__keras-19903,keras-team/keras,qwen3-coder:30b/paths,11,True,8,7,1,10,0.125,1.0,1.0,0.14285714285714285,0.0,0.25,0.6666666666666666,0.6666666666666666,0.2857142857142857,0.0,0.5,0.8,0.8,0.5714285714285714,0.0,0.625,0.5,0.5,0.7142857142857143,0.0,1.0
keras-team__keras-19903,keras-team/keras,qwen3-coder:30b/content,11,True,8,7,1,10,0.0,0.0,0.0,0.0,0.0,0.25,0.6666666666666666,0.6666666666666666,0.2857142857142857,0.0,0.375,0.6,0.6,0.42857142857142855,0.0,0.375,0.3,0.3,0.42857142857142855,0.0,0.5
google__gson-2498,google/gson,qwen3-coder:30b/paths,29,True,8,3,5,10,0.125,1.0,1.0,0.3333333333333333,0.0,0.125,0.3333333333333333,0.3333333333333333,0.3333333333333333,0.0,0.125,0.2,0.2,0.3333333333333333,0.0,0.125,0.1,0.1,0.3333333333333333,0.0,1.0
google__gson-2498,google/gson,qwen3-coder:30b/paths,47,True,8,3,5,10,0.125,1.0,1.0,0.3333333333333333,0.0,0.125,0.3333333333333333,0.3333333333333333,0.3333333333333333,0.0,0.125,0.2,0.2,0.3333333333333333,0.0,0.125,0.1,0.1,0.3333333333333333,0.0,1.0
google__gson-2498,google/gson,qwen3-coder:30b/content,29,True,8,3,5,10,0.125,1.0,1.0,0.3333333333333333,0.0,0.125,0.3333333333333333,0.3333333333333333,0.3333333333333333,0.0,0.125,0.2,0.2,0.3333333333333333,0.0,0.125,0.1,0.1,0.3333333333333333,0.0,1.0
google__gson-2498,google/gson,qwen3-coder:30b/content,47,True,8,3,5,10,0.125,1.0,1.0,0.3333333333333333,0.0,0.125,0.3333333333333333,0.3333333333333333,0.3333333333333333,0.0,0.125,0.2,0.2,0.3333333333333333,0.0,0.125,0.1,0.1,0.3333333333333333,0.0,1.0
apolloconfig__apollo-4207,apolloconfig/apollo,qwen3-coder:30b/paths,29,True,4,3,1,5,0.25,1.0,1.0,0.3333333333333333,0.0,0.5,0.6666666666666666,0.6666666666666666,0.3333333333333333,1.0,0.5,0.4,0.4,0.3333333333333333,1.0,0.5,0.2,0.4,0.3333333333333333,1.0,1.0
apolloconfig__apollo-4207,apolloconfig/apollo,qwen3-coder:30b/paths,47,True,4,3,1,5,0.25,1.0,1.0,0.3333333333333333,0.0,0.5,0.6666666666666666,0.6666666666666666,0.3333333333333333,1.0,0.5,0.4,0.4,0.3333333333333333,1.0,0.5,0.2,0.4,0.3333333333333333,1.0,1.0
apolloconfig__apollo-4207,apolloconfig/apollo,qwen3-coder:30b/content,29,True,4,3,1,2,0.25,1.0,1.0,0.3333333333333333,0.0,0.5,0.6666666666666666,1.0,0.3333333333333333,1.0,0.5,0.4,1.0,0.3333333333333333,1.0,0.5,0.2,1.0,0.3333333333333333,1.0,1.0
apolloconfig__apollo-4207,apolloconfig/apollo,qwen3-coder:30b/content,47,True,4,3,1,2,0.25,1.0,1.0,0.3333333333333333,0.0,0.5,0.6666666666666666,1.0,0.3333333333333333,1.0,0.5,0.4,1.0,0.3333333333333333,1.0,0.5,0.2,1.0,0.3333333333333333,1.0,1.0
google__gson-1904,google/gson,qwen3-coder:30b/paths,29,True,7,5,2,10,0.14285714285714285,1.0,1.0,0.2,0.0,0.2857142857142857,0.6666666666666666,0.6666666666666666,0.4,0.0,0.5714285714285714,0.8,0.8,0.8,0.0,0.5714285714285714,0.4,0.4,0.8,0.0,1.0
google__gson-1904,google/gson,qwen3-coder:30b/paths,47,True,7,5,2,10,0.14285714285714285,1.0,1.0,0.2,0.0,0.2857142857142857,0.6666666666666666,0.6666666666666666,0.4,0.0,0.5714285714285714,0.8,0.8,0.8,0.0,0.5714285714285714,0.4,0.4,0.8,0.0,1.0
google__gson-1904,google/gson,qwen3-coder:30b/content,29,True,7,5,2,10,0.14285714285714285,1.0,1.0,0.2,0.0,0.2857142857142857,0.6666666666666666,0.6666666666666666,0.4,0.0,0.42857142857142855,0.6,0.6,0.6,0.0,0.5714285714285714,0.4,0.4,0.6,0.5,1.0
google__gson-1904,google/gson,qwen3-coder:30b/content,47,True,7,5,2,10,0.14285714285714285,1.0,1.0,0.2,0.0,0.2857142857142857,0.6666666666666666,0.6666666666666666,0.4,0.0,0.42857142857142855,0.6,0.6,0.6,0.0,0.5714285714285714,0.4,0.4,0.6,0.5,1.0
google__gson-2479,google/gson,qwen3-coder:30b/paths,29,True,4,2,2,10,0.25,1.0,1.0,0.5,0.0,0.25,0.3333333333333333,0.3333333333333333,0.5,0.0,0.25,0.2,0.2,0.5,0.0,0.5,0.2,0.2,0.5,0.5,1.0
google__gson-2479,google/gson,qwen3-coder:30b/paths,47,True,4,2,2,10,0.25,1.0,1.0,0.5,0.0,0.25,0.3333333333333333,0.3333333333333333,0.5,0.0,0.25,0.2,0.2,0.5,0.0,0.5,0.2,0.2,0.5,0.5,1.0
google__gson-2479,google/gson,qwen3-coder:30b/content,29,True,4,2,2,10,0.25,1.0,1.0,0.5,0.0,0.25,0.3333333333333333,0.3333333333333333,0.5,0.0,0.25,0.2,0.2,0.5,0.0,0.5,0.2,0.2,0.5,0.5,1.0
google__gson-2479,google/gson,qwen3-coder:30b/content,47,True,4,2,2,10,0.25,1.0,1.0,0.5,0.0,0.25,0.3333333333333333,0.3333333333333333,0.5,0.0,0.25,0.2,0.2,0.5,0.0,0.5,0.2,0.2,0.5,0.5,1.0
apache__rocketmq-7455,apache/rocketmq,qwen3-coder:30b/paths,29,True,3,2,1,10,0.0,0.0,0.0,0.0,0.0,0.3333333333333333,0.3333333333333333,0.3333333333333333,0.5,0.0,0.3333333333333333,0.2,0.2,0.5,0.0,0.3333333333333333,0.1,0.1,0.5,0.0,0.3333333333333333
apache__rocketmq-7455,apache/rocketmq,qwen3-coder:30b/paths,47,True,3,2,1,10,0.0,0.0,0.0,0.0,0.0,0.3333333333333333,0.3333333333333333,0.3333333333333333,0.5,0.0,0.3333333333333333,0.2,0.2,0.5,0.0,0.3333333333333333,0.1,0.1,0.5,0.0,0.3333333333333333
apache__rocketmq-7455,apache/rocketmq,qwen3-coder:30b/content,29,True,3,2,1,10,0.3333333333333333,1.0,1.0,0.5,0.0,0.3333333333333333,0.3333333333333333,0.3333333333333333,0.5,0.0,0.3333333333333333,0.2,0.2,0.5,0.0,0.3333333333333333,0.1,0.1,0.5,0.0,1.0
apache__rocketmq-7455,apache/rocketmq,qwen3-coder:30b/content,47,True,3,2,1,10,0.3333333333333333,1.0,1.0,0.5,0.0,0.3333333333333333,0.3333333333333333,0.3333333333333333,0.5,0.0,0.3333333333333333,0.2,0.2,0.5,0.0,0.3333333333333333,0.1,0.1,0.5,0.0,1.0
apache__rocketmq-7655,apache/rocketmq,qwen3-coder:30b/paths,29,True,2,1,1,10,0.0,0.0,0.0,0.0,0.0,0.0,0.0,0.0,0.0,0.0,0.0,0.0,0.0,0.0,0.0,0.0,0.0,0.0,0.0,0.0,0.0
apache__rocketmq-7655,apache/rocketmq,qwen3-coder:30b/paths,47,True,2,1,1,10,0.0,0.0,0.0,0.0,0.0,0.0,0.0,0.0,0.0,0.0,0.0,0.0,0.0,0.0,0.0,0.0,0.0,0.0,0.0,0.0,0.0
apache__rocketmq-7655,apache/rocketmq,qwen3-coder:30b/content,29,True,2,1,1,10,0.0,0.0,0.0,0.0,0.0,0.0,0.0,0.0,0.0,0.0,0.0,0.0,0.0,0.0,0.0,0.0,0.0,0.0,0.0,0.0,0.0
apache__rocketmq-7655,apache/rocketmq,qwen3-coder:30b/content,47,True,2,1,1,10,0.0,0.0,0.0,0.0,0.0,0.0,0.0,0.0,0.0,0.0,0.0,0.0,0.0,0.0,0.0,0.0,0.0,0.0,0.0,0.0,0.0
google__gson-2130,google/gson,qwen3-coder:30b/paths,29,True,2,1,1,2,0.5,1.0,1.0,1.0,0.0,1.0,0.6666666666666666,1.0,1.0,1.0,1.0,0.4,1.0,1.0,1.0,1.0,0.2,1.0,1.0,1.0,1.0
google__gson-2130,google/gson,qwen3-coder:30b/paths,47,True,2,1,1,2,0.5,1.0,1.0,1.0,0.0,1.0,0.6666666666666666,1.0,1.0,1.0,1.0,0.4,1.0,1.0,1.0,1.0,0.2,1.0,1.0,1.0,1.0
google__gson-2130,google/gson,qwen3-coder:30b/content,29,True,2,1,1,10,0.5,1.0,1.0,1.0,0.0,1.0,0.6666666666666666,0.6666666666666666,1.0,1.0,1.0,0.4,0.4,1.0,1.0,1.0,0.2,0.2,1.0,1.0,1.0
google__gson-2130,google/gson,qwen3-coder:30b/content,47,True,2,1,1,10,0.5,1.0,1.0,1.0,0.0,1.0,0.6666666666666666,0.6666666666666666,1.0,1.0,1.0,0.4,0.4,1.0,1.0,1.0,0.2,0.2,1.0,1.0,1.0
google__gson-2420,google/gson,qwen3-coder:30b/paths,29,True,12,9,3,10,0.08333333333333333,1.0,1.0,0.1111111111111111,0.0,0.16666666666666666,0.6666666666666666,0.6666666666666666,0.2222222222222222,0.0,0.25,0.6,0.6,0.3333333333333333,0.0,0.4166666666666667,0.5,0.5,0.4444444444444444,0.3333333333333333,1.0
google__gson-2420,google/gson,qwen3-coder:30b/paths,47,True,12,9,3,10,0.08333333333333333,1.0,1.0,0.1111111111111111,0.0,0.16666666666666666,0.6666666666666666,0.6666666666666666,0.2222222222222222,0.0,0.25,0.6,0.6,0.3333333333333333,0.0,0.4166666666666667,0.5,0.5,0.4444444444444444,0.3333333333333333,1.0
google__gson-2420,google/gson,qwen3-coder:30b/content,29,True,12,9,3,10,0.08333333333333333,1.0,1.0,0.1111111111111111,0.0,0.25,1.0,1.0,0.3333333333333333,0.0,0.4166666666666667,1.0,1.0,0.4444444444444444,0.3333333333333333,0.4166666666666667,0.5,0.5,0.4444444444444444,0.3333333333333333,1.0
google__gson-2420,google/gson,qwen3-coder:30b/content,47,True,12,9,3,10,0.08333333333333333,1.0,1.0,0.1111111111111111,0.0,0.25,1.0,1.0,0.3333333333333333,0.0,0.4166666666666667,1.0,1.0,0.4444444444444444,0.3333333333333333,0.4166666666666667,0.5,0.5,0.4444444444444444,0.3333333333333333,1.0
apache__dubbo-10846,apache/dubbo,qwen3-coder:30b/paths,29,True,4,1,3,10,0.25,1.0,1.0,1.0,0.0,0.25,0.3333333333333333,0.3333333333333333,1.0,0.0,0.25,0.2,0.2,1.0,0.0,0.25,0.1,0.1,1.0,0.0,1.0
apache__dubbo-10846,apache/dubbo,qwen3-coder:30b/paths,47,True,4,1,3,10,0.25,1.0,1.0,1.0,0.0,0.25,0.3333333333333333,0.3333333333333333,1.0,0.0,0.25,0.2,0.2,1.0,0.0,0.25,0.1,0.1,1.0,0.0,1.0
apache__dubbo-10846,apache/dubbo,qwen3-coder:30b/content,29,True,4,1,3,10,0.25,1.0,1.0,1.0,0.0,0.25,0.3333333333333333,0.3333333333333333,1.0,0.0,0.25,0.2,0.2,1.0,0.0,0.25,0.1,0.1,1.0,0.0,1.0
apache__dubbo-10846,apache/dubbo,qwen3-coder:30b/content,47,True,4,1,3,10,0.25,1.0,1.0,1.0,0.0,0.25,0.3333333333333333,0.3333333333333333,1.0,0.0,0.25,0.2,0.2,1.0,0.0,0.25,0.1,0.1,1.0,0.0,1.0
apache__rocketmq-6755,apache/rocketmq,qwen3-coder:30b/paths,29,True,13,9,4,10,0.0,0.0,0.0,0.0,0.0,0.0,0.0,0.0,0.0,0.0,0.0,0.0,0.0,0.0,0.0,0.0,0.0,0.0,0.0,0.0,0.0
apache__rocketmq-6755,apache/rocketmq,qwen3-coder:30b/paths,47,True,13,9,4,10,0.0,0.0,0.0,0.0,0.0,0.0,0.0,0.0,0.0,0.0,0.0,0.0,0.0,0.0,0.0,0.0,0.0,0.0,0.0,0.0,0.0
apache__rocketmq-6755,apache/rocketmq,qwen3-coder:30b/content,29,True,13,9,4,10,0.0,0.0,0.0,0.0,0.0,0.0,0.0,0.0,0.0,0.0,0.0,0.0,0.0,0.0,0.0,0.0,0.0,0.0,0.0,0.0,0.0
apache__rocketmq-6755,apache/rocketmq,qwen3-coder:30b/content,47,True,13,9,4,10,0.0,0.0,0.0,0.0,0.0,0.0,0.0,0.0,0.0,0.0,0.0,0.0,0.0,0.0,0.0,0.0,0.0,0.0,0.0,0.0,0.0
apache__rocketmq-7964,apache/rocketmq,qwen3-coder:30b/paths,29,True,2,1,1,10,0.0,0.0,0.0,0.0,0.0,0.0,0.0,0.0,0.0,0.0,0.0,0.0,0.0,0.0,0.0,0.0,0.0,0.0,0.0,0.0,0.0
apache__rocketmq-7964,apache/rocketmq,qwen3-coder:30b/paths,47,True,2,1,1,10,0.0,0.0,0.0,0.0,0.0,0.0,0.0,0.0,0.0,0.0,0.0,0.0,0.0,0.0,0.0,0.0,0.0,0.0,0.0,0.0,0.0
apache__rocketmq-7964,apache/rocketmq,qwen3-coder:30b/content,29,True,2,1,1,10,0.0,0.0,0.0,0.0,0.0,0.0,0.0,0.0,0.0,0.0,0.0,0.0,0.0,0.0,0.0,0.0,0.0,0.0,0.0,0.0,0.0
apache__rocketmq-7964,apache/rocketmq,qwen3-coder:30b/content,47,True,2,1,1,10,0.0,0.0,0.0,0.0,0.0,0.0,0.0,0.0,0.0,0.0,0.0,0.0,0.0,0.0,0.0,0.0,0.0,0.0,0.0,0.0,0.0
apache__rocketmq-5286,apache/rocketmq,qwen3-coder:30b/paths,29,True,4,3,1,10,0.0,0.0,0.0,0.0,0.0,0.25,0.3333333333333333,0.3333333333333333,0.3333333333333333,0.0,0.25,0.2,0.2,0.3333333333333333,0.0,0.25,0.1,0.1,0.3333333333333333,0.0,0.5
apache__rocketmq-5286,apache/rocketmq,qwen3-coder:30b/paths,47,True,4,3,1,10,0.0,0.0,0.0,0.0,0.0,0.25,0.3333333333333333,0.3333333333333333,0.3333333333333333,0.0,0.25,0.2,0.2,0.3333333333333333,0.0,0.25,0.1,0.1,0.3333333333333333,0.0,0.5
apache__rocketmq-5286,apache/rocketmq,qwen3-coder:30b/content,29,True,4,3,1,10,0.0,0.0,0.0,0.0,0.0,0.0,0.0,0.0,0.0,0.0,0.0,0.0,0.0,0.0,0.0,0.0,0.0,0.0,0.0,0.0,0.0
apache__rocketmq-5286,apache/rocketmq,qwen3-coder:30b/content,47,True,4,3,1,10,0.0,0.0,0.0,0.0,0.0,0.0,0.0,0.0,0.0,0.0,0.0,0.0,0.0,0.0,0.0,0.0,0.0,0.0,0.0,0.0,0.0
apache__rocketmq-5706,apache/rocketmq,qwen3-coder:30b/paths,29,True,5,3,2,10,0.2,1.0,1.0,0.3333333333333333,0.0,0.2,0.3333333333333333,0.3333333333333333,0.3333333333333333,0.0,0.6,0.6,0.6,1.0,0.0,0.6,0.3,0.3,1.0,0.0,1.0
apache__rocketmq-5706,apache/rocketmq,qwen3-coder:30b/paths,47,True,5,3,2,10,0.2,1.0,1.0,0.3333333333333333,0.0,0.2,0.3333333333333333,0.3333333333333333,0.3333333333333333,0.0,0.6,0.6,0.6,1.0,0.0,0.6,0.3,0.3,1.0,0.0,1.0
apache__rocketmq-5706,apache/rocketmq,qwen3-coder:30b/content,29,True,5,3,2,10,0.2,1.0,1.0,0.3333333333333333,0.0,0.6,1.0,1.0,1.0,0.0,0.8,0.8,0.8,1.0,0.5,0.8,0.4,0.4,1.0,0.5,1.0
apache__rocketmq-5706,apache/rocketmq,qwen3-coder:30b/content,47,True,5,3,2,10,0.2,1.0,1.0,0.3333333333333333,0.0,0.6,1.0,1.0,1.0,0.0,0.8,0.8,0.8,1.0,0.5,0.8,0.4,0.4,1.0,0.5,1.0
apache__dubbo-13869,apache/dubbo,qwen3-coder:30b/paths,29,True,4,2,2,10,0.0,0.0,0.0,0.0,0.0,0.0,0.0,0.0,0.0,0.0,0.0,0.0,0.0,0.0,0.0,0.0,0.0,0.0,0.0,0.0,0.0
apache__dubbo-13869,apache/dubbo,qwen3-coder:30b/paths,47,True,4,2,2,10,0.0,0.0,0.0,0.0,0.0,0.0,0.0,0.0,0.0,0.0,0.0,0.0,0.0,0.0,0.0,0.0,0.0,0.0,0.0,0.0,0.0
apache__dubbo-13869,apache/dubbo,qwen3-coder:30b/content,29,True,4,2,2,10,0.0,0.0,0.0,0.0,0.0,0.0,0.0,0.0,0.0,0.0,0.0,0.0,0.0,0.0,0.0,0.0,0.0,0.0,0.0,0.0,0.0
apache__dubbo-13869,apache/dubbo,qwen3-coder:30b/content,47,True,4,2,2,10,0.0,0.0,0.0,0.0,0.0,0.0,0.0,0.0,0.0,0.0,0.0,0.0,0.0,0.0,0.0,0.0,0.0,0.0,0.0,0.0,0.0
apache__dubbo-11255,apache/dubbo,qwen3-coder:30b/paths,29,True,2,1,1,10,0.0,0.0,0.0,0.0,0.0,0.0,0.0,0.0,0.0,0.0,0.0,0.0,0.0,0.0,0.0,0.0,0.0,0.0,0.0,0.0,0.0
apache__dubbo-11255,apache/dubbo,qwen3-coder:30b/paths,47,True,2,1,1,10,0.0,0.0,0.0,0.0,0.0,0.0,0.0,0.0,0.0,0.0,0.0,0.0,0.0,0.0,0.0,0.0,0.0,0.0,0.0,0.0,0.0
apache__dubbo-11255,apache/dubbo,qwen3-coder:30b/content,29,True,2,1,1,10,0.0,0.0,0.0,0.0,0.0,0.0,0.0,0.0,0.0,0.0,0.0,0.0,0.0,0.0,0.0,0.0,0.0,0.0,0.0,0.0,0.0
apache__dubbo-11255,apache/dubbo,qwen3-coder:30b/content,47,True,2,1,1,10,0.0,0.0,0.0,0.0,0.0,0.0,0.0,0.0,0.0,0.0,0.0,0.0,0.0,0.0,0.0,0.0,0.0,0.0,0.0,0.0,0.0
apache__rocketmq-5062,apache/rocketmq,qwen3-coder:30b/paths,29,True,6,4,2,10,0.0,0.0,0.0,0.0,0.0,0.16666666666666666,0.3333333333333333,0.3333333333333333,0.0,0.5,0.16666666666666666,0.2,0.2,0.0,0.5,0.3333333333333333,0.2,0.2,0.25,0.5,0.5
apache__rocketmq-5062,apache/rocketmq,qwen3-coder:30b/paths,47,True,6,4,2,10,0.0,0.0,0.0,0.0,0.0,0.16666666666666666,0.3333333333333333,0.3333333333333333,0.0,0.5,0.16666666666666666,0.2,0.2,0.0,0.5,0.3333333333333333,0.2,0.2,0.25,0.5,0.5
apache__rocketmq-5062,apache/rocketmq,qwen3-coder:30b/content,29,True,6,4,2,10,0.0,0.0,0.0,0.0,0.0,0.3333333333333333,0.6666666666666666,0.6666666666666666,0.25,0.5,0.5,0.6,0.6,0.5,0.5,0.5,0.3,0.3,0.5,0.5,0.5
apache__rocketmq-5062,apache/rocketmq,qwen3-coder:30b/content,47,True,6,4,2,10,0.0,0.0,0.0,0.0,0.0,0.3333333333333333,0.6666666666666666,0.6666666666666666,0.25,0.5,0.5,0.6,0.6,0.5,0.5,0.5,0.3,0.3,0.5,0.5,0.5
apache__dubbo-8032,apache/dubbo,qwen3-coder:30b/paths,29,True,4,3,1,10,0.0,0.0,0.0,0.0,0.0,0.0,0.0,0.0,0.0,0.0,0.0,0.0,0.0,0.0,0.0,0.0,0.0,0.0,0.0,0.0,0.0
apache__dubbo-8032,apache/dubbo,qwen3-coder:30b/paths,47,True,4,3,1,10,0.0,0.0,0.0,0.0,0.0,0.0,0.0,0.0,0.0,0.0,0.0,0.0,0.0,0.0,0.0,0.0,0.0,0.0,0.0,0.0,0.0
apache__dubbo-8032,apache/dubbo,qwen3-coder:30b/content,29,True,4,3,1,10,0.0,0.0,0.0,0.0,0.0,0.0,0.0,0.0,0.0,0.0,0.0,0.0,0.0,0.0,0.0,0.0,0.0,0.0,0.0,0.0,0.0
apache__dubbo-8032,apache/dubbo,qwen3-coder:30b/content,47,True,4,3,1,10,0.0,0.0,0.0,0.0,0.0,0.0,0.0,0.0,0.0,0.0,0.0,0.0,0.0,0.0,0.0,0.0,0.0,0.0,0.0,0.0,0.0
apache__rocketmq-6522,apache/rocketmq,qwen3-coder:30b/paths,29,True,18,17,1,10,0.0,0.0,0.0,0.0,0.0,0.05555555555555555,0.3333333333333333,0.3333333333333333,0.058823529411764705,0.0,0.05555555555555555,0.2,0.2,0.058823529411764705,0.0,0.05555555555555555,0.1,0.1,0.058823529411764705,0.0,0.3333333333333333
apache__rocketmq-6522,apache/rocketmq,qwen3-coder:30b/paths,47,True,18,17,1,10,0.0,0.0,0.0,0.0,0.0,0.05555555555555555,0.3333333333333333,0.3333333333333333,0.058823529411764705,0.0,0.05555555555555555,0.2,0.2,0.058823529411764705,0.0,0.05555555555555555,0.1,0.1,0.058823529411764705,0.0,0.3333333333333333
apache__rocketmq-6522,apache/rocketmq,qwen3-coder:30b/content,29,True,18,17,1,10,0.0,0.0,0.0,0.0,0.0,0.05555555555555555,0.3333333333333333,0.3333333333333333,0.058823529411764705,0.0,0.05555555555555555,0.2,0.2,0.058823529411764705,0.0,0.05555555555555555,0.1,0.1,0.058823529411764705,0.0,0.5
apache__rocketmq-6522,apache/rocketmq,qwen3-coder:30b/content,47,True,18,17,1,10,0.0,0.0,0.0,0.0,0.0,0.05555555555555555,0.3333333333333333,0.3333333333333333,0.058823529411764705,0.0,0.05555555555555555,0.2,0.2,0.058823529411764705,0.0,0.05555555555555555,0.1,0.1,0.058823529411764705,0.0,0.5
apolloconfig__apollo-4199,apolloconfig/apollo,qwen3-coder:30b/paths,29,True,5,4,1,10,0.0,0.0,0.0,0.0,0.0,0.0,0.0,0.0,0.0,0.0,0.0,0.0,0.0,0.0,0.0,0.0,0.0,0.0,0.0,0.0,0.0
apolloconfig__apollo-4199,apolloconfig/apollo,qwen3-coder:30b/paths,47,True,5,4,1,10,0.0,0.0,0.0,0.0,0.0,0.0,0.0,0.0,0.0,0.0,0.0,0.0,0.0,0.0,0.0,0.0,0.0,0.0,0.0,0.0,0.0
apolloconfig__apollo-4199,apolloconfig/apollo,qwen3-coder:30b/content,29,True,5,4,1,10,0.0,0.0,0.0,0.0,0.0,0.0,0.0,0.0,0.0,0.0,0.0,0.0,0.0,0.0,0.0,0.0,0.0,0.0,0.0,0.0,0.0
apolloconfig__apollo-4199,apolloconfig/apollo,qwen3-coder:30b/content,47,True,5,4,1,10,0.0,0.0,0.0,0.0,0.0,0.0,0.0,0.0,0.0,0.0,0.0,0.0,0.0,0.0,0.0,0.0,0.0,0.0,0.0,0.0,0.0
apache__rocketmq-3862,apache/rocketmq,qwen3-coder:30b/paths,29,True,2,1,1,10,0.0,0.0,0.0,0.0,0.0,0.0,0.0,0.0,0.0,0.0,0.0,0.0,0.0,0.0,0.0,0.0,0.0,0.0,0.0,0.0,0.0
apache__rocketmq-3862,apache/rocketmq,qwen3-coder:30b/paths,47,True,2,1,1,10,0.0,0.0,0.0,0.0,0.0,0.0,0.0,0.0,0.0,0.0,0.0,0.0,0.0,0.0,0.0,0.0,0.0,0.0,0.0,0.0,0.0
apache__rocketmq-3862,apache/rocketmq,qwen3-coder:30b/content,29,True,2,1,1,10,0.0,0.0,0.0,0.0,0.0,0.0,0.0,0.0,0.0,0.0,0.0,0.0,0.0,0.0,0.0,0.0,0.0,0.0,0.0,0.0,0.0
apache__rocketmq-3862,apache/rocketmq,qwen3-coder:30b/content,47,True,2,1,1,10,0.0,0.0,0.0,0.0,0.0,0.0,0.0,0.0,0.0,0.0,0.0,0.0,0.0,0.0,0.0,0.0,0.0,0.0,0.0,0.0,0.0
trinodb__trino-741,trinodb/trino,qwen3-coder:30b/paths,29,True,4,3,1,10,0.25,1.0,1.0,0.3333333333333333,0.0,0.5,0.6666666666666666,0.6666666666666666,0.6666666666666666,0.0,0.5,0.4,0.4,0.6666666666666666,0.0,1.0,0.4,0.4,1.0,1.0,1.0
trinodb__trino-741,trinodb/trino,qwen3-coder:30b/paths,47,True,4,3,1,10,0.25,1.0,1.0,0.3333333333333333,0.0,0.5,0.6666666666666666,0.6666666666666666,0.6666666666666666,0.0,0.5,0.4,0.4,0.6666666666666666,0.0,0.75,0.3,0.3,1.0,0.0,1.0
trinodb__trino-741,trinodb/trino,qwen3-coder:30b/content,29,True,4,3,1,10,0.25,1.0,1.0,0.3333333333333333,0.0,0.75,1.0,1.0,1.0,0.0,0.75,0.6,0.6,1.0,0.0,1.0,0.4,0.4,1.0,1.0,1.0
trinodb__trino-741,trinodb/trino,qwen3-coder:30b/content,47,True,4,3,1,10,0.25,1.0,1.0,0.3333333333333333,0.0,0.75,1.0,1.0,1.0,0.0,0.75,0.6,0.6,1.0,0.0,1.0,0.4,0.4,1.0,1.0,1.0
trinodb__trino-1872,trinodb/trino,qwen3-coder:30b/paths,29,True,8,3,5,10,0.0,0.0,0.0,0.0,0.0,0.125,0.3333333333333333,0.3333333333333333,0.0,0.2,0.125,0.2,0.2,0.0,0.2,0.125,0.1,0.1,0.0,0.2,0.3333333333333333
trinodb__trino-1872,trinodb/trino,qwen3-coder:30b/paths,47,True,8,3,5,10,0.0,0.0,0.0,0.0,0.0,0.125,0.3333333333333333,0.3333333333333333,0.0,0.2,0.125,0.2,0.2,0.0,0.2,0.125,0.1,0.1,0.0,0.2,0.3333333333333333
trinodb__trino-1872,trinodb/trino,qwen3-coder:30b/content,29,True,8,3,5,10,0.0,0.0,0.0,0.0,0.0,0.0,0.0,0.0,0.0,0.0,0.0,0.0,0.0,0.0,0.0,0.0,0.0,0.0,0.0,0.0,0.0
trinodb__trino-1872,trinodb/trino,qwen3-coder:30b/content,47,True,8,3,5,10,0.0,0.0,0.0,0.0,0.0,0.0,0.0,0.0,0.0,0.0,0.0,0.0,0.0,0.0,0.0,0.125,0.1,0.1,0.0,0.2,0.1111111111111111
trinodb__trino-1174,trinodb/trino,qwen3-coder:30b/paths,29,True,15,13,2,10,0.06666666666666667,1.0,1.0,0.07692307692307693,0.0,0.13333333333333333,0.6666666666666666,0.6666666666666666,0.15384615384615385,0.0,0.2,0.6,0.6,0.23076923076923078,0.0,0.26666666666666666,0.4,0.4,0.3076923076923077,0.0,1.0
trinodb__trino-1174,trinodb/trino,qwen3-coder:30b/paths,47,True,15,13,2,10,0.06666666666666667,1.0,1.0,0.07692307692307693,0.0,0.13333333333333333,0.6666666666666666,0.6666666666666666,0.15384615384615385,0.0,0.2,0.6,0.6,0.23076923076923078,0.0,0.3333333333333333,0.5,0.5,0.38461538461538464,0.0,1.0
trinodb__trino-1174,trinodb/trino,qwen3-coder:30b/content,29,True,15,13,2,10,0.06666666666666667,1.0,1.0,0.07692307692307693,0.0,0.13333333333333333,0.6666666666666666,0.6666666666666666,0.15384615384615385,0.0,0.13333333333333333,0.4,0.4,0.15384615384615385,0.0,0.26666666666666666,0.4,0.4,0.3076923076923077,0.0,1.0
trinodb__trino-1174,trinodb/trino,qwen3-coder:30b/content,47,True,15,13,2,10,0.06666666666666667,1.0,1.0,0.07692307692307693,0.0,0.13333333333333333,0.6666666666666666,0.6666666666666666,0.15384615384615385,0.0,0.13333333333333333,0.4,0.4,0.15384615384615385,0.0,0.26666666666666666,0.4,0.4,0.3076923076923077,0.0,1.0
trinodb__trino-117,trinodb/trino,qwen3-coder:30b/paths,29,True,2,1,1,10,0.5,1.0,1.0,1.0,0.0,0.5,0.3333333333333333,0.3333333333333333,1.0,0.0,0.5,0.2,0.2,1.0,0.0,0.5,0.1,0.1,1.0,0.0,1.0
trinodb__trino-117,trinodb/trino,qwen3-coder:30b/paths,47,True,2,1,1,10,0.5,1.0,1.0,1.0,0.0,0.5,0.3333333333333333,0.3333333333333333,1.0,0.0,0.5,0.2,0.2,1.0,0.0,0.5,0.1,0.1,1.0,0.0,1.0
trinodb__trino-117,trinodb/trino,qwen3-coder:30b/content,29,True,2,1,1,10,0.5,1.0,1.0,1.0,0.0,0.5,0.3333333333333333,0.3333333333333333,1.0,0.0,0.5,0.2,0.2,1.0,0.0,0.5,0.1,0.1,1.0,0.0,1.0
trinodb__trino-117,trinodb/trino,qwen3-coder:30b/content,47,True,2,1,1,10,0.5,1.0,1.0,1.0,0.0,0.5,0.3333333333333333,0.3333333333333333,1.0,0.0,0.5,0.2,0.2,1.0,0.0,0.5,0.1,0.1,1.0,0.0,1.0
trinodb__trino-5507,trinodb/trino,qwen3-coder:30b/paths,29,True,5,3,2,10,0.2,1.0,1.0,0.3333333333333333,0.0,0.2,0.3333333333333333,0.3333333333333333,0.3333333333333333,0.0,0.2,0.2,0.2,0.3333333333333333,0.0,0.2,0.1,0.1,0.3333333333333333,0.0,1.0
trinodb__trino-5507,trinodb/trino,qwen3-coder:30b/paths,47,True,5,3,2,10,0.2,1.0,1.0,0.3333333333333333,0.0,0.2,0.3333333333333333,0.3333333333333333,0.3333333333333333,0.0,0.2,0.2,0.2,0.3333333333333333,0.0,0.2,0.1,0.1,0.3333333333333333,0.0,1.0
trinodb__trino-5507,trinodb/trino,qwen3-coder:30b/content,29,True,5,3,2,10,0.0,0.0,0.0,0.0,0.0,0.0,0.0,0.0,0.0,0.0,0.0,0.0,0.0,0.0,0.0,0.2,0.1,0.1,0.3333333333333333,0.0,0.1
trinodb__trino-5507,trinodb/trino,qwen3-coder:30b/content,47,True,5,3,2,10,0.0,0.0,0.0,0.0,0.0,0.0,0.0,0.0,0.0,0.0,0.0,0.0,0.0,0.0,0.0,0.2,0.1,0.1,0.3333333333333333,0.0,0.1111111111111111
trinodb__trino-799,trinodb/trino,qwen3-coder:30b/paths,29,True,7,5,2,10,0.0,0.0,0.0,0.0,0.0,0.0,0.0,0.0,0.0,0.0,0.0,0.0,0.0,0.0,0.0,0.0,0.0,0.0,0.0,0.0,0.0
trinodb__trino-799,trinodb/trino,qwen3-coder:30b/paths,47,True,7,5,2,10,0.0,0.0,0.0,0.0,0.0,0.0,0.0,0.0,0.0,0.0,0.0,0.0,0.0,0.0,0.0,0.0,0.0,0.0,0.0,0.0,0.0
trinodb__trino-799,trinodb/trino,qwen3-coder:30b/content,29,True,7,5,2,10,0.0,0.0,0.0,0.0,0.0,0.0,0.0,0.0,0.0,0.0,0.0,0.0,0.0,0.0,0.0,0.0,0.0,0.0,0.0,0.0,0.0
trinodb__trino-799,trinodb/trino,qwen3-coder:30b/content,47,True,7,5,2,10,0.0,0.0,0.0,0.0,0.0,0.0,0.0,0.0,0.0,0.0,0.0,0.0,0.0,0.0,0.0,0.0,0.0,0.0,0.0,0.0,0.0
trinodb__trino-4600,trinodb/trino,qwen3-coder:30b/paths,29,True,4,3,1,10,0.0,0.0,0.0,0.0,0.0,0.0,0.0,0.0,0.0,0.0,0.0,0.0,0.0,0.0,0.0,0.0,0.0,0.0,0.0,0.0,0.0
trinodb__trino-4600,trinodb/trino,qwen3-coder:30b/paths,47,True,4,3,1,10,0.0,0.0,0.0,0.0,0.0,0.0,0.0,0.0,0.0,0.0,0.0,0.0,0.0,0.0,0.0,0.0,0.0,0.0,0.0,0.0,0.0
trinodb__trino-4600,trinodb/trino,qwen3-coder:30b/content,29,True,4,3,1,10,0.0,0.0,0.0,0.0,0.0,0.0,0.0,0.0,0.0,0.0,0.0,0.0,0.0,0.0,0.0,0.0,0.0,0.0,0.0,0.0,0.0
trinodb__trino-4600,trinodb/trino,qwen3-coder:30b/content,47,True,4,3,1,6,0.0,0.0,0.0,0.0,0.0,0.0,0.0,0.0,0.0,0.0,0.0,0.0,0.0,0.0,0.0,0.0,0.0,0.0,0.0,0.0,0.0
trinodb__trino-3392,trinodb/trino,qwen3-coder:30b/paths,29,True,4,3,1,10,0.25,1.0,1.0,0.3333333333333333,0.0,0.25,0.3333333333333333,0.3333333333333333,0.3333333333333333,0.0,0.25,0.2,0.2,0.3333333333333333,0.0,0.25,0.1,0.1,0.3333333333333333,0.0,1.0
trinodb__trino-3392,trinodb/trino,qwen3-coder:30b/paths,47,True,4,3,1,10,0.25,1.0,1.0,0.3333333333333333,0.0,0.25,0.3333333333333333,0.3333333333333333,0.3333333333333333,0.0,0.25,0.2,0.2,0.3333333333333333,0.0,0.25,0.1,0.1,0.3333333333333333,0.0,1.0
trinodb__trino-3392,trinodb/trino,qwen3-coder:30b/content,29,True,4,3,1,10,0.25,1.0,1.0,0.3333333333333333,0.0,0.25,0.3333333333333333,0.3333333333333333,0.3333333333333333,0.0,0.25,0.2,0.2,0.3333333333333333,0.0,0.25,0.1,0.1,0.3333333333333333,0.0,1.0
trinodb__trino-3392,trinodb/trino,qwen3-coder:30b/content,47,True,4,3,1,10,0.25,1.0,1.0,0.3333333333333333,0.0,0.25,0.3333333333333333,0.3333333333333333,0.3333333333333333,0.0,0.25,0.2,0.2,0.3333333333333333,0.0,0.25,0.1,0.1,0.3333333333333333,0.0,1.0
trinodb__trino-748,trinodb/trino,qwen3-coder:30b/paths,29,True,3,2,1,10,0.3333333333333333,1.0,1.0,0.5,0.0,0.6666666666666666,0.6666666666666666,0.6666666666666666,1.0,0.0,0.6666666666666666,0.4,0.4,1.0,0.0,0.6666666666666666,0.2,0.2,1.0,0.0,1.0
trinodb__trino-748,trinodb/trino,qwen3-coder:30b/paths,47,True,3,2,1,10,0.3333333333333333,1.0,1.0,0.5,0.0,0.6666666666666666,0.6666666666666666,0.6666666666666666,1.0,0.0,0.6666666666666666,0.4,0.4,1.0,0.0,0.6666666666666666,0.2,0.2,1.0,0.0,1.0
trinodb__trino-748,trinodb/trino,qwen3-coder:30b/content,29,True,3,2,1,10,0.3333333333333333,1.0,1.0,0.5,0.0,0.6666666666666666,0.6666666666666666,0.6666666666666666,1.0,0.0,0.6666666666666666,0.4,0.4,1.0,0.0,0.6666666666666666,0.2,0.2,1.0,0.0,1.0
trinodb__trino-748,trinodb/trino,qwen3-coder:30b/content,47,True,3,2,1,10,0.3333333333333333,1.0,1.0,0.5,0.0,0.6666666666666666,0.6666666666666666,0.6666666666666666,1.0,0.0,0.6666666666666666,0.4,0.4,1.0,0.0,0.6666666666666666,0.2,0.2,1.0,0.0,1.0
trinodb__trino-3771,trinodb/trino,qwen3-coder:30b/paths,29,True,4,3,1,10,0.0,0.0,0.0,0.0,0.0,0.0,0.0,0.0,0.0,0.0,0.0,0.0,0.0,0.0,0.0,0.0,0.0,0.0,0.0,0.0,0.0
trinodb__trino-3771,trinodb/trino,qwen3-coder:30b/paths,47,True,4,3,1,10,0.0,0.0,0.0,0.0,0.0,0.0,0.0,0.0,0.0,0.0,0.0,0.0,0.0,0.0,0.0,0.0,0.0,0.0,0.0,0.0,0.0
trinodb__trino-3771,trinodb/trino,qwen3-coder:30b/content,29,True,4,3,1,10,0.0,0.0,0.0,0.0,0.0,0.0,0.0,0.0,0.0,0.0,0.0,0.0,0.0,0.0,0.0,0.0,0.0,0.0,0.0,0.0,0.0
trinodb__trino-3771,trinodb/trino,qwen3-coder:30b/content,47,True,4,3,1,10,0.0,0.0,0.0,0.0,0.0,0.0,0.0,0.0,0.0,0.0,0.0,0.0,0.0,0.0,0.0,0.0,0.0,0.0,0.0,0.0,0.0
trinodb__trino-6074,trinodb/trino,qwen3-coder:30b/paths,29,True,5,2,3,10,0.2,1.0,1.0,0.5,0.0,0.4,0.6666666666666666,0.6666666666666666,1.0,0.0,0.4,0.4,0.4,1.0,0.0,0.8,0.4,0.4,1.0,0.6666666666666666,1.0
trinodb__trino-6074,trinodb/trino,qwen3-coder:30b/paths,47,True,5,2,3,10,0.2,1.0,1.0,0.5,0.0,0.4,0.6666666666666666,0.6666666666666666,1.0,0.0,0.4,0.4,0.4,1.0,0.0,0.8,0.4,0.4,1.0,0.6666666666666666,1.0
trinodb__trino-6074,trinodb/trino,qwen3-coder:30b/content,29,True,5,2,3,10,0.2,1.0,1.0,0.5,0.0,0.4,0.6666666666666666,0.6666666666666666,1.0,0.0,0.6,0.6,0.6,1.0,0.3333333333333333,0.6,0.3,0.3,1.0,0.3333333333333333,1.0
trinodb__trino-6074,trinodb/trino,qwen3-coder:30b/content,47,True,5,2,3,10,0.2,1.0,1.0,0.5,0.0,0.4,0.6666666666666666,0.6666666666666666,1.0,0.0,0.4,0.4,0.4,1.0,0.0,0.6,0.3,0.3,1.0,0.3333333333333333,1.0
trinodb__trino-1848,trinodb/trino,qwen3-coder:30b/paths,29,True,3,2,1,10,0.3333333333333333,1.0,1.0,0.5,0.0,0.6666666666666666,0.6666666666666666,0.6666666666666666,1.0,0.0,0.6666666666666666,0.4,0.4,1.0,0.0,0.6666666666666666,0.2,0.2,1.0,0.0,1.0
trinodb__trino-1848,trinodb/trino,qwen3-coder:30b/paths,47,True,3,2,1,10,0.3333333333333333,1.0,1.0,0.5,0.0,0.6666666666666666,0.6666666666666666,0.6666666666666666,1.0,0.0,0.6666666666666666,0.4,0.4,1.0,0.0,0.6666666666666666,0.2,0.2,1.0,0.0,1.0
trinodb__trino-1848,trinodb/trino,qwen3-coder:30b/content,29,True,3,2,1,10,0.3333333333333333,1.0,1.0,0.5,0.0,0.6666666666666666,0.6666666666666666,0.6666666666666666,1.0,0.0,0.6666666666666666,0.4,0.4,1.0,0.0,0.6666666666666666,0.2,0.2,1.0,0.0,1.0
trinodb__trino-1848,trinodb/trino,qwen3-coder:30b/content,47,True,3,2,1,10,0.3333333333333333,1.0,1.0,0.5,0.0,0.6666666666666666,0.6666666666666666,0.6666666666666666,1.0,0.0,0.6666666666666666,0.4,0.4,1.0,0.0,0.6666666666666666,0.2,0.2,1.0,0.0,1.0
trinodb__trino-1090,trinodb/trino,qwen3-coder:30b/paths,29,True,6,3,3,10,0.0,0.0,0.0,0.0,0.0,0.0,0.0,0.0,0.0,0.0,0.0,0.0,0.0,0.0,0.0,0.0,0.0,0.0,0.0,0.0,0.0
trinodb__trino-1090,trinodb/trino,qwen3-coder:30b/paths,47,True,6,3,3,10,0.0,0.0,0.0,0.0,0.0,0.0,0.0,0.0,0.0,0.0,0.0,0.0,0.0,0.0,0.0,0.0,0.0,0.0,0.0,0.0,0.0
trinodb__trino-1090,trinodb/trino,qwen3-coder:30b/content,29,True,6,3,3,10,0.16666666666666666,1.0,1.0,0.3333333333333333,0.0,0.5,1.0,1.0,1.0,0.0,0.8333333333333334,1.0,1.0,1.0,0.6666666666666666,0.8333333333333334,0.5,0.5,1.0,0.6666666666666666,1.0
trinodb__trino-1090,trinodb/trino,qwen3-coder:30b/content,47,True,6,3,3,10,0.16666666666666666,1.0,1.0,0.3333333333333333,0.0,0.5,1.0,1.0,1.0,0.0,0.8333333333333334,1.0,1.0,1.0,0.6666666666666666,0.8333333333333334,0.5,0.5,1.0,0.6666666666666666,1.0
mrdoob__three.js-14566,mrdoob/three.js,qwen3-coder:30b/paths,29,True,5,4,1,10,0.0,0.0,0.0,0.0,0.0,0.0,0.0,0.0,0.0,0.0,0.2,0.2,0.2,0.25,0.0,0.2,0.1,0.1,0.25,0.0,0.2
mrdoob__three.js-14566,mrdoob/three.js,qwen3-coder:30b/paths,47,True,5,4,1,10,0.0,0.0,0.0,0.0,0.0,0.0,0.0,0.0,0.0,0.0,0.2,0.2,0.2,0.25,0.0,0.2,0.1,0.1,0.25,0.0,0.2
mrdoob__three.js-14566,mrdoob/three.js,qwen3-coder:30b/content,29,True,5,4,1,10,0.2,1.0,1.0,0.25,0.0,0.2,0.3333333333333333,0.3333333333333333,0.25,0.0,0.2,0.2,0.2,0.25,0.0,0.2,0.1,0.1,0.25,0.0,1.0
mrdoob__three.js-14566,mrdoob/three.js,qwen3-coder:30b/content,47,True,5,4,1,10,0.2,1.0,1.0,0.25,0.0,0.2,0.3333333333333333,0.3333333333333333,0.25,0.0,0.2,0.2,0.2,0.25,0.0,0.2,0.1,0.1,0.25,0.0,1.0
mrdoob__three.js-20478,mrdoob/three.js,qwen3-coder:30b/paths,29,True,4,3,1,10,0.25,1.0,1.0,0.3333333333333333,0.0,0.25,0.3333333333333333,0.3333333333333333,0.3333333333333333,0.0,0.25,0.2,0.2,0.3333333333333333,0.0,0.25,0.1,0.1,0.3333333333333333,0.0,1.0
mrdoob__three.js-20478,mrdoob/three.js,qwen3-coder:30b/paths,47,True,4,3,1,10,0.25,1.0,1.0,0.3333333333333333,0.0,0.25,0.3333333333333333,0.3333333333333333,0.3333333333333333,0.0,0.25,0.2,0.2,0.3333333333333333,0.0,0.25,0.1,0.1,0.3333333333333333,0.0,1.0
mrdoob__three.js-20478,mrdoob/three.js,qwen3-coder:30b/content,29,True,4,3,1,10,0.25,1.0,1.0,0.3333333333333333,0.0,0.5,0.6666666666666666,0.6666666666666666,0.6666666666666666,0.0,0.5,0.4,0.4,0.6666666666666666,0.0,0.5,0.2,0.2,0.6666666666666666,0.0,1.0
mrdoob__three.js-20478,mrdoob/three.js,qwen3-coder:30b/content,47,True,4,3,1,10,0.25,1.0,1.0,0.3333333333333333,0.0,0.5,0.6666666666666666,0.6666666666666666,0.6666666666666666,0.0,0.5,0.4,0.4,0.6666666666666666,0.0,0.5,0.2,0.2,0.6666666666666666,0.0,1.0
mrdoob__three.js-21826,mrdoob/three.js,qwen3-coder:30b/paths,29,True,5,4,1,10,0.0,0.0,0.0,0.0,0.0,0.0,0.0,0.0,0.0,0.0,0.0,0.0,0.0,0.0,0.0,0.0,0.0,0.0,0.0,0.0,0.0
mrdoob__three.js-21826,mrdoob/three.js,qwen3-coder:30b/paths,47,True,5,4,1,10,0.0,0.0,0.0,0.0,0.0,0.0,0.0,0.0,0.0,0.0,0.0,0.0,0.0,0.0,0.0,0.0,0.0,0.0,0.0,0.0,0.0
mrdoob__three.js-21826,mrdoob/three.js,qwen3-coder:30b/content,29,True,5,4,1,10,0.0,0.0,0.0,0.0,0.0,0.0,0.0,0.0,0.0,0.0,0.0,0.0,0.0,0.0,0.0,0.0,0.0,0.0,0.0,0.0,0.0
mrdoob__three.js-21826,mrdoob/three.js,qwen3-coder:30b/content,47,True,5,4,1,10,0.0,0.0,0.0,0.0,0.0,0.0,0.0,0.0,0.0,0.0,0.0,0.0,0.0,0.0,0.0,0.0,0.0,0.0,0.0,0.0,0.0
mrdoob__three.js-23596,mrdoob/three.js,qwen3-coder:30b/paths,29,True,3,2,1,10,0.3333333333333333,1.0,1.0,0.5,0.0,0.6666666666666666,0.6666666666666666,0.6666666666666666,1.0,0.0,0.6666666666666666,0.4,0.4,1.0,0.0,0.6666666666666666,0.2,0.2,1.0,0.0,1.0
mrdoob__three.js-23596,mrdoob/three.js,qwen3-coder:30b/paths,47,True,3,2,1,10,0.3333333333333333,1.0,1.0,0.5,0.0,0.6666666666666666,0.6666666666666666,0.6666666666666666,1.0,0.0,0.6666666666666666,0.4,0.4,1.0,0.0,0.6666666666666666,0.2,0.2,1.0,0.0,1.0
mrdoob__three.js-23596,mrdoob/three.js,qwen3-coder:30b/content,29,True,3,2,1,6,0.3333333333333333,1.0,1.0,0.5,0.0,0.3333333333333333,0.3333333333333333,0.3333333333333333,0.5,0.0,0.3333333333333333,0.2,0.2,0.5,0.0,0.6666666666666666,0.2,0.3333333333333333,1.0,0.0,1.0
mrdoob__three.js-23596,mrdoob/three.js,qwen3-coder:30b/content,47,True,3,2,1,6,0.3333333333333333,1.0,1.0,0.5,0.0,0.3333333333333333,0.3333333333333333,0.3333333333333333,0.5,0.0,0.3333333333333333,0.2,0.2,0.5,0.0,0.6666666666666666,0.2,0.3333333333333333,1.0,0.0,1.0
mrdoob__three.js-23796,mrdoob/three.js,qwen3-coder:30b/paths,29,True,15,9,6,10,0.06666666666666667,1.0,1.0,0.1111111111111111,0.0,0.2,1.0,1.0,0.2222222222222222,0.16666666666666666,0.3333333333333333,1.0,1.0,0.2222222222222222,0.5,0.4,0.6,0.6,0.2222222222222222,0.6666666666666666,1.0
mrdoob__three.js-23796,mrdoob/three.js,qwen3-coder:30b/paths,47,True,15,9,6,10,0.06666666666666667,1.0,1.0,0.1111111111111111,0.0,0.2,1.0,1.0,0.2222222222222222,0.16666666666666666,0.3333333333333333,1.0,1.0,0.2222222222222222,0.5,0.5333333333333333,0.8,0.8,0.4444444444444444,0.6666666666666666,1.0
mrdoob__three.js-23796,mrdoob/three.js,qwen3-coder:30b/content,29,True,15,9,6,10,0.06666666666666667,1.0,1.0,0.1111111111111111,0.0,0.2,1.0,1.0,0.2222222222222222,0.16666666666666666,0.26666666666666666,0.8,0.8,0.2222222222222222,0.3333333333333333,0.4666666666666667,0.7,0.7,0.4444444444444444,0.5,1.0
mrdoob__three.js-23796,mrdoob/three.js,qwen3-coder:30b/content,47,True,15,9,6,10,0.06666666666666667,1.0,1.0,0.1111111111111111,0.0,0.2,1.0,1.0,0.2222222222222222,0.16666666666666666,0.26666666666666666,0.8,0.8,0.2222222222222222,0.3333333333333333,0.4666666666666667,0.7,0.7,0.4444444444444444,0.5,1.0
sveltejs__svelte-778,sveltejs/svelte,qwen3-coder:30b/paths,29,True,5,4,1,10,0.0,0.0,0.0,0.0,0.0,0.0,0.0,0.0,0.0,0.0,0.0,0.0,0.0,0.0,0.0,0.0,0.0,0.0,0.0,0.0,0.0
sveltejs__svelte-778,sveltejs/svelte,qwen3-coder:30b/paths,47,True,5,4,1,10,0.0,0.0,0.0,0.0,0.0,0.0,0.0,0.0,0.0,0.0,0.0,0.0,0.0,0.0,0.0,0.0,0.0,0.0,0.0,0.0,0.0
sveltejs__svelte-778,sveltejs/svelte,qwen3-coder:30b/content,29,True,5,4,1,10,0.0,0.0,0.0,0.0,0.0,0.0,0.0,0.0,0.0,0.0,0.0,0.0,0.0,0.0,0.0,0.0,0.0,0.0,0.0,0.0,0.0
sveltejs__svelte-778,sveltejs/svelte,qwen3-coder:30b/content,47,True,5,4,1,10,0.0,0.0,0.0,0.0,0.0,0.0,0.0,0.0,0.0,0.0,0.0,0.0,0.0,0.0,0.0,0.0,0.0,0.0,0.0,0.0,0.0
sveltejs__svelte-785,sveltejs/svelte,qwen3-coder:30b/paths,29,True,25,1,24,10,0.0,0.0,0.0,0.0,0.0,0.0,0.0,0.0,0.0,0.0,0.08,0.4,0.4,0.0,0.08333333333333333,0.12,0.3,0.3,0.0,0.125,0.25
sveltejs__svelte-785,sveltejs/svelte,qwen3-coder:30b/paths,47,True,25,1,24,10,0.0,0.0,0.0,0.0,0.0,0.04,0.3333333333333333,0.3333333333333333,0.0,0.041666666666666664,0.08,0.4,0.4,0.0,0.08333333333333333,0.08,0.2,0.2,0.0,0.08333333333333333,0.3333333333333333
sveltejs__svelte-785,sveltejs/svelte,qwen3-coder:30b/content,29,True,25,1,24,10,0.04,1.0,1.0,0.0,0.041666666666666664,0.08,0.6666666666666666,0.6666666666666666,0.0,0.08333333333333333,0.08,0.4,0.4,0.0,0.08333333333333333,0.12,0.3,0.3,0.0,0.125,1.0
sveltejs__svelte-785,sveltejs/svelte,qwen3-coder:30b/content,47,True,25,1,24,10,0.04,1.0,1.0,0.0,0.041666666666666664,0.08,0.6666666666666666,0.6666666666666666,0.0,0.08333333333333333,0.16,0.8,0.8,0.0,0.16666666666666666,0.2,0.5,0.5,0.0,0.20833333333333334,1.0
sveltejs__svelte-1148,sveltejs/svelte,qwen3-coder:30b/paths,29,True,9,4,5,10,0.1111111111111111,1.0,1.0,0.25,0.0,0.3333333333333333,1.0,1.0,0.25,0.4,0.5555555555555556,1.0,1.0,0.25,0.8,0.7777777777777778,0.7,0.7,0.5,1.0,1.0
sveltejs__svelte-1148,sveltejs/svelte,qwen3-coder:30b/paths,47,True,9,4,5,10,0.1111111111111111,1.0,1.0,0.25,0.0,0.3333333333333333,1.0,1.0,0.25,0.4,0.5555555555555556,1.0,1.0,0.25,0.8,0.7777777777777778,0.7,0.7,0.5,1.0,1.0
sveltejs__svelte-1148,sveltejs/svelte,qwen3-coder:30b/content,29,True,9,4,5,10,0.1111111111111111,1.0,1.0,0.25,0.0,0.3333333333333333,1.0,1.0,0.5,0.2,0.5555555555555556,1.0,1.0,0.5,0.6,0.7777777777777778,0.7,0.7,0.5,1.0,1.0
sveltejs__svelte-1148,sveltejs/svelte,qwen3-coder:30b/content,47,True,9,4,5,10,0.1111111111111111,1.0,1.0,0.25,0.0,0.3333333333333333,1.0,1.0,0.5,0.2,0.5555555555555556,1.0,1.0,0.5,0.6,0.7777777777777778,0.7,0.7,0.5,1.0,1.0
sveltejs__svelte-1811,sveltejs/svelte,qwen3-coder:30b/paths,29,True,20,2,18,10,0.0,0.0,0.0,0.0,0.0,0.0,0.0,0.0,0.0,0.0,0.0,0.0,0.0,0.0,0.0,0.0,0.0,0.0,0.0,0.0,0.0
sveltejs__svelte-1811,sveltejs/svelte,qwen3-coder:30b/paths,47,True,20,2,18,10,0.0,0.0,0.0,0.0,0.0,0.0,0.0,0.0,0.0,0.0,0.05,0.2,0.2,0.0,0.05555555555555555,0.1,0.2,0.2,0.0,0.1111111111111111,0.2
sveltejs__svelte-1811,sveltejs/svelte,qwen3-coder:30b/content,29,True,20,2,18,10,0.0,0.0,0.0,0.0,0.0,0.05,0.3333333333333333,0.3333333333333333,0.0,0.05555555555555555,0.1,0.4,0.4,0.0,0.1111111111111111,0.2,0.4,0.4,0.5,0.16666666666666666,0.5
sveltejs__svelte-1811,sveltejs/svelte,qwen3-coder:30b/content,47,True,20,2,18,10,0.0,0.0,0.0,0.0,0.0,0.05,0.3333333333333333,0.3333333333333333,0.0,0.05555555555555555,0.1,0.4,0.4,0.5,0.05555555555555555,0.3,0.6,0.6,0.5,0.2777777777777778,0.5
sveltejs__svelte-2187,sveltejs/svelte,qwen3-coder:30b/paths,29,True,12,4,8,10,0.0,0.0,0.0,0.0,0.0,0.0,0.0,0.0,0.0,0.0,0.0,0.0,0.0,0.0,0.0,0.0,0.0,0.0,0.0,0.0,0.0
sveltejs__svelte-2187,sveltejs/svelte,qwen3-coder:30b/paths,47,True,12,4,8,10,0.0,0.0,0.0,0.0,0.0,0.0,0.0,0.0,0.0,0.0,0.0,0.0,0.0,0.0,0.0,0.0,0.0,0.0,0.0,0.0,0.0
sveltejs__svelte-2187,sveltejs/svelte,qwen3-coder:30b/content,29,True,12,4,8,10,0.08333333333333333,1.0,1.0,0.0,0.125,0.25,1.0,1.0,0.0,0.375,0.25,0.6,0.6,0.0,0.375,0.25,0.3,0.3,0.0,0.375,1.0
sveltejs__svelte-2187,sveltejs/svelte,qwen3-coder:30b/content,47,True,12,4,8,10,0.08333333333333333,1.0,1.0,0.0,0.125,0.25,1.0,1.0,0.0,0.375,0.25,0.6,0.6,0.0,0.375,0.25,0.3,0.3,0.0,0.375,1.0
sveltejs__svelte-6528,sveltejs/svelte,qwen3-coder:30b/paths,29,True,4,4,0,10,0.0,0.0,0.0,0.0,,0.0,0.0,0.0,0.0,,0.25,0.2,0.2,0.25,,0.25,0.1,0.1,0.25,,0.25
sveltejs__svelte-6528,sveltejs/svelte,qwen3-coder:30b/paths,47,True,4,4,0,10,0.0,0.0,0.0,0.0,,0.0,0.0,0.0,0.0,,0.25,0.2,0.2,0.25,,0.25,0.1,0.1,0.25,,0.25
sveltejs__svelte-6528,sveltejs/svelte,qwen3-coder:30b/content,29,True,4,4,0,10,0.0,0.0,0.0,0.0,,0.0,0.0,0.0,0.0,,0.0,0.0,0.0,0.0,,0.25,0.1,0.1,0.25,,0.125
sveltejs__svelte-6528,sveltejs/svelte,qwen3-coder:30b/content,47,True,4,4,0,10,0.0,0.0,0.0,0.0,,0.0,0.0,0.0,0.0,,0.0,0.0,0.0,0.0,,0.0,0.0,0.0,0.0,,0.0
sveltejs__svelte-6564,sveltejs/svelte,qwen3-coder:30b/paths,29,True,1,1,0,10,0.0,0.0,0.0,0.0,,0.0,0.0,0.0,0.0,,0.0,0.0,0.0,0.0,,0.0,0.0,0.0,0.0,,0.0
sveltejs__svelte-6564,sveltejs/svelte,qwen3-coder:30b/paths,47,True,1,1,0,10,0.0,0.0,0.0,0.0,,0.0,0.0,0.0,0.0,,0.0,0.0,0.0,0.0,,0.0,0.0,0.0,0.0,,0.0
sveltejs__svelte-6564,sveltejs/svelte,qwen3-coder:30b/content,29,True,1,1,0,10,0.0,0.0,0.0,0.0,,0.0,0.0,0.0,0.0,,0.0,0.0,0.0,0.0,,0.0,0.0,0.0,0.0,,0.0
sveltejs__svelte-6564,sveltejs/svelte,qwen3-coder:30b/content,47,True,1,1,0,10,0.0,0.0,0.0,0.0,,0.0,0.0,0.0,0.0,,0.0,0.0,0.0,0.0,,0.0,0.0,0.0,0.0,,0.0
sveltejs__svelte-6613,sveltejs/svelte,qwen3-coder:30b/paths,29,True,2,1,1,10,0.0,0.0,0.0,0.0,0.0,0.0,0.0,0.0,0.0,0.0,0.0,0.0,0.0,0.0,0.0,0.0,0.0,0.0,0.0,0.0,0.0
sveltejs__svelte-6613,sveltejs/svelte,qwen3-coder:30b/paths,47,True,2,1,1,10,0.0,0.0,0.0,0.0,0.0,0.0,0.0,0.0,0.0,0.0,0.0,0.0,0.0,0.0,0.0,0.0,0.0,0.0,0.0,0.0,0.0
sveltejs__svelte-6613,sveltejs/svelte,qwen3-coder:30b/content,29,True,2,1,1,10,0.0,0.0,0.0,0.0,0.0,0.0,0.0,0.0,0.0,0.0,0.0,0.0,0.0,0.0,0.0,0.0,0.0,0.0,0.0,0.0,0.0
sveltejs__svelte-6613,sveltejs/svelte,qwen3-coder:30b/content,47,True,2,1,1,10,0.0,0.0,0.0,0.0,0.0,0.0,0.0,0.0,0.0,0.0,0.0,0.0,0.0,0.0,0.0,0.0,0.0,0.0,0.0,0.0,0.0
sveltejs__svelte-6838,sveltejs/svelte,qwen3-coder:30b/paths,29,True,3,2,1,10,0.3333333333333333,1.0,1.0,0.5,0.0,0.3333333333333333,0.3333333333333333,0.3333333333333333,0.5,0.0,0.3333333333333333,0.2,0.2,0.5,0.0,0.6666666666666666,0.2,0.2,0.5,1.0,1.0
sveltejs__svelte-6838,sveltejs/svelte,qwen3-coder:30b/paths,47,True,3,2,1,10,0.3333333333333333,1.0,1.0,0.5,0.0,0.3333333333333333,0.3333333333333333,0.3333333333333333,0.5,0.0,0.3333333333333333,0.2,0.2,0.5,0.0,0.3333333333333333,0.1,0.1,0.5,0.0,1.0
sveltejs__svelte-6838,sveltejs/svelte,qwen3-coder:30b/content,29,True,3,2,1,10,0.3333333333333333,1.0,1.0,0.5,0.0,0.3333333333333333,0.3333333333333333,0.3333333333333333,0.5,0.0,0.3333333333333333,0.2,0.2,0.5,0.0,0.3333333333333333,0.1,0.1,0.5,0.0,1.0
sveltejs__svelte-6838,sveltejs/svelte,qwen3-coder:30b/content,47,True,3,2,1,10,0.3333333333333333,1.0,1.0,0.5,0.0,0.3333333333333333,0.3333333333333333,0.3333333333333333,0.5,0.0,0.3333333333333333,0.2,0.2,0.5,0.0,0.3333333333333333,0.1,0.1,0.5,0.0,1.0
prettier__prettier-16765,prettier/prettier,qwen3-coder:30b/paths,29,True,1,1,0,10,0.0,0.0,0.0,0.0,,0.0,0.0,0.0,0.0,,0.0,0.0,0.0,0.0,,0.0,0.0,0.0,0.0,,0.0
prettier__prettier-16765,prettier/prettier,qwen3-coder:30b/paths,47,True,1,1,0,10,0.0,0.0,0.0,0.0,,0.0,0.0,0.0,0.0,,0.0,0.0,0.0,0.0,,0.0,0.0,0.0,0.0,,0.0
prettier__prettier-16765,prettier/prettier,qwen3-coder:30b/content,29,True,1,1,0,10,0.0,0.0,0.0,0.0,,0.0,0.0,0.0,0.0,,0.0,0.0,0.0,0.0,,0.0,0.0,0.0,0.0,,0.0
prettier__prettier-16765,prettier/prettier,qwen3-coder:30b/content,47,True,1,1,0,10,0.0,0.0,0.0,0.0,,0.0,0.0,0.0,0.0,,0.0,0.0,0.0,0.0,,0.0,0.0,0.0,0.0,,0.0
prettier__prettier-14108,prettier/prettier,qwen3-coder:30b/paths,29,True,3,2,1,10,0.3333333333333333,1.0,1.0,0.5,0.0,0.6666666666666666,0.6666666666666666,0.6666666666666666,0.5,1.0,1.0,0.6,0.6,1.0,1.0,1.0,0.3,0.3,1.0,1.0,1.0
prettier__prettier-14108,prettier/prettier,qwen3-coder:30b/paths,47,True,3,2,1,10,0.3333333333333333,1.0,1.0,0.5,0.0,0.6666666666666666,0.6666666666666666,0.6666666666666666,0.5,1.0,1.0,0.6,0.6,1.0,1.0,1.0,0.3,0.3,1.0,1.0,1.0
prettier__prettier-14108,prettier/prettier,qwen3-coder:30b/content,29,True,3,2,1,10,0.3333333333333333,1.0,1.0,0.5,0.0,0.6666666666666666,0.6666666666666666,0.6666666666666666,0.5,1.0,1.0,0.6,0.6,1.0,1.0,1.0,0.3,0.3,1.0,1.0,1.0
prettier__prettier-14108,prettier/prettier,qwen3-coder:30b/content,47,True,3,2,1,10,0.3333333333333333,1.0,1.0,0.5,0.0,0.6666666666666666,0.6666666666666666,0.6666666666666666,0.5,1.0,1.0,0.6,0.6,1.0,1.0,1.0,0.3,0.3,1.0,1.0,1.0
prettier__prettier-10910,prettier/prettier,qwen3-coder:30b/paths,29,True,17,8,9,10,0.058823529411764705,1.0,1.0,0.125,0.0,0.11764705882352941,0.6666666666666666,0.6666666666666666,0.25,0.0,0.11764705882352941,0.4,0.4,0.25,0.0,0.17647058823529413,0.3,0.3,0.375,0.0,1.0
prettier__prettier-10910,prettier/prettier,qwen3-coder:30b/paths,47,True,17,8,9,10,0.058823529411764705,1.0,1.0,0.125,0.0,0.11764705882352941,0.6666666666666666,0.6666666666666666,0.25,0.0,0.11764705882352941,0.4,0.4,0.25,0.0,0.17647058823529413,0.3,0.3,0.375,0.0,1.0
prettier__prettier-10910,prettier/prettier,qwen3-coder:30b/content,29,True,17,8,9,10,0.058823529411764705,1.0,1.0,0.125,0.0,0.058823529411764705,0.3333333333333333,0.3333333333333333,0.125,0.0,0.11764705882352941,0.4,0.4,0.25,0.0,0.17647058823529413,0.3,0.3,0.375,0.0,1.0
prettier__prettier-10910,prettier/prettier,qwen3-coder:30b/content,47,True,17,8,9,10,0.058823529411764705,1.0,1.0,0.125,0.0,0.058823529411764705,0.3333333333333333,0.3333333333333333,0.125,0.0,0.11764705882352941,0.4,0.4,0.25,0.0,0.17647058823529413,0.3,0.3,0.375,0.0,1.0
prettier__prettier-10109,prettier/prettier,qwen3-coder:30b/paths,29,True,3,1,2,10,0.0,0.0,0.0,0.0,0.0,0.0,0.0,0.0,0.0,0.0,0.3333333333333333,0.2,0.2,0.0,0.5,0.3333333333333333,0.1,0.1,0.0,0.5,0.25
prettier__prettier-10109,prettier/prettier,qwen3-coder:30b/paths,47,True,3,1,2,10,0.0,0.0,0.0,0.0,0.0,0.0,0.0,0.0,0.0,0.0,0.3333333333333333,0.2,0.2,0.0,0.5,0.3333333333333333,0.1,0.1,0.0,0.5,0.25
prettier__prettier-10109,prettier/prettier,qwen3-coder:30b/content,29,True,3,1,2,10,0.0,0.0,0.0,0.0,0.0,0.0,0.0,0.0,0.0,0.0,0.3333333333333333,0.2,0.2,0.0,0.5,0.3333333333333333,0.1,0.1,0.0,0.5,0.2
prettier__prettier-10109,prettier/prettier,qwen3-coder:30b/content,47,True,3,1,2,10,0.0,0.0,0.0,0.0,0.0,0.0,0.0,0.0,0.0,0.0,0.3333333333333333,0.2,0.2,0.0,0.5,0.3333333333333333,0.1,0.1,0.0,0.5,0.2
prettier__prettier-8465,prettier/prettier,qwen3-coder:30b/paths,29,True,7,4,3,10,0.0,0.0,0.0,0.0,0.0,0.0,0.0,0.0,0.0,0.0,0.0,0.0,0.0,0.0,0.0,0.0,0.0,0.0,0.0,0.0,0.0
prettier__prettier-8465,prettier/prettier,qwen3-coder:30b/paths,47,True,7,4,3,10,0.0,0.0,0.0,0.0,0.0,0.0,0.0,0.0,0.0,0.0,0.0,0.0,0.0,0.0,0.0,0.0,0.0,0.0,0.0,0.0,0.0
prettier__prettier-8465,prettier/prettier,qwen3-coder:30b/content,29,True,7,4,3,10,0.0,0.0,0.0,0.0,0.0,0.0,0.0,0.0,0.0,0.0,0.0,0.0,0.0,0.0,0.0,0.0,0.0,0.0,0.0,0.0,0.0
prettier__prettier-8465,prettier/prettier,qwen3-coder:30b/content,47,True,7,4,3,10,0.0,0.0,0.0,0.0,0.0,0.0,0.0,0.0,0.0,0.0,0.0,0.0,0.0,0.0,0.0,0.0,0.0,0.0,0.0,0.0,0.0
prettier__prettier-8381,prettier/prettier,qwen3-coder:30b/paths,29,True,10,10,0,10,0.0,0.0,0.0,0.0,,0.0,0.0,0.0,0.0,,0.0,0.0,0.0,0.0,,0.0,0.0,0.0,0.0,,0.0
prettier__prettier-8381,prettier/prettier,qwen3-coder:30b/paths,47,True,10,10,0,10,0.0,0.0,0.0,0.0,,0.0,0.0,0.0,0.0,,0.0,0.0,0.0,0.0,,0.0,0.0,0.0,0.0,,0.0
prettier__prettier-8381,prettier/prettier,qwen3-coder:30b/content,29,True,10,10,0,10,0.0,0.0,0.0,0.0,,0.0,0.0,0.0,0.0,,0.0,0.0,0.0,0.0,,0.0,0.0,0.0,0.0,,0.0
prettier__prettier-8381,prettier/prettier,qwen3-coder:30b/content,47,True,10,10,0,10,0.0,0.0,0.0,0.0,,0.0,0.0,0.0,0.0,,0.0,0.0,0.0,0.0,,0.0,0.0,0.0,0.0,,0.0
prettier__prettier-4667,prettier/prettier,qwen3-coder:30b/paths,29,True,2,1,1,10,0.0,0.0,0.0,0.0,0.0,0.0,0.0,0.0,0.0,0.0,0.0,0.0,0.0,0.0,0.0,0.0,0.0,0.0,0.0,0.0,0.0
prettier__prettier-4667,prettier/prettier,qwen3-coder:30b/paths,47,True,2,1,1,10,0.0,0.0,0.0,0.0,0.0,0.0,0.0,0.0,0.0,0.0,0.0,0.0,0.0,0.0,0.0,0.0,0.0,0.0,0.0,0.0,0.0
prettier__prettier-4667,prettier/prettier,qwen3-coder:30b/content,29,True,2,1,1,10,0.0,0.0,0.0,0.0,0.0,0.0,0.0,0.0,0.0,0.0,0.0,0.0,0.0,0.0,0.0,0.0,0.0,0.0,0.0,0.0,0.0
prettier__prettier-4667,prettier/prettier,qwen3-coder:30b/content,47,True,2,1,1,10,0.0,0.0,0.0,0.0,0.0,0.0,0.0,0.0,0.0,0.0,0.0,0.0,0.0,0.0,0.0,0.0,0.0,0.0,0.0,0.0,0.0
prettier__prettier-3903,prettier/prettier,qwen3-coder:30b/paths,29,True,99,1,98,10,0.0,0.0,0.0,0.0,0.0,0.0,0.0,0.0,0.0,0.0,0.0,0.0,0.0,0.0,0.0,0.0,0.0,0.0,0.0,0.0,0.0
prettier__prettier-3903,prettier/prettier,qwen3-coder:30b/paths,47,True,99,1,98,10,0.0,0.0,0.0,0.0,0.0,0.0,0.0,0.0,0.0,0.0,0.0,0.0,0.0,0.0,0.0,0.0,0.0,0.0,0.0,0.0,0.0
prettier__prettier-3903,prettier/prettier,qwen3-coder:30b/content,29,True,99,1,98,10,0.0,0.0,0.0,0.0,0.0,0.0,0.0,0.0,0.0,0.0,0.0,0.0,0.0,0.0,0.0,0.0,0.0,0.0,0.0,0.0,0.0
prettier__prettier-3903,prettier/prettier,qwen3-coder:30b/content,47,True,99,1,98,10,0.0,0.0,0.0,0.0,0.0,0.0,0.0,0.0,0.0,0.0,0.0,0.0,0.0,0.0,0.0,0.0,0.0,0.0,0.0,0.0,0.0
prettier__prettier-3775,prettier/prettier,qwen3-coder:30b/paths,29,True,11,8,3,10,0.0,0.0,0.0,0.0,0.0,0.18181818181818182,0.6666666666666666,0.6666666666666666,0.25,0.0,0.2727272727272727,0.6,0.6,0.375,0.0,0.2727272727272727,0.3,0.3,0.375,0.0,0.5
prettier__prettier-3775,prettier/prettier,qwen3-coder:30b/paths,47,True,11,8,3,10,0.0,0.0,0.0,0.0,0.0,0.18181818181818182,0.6666666666666666,0.6666666666666666,0.25,0.0,0.2727272727272727,0.6,0.6,0.375,0.0,0.2727272727272727,0.3,0.3,0.375,0.0,0.5
prettier__prettier-3775,prettier/prettier,qwen3-coder:30b/content,29,True,11,8,3,10,0.09090909090909091,1.0,1.0,0.125,0.0,0.18181818181818182,0.6666666666666666,0.6666666666666666,0.25,0.0,0.18181818181818182,0.4,0.4,0.25,0.0,0.2727272727272727,0.3,0.3,0.25,0.3333333333333333,1.0
prettier__prettier-3775,prettier/prettier,qwen3-coder:30b/content,47,True,11,8,3,10,0.09090909090909091,1.0,1.0,0.125,0.0,0.18181818181818182,0.6666666666666666,0.6666666666666666,0.25,0.0,0.18181818181818182,0.4,0.4,0.25,0.0,0.18181818181818182,0.2,0.2,0.25,0.0,1.0
prettier__prettier-842,prettier/prettier,qwen3-coder:30b/paths,29,True,1,1,0,10,1.0,1.0,1.0,1.0,,1.0,0.3333333333333333,0.3333333333333333,1.0,,1.0,0.2,0.2,1.0,,1.0,0.1,0.1,1.0,,1.0
prettier__prettier-842,prettier/prettier,qwen3-coder:30b/paths,47,True,1,1,0,10,1.0,1.0,1.0,1.0,,1.0,0.3333333333333333,0.3333333333333333,1.0,,1.0,0.2,0.2,1.0,,1.0,0.1,0.1,1.0,,1.0
prettier__prettier-842,prettier/prettier,qwen3-coder:30b/content,29,True,1,1,0,10,1.0,1.0,1.0,1.0,,1.0,0.3333333333333333,0.3333333333333333,1.0,,1.0,0.2,0.2,1.0,,1.0,0.1,0.1,1.0,,1.0
prettier__prettier-842,prettier/prettier,qwen3-coder:30b/content,47,True,1,1,0,10,1.0,1.0,1.0,1.0,,1.0,0.3333333333333333,0.3333333333333333,1.0,,1.0,0.2,0.2,1.0,,1.0,0.1,0.1,1.0,,1.0
serverless__serverless-8638,serverless/serverless,qwen3-coder:30b/paths,29,True,5,4,1,10,0.2,1.0,1.0,0.25,0.0,0.4,0.6666666666666666,0.6666666666666666,0.25,1.0,0.8,0.8,0.8,0.75,1.0,0.8,0.4,0.4,0.75,1.0,1.0
serverless__serverless-8638,serverless/serverless,qwen3-coder:30b/paths,47,True,5,4,1,10,0.0,0.0,0.0,0.0,0.0,0.4,0.6666666666666666,0.6666666666666666,0.25,1.0,0.4,0.4,0.4,0.25,1.0,0.6,0.3,0.3,0.5,1.0,0.5
serverless__serverless-8638,serverless/serverless,qwen3-coder:30b/content,29,True,5,4,1,10,0.2,1.0,1.0,0.0,1.0,0.2,0.3333333333333333,0.3333333333333333,0.0,1.0,0.4,0.4,0.4,0.25,1.0,0.6,0.3,0.3,0.5,1.0,1.0
serverless__serverless-8638,serverless/serverless,qwen3-coder:30b/content,47,True,5,4,1,10,0.2,1.0,1.0,0.0,1.0,0.2,0.3333333333333333,0.3333333333333333,0.0,1.0,0.4,0.4,0.4,0.25,1.0,0.6,0.3,0.3,0.5,1.0,1.0
serverless__serverless-7623,serverless/serverless,qwen3-coder:30b/paths,29,True,4,3,1,10,0.0,0.0,0.0,0.0,0.0,0.0,0.0,0.0,0.0,0.0,0.25,0.2,0.2,0.3333333333333333,0.0,0.25,0.1,0.1,0.3333333333333333,0.0,0.2
serverless__serverless-7623,serverless/serverless,qwen3-coder:30b/paths,47,True,4,3,1,10,0.0,0.0,0.0,0.0,0.0,0.0,0.0,0.0,0.0,0.0,0.25,0.2,0.2,0.3333333333333333,0.0,0.25,0.1,0.1,0.3333333333333333,0.0,0.2
serverless__serverless-7623,serverless/serverless,qwen3-coder:30b/content,29,True,4,3,1,10,0.0,0.0,0.0,0.0,0.0,0.0,0.0,0.0,0.0,0.0,0.25,0.2,0.2,0.3333333333333333,0.0,0.25,0.1,0.1,0.3333333333333333,0.0,0.2
serverless__serverless-7623,serverless/serverless,qwen3-coder:30b/content,47,True,4,3,1,10,0.0,0.0,0.0,0.0,0.0,0.0,0.0,0.0,0.0,0.0,0.0,0.0,0.0,0.0,0.0,0.0,0.0,0.0,0.0,0.0,0.0
serverless__serverless-7031,serverless/serverless,qwen3-coder:30b/paths,29,True,2,1,1,10,0.5,1.0,1.0,1.0,0.0,1.0,0.6666666666666666,0.6666666666666666,1.0,1.0,1.0,0.4,0.4,1.0,1.0,1.0,0.2,0.2,1.0,1.0,1.0
serverless__serverless-7031,serverless/serverless,qwen3-coder:30b/paths,47,True,2,1,1,10,0.5,1.0,1.0,1.0,0.0,1.0,0.6666666666666666,0.6666666666666666,1.0,1.0,1.0,0.4,0.4,1.0,1.0,1.0,0.2,0.2,1.0,1.0,1.0
serverless__serverless-7031,serverless/serverless,qwen3-coder:30b/content,29,True,2,1,1,10,0.5,1.0,1.0,1.0,0.0,1.0,0.6666666666666666,0.6666666666666666,1.0,1.0,1.0,0.4,0.4,1.0,1.0,1.0,0.2,0.2,1.0,1.0,1.0
serverless__serverless-7031,serverless/serverless,qwen3-coder:30b/content,47,True,2,1,1,10,0.5,1.0,1.0,1.0,0.0,1.0,0.6666666666666666,0.6666666666666666,1.0,1.0,1.0,0.4,0.4,1.0,1.0,1.0,0.2,0.2,1.0,1.0,1.0
serverless__serverless-7024,serverless/serverless,qwen3-coder:30b/paths,29,True,3,2,1,10,0.3333333333333333,1.0,1.0,0.5,0.0,1.0,1.0,1.0,1.0,1.0,1.0,0.6,0.6,1.0,1.0,1.0,0.3,0.3,1.0,1.0,1.0
serverless__serverless-7024,serverless/serverless,qwen3-coder:30b/paths,47,True,3,2,1,10,0.3333333333333333,1.0,1.0,0.5,0.0,1.0,1.0,1.0,1.0,1.0,1.0,0.6,0.6,1.0,1.0,1.0,0.3,0.3,1.0,1.0,1.0
serverless__serverless-7024,serverless/serverless,qwen3-coder:30b/content,29,True,3,2,1,10,0.3333333333333333,1.0,1.0,0.0,1.0,0.6666666666666666,0.6666666666666666,0.6666666666666666,0.5,1.0,1.0,0.6,0.6,1.0,1.0,1.0,0.3,0.3,1.0,1.0,1.0
serverless__serverless-7024,serverless/serverless,qwen3-coder:30b/content,47,True,3,2,1,10,0.3333333333333333,1.0,1.0,0.0,1.0,1.0,1.0,1.0,1.0,1.0,1.0,0.6,0.6,1.0,1.0,1.0,0.3,0.3,1.0,1.0,1.0
serverless__serverless-6945,serverless/serverless,qwen3-coder:30b/paths,29,True,4,3,1,10,0.0,0.0,0.0,0.0,0.0,0.0,0.0,0.0,0.0,0.0,0.0,0.0,0.0,0.0,0.0,0.25,0.1,0.1,0.3333333333333333,0.0,0.14285714285714285
serverless__serverless-6945,serverless/serverless,qwen3-coder:30b/paths,47,True,4,3,1,10,0.0,0.0,0.0,0.0,0.0,0.0,0.0,0.0,0.0,0.0,0.0,0.0,0.0,0.0,0.0,0.25,0.1,0.1,0.3333333333333333,0.0,0.14285714285714285
serverless__serverless-6945,serverless/serverless,qwen3-coder:30b/content,29,True,4,3,1,10,0.0,0.0,0.0,0.0,0.0,0.0,0.0,0.0,0.0,0.0,0.0,0.0,0.0,0.0,0.0,0.25,0.1,0.1,0.3333333333333333,0.0,0.125
serverless__serverless-6945,serverless/serverless,qwen3-coder:30b/content,47,True,4,3,1,10,0.0,0.0,0.0,0.0,0.0,0.0,0.0,0.0,0.0,0.0,0.0,0.0,0.0,0.0,0.0,0.25,0.1,0.1,0.3333333333333333,0.0,0.125
serverless__serverless-6345,serverless/serverless,qwen3-coder:30b/paths,29,True,3,2,1,10,0.0,0.0,0.0,0.0,0.0,0.0,0.0,0.0,0.0,0.0,0.0,0.0,0.0,0.0,0.0,0.0,0.0,0.0,0.0,0.0,0.0
serverless__serverless-6345,serverless/serverless,qwen3-coder:30b/paths,47,True,3,2,1,10,0.0,0.0,0.0,0.0,0.0,0.0,0.0,0.0,0.0,0.0,0.0,0.0,0.0,0.0,0.0,0.0,0.0,0.0,0.0,0.0,0.0
serverless__serverless-6345,serverless/serverless,qwen3-coder:30b/content,29,True,3,2,1,10,0.0,0.0,0.0,0.0,0.0,0.0,0.0,0.0,0.0,0.0,0.0,0.0,0.0,0.0,0.0,0.0,0.0,0.0,0.0,0.0,0.0
serverless__serverless-6345,serverless/serverless,qwen3-coder:30b/content,47,True,3,2,1,10,0.0,0.0,0.0,0.0,0.0,0.0,0.0,0.0,0.0,0.0,0.0,0.0,0.0,0.0,0.0,0.0,0.0,0.0,0.0,0.0,0.0
serverless__serverless-6063,serverless/serverless,qwen3-coder:30b/paths,29,True,4,3,1,10,0.25,1.0,1.0,0.0,1.0,0.5,0.6666666666666666,0.6666666666666666,0.3333333333333333,1.0,0.5,0.4,0.4,0.3333333333333333,1.0,0.75,0.3,0.3,0.6666666666666666,1.0,1.0
serverless__serverless-6063,serverless/serverless,qwen3-coder:30b/paths,47,True,4,3,1,10,0.25,1.0,1.0,0.0,1.0,0.5,0.6666666666666666,0.6666666666666666,0.3333333333333333,1.0,0.5,0.4,0.4,0.3333333333333333,1.0,0.75,0.3,0.3,0.6666666666666666,1.0,1.0
serverless__serverless-6063,serverless/serverless,qwen3-coder:30b/content,29,True,4,3,1,10,0.25,1.0,1.0,0.3333333333333333,0.0,0.5,0.6666666666666666,0.6666666666666666,0.6666666666666666,0.0,0.75,0.6,0.6,0.6666666666666666,1.0,0.75,0.3,0.3,0.6666666666666666,1.0,1.0
serverless__serverless-6063,serverless/serverless,qwen3-coder:30b/content,47,True,4,3,1,10,0.25,1.0,1.0,0.3333333333333333,0.0,0.75,1.0,1.0,0.6666666666666666,1.0,0.75,0.6,0.6,0.6666666666666666,1.0,0.75,0.3,0.3,0.6666666666666666,1.0,1.0
serverless__serverless-6051,serverless/serverless,qwen3-coder:30b/paths,29,True,4,3,1,10,0.0,0.0,0.0,0.0,0.0,0.0,0.0,0.0,0.0,0.0,0.25,0.2,0.2,0.3333333333333333,0.0,0.25,0.1,0.1,0.3333333333333333,0.0,0.25
serverless__serverless-6051,serverless/serverless,qwen3-coder:30b/paths,47,True,4,3,1,10,0.0,0.0,0.0,0.0,0.0,0.0,0.0,0.0,0.0,0.0,0.25,0.2,0.2,0.3333333333333333,0.0,0.25,0.1,0.1,0.3333333333333333,0.0,0.25
serverless__serverless-6051,serverless/serverless,qwen3-coder:30b/content,29,True,4,3,1,10,0.0,0.0,0.0,0.0,0.0,0.0,0.0,0.0,0.0,0.0,0.0,0.0,0.0,0.0,0.0,0.25,0.1,0.1,0.3333333333333333,0.0,0.14285714285714285
serverless__serverless-6051,serverless/serverless,qwen3-coder:30b/content,47,True,4,3,1,10,0.0,0.0,0.0,0.0,0.0,0.0,0.0,0.0,0.0,0.0,0.0,0.0,0.0,0.0,0.0,0.25,0.1,0.1,0.3333333333333333,0.0,0.14285714285714285
serverless__serverless-5982,serverless/serverless,qwen3-coder:30b/paths,29,True,9,5,4,10,0.1111111111111111,1.0,1.0,0.2,0.0,0.2222222222222222,0.6666666666666666,0.6666666666666666,0.2,0.25,0.2222222222222222,0.4,0.4,0.2,0.25,0.3333333333333333,0.3,0.3,0.4,0.25,1.0
serverless__serverless-5982,serverless/serverless,qwen3-coder:30b/paths,47,True,9,5,4,10,0.1111111111111111,1.0,1.0,0.2,0.0,0.2222222222222222,0.6666666666666666,0.6666666666666666,0.2,0.25,0.2222222222222222,0.4,0.4,0.2,0.25,0.3333333333333333,0.3,0.3,0.4,0.25,1.0
serverless__serverless-5982,serverless/serverless,qwen3-coder:30b/content,29,True,9,5,4,10,0.1111111111111111,1.0,1.0,0.2,0.0,0.2222222222222222,0.6666666666666666,0.6666666666666666,0.2,0.25,0.2222222222222222,0.4,0.4,0.2,0.25,0.3333333333333333,0.3,0.3,0.4,0.25,1.0
serverless__serverless-5982,serverless/serverless,qwen3-coder:30b/content,47,True,9,5,4,10,0.1111111111111111,1.0,1.0,0.2,0.0,0.2222222222222222,0.6666666666666666,0.6666666666666666,0.2,0.25,0.2222222222222222,0.4,0.4,0.2,0.25,0.3333333333333333,0.3,0.3,0.4,0.25,1.0
serverless__serverless-5579,serverless/serverless,qwen3-coder:30b/paths,29,True,5,3,2,10,0.2,1.0,1.0,0.3333333333333333,0.0,0.2,0.3333333333333333,0.3333333333333333,0.3333333333333333,0.0,0.2,0.2,0.2,0.3333333333333333,0.0,0.2,0.1,0.1,0.3333333333333333,0.0,1.0
serverless__serverless-5579,serverless/serverless,qwen3-coder:30b/paths,47,True,5,3,2,10,0.2,1.0,1.0,0.3333333333333333,0.0,0.2,0.3333333333333333,0.3333333333333333,0.3333333333333333,0.0,0.2,0.2,0.2,0.3333333333333333,0.0,0.2,0.1,0.1,0.3333333333333333,0.0,1.0
serverless__serverless-5579,serverless/serverless,qwen3-coder:30b/content,29,True,5,3,2,10,0.0,0.0,0.0,0.0,0.0,0.0,0.0,0.0,0.0,0.0,0.2,0.2,0.2,0.3333333333333333,0.0,0.2,0.1,0.1,0.3333333333333333,0.0,0.25
serverless__serverless-5579,serverless/serverless,qwen3-coder:30b/content,47,True,5,3,2,10,0.0,0.0,0.0,0.0,0.0,0.0,0.0,0.0,0.0,0.0,0.2,0.2,0.2,0.3333333333333333,0.0,0.2,0.1,0.1,0.3333333333333333,0.0,0.25
serverless__serverless-5509,serverless/serverless,qwen3-coder:30b/paths,29,True,5,4,1,10,0.2,1.0,1.0,0.25,0.0,0.4,0.6666666666666666,0.6666666666666666,0.25,1.0,0.4,0.4,0.4,0.25,1.0,0.8,0.4,0.4,0.75,1.0,1.0
serverless__serverless-5509,serverless/serverless,qwen3-coder:30b/paths,47,True,5,4,1,10,0.2,1.0,1.0,0.25,0.0,0.4,0.6666666666666666,0.6666666666666666,0.25,1.0,0.4,0.4,0.4,0.25,1.0,0.8,0.4,0.4,0.75,1.0,1.0
serverless__serverless-5509,serverless/serverless,qwen3-coder:30b/content,29,True,5,4,1,10,0.2,1.0,1.0,0.25,0.0,0.4,0.6666666666666666,0.6666666666666666,0.25,1.0,0.6,0.6,0.6,0.5,1.0,0.6,0.3,0.3,0.5,1.0,1.0
serverless__serverless-5509,serverless/serverless,qwen3-coder:30b/content,47,True,5,4,1,10,0.2,1.0,1.0,0.25,0.0,0.4,0.6666666666666666,0.6666666666666666,0.25,1.0,0.6,0.6,0.6,0.5,1.0,0.6,0.3,0.3,0.5,1.0,1.0
serverless__serverless-4097,serverless/serverless,qwen3-coder:30b/paths,29,True,6,4,2,10,0.16666666666666666,1.0,1.0,0.0,0.5,0.3333333333333333,0.6666666666666666,0.6666666666666666,0.25,0.5,0.3333333333333333,0.4,0.4,0.25,0.5,0.3333333333333333,0.2,0.2,0.25,0.5,1.0
serverless__serverless-4097,serverless/serverless,qwen3-coder:30b/paths,47,True,6,4,2,10,0.16666666666666666,1.0,1.0,0.0,0.5,0.3333333333333333,0.6666666666666666,0.6666666666666666,0.25,0.5,0.3333333333333333,0.4,0.4,0.25,0.5,0.3333333333333333,0.2,0.2,0.25,0.5,1.0
serverless__serverless-4097,serverless/serverless,qwen3-coder:30b/content,29,True,6,4,2,10,0.16666666666666666,1.0,1.0,0.0,0.5,0.3333333333333333,0.6666666666666666,0.6666666666666666,0.25,0.5,0.3333333333333333,0.4,0.4,0.25,0.5,0.3333333333333333,0.2,0.2,0.25,0.5,1.0
serverless__serverless-4097,serverless/serverless,qwen3-coder:30b/content,47,True,6,4,2,10,0.16666666666666666,1.0,1.0,0.0,0.5,0.3333333333333333,0.6666666666666666,0.6666666666666666,0.25,0.5,0.3333333333333333,0.4,0.4,0.25,0.5,0.5,0.3,0.3,0.5,0.5,1.0
serverless__serverless-3609,serverless/serverless,qwen3-coder:30b/paths,29,True,4,3,1,10,0.25,1.0,1.0,0.3333333333333333,0.0,0.5,0.6666666666666666,0.6666666666666666,0.6666666666666666,0.0,0.5,0.4,0.4,0.6666666666666666,0.0,0.5,0.2,0.2,0.6666666666666666,0.0,1.0
serverless__serverless-3609,serverless/serverless,qwen3-coder:30b/paths,47,True,4,3,1,10,0.25,1.0,1.0,0.3333333333333333,0.0,0.5,0.6666666666666666,0.6666666666666666,0.6666666666666666,0.0,0.5,0.4,0.4,0.6666666666666666,0.0,0.5,0.2,0.2,0.6666666666666666,0.0,1.0
serverless__serverless-3609,serverless/serverless,qwen3-coder:30b/content,29,True,4,3,1,10,0.25,1.0,1.0,0.3333333333333333,0.0,0.5,0.6666666666666666,0.6666666666666666,0.6666666666666666,0.0,0.5,0.4,0.4,0.6666666666666666,0.0,0.5,0.2,0.2,0.6666666666666666,0.0,1.0
serverless__serverless-3609,serverless/serverless,qwen3-coder:30b/content,47,True,4,3,1,10,0.25,1.0,1.0,0.3333333333333333,0.0,0.5,0.6666666666666666,0.6666666666666666,0.6666666666666666,0.0,0.5,0.4,0.4,0.6666666666666666,0.0,0.5,0.2,0.2,0.6666666666666666,0.0,1.0
serverless__serverless-3548,serverless/serverless,qwen3-coder:30b/paths,29,True,4,3,1,10,0.0,0.0,0.0,0.0,0.0,0.0,0.0,0.0,0.0,0.0,0.25,0.2,0.2,0.3333333333333333,0.0,0.25,0.1,0.1,0.3333333333333333,0.0,0.2
serverless__serverless-3548,serverless/serverless,qwen3-coder:30b/paths,47,True,4,3,1,10,0.0,0.0,0.0,0.0,0.0,0.0,0.0,0.0,0.0,0.0,0.25,0.2,0.2,0.3333333333333333,0.0,0.25,0.1,0.1,0.3333333333333333,0.0,0.2
serverless__serverless-3548,serverless/serverless,qwen3-coder:30b/content,29,True,4,3,1,10,0.25,1.0,1.0,0.3333333333333333,0.0,0.25,0.3333333333333333,0.3333333333333333,0.3333333333333333,0.0,0.25,0.2,0.2,0.3333333333333333,0.0,0.25,0.1,0.1,0.3333333333333333,0.0,1.0
serverless__serverless-3548,serverless/serverless,qwen3-coder:30b/content,47,True,4,3,1,10,0.25,1.0,1.0,0.3333333333333333,0.0,0.25,0.3333333333333333,0.3333333333333333,0.3333333333333333,0.0,0.25,0.2,0.2,0.3333333333333333,0.0,0.25,0.1,0.1,0.3333333333333333,0.0,1.0
serverless__serverless-3217,serverless/serverless,qwen3-coder:30b/paths,29,True,3,2,1,10,0.0,0.0,0.0,0.0,0.0,0.0,0.0,0.0,0.0,0.0,0.0,0.0,0.0,0.0,0.0,0.3333333333333333,0.1,0.1,0.5,0.0,0.1111111111111111
serverless__serverless-3217,serverless/serverless,qwen3-coder:30b/paths,47,True,3,2,1,10,0.0,0.0,0.0,0.0,0.0,0.0,0.0,0.0,0.0,0.0,0.0,0.0,0.0,0.0,0.0,0.0,0.0,0.0,0.0,0.0,0.0
serverless__serverless-3217,serverless/serverless,qwen3-coder:30b/content,29,True,3,2,1,10,0.0,0.0,0.0,0.0,0.0,0.0,0.0,0.0,0.0,0.0,0.0,0.0,0.0,0.0,0.0,0.0,0.0,0.0,0.0,0.0,0.0
serverless__serverless-3217,serverless/serverless,qwen3-coder:30b/content,47,True,3,2,1,10,0.0,0.0,0.0,0.0,0.0,0.0,0.0,0.0,0.0,0.0,0.0,0.0,0.0,0.0,0.0,0.0,0.0,0.0,0.0,0.0,0.0
serverless__serverless-2910,serverless/serverless,qwen3-coder:30b/paths,29,True,3,2,1,10,0.3333333333333333,1.0,1.0,0.5,0.0,1.0,1.0,1.0,1.0,1.0,1.0,0.6,0.6,1.0,1.0,1.0,0.3,0.3,1.0,1.0,1.0
serverless__serverless-2910,serverless/serverless,qwen3-coder:30b/paths,47,True,3,2,1,10,0.3333333333333333,1.0,1.0,0.5,0.0,1.0,1.0,1.0,1.0,1.0,1.0,0.6,0.6,1.0,1.0,1.0,0.3,0.3,1.0,1.0,1.0
serverless__serverless-2910,serverless/serverless,qwen3-coder:30b/content,29,True,3,2,1,10,0.3333333333333333,1.0,1.0,0.5,0.0,0.6666666666666666,0.6666666666666666,0.6666666666666666,0.5,1.0,0.6666666666666666,0.4,0.4,0.5,1.0,0.6666666666666666,0.2,0.2,0.5,1.0,1.0
serverless__serverless-2910,serverless/serverless,qwen3-coder:30b/content,47,True,3,2,1,10,0.3333333333333333,1.0,1.0,0.5,0.0,1.0,1.0,1.0,1.0,1.0,1.0,0.6,0.6,1.0,1.0,1.0,0.3,0.3,1.0,1.0,1.0
serverless__serverless-2748,serverless/serverless,qwen3-coder:30b/paths,29,True,3,2,1,10,0.0,0.0,0.0,0.0,0.0,0.0,0.0,0.0,0.0,0.0,0.0,0.0,0.0,0.0,0.0,0.3333333333333333,0.1,0.1,0.5,0.0,0.125
serverless__serverless-2748,serverless/serverless,qwen3-coder:30b/paths,47,True,3,2,1,10,0.0,0.0,0.0,0.0,0.0,0.0,0.0,0.0,0.0,0.0,0.0,0.0,0.0,0.0,0.0,0.3333333333333333,0.1,0.1,0.5,0.0,0.14285714285714285
serverless__serverless-2748,serverless/serverless,qwen3-coder:30b/content,29,True,3,2,1,10,0.3333333333333333,1.0,1.0,0.5,0.0,0.3333333333333333,0.3333333333333333,0.3333333333333333,0.5,0.0,0.3333333333333333,0.2,0.2,0.5,0.0,0.3333333333333333,0.1,0.1,0.5,0.0,1.0
serverless__serverless-2748,serverless/serverless,qwen3-coder:30b/content,47,True,3,2,1,10,0.3333333333333333,1.0,1.0,0.5,0.0,0.3333333333333333,0.3333333333333333,0.3333333333333333,0.5,0.0,0.3333333333333333,0.2,0.2,0.5,0.0,0.3333333333333333,0.1,0.1,0.5,0.0,1.0
serverless__serverless-2624,serverless/serverless,qwen3-coder:30b/paths,29,True,2,1,1,10,0.0,0.0,0.0,0.0,0.0,0.0,0.0,0.0,0.0,0.0,0.0,0.0,0.0,0.0,0.0,0.0,0.0,0.0,0.0,0.0,0.0
serverless__serverless-2624,serverless/serverless,qwen3-coder:30b/paths,47,True,2,1,1,10,0.0,0.0,0.0,0.0,0.0,0.0,0.0,0.0,0.0,0.0,0.0,0.0,0.0,0.0,0.0,0.0,0.0,0.0,0.0,0.0,0.0
serverless__serverless-2624,serverless/serverless,qwen3-coder:30b/content,29,True,2,1,1,10,0.0,0.0,0.0,0.0,0.0,0.0,0.0,0.0,0.0,0.0,0.0,0.0,0.0,0.0,0.0,0.0,0.0,0.0,0.0,0.0,0.0
serverless__serverless-2624,serverless/serverless,qwen3-coder:30b/content,47,True,2,1,1,10,0.0,0.0,0.0,0.0,0.0,0.0,0.0,0.0,0.0,0.0,0.0,0.0,0.0,0.0,0.0,0.0,0.0,0.0,0.0,0.0,0.0
microsoft__vscode-114208,microsoft/vscode,qwen3-coder:30b/paths,29,True,2,1,1,10,0.5,1.0,1.0,0.0,1.0,0.5,0.3333333333333333,0.3333333333333333,0.0,1.0,0.5,0.2,0.2,0.0,1.0,0.5,0.1,0.1,0.0,1.0,1.0
microsoft__vscode-114208,microsoft/vscode,qwen3-coder:30b/paths,47,True,2,1,1,10,0.5,1.0,1.0,0.0,1.0,0.5,0.3333333333333333,0.3333333333333333,0.0,1.0,0.5,0.2,0.2,0.0,1.0,0.5,0.1,0.1,0.0,1.0,1.0
microsoft__vscode-114208,microsoft/vscode,qwen3-coder:30b/content,29,True,2,1,1,10,0.5,1.0,1.0,0.0,1.0,0.5,0.3333333333333333,0.3333333333333333,0.0,1.0,0.5,0.2,0.2,0.0,1.0,0.5,0.1,0.1,0.0,1.0,1.0
microsoft__vscode-114208,microsoft/vscode,qwen3-coder:30b/content,47,True,2,1,1,10,0.5,1.0,1.0,0.0,1.0,0.5,0.3333333333333333,0.3333333333333333,0.0,1.0,0.5,0.2,0.2,0.0,1.0,0.5,0.1,0.1,0.0,1.0,1.0
microsoft__vscode-128931,microsoft/vscode,qwen3-coder:30b/paths,29,True,3,2,1,6,0.0,0.0,0.0,0.0,0.0,0.0,0.0,0.0,0.0,0.0,0.0,0.0,0.0,0.0,0.0,0.0,0.0,0.0,0.0,0.0,0.0
microsoft__vscode-128931,microsoft/vscode,qwen3-coder:30b/paths,47,True,3,2,1,6,0.0,0.0,0.0,0.0,0.0,0.0,0.0,0.0,0.0,0.0,0.0,0.0,0.0,0.0,0.0,0.0,0.0,0.0,0.0,0.0,0.0
microsoft__vscode-128931,microsoft/vscode,qwen3-coder:30b/content,29,True,3,2,1,10,0.0,0.0,0.0,0.0,0.0,0.0,0.0,0.0,0.0,0.0,0.0,0.0,0.0,0.0,0.0,0.0,0.0,0.0,0.0,0.0,0.0
microsoft__vscode-128931,microsoft/vscode,qwen3-coder:30b/content,47,True,3,2,1,10,0.0,0.0,0.0,0.0,0.0,0.0,0.0,0.0,0.0,0.0,0.0,0.0,0.0,0.0,0.0,0.0,0.0,0.0,0.0,0.0,0.0
microsoft__vscode-146962,microsoft/vscode,qwen3-coder:30b/paths,29,True,11,8,3,10,0.0,0.0,0.0,0.0,0.0,0.0,0.0,0.0,0.0,0.0,0.0,0.0,0.0,0.0,0.0,0.0,0.0,0.0,0.0,0.0,0.0
microsoft__vscode-146962,microsoft/vscode,qwen3-coder:30b/paths,47,True,11,8,3,10,0.0,0.0,0.0,0.0,0.0,0.0,0.0,0.0,0.0,0.0,0.0,0.0,0.0,0.0,0.0,0.0,0.0,0.0,0.0,0.0,0.0
microsoft__vscode-146962,microsoft/vscode,qwen3-coder:30b/content,29,True,11,8,3,10,0.0,0.0,0.0,0.0,0.0,0.0,0.0,0.0,0.0,0.0,0.0,0.0,0.0,0.0,0.0,0.0,0.0,0.0,0.0,0.0,0.0
microsoft__vscode-146962,microsoft/vscode,qwen3-coder:30b/content,47,True,11,8,3,10,0.0,0.0,0.0,0.0,0.0,0.0,0.0,0.0,0.0,0.0,0.0,0.0,0.0,0.0,0.0,0.0,0.0,0.0,0.0,0.0,0.0
microsoft__vscode-152802,microsoft/vscode,qwen3-coder:30b/paths,29,True,5,4,1,10,0.2,1.0,1.0,0.25,0.0,0.4,0.6666666666666666,0.6666666666666666,0.5,0.0,0.4,0.4,0.4,0.5,0.0,0.6,0.3,0.3,0.5,1.0,1.0
microsoft__vscode-152802,microsoft/vscode,qwen3-coder:30b/paths,47,True,5,4,1,10,0.2,1.0,1.0,0.25,0.0,0.4,0.6666666666666666,0.6666666666666666,0.5,0.0,0.4,0.4,0.4,0.5,0.0,0.6,0.3,0.3,0.5,1.0,1.0
microsoft__vscode-152802,microsoft/vscode,qwen3-coder:30b/content,29,True,5,4,1,10,0.2,1.0,1.0,0.25,0.0,0.4,0.6666666666666666,0.6666666666666666,0.5,0.0,0.6,0.6,0.6,0.5,1.0,0.6,0.3,0.3,0.5,1.0,1.0
microsoft__vscode-152802,microsoft/vscode,qwen3-coder:30b/content,47,True,5,4,1,10,0.2,1.0,1.0,0.25,0.0,0.4,0.6666666666666666,0.6666666666666666,0.5,0.0,0.6,0.6,0.6,0.5,1.0,0.6,0.3,0.3,0.5,1.0,1.0
microsoft__vscode-155261,microsoft/vscode,qwen3-coder:30b/paths,29,True,3,2,1,10,0.3333333333333333,1.0,1.0,0.5,0.0,0.3333333333333333,0.3333333333333333,0.3333333333333333,0.5,0.0,0.3333333333333333,0.2,0.2,0.5,0.0,0.3333333333333333,0.1,0.1,0.5,0.0,1.0
microsoft__vscode-155261,microsoft/vscode,qwen3-coder:30b/paths,47,True,3,2,1,10,0.3333333333333333,1.0,1.0,0.5,0.0,0.3333333333333333,0.3333333333333333,0.3333333333333333,0.5,0.0,0.3333333333333333,0.2,0.2,0.5,0.0,0.3333333333333333,0.1,0.1,0.5,0.0,1.0
microsoft__vscode-155261,microsoft/vscode,qwen3-coder:30b/content,29,True,3,2,1,10,0.3333333333333333,1.0,1.0,0.5,0.0,0.3333333333333333,0.3333333333333333,0.3333333333333333,0.5,0.0,0.3333333333333333,0.2,0.2,0.5,0.0,0.3333333333333333,0.1,0.1,0.5,0.0,1.0
microsoft__vscode-155261,microsoft/vscode,qwen3-coder:30b/content,47,True,3,2,1,10,0.3333333333333333,1.0,1.0,0.5,0.0,0.3333333333333333,0.3333333333333333,0.3333333333333333,0.5,0.0,0.3333333333333333,0.2,0.2,0.5,0.0,0.3333333333333333,0.1,0.1,0.5,0.0,1.0
microsoft__vscode-156733,microsoft/vscode,qwen3-coder:30b/paths,29,True,7,6,1,10,0.14285714285714285,1.0,1.0,0.16666666666666666,0.0,0.14285714285714285,0.3333333333333333,0.3333333333333333,0.16666666666666666,0.0,0.14285714285714285,0.2,0.2,0.16666666666666666,0.0,0.14285714285714285,0.1,0.1,0.16666666666666666,0.0,1.0
microsoft__vscode-156733,microsoft/vscode,qwen3-coder:30b/paths,47,True,7,6,1,10,0.14285714285714285,1.0,1.0,0.16666666666666666,0.0,0.14285714285714285,0.3333333333333333,0.3333333333333333,0.16666666666666666,0.0,0.14285714285714285,0.2,0.2,0.16666666666666666,0.0,0.14285714285714285,0.1,0.1,0.16666666666666666,0.0,1.0
microsoft__vscode-156733,microsoft/vscode,qwen3-coder:30b/content,29,True,7,6,1,10,0.0,0.0,0.0,0.0,0.0,0.14285714285714285,0.3333333333333333,0.3333333333333333,0.16666666666666666,0.0,0.14285714285714285,0.2,0.2,0.16666666666666666,0.0,0.14285714285714285,0.1,0.1,0.16666666666666666,0.0,0.3333333333333333
microsoft__vscode-156733,microsoft/vscode,qwen3-coder:30b/content,47,True,7,6,1,10,0.0,0.0,0.0,0.0,0.0,0.14285714285714285,0.3333333333333333,0.3333333333333333,0.16666666666666666,0.0,0.14285714285714285,0.2,0.2,0.16666666666666666,0.0,0.14285714285714285,0.1,0.1,0.16666666666666666,0.0,0.3333333333333333
microsoft__vscode-168788,microsoft/vscode,qwen3-coder:30b/paths,29,True,4,3,1,10,0.0,0.0,0.0,0.0,0.0,0.0,0.0,0.0,0.0,0.0,0.0,0.0,0.0,0.0,0.0,0.0,0.0,0.0,0.0,0.0,0.0
microsoft__vscode-168788,microsoft/vscode,qwen3-coder:30b/paths,47,True,4,3,1,10,0.0,0.0,0.0,0.0,0.0,0.0,0.0,0.0,0.0,0.0,0.0,0.0,0.0,0.0,0.0,0.0,0.0,0.0,0.0,0.0,0.0
microsoft__vscode-168788,microsoft/vscode,qwen3-coder:30b/content,29,True,4,3,1,10,0.0,0.0,0.0,0.0,0.0,0.0,0.0,0.0,0.0,0.0,0.0,0.0,0.0,0.0,0.0,0.0,0.0,0.0,0.0,0.0,0.0
microsoft__vscode-168788,microsoft/vscode,qwen3-coder:30b/content,47,True,4,3,1,10,0.0,0.0,0.0,0.0,0.0,0.0,0.0,0.0,0.0,0.0,0.0,0.0,0.0,0.0,0.0,0.0,0.0,0.0,0.0,0.0,0.0
microsoft__vscode-178291,microsoft/vscode,qwen3-coder:30b/paths,29,True,2,1,1,6,0.0,0.0,0.0,0.0,0.0,0.0,0.0,0.0,0.0,0.0,0.0,0.0,0.0,0.0,0.0,0.0,0.0,0.0,0.0,0.0,0.0
microsoft__vscode-178291,microsoft/vscode,qwen3-coder:30b/paths,47,True,2,1,1,6,0.0,0.0,0.0,0.0,0.0,0.0,0.0,0.0,0.0,0.0,0.0,0.0,0.0,0.0,0.0,0.0,0.0,0.0,0.0,0.0,0.0
microsoft__vscode-178291,microsoft/vscode,qwen3-coder:30b/content,29,True,2,1,1,10,0.0,0.0,0.0,0.0,0.0,0.0,0.0,0.0,0.0,0.0,0.0,0.0,0.0,0.0,0.0,0.0,0.0,0.0,0.0,0.0,0.0
microsoft__vscode-178291,microsoft/vscode,qwen3-coder:30b/content,47,True,2,1,1,10,0.0,0.0,0.0,0.0,0.0,0.0,0.0,0.0,0.0,0.0,0.0,0.0,0.0,0.0,0.0,0.0,0.0,0.0,0.0,0.0,0.0
microsoft__vscode-178513,microsoft/vscode,qwen3-coder:30b/paths,29,True,2,1,1,10,0.0,0.0,0.0,0.0,0.0,0.0,0.0,0.0,0.0,0.0,0.0,0.0,0.0,0.0,0.0,0.0,0.0,0.0,0.0,0.0,0.0
microsoft__vscode-178513,microsoft/vscode,qwen3-coder:30b/paths,47,True,2,1,1,10,0.0,0.0,0.0,0.0,0.0,0.0,0.0,0.0,0.0,0.0,0.0,0.0,0.0,0.0,0.0,0.0,0.0,0.0,0.0,0.0,0.0
microsoft__vscode-178513,microsoft/vscode,qwen3-coder:30b/content,29,True,2,1,1,10,0.0,0.0,0.0,0.0,0.0,0.0,0.0,0.0,0.0,0.0,0.0,0.0,0.0,0.0,0.0,0.0,0.0,0.0,0.0,0.0,0.0
microsoft__vscode-178513,microsoft/vscode,qwen3-coder:30b/content,47,True,2,1,1,10,0.0,0.0,0.0,0.0,0.0,0.0,0.0,0.0,0.0,0.0,0.0,0.0,0.0,0.0,0.0,0.0,0.0,0.0,0.0,0.0,0.0
microsoft__vscode-178694,microsoft/vscode,qwen3-coder:30b/paths,29,True,2,1,1,10,0.0,0.0,0.0,0.0,0.0,0.0,0.0,0.0,0.0,0.0,0.0,0.0,0.0,0.0,0.0,0.0,0.0,0.0,0.0,0.0,0.0
microsoft__vscode-178694,microsoft/vscode,qwen3-coder:30b/paths,47,True,2,1,1,10,0.0,0.0,0.0,0.0,0.0,0.0,0.0,0.0,0.0,0.0,0.0,0.0,0.0,0.0,0.0,0.0,0.0,0.0,0.0,0.0,0.0
microsoft__vscode-178694,microsoft/vscode,qwen3-coder:30b/content,29,True,2,1,1,10,0.0,0.0,0.0,0.0,0.0,0.0,0.0,0.0,0.0,0.0,0.0,0.0,0.0,0.0,0.0,0.0,0.0,0.0,0.0,0.0,0.0
microsoft__vscode-178694,microsoft/vscode,qwen3-coder:30b/content,47,True,2,1,1,10,0.0,0.0,0.0,0.0,0.0,0.0,0.0,0.0,0.0,0.0,0.0,0.0,0.0,0.0,0.0,0.0,0.0,0.0,0.0,0.0,0.0
microsoft__vscode-182669,microsoft/vscode,qwen3-coder:30b/paths,29,True,9,5,4,10,0.0,0.0,0.0,0.0,0.0,0.1111111111111111,0.3333333333333333,0.3333333333333333,0.2,0.0,0.1111111111111111,0.2,0.2,0.2,0.0,0.3333333333333333,0.3,0.3,0.6,0.0,0.5
microsoft__vscode-182669,microsoft/vscode,qwen3-coder:30b/paths,47,True,9,5,4,10,0.0,0.0,0.0,0.0,0.0,0.1111111111111111,0.3333333333333333,0.3333333333333333,0.2,0.0,0.1111111111111111,0.2,0.2,0.2,0.0,0.3333333333333333,0.3,0.3,0.6,0.0,0.5
microsoft__vscode-182669,microsoft/vscode,qwen3-coder:30b/content,29,True,9,5,4,10,0.1111111111111111,1.0,1.0,0.2,0.0,0.2222222222222222,0.6666666666666666,0.6666666666666666,0.4,0.0,0.3333333333333333,0.6,0.6,0.6,0.0,0.3333333333333333,0.3,0.3,0.6,0.0,1.0
microsoft__vscode-182669,microsoft/vscode,qwen3-coder:30b/content,47,True,9,5,4,10,0.1111111111111111,1.0,1.0,0.2,0.0,0.2222222222222222,0.6666666666666666,0.6666666666666666,0.4,0.0,0.3333333333333333,0.6,0.6,0.6,0.0,0.4444444444444444,0.4,0.4,0.8,0.0,1.0
microsoft__vscode-190351,microsoft/vscode,qwen3-coder:30b/paths,29,True,2,1,1,10,0.0,0.0,0.0,0.0,0.0,0.0,0.0,0.0,0.0,0.0,0.0,0.0,0.0,0.0,0.0,0.0,0.0,0.0,0.0,0.0,0.0
microsoft__vscode-190351,microsoft/vscode,qwen3-coder:30b/paths,47,True,2,1,1,10,0.0,0.0,0.0,0.0,0.0,0.0,0.0,0.0,0.0,0.0,0.0,0.0,0.0,0.0,0.0,0.0,0.0,0.0,0.0,0.0,0.0
microsoft__vscode-190351,microsoft/vscode,qwen3-coder:30b/content,29,True,2,1,1,10,0.0,0.0,0.0,0.0,0.0,0.0,0.0,0.0,0.0,0.0,0.0,0.0,0.0,0.0,0.0,0.0,0.0,0.0,0.0,0.0,0.0
microsoft__vscode-190351,microsoft/vscode,qwen3-coder:30b/content,47,True,2,1,1,10,0.0,0.0,0.0,0.0,0.0,0.0,0.0,0.0,0.0,0.0,0.0,0.0,0.0,0.0,0.0,0.0,0.0,0.0,0.0,0.0,0.0
microsoft__vscode-191602,microsoft/vscode,qwen3-coder:30b/paths,29,True,2,1,1,10,0.0,0.0,0.0,0.0,0.0,0.0,0.0,0.0,0.0,0.0,0.0,0.0,0.0,0.0,0.0,0.0,0.0,0.0,0.0,0.0,0.0
microsoft__vscode-191602,microsoft/vscode,qwen3-coder:30b/paths,47,True,2,1,1,10,0.0,0.0,0.0,0.0,0.0,0.0,0.0,0.0,0.0,0.0,0.0,0.0,0.0,0.0,0.0,0.0,0.0,0.0,0.0,0.0,0.0
microsoft__vscode-191602,microsoft/vscode,qwen3-coder:30b/content,29,True,2,1,1,10,0.0,0.0,0.0,0.0,0.0,0.0,0.0,0.0,0.0,0.0,0.0,0.0,0.0,0.0,0.0,0.0,0.0,0.0,0.0,0.0,0.0
microsoft__vscode-191602,microsoft/vscode,qwen3-coder:30b/content,47,True,2,1,1,10,0.0,0.0,0.0,0.0,0.0,0.0,0.0,0.0,0.0,0.0,0.0,0.0,0.0,0.0,0.0,0.0,0.0,0.0,0.0,0.0,0.0
mui__material-ui-11446,mui/material-ui,qwen3-coder:30b/paths,29,True,4,3,1,10,0.25,1.0,1.0,0.3333333333333333,0.0,0.5,0.6666666666666666,0.6666666666666666,0.3333333333333333,1.0,0.5,0.4,0.4,0.3333333333333333,1.0,0.75,0.3,0.3,0.6666666666666666,1.0,1.0
mui__material-ui-11446,mui/material-ui,qwen3-coder:30b/paths,47,True,4,3,1,10,0.25,1.0,1.0,0.3333333333333333,0.0,0.5,0.6666666666666666,0.6666666666666666,0.3333333333333333,1.0,0.5,0.4,0.4,0.3333333333333333,1.0,0.75,0.3,0.3,0.6666666666666666,1.0,1.0
mui__material-ui-11446,mui/material-ui,qwen3-coder:30b/content,29,True,4,3,1,10,0.25,1.0,1.0,0.3333333333333333,0.0,0.5,0.6666666666666666,0.6666666666666666,0.6666666666666666,0.0,0.75,0.6,0.6,0.6666666666666666,1.0,0.75,0.3,0.3,0.6666666666666666,1.0,1.0
mui__material-ui-11446,mui/material-ui,qwen3-coder:30b/content,47,True,4,3,1,10,0.25,1.0,1.0,0.3333333333333333,0.0,0.5,0.6666666666666666,0.6666666666666666,0.6666666666666666,0.0,0.75,0.6,0.6,0.6666666666666666,1.0,0.75,0.3,0.3,0.6666666666666666,1.0,1.0
mui__material-ui-13828,mui/material-ui,qwen3-coder:30b/paths,29,True,4,3,1,10,0.25,1.0,1.0,0.3333333333333333,0.0,0.75,1.0,1.0,0.6666666666666666,1.0,0.75,0.6,0.6,0.6666666666666666,1.0,0.75,0.3,0.3,0.6666666666666666,1.0,1.0
mui__material-ui-13828,mui/material-ui,qwen3-coder:30b/paths,47,True,4,3,1,10,0.25,1.0,1.0,0.3333333333333333,0.0,0.75,1.0,1.0,0.6666666666666666,1.0,0.75,0.6,0.6,0.6666666666666666,1.0,0.75,0.3,0.3,0.6666666666666666,1.0,1.0
mui__material-ui-13828,mui/material-ui,qwen3-coder:30b/content,29,True,4,3,1,10,0.25,1.0,1.0,0.3333333333333333,0.0,0.75,1.0,1.0,0.6666666666666666,1.0,0.75,0.6,0.6,0.6666666666666666,1.0,0.75,0.3,0.3,0.6666666666666666,1.0,1.0
mui__material-ui-13828,mui/material-ui,qwen3-coder:30b/content,47,True,4,3,1,10,0.25,1.0,1.0,0.3333333333333333,0.0,0.75,1.0,1.0,0.6666666666666666,1.0,0.75,0.6,0.6,0.6666666666666666,1.0,0.75,0.3,0.3,0.6666666666666666,1.0,1.0
mui__material-ui-13899,mui/material-ui,qwen3-coder:30b/paths,29,True,7,5,2,10,0.14285714285714285,1.0,1.0,0.2,0.0,0.2857142857142857,0.6666666666666666,0.6666666666666666,0.2,0.5,0.42857142857142855,0.6,0.6,0.4,0.5,0.5714285714285714,0.4,0.4,0.4,1.0,1.0
mui__material-ui-13899,mui/material-ui,qwen3-coder:30b/paths,47,True,7,5,2,10,0.14285714285714285,1.0,1.0,0.2,0.0,0.2857142857142857,0.6666666666666666,0.6666666666666666,0.2,0.5,0.42857142857142855,0.6,0.6,0.4,0.5,0.5714285714285714,0.4,0.4,0.4,1.0,1.0
mui__material-ui-13899,mui/material-ui,qwen3-coder:30b/content,29,True,7,5,2,10,0.14285714285714285,1.0,1.0,0.2,0.0,0.2857142857142857,0.6666666666666666,0.6666666666666666,0.4,0.0,0.42857142857142855,0.6,0.6,0.4,0.5,0.5714285714285714,0.4,0.4,0.4,1.0,1.0
mui__material-ui-13899,mui/material-ui,qwen3-coder:30b/content,47,True,7,5,2,10,0.14285714285714285,1.0,1.0,0.2,0.0,0.2857142857142857,0.6666666666666666,0.6666666666666666,0.4,0.0,0.42857142857142855,0.6,0.6,0.4,0.5,0.5714285714285714,0.4,0.4,0.4,1.0,1.0
mui__material-ui-14465,mui/material-ui,qwen3-coder:30b/paths,29,True,13,10,3,10,0.0,0.0,0.0,0.0,0.0,0.0,0.0,0.0,0.0,0.0,0.0,0.0,0.0,0.0,0.0,0.0,0.0,0.0,0.0,0.0,0.0
mui__material-ui-14465,mui/material-ui,qwen3-coder:30b/paths,47,True,13,10,3,10,0.0,0.0,0.0,0.0,0.0,0.0,0.0,0.0,0.0,0.0,0.0,0.0,0.0,0.0,0.0,0.0,0.0,0.0,0.0,0.0,0.0
mui__material-ui-14465,mui/material-ui,qwen3-coder:30b/content,29,True,13,10,3,10,0.0,0.0,0.0,0.0,0.0,0.0,0.0,0.0,0.0,0.0,0.0,0.0,0.0,0.0,0.0,0.0,0.0,0.0,0.0,0.0,0.0
mui__material-ui-14465,mui/material-ui,qwen3-coder:30b/content,47,True,13,10,3,10,0.0,0.0,0.0,0.0,0.0,0.0,0.0,0.0,0.0,0.0,0.0,0.0,0.0,0.0,0.0,0.0,0.0,0.0,0.0,0.0,0.0
mui__material-ui-15495,mui/material-ui,qwen3-coder:30b/paths,29,True,4,3,1,10,0.0,0.0,0.0,0.0,0.0,0.0,0.0,0.0,0.0,0.0,0.0,0.0,0.0,0.0,0.0,0.0,0.0,0.0,0.0,0.0,0.0
mui__material-ui-15495,mui/material-ui,qwen3-coder:30b/paths,47,True,4,3,1,10,0.0,0.0,0.0,0.0,0.0,0.0,0.0,0.0,0.0,0.0,0.0,0.0,0.0,0.0,0.0,0.0,0.0,0.0,0.0,0.0,0.0
mui__material-ui-15495,mui/material-ui,qwen3-coder:30b/content,29,True,4,3,1,10,0.0,0.0,0.0,0.0,0.0,0.0,0.0,0.0,0.0,0.0,0.0,0.0,0.0,0.0,0.0,0.0,0.0,0.0,0.0,0.0,0.0
mui__material-ui-15495,mui/material-ui,qwen3-coder:30b/content,47,True,4,3,1,10,0.0,0.0,0.0,0.0,0.0,0.0,0.0,0.0,0.0,0.0,0.0,0.0,0.0,0.0,0.0,0.0,0.0,0.0,0.0,0.0,0.0
mui__material-ui-17005,mui/material-ui,qwen3-coder:30b/paths,29,True,2,1,1,10,0.0,0.0,0.0,0.0,0.0,0.0,0.0,0.0,0.0,0.0,0.0,0.0,0.0,0.0,0.0,0.0,0.0,0.0,0.0,0.0,0.0
mui__material-ui-17005,mui/material-ui,qwen3-coder:30b/paths,47,True,2,1,1,10,0.0,0.0,0.0,0.0,0.0,0.0,0.0,0.0,0.0,0.0,0.0,0.0,0.0,0.0,0.0,0.0,0.0,0.0,0.0,0.0,0.0
mui__material-ui-17005,mui/material-ui,qwen3-coder:30b/content,29,True,2,1,1,10,0.0,0.0,0.0,0.0,0.0,0.0,0.0,0.0,0.0,0.0,0.0,0.0,0.0,0.0,0.0,0.0,0.0,0.0,0.0,0.0,0.0
mui__material-ui-17005,mui/material-ui,qwen3-coder:30b/content,47,True,2,1,1,10,0.0,0.0,0.0,0.0,0.0,0.0,0.0,0.0,0.0,0.0,0.0,0.0,0.0,0.0,0.0,0.0,0.0,0.0,0.0,0.0,0.0
mui__material-ui-17640,mui/material-ui,qwen3-coder:30b/paths,29,True,5,3,2,10,0.2,1.0,1.0,0.3333333333333333,0.0,0.2,0.3333333333333333,0.3333333333333333,0.3333333333333333,0.0,0.2,0.2,0.2,0.3333333333333333,0.0,0.2,0.1,0.1,0.3333333333333333,0.0,1.0
mui__material-ui-17640,mui/material-ui,qwen3-coder:30b/paths,47,True,5,3,2,10,0.2,1.0,1.0,0.3333333333333333,0.0,0.2,0.3333333333333333,0.3333333333333333,0.3333333333333333,0.0,0.2,0.2,0.2,0.3333333333333333,0.0,0.2,0.1,0.1,0.3333333333333333,0.0,1.0
mui__material-ui-17640,mui/material-ui,qwen3-coder:30b/content,29,True,5,3,2,3,0.2,1.0,1.0,0.3333333333333333,0.0,0.2,0.3333333333333333,0.3333333333333333,0.3333333333333333,0.0,0.2,0.2,0.3333333333333333,0.3333333333333333,0.0,0.2,0.1,0.3333333333333333,0.3333333333333333,0.0,1.0
mui__material-ui-17640,mui/material-ui,qwen3-coder:30b/content,47,True,5,3,2,3,0.2,1.0,1.0,0.3333333333333333,0.0,0.2,0.3333333333333333,0.3333333333333333,0.3333333333333333,0.0,0.2,0.2,0.3333333333333333,0.3333333333333333,0.0,0.2,0.1,0.3333333333333333,0.3333333333333333,0.0,1.0
mui__material-ui-17829,mui/material-ui,qwen3-coder:30b/paths,29,True,3,2,1,10,0.0,0.0,0.0,0.0,0.0,0.0,0.0,0.0,0.0,0.0,0.0,0.0,0.0,0.0,0.0,0.0,0.0,0.0,0.0,0.0,0.0
mui__material-ui-17829,mui/material-ui,qwen3-coder:30b/paths,47,True,3,2,1,10,0.0,0.0,0.0,0.0,0.0,0.0,0.0,0.0,0.0,0.0,0.0,0.0,0.0,0.0,0.0,0.0,0.0,0.0,0.0,0.0,0.0
mui__material-ui-17829,mui/material-ui,qwen3-coder:30b/content,29,True,3,2,1,10,0.0,0.0,0.0,0.0,0.0,0.0,0.0,0.0,0.0,0.0,0.0,0.0,0.0,0.0,0.0,0.0,0.0,0.0,0.0,0.0,0.0
mui__material-ui-17829,mui/material-ui,qwen3-coder:30b/content,47,True,3,2,1,10,0.0,0.0,0.0,0.0,0.0,0.0,0.0,0.0,0.0,0.0,0.0,0.0,0.0,0.0,0.0,0.0,0.0,0.0,0.0,0.0,0.0
mui__material-ui-18744,mui/material-ui,qwen3-coder:30b/paths,29,True,5,4,1,10,0.2,1.0,1.0,0.25,0.0,0.2,0.3333333333333333,0.3333333333333333,0.25,0.0,0.2,0.2,0.2,0.25,0.0,0.4,0.2,0.2,0.5,0.0,1.0
mui__material-ui-18744,mui/material-ui,qwen3-coder:30b/paths,47,True,5,4,1,10,0.2,1.0,1.0,0.25,0.0,0.2,0.3333333333333333,0.3333333333333333,0.25,0.0,0.2,0.2,0.2,0.25,0.0,0.4,0.2,0.2,0.5,0.0,1.0
mui__material-ui-18744,mui/material-ui,qwen3-coder:30b/content,29,True,5,4,1,10,0.2,1.0,1.0,0.25,0.0,0.2,0.3333333333333333,0.3333333333333333,0.25,0.0,0.4,0.4,0.4,0.5,0.0,0.4,0.2,0.2,0.5,0.0,1.0
mui__material-ui-18744,mui/material-ui,qwen3-coder:30b/content,47,True,5,4,1,10,0.2,1.0,1.0,0.25,0.0,0.2,0.3333333333333333,0.3333333333333333,0.25,0.0,0.4,0.4,0.4,0.5,0.0,0.4,0.2,0.2,0.5,0.0,1.0
mui__material-ui-20133,mui/material-ui,qwen3-coder:30b/paths,29,True,9,7,2,10,0.1111111111111111,1.0,1.0,0.14285714285714285,0.0,0.3333333333333333,1.0,1.0,0.2857142857142857,0.5,0.5555555555555556,1.0,1.0,0.5714285714285714,0.5,0.7777777777777778,0.7,0.7,0.8571428571428571,0.5,1.0
mui__material-ui-20133,mui/material-ui,qwen3-coder:30b/paths,47,True,9,7,2,10,0.1111111111111111,1.0,1.0,0.14285714285714285,0.0,0.3333333333333333,1.0,1.0,0.2857142857142857,0.5,0.5555555555555556,1.0,1.0,0.5714285714285714,0.5,0.7777777777777778,0.7,0.7,0.8571428571428571,0.5,1.0
mui__material-ui-20133,mui/material-ui,qwen3-coder:30b/content,29,True,9,7,2,10,0.1111111111111111,1.0,1.0,0.14285714285714285,0.0,0.3333333333333333,1.0,1.0,0.2857142857142857,0.5,0.5555555555555556,1.0,1.0,0.5714285714285714,0.5,0.7777777777777778,0.7,0.7,0.8571428571428571,0.5,1.0
mui__material-ui-20133,mui/material-ui,qwen3-coder:30b/content,47,True,9,7,2,10,0.1111111111111111,1.0,1.0,0.14285714285714285,0.0,0.3333333333333333,1.0,1.0,0.2857142857142857,0.5,0.5555555555555556,1.0,1.0,0.5714285714285714,0.5,0.7777777777777778,0.7,0.7,0.8571428571428571,0.5,1.0
mui__material-ui-21192,mui/material-ui,qwen3-coder:30b/paths,29,True,6,4,2,10,0.16666666666666666,1.0,1.0,0.25,0.0,0.5,1.0,1.0,0.5,0.5,0.5,0.6,0.6,0.5,0.5,0.5,0.3,0.3,0.5,0.5,1.0
mui__material-ui-21192,mui/material-ui,qwen3-coder:30b/paths,47,True,6,4,2,10,0.16666666666666666,1.0,1.0,0.25,0.0,0.5,1.0,1.0,0.5,0.5,0.5,0.6,0.6,0.5,0.5,0.5,0.3,0.3,0.5,0.5,1.0
mui__material-ui-21192,mui/material-ui,qwen3-coder:30b/content,29,True,6,4,2,10,0.16666666666666666,1.0,1.0,0.25,0.0,0.5,1.0,1.0,0.5,0.5,0.5,0.6,0.6,0.5,0.5,0.5,0.3,0.3,0.5,0.5,1.0
mui__material-ui-21192,mui/material-ui,qwen3-coder:30b/content,47,True,6,4,2,10,0.16666666666666666,1.0,1.0,0.25,0.0,0.5,1.0,1.0,0.5,0.5,0.5,0.6,0.6,0.5,0.5,0.5,0.3,0.3,0.5,0.5,1.0
mui__material-ui-23364,mui/material-ui,qwen3-coder:30b/paths,29,True,5,3,2,10,0.2,1.0,1.0,0.3333333333333333,0.0,0.4,0.6666666666666666,0.6666666666666666,0.6666666666666666,0.0,0.4,0.4,0.4,0.6666666666666666,0.0,0.6,0.3,0.3,1.0,0.0,1.0
mui__material-ui-23364,mui/material-ui,qwen3-coder:30b/paths,47,True,5,3,2,10,0.2,1.0,1.0,0.3333333333333333,0.0,0.4,0.6666666666666666,0.6666666666666666,0.6666666666666666,0.0,0.4,0.4,0.4,0.6666666666666666,0.0,0.6,0.3,0.3,1.0,0.0,1.0
mui__material-ui-23364,mui/material-ui,qwen3-coder:30b/content,29,True,5,3,2,10,0.2,1.0,1.0,0.3333333333333333,0.0,0.2,0.3333333333333333,0.3333333333333333,0.3333333333333333,0.0,0.6,0.6,0.6,1.0,0.0,0.6,0.3,0.3,1.0,0.0,1.0
mui__material-ui-23364,mui/material-ui,qwen3-coder:30b/content,47,True,5,3,2,10,0.2,1.0,1.0,0.3333333333333333,0.0,0.2,0.3333333333333333,0.3333333333333333,0.3333333333333333,0.0,0.6,0.6,0.6,1.0,0.0,0.6,0.3,0.3,1.0,0.0,1.0
mui__material-ui-26746,mui/material-ui,qwen3-coder:30b/paths,29,True,11,6,5,10,0.09090909090909091,1.0,1.0,0.16666666666666666,0.0,0.2727272727272727,1.0,1.0,0.3333333333333333,0.2,0.2727272727272727,0.6,0.6,0.3333333333333333,0.2,0.36363636363636365,0.4,0.4,0.3333333333333333,0.4,1.0
mui__material-ui-26746,mui/material-ui,qwen3-coder:30b/paths,47,True,11,6,5,10,0.09090909090909091,1.0,1.0,0.16666666666666666,0.0,0.2727272727272727,1.0,1.0,0.3333333333333333,0.2,0.2727272727272727,0.6,0.6,0.3333333333333333,0.2,0.36363636363636365,0.4,0.4,0.3333333333333333,0.4,1.0
mui__material-ui-26746,mui/material-ui,qwen3-coder:30b/content,29,True,11,6,5,10,0.09090909090909091,1.0,1.0,0.16666666666666666,0.0,0.18181818181818182,0.6666666666666666,0.6666666666666666,0.3333333333333333,0.0,0.36363636363636365,0.8,0.8,0.3333333333333333,0.4,0.36363636363636365,0.4,0.4,0.3333333333333333,0.4,1.0
mui__material-ui-26746,mui/material-ui,qwen3-coder:30b/content,47,True,11,6,5,10,0.09090909090909091,1.0,1.0,0.16666666666666666,0.0,0.2727272727272727,1.0,1.0,0.3333333333333333,0.2,0.2727272727272727,0.6,0.6,0.3333333333333333,0.2,0.45454545454545453,0.5,0.5,0.5,0.4,1.0
mui__material-ui-28813,mui/material-ui,qwen3-coder:30b/paths,29,True,4,3,1,10,0.25,1.0,1.0,0.3333333333333333,0.0,0.25,0.3333333333333333,0.3333333333333333,0.3333333333333333,0.0,0.25,0.2,0.2,0.3333333333333333,0.0,0.25,0.1,0.1,0.3333333333333333,0.0,1.0
mui__material-ui-28813,mui/material-ui,qwen3-coder:30b/paths,47,True,4,3,1,10,0.25,1.0,1.0,0.3333333333333333,0.0,0.25,0.3333333333333333,0.3333333333333333,0.3333333333333333,0.0,0.25,0.2,0.2,0.3333333333333333,0.0,0.25,0.1,0.1,0.3333333333333333,0.0,1.0
mui__material-ui-28813,mui/material-ui,qwen3-coder:30b/content,29,True,4,3,1,10,0.0,0.0,0.0,0.0,0.0,0.25,0.3333333333333333,0.3333333333333333,0.3333333333333333,0.0,0.25,0.2,0.2,0.3333333333333333,0.0,0.25,0.1,0.1,0.3333333333333333,0.0,0.5
mui__material-ui-28813,mui/material-ui,qwen3-coder:30b/content,47,True,4,3,1,10,0.0,0.0,0.0,0.0,0.0,0.25,0.3333333333333333,0.3333333333333333,0.3333333333333333,0.0,0.25,0.2,0.2,0.3333333333333333,0.0,0.25,0.1,0.1,0.3333333333333333,0.0,0.5
mui__material-ui-33312,mui/material-ui,qwen3-coder:30b/paths,29,True,10,9,1,10,0.1,1.0,1.0,0.1111111111111111,0.0,0.3,1.0,1.0,0.2222222222222222,1.0,0.3,0.6,0.6,0.2222222222222222,1.0,0.3,0.3,0.3,0.2222222222222222,1.0,1.0
mui__material-ui-33312,mui/material-ui,qwen3-coder:30b/paths,47,True,10,9,1,10,0.1,1.0,1.0,0.1111111111111111,0.0,0.3,1.0,1.0,0.2222222222222222,1.0,0.3,0.6,0.6,0.2222222222222222,1.0,0.4,0.4,0.4,0.3333333333333333,1.0,1.0
mui__material-ui-33312,mui/material-ui,qwen3-coder:30b/content,29,True,10,9,1,10,0.1,1.0,1.0,0.1111111111111111,0.0,0.3,1.0,1.0,0.2222222222222222,1.0,0.3,0.6,0.6,0.2222222222222222,1.0,0.4,0.4,0.4,0.3333333333333333,1.0,1.0
mui__material-ui-33312,mui/material-ui,qwen3-coder:30b/content,47,True,10,9,1,10,0.1,1.0,1.0,0.1111111111111111,0.0,0.3,1.0,1.0,0.2222222222222222,1.0,0.3,0.6,0.6,0.2222222222222222,1.0,0.4,0.4,0.4,0.3333333333333333,1.0,1.0
mui__material-ui-34138,mui/material-ui,qwen3-coder:30b/paths,29,True,10,8,2,10,0.1,1.0,1.0,0.125,0.0,0.3,1.0,1.0,0.25,0.5,0.3,0.6,0.6,0.25,0.5,0.4,0.4,0.4,0.375,0.5,1.0
mui__material-ui-34138,mui/material-ui,qwen3-coder:30b/paths,47,True,10,8,2,10,0.1,1.0,1.0,0.125,0.0,0.3,1.0,1.0,0.25,0.5,0.3,0.6,0.6,0.25,0.5,0.4,0.4,0.4,0.375,0.5,1.0
mui__material-ui-34138,mui/material-ui,qwen3-coder:30b/content,29,True,10,8,2,10,0.1,1.0,1.0,0.125,0.0,0.3,1.0,1.0,0.25,0.5,0.3,0.6,0.6,0.25,0.5,0.5,0.5,0.5,0.5,0.5,1.0
mui__material-ui-34138,mui/material-ui,qwen3-coder:30b/content,47,True,10,8,2,10,0.1,1.0,1.0,0.125,0.0,0.3,1.0,1.0,0.25,0.5,0.3,0.6,0.6,0.25,0.5,0.5,0.5,0.5,0.5,0.5,1.0
mui__material-ui-34158,mui/material-ui,qwen3-coder:30b/paths,29,True,25,19,6,10,0.0,0.0,0.0,0.0,0.0,0.04,0.3333333333333333,0.3333333333333333,0.05263157894736842,0.0,0.12,0.6,0.6,0.15789473684210525,0.0,0.2,0.5,0.5,0.15789473684210525,0.3333333333333333,0.3333333333333333
mui__material-ui-34158,mui/material-ui,qwen3-coder:30b/paths,47,True,25,19,6,10,0.0,0.0,0.0,0.0,0.0,0.04,0.3333333333333333,0.3333333333333333,0.05263157894736842,0.0,0.12,0.6,0.6,0.15789473684210525,0.0,0.2,0.5,0.5,0.15789473684210525,0.3333333333333333,0.3333333333333333
mui__material-ui-34158,mui/material-ui,qwen3-coder:30b/content,29,True,25,19,6,10,0.04,1.0,1.0,0.05263157894736842,0.0,0.04,0.3333333333333333,0.3333333333333333,0.05263157894736842,0.0,0.12,0.6,0.6,0.05263157894736842,0.3333333333333333,0.16,0.4,0.4,0.05263157894736842,0.5,1.0
mui__material-ui-34158,mui/material-ui,qwen3-coder:30b/content,47,True,25,19,6,10,0.04,1.0,1.0,0.05263157894736842,0.0,0.04,0.3333333333333333,0.3333333333333333,0.05263157894736842,0.0,0.12,0.6,0.6,0.05263157894736842,0.3333333333333333,0.24,0.6,0.6,0.15789473684210525,0.5,1.0
mui__material-ui-34207,mui/material-ui,qwen3-coder:30b/paths,29,True,12,11,1,10,0.08333333333333333,1.0,1.0,0.09090909090909091,0.0,0.25,1.0,1.0,0.18181818181818182,1.0,0.3333333333333333,0.8,0.8,0.2727272727272727,1.0,0.3333333333333333,0.4,0.4,0.2727272727272727,1.0,1.0
mui__material-ui-34207,mui/material-ui,qwen3-coder:30b/paths,47,True,12,11,1,10,0.08333333333333333,1.0,1.0,0.09090909090909091,0.0,0.25,1.0,1.0,0.18181818181818182,1.0,0.25,0.6,0.6,0.18181818181818182,1.0,0.3333333333333333,0.4,0.4,0.2727272727272727,1.0,1.0
mui__material-ui-34207,mui/material-ui,qwen3-coder:30b/content,29,True,12,11,1,10,0.08333333333333333,1.0,1.0,0.09090909090909091,0.0,0.25,1.0,1.0,0.18181818181818182,1.0,0.25,0.6,0.6,0.18181818181818182,1.0,0.3333333333333333,0.4,0.4,0.2727272727272727,1.0,1.0
mui__material-ui-34207,mui/material-ui,qwen3-coder:30b/content,47,True,12,11,1,10,0.08333333333333333,1.0,1.0,0.09090909090909091,0.0,0.25,1.0,1.0,0.18181818181818182,1.0,0.25,0.6,0.6,0.18181818181818182,1.0,0.3333333333333333,0.4,0.4,0.2727272727272727,1.0,1.0
mui__material-ui-37908,mui/material-ui,qwen3-coder:30b/paths,29,True,5,4,1,10,0.0,0.0,0.0,0.0,0.0,0.0,0.0,0.0,0.0,0.0,0.0,0.0,0.0,0.0,0.0,0.0,0.0,0.0,0.0,0.0,0.0
mui__material-ui-37908,mui/material-ui,qwen3-coder:30b/paths,47,True,5,4,1,10,0.0,0.0,0.0,0.0,0.0,0.0,0.0,0.0,0.0,0.0,0.0,0.0,0.0,0.0,0.0,0.0,0.0,0.0,0.0,0.0,0.0
mui__material-ui-37908,mui/material-ui,qwen3-coder:30b/content,29,True,5,4,1,10,0.0,0.0,0.0,0.0,0.0,0.0,0.0,0.0,0.0,0.0,0.0,0.0,0.0,0.0,0.0,0.0,0.0,0.0,0.0,0.0,0.0
mui__material-ui-37908,mui/material-ui,qwen3-coder:30b/content,47,True,5,4,1,10,0.0,0.0,0.0,0.0,0.0,0.0,0.0,0.0,0.0,0.0,0.0,0.0,0.0,0.0,0.0,0.0,0.0,0.0,0.0,0.0,0.0
mui__material-ui-38167,mui/material-ui,qwen3-coder:30b/paths,29,True,21,19,2,10,0.047619047619047616,1.0,1.0,0.05263157894736842,0.0,0.09523809523809523,0.6666666666666666,0.6666666666666666,0.10526315789473684,0.0,0.09523809523809523,0.4,0.4,0.10526315789473684,0.0,0.09523809523809523,0.2,0.2,0.10526315789473684,0.0,1.0
mui__material-ui-38167,mui/material-ui,qwen3-coder:30b/paths,47,True,21,19,2,10,0.047619047619047616,1.0,1.0,0.05263157894736842,0.0,0.09523809523809523,0.6666666666666666,0.6666666666666666,0.10526315789473684,0.0,0.09523809523809523,0.4,0.4,0.10526315789473684,0.0,0.14285714285714285,0.3,0.3,0.15789473684210525,0.0,1.0
mui__material-ui-38167,mui/material-ui,qwen3-coder:30b/content,29,True,21,19,2,10,0.0,0.0,0.0,0.0,0.0,0.09523809523809523,0.6666666666666666,0.6666666666666666,0.10526315789473684,0.0,0.09523809523809523,0.4,0.4,0.10526315789473684,0.0,0.09523809523809523,0.2,0.2,0.10526315789473684,0.0,0.5
mui__material-ui-38167,mui/material-ui,qwen3-coder:30b/content,47,True,21,19,2,10,0.0,0.0,0.0,0.0,0.0,0.09523809523809523,0.6666666666666666,0.6666666666666666,0.10526315789473684,0.0,0.09523809523809523,0.4,0.4,0.10526315789473684,0.0,0.09523809523809523,0.2,0.2,0.10526315789473684,0.0,0.5
tailwindlabs__tailwindcss-88,tailwindlabs/tailwindcss,qwen3-coder:30b/paths,29,True,3,2,1,10,0.0,0.0,0.0,0.0,0.0,0.0,0.0,0.0,0.0,0.0,0.0,0.0,0.0,0.0,0.0,0.3333333333333333,0.1,0.1,0.5,0.0,0.1
tailwindlabs__tailwindcss-88,tailwindlabs/tailwindcss,qwen3-coder:30b/paths,47,True,3,2,1,10,0.0,0.0,0.0,0.0,0.0,0.0,0.0,0.0,0.0,0.0,0.0,0.0,0.0,0.0,0.0,0.0,0.0,0.0,0.0,0.0,0.0
tailwindlabs__tailwindcss-88,tailwindlabs/tailwindcss,qwen3-coder:30b/content,29,True,3,2,1,10,0.0,0.0,0.0,0.0,0.0,0.0,0.0,0.0,0.0,0.0,0.3333333333333333,0.2,0.2,0.5,0.0,0.3333333333333333,0.1,0.1,0.5,0.0,0.25
tailwindlabs__tailwindcss-88,tailwindlabs/tailwindcss,qwen3-coder:30b/content,47,True,3,2,1,10,0.0,0.0,0.0,0.0,0.0,0.0,0.0,0.0,0.0,0.0,0.3333333333333333,0.2,0.2,0.5,0.0,0.3333333333333333,0.1,0.1,0.5,0.0,0.25
tailwindlabs__tailwindcss-165,tailwindlabs/tailwindcss,qwen3-coder:30b/paths,29,True,2,1,1,10,0.5,1.0,1.0,1.0,0.0,0.5,0.3333333333333333,0.3333333333333333,1.0,0.0,0.5,0.2,0.2,1.0,0.0,0.5,0.1,0.1,1.0,0.0,1.0
tailwindlabs__tailwindcss-165,tailwindlabs/tailwindcss,qwen3-coder:30b/paths,47,True,2,1,1,10,0.5,1.0,1.0,1.0,0.0,0.5,0.3333333333333333,0.3333333333333333,1.0,0.0,0.5,0.2,0.2,1.0,0.0,0.5,0.1,0.1,1.0,0.0,1.0
tailwindlabs__tailwindcss-165,tailwindlabs/tailwindcss,qwen3-coder:30b/content,29,True,2,1,1,10,0.5,1.0,1.0,1.0,0.0,0.5,0.3333333333333333,0.3333333333333333,1.0,0.0,0.5,0.2,0.2,1.0,0.0,0.5,0.1,0.1,1.0,0.0,1.0
tailwindlabs__tailwindcss-165,tailwindlabs/tailwindcss,qwen3-coder:30b/content,47,True,2,1,1,10,0.5,1.0,1.0,1.0,0.0,0.5,0.3333333333333333,0.3333333333333333,1.0,0.0,0.5,0.2,0.2,1.0,0.0,0.5,0.1,0.1,1.0,0.0,1.0
tailwindlabs__tailwindcss-236,tailwindlabs/tailwindcss,qwen3-coder:30b/paths,29,True,2,1,1,10,0.5,1.0,1.0,1.0,0.0,0.5,0.3333333333333333,0.3333333333333333,1.0,0.0,0.5,0.2,0.2,1.0,0.0,0.5,0.1,0.1,1.0,0.0,1.0
tailwindlabs__tailwindcss-236,tailwindlabs/tailwindcss,qwen3-coder:30b/paths,47,True,2,1,1,10,0.5,1.0,1.0,1.0,0.0,0.5,0.3333333333333333,0.3333333333333333,1.0,0.0,0.5,0.2,0.2,1.0,0.0,1.0,0.2,0.2,1.0,1.0,1.0
tailwindlabs__tailwindcss-236,tailwindlabs/tailwindcss,qwen3-coder:30b/content,29,True,2,1,1,10,0.5,1.0,1.0,1.0,0.0,0.5,0.3333333333333333,0.3333333333333333,1.0,0.0,0.5,0.2,0.2,1.0,0.0,0.5,0.1,0.1,1.0,0.0,1.0
tailwindlabs__tailwindcss-236,tailwindlabs/tailwindcss,qwen3-coder:30b/content,47,True,2,1,1,10,0.5,1.0,1.0,1.0,0.0,0.5,0.3333333333333333,0.3333333333333333,1.0,0.0,0.5,0.2,0.2,1.0,0.0,0.5,0.1,0.1,1.0,0.0,1.0
tailwindlabs__tailwindcss-417,tailwindlabs/tailwindcss,qwen3-coder:30b/paths,29,True,2,1,1,10,0.0,0.0,0.0,0.0,0.0,0.5,0.3333333333333333,0.3333333333333333,1.0,0.0,0.5,0.2,0.2,1.0,0.0,0.5,0.1,0.1,1.0,0.0,0.3333333333333333
tailwindlabs__tailwindcss-417,tailwindlabs/tailwindcss,qwen3-coder:30b/paths,47,True,2,1,1,10,0.0,0.0,0.0,0.0,0.0,0.5,0.3333333333333333,0.3333333333333333,1.0,0.0,0.5,0.2,0.2,1.0,0.0,0.5,0.1,0.1,1.0,0.0,0.3333333333333333
tailwindlabs__tailwindcss-417,tailwindlabs/tailwindcss,qwen3-coder:30b/content,29,True,2,1,1,10,0.5,1.0,1.0,1.0,0.0,1.0,0.6666666666666666,0.6666666666666666,1.0,1.0,1.0,0.4,0.4,1.0,1.0,1.0,0.2,0.2,1.0,1.0,1.0
tailwindlabs__tailwindcss-417,tailwindlabs/tailwindcss,qwen3-coder:30b/content,47,True,2,1,1,10,0.5,1.0,1.0,1.0,0.0,1.0,0.6666666666666666,0.6666666666666666,1.0,1.0,1.0,0.4,0.4,1.0,1.0,1.0,0.2,0.2,1.0,1.0,1.0
tailwindlabs__tailwindcss-463,tailwindlabs/tailwindcss,qwen3-coder:30b/paths,29,True,3,2,1,10,0.0,0.0,0.0,0.0,0.0,0.3333333333333333,0.3333333333333333,0.3333333333333333,0.5,0.0,0.6666666666666666,0.4,0.4,1.0,0.0,1.0,0.3,0.3,1.0,1.0,0.5
tailwindlabs__tailwindcss-463,tailwindlabs/tailwindcss,qwen3-coder:30b/paths,47,True,3,2,1,10,0.0,0.0,0.0,0.0,0.0,0.3333333333333333,0.3333333333333333,0.3333333333333333,0.5,0.0,0.6666666666666666,0.4,0.4,0.5,1.0,1.0,0.3,0.3,1.0,1.0,0.3333333333333333
tailwindlabs__tailwindcss-463,tailwindlabs/tailwindcss,qwen3-coder:30b/content,29,True,3,2,1,10,0.3333333333333333,1.0,1.0,0.5,0.0,0.3333333333333333,0.3333333333333333,0.3333333333333333,0.5,0.0,0.3333333333333333,0.2,0.2,0.5,0.0,0.6666666666666666,0.2,0.2,0.5,1.0,1.0
tailwindlabs__tailwindcss-463,tailwindlabs/tailwindcss,qwen3-coder:30b/content,47,True,3,2,1,10,0.3333333333333333,1.0,1.0,0.5,0.0,0.3333333333333333,0.3333333333333333,0.3333333333333333,0.5,0.0,0.3333333333333333,0.2,0.2,0.5,0.0,0.6666666666666666,0.2,0.2,0.5,1.0,1.0
tailwindlabs__tailwindcss-553,tailwindlabs/tailwindcss,qwen3-coder:30b/paths,29,True,2,1,1,10,0.5,1.0,1.0,1.0,0.0,0.5,0.3333333333333333,0.3333333333333333,1.0,0.0,0.5,0.2,0.2,1.0,0.0,0.5,0.1,0.1,1.0,0.0,1.0
tailwindlabs__tailwindcss-553,tailwindlabs/tailwindcss,qwen3-coder:30b/paths,47,True,2,1,1,10,0.5,1.0,1.0,1.0,0.0,0.5,0.3333333333333333,0.3333333333333333,1.0,0.0,0.5,0.2,0.2,1.0,0.0,0.5,0.1,0.1,1.0,0.0,1.0
tailwindlabs__tailwindcss-553,tailwindlabs/tailwindcss,qwen3-coder:30b/content,29,True,2,1,1,10,0.5,1.0,1.0,1.0,0.0,1.0,0.6666666666666666,0.6666666666666666,1.0,1.0,1.0,0.4,0.4,1.0,1.0,1.0,0.2,0.2,1.0,1.0,1.0
tailwindlabs__tailwindcss-553,tailwindlabs/tailwindcss,qwen3-coder:30b/content,47,True,2,1,1,10,0.5,1.0,1.0,1.0,0.0,1.0,0.6666666666666666,0.6666666666666666,1.0,1.0,1.0,0.4,0.4,1.0,1.0,1.0,0.2,0.2,1.0,1.0,1.0
coder__code-server-4597,coder/code-server,qwen3-coder:30b/paths,29,True,8,7,1,10,0.125,1.0,1.0,0.14285714285714285,0.0,0.125,0.3333333333333333,0.3333333333333333,0.14285714285714285,0.0,0.125,0.2,0.2,0.14285714285714285,0.0,0.125,0.1,0.1,0.14285714285714285,0.0,1.0
coder__code-server-4597,coder/code-server,qwen3-coder:30b/paths,47,True,8,7,1,10,0.125,1.0,1.0,0.14285714285714285,0.0,0.125,0.3333333333333333,0.3333333333333333,0.14285714285714285,0.0,0.125,0.2,0.2,0.14285714285714285,0.0,0.125,0.1,0.1,0.14285714285714285,0.0,1.0
coder__code-server-4597,coder/code-server,qwen3-coder:30b/content,29,True,8,7,1,10,0.0,0.0,0.0,0.0,0.0,0.0,0.0,0.0,0.0,0.0,0.0,0.0,0.0,0.0,0.0,0.0,0.0,0.0,0.0,0.0,0.0
coder__code-server-4597,coder/code-server,qwen3-coder:30b/content,47,True,8,7,1,10,0.0,0.0,0.0,0.0,0.0,0.0,0.0,0.0,0.0,0.0,0.0,0.0,0.0,0.0,0.0,0.0,0.0,0.0,0.0,0.0,0.0
coder__code-server-5633,coder/code-server,qwen3-coder:30b/paths,29,True,5,3,2,10,0.2,1.0,1.0,0.3333333333333333,0.0,0.4,0.6666666666666666,0.6666666666666666,0.6666666666666666,0.0,0.4,0.4,0.4,0.6666666666666666,0.0,0.6,0.3,0.3,1.0,0.0,1.0
coder__code-server-5633,coder/code-server,qwen3-coder:30b/paths,47,True,5,3,2,10,0.2,1.0,1.0,0.3333333333333333,0.0,0.4,0.6666666666666666,0.6666666666666666,0.6666666666666666,0.0,0.4,0.4,0.4,0.6666666666666666,0.0,0.6,0.3,0.3,1.0,0.0,1.0
coder__code-server-5633,coder/code-server,qwen3-coder:30b/content,29,True,5,3,2,10,0.2,1.0,1.0,0.3333333333333333,0.0,0.4,0.6666666666666666,0.6666666666666666,0.6666666666666666,0.0,0.6,0.6,0.6,1.0,0.0,0.8,0.4,0.4,1.0,0.5,1.0
coder__code-server-5633,coder/code-server,qwen3-coder:30b/content,47,True,5,3,2,10,0.2,1.0,1.0,0.3333333333333333,0.0,0.2,0.3333333333333333,0.3333333333333333,0.3333333333333333,0.0,0.6,0.6,0.6,1.0,0.0,0.8,0.4,0.4,1.0,0.5,1.0
coder__code-server-6115,coder/code-server,qwen3-coder:30b/paths,29,True,2,1,1,10,0.0,0.0,0.0,0.0,0.0,0.0,0.0,0.0,0.0,0.0,0.0,0.0,0.0,0.0,0.0,0.5,0.1,0.1,1.0,0.0,0.14285714285714285
coder__code-server-6115,coder/code-server,qwen3-coder:30b/paths,47,True,2,1,1,10,0.0,0.0,0.0,0.0,0.0,0.0,0.0,0.0,0.0,0.0,0.0,0.0,0.0,0.0,0.0,0.5,0.1,0.1,1.0,0.0,0.14285714285714285
coder__code-server-6115,coder/code-server,qwen3-coder:30b/content,29,True,2,1,1,10,0.0,0.0,0.0,0.0,0.0,0.0,0.0,0.0,0.0,0.0,0.0,0.0,0.0,0.0,0.0,0.0,0.0,0.0,0.0,0.0,0.0
coder__code-server-6115,coder/code-server,qwen3-coder:30b/content,47,True,2,1,1,10,0.0,0.0,0.0,0.0,0.0,0.0,0.0,0.0,0.0,0.0,0.0,0.0,0.0,0.0,0.0,0.0,0.0,0.0,0.0,0.0,0.0
coder__code-server-6225,coder/code-server,qwen3-coder:30b/paths,29,True,6,5,1,10,0.16666666666666666,1.0,1.0,0.2,0.0,0.3333333333333333,0.6666666666666666,0.6666666666666666,0.4,0.0,0.6666666666666666,0.8,0.8,0.8,0.0,1.0,0.6,0.6,1.0,1.0,1.0
coder__code-server-6225,coder/code-server,qwen3-coder:30b/paths,47,True,6,5,1,10,0.16666666666666666,1.0,1.0,0.2,0.0,0.3333333333333333,0.6666666666666666,0.6666666666666666,0.4,0.0,0.6666666666666666,0.8,0.8,0.8,0.0,1.0,0.6,0.6,1.0,1.0,1.0
coder__code-server-6225,coder/code-server,qwen3-coder:30b/content,29,True,6,5,1,10,0.16666666666666666,1.0,1.0,0.2,0.0,0.5,1.0,1.0,0.4,1.0,0.5,0.6,0.6,0.4,1.0,0.6666666666666666,0.4,0.4,0.6,1.0,1.0
coder__code-server-6225,coder/code-server,qwen3-coder:30b/content,47,True,6,5,1,10,0.16666666666666666,1.0,1.0,0.2,0.0,0.5,1.0,1.0,0.4,1.0,0.5,0.6,0.6,0.4,1.0,0.6666666666666666,0.4,0.4,0.6,1.0,1.0
coder__code-server-6423,coder/code-server,qwen3-coder:30b/paths,29,True,2,1,1,10,0.0,0.0,0.0,0.0,0.0,0.5,0.3333333333333333,0.3333333333333333,1.0,0.0,1.0,0.4,0.4,1.0,1.0,1.0,0.2,0.2,1.0,1.0,0.5
coder__code-server-6423,coder/code-server,qwen3-coder:30b/paths,47,True,2,1,1,10,0.0,0.0,0.0,0.0,0.0,0.5,0.3333333333333333,0.3333333333333333,1.0,0.0,1.0,0.4,0.4,1.0,1.0,1.0,0.2,0.2,1.0,1.0,0.5
coder__code-server-6423,coder/code-server,qwen3-coder:30b/content,29,True,2,1,1,10,0.5,1.0,1.0,1.0,0.0,0.5,0.3333333333333333,0.3333333333333333,1.0,0.0,1.0,0.4,0.4,1.0,1.0,1.0,0.2,0.2,1.0,1.0,1.0
coder__code-server-6423,coder/code-server,qwen3-coder:30b/content,47,True,2,1,1,10,0.5,1.0,1.0,1.0,0.0,0.5,0.3333333333333333,0.3333333333333333,1.0,0.0,1.0,0.4,0.4,1.0,1.0,1.0,0.2,0.2,1.0,1.0,1.0
huggingface__transformers-6744,huggingface/transformers,qwen3-coder:30b/paths,29,True,4,3,1,10,0.25,1.0,1.0,0.3333333333333333,0.0,0.5,0.6666666666666666,0.6666666666666666,0.3333333333333333,1.0,0.5,0.4,0.4,0.3333333333333333,1.0,0.5,0.2,0.2,0.3333333333333333,1.0,1.0
huggingface__transformers-6744,huggingface/transformers,qwen3-coder:30b/paths,47,True,4,3,1,10,0.25,1.0,1.0,0.3333333333333333,0.0,0.5,0.6666666666666666,0.6666666666666666,0.3333333333333333,1.0,0.5,0.4,0.4,0.3333333333333333,1.0,0.5,0.2,0.2,0.3333333333333333,1.0,1.0
huggingface__transformers-6744,huggingface/transformers,qwen3-coder:30b/content,29,True,4,3,1,10,0.25,1.0,1.0,0.3333333333333333,0.0,0.5,0.6666666666666666,0.6666666666666666,0.3333333333333333,1.0,0.5,0.4,0.4,0.3333333333333333,1.0,0.5,0.2,0.2,0.3333333333333333,1.0,1.0
huggingface__transformers-6744,huggingface/transformers,qwen3-coder:30b/content,47,True,4,3,1,10,0.25,1.0,1.0,0.3333333333333333,0.0,0.5,0.6666666666666666,0.6666666666666666,0.3333333333333333,1.0,0.5,0.4,0.4,0.3333333333333333,1.0,0.5,0.2,0.2,0.3333333333333333,1.0,1.0
huggingface__transformers-7562,huggingface/transformers,qwen3-coder:30b/paths,29,True,7,3,4,10,0.14285714285714285,1.0,1.0,0.3333333333333333,0.0,0.2857142857142857,0.6666666666666666,0.6666666666666666,0.6666666666666666,0.0,0.2857142857142857,0.4,0.4,0.6666666666666666,0.0,0.2857142857142857,0.2,0.2,0.6666666666666666,0.0,1.0
huggingface__transformers-7562,huggingface/transformers,qwen3-coder:30b/paths,47,True,7,3,4,10,0.14285714285714285,1.0,1.0,0.3333333333333333,0.0,0.2857142857142857,0.6666666666666666,0.6666666666666666,0.6666666666666666,0.0,0.2857142857142857,0.4,0.4,0.6666666666666666,0.0,0.2857142857142857,0.2,0.2,0.6666666666666666,0.0,1.0
huggingface__transformers-7562,huggingface/transformers,qwen3-coder:30b/content,29,True,7,3,4,10,0.14285714285714285,1.0,1.0,0.3333333333333333,0.0,0.2857142857142857,0.6666666666666666,0.6666666666666666,0.6666666666666666,0.0,0.2857142857142857,0.4,0.4,0.6666666666666666,0.0,0.2857142857142857,0.2,0.2,0.6666666666666666,0.0,1.0
huggingface__transformers-7562,huggingface/transformers,qwen3-coder:30b/content,47,True,7,3,4,10,0.14285714285714285,1.0,1.0,0.3333333333333333,0.0,0.2857142857142857,0.6666666666666666,0.6666666666666666,0.6666666666666666,0.0,0.2857142857142857,0.4,0.4,0.6666666666666666,0.0,0.2857142857142857,0.2,0.2,0.6666666666666666,0.0,1.0
huggingface__transformers-13573,huggingface/transformers,qwen3-coder:30b/paths,29,True,4,3,1,10,0.25,1.0,1.0,0.3333333333333333,0.0,0.25,0.3333333333333333,0.3333333333333333,0.3333333333333333,0.0,0.25,0.2,0.2,0.3333333333333333,0.0,0.25,0.1,0.1,0.3333333333333333,0.0,1.0
huggingface__transformers-13573,huggingface/transformers,qwen3-coder:30b/paths,47,True,4,3,1,10,0.25,1.0,1.0,0.3333333333333333,0.0,0.25,0.3333333333333333,0.3333333333333333,0.3333333333333333,0.0,0.25,0.2,0.2,0.3333333333333333,0.0,0.25,0.1,0.1,0.3333333333333333,0.0,1.0
huggingface__transformers-13573,huggingface/transformers,qwen3-coder:30b/content,29,True,4,3,1,10,0.25,1.0,1.0,0.3333333333333333,0.0,0.25,0.3333333333333333,0.3333333333333333,0.3333333333333333,0.0,0.25,0.2,0.2,0.3333333333333333,0.0,0.25,0.1,0.1,0.3333333333333333,0.0,1.0
huggingface__transformers-13573,huggingface/transformers,qwen3-coder:30b/content,47,True,4,3,1,10,0.25,1.0,1.0,0.3333333333333333,0.0,0.25,0.3333333333333333,0.3333333333333333,0.3333333333333333,0.0,0.25,0.2,0.2,0.3333333333333333,0.0,0.25,0.1,0.1,0.3333333333333333,0.0,1.0
huggingface__transformers-13989,huggingface/transformers,qwen3-coder:30b/paths,29,True,8,4,4,10,0.0,0.0,0.0,0.0,0.0,0.0,0.0,0.0,0.0,0.0,0.0,0.0,0.0,0.0,0.0,0.0,0.0,0.0,0.0,0.0,0.0
huggingface__transformers-13989,huggingface/transformers,qwen3-coder:30b/paths,47,True,8,4,4,10,0.0,0.0,0.0,0.0,0.0,0.0,0.0,0.0,0.0,0.0,0.0,0.0,0.0,0.0,0.0,0.0,0.0,0.0,0.0,0.0,0.0
huggingface__transformers-13989,huggingface/transformers,qwen3-coder:30b/content,29,True,8,4,4,10,0.0,0.0,0.0,0.0,0.0,0.0,0.0,0.0,0.0,0.0,0.0,0.0,0.0,0.0,0.0,0.0,0.0,0.0,0.0,0.0,0.0
huggingface__transformers-13989,huggingface/transformers,qwen3-coder:30b/content,47,True,8,4,4,10,0.0,0.0,0.0,0.0,0.0,0.0,0.0,0.0,0.0,0.0,0.0,0.0,0.0,0.0,0.0,0.0,0.0,0.0,0.0,0.0,0.0
huggingface__transformers-15473,huggingface/transformers,qwen3-coder:30b/paths,29,True,4,3,1,10,0.25,1.0,1.0,0.3333333333333333,0.0,0.25,0.3333333333333333,0.3333333333333333,0.3333333333333333,0.0,0.25,0.2,0.2,0.3333333333333333,0.0,0.25,0.1,0.1,0.3333333333333333,0.0,1.0
huggingface__transformers-15473,huggingface/transformers,qwen3-coder:30b/paths,47,True,4,3,1,10,0.25,1.0,1.0,0.3333333333333333,0.0,0.25,0.3333333333333333,0.3333333333333333,0.3333333333333333,0.0,0.25,0.2,0.2,0.3333333333333333,0.0,0.25,0.1,0.1,0.3333333333333333,0.0,1.0
huggingface__transformers-15473,huggingface/transformers,qwen3-coder:30b/content,29,True,4,3,1,10,0.25,1.0,1.0,0.3333333333333333,0.0,0.25,0.3333333333333333,0.3333333333333333,0.3333333333333333,0.0,0.25,0.2,0.2,0.3333333333333333,0.0,0.25,0.1,0.1,0.3333333333333333,0.0,1.0
huggingface__transformers-15473,huggingface/transformers,qwen3-coder:30b/content,47,True,4,3,1,10,0.25,1.0,1.0,0.3333333333333333,0.0,0.25,0.3333333333333333,0.3333333333333333,0.3333333333333333,0.0,0.25,0.2,0.2,0.3333333333333333,0.0,0.25,0.1,0.1,0.3333333333333333,0.0,1.0
huggingface__transformers-15795,huggingface/transformers,qwen3-coder:30b/paths,29,True,2,1,1,10,0.5,1.0,1.0,1.0,0.0,0.5,0.3333333333333333,0.3333333333333333,1.0,0.0,0.5,0.2,0.2,1.0,0.0,0.5,0.1,0.1,1.0,0.0,1.0
huggingface__transformers-15795,huggingface/transformers,qwen3-coder:30b/paths,47,True,2,1,1,10,0.5,1.0,1.0,1.0,0.0,0.5,0.3333333333333333,0.3333333333333333,1.0,0.0,0.5,0.2,0.2,1.0,0.0,0.5,0.1,0.1,1.0,0.0,1.0
huggingface__transformers-15795,huggingface/transformers,qwen3-coder:30b/content,29,True,2,1,1,10,0.5,1.0,1.0,1.0,0.0,0.5,0.3333333333333333,0.3333333333333333,1.0,0.0,0.5,0.2,0.2,1.0,0.0,0.5,0.1,0.1,1.0,0.0,1.0
huggingface__transformers-15795,huggingface/transformers,qwen3-coder:30b/content,47,True,2,1,1,10,0.5,1.0,1.0,1.0,0.0,0.5,0.3333333333333333,0.3333333333333333,1.0,0.0,0.5,0.2,0.2,1.0,0.0,0.5,0.1,0.1,1.0,0.0,1.0
huggingface__transformers-15831,huggingface/transformers,qwen3-coder:30b/paths,29,True,6,4,2,10,0.16666666666666666,1.0,1.0,0.25,0.0,0.5,1.0,1.0,0.75,0.0,0.6666666666666666,0.8,0.8,0.75,0.5,0.6666666666666666,0.4,0.4,0.75,0.5,1.0
huggingface__transformers-15831,huggingface/transformers,qwen3-coder:30b/paths,47,True,6,4,2,10,0.16666666666666666,1.0,1.0,0.25,0.0,0.5,1.0,1.0,0.75,0.0,0.6666666666666666,0.8,0.8,0.75,0.5,0.6666666666666666,0.4,0.4,0.75,0.5,1.0
huggingface__transformers-15831,huggingface/transformers,qwen3-coder:30b/content,29,True,6,4,2,10,0.16666666666666666,1.0,1.0,0.25,0.0,0.5,1.0,1.0,0.75,0.0,0.5,0.6,0.6,0.75,0.0,0.6666666666666666,0.4,0.4,0.75,0.5,1.0
huggingface__transformers-15831,huggingface/transformers,qwen3-coder:30b/content,47,True,6,4,2,3,0.16666666666666666,1.0,1.0,0.25,0.0,0.5,1.0,1.0,0.75,0.0,0.5,0.6,1.0,0.75,0.0,0.5,0.3,1.0,0.75,0.0,1.0
huggingface__transformers-15913,huggingface/transformers,qwen3-coder:30b/paths,29,True,2,1,1,10,0.5,1.0,1.0,1.0,0.0,1.0,0.6666666666666666,0.6666666666666666,1.0,1.0,1.0,0.4,0.4,1.0,1.0,1.0,0.2,0.2,1.0,1.0,1.0
huggingface__transformers-15913,huggingface/transformers,qwen3-coder:30b/paths,47,True,2,1,1,10,0.5,1.0,1.0,1.0,0.0,1.0,0.6666666666666666,0.6666666666666666,1.0,1.0,1.0,0.4,0.4,1.0,1.0,1.0,0.2,0.2,1.0,1.0,1.0
huggingface__transformers-15913,huggingface/transformers,qwen3-coder:30b/content,29,True,2,1,1,10,0.5,1.0,1.0,1.0,0.0,1.0,0.6666666666666666,0.6666666666666666,1.0,1.0,1.0,0.4,0.4,1.0,1.0,1.0,0.2,0.2,1.0,1.0,1.0
huggingface__transformers-15913,huggingface/transformers,qwen3-coder:30b/content,47,True,2,1,1,10,0.5,1.0,1.0,1.0,0.0,1.0,0.6666666666666666,0.6666666666666666,1.0,1.0,1.0,0.4,0.4,1.0,1.0,1.0,0.2,0.2,1.0,1.0,1.0
huggingface__transformers-19219,huggingface/transformers,qwen3-coder:30b/paths,29,True,2,1,1,2,0.5,1.0,1.0,1.0,0.0,0.5,0.3333333333333333,0.5,1.0,0.0,0.5,0.2,0.5,1.0,0.0,0.5,0.1,0.5,1.0,0.0,1.0
huggingface__transformers-19219,huggingface/transformers,qwen3-coder:30b/paths,47,True,2,1,1,2,0.5,1.0,1.0,1.0,0.0,0.5,0.3333333333333333,0.5,1.0,0.0,0.5,0.2,0.5,1.0,0.0,0.5,0.1,0.5,1.0,0.0,1.0
huggingface__transformers-19219,huggingface/transformers,qwen3-coder:30b/content,29,True,2,1,1,10,0.5,1.0,1.0,1.0,0.0,0.5,0.3333333333333333,0.3333333333333333,1.0,0.0,0.5,0.2,0.2,1.0,0.0,0.5,0.1,0.1,1.0,0.0,1.0
huggingface__transformers-19219,huggingface/transformers,qwen3-coder:30b/content,47,True,2,1,1,10,0.5,1.0,1.0,1.0,0.0,0.5,0.3333333333333333,0.3333333333333333,1.0,0.0,0.5,0.2,0.2,1.0,0.0,0.5,0.1,0.1,1.0,0.0,1.0
huggingface__transformers-19590,huggingface/transformers,qwen3-coder:30b/paths,29,True,2,1,1,2,0.5,1.0,1.0,1.0,0.0,1.0,0.6666666666666666,1.0,1.0,1.0,1.0,0.4,1.0,1.0,1.0,1.0,0.2,1.0,1.0,1.0,1.0
huggingface__transformers-19590,huggingface/transformers,qwen3-coder:30b/paths,47,True,2,1,1,10,0.5,1.0,1.0,1.0,0.0,1.0,0.6666666666666666,0.6666666666666666,1.0,1.0,1.0,0.4,0.4,1.0,1.0,1.0,0.2,0.2,1.0,1.0,1.0
huggingface__transformers-19590,huggingface/transformers,qwen3-coder:30b/content,29,True,2,1,1,10,0.5,1.0,1.0,1.0,0.0,1.0,0.6666666666666666,0.6666666666666666,1.0,1.0,1.0,0.4,0.4,1.0,1.0,1.0,0.2,0.2,1.0,1.0,1.0
huggingface__transformers-19590,huggingface/transformers,qwen3-coder:30b/content,47,True,2,1,1,10,0.5,1.0,1.0,1.0,0.0,1.0,0.6666666666666666,0.6666666666666666,1.0,1.0,1.0,0.4,0.4,1.0,1.0,1.0,0.2,0.2,1.0,1.0,1.0
huggingface__transformers-21345,huggingface/transformers,qwen3-coder:30b/paths,29,True,2,1,1,10,0.5,1.0,1.0,1.0,0.0,0.5,0.3333333333333333,0.3333333333333333,1.0,0.0,0.5,0.2,0.2,1.0,0.0,0.5,0.1,0.1,1.0,0.0,1.0
huggingface__transformers-21345,huggingface/transformers,qwen3-coder:30b/paths,47,True,2,1,1,10,0.5,1.0,1.0,1.0,0.0,0.5,0.3333333333333333,0.3333333333333333,1.0,0.0,0.5,0.2,0.2,1.0,0.0,0.5,0.1,0.1,1.0,0.0,1.0
huggingface__transformers-21345,huggingface/transformers,qwen3-coder:30b/content,29,True,2,1,1,10,0.5,1.0,1.0,1.0,0.0,0.5,0.3333333333333333,0.3333333333333333,1.0,0.0,0.5,0.2,0.2,1.0,0.0,0.5,0.1,0.1,1.0,0.0,1.0
huggingface__transformers-21345,huggingface/transformers,qwen3-coder:30b/content,47,True,2,1,1,10,0.5,1.0,1.0,1.0,0.0,0.5,0.3333333333333333,0.3333333333333333,1.0,0.0,0.5,0.2,0.2,1.0,0.0,0.5,0.1,0.1,1.0,0.0,1.0
huggingface__transformers-21768,huggingface/transformers,qwen3-coder:30b/paths,29,True,2,1,1,2,0.5,1.0,1.0,1.0,0.0,1.0,0.6666666666666666,1.0,1.0,1.0,1.0,0.4,1.0,1.0,1.0,1.0,0.2,1.0,1.0,1.0,1.0
huggingface__transformers-21768,huggingface/transformers,qwen3-coder:30b/paths,47,True,2,1,1,2,0.5,1.0,1.0,1.0,0.0,1.0,0.6666666666666666,1.0,1.0,1.0,1.0,0.4,1.0,1.0,1.0,1.0,0.2,1.0,1.0,1.0,1.0
huggingface__transformers-21768,huggingface/transformers,qwen3-coder:30b/content,29,True,2,1,1,2,0.5,1.0,1.0,1.0,0.0,1.0,0.6666666666666666,1.0,1.0,1.0,1.0,0.4,1.0,1.0,1.0,1.0,0.2,1.0,1.0,1.0,1.0
huggingface__transformers-21768,huggingface/transformers,qwen3-coder:30b/content,47,True,2,1,1,2,0.5,1.0,1.0,1.0,0.0,1.0,0.6666666666666666,1.0,1.0,1.0,1.0,0.4,1.0,1.0,1.0,1.0,0.2,1.0,1.0,1.0,1.0
huggingface__transformers-23126,huggingface/transformers,qwen3-coder:30b/paths,29,True,2,1,1,2,0.5,1.0,1.0,1.0,0.0,1.0,0.6666666666666666,1.0,1.0,1.0,1.0,0.4,1.0,1.0,1.0,1.0,0.2,1.0,1.0,1.0,1.0
huggingface__transformers-23126,huggingface/transformers,qwen3-coder:30b/paths,47,True,2,1,1,2,0.5,1.0,1.0,1.0,0.0,1.0,0.6666666666666666,1.0,1.0,1.0,1.0,0.4,1.0,1.0,1.0,1.0,0.2,1.0,1.0,1.0,1.0
huggingface__transformers-23126,huggingface/transformers,qwen3-coder:30b/content,29,True,2,1,1,2,0.5,1.0,1.0,1.0,0.0,1.0,0.6666666666666666,1.0,1.0,1.0,1.0,0.4,1.0,1.0,1.0,1.0,0.2,1.0,1.0,1.0,1.0
huggingface__transformers-23126,huggingface/transformers,qwen3-coder:30b/content,47,True,2,1,1,2,0.5,1.0,1.0,1.0,0.0,1.0,0.6666666666666666,1.0,1.0,1.0,1.0,0.4,1.0,1.0,1.0,1.0,0.2,1.0,1.0,1.0,1.0
huggingface__transformers-26386,huggingface/transformers,qwen3-coder:30b/paths,29,True,2,1,1,10,0.5,1.0,1.0,1.0,0.0,0.5,0.3333333333333333,0.3333333333333333,1.0,0.0,0.5,0.2,0.2,1.0,0.0,0.5,0.1,0.1,1.0,0.0,1.0
huggingface__transformers-26386,huggingface/transformers,qwen3-coder:30b/paths,47,True,2,1,1,10,0.5,1.0,1.0,1.0,0.0,0.5,0.3333333333333333,0.3333333333333333,1.0,0.0,0.5,0.2,0.2,1.0,0.0,0.5,0.1,0.1,1.0,0.0,1.0
huggingface__transformers-26386,huggingface/transformers,qwen3-coder:30b/content,29,True,2,1,1,10,0.5,1.0,1.0,1.0,0.0,0.5,0.3333333333333333,0.3333333333333333,1.0,0.0,0.5,0.2,0.2,1.0,0.0,0.5,0.1,0.1,1.0,0.0,1.0
huggingface__transformers-26386,huggingface/transformers,qwen3-coder:30b/content,47,True,2,1,1,10,0.5,1.0,1.0,1.0,0.0,0.5,0.3333333333333333,0.3333333333333333,1.0,0.0,0.5,0.2,0.2,1.0,0.0,0.5,0.1,0.1,1.0,0.0,1.0
huggingface__transformers-26568,huggingface/transformers,qwen3-coder:30b/paths,29,True,3,2,1,10,0.3333333333333333,1.0,1.0,0.5,0.0,1.0,1.0,1.0,1.0,1.0,1.0,0.6,0.6,1.0,1.0,1.0,0.3,0.3,1.0,1.0,1.0
huggingface__transformers-26568,huggingface/transformers,qwen3-coder:30b/paths,47,True,3,2,1,10,0.3333333333333333,1.0,1.0,0.5,0.0,1.0,1.0,1.0,1.0,1.0,1.0,0.6,0.6,1.0,1.0,1.0,0.3,0.3,1.0,1.0,1.0
huggingface__transformers-26568,huggingface/transformers,qwen3-coder:30b/content,29,True,3,2,1,5,0.3333333333333333,1.0,1.0,0.5,0.0,1.0,1.0,1.0,1.0,1.0,1.0,0.6,0.6,1.0,1.0,1.0,0.3,0.6,1.0,1.0,1.0
huggingface__transformers-26568,huggingface/transformers,qwen3-coder:30b/content,47,True,3,2,1,5,0.3333333333333333,1.0,1.0,0.5,0.0,1.0,1.0,1.0,1.0,1.0,1.0,0.6,0.6,1.0,1.0,1.0,0.3,0.6,1.0,1.0,1.0
huggingface__transformers-27463,huggingface/transformers,qwen3-coder:30b/paths,29,True,4,3,1,10,0.25,1.0,1.0,0.3333333333333333,0.0,0.25,0.3333333333333333,0.3333333333333333,0.3333333333333333,0.0,0.25,0.2,0.2,0.3333333333333333,0.0,0.25,0.1,0.1,0.3333333333333333,0.0,1.0
huggingface__transformers-27463,huggingface/transformers,qwen3-coder:30b/paths,47,True,4,3,1,10,0.25,1.0,1.0,0.3333333333333333,0.0,0.25,0.3333333333333333,0.3333333333333333,0.3333333333333333,0.0,0.25,0.2,0.2,0.3333333333333333,0.0,0.25,0.1,0.1,0.3333333333333333,0.0,1.0
huggingface__transformers-27463,huggingface/transformers,qwen3-coder:30b/content,29,True,4,3,1,10,0.25,1.0,1.0,0.3333333333333333,0.0,0.25,0.3333333333333333,0.3333333333333333,0.3333333333333333,0.0,0.25,0.2,0.2,0.3333333333333333,0.0,0.25,0.1,0.1,0.3333333333333333,0.0,1.0
huggingface__transformers-27463,huggingface/transformers,qwen3-coder:30b/content,47,True,4,3,1,10,0.25,1.0,1.0,0.3333333333333333,0.0,0.25,0.3333333333333333,0.3333333333333333,0.3333333333333333,0.0,0.25,0.2,0.2,0.3333333333333333,0.0,0.25,0.1,0.1,0.3333333333333333,0.0,1.0
huggingface__transformers-27561,huggingface/transformers,qwen3-coder:30b/paths,29,True,4,3,1,10,0.25,1.0,1.0,0.3333333333333333,0.0,0.5,0.6666666666666666,0.6666666666666666,0.3333333333333333,1.0,0.5,0.4,0.4,0.3333333333333333,1.0,0.75,0.3,0.3,0.6666666666666666,1.0,1.0
huggingface__transformers-27561,huggingface/transformers,qwen3-coder:30b/paths,47,True,4,3,1,10,0.25,1.0,1.0,0.3333333333333333,0.0,0.5,0.6666666666666666,0.6666666666666666,0.3333333333333333,1.0,0.5,0.4,0.4,0.3333333333333333,1.0,0.75,0.3,0.3,0.6666666666666666,1.0,1.0
huggingface__transformers-27561,huggingface/transformers,qwen3-coder:30b/content,29,True,4,3,1,10,0.25,1.0,1.0,0.3333333333333333,0.0,0.5,0.6666666666666666,0.6666666666666666,0.3333333333333333,1.0,0.5,0.4,0.4,0.3333333333333333,1.0,0.5,0.2,0.2,0.3333333333333333,1.0,1.0
huggingface__transformers-27561,huggingface/transformers,qwen3-coder:30b/content,47,True,4,3,1,10,0.25,1.0,1.0,0.3333333333333333,0.0,0.25,0.3333333333333333,0.3333333333333333,0.3333333333333333,0.0,0.25,0.2,0.2,0.3333333333333333,0.0,0.5,0.2,0.2,0.6666666666666666,0.0,1.0
huggingface__transformers-27717,huggingface/transformers,qwen3-coder:30b/paths,29,True,4,3,1,10,0.25,1.0,1.0,0.3333333333333333,0.0,0.75,1.0,1.0,0.6666666666666666,1.0,0.75,0.6,0.6,0.6666666666666666,1.0,1.0,0.4,0.4,1.0,1.0,1.0
huggingface__transformers-27717,huggingface/transformers,qwen3-coder:30b/paths,47,True,4,3,1,10,0.25,1.0,1.0,0.3333333333333333,0.0,0.75,1.0,1.0,0.6666666666666666,1.0,0.75,0.6,0.6,0.6666666666666666,1.0,1.0,0.4,0.4,1.0,1.0,1.0
huggingface__transformers-27717,huggingface/transformers,qwen3-coder:30b/content,29,True,4,3,1,10,0.25,1.0,1.0,0.3333333333333333,0.0,0.5,0.6666666666666666,0.6666666666666666,0.6666666666666666,0.0,0.5,0.4,0.4,0.6666666666666666,0.0,0.75,0.3,0.3,0.6666666666666666,1.0,1.0
huggingface__transformers-27717,huggingface/transformers,qwen3-coder:30b/content,47,True,4,3,1,10,0.25,1.0,1.0,0.3333333333333333,0.0,0.5,0.6666666666666666,0.6666666666666666,0.6666666666666666,0.0,0.5,0.4,0.4,0.6666666666666666,0.0,0.75,0.3,0.3,0.6666666666666666,1.0,1.0
huggingface__transformers-28517,huggingface/transformers,qwen3-coder:30b/paths,29,True,2,1,1,10,0.5,1.0,1.0,1.0,0.0,1.0,0.6666666666666666,0.6666666666666666,1.0,1.0,1.0,0.4,0.4,1.0,1.0,1.0,0.2,0.2,1.0,1.0,1.0
huggingface__transformers-28517,huggingface/transformers,qwen3-coder:30b/paths,47,True,2,1,1,10,0.5,1.0,1.0,1.0,0.0,1.0,0.6666666666666666,0.6666666666666666,1.0,1.0,1.0,0.4,0.4,1.0,1.0,1.0,0.2,0.2,1.0,1.0,1.0
huggingface__transformers-28517,huggingface/transformers,qwen3-coder:30b/content,29,True,2,1,1,10,0.5,1.0,1.0,1.0,0.0,1.0,0.6666666666666666,0.6666666666666666,1.0,1.0,1.0,0.4,0.4,1.0,1.0,1.0,0.2,0.2,1.0,1.0,1.0
huggingface__transformers-28517,huggingface/transformers,qwen3-coder:30b/content,47,True,2,1,1,10,0.5,1.0,1.0,1.0,0.0,1.0,0.6666666666666666,0.6666666666666666,1.0,1.0,1.0,0.4,0.4,1.0,1.0,1.0,0.2,0.2,1.0,1.0,1.0
huggingface__transformers-28940,huggingface/transformers,qwen3-coder:30b/paths,29,True,2,1,1,10,0.5,1.0,1.0,1.0,0.0,0.5,0.3333333333333333,0.3333333333333333,1.0,0.0,0.5,0.2,0.2,1.0,0.0,0.5,0.1,0.1,1.0,0.0,1.0
huggingface__transformers-28940,huggingface/transformers,qwen3-coder:30b/paths,47,True,2,1,1,10,0.5,1.0,1.0,1.0,0.0,0.5,0.3333333333333333,0.3333333333333333,1.0,0.0,0.5,0.2,0.2,1.0,0.0,0.5,0.1,0.1,1.0,0.0,1.0
huggingface__transformers-28940,huggingface/transformers,qwen3-coder:30b/content,29,True,2,1,1,10,0.5,1.0,1.0,1.0,0.0,0.5,0.3333333333333333,0.3333333333333333,1.0,0.0,0.5,0.2,0.2,1.0,0.0,0.5,0.1,0.1,1.0,0.0,1.0
huggingface__transformers-28940,huggingface/transformers,qwen3-coder:30b/content,47,True,2,1,1,10,0.5,1.0,1.0,1.0,0.0,0.5,0.3333333333333333,0.3333333333333333,1.0,0.0,0.5,0.2,0.2,1.0,0.0,0.5,0.1,0.1,1.0,0.0,1.0
huggingface__transformers-29589,huggingface/transformers,qwen3-coder:30b/paths,29,True,5,3,2,10,0.0,0.0,0.0,0.0,0.0,0.2,0.3333333333333333,0.3333333333333333,0.3333333333333333,0.0,0.4,0.4,0.4,0.3333333333333333,0.5,0.4,0.2,0.2,0.3333333333333333,0.5,0.5
huggingface__transformers-29589,huggingface/transformers,qwen3-coder:30b/paths,47,True,5,3,2,10,0.0,0.0,0.0,0.0,0.0,0.2,0.3333333333333333,0.3333333333333333,0.3333333333333333,0.0,0.4,0.4,0.4,0.3333333333333333,0.5,0.4,0.2,0.2,0.3333333333333333,0.5,0.5
huggingface__transformers-29589,huggingface/transformers,qwen3-coder:30b/content,29,True,5,3,2,10,0.0,0.0,0.0,0.0,0.0,0.2,0.3333333333333333,0.3333333333333333,0.3333333333333333,0.0,0.2,0.2,0.2,0.3333333333333333,0.0,0.2,0.1,0.1,0.3333333333333333,0.0,0.5
huggingface__transformers-29589,huggingface/transformers,qwen3-coder:30b/content,47,True,5,3,2,9,0.2,1.0,1.0,0.3333333333333333,0.0,0.2,0.3333333333333333,0.3333333333333333,0.3333333333333333,0.0,0.4,0.4,0.4,0.3333333333333333,0.5,0.4,0.2,0.2222222222222222,0.3333333333333333,0.5,1.0
huggingface__transformers-29688,huggingface/transformers,qwen3-coder:30b/paths,29,True,2,1,1,10,0.5,1.0,1.0,1.0,0.0,0.5,0.3333333333333333,0.3333333333333333,1.0,0.0,0.5,0.2,0.2,1.0,0.0,1.0,0.2,0.2,1.0,1.0,1.0
huggingface__transformers-29688,huggingface/transformers,qwen3-coder:30b/paths,47,True,2,1,1,10,0.5,1.0,1.0,1.0,0.0,0.5,0.3333333333333333,0.3333333333333333,1.0,0.0,0.5,0.2,0.2,1.0,0.0,1.0,0.2,0.2,1.0,1.0,1.0
huggingface__transformers-29688,huggingface/transformers,qwen3-coder:30b/content,29,True,2,1,1,10,0.5,1.0,1.0,1.0,0.0,0.5,0.3333333333333333,0.3333333333333333,1.0,0.0,0.5,0.2,0.2,1.0,0.0,1.0,0.2,0.2,1.0,1.0,1.0
huggingface__transformers-29688,huggingface/transformers,qwen3-coder:30b/content,47,True,2,1,1,10,0.5,1.0,1.0,1.0,0.0,0.5,0.3333333333333333,0.3333333333333333,1.0,0.0,0.5,0.2,0.2,1.0,0.0,1.0,0.2,0.2,1.0,1.0,1.0
huggingface__transformers-29838,huggingface/transformers,qwen3-coder:30b/paths,29,True,2,1,1,10,0.5,1.0,1.0,1.0,0.0,0.5,0.3333333333333333,0.3333333333333333,1.0,0.0,0.5,0.2,0.2,1.0,0.0,1.0,0.2,0.2,1.0,1.0,1.0
huggingface__transformers-29838,huggingface/transformers,qwen3-coder:30b/paths,47,True,2,1,1,10,0.5,1.0,1.0,1.0,0.0,0.5,0.3333333333333333,0.3333333333333333,1.0,0.0,0.5,0.2,0.2,1.0,0.0,1.0,0.2,0.2,1.0,1.0,1.0
huggingface__transformers-29838,huggingface/transformers,qwen3-coder:30b/content,29,True,2,1,1,10,0.5,1.0,1.0,1.0,0.0,0.5,0.3333333333333333,0.3333333333333333,1.0,0.0,0.5,0.2,0.2,1.0,0.0,0.5,0.1,0.1,1.0,0.0,1.0
huggingface__transformers-29838,huggingface/transformers,qwen3-coder:30b/content,47,True,2,1,1,10,0.5,1.0,1.0,1.0,0.0,0.5,0.3333333333333333,0.3333333333333333,1.0,0.0,0.5,0.2,0.2,1.0,0.0,0.5,0.1,0.1,1.0,0.0,1.0
huggingface__transformers-31095,huggingface/transformers,qwen3-coder:30b/paths,29,True,3,2,1,10,0.3333333333333333,1.0,1.0,0.5,0.0,0.6666666666666666,0.6666666666666666,0.6666666666666666,1.0,0.0,0.6666666666666666,0.4,0.4,1.0,0.0,0.6666666666666666,0.2,0.2,1.0,0.0,1.0
huggingface__transformers-31095,huggingface/transformers,qwen3-coder:30b/paths,47,True,3,2,1,10,0.3333333333333333,1.0,1.0,0.5,0.0,0.6666666666666666,0.6666666666666666,0.6666666666666666,1.0,0.0,0.6666666666666666,0.4,0.4,1.0,0.0,0.6666666666666666,0.2,0.2,1.0,0.0,1.0
huggingface__transformers-31095,huggingface/transformers,qwen3-coder:30b/content,29,True,3,2,1,10,0.3333333333333333,1.0,1.0,0.5,0.0,0.6666666666666666,0.6666666666666666,0.6666666666666666,1.0,0.0,0.6666666666666666,0.4,0.4,1.0,0.0,0.6666666666666666,0.2,0.2,1.0,0.0,1.0
huggingface__transformers-31095,huggingface/transformers,qwen3-coder:30b/content,47,True,3,2,1,10,0.3333333333333333,1.0,1.0,0.5,0.0,0.6666666666666666,0.6666666666666666,0.6666666666666666,1.0,0.0,0.6666666666666666,0.4,0.4,1.0,0.0,0.6666666666666666,0.2,0.2,1.0,0.0,1.0
huggingface__transformers-31247,huggingface/transformers,qwen3-coder:30b/paths,29,True,4,3,1,10,0.25,1.0,1.0,0.3333333333333333,0.0,0.5,0.6666666666666666,0.6666666666666666,0.3333333333333333,1.0,0.5,0.4,0.4,0.3333333333333333,1.0,0.5,0.2,0.2,0.3333333333333333,1.0,1.0
huggingface__transformers-31247,huggingface/transformers,qwen3-coder:30b/paths,47,True,4,3,1,10,0.25,1.0,1.0,0.3333333333333333,0.0,0.5,0.6666666666666666,0.6666666666666666,0.3333333333333333,1.0,0.5,0.4,0.4,0.3333333333333333,1.0,0.5,0.2,0.2,0.3333333333333333,1.0,1.0
huggingface__transformers-31247,huggingface/transformers,qwen3-coder:30b/content,29,True,4,3,1,10,0.25,1.0,1.0,0.3333333333333333,0.0,0.5,0.6666666666666666,0.6666666666666666,0.3333333333333333,1.0,0.5,0.4,0.4,0.3333333333333333,1.0,0.5,0.2,0.2,0.3333333333333333,1.0,1.0
huggingface__transformers-31247,huggingface/transformers,qwen3-coder:30b/content,47,True,4,3,1,10,0.25,1.0,1.0,0.3333333333333333,0.0,0.5,0.6666666666666666,0.6666666666666666,0.3333333333333333,1.0,0.5,0.4,0.4,0.3333333333333333,1.0,0.5,0.2,0.2,0.3333333333333333,1.0,1.0
yt-dlp__yt-dlp-1649,yt-dlp/yt-dlp,qwen3-coder:30b/paths,29,True,15,14,1,10,0.06666666666666667,1.0,1.0,0.07142857142857142,0.0,0.2,1.0,1.0,0.21428571428571427,0.0,0.3333333333333333,1.0,1.0,0.35714285714285715,0.0,0.4,0.6,0.6,0.42857142857142855,0.0,1.0
yt-dlp__yt-dlp-1649,yt-dlp/yt-dlp,qwen3-coder:30b/paths,47,True,15,14,1,10,0.06666666666666667,1.0,1.0,0.07142857142857142,0.0,0.2,1.0,1.0,0.21428571428571427,0.0,0.26666666666666666,0.8,0.8,0.2857142857142857,0.0,0.3333333333333333,0.5,0.5,0.35714285714285715,0.0,1.0
yt-dlp__yt-dlp-1649,yt-dlp/yt-dlp,qwen3-coder:30b/content,29,True,15,14,1,10,0.06666666666666667,1.0,1.0,0.07142857142857142,0.0,0.2,1.0,1.0,0.21428571428571427,0.0,0.26666666666666666,0.8,0.8,0.2857142857142857,0.0,0.26666666666666666,0.4,0.4,0.2857142857142857,0.0,1.0
yt-dlp__yt-dlp-1649,yt-dlp/yt-dlp,qwen3-coder:30b/content,47,True,15,14,1,10,0.06666666666666667,1.0,1.0,0.07142857142857142,0.0,0.2,1.0,1.0,0.21428571428571427,0.0,0.26666666666666666,0.8,0.8,0.2857142857142857,0.0,0.26666666666666666,0.4,0.4,0.2857142857142857,0.0,1.0
yt-dlp__yt-dlp-4524,yt-dlp/yt-dlp,qwen3-coder:30b/paths,29,True,4,3,1,10,0.25,1.0,1.0,0.3333333333333333,0.0,0.25,0.3333333333333333,0.3333333333333333,0.3333333333333333,0.0,0.25,0.2,0.2,0.3333333333333333,0.0,0.25,0.1,0.1,0.3333333333333333,0.0,1.0
yt-dlp__yt-dlp-4524,yt-dlp/yt-dlp,qwen3-coder:30b/paths,47,True,4,3,1,10,0.0,0.0,0.0,0.0,0.0,0.25,0.3333333333333333,0.3333333333333333,0.3333333333333333,0.0,0.25,0.2,0.2,0.3333333333333333,0.0,0.25,0.1,0.1,0.3333333333333333,0.0,0.5
yt-dlp__yt-dlp-4524,yt-dlp/yt-dlp,qwen3-coder:30b/content,29,True,4,3,1,10,0.0,0.0,0.0,0.0,0.0,0.25,0.3333333333333333,0.3333333333333333,0.3333333333333333,0.0,0.25,0.2,0.2,0.3333333333333333,0.0,0.25,0.1,0.1,0.3333333333333333,0.0,0.5
yt-dlp__yt-dlp-4524,yt-dlp/yt-dlp,qwen3-coder:30b/content,47,True,4,3,1,10,0.0,0.0,0.0,0.0,0.0,0.25,0.3333333333333333,0.3333333333333333,0.3333333333333333,0.0,0.25,0.2,0.2,0.3333333333333333,0.0,0.25,0.1,0.1,0.3333333333333333,0.0,0.5
keras-team__keras-18649,keras-team/keras,qwen3-coder:30b/paths,29,True,6,5,1,10,0.0,0.0,0.0,0.0,0.0,0.0,0.0,0.0,0.0,0.0,0.16666666666666666,0.2,0.2,0.2,0.0,0.16666666666666666,0.1,0.1,0.2,0.0,0.25
keras-team__keras-18649,keras-team/keras,qwen3-coder:30b/paths,47,True,6,5,1,10,0.0,0.0,0.0,0.0,0.0,0.0,0.0,0.0,0.0,0.0,0.16666666666666666,0.2,0.2,0.2,0.0,0.16666666666666666,0.1,0.1,0.2,0.0,0.25
keras-team__keras-18649,keras-team/keras,qwen3-coder:30b/content,29,True,6,5,1,10,0.0,0.0,0.0,0.0,0.0,0.0,0.0,0.0,0.0,0.0,0.16666666666666666,0.2,0.2,0.2,0.0,0.16666666666666666,0.1,0.1,0.2,0.0,0.2
keras-team__keras-18649,keras-team/keras,qwen3-coder:30b/content,47,True,6,5,1,10,0.0,0.0,0.0,0.0,0.0,0.0,0.0,0.0,0.0,0.0,0.16666666666666666,0.2,0.2,0.2,0.0,0.16666666666666666,0.1,0.1,0.2,0.0,0.2
keras-team__keras-18852,keras-team/keras,qwen3-coder:30b/paths,29,True,7,4,3,10,0.14285714285714285,1.0,1.0,0.25,0.0,0.14285714285714285,0.3333333333333333,0.3333333333333333,0.25,0.0,0.14285714285714285,0.2,0.2,0.25,0.0,0.14285714285714285,0.1,0.1,0.25,0.0,1.0
keras-team__keras-18852,keras-team/keras,qwen3-coder:30b/paths,47,True,7,4,3,10,0.0,0.0,0.0,0.0,0.0,0.14285714285714285,0.3333333333333333,0.3333333333333333,0.25,0.0,0.14285714285714285,0.2,0.2,0.25,0.0,0.14285714285714285,0.1,0.1,0.25,0.0,0.5
keras-team__keras-18852,keras-team/keras,qwen3-coder:30b/content,29,True,7,4,3,10,0.0,0.0,0.0,0.0,0.0,0.14285714285714285,0.3333333333333333,0.3333333333333333,0.25,0.0,0.14285714285714285,0.2,0.2,0.25,0.0,0.14285714285714285,0.1,0.1,0.25,0.0,0.5
keras-team__keras-18852,keras-team/keras,qwen3-coder:30b/content,47,True,7,4,3,10,0.0,0.0,0.0,0.0,0.0,0.14285714285714285,0.3333333333333333,0.3333333333333333,0.25,0.0,0.14285714285714285,0.2,0.2,0.25,0.0,0.14285714285714285,0.1,0.1,0.25,0.0,0.5
keras-team__keras-19903,keras-team/keras,qwen3-coder:30b/paths,29,True,8,7,1,10,0.125,1.0,1.0,0.14285714285714285,0.0,0.25,0.6666666666666666,0.6666666666666666,0.2857142857142857,0.0,0.5,0.8,0.8,0.5714285714285714,0.0,0.625,0.5,0.5,0.7142857142857143,0.0,1.0
keras-team__keras-19903,keras-team/keras,qwen3-coder:30b/paths,47,True,8,7,1,10,0.125,1.0,1.0,0.14285714285714285,0.0,0.25,0.6666666666666666,0.6666666666666666,0.2857142857142857,0.0,0.25,0.4,0.4,0.2857142857142857,0.0,0.625,0.5,0.5,0.7142857142857143,0.0,1.0
keras-team__keras-19903,keras-team/keras,qwen3-coder:30b/content,29,True,8,7,1,10,0.0,0.0,0.0,0.0,0.0,0.25,0.6666666666666666,0.6666666666666666,0.2857142857142857,0.0,0.375,0.6,0.6,0.42857142857142855,0.0,0.375,0.3,0.3,0.42857142857142855,0.0,0.5
keras-team__keras-19903,keras-team/keras,qwen3-coder:30b/content,47,True,8,7,1,10,0.0,0.0,0.0,0.0,0.0,0.25,0.6666666666666666,0.6666666666666666,0.2857142857142857,0.0,0.375,0.6,0.6,0.42857142857142855,0.0,0.375,0.3,0.3,0.42857142857142855,0.0,0.5
