cohort,task_id,repo,language,old,new,status,path,kind,exists
feature,google__gson-2498,google/gson,Java,gson/src/main/java/com/google/gson/internal/Excluder.java,gson/src/main/java/com/google/gson/internal/Excluder.java,modified,gson/src/main/java/com/google/gson/internal/Excluder.java,code,True
feature,google__gson-2498,google/gson,Java,gson/src/main/java/com/google/gson/internal/bind/ReflectiveTypeAdapterFactory.java,gson/src/main/java/com/google/gson/internal/bind/ReflectiveTypeAdapterFactory.java,modified,gson/src/main/java/com/google/gson/internal/bind/ReflectiveTypeAdapterFactory.java,code,True
feature,google__gson-2498,google/gson,Java,gson/src/main/java/com/google/gson/internal/reflect/ReflectionHelper.java,gson/src/main/java/com/google/gson/internal/reflect/ReflectionHelper.java,modified,gson/src/main/java/com/google/gson/internal/reflect/ReflectionHelper.java,code,True
feature,google__gson-2498,google/gson,Java,gson/src/test/java/com/google/gson/ExposeAnnotationExclusionStrategyTest.java,gson/src/test/java/com/google/gson/ExposeAnnotationExclusionStrategyTest.java,modified,gson/src/test/java/com/google/gson/ExposeAnnotationExclusionStrategyTest.java,test,True
feature,google__gson-2498,google/gson,Java,gson/src/test/java/com/google/gson/InnerClassExclusionStrategyTest.java,gson/src/test/java/com/google/gson/InnerClassExclusionStrategyTest.java,modified,gson/src/test/java/com/google/gson/InnerClassExclusionStrategyTest.java,test,True
feature,google__gson-2498,google/gson,Java,gson/src/test/java/com/google/gson/VersionExclusionStrategyTest.java,gson/src/test/java/com/google/gson/VersionExclusionStrategyTest.java,modified,gson/src/test/java/com/google/gson/VersionExclusionStrategyTest.java,test,True
feature,google__gson-2498,google/gson,Java,gson/src/test/java/com/google/gson/functional/EnumTest.java,gson/src/test/java/com/google/gson/functional/EnumTest.java,modified,gson/src/test/java/com/google/gson/functional/EnumTest.java,test,True
feature,google__gson-2498,google/gson,Java,gson/src/test/java/com/google/gson/functional/ObjectTest.java,gson/src/test/java/com/google/gson/functional/ObjectTest.java,modified,gson/src/test/java/com/google/gson/functional/ObjectTest.java,test,True
feature,apolloconfig__apollo-4207,apolloconfig/apollo,Java,CHANGES.md,CHANGES.md,modified,CHANGES.md,code,True
feature,apolloconfig__apollo-4207,apolloconfig/apollo,Java,apollo-portal/src/main/java/com/ctrip/framework/apollo/portal/component/config/PortalConfig.java,apollo-portal/src/main/java/com/ctrip/framework/apollo/portal/component/config/PortalConfig.java,modified,apollo-portal/src/main/java/com/ctrip/framework/apollo/portal/component/config/PortalConfig.java,code,True
feature,apolloconfig__apollo-4207,apolloconfig/apollo,Java,apollo-portal/src/main/java/com/ctrip/framework/apollo/portal/util/checker/AuthUserPasswordChecker.java,apollo-portal/src/main/java/com/ctrip/framework/apollo/portal/util/checker/AuthUserPasswordChecker.java,modified,apollo-portal/src/main/java/com/ctrip/framework/apollo/portal/util/checker/AuthUserPasswordChecker.java,code,True
feature,apolloconfig__apollo-4207,apolloconfig/apollo,Java,apollo-portal/src/test/java/com/ctrip/framework/apollo/portal/util/AuthUserPasswordCheckerTest.java,apollo-portal/src/test/java/com/ctrip/framework/apollo/portal/util/AuthUserPasswordCheckerTest.java,modified,apollo-portal/src/test/java/com/ctrip/framework/apollo/portal/util/AuthUserPasswordCheckerTest.java,test,True
feature,google__gson-1904,google/gson,Java,extras/src/main/java/com/google/gson/graph/GraphAdapterBuilder.java,extras/src/main/java/com/google/gson/graph/GraphAdapterBuilder.java,modified,extras/src/main/java/com/google/gson/graph/GraphAdapterBuilder.java,code,True
feature,google__gson-1904,google/gson,Java,gson/src/main/java/com/google/gson/Gson.java,gson/src/main/java/com/google/gson/Gson.java,modified,gson/src/main/java/com/google/gson/Gson.java,code,True
feature,google__gson-1904,google/gson,Java,gson/src/main/java/com/google/gson/GsonBuilder.java,gson/src/main/java/com/google/gson/GsonBuilder.java,modified,gson/src/main/java/com/google/gson/GsonBuilder.java,code,True
feature,google__gson-1904,google/gson,Java,gson/src/main/java/com/google/gson/internal/ConstructorConstructor.java,gson/src/main/java/com/google/gson/internal/ConstructorConstructor.java,modified,gson/src/main/java/com/google/gson/internal/ConstructorConstructor.java,code,True
feature,google__gson-1904,google/gson,Java,gson/src/main/java/com/google/gson/internal/UnsafeAllocator.java,gson/src/main/java/com/google/gson/internal/UnsafeAllocator.java,modified,gson/src/main/java/com/google/gson/internal/UnsafeAllocator.java,code,True
feature,google__gson-1904,google/gson,Java,gson/src/test/java/com/google/gson/GsonBuilderTest.java,gson/src/test/java/com/google/gson/GsonBuilderTest.java,modified,gson/src/test/java/com/google/gson/GsonBuilderTest.java,test,True
feature,google__gson-1904,google/gson,Java,gson/src/test/java/com/google/gson/GsonTest.java,gson/src/test/java/com/google/gson/GsonTest.java,modified,gson/src/test/java/com/google/gson/GsonTest.java,test,True
feature,google__gson-2345,google/gson,Java,gson/src/main/java/com/google/gson/FormattingStyle.java,gson/src/main/java/com/google/gson/FormattingStyle.java,modified,gson/src/main/java/com/google/gson/FormattingStyle.java,code,True
feature,google__gson-2345,google/gson,Java,gson/src/main/java/com/google/gson/Gson.java,gson/src/main/java/com/google/gson/Gson.java,modified,gson/src/main/java/com/google/gson/Gson.java,code,True
feature,google__gson-2345,google/gson,Java,gson/src/main/java/com/google/gson/GsonBuilder.java,gson/src/main/java/com/google/gson/GsonBuilder.java,modified,gson/src/main/java/com/google/gson/GsonBuilder.java,code,True
feature,google__gson-2345,google/gson,Java,gson/src/main/java/com/google/gson/stream/JsonWriter.java,gson/src/main/java/com/google/gson/stream/JsonWriter.java,modified,gson/src/main/java/com/google/gson/stream/JsonWriter.java,code,True
feature,google__gson-2345,google/gson,Java,gson/src/test/java/com/google/gson/GsonTest.java,gson/src/test/java/com/google/gson/GsonTest.java,modified,gson/src/test/java/com/google/gson/GsonTest.java,test,True
feature,google__gson-2345,google/gson,Java,gson/src/test/java/com/google/gson/functional/FormattingStyleTest.java,gson/src/test/java/com/google/gson/functional/FormattingStyleTest.java,modified,gson/src/test/java/com/google/gson/functional/FormattingStyleTest.java,test,True
feature,google__gson-2345,google/gson,Java,gson/src/test/java/com/google/gson/stream/JsonWriterTest.java,gson/src/test/java/com/google/gson/stream/JsonWriterTest.java,modified,gson/src/test/java/com/google/gson/stream/JsonWriterTest.java,test,True
feature,google__gson-2479,google/gson,Java,UserGuide.md,UserGuide.md,modified,UserGuide.md,code,True
feature,google__gson-2479,google/gson,Java,gson/src/main/java/com/google/gson/GsonBuilder.java,gson/src/main/java/com/google/gson/GsonBuilder.java,modified,gson/src/main/java/com/google/gson/GsonBuilder.java,code,True
feature,google__gson-2479,google/gson,Java,gson/src/test/java/com/google/gson/GsonBuilderTest.java,gson/src/test/java/com/google/gson/GsonBuilderTest.java,modified,gson/src/test/java/com/google/gson/GsonBuilderTest.java,test,True
feature,google__gson-2479,google/gson,Java,gson/src/test/java/com/google/gson/GsonTest.java,gson/src/test/java/com/google/gson/GsonTest.java,modified,gson/src/test/java/com/google/gson/GsonTest.java,test,True
feature,google__guava-3971,google/guava,Java,android/guava/src/com/google/common/util/concurrent/Uninterruptibles.java,android/guava/src/com/google/common/util/concurrent/Uninterruptibles.java,modified,android/guava/src/com/google/common/util/concurrent/Uninterruptibles.java,code,True
feature,google__guava-3971,google/guava,Java,guava/src/com/google/common/util/concurrent/Uninterruptibles.java,guava/src/com/google/common/util/concurrent/Uninterruptibles.java,modified,guava/src/com/google/common/util/concurrent/Uninterruptibles.java,code,True
feature,google__guava-3971,google/guava,Java,android/guava-tests/test/com/google/common/util/concurrent/UninterruptiblesTest.java,android/guava-tests/test/com/google/common/util/concurrent/UninterruptiblesTest.java,modified,android/guava-tests/test/com/google/common/util/concurrent/UninterruptiblesTest.java,test,True
feature,google__guava-3971,google/guava,Java,guava-tests/test/com/google/common/util/concurrent/UninterruptiblesTest.java,guava-tests/test/com/google/common/util/concurrent/UninterruptiblesTest.java,modified,guava-tests/test/com/google/common/util/concurrent/UninterruptiblesTest.java,test,True
feature,google__gson-2701,google/gson,Java,proto/src/main/java/com/google/gson/protobuf/ProtoTypeAdapter.java,proto/src/main/java/com/google/gson/protobuf/ProtoTypeAdapter.java,modified,proto/src/main/java/com/google/gson/protobuf/ProtoTypeAdapter.java,code,True
feature,google__gson-2701,google/gson,Java,/dev/null,proto/src/test/java/com/google/gson/protobuf/functional/ProtosWithAnnotationsAndJsonNamesTest.java,added,proto/src/test/java/com/google/gson/protobuf/functional/ProtosWithAnnotationsAndJsonNamesTest.java,test,False
feature,google__gson-2701,google/gson,Java,proto/src/test/proto/bag.proto,proto/src/test/proto/bag.proto,modified,proto/src/test/proto/bag.proto,test,True
feature,apache__rocketmq-7455,apache/rocketmq,Java,broker/src/main/java/org/apache/rocketmq/broker/processor/PopMessageProcessor.java,broker/src/main/java/org/apache/rocketmq/broker/processor/PopMessageProcessor.java,modified,broker/src/main/java/org/apache/rocketmq/broker/processor/PopMessageProcessor.java,code,True
feature,apache__rocketmq-7455,apache/rocketmq,Java,remoting/src/main/java/org/apache/rocketmq/remoting/protocol/RemotingCommand.java,remoting/src/main/java/org/apache/rocketmq/remoting/protocol/RemotingCommand.java,modified,remoting/src/main/java/org/apache/rocketmq/remoting/protocol/RemotingCommand.java,code,True
feature,apache__rocketmq-7455,apache/rocketmq,Java,remoting/src/test/java/org/apache/rocketmq/remoting/protocol/header/FastCodesHeaderTest.java,remoting/src/test/java/org/apache/rocketmq/remoting/protocol/header/FastCodesHeaderTest.java,modified,remoting/src/test/java/org/apache/rocketmq/remoting/protocol/header/FastCodesHeaderTest.java,test,True
feature,apolloconfig__apollo-4464,apolloconfig/apollo,Java,CHANGES.md,CHANGES.md,modified,CHANGES.md,code,True
feature,apolloconfig__apollo-4464,apolloconfig/apollo,Java,apollo-portal/src/main/java/com/ctrip/framework/apollo/portal/controller/UserInfoController.java,apollo-portal/src/main/java/com/ctrip/framework/apollo/portal/controller/UserInfoController.java,modified,apollo-portal/src/main/java/com/ctrip/framework/apollo/portal/controller/UserInfoController.java,code,True
feature,apolloconfig__apollo-4464,apolloconfig/apollo,Java,apollo-portal/src/main/java/com/ctrip/framework/apollo/portal/entity/bo/UserInfo.java,apollo-portal/src/main/java/com/ctrip/framework/apollo/portal/entity/bo/UserInfo.java,modified,apollo-portal/src/main/java/com/ctrip/framework/apollo/portal/entity/bo/UserInfo.java,code,True
feature,apolloconfig__apollo-4464,apolloconfig/apollo,Java,apollo-portal/src/main/java/com/ctrip/framework/apollo/portal/entity/po/UserPO.java,apollo-portal/src/main/java/com/ctrip/framework/apollo/portal/entity/po/UserPO.java,modified,apollo-portal/src/main/java/com/ctrip/framework/apollo/portal/entity/po/UserPO.java,code,True
feature,apolloconfig__apollo-4464,apolloconfig/apollo,Java,apollo-portal/src/main/java/com/ctrip/framework/apollo/portal/repository/UserRepository.java,apollo-portal/src/main/java/com/ctrip/framework/apollo/portal/repository/UserRepository.java,modified,apollo-portal/src/main/java/com/ctrip/framework/apollo/portal/repository/UserRepository.java,code,True
feature,apolloconfig__apollo-4464,apolloconfig/apollo,Java,apollo-portal/src/main/java/com/ctrip/framework/apollo/portal/spi/UserService.java,apollo-portal/src/main/java/com/ctrip/framework/apollo/portal/spi/UserService.java,modified,apollo-portal/src/main/java/com/ctrip/framework/apollo/portal/spi/UserService.java,code,True
feature,apolloconfig__apollo-4464,apolloconfig/apollo,Java,apollo-portal/src/main/java/com/ctrip/framework/apollo/portal/spi/defaultimpl/DefaultUserService.java,apollo-portal/src/main/java/com/ctrip/framework/apollo/portal/spi/defaultimpl/DefaultUserService.java,modified,apollo-portal/src/main/java/com/ctrip/framework/apollo/portal/spi/defaultimpl/DefaultUserService.java,code,True
feature,apolloconfig__apollo-4464,apolloconfig/apollo,Java,apollo-portal/src/main/java/com/ctrip/framework/apollo/portal/spi/ldap/LdapUserService.java,apollo-portal/src/main/java/com/ctrip/framework/apollo/portal/spi/ldap/LdapUserService.java,modified,apollo-portal/src/main/java/com/ctrip/framework/apollo/portal/spi/ldap/LdapUserService.java,code,True
feature,apolloconfig__apollo-4464,apolloconfig/apollo,Java,apollo-portal/src/main/java/com/ctrip/framework/apollo/portal/spi/oidc/OidcLocalUserServiceImpl.java,apollo-portal/src/main/java/com/ctrip/framework/apollo/portal/spi/oidc/OidcLocalUserServiceImpl.java,modified,apollo-portal/src/main/java/com/ctrip/framework/apollo/portal/spi/oidc/OidcLocalUserServiceImpl.java,code,True
feature,apolloconfig__apollo-4464,apolloconfig/apollo,Java,apollo-portal/src/main/java/com/ctrip/framework/apollo/portal/spi/springsecurity/SpringSecurityUserService.java,apollo-portal/src/main/java/com/ctrip/framework/apollo/portal/spi/springsecurity/SpringSecurityUserService.java,modified,apollo-portal/src/main/java/com/ctrip/framework/apollo/portal/spi/springsecurity/SpringSecurityUserService.java,code,True
feature,apolloconfig__apollo-4464,apolloconfig/apollo,Java,apollo-portal/src/main/resources/static/i18n/en.json,apollo-portal/src/main/resources/static/i18n/en.json,modified,apollo-portal/src/main/resources/static/i18n/en.json,code,True
feature,apolloconfig__apollo-4464,apolloconfig/apollo,Java,apollo-portal/src/main/resources/static/i18n/zh-CN.json,apollo-portal/src/main/resources/static/i18n/zh-CN.json,modified,apollo-portal/src/main/resources/static/i18n/zh-CN.json,code,True
feature,apolloconfig__apollo-4464,apolloconfig/apollo,Java,apollo-portal/src/main/resources/static/scripts/controller/UserController.js,apollo-portal/src/main/resources/static/scripts/controller/UserController.js,modified,apollo-portal/src/main/resources/static/scripts/controller/UserController.js,code,True
feature,apolloconfig__apollo-4464,apolloconfig/apollo,Java,apollo-portal/src/main/resources/static/scripts/services/UserService.js,apollo-portal/src/main/resources/static/scripts/services/UserService.js,modified,apollo-portal/src/main/resources/static/scripts/services/UserService.js,code,True
feature,apolloconfig__apollo-4464,apolloconfig/apollo,Java,apollo-portal/src/main/resources/static/user-manage.html,apollo-portal/src/main/resources/static/user-manage.html,modified,apollo-portal/src/main/resources/static/user-manage.html,code,True
feature,apolloconfig__apollo-4464,apolloconfig/apollo,Java,apollo-portal/src/test/java/com/ctrip/framework/apollo/portal/controller/UserInfoControllerTest.java,apollo-portal/src/test/java/com/ctrip/framework/apollo/portal/controller/UserInfoControllerTest.java,modified,apollo-portal/src/test/java/com/ctrip/framework/apollo/portal/controller/UserInfoControllerTest.java,test,True
feature,apache__rocketmq-7655,apache/rocketmq,Java,common/src/main/java/org/apache/rocketmq/common/KeyBuilder.java,common/src/main/java/org/apache/rocketmq/common/KeyBuilder.java,modified,common/src/main/java/org/apache/rocketmq/common/KeyBuilder.java,code,True
feature,apache__rocketmq-7655,apache/rocketmq,Java,common/src/test/java/org/apache/rocketmq/common/KeyBuilderTest.java,common/src/test/java/org/apache/rocketmq/common/KeyBuilderTest.java,modified,common/src/test/java/org/apache/rocketmq/common/KeyBuilderTest.java,test,True
feature,google__gson-2130,google/gson,Java,gson/src/main/java/com/google/gson/stream/JsonWriter.java,gson/src/main/java/com/google/gson/stream/JsonWriter.java,modified,gson/src/main/java/com/google/gson/stream/JsonWriter.java,code,True
feature,google__gson-2130,google/gson,Java,gson/src/test/java/com/google/gson/stream/JsonWriterTest.java,gson/src/test/java/com/google/gson/stream/JsonWriterTest.java,modified,gson/src/test/java/com/google/gson/stream/JsonWriterTest.java,test,True
feature,google__gson-2420,google/gson,Java,Troubleshooting.md,Troubleshooting.md,modified,Troubleshooting.md,code,True
feature,google__gson-2420,google/gson,Java,examples/android-proguard-example/README.md,examples/android-proguard-example/README.md,modified,examples/android-proguard-example/README.md,code,True
feature,google__gson-2420,google/gson,Java,gson/src/main/java/com/google/gson/internal/ConstructorConstructor.java,gson/src/main/java/com/google/gson/internal/ConstructorConstructor.java,modified,gson/src/main/java/com/google/gson/internal/ConstructorConstructor.java,code,True
feature,google__gson-2420,google/gson,Java,gson/src/main/resources/META-INF/proguard/gson.pro,gson/src/main/resources/META-INF/proguard/gson.pro,modified,gson/src/main/resources/META-INF/proguard/gson.pro,code,True
feature,google__gson-2420,google/gson,Java,shrinker-test/pom.xml,shrinker-test/pom.xml,modified,shrinker-test/pom.xml,code,True
feature,google__gson-2420,google/gson,Java,shrinker-test/proguard.pro,shrinker-test/proguard.pro,modified,shrinker-test/proguard.pro,code,True
feature,google__gson-2420,google/gson,Java,shrinker-test/r8.pro,shrinker-test/r8.pro,modified,shrinker-test/r8.pro,code,True
feature,google__gson-2420,google/gson,Java,shrinker-test/src/main/java/com/example/ClassWithJsonAdapterAnnotation.java,shrinker-test/src/main/java/com/example/ClassWithJsonAdapterAnnotation.java,modified,shrinker-test/src/main/java/com/example/ClassWithJsonAdapterAnnotation.java,code,True
feature,google__gson-2420,google/gson,Java,shrinker-test/src/main/java/com/example/DefaultConstructorMain.java,shrinker-test/src/main/java/com/example/DefaultConstructorMain.java,modified,shrinker-test/src/main/java/com/example/DefaultConstructorMain.java,code,True
feature,google__gson-2420,google/gson,Java,gson/src/test/java/com/google/gson/functional/Java17RecordTest.java,gson/src/test/java/com/google/gson/functional/Java17RecordTest.java,modified,gson/src/test/java/com/google/gson/functional/Java17RecordTest.java,test,True
feature,google__gson-2420,google/gson,Java,gson/src/test/java/com/google/gson/internal/ConstructorConstructorTest.java,gson/src/test/java/com/google/gson/internal/ConstructorConstructorTest.java,modified,gson/src/test/java/com/google/gson/internal/ConstructorConstructorTest.java,test,True
feature,google__gson-2420,google/gson,Java,shrinker-test/src/test/java/com/google/gson/it/ShrinkingIT.java,shrinker-test/src/test/java/com/google/gson/it/ShrinkingIT.java,modified,shrinker-test/src/test/java/com/google/gson/it/ShrinkingIT.java,test,True
feature,apache__dubbo-10846,apache/dubbo,Java,dubbo-config/dubbo-config-api/src/main/java/org/apache/dubbo/config/metadata/ConfigurableMetadataServiceExporter.java,dubbo-config/dubbo-config-api/src/main/java/org/apache/dubbo/config/metadata/ConfigurableMetadataServiceExporter.java,modified,dubbo-config/dubbo-config-api/src/main/java/org/apache/dubbo/config/metadata/ConfigurableMetadataServiceExporter.java,code,True
feature,apache__dubbo-10846,apache/dubbo,Java,dubbo-config/dubbo-config-api/src/test/java/org/apache/dubbo/config/ServiceConfigTest.java,dubbo-config/dubbo-config-api/src/test/java/org/apache/dubbo/config/ServiceConfigTest.java,modified,dubbo-config/dubbo-config-api/src/test/java/org/apache/dubbo/config/ServiceConfigTest.java,test,True
feature,apache__dubbo-10846,apache/dubbo,Java,dubbo-config/dubbo-config-api/src/test/java/org/apache/dubbo/config/integration/multiple/exportmetadata/MultipleRegistryCenterExportMetadataIntegrationTest.java,dubbo-config/dubbo-config-api/src/test/java/org/apache/dubbo/config/integration/multiple/exportmetadata/MultipleRegistryCenterExportMetadataIntegrationTest.java,modified,dubbo-config/dubbo-config-api/src/test/java/org/apache/dubbo/config/integration/multiple/exportmetadata/MultipleRegistryCenterExportMetadataIntegrationTest.java,test,True
feature,apache__dubbo-10846,apache/dubbo,Java,dubbo-config/dubbo-config-api/src/test/java/org/apache/dubbo/config/integration/single/exportmetadata/SingleRegistryCenterExportMetadataIntegrationTest.java,dubbo-config/dubbo-config-api/src/test/java/org/apache/dubbo/config/integration/single/exportmetadata/SingleRegistryCenterExportMetadataIntegrationTest.java,modified,dubbo-config/dubbo-config-api/src/test/java/org/apache/dubbo/config/integration/single/exportmetadata/SingleRegistryCenterExportMetadataIntegrationTest.java,test,True
feature,apache__rocketmq-6755,apache/rocketmq,Java,WORKSPACE,WORKSPACE,modified,WORKSPACE,code,True
feature,apache__rocketmq-6755,apache/rocketmq,Java,pom.xml,pom.xml,modified,pom.xml,code,True
feature,apache__rocketmq-6755,apache/rocketmq,Java,proxy/src/main/java/org/apache/rocketmq/proxy/common/MessageReceiptHandle.java,proxy/src/main/java/org/apache/rocketmq/proxy/common/MessageReceiptHandle.java,modified,proxy/src/main/java/org/apache/rocketmq/proxy/common/MessageReceiptHandle.java,code,True
feature,apache__rocketmq-6755,apache/rocketmq,Java,proxy/src/main/java/org/apache/rocketmq/proxy/common/ReceiptHandleGroup.java,proxy/src/main/java/org/apache/rocketmq/proxy/common/ReceiptHandleGroup.java,modified,proxy/src/main/java/org/apache/rocketmq/proxy/common/ReceiptHandleGroup.java,code,True
feature,apache__rocketmq-6755,apache/rocketmq,Java,proxy/src/main/java/org/apache/rocketmq/proxy/grpc/v2/consumer/ReceiveMessageActivity.java,proxy/src/main/java/org/apache/rocketmq/proxy/grpc/v2/consumer/ReceiveMessageActivity.java,modified,proxy/src/main/java/org/apache/rocketmq/proxy/grpc/v2/consumer/ReceiveMessageActivity.java,code,True
feature,apache__rocketmq-6755,apache/rocketmq,Java,proxy/src/main/java/org/apache/rocketmq/proxy/processor/ConsumerProcessor.java,proxy/src/main/java/org/apache/rocketmq/proxy/processor/ConsumerProcessor.java,modified,proxy/src/main/java/org/apache/rocketmq/proxy/processor/ConsumerProcessor.java,code,True
feature,apache__rocketmq-6755,apache/rocketmq,Java,proxy/src/main/java/org/apache/rocketmq/proxy/processor/DefaultMessagingProcessor.java,proxy/src/main/java/org/apache/rocketmq/proxy/processor/DefaultMessagingProcessor.java,modified,proxy/src/main/java/org/apache/rocketmq/proxy/processor/DefaultMessagingProcessor.java,code,True
feature,apache__rocketmq-6755,apache/rocketmq,Java,proxy/src/main/java/org/apache/rocketmq/proxy/processor/MessagingProcessor.java,proxy/src/main/java/org/apache/rocketmq/proxy/processor/MessagingProcessor.java,modified,proxy/src/main/java/org/apache/rocketmq/proxy/processor/MessagingProcessor.java,code,True
feature,apache__rocketmq-6755,apache/rocketmq,Java,proxy/src/main/java/org/apache/rocketmq/proxy/processor/ReceiptHandleProcessor.java,proxy/src/main/java/org/apache/rocketmq/proxy/processor/ReceiptHandleProcessor.java,modified,proxy/src/main/java/org/apache/rocketmq/proxy/processor/ReceiptHandleProcessor.java,code,True
feature,apache__rocketmq-6755,apache/rocketmq,Java,proxy/src/test/java/org/apache/rocketmq/proxy/common/ReceiptHandleGroupTest.java,proxy/src/test/java/org/apache/rocketmq/proxy/common/ReceiptHandleGroupTest.java,modified,proxy/src/test/java/org/apache/rocketmq/proxy/common/ReceiptHandleGroupTest.java,test,True
feature,apache__rocketmq-6755,apache/rocketmq,Java,proxy/src/test/java/org/apache/rocketmq/proxy/grpc/v2/consumer/ReceiveMessageActivityTest.java,proxy/src/test/java/org/apache/rocketmq/proxy/grpc/v2/consumer/ReceiveMessageActivityTest.java,modified,proxy/src/test/java/org/apache/rocketmq/proxy/grpc/v2/consumer/ReceiveMessageActivityTest.java,test,True
feature,apache__rocketmq-6755,apache/rocketmq,Java,proxy/src/test/java/org/apache/rocketmq/proxy/processor/ConsumerProcessorTest.java,proxy/src/test/java/org/apache/rocketmq/proxy/processor/ConsumerProcessorTest.java,modified,proxy/src/test/java/org/apache/rocketmq/proxy/processor/ConsumerProcessorTest.java,test,True
feature,apache__rocketmq-6755,apache/rocketmq,Java,proxy/src/test/java/org/apache/rocketmq/proxy/processor/ReceiptHandleProcessorTest.java,proxy/src/test/java/org/apache/rocketmq/proxy/processor/ReceiptHandleProcessorTest.java,modified,proxy/src/test/java/org/apache/rocketmq/proxy/processor/ReceiptHandleProcessorTest.java,test,True
feature,apache__rocketmq-7964,apache/rocketmq,Java,broker/src/main/java/org/apache/rocketmq/broker/processor/ConsumerManageProcessor.java,broker/src/main/java/org/apache/rocketmq/broker/processor/ConsumerManageProcessor.java,modified,broker/src/main/java/org/apache/rocketmq/broker/processor/ConsumerManageProcessor.java,code,True
feature,apache__rocketmq-7964,apache/rocketmq,Java,broker/src/test/java/org/apache/rocketmq/broker/processor/ConsumerManageProcessorTest.java,broker/src/test/java/org/apache/rocketmq/broker/processor/ConsumerManageProcessorTest.java,modified,broker/src/test/java/org/apache/rocketmq/broker/processor/ConsumerManageProcessorTest.java,test,True
feature,apache__dubbo-11420,apache/dubbo,Java,dubbo-config/dubbo-config-api/src/main/java/org/apache/dubbo/config/deploy/DefaultApplicationDeployer.java,dubbo-config/dubbo-config-api/src/main/java/org/apache/dubbo/config/deploy/DefaultApplicationDeployer.java,modified,dubbo-config/dubbo-config-api/src/main/java/org/apache/dubbo/config/deploy/DefaultApplicationDeployer.java,code,True
feature,apache__dubbo-11420,apache/dubbo,Java,dubbo-metrics/dubbo-metrics-api/src/main/java/org/apache/dubbo/metrics/collector/stat/MetricsStatHandler.java,dubbo-metrics/dubbo-metrics-api/src/main/java/org/apache/dubbo/metrics/collector/stat/MetricsStatHandler.java,modified,dubbo-metrics/dubbo-metrics-api/src/main/java/org/apache/dubbo/metrics/collector/stat/MetricsStatHandler.java,code,True
feature,apache__dubbo-11420,apache/dubbo,Java,dubbo-metrics/dubbo-metrics-default/src/main/java/org/apache/dubbo/metrics/collector/DefaultMetricsCollector.java,dubbo-metrics/dubbo-metrics-default/src/main/java/org/apache/dubbo/metrics/collector/DefaultMetricsCollector.java,modified,dubbo-metrics/dubbo-metrics-default/src/main/java/org/apache/dubbo/metrics/collector/DefaultMetricsCollector.java,code,True
feature,apache__dubbo-11420,apache/dubbo,Java,dubbo-metrics/dubbo-metrics-default/src/main/java/org/apache/dubbo/metrics/collector/stat/DefaultMetricsStatHandler.java,dubbo-metrics/dubbo-metrics-default/src/main/java/org/apache/dubbo/metrics/collector/stat/DefaultMetricsStatHandler.java,modified,dubbo-metrics/dubbo-metrics-default/src/main/java/org/apache/dubbo/metrics/collector/stat/DefaultMetricsStatHandler.java,code,True
feature,apache__dubbo-11420,apache/dubbo,Java,dubbo-metrics/dubbo-metrics-default/src/main/java/org/apache/dubbo/metrics/collector/stat/MetricsStatComposite.java,dubbo-metrics/dubbo-metrics-default/src/main/java/org/apache/dubbo/metrics/collector/stat/MetricsStatComposite.java,modified,dubbo-metrics/dubbo-metrics-default/src/main/java/org/apache/dubbo/metrics/collector/stat/MetricsStatComposite.java,code,True
feature,apache__dubbo-11420,apache/dubbo,Java,dubbo-metrics/dubbo-metrics-default/src/main/java/org/apache/dubbo/metrics/filter/MetricsCollectExecutor.java,dubbo-metrics/dubbo-metrics-default/src/main/java/org/apache/dubbo/metrics/filter/MetricsCollectExecutor.java,modified,dubbo-metrics/dubbo-metrics-default/src/main/java/org/apache/dubbo/metrics/filter/MetricsCollectExecutor.java,code,True
feature,apache__dubbo-11420,apache/dubbo,Java,dubbo-metrics/dubbo-metrics-default/src/main/java/org/apache/dubbo/metrics/filter/MetricsFilter.java,dubbo-metrics/dubbo-metrics-default/src/main/java/org/apache/dubbo/metrics/filter/MetricsFilter.java,modified,dubbo-metrics/dubbo-metrics-default/src/main/java/org/apache/dubbo/metrics/filter/MetricsFilter.java,code,True
feature,apache__dubbo-11420,apache/dubbo,Java,dubbo-native-plugin/src/main/resources/META-INF/native-image/reflect-config.json,dubbo-native-plugin/src/main/resources/META-INF/native-image/reflect-config.json,modified,dubbo-native-plugin/src/main/resources/META-INF/native-image/reflect-config.json,code,True
feature,apache__dubbo-11420,apache/dubbo,Java,dubbo-metrics/dubbo-metrics-default/src/test/java/org/apache/dubbo/metrics/collector/AggregateMetricsCollectorTest.java,dubbo-metrics/dubbo-metrics-default/src/test/java/org/apache/dubbo/metrics/collector/AggregateMetricsCollectorTest.java,modified,dubbo-metrics/dubbo-metrics-default/src/test/java/org/apache/dubbo/metrics/collector/AggregateMetricsCollectorTest.java,test,True
feature,apache__dubbo-11420,apache/dubbo,Java,dubbo-metrics/dubbo-metrics-default/src/test/java/org/apache/dubbo/metrics/metrics/collector/DefaultMetricsCollectorTest.java,dubbo-metrics/dubbo-metrics-default/src/test/java/org/apache/dubbo/metrics/metrics/collector/DefaultMetricsCollectorTest.java,modified,dubbo-metrics/dubbo-metrics-default/src/test/java/org/apache/dubbo/metrics/metrics/collector/DefaultMetricsCollectorTest.java,test,True
feature,apache__rocketmq-5286,apache/rocketmq,Java,broker/src/main/java/org/apache/rocketmq/broker/BrokerStartup.java,broker/src/main/java/org/apache/rocketmq/broker/BrokerStartup.java,modified,broker/src/main/java/org/apache/rocketmq/broker/BrokerStartup.java,code,True
feature,apache__rocketmq-5286,apache/rocketmq,Java,container/src/main/java/org/apache/rocketmq/container/BrokerContainerStartup.java,container/src/main/java/org/apache/rocketmq/container/BrokerContainerStartup.java,modified,container/src/main/java/org/apache/rocketmq/container/BrokerContainerStartup.java,code,True
feature,apache__rocketmq-5286,apache/rocketmq,Java,remoting/src/main/java/org/apache/rocketmq/remoting/netty/NettyClientConfig.java,remoting/src/main/java/org/apache/rocketmq/remoting/netty/NettyClientConfig.java,modified,remoting/src/main/java/org/apache/rocketmq/remoting/netty/NettyClientConfig.java,code,True
feature,apache__rocketmq-5286,apache/rocketmq,Java,remoting/src/test/java/org/apache/rocketmq/remoting/netty/NettyClientConfigTest.java,remoting/src/test/java/org/apache/rocketmq/remoting/netty/NettyClientConfigTest.java,modified,remoting/src/test/java/org/apache/rocketmq/remoting/netty/NettyClientConfigTest.java,test,True
feature,apache__rocketmq-5706,apache/rocketmq,Java,controller/src/main/java/org/apache/rocketmq/controller/impl/DLedgerController.java,controller/src/main/java/org/apache/rocketmq/controller/impl/DLedgerController.java,modified,controller/src/main/java/org/apache/rocketmq/controller/impl/DLedgerController.java,code,True
feature,apache__rocketmq-5706,apache/rocketmq,Java,controller/src/main/java/org/apache/rocketmq/controller/impl/statemachine/DLedgerControllerStateMachine.java,controller/src/main/java/org/apache/rocketmq/controller/impl/statemachine/DLedgerControllerStateMachine.java,modified,controller/src/main/java/org/apache/rocketmq/controller/impl/statemachine/DLedgerControllerStateMachine.java,code,True
feature,apache__rocketmq-5706,apache/rocketmq,Java,controller/src/main/java/org/apache/rocketmq/controller/impl/statemachine/StatemachineSnapshotFileGenerator.java,controller/src/main/java/org/apache/rocketmq/controller/impl/statemachine/StatemachineSnapshotFileGenerator.java,modified,controller/src/main/java/org/apache/rocketmq/controller/impl/statemachine/StatemachineSnapshotFileGenerator.java,code,True
feature,apache__rocketmq-5706,apache/rocketmq,Java,controller/src/test/java/org/apache/rocketmq/controller/impl/controller/ControllerManagerTest.java,controller/src/test/java/org/apache/rocketmq/controller/impl/controller/ControllerManagerTest.java,modified,controller/src/test/java/org/apache/rocketmq/controller/impl/controller/ControllerManagerTest.java,test,True
feature,apache__rocketmq-5706,apache/rocketmq,Java,controller/src/test/java/org/apache/rocketmq/controller/impl/controller/impl/DLedgerControllerTest.java,controller/src/test/java/org/apache/rocketmq/controller/impl/controller/impl/DLedgerControllerTest.java,modified,controller/src/test/java/org/apache/rocketmq/controller/impl/controller/impl/DLedgerControllerTest.java,test,True
feature,apache__dubbo-13869,apache/dubbo,Java,dubbo-plugin/dubbo-qos/src/main/java/org/apache/dubbo/qos/command/impl/ChangeTelnet.java,dubbo-plugin/dubbo-qos/src/main/java/org/apache/dubbo/qos/command/impl/ChangeTelnet.java,modified,dubbo-plugin/dubbo-qos/src/main/java/org/apache/dubbo/qos/command/impl/ChangeTelnet.java,code,True
feature,apache__dubbo-13869,apache/dubbo,Java,dubbo-plugin/dubbo-qos/src/main/java/org/apache/dubbo/qos/command/impl/CountTelnet.java,dubbo-plugin/dubbo-qos/src/main/java/org/apache/dubbo/qos/command/impl/CountTelnet.java,modified,dubbo-plugin/dubbo-qos/src/main/java/org/apache/dubbo/qos/command/impl/CountTelnet.java,code,True
feature,apache__dubbo-13869,apache/dubbo,Java,dubbo-plugin/dubbo-qos/src/test/java/org/apache/dubbo/qos/command/impl/ChangeTelnetTest.java,dubbo-plugin/dubbo-qos/src/test/java/org/apache/dubbo/qos/command/impl/ChangeTelnetTest.java,modified,dubbo-plugin/dubbo-qos/src/test/java/org/apache/dubbo/qos/command/impl/ChangeTelnetTest.java,test,True
feature,apache__dubbo-13869,apache/dubbo,Java,dubbo-plugin/dubbo-qos/src/test/java/org/apache/dubbo/qos/command/impl/CountTelnetTest.java,dubbo-plugin/dubbo-qos/src/test/java/org/apache/dubbo/qos/command/impl/CountTelnetTest.java,modified,dubbo-plugin/dubbo-qos/src/test/java/org/apache/dubbo/qos/command/impl/CountTelnetTest.java,test,True
feature,apache__dubbo-11255,apache/dubbo,Java,dubbo-metrics/dubbo-metrics-api/src/main/java/org/apache/dubbo/metrics/AbstractMetricsReporter.java,dubbo-metrics/dubbo-metrics-api/src/main/java/org/apache/dubbo/metrics/AbstractMetricsReporter.java,modified,dubbo-metrics/dubbo-metrics-api/src/main/java/org/apache/dubbo/metrics/AbstractMetricsReporter.java,code,True
feature,apache__dubbo-11255,apache/dubbo,Java,dubbo-metrics/dubbo-metrics-prometheus/src/test/java/org/apache/dubbo/metrics/prometheus/PrometheusMetricsReporterTest.java,dubbo-metrics/dubbo-metrics-prometheus/src/test/java/org/apache/dubbo/metrics/prometheus/PrometheusMetricsReporterTest.java,modified,dubbo-metrics/dubbo-metrics-prometheus/src/test/java/org/apache/dubbo/metrics/prometheus/PrometheusMetricsReporterTest.java,test,True
feature,apache__rocketmq-5062,apache/rocketmq,Java,broker/src/main/java/org/apache/rocketmq/broker/failover/EscapeBridge.java,broker/src/main/java/org/apache/rocketmq/broker/failover/EscapeBridge.java,modified,broker/src/main/java/org/apache/rocketmq/broker/failover/EscapeBridge.java,code,True
feature,apache__rocketmq-5062,apache/rocketmq,Java,broker/src/main/java/org/apache/rocketmq/broker/transaction/queue/TransactionalMessageBridge.java,broker/src/main/java/org/apache/rocketmq/broker/transaction/queue/TransactionalMessageBridge.java,modified,broker/src/main/java/org/apache/rocketmq/broker/transaction/queue/TransactionalMessageBridge.java,code,True
feature,apache__rocketmq-5062,apache/rocketmq,Java,broker/src/main/java/org/apache/rocketmq/broker/transaction/queue/TransactionalMessageServiceImpl.java,broker/src/main/java/org/apache/rocketmq/broker/transaction/queue/TransactionalMessageServiceImpl.java,modified,broker/src/main/java/org/apache/rocketmq/broker/transaction/queue/TransactionalMessageServiceImpl.java,code,True
feature,apache__rocketmq-5062,apache/rocketmq,Java,broker/src/main/java/org/apache/rocketmq/broker/transaction/queue/TransactionalMessageUtil.java,broker/src/main/java/org/apache/rocketmq/broker/transaction/queue/TransactionalMessageUtil.java,modified,broker/src/main/java/org/apache/rocketmq/broker/transaction/queue/TransactionalMessageUtil.java,code,True
feature,apache__rocketmq-5062,apache/rocketmq,Java,broker/src/test/java/org/apache/rocketmq/broker/transaction/queue/TransactionalMessageServiceImplTest.java,broker/src/test/java/org/apache/rocketmq/broker/transaction/queue/TransactionalMessageServiceImplTest.java,modified,broker/src/test/java/org/apache/rocketmq/broker/transaction/queue/TransactionalMessageServiceImplTest.java,test,True
feature,apache__rocketmq-5062,apache/rocketmq,Java,/dev/null,broker/src/test/java/org/apache/rocketmq/broker/transaction/queue/TransactionalMessageUtilTest.java,added,broker/src/test/java/org/apache/rocketmq/broker/transaction/queue/TransactionalMessageUtilTest.java,test,False
feature,apache__rocketmq-5062,apache/rocketmq,Java,test/src/test/java/org/apache/rocketmq/test/container/ContainerIntegrationTestBase.java,test/src/test/java/org/apache/rocketmq/test/container/ContainerIntegrationTestBase.java,modified,test/src/test/java/org/apache/rocketmq/test/container/ContainerIntegrationTestBase.java,test,True
feature,apache__rocketmq-5062,apache/rocketmq,Java,/dev/null,test/src/test/java/org/apache/rocketmq/test/container/TransactionListenerImpl.java,added,test/src/test/java/org/apache/rocketmq/test/container/TransactionListenerImpl.java,test,False
feature,apache__rocketmq-5062,apache/rocketmq,Java,/dev/null,test/src/test/java/org/apache/rocketmq/test/container/TransactionMessageIT.java,added,test/src/test/java/org/apache/rocketmq/test/container/TransactionMessageIT.java,test,False
feature,apache__dubbo-8032,apache/dubbo,Java,dubbo-common/src/main/java/org/apache/dubbo/config/AbstractInterfaceConfig.java,dubbo-common/src/main/java/org/apache/dubbo/config/AbstractInterfaceConfig.java,modified,dubbo-common/src/main/java/org/apache/dubbo/config/AbstractInterfaceConfig.java,code,True
feature,apache__dubbo-8032,apache/dubbo,Java,dubbo-config/dubbo-config-api/src/main/java/org/apache/dubbo/config/ServiceConfig.java,dubbo-config/dubbo-config-api/src/main/java/org/apache/dubbo/config/ServiceConfig.java,modified,dubbo-config/dubbo-config-api/src/main/java/org/apache/dubbo/config/ServiceConfig.java,code,True
feature,apache__dubbo-8032,apache/dubbo,Java,dubbo-config/dubbo-config-api/src/main/java/org/apache/dubbo/config/bootstrap/DubboBootstrap.java,dubbo-config/dubbo-config-api/src/main/java/org/apache/dubbo/config/bootstrap/DubboBootstrap.java,modified,dubbo-config/dubbo-config-api/src/main/java/org/apache/dubbo/config/bootstrap/DubboBootstrap.java,code,True
feature,apache__dubbo-8032,apache/dubbo,Java,dubbo-config/dubbo-config-api/src/test/java/org/apache/dubbo/config/ServiceConfigTest.java,dubbo-config/dubbo-config-api/src/test/java/org/apache/dubbo/config/ServiceConfigTest.java,modified,dubbo-config/dubbo-config-api/src/test/java/org/apache/dubbo/config/ServiceConfigTest.java,test,True
feature,apache__dubbo-2750,apache/dubbo,Java,dubbo-config/dubbo-config-api/src/main/java/com/alibaba/dubbo/config/ServiceConfig.java,dubbo-config/dubbo-config-api/src/main/java/com/alibaba/dubbo/config/ServiceConfig.java,modified,dubbo-config/dubbo-config-api/src/main/java/com/alibaba/dubbo/config/ServiceConfig.java,code,True
feature,apache__dubbo-2750,apache/dubbo,Java,dubbo-config/dubbo-config-api/src/test/java/com/alibaba/dubbo/config/ServiceConfigTest.java,dubbo-config/dubbo-config-api/src/test/java/com/alibaba/dubbo/config/ServiceConfigTest.java,modified,dubbo-config/dubbo-config-api/src/test/java/com/alibaba/dubbo/config/ServiceConfigTest.java,test,True
feature,apache__rocketmq-6522,apache/rocketmq,Java,broker/src/main/java/org/apache/rocketmq/broker/processor/DefaultPullMessageResultHandler.java,broker/src/main/java/org/apache/rocketmq/broker/processor/DefaultPullMessageResultHandler.java,modified,broker/src/main/java/org/apache/rocketmq/broker/processor/DefaultPullMessageResultHandler.java,code,True
feature,apache__rocketmq-6522,apache/rocketmq,Java,broker/src/main/java/org/apache/rocketmq/broker/processor/PeekMessageProcessor.java,broker/src/main/java/org/apache/rocketmq/broker/processor/PeekMessageProcessor.java,modified,broker/src/main/java/org/apache/rocketmq/broker/processor/PeekMessageProcessor.java,code,True
feature,apache__rocketmq-6522,apache/rocketmq,Java,broker/src/main/java/org/apache/rocketmq/broker/processor/PopMessageProcessor.java,broker/src/main/java/org/apache/rocketmq/broker/processor/PopMessageProcessor.java,modified,broker/src/main/java/org/apache/rocketmq/broker/processor/PopMessageProcessor.java,code,True
feature,apache__rocketmq-6522,apache/rocketmq,Java,broker/src/main/java/org/apache/rocketmq/broker/processor/QueryMessageProcessor.java,broker/src/main/java/org/apache/rocketmq/broker/processor/QueryMessageProcessor.java,modified,broker/src/main/java/org/apache/rocketmq/broker/processor/QueryMessageProcessor.java,code,True
feature,apache__rocketmq-6522,apache/rocketmq,Java,proxy/src/main/java/org/apache/rocketmq/proxy/common/ContextVariable.java,proxy/src/main/java/org/apache/rocketmq/proxy/common/ContextVariable.java,modified,proxy/src/main/java/org/apache/rocketmq/proxy/common/ContextVariable.java,code,True
feature,apache__rocketmq-6522,apache/rocketmq,Java,proxy/src/main/java/org/apache/rocketmq/proxy/common/ProxyContext.java,proxy/src/main/java/org/apache/rocketmq/proxy/common/ProxyContext.java,modified,proxy/src/main/java/org/apache/rocketmq/proxy/common/ProxyContext.java,code,True
feature,apache__rocketmq-6522,apache/rocketmq,Java,proxy/src/main/java/org/apache/rocketmq/proxy/grpc/interceptor/AuthenticationInterceptor.java,proxy/src/main/java/org/apache/rocketmq/proxy/grpc/interceptor/AuthenticationInterceptor.java,modified,proxy/src/main/java/org/apache/rocketmq/proxy/grpc/interceptor/AuthenticationInterceptor.java,code,True
feature,apache__rocketmq-6522,apache/rocketmq,Java,proxy/src/main/java/org/apache/rocketmq/proxy/grpc/interceptor/InterceptorConstants.java,proxy/src/main/java/org/apache/rocketmq/proxy/grpc/interceptor/InterceptorConstants.java,modified,proxy/src/main/java/org/apache/rocketmq/proxy/grpc/interceptor/InterceptorConstants.java,code,True
feature,apache__rocketmq-6522,apache/rocketmq,Java,proxy/src/main/java/org/apache/rocketmq/proxy/grpc/v2/GrpcMessagingApplication.java,proxy/src/main/java/org/apache/rocketmq/proxy/grpc/v2/GrpcMessagingApplication.java,modified,proxy/src/main/java/org/apache/rocketmq/proxy/grpc/v2/GrpcMessagingApplication.java,code,True
feature,apache__rocketmq-6522,apache/rocketmq,Java,proxy/src/main/java/org/apache/rocketmq/proxy/processor/ReceiptHandleProcessor.java,proxy/src/main/java/org/apache/rocketmq/proxy/processor/ReceiptHandleProcessor.java,modified,proxy/src/main/java/org/apache/rocketmq/proxy/processor/ReceiptHandleProcessor.java,code,True
feature,apache__rocketmq-6522,apache/rocketmq,Java,proxy/src/main/java/org/apache/rocketmq/proxy/remoting/activity/AbstractRemotingActivity.java,proxy/src/main/java/org/apache/rocketmq/proxy/remoting/activity/AbstractRemotingActivity.java,modified,proxy/src/main/java/org/apache/rocketmq/proxy/remoting/activity/AbstractRemotingActivity.java,code,True
feature,apache__rocketmq-6522,apache/rocketmq,Java,proxy/src/main/java/org/apache/rocketmq/proxy/remoting/activity/ClientManagerActivity.java,proxy/src/main/java/org/apache/rocketmq/proxy/remoting/activity/ClientManagerActivity.java,modified,proxy/src/main/java/org/apache/rocketmq/proxy/remoting/activity/ClientManagerActivity.java,code,True
feature,apache__rocketmq-6522,apache/rocketmq,Java,remoting/src/main/java/org/apache/rocketmq/remoting/common/RemotingHelper.java,remoting/src/main/java/org/apache/rocketmq/remoting/common/RemotingHelper.java,modified,remoting/src/main/java/org/apache/rocketmq/remoting/common/RemotingHelper.java,code,True
feature,apache__rocketmq-6522,apache/rocketmq,Java,remoting/src/main/java/org/apache/rocketmq/remoting/metrics/RemotingMetricsConstant.java,remoting/src/main/java/org/apache/rocketmq/remoting/metrics/RemotingMetricsConstant.java,modified,remoting/src/main/java/org/apache/rocketmq/remoting/metrics/RemotingMetricsConstant.java,code,True
feature,apache__rocketmq-6522,apache/rocketmq,Java,remoting/src/main/java/org/apache/rocketmq/remoting/metrics/RemotingMetricsManager.java,remoting/src/main/java/org/apache/rocketmq/remoting/metrics/RemotingMetricsManager.java,modified,remoting/src/main/java/org/apache/rocketmq/remoting/metrics/RemotingMetricsManager.java,code,True
feature,apache__rocketmq-6522,apache/rocketmq,Java,remoting/src/main/java/org/apache/rocketmq/remoting/netty/NettyRemotingAbstract.java,remoting/src/main/java/org/apache/rocketmq/remoting/netty/NettyRemotingAbstract.java,modified,remoting/src/main/java/org/apache/rocketmq/remoting/netty/NettyRemotingAbstract.java,code,True
feature,apache__rocketmq-6522,apache/rocketmq,Java,remoting/src/main/java/org/apache/rocketmq/remoting/protocol/RequestCode.java,remoting/src/main/java/org/apache/rocketmq/remoting/protocol/RequestCode.java,modified,remoting/src/main/java/org/apache/rocketmq/remoting/protocol/RequestCode.java,code,True
feature,apache__rocketmq-6522,apache/rocketmq,Java,proxy/src/test/java/org/apache/rocketmq/proxy/remoting/activity/AbstractRemotingActivityTest.java,proxy/src/test/java/org/apache/rocketmq/proxy/remoting/activity/AbstractRemotingActivityTest.java,modified,proxy/src/test/java/org/apache/rocketmq/proxy/remoting/activity/AbstractRemotingActivityTest.java,test,True
feature,apolloconfig__apollo-4199,apolloconfig/apollo,Java,CHANGES.md,CHANGES.md,modified,CHANGES.md,code,True
feature,apolloconfig__apollo-4199,apolloconfig/apollo,Java,apollo-client/src/main/java/com/ctrip/framework/apollo/spi/DefaultConfigFactory.java,apollo-client/src/main/java/com/ctrip/framework/apollo/spi/DefaultConfigFactory.java,modified,apollo-client/src/main/java/com/ctrip/framework/apollo/spi/DefaultConfigFactory.java,code,True
feature,apolloconfig__apollo-4199,apolloconfig/apollo,Java,apollo-client/src/main/java/com/ctrip/framework/apollo/util/ConfigUtil.java,apollo-client/src/main/java/com/ctrip/framework/apollo/util/ConfigUtil.java,modified,apollo-client/src/main/java/com/ctrip/framework/apollo/util/ConfigUtil.java,code,True
feature,apolloconfig__apollo-4199,apolloconfig/apollo,Java,apollo-core/src/main/java/com/ctrip/framework/apollo/core/ApolloClientSystemConsts.java,apollo-core/src/main/java/com/ctrip/framework/apollo/core/ApolloClientSystemConsts.java,modified,apollo-core/src/main/java/com/ctrip/framework/apollo/core/ApolloClientSystemConsts.java,code,True
feature,apolloconfig__apollo-4199,apolloconfig/apollo,Java,/dev/null,apollo-client/src/test/java/com/ctrip/framework/apollo/spi/DefaultConfigFactoryFileCachePropertyTest.java,added,apollo-client/src/test/java/com/ctrip/framework/apollo/spi/DefaultConfigFactoryFileCachePropertyTest.java,test,False
feature,apolloconfig__apollo-4199,apolloconfig/apollo,Java,apollo-client/src/test/java/com/ctrip/framework/apollo/spi/DefaultConfigFactoryTest.java,apollo-client/src/test/java/com/ctrip/framework/apollo/spi/DefaultConfigFactoryTest.java,modified,apollo-client/src/test/java/com/ctrip/framework/apollo/spi/DefaultConfigFactoryTest.java,test,True
feature,apache__rocketmq-4122,apache/rocketmq,Java,store/src/main/java/org/apache/rocketmq/store/config/MessageStoreConfig.java,store/src/main/java/org/apache/rocketmq/store/config/MessageStoreConfig.java,modified,store/src/main/java/org/apache/rocketmq/store/config/MessageStoreConfig.java,code,True
feature,apache__rocketmq-4122,apache/rocketmq,Java,store/src/main/java/org/apache/rocketmq/store/dledger/DLedgerCommitLog.java,store/src/main/java/org/apache/rocketmq/store/dledger/DLedgerCommitLog.java,modified,store/src/main/java/org/apache/rocketmq/store/dledger/DLedgerCommitLog.java,code,True
feature,apache__rocketmq-4122,apache/rocketmq,Java,/dev/null,store/src/test/java/org/apache/rocketmq/store/dledger/DLedgerMultiPathTest.java,added,store/src/test/java/org/apache/rocketmq/store/dledger/DLedgerMultiPathTest.java,test,False
feature,apache__rocketmq-3862,apache/rocketmq,Java,store/src/main/java/org/apache/rocketmq/store/StoreStatsService.java,store/src/main/java/org/apache/rocketmq/store/StoreStatsService.java,modified,store/src/main/java/org/apache/rocketmq/store/StoreStatsService.java,code,True
feature,apache__rocketmq-3862,apache/rocketmq,Java,store/src/test/java/org/apache/rocketmq/store/StoreStatsServiceTest.java,store/src/test/java/org/apache/rocketmq/store/StoreStatsServiceTest.java,modified,store/src/test/java/org/apache/rocketmq/store/StoreStatsServiceTest.java,test,True
feature,apache__rocketmq-7544,apache/rocketmq,Java,acl/src/main/java/org/apache/rocketmq/acl/plain/PlainAccessResource.java,acl/src/main/java/org/apache/rocketmq/acl/plain/PlainAccessResource.java,modified,acl/src/main/java/org/apache/rocketmq/acl/plain/PlainAccessResource.java,code,True
feature,apache__rocketmq-7544,apache/rocketmq,Java,broker/src/main/java/org/apache/rocketmq/broker/filter/ExpressionForRetryMessageFilter.java,broker/src/main/java/org/apache/rocketmq/broker/filter/ExpressionForRetryMessageFilter.java,modified,broker/src/main/java/org/apache/rocketmq/broker/filter/ExpressionForRetryMessageFilter.java,code,True
feature,apache__rocketmq-7544,apache/rocketmq,Java,broker/src/main/java/org/apache/rocketmq/broker/longpolling/NotifyMessageArrivingListener.java,broker/src/main/java/org/apache/rocketmq/broker/longpolling/NotifyMessageArrivingListener.java,modified,broker/src/main/java/org/apache/rocketmq/broker/longpolling/NotifyMessageArrivingListener.java,code,True
feature,apache__rocketmq-7544,apache/rocketmq,Java,broker/src/main/java/org/apache/rocketmq/broker/longpolling/PopLongPollingService.java,broker/src/main/java/org/apache/rocketmq/broker/longpolling/PopLongPollingService.java,modified,broker/src/main/java/org/apache/rocketmq/broker/longpolling/PopLongPollingService.java,code,True
feature,apache__rocketmq-7544,apache/rocketmq,Java,broker/src/main/java/org/apache/rocketmq/broker/metrics/ConsumerLagCalculator.java,broker/src/main/java/org/apache/rocketmq/broker/metrics/ConsumerLagCalculator.java,modified,broker/src/main/java/org/apache/rocketmq/broker/metrics/ConsumerLagCalculator.java,code,True
feature,apache__rocketmq-7544,apache/rocketmq,Java,broker/src/main/java/org/apache/rocketmq/broker/processor/AdminBrokerProcessor.java,broker/src/main/java/org/apache/rocketmq/broker/processor/AdminBrokerProcessor.java,modified,broker/src/main/java/org/apache/rocketmq/broker/processor/AdminBrokerProcessor.java,code,True
feature,apache__rocketmq-7544,apache/rocketmq,Java,broker/src/main/java/org/apache/rocketmq/broker/processor/NotificationProcessor.java,broker/src/main/java/org/apache/rocketmq/broker/processor/NotificationProcessor.java,modified,broker/src/main/java/org/apache/rocketmq/broker/processor/NotificationProcessor.java,code,True
feature,apache__rocketmq-7544,apache/rocketmq,Java,broker/src/main/java/org/apache/rocketmq/broker/processor/PopMessageProcessor.java,broker/src/main/java/org/apache/rocketmq/broker/processor/PopMessageProcessor.java,modified,broker/src/main/java/org/apache/rocketmq/broker/processor/PopMessageProcessor.java,code,True
feature,apache__rocketmq-7544,apache/rocketmq,Java,broker/src/main/java/org/apache/rocketmq/broker/processor/PopReviveService.java,broker/src/main/java/org/apache/rocketmq/broker/processor/PopReviveService.java,modified,broker/src/main/java/org/apache/rocketmq/broker/processor/PopReviveService.java,code,True
feature,apache__rocketmq-7544,apache/rocketmq,Java,broker/src/main/java/org/apache/rocketmq/broker/processor/SendMessageProcessor.java,broker/src/main/java/org/apache/rocketmq/broker/processor/SendMessageProcessor.java,modified,broker/src/main/java/org/apache/rocketmq/broker/processor/SendMessageProcessor.java,code,True
feature,apache__rocketmq-7544,apache/rocketmq,Java,common/src/main/java/org/apache/rocketmq/common/BrokerConfig.java,common/src/main/java/org/apache/rocketmq/common/BrokerConfig.java,modified,common/src/main/java/org/apache/rocketmq/common/BrokerConfig.java,code,True
feature,apache__rocketmq-7544,apache/rocketmq,Java,common/src/main/java/org/apache/rocketmq/common/KeyBuilder.java,common/src/main/java/org/apache/rocketmq/common/KeyBuilder.java,modified,common/src/main/java/org/apache/rocketmq/common/KeyBuilder.java,code,True
feature,apache__rocketmq-7544,apache/rocketmq,Java,tools/src/main/java/org/apache/rocketmq/tools/command/consumer/ConsumerProgressSubCommand.java,tools/src/main/java/org/apache/rocketmq/tools/command/consumer/ConsumerProgressSubCommand.java,modified,tools/src/main/java/org/apache/rocketmq/tools/command/consumer/ConsumerProgressSubCommand.java,code,True
feature,apache__rocketmq-7544,apache/rocketmq,Java,tools/src/main/java/org/apache/rocketmq/tools/monitor/MonitorService.java,tools/src/main/java/org/apache/rocketmq/tools/monitor/MonitorService.java,modified,tools/src/main/java/org/apache/rocketmq/tools/monitor/MonitorService.java,code,True
feature,apache__rocketmq-7544,apache/rocketmq,Java,/dev/null,common/src/test/java/org/apache/rocketmq/common/KeyBuilderTest.java,added,common/src/test/java/org/apache/rocketmq/common/KeyBuilderTest.java,test,False
feature,apolloconfig__apollo-4119,apolloconfig/apollo,Java,/dev/null,apollo-adminservice/src/main/resources/application-zookeeper-discovery.properties,added,apollo-adminservice/src/main/resources/application-zookeeper-discovery.properties,code,False
feature,apolloconfig__apollo-4119,apolloconfig/apollo,Java,apollo-adminservice/src/main/resources/application.yml,apollo-adminservice/src/main/resources/application.yml,modified,apollo-adminservice/src/main/resources/application.yml,code,True
feature,apolloconfig__apollo-4119,apolloconfig/apollo,Java,apollo-assembly/src/main/resources/application.yml,apollo-assembly/src/main/resources/application.yml,modified,apollo-assembly/src/main/resources/application.yml,code,True
feature,apolloconfig__apollo-4119,apolloconfig/apollo,Java,apollo-biz/pom.xml,apollo-biz/pom.xml,modified,apollo-biz/pom.xml,code,True
feature,apolloconfig__apollo-4119,apolloconfig/apollo,Java,apollo-configservice/src/main/java/com/ctrip/framework/apollo/metaservice/controller/HomePageController.java,apollo-configservice/src/main/java/com/ctrip/framework/apollo/metaservice/controller/HomePageController.java,modified,apollo-configservice/src/main/java/com/ctrip/framework/apollo/metaservice/controller/HomePageController.java,code,True
feature,apolloconfig__apollo-4119,apolloconfig/apollo,Java,apollo-configservice/src/main/java/com/ctrip/framework/apollo/metaservice/service/DefaultDiscoveryService.java,apollo-configservice/src/main/java/com/ctrip/framework/apollo/metaservice/service/DefaultDiscoveryService.java,modified,apollo-configservice/src/main/java/com/ctrip/framework/apollo/metaservice/service/DefaultDiscoveryService.java,code,True
feature,apolloconfig__apollo-4119,apolloconfig/apollo,Java,apollo-configservice/src/main/java/com/ctrip/framework/apollo/metaservice/service/ConsulDiscoveryService.java,apollo-configservice/src/main/java/com/ctrip/framework/apollo/metaservice/service/SpringCloudInnerDiscoveryService.java,renamed,apollo-configservice/src/main/java/com/ctrip/framework/apollo/metaservice/service/ConsulDiscoveryService.java,code,True
feature,apolloconfig__apollo-4119,apolloconfig/apollo,Java,/dev/null,apollo-configservice/src/main/resources/application-zookeeper-discovery.properties,added,apollo-configservice/src/main/resources/application-zookeeper-discovery.properties,code,False
feature,apolloconfig__apollo-4119,apolloconfig/apollo,Java,apollo-configservice/src/main/resources/application.yml,apollo-configservice/src/main/resources/application.yml,modified,apollo-configservice/src/main/resources/application.yml,code,True
feature,apolloconfig__apollo-4119,apolloconfig/apollo,Java,docs/zh/deployment/distributed-deployment-guide.md,docs/zh/deployment/distributed-deployment-guide.md,modified,docs/zh/deployment/distributed-deployment-guide.md,code,True
feature,apolloconfig__apollo-4119,apolloconfig/apollo,Java,apollo-adminservice/src/test/resources/application.properties,apollo-adminservice/src/test/resources/application.properties,modified,apollo-adminservice/src/test/resources/application.properties,test,True
feature,apolloconfig__apollo-4119,apolloconfig/apollo,Java,apollo-biz/src/test/resources/application.properties,apollo-biz/src/test/resources/application.properties,modified,apollo-biz/src/test/resources/application.properties,test,True
feature,apolloconfig__apollo-4119,apolloconfig/apollo,Java,apollo-configservice/src/test/java/com/ctrip/framework/apollo/metaservice/service/ConsulDiscoveryServiceTest.java,apollo-configservice/src/test/java/com/ctrip/framework/apollo/metaservice/service/ConsulDiscoveryServiceTest.java,modified,apollo-configservice/src/test/java/com/ctrip/framework/apollo/metaservice/service/ConsulDiscoveryServiceTest.java,test,True
feature,apolloconfig__apollo-4119,apolloconfig/apollo,Java,/dev/null,apollo-configservice/src/test/java/com/ctrip/framework/apollo/metaservice/service/ZookeeperDiscoveryServiceTest.java,added,apollo-configservice/src/test/java/com/ctrip/framework/apollo/metaservice/service/ZookeeperDiscoveryServiceTest.java,test,False
feature,apolloconfig__apollo-4119,apolloconfig/apollo,Java,apollo-configservice/src/test/resources/application.properties,apollo-configservice/src/test/resources/application.properties,modified,apollo-configservice/src/test/resources/application.properties,test,True
feature,trinodb__trino-741,trinodb/trino,Java,presto-hive/src/main/java/io/prestosql/plugin/hive/metastore/glue/GlueHiveMetastore.java,presto-hive/src/main/java/io/prestosql/plugin/hive/metastore/glue/GlueHiveMetastore.java,modified,presto-hive/src/main/java/io/prestosql/plugin/hive/metastore/glue/GlueHiveMetastore.java,code,True
feature,trinodb__trino-741,trinodb/trino,Java,presto-hive/src/main/java/io/prestosql/plugin/hive/s3/PrestoS3ClientFactory.java,presto-hive/src/main/java/io/prestosql/plugin/hive/s3/PrestoS3ClientFactory.java,modified,presto-hive/src/main/java/io/prestosql/plugin/hive/s3/PrestoS3ClientFactory.java,code,True
feature,trinodb__trino-741,trinodb/trino,Java,presto-hive/src/main/java/io/prestosql/plugin/hive/s3/PrestoS3FileSystem.java,presto-hive/src/main/java/io/prestosql/plugin/hive/s3/PrestoS3FileSystem.java,modified,presto-hive/src/main/java/io/prestosql/plugin/hive/s3/PrestoS3FileSystem.java,code,True
feature,trinodb__trino-741,trinodb/trino,Java,presto-hive/src/test/java/io/prestosql/plugin/hive/s3/TestPrestoS3FileSystem.java,presto-hive/src/test/java/io/prestosql/plugin/hive/s3/TestPrestoS3FileSystem.java,modified,presto-hive/src/test/java/io/prestosql/plugin/hive/s3/TestPrestoS3FileSystem.java,test,True
feature,trinodb__trino-1872,trinodb/trino,Java,presto-main/src/main/java/io/prestosql/SystemSessionProperties.java,presto-main/src/main/java/io/prestosql/SystemSessionProperties.java,modified,presto-main/src/main/java/io/prestosql/SystemSessionProperties.java,code,True
feature,trinodb__trino-1872,trinodb/trino,Java,presto-main/src/main/java/io/prestosql/sql/analyzer/FeaturesConfig.java,presto-main/src/main/java/io/prestosql/sql/analyzer/FeaturesConfig.java,modified,presto-main/src/main/java/io/prestosql/sql/analyzer/FeaturesConfig.java,code,True
feature,trinodb__trino-1872,trinodb/trino,Java,presto-main/src/main/java/io/prestosql/sql/planner/optimizations/AddExchanges.java,presto-main/src/main/java/io/prestosql/sql/planner/optimizations/AddExchanges.java,modified,presto-main/src/main/java/io/prestosql/sql/planner/optimizations/AddExchanges.java,code,True
feature,trinodb__trino-1872,trinodb/trino,Java,presto-main/src/test/java/io/prestosql/sql/analyzer/TestFeaturesConfig.java,presto-main/src/test/java/io/prestosql/sql/analyzer/TestFeaturesConfig.java,modified,presto-main/src/test/java/io/prestosql/sql/analyzer/TestFeaturesConfig.java,test,True
feature,trinodb__trino-1872,trinodb/trino,Java,presto-main/src/test/java/io/prestosql/sql/planner/assertions/ExchangeMatcher.java,presto-main/src/test/java/io/prestosql/sql/planner/assertions/ExchangeMatcher.java,modified,presto-main/src/test/java/io/prestosql/sql/planner/assertions/ExchangeMatcher.java,test,True
feature,trinodb__trino-1872,trinodb/trino,Java,presto-main/src/test/java/io/prestosql/sql/planner/assertions/PlanMatchPattern.java,presto-main/src/test/java/io/prestosql/sql/planner/assertions/PlanMatchPattern.java,modified,presto-main/src/test/java/io/prestosql/sql/planner/assertions/PlanMatchPattern.java,test,True
feature,trinodb__trino-1872,trinodb/trino,Java,presto-main/src/test/java/io/prestosql/sql/planner/optimizations/TestAddExchangesPlans.java,presto-main/src/test/java/io/prestosql/sql/planner/optimizations/TestAddExchangesPlans.java,modified,presto-main/src/test/java/io/prestosql/sql/planner/optimizations/TestAddExchangesPlans.java,test,True
feature,trinodb__trino-1872,trinodb/trino,Java,presto-testing/src/main/java/io/prestosql/testing/AbstractTestQueries.java,presto-testing/src/main/java/io/prestosql/testing/AbstractTestQueries.java,modified,presto-testing/src/main/java/io/prestosql/testing/AbstractTestQueries.java,test,True
feature,trinodb__trino-1174,trinodb/trino,Java,presto-base-jdbc/src/main/java/io/prestosql/plugin/jdbc/BaseJdbcClient.java,presto-base-jdbc/src/main/java/io/prestosql/plugin/jdbc/BaseJdbcClient.java,modified,presto-base-jdbc/src/main/java/io/prestosql/plugin/jdbc/BaseJdbcClient.java,code,True
feature,trinodb__trino-1174,trinodb/trino,Java,presto-base-jdbc/src/main/java/io/prestosql/plugin/jdbc/ColumnMapping.java,presto-base-jdbc/src/main/java/io/prestosql/plugin/jdbc/ColumnMapping.java,modified,presto-base-jdbc/src/main/java/io/prestosql/plugin/jdbc/ColumnMapping.java,code,True
feature,trinodb__trino-1174,trinodb/trino,Java,presto-base-jdbc/src/main/java/io/prestosql/plugin/jdbc/ForwardingJdbcClient.java,presto-base-jdbc/src/main/java/io/prestosql/plugin/jdbc/ForwardingJdbcClient.java,modified,presto-base-jdbc/src/main/java/io/prestosql/plugin/jdbc/ForwardingJdbcClient.java,code,True
feature,trinodb__trino-1174,trinodb/trino,Java,presto-base-jdbc/src/main/java/io/prestosql/plugin/jdbc/JdbcClient.java,presto-base-jdbc/src/main/java/io/prestosql/plugin/jdbc/JdbcClient.java,modified,presto-base-jdbc/src/main/java/io/prestosql/plugin/jdbc/JdbcClient.java,code,True
feature,trinodb__trino-1174,trinodb/trino,Java,presto-base-jdbc/src/main/java/io/prestosql/plugin/jdbc/JdbcMetadata.java,presto-base-jdbc/src/main/java/io/prestosql/plugin/jdbc/JdbcMetadata.java,modified,presto-base-jdbc/src/main/java/io/prestosql/plugin/jdbc/JdbcMetadata.java,code,True
feature,trinodb__trino-1174,trinodb/trino,Java,presto-base-jdbc/src/main/java/io/prestosql/plugin/jdbc/JdbcOutputTableHandle.java,presto-base-jdbc/src/main/java/io/prestosql/plugin/jdbc/JdbcOutputTableHandle.java,modified,presto-base-jdbc/src/main/java/io/prestosql/plugin/jdbc/JdbcOutputTableHandle.java,code,True
feature,trinodb__trino-1174,trinodb/trino,Java,presto-base-jdbc/src/main/java/io/prestosql/plugin/jdbc/JdbcPageSink.java,presto-base-jdbc/src/main/java/io/prestosql/plugin/jdbc/JdbcPageSink.java,modified,presto-base-jdbc/src/main/java/io/prestosql/plugin/jdbc/JdbcPageSink.java,code,True
feature,trinodb__trino-1174,trinodb/trino,Java,presto-base-jdbc/src/main/java/io/prestosql/plugin/jdbc/WriteMapping.java,presto-base-jdbc/src/main/java/io/prestosql/plugin/jdbc/WriteMapping.java,modified,presto-base-jdbc/src/main/java/io/prestosql/plugin/jdbc/WriteMapping.java,code,True
feature,trinodb__trino-1174,trinodb/trino,Java,presto-base-jdbc/src/main/java/io/prestosql/plugin/jdbc/WriteNullFunction.java,presto-base-jdbc/src/main/java/io/prestosql/plugin/jdbc/WriteNullFunction.java,modified,presto-base-jdbc/src/main/java/io/prestosql/plugin/jdbc/WriteNullFunction.java,code,True
feature,trinodb__trino-1174,trinodb/trino,Java,presto-base-jdbc/src/main/java/io/prestosql/plugin/jdbc/jmx/StatisticsAwareJdbcClient.java,presto-base-jdbc/src/main/java/io/prestosql/plugin/jdbc/jmx/StatisticsAwareJdbcClient.java,modified,presto-base-jdbc/src/main/java/io/prestosql/plugin/jdbc/jmx/StatisticsAwareJdbcClient.java,code,True
feature,trinodb__trino-1174,trinodb/trino,Java,presto-phoenix/src/main/java/io/prestosql/plugin/phoenix/PhoenixMetadata.java,presto-phoenix/src/main/java/io/prestosql/plugin/phoenix/PhoenixMetadata.java,modified,presto-phoenix/src/main/java/io/prestosql/plugin/phoenix/PhoenixMetadata.java,code,True
feature,trinodb__trino-1174,trinodb/trino,Java,presto-phoenix/src/main/java/io/prestosql/plugin/phoenix/PhoenixOutputTableHandle.java,presto-phoenix/src/main/java/io/prestosql/plugin/phoenix/PhoenixOutputTableHandle.java,modified,presto-phoenix/src/main/java/io/prestosql/plugin/phoenix/PhoenixOutputTableHandle.java,code,True
feature,trinodb__trino-1174,trinodb/trino,Java,presto-sqlserver/src/main/java/io/prestosql/plugin/sqlserver/SqlServerClient.java,presto-sqlserver/src/main/java/io/prestosql/plugin/sqlserver/SqlServerClient.java,modified,presto-sqlserver/src/main/java/io/prestosql/plugin/sqlserver/SqlServerClient.java,code,True
feature,trinodb__trino-1174,trinodb/trino,Java,presto-base-jdbc/src/test/java/io/prestosql/plugin/jdbc/TestJdbcOutputTableHandle.java,presto-base-jdbc/src/test/java/io/prestosql/plugin/jdbc/TestJdbcOutputTableHandle.java,modified,presto-base-jdbc/src/test/java/io/prestosql/plugin/jdbc/TestJdbcOutputTableHandle.java,test,True
feature,trinodb__trino-1174,trinodb/trino,Java,presto-sqlserver/src/test/java/io/prestosql/plugin/sqlserver/TestSqlServerIntegrationSmokeTest.java,presto-sqlserver/src/test/java/io/prestosql/plugin/sqlserver/TestSqlServerIntegrationSmokeTest.java,modified,presto-sqlserver/src/test/java/io/prestosql/plugin/sqlserver/TestSqlServerIntegrationSmokeTest.java,test,True
feature,trinodb__trino-117,trinodb/trino,Java,presto-cli/src/main/java/io/prestosql/cli/ClientOptions.java,presto-cli/src/main/java/io/prestosql/cli/ClientOptions.java,modified,presto-cli/src/main/java/io/prestosql/cli/ClientOptions.java,code,True
feature,trinodb__trino-117,trinodb/trino,Java,presto-cli/src/test/java/io/prestosql/cli/TestClientOptions.java,presto-cli/src/test/java/io/prestosql/cli/TestClientOptions.java,modified,presto-cli/src/test/java/io/prestosql/cli/TestClientOptions.java,test,True
feature,trinodb__trino-5507,trinodb/trino,Java,presto-jdbc/pom.xml,presto-jdbc/pom.xml,modified,presto-jdbc/pom.xml,code,True
feature,trinodb__trino-5507,trinodb/trino,Java,presto-jdbc/src/main/java/io/prestosql/jdbc/PrestoDatabaseMetaData.java,presto-jdbc/src/main/java/io/prestosql/jdbc/PrestoDatabaseMetaData.java,modified,presto-jdbc/src/main/java/io/prestosql/jdbc/PrestoDatabaseMetaData.java,code,True
feature,trinodb__trino-5507,trinodb/trino,Java,presto-jdbc/src/main/java/io/prestosql/jdbc/PrestoPreparedStatement.java,presto-jdbc/src/main/java/io/prestosql/jdbc/PrestoPreparedStatement.java,modified,presto-jdbc/src/main/java/io/prestosql/jdbc/PrestoPreparedStatement.java,code,True
feature,trinodb__trino-5507,trinodb/trino,Java,presto-jdbc/src/test/java/io/prestosql/jdbc/TestJdbcPreparedStatement.java,presto-jdbc/src/test/java/io/prestosql/jdbc/TestJdbcPreparedStatement.java,modified,presto-jdbc/src/test/java/io/prestosql/jdbc/TestJdbcPreparedStatement.java,test,True
feature,trinodb__trino-5507,trinodb/trino,Java,presto-jdbc/src/test/java/io/prestosql/jdbc/TestPrestoDatabaseMetaData.java,presto-jdbc/src/test/java/io/prestosql/jdbc/TestPrestoDatabaseMetaData.java,modified,presto-jdbc/src/test/java/io/prestosql/jdbc/TestPrestoDatabaseMetaData.java,test,True
feature,trinodb__trino-5507,trinodb/trino,Java,/dev/null,presto-jdbc/src/test/java/io/prestosql/jdbc/TestingJdbcUtils.java,added,presto-jdbc/src/test/java/io/prestosql/jdbc/TestingJdbcUtils.java,test,False
feature,trinodb__trino-4458,trinodb/trino,Java,presto-hive/pom.xml,presto-hive/pom.xml,modified,presto-hive/pom.xml,code,True
feature,trinodb__trino-4458,trinodb/trino,Java,presto-hive/src/main/java/io/prestosql/plugin/hive/metastore/cache/CachingHiveMetastore.java,presto-hive/src/main/java/io/prestosql/plugin/hive/metastore/cache/CachingHiveMetastore.java,modified,presto-hive/src/main/java/io/prestosql/plugin/hive/metastore/cache/CachingHiveMetastore.java,code,True
feature,trinodb__trino-4458,trinodb/trino,Java,presto-hive/src/test/java/io/prestosql/plugin/hive/AbstractTestHiveFileSystem.java,presto-hive/src/test/java/io/prestosql/plugin/hive/AbstractTestHiveFileSystem.java,modified,presto-hive/src/test/java/io/prestosql/plugin/hive/AbstractTestHiveFileSystem.java,test,True
feature,trinodb__trino-4458,trinodb/trino,Java,presto-hive/src/test/java/io/prestosql/plugin/hive/metastore/cache/TestCachingHiveMetastore.java,presto-hive/src/test/java/io/prestosql/plugin/hive/metastore/cache/TestCachingHiveMetastore.java,modified,presto-hive/src/test/java/io/prestosql/plugin/hive/metastore/cache/TestCachingHiveMetastore.java,test,True
feature,trinodb__trino-799,trinodb/trino,Java,presto-main/src/main/java/io/prestosql/execution/resourcegroups/IndexedPriorityQueue.java,presto-main/src/main/java/io/prestosql/execution/resourcegroups/IndexedPriorityQueue.java,modified,presto-main/src/main/java/io/prestosql/execution/resourcegroups/IndexedPriorityQueue.java,code,True
feature,trinodb__trino-799,trinodb/trino,Java,presto-main/src/main/java/io/prestosql/execution/scheduler/NodeAssignmentStats.java,presto-main/src/main/java/io/prestosql/execution/scheduler/NodeAssignmentStats.java,modified,presto-main/src/main/java/io/prestosql/execution/scheduler/NodeAssignmentStats.java,code,True
feature,trinodb__trino-799,trinodb/trino,Java,presto-main/src/main/java/io/prestosql/execution/scheduler/NodeScheduler.java,presto-main/src/main/java/io/prestosql/execution/scheduler/NodeScheduler.java,modified,presto-main/src/main/java/io/prestosql/execution/scheduler/NodeScheduler.java,code,True
feature,trinodb__trino-799,trinodb/trino,Java,presto-main/src/main/java/io/prestosql/execution/scheduler/NodeSchedulerConfig.java,presto-main/src/main/java/io/prestosql/execution/scheduler/NodeSchedulerConfig.java,modified,presto-main/src/main/java/io/prestosql/execution/scheduler/NodeSchedulerConfig.java,code,True
feature,trinodb__trino-799,trinodb/trino,Java,presto-main/src/main/java/io/prestosql/execution/scheduler/SimpleNodeSelector.java,presto-main/src/main/java/io/prestosql/execution/scheduler/SimpleNodeSelector.java,modified,presto-main/src/main/java/io/prestosql/execution/scheduler/SimpleNodeSelector.java,code,True
feature,trinodb__trino-799,trinodb/trino,Java,presto-main/src/test/java/io/prestosql/execution/TestNodeScheduler.java,presto-main/src/test/java/io/prestosql/execution/TestNodeScheduler.java,modified,presto-main/src/test/java/io/prestosql/execution/TestNodeScheduler.java,test,True
feature,trinodb__trino-799,trinodb/trino,Java,presto-main/src/test/java/io/prestosql/execution/TestNodeSchedulerConfig.java,presto-main/src/test/java/io/prestosql/execution/TestNodeSchedulerConfig.java,modified,presto-main/src/test/java/io/prestosql/execution/TestNodeSchedulerConfig.java,test,True
feature,trinodb__trino-4600,trinodb/trino,Java,presto-client/src/main/java/io/prestosql/client/StageStats.java,presto-client/src/main/java/io/prestosql/client/StageStats.java,modified,presto-client/src/main/java/io/prestosql/client/StageStats.java,code,True
feature,trinodb__trino-4600,trinodb/trino,Java,presto-client/src/main/java/io/prestosql/client/StatementStats.java,presto-client/src/main/java/io/prestosql/client/StatementStats.java,modified,presto-client/src/main/java/io/prestosql/client/StatementStats.java,code,True
feature,trinodb__trino-4600,trinodb/trino,Java,presto-main/src/main/java/io/prestosql/server/protocol/Query.java,presto-main/src/main/java/io/prestosql/server/protocol/Query.java,modified,presto-main/src/main/java/io/prestosql/server/protocol/Query.java,code,True
feature,trinodb__trino-4600,trinodb/trino,Java,presto-jdbc/src/test/java/io/prestosql/jdbc/TestProgressMonitor.java,presto-jdbc/src/test/java/io/prestosql/jdbc/TestProgressMonitor.java,modified,presto-jdbc/src/test/java/io/prestosql/jdbc/TestProgressMonitor.java,test,True
feature,trinodb__trino-3392,trinodb/trino,Java,presto-docs/src/main/sphinx/functions/list.rst,presto-docs/src/main/sphinx/functions/list.rst,modified,presto-docs/src/main/sphinx/functions/list.rst,code,True
feature,trinodb__trino-3392,trinodb/trino,Java,presto-docs/src/main/sphinx/functions/string.rst,presto-docs/src/main/sphinx/functions/string.rst,modified,presto-docs/src/main/sphinx/functions/string.rst,code,True
feature,trinodb__trino-3392,trinodb/trino,Java,presto-main/src/main/java/io/prestosql/operator/scalar/StringFunctions.java,presto-main/src/main/java/io/prestosql/operator/scalar/StringFunctions.java,modified,presto-main/src/main/java/io/prestosql/operator/scalar/StringFunctions.java,code,True
feature,trinodb__trino-3392,trinodb/trino,Java,presto-main/src/test/java/io/prestosql/operator/scalar/TestStringFunctions.java,presto-main/src/test/java/io/prestosql/operator/scalar/TestStringFunctions.java,modified,presto-main/src/test/java/io/prestosql/operator/scalar/TestStringFunctions.java,test,True
feature,trinodb__trino-748,trinodb/trino,Java,presto-hive/src/main/java/io/prestosql/plugin/hive/metastore/glue/GlueHiveMetastore.java,presto-hive/src/main/java/io/prestosql/plugin/hive/metastore/glue/GlueHiveMetastore.java,modified,presto-hive/src/main/java/io/prestosql/plugin/hive/metastore/glue/GlueHiveMetastore.java,code,True
feature,trinodb__trino-748,trinodb/trino,Java,presto-hive/src/main/java/io/prestosql/plugin/hive/metastore/glue/GlueHiveMetastoreConfig.java,presto-hive/src/main/java/io/prestosql/plugin/hive/metastore/glue/GlueHiveMetastoreConfig.java,modified,presto-hive/src/main/java/io/prestosql/plugin/hive/metastore/glue/GlueHiveMetastoreConfig.java,code,True
feature,trinodb__trino-748,trinodb/trino,Java,presto-hive/src/test/java/io/prestosql/plugin/hive/metastore/glue/TestGlueHiveMetastoreConfig.java,presto-hive/src/test/java/io/prestosql/plugin/hive/metastore/glue/TestGlueHiveMetastoreConfig.java,modified,presto-hive/src/test/java/io/prestosql/plugin/hive/metastore/glue/TestGlueHiveMetastoreConfig.java,test,True
feature,trinodb__trino-3638,trinodb/trino,Java,presto-hive/src/main/java/io/prestosql/plugin/hive/HiveConfig.java,presto-hive/src/main/java/io/prestosql/plugin/hive/HiveConfig.java,modified,presto-hive/src/main/java/io/prestosql/plugin/hive/HiveConfig.java,code,True
feature,trinodb__trino-3638,trinodb/trino,Java,presto-hive/src/main/java/io/prestosql/plugin/hive/HiveMetadataFactory.java,presto-hive/src/main/java/io/prestosql/plugin/hive/HiveMetadataFactory.java,modified,presto-hive/src/main/java/io/prestosql/plugin/hive/HiveMetadataFactory.java,code,True
feature,trinodb__trino-3638,trinodb/trino,Java,presto-hive/src/main/java/io/prestosql/plugin/hive/metastore/SemiTransactionalHiveMetastore.java,presto-hive/src/main/java/io/prestosql/plugin/hive/metastore/SemiTransactionalHiveMetastore.java,modified,presto-hive/src/main/java/io/prestosql/plugin/hive/metastore/SemiTransactionalHiveMetastore.java,code,True
feature,trinodb__trino-3638,trinodb/trino,Java,presto-hive/src/test/java/io/prestosql/plugin/hive/AbstractTestHive.java,presto-hive/src/test/java/io/prestosql/plugin/hive/AbstractTestHive.java,modified,presto-hive/src/test/java/io/prestosql/plugin/hive/AbstractTestHive.java,test,True
feature,trinodb__trino-3638,trinodb/trino,Java,presto-hive/src/test/java/io/prestosql/plugin/hive/TestHiveConfig.java,presto-hive/src/test/java/io/prestosql/plugin/hive/TestHiveConfig.java,modified,presto-hive/src/test/java/io/prestosql/plugin/hive/TestHiveConfig.java,test,True
feature,trinodb__trino-3638,trinodb/trino,Java,presto-hive/src/test/java/io/prestosql/plugin/hive/metastore/TestSemiTransactionalHiveMetastore.java,presto-hive/src/test/java/io/prestosql/plugin/hive/metastore/TestSemiTransactionalHiveMetastore.java,modified,presto-hive/src/test/java/io/prestosql/plugin/hive/metastore/TestSemiTransactionalHiveMetastore.java,test,True
feature,trinodb__trino-3771,trinodb/trino,Java,presto-docs/src/main/sphinx/connector/hive.rst,presto-docs/src/main/sphinx/connector/hive.rst,modified,presto-docs/src/main/sphinx/connector/hive.rst,code,True
feature,trinodb__trino-3771,trinodb/trino,Java,presto-hive/src/main/java/io/prestosql/plugin/hive/metastore/thrift/ThriftHiveMetastore.java,presto-hive/src/main/java/io/prestosql/plugin/hive/metastore/thrift/ThriftHiveMetastore.java,modified,presto-hive/src/main/java/io/prestosql/plugin/hive/metastore/thrift/ThriftHiveMetastore.java,code,True
feature,trinodb__trino-3771,trinodb/trino,Java,presto-hive/src/main/java/io/prestosql/plugin/hive/metastore/thrift/ThriftMetastoreConfig.java,presto-hive/src/main/java/io/prestosql/plugin/hive/metastore/thrift/ThriftMetastoreConfig.java,modified,presto-hive/src/main/java/io/prestosql/plugin/hive/metastore/thrift/ThriftMetastoreConfig.java,code,True
feature,trinodb__trino-3771,trinodb/trino,Java,presto-hive/src/test/java/io/prestosql/plugin/hive/metastore/thrift/TestThriftMetastoreConfig.java,presto-hive/src/test/java/io/prestosql/plugin/hive/metastore/thrift/TestThriftMetastoreConfig.java,modified,presto-hive/src/test/java/io/prestosql/plugin/hive/metastore/thrift/TestThriftMetastoreConfig.java,test,True
feature,trinodb__trino-6074,trinodb/trino,Java,presto-kafka/src/main/java/io/prestosql/plugin/kafka/encoder/json/format/MillisecondsSinceEpochFormatter.java,presto-kafka/src/main/java/io/prestosql/plugin/kafka/encoder/json/format/MillisecondsSinceEpochFormatter.java,modified,presto-kafka/src/main/java/io/prestosql/plugin/kafka/encoder/json/format/MillisecondsSinceEpochFormatter.java,code,True
feature,trinodb__trino-6074,trinodb/trino,Java,presto-kafka/src/main/java/io/prestosql/plugin/kafka/encoder/json/format/SecondsSinceEpochFormatter.java,presto-kafka/src/main/java/io/prestosql/plugin/kafka/encoder/json/format/SecondsSinceEpochFormatter.java,modified,presto-kafka/src/main/java/io/prestosql/plugin/kafka/encoder/json/format/SecondsSinceEpochFormatter.java,code,True
feature,trinodb__trino-6074,trinodb/trino,Java,presto-kafka/src/test/java/io/prestosql/plugin/kafka/encoder/json/TestJsonEncoder.java,presto-kafka/src/test/java/io/prestosql/plugin/kafka/encoder/json/TestJsonEncoder.java,modified,presto-kafka/src/test/java/io/prestosql/plugin/kafka/encoder/json/TestJsonEncoder.java,test,True
feature,trinodb__trino-6074,trinodb/trino,Java,presto-kafka/src/test/java/io/prestosql/plugin/kafka/encoder/json/TestMillisecondsJsonDateTimeFormatter.java,presto-kafka/src/test/java/io/prestosql/plugin/kafka/encoder/json/TestMillisecondsJsonDateTimeFormatter.java,modified,presto-kafka/src/test/java/io/prestosql/plugin/kafka/encoder/json/TestMillisecondsJsonDateTimeFormatter.java,test,True
feature,trinodb__trino-6074,trinodb/trino,Java,presto-kafka/src/test/java/io/prestosql/plugin/kafka/encoder/json/TestSecondsJsonDateTimeFormatter.java,presto-kafka/src/test/java/io/prestosql/plugin/kafka/encoder/json/TestSecondsJsonDateTimeFormatter.java,modified,presto-kafka/src/test/java/io/prestosql/plugin/kafka/encoder/json/TestSecondsJsonDateTimeFormatter.java,test,True
feature,trinodb__trino-1848,trinodb/trino,Java,presto-docs/src/main/sphinx/functions/math.rst,presto-docs/src/main/sphinx/functions/math.rst,modified,presto-docs/src/main/sphinx/functions/math.rst,code,True
feature,trinodb__trino-1848,trinodb/trino,Java,presto-main/src/main/java/io/prestosql/operator/scalar/MathFunctions.java,presto-main/src/main/java/io/prestosql/operator/scalar/MathFunctions.java,modified,presto-main/src/main/java/io/prestosql/operator/scalar/MathFunctions.java,code,True
feature,trinodb__trino-1848,trinodb/trino,Java,presto-main/src/test/java/io/prestosql/operator/scalar/TestMathFunctions.java,presto-main/src/test/java/io/prestosql/operator/scalar/TestMathFunctions.java,modified,presto-main/src/test/java/io/prestosql/operator/scalar/TestMathFunctions.java,test,True
feature,trinodb__trino-1090,trinodb/trino,Java,presto-hive/src/main/java/io/prestosql/plugin/hive/HiveMetadata.java,presto-hive/src/main/java/io/prestosql/plugin/hive/HiveMetadata.java,modified,presto-hive/src/main/java/io/prestosql/plugin/hive/HiveMetadata.java,code,True
feature,trinodb__trino-1090,trinodb/trino,Java,presto-hive/src/main/java/io/prestosql/plugin/hive/HiveTableProperties.java,presto-hive/src/main/java/io/prestosql/plugin/hive/HiveTableProperties.java,modified,presto-hive/src/main/java/io/prestosql/plugin/hive/HiveTableProperties.java,code,True
feature,trinodb__trino-1090,trinodb/trino,Java,presto-hive/src/main/java/io/prestosql/plugin/hive/util/HiveUtil.java,presto-hive/src/main/java/io/prestosql/plugin/hive/util/HiveUtil.java,modified,presto-hive/src/main/java/io/prestosql/plugin/hive/util/HiveUtil.java,code,True
feature,trinodb__trino-1090,trinodb/trino,Java,presto-hive/src/test/java/io/prestosql/plugin/hive/TestBackgroundHiveSplitLoader.java,presto-hive/src/test/java/io/prestosql/plugin/hive/TestBackgroundHiveSplitLoader.java,modified,presto-hive/src/test/java/io/prestosql/plugin/hive/TestBackgroundHiveSplitLoader.java,test,True
feature,trinodb__trino-1090,trinodb/trino,Java,presto-hive/src/test/java/io/prestosql/plugin/hive/TestHiveIntegrationSmokeTest.java,presto-hive/src/test/java/io/prestosql/plugin/hive/TestHiveIntegrationSmokeTest.java,modified,presto-hive/src/test/java/io/prestosql/plugin/hive/TestHiveIntegrationSmokeTest.java,test,True
feature,trinodb__trino-1090,trinodb/trino,Java,presto-product-tests/src/main/java/io/prestosql/tests/hive/TestTextFileHiveTable.java,presto-product-tests/src/main/java/io/prestosql/tests/hive/TestTextFileHiveTable.java,modified,presto-product-tests/src/main/java/io/prestosql/tests/hive/TestTextFileHiveTable.java,test,True
feature,trinodb__trino-1090,trinodb/trino,Java,/dev/null,presto-product-tests/src/main/resources/sql-tests/datasets/csv_with_footer.data,added,presto-product-tests/src/main/resources/sql-tests/datasets/csv_with_footer.data,test,False
feature,trinodb__trino-1090,trinodb/trino,Java,/dev/null,presto-product-tests/src/main/resources/sql-tests/datasets/csv_with_footer.ddl,added,presto-product-tests/src/main/resources/sql-tests/datasets/csv_with_footer.ddl,test,False
feature,trinodb__trino-1090,trinodb/trino,Java,/dev/null,presto-product-tests/src/main/resources/sql-tests/datasets/csv_with_header.data,added,presto-product-tests/src/main/resources/sql-tests/datasets/csv_with_header.data,test,False
feature,trinodb__trino-1090,trinodb/trino,Java,/dev/null,presto-product-tests/src/main/resources/sql-tests/datasets/csv_with_header.ddl,added,presto-product-tests/src/main/resources/sql-tests/datasets/csv_with_header.ddl,test,False
feature,trinodb__trino-1090,trinodb/trino,Java,/dev/null,presto-product-tests/src/main/resources/sql-tests/datasets/csv_with_header_and_footer.data,added,presto-product-tests/src/main/resources/sql-tests/datasets/csv_with_header_and_footer.data,test,False
feature,trinodb__trino-1090,trinodb/trino,Java,/dev/null,presto-product-tests/src/main/resources/sql-tests/datasets/csv_with_header_and_footer.ddl,added,presto-product-tests/src/main/resources/sql-tests/datasets/csv_with_header_and_footer.ddl,test,False
feature,trinodb__trino-1090,trinodb/trino,Java,/dev/null,presto-product-tests/src/main/resources/sql-tests/testcases/csv_tables_with_header_and_footer.sql,added,presto-product-tests/src/main/resources/sql-tests/testcases/csv_tables_with_header_and_footer.sql,test,False
feature,mrdoob__three.js-14566,mrdoob/three.js,JavaScript,docs/api/en/objects/LOD.html,docs/api/en/objects/LOD.html,modified,docs/api/en/objects/LOD.html,code,True
feature,mrdoob__three.js-14566,mrdoob/three.js,JavaScript,docs/api/zh/objects/LOD.html,docs/api/zh/objects/LOD.html,modified,docs/api/zh/objects/LOD.html,code,True
feature,mrdoob__three.js-14566,mrdoob/three.js,JavaScript,src/loaders/ObjectLoader.js,src/loaders/ObjectLoader.js,modified,src/loaders/ObjectLoader.js,code,True
feature,mrdoob__three.js-14566,mrdoob/three.js,JavaScript,src/objects/LOD.js,src/objects/LOD.js,modified,src/objects/LOD.js,code,True
feature,mrdoob__three.js-14566,mrdoob/three.js,JavaScript,test/unit/src/objects/LOD.tests.js,test/unit/src/objects/LOD.tests.js,modified,test/unit/src/objects/LOD.tests.js,test,True
feature,mrdoob__three.js-17649,mrdoob/three.js,JavaScript,docs/api/en/core/BufferGeometry.html,docs/api/en/core/BufferGeometry.html,modified,docs/api/en/core/BufferGeometry.html,code,True
feature,mrdoob__three.js-17649,mrdoob/three.js,JavaScript,examples/js/exporters/GLTFExporter.js,examples/js/exporters/GLTFExporter.js,modified,examples/js/exporters/GLTFExporter.js,code,True
feature,mrdoob__three.js-17649,mrdoob/three.js,JavaScript,examples/js/loaders/GLTFLoader.js,examples/js/loaders/GLTFLoader.js,modified,examples/js/loaders/GLTFLoader.js,code,True
feature,mrdoob__three.js-17649,mrdoob/three.js,JavaScript,examples/js/renderers/Projector.js,examples/js/renderers/Projector.js,modified,examples/js/renderers/Projector.js,code,True
feature,mrdoob__three.js-17649,mrdoob/three.js,JavaScript,examples/js/utils/BufferGeometryUtils.js,examples/js/utils/BufferGeometryUtils.js,modified,examples/js/utils/BufferGeometryUtils.js,code,True
feature,mrdoob__three.js-17649,mrdoob/three.js,JavaScript,examples/jsm/exporters/GLTFExporter.js,examples/jsm/exporters/GLTFExporter.js,modified,examples/jsm/exporters/GLTFExporter.js,code,True
feature,mrdoob__three.js-17649,mrdoob/three.js,JavaScript,examples/jsm/loaders/GLTFLoader.js,examples/jsm/loaders/GLTFLoader.js,modified,examples/jsm/loaders/GLTFLoader.js,code,True
feature,mrdoob__three.js-17649,mrdoob/three.js,JavaScript,examples/jsm/renderers/Projector.js,examples/jsm/renderers/Projector.js,modified,examples/jsm/renderers/Projector.js,code,True
feature,mrdoob__three.js-17649,mrdoob/three.js,JavaScript,examples/jsm/utils/BufferGeometryUtils.js,examples/jsm/utils/BufferGeometryUtils.js,modified,examples/jsm/utils/BufferGeometryUtils.js,code,True
feature,mrdoob__three.js-17649,mrdoob/three.js,JavaScript,src/core/BufferGeometry.d.ts,src/core/BufferGeometry.d.ts,modified,src/core/BufferGeometry.d.ts,code,True
feature,mrdoob__three.js-17649,mrdoob/three.js,JavaScript,src/core/BufferGeometry.js,src/core/BufferGeometry.js,modified,src/core/BufferGeometry.js,code,True
feature,mrdoob__three.js-17649,mrdoob/three.js,JavaScript,src/loaders/BufferGeometryLoader.js,src/loaders/BufferGeometryLoader.js,modified,src/loaders/BufferGeometryLoader.js,code,True
feature,mrdoob__three.js-17649,mrdoob/three.js,JavaScript,src/objects/Mesh.js,src/objects/Mesh.js,modified,src/objects/Mesh.js,code,True
feature,mrdoob__three.js-17649,mrdoob/three.js,JavaScript,src/renderers/shaders/ShaderChunk/morphnormal_vertex.glsl.js,src/renderers/shaders/ShaderChunk/morphnormal_vertex.glsl.js,modified,src/renderers/shaders/ShaderChunk/morphnormal_vertex.glsl.js,code,True
feature,mrdoob__three.js-17649,mrdoob/three.js,JavaScript,src/renderers/shaders/ShaderChunk/morphtarget_pars_vertex.glsl.js,src/renderers/shaders/ShaderChunk/morphtarget_pars_vertex.glsl.js,modified,src/renderers/shaders/ShaderChunk/morphtarget_pars_vertex.glsl.js,code,True
feature,mrdoob__three.js-17649,mrdoob/three.js,JavaScript,src/renderers/shaders/ShaderChunk/morphtarget_vertex.glsl.js,src/renderers/shaders/ShaderChunk/morphtarget_vertex.glsl.js,modified,src/renderers/shaders/ShaderChunk/morphtarget_vertex.glsl.js,code,True
feature,mrdoob__three.js-17649,mrdoob/three.js,JavaScript,src/renderers/webgl/WebGLMorphtargets.js,src/renderers/webgl/WebGLMorphtargets.js,modified,src/renderers/webgl/WebGLMorphtargets.js,code,True
feature,mrdoob__three.js-17649,mrdoob/three.js,JavaScript,test/unit/src/core/BufferGeometry.tests.js,test/unit/src/core/BufferGeometry.tests.js,modified,test/unit/src/core/BufferGeometry.tests.js,test,True
feature,mrdoob__three.js-20478,mrdoob/three.js,JavaScript,docs/api/en/core/Object3D.html,docs/api/en/core/Object3D.html,modified,docs/api/en/core/Object3D.html,code,True
feature,mrdoob__three.js-20478,mrdoob/three.js,JavaScript,src/core/Object3D.d.ts,src/core/Object3D.d.ts,modified,src/core/Object3D.d.ts,code,True
feature,mrdoob__three.js-20478,mrdoob/three.js,JavaScript,src/core/Object3D.js,src/core/Object3D.js,modified,src/core/Object3D.js,code,True
feature,mrdoob__three.js-20478,mrdoob/three.js,JavaScript,test/unit/src/core/Object3D.tests.js,test/unit/src/core/Object3D.tests.js,modified,test/unit/src/core/Object3D.tests.js,test,True
feature,mrdoob__three.js-21532,mrdoob/three.js,JavaScript,docs/api/en/math/Quaternion.html,docs/api/en/math/Quaternion.html,modified,docs/api/en/math/Quaternion.html,code,True
feature,mrdoob__three.js-21532,mrdoob/three.js,JavaScript,docs/api/zh/math/Quaternion.html,docs/api/zh/math/Quaternion.html,modified,docs/api/zh/math/Quaternion.html,code,True
feature,mrdoob__three.js-21532,mrdoob/three.js,JavaScript,examples/jsm/webxr/XRControllerModelFactory.js,examples/jsm/webxr/XRControllerModelFactory.js,modified,examples/jsm/webxr/XRControllerModelFactory.js,code,True
feature,mrdoob__three.js-21532,mrdoob/three.js,JavaScript,src/math/Quaternion.js,src/math/Quaternion.js,modified,src/math/Quaternion.js,code,True
feature,mrdoob__three.js-21532,mrdoob/three.js,JavaScript,test/unit/src/math/Quaternion.tests.js,test/unit/src/math/Quaternion.tests.js,modified,test/unit/src/math/Quaternion.tests.js,test,True
feature,mrdoob__three.js-21826,mrdoob/three.js,JavaScript,docs/api/en/core/Object3D.html,docs/api/en/core/Object3D.html,modified,docs/api/en/core/Object3D.html,code,True
feature,mrdoob__three.js-21826,mrdoob/three.js,JavaScript,docs/api/ko/core/Object3D.html,docs/api/ko/core/Object3D.html,modified,docs/api/ko/core/Object3D.html,code,True
feature,mrdoob__three.js-21826,mrdoob/three.js,JavaScript,docs/api/zh/core/Object3D.html,docs/api/zh/core/Object3D.html,modified,docs/api/zh/core/Object3D.html,code,True
feature,mrdoob__three.js-21826,mrdoob/three.js,JavaScript,src/core/Object3D.js,src/core/Object3D.js,modified,src/core/Object3D.js,code,True
feature,mrdoob__three.js-21826,mrdoob/three.js,JavaScript,test/unit/src/core/Object3D.tests.js,test/unit/src/core/Object3D.tests.js,modified,test/unit/src/core/Object3D.tests.js,test,True
feature,mrdoob__three.js-23596,mrdoob/three.js,JavaScript,docs/api/en/extras/DataUtils.html,docs/api/en/extras/DataUtils.html,modified,docs/api/en/extras/DataUtils.html,code,True
feature,mrdoob__three.js-23596,mrdoob/three.js,JavaScript,src/extras/DataUtils.js,src/extras/DataUtils.js,modified,src/extras/DataUtils.js,code,True
feature,mrdoob__three.js-23596,mrdoob/three.js,JavaScript,/dev/null,test/unit/src/extras/DataUtils.tests.js,added,test/unit/src/extras/DataUtils.tests.js,test,False
feature,mrdoob__three.js-23596,mrdoob/three.js,JavaScript,test/unit/three.source.unit.js,test/unit/three.source.unit.js,modified,test/unit/three.source.unit.js,test,True
feature,mrdoob__three.js-23796,mrdoob/three.js,JavaScript,docs/api/en/math/Color.html,docs/api/en/math/Color.html,modified,docs/api/en/math/Color.html,code,True
feature,mrdoob__three.js-23796,mrdoob/three.js,JavaScript,docs/api/en/math/Euler.html,docs/api/en/math/Euler.html,modified,docs/api/en/math/Euler.html,code,True
feature,mrdoob__three.js-23796,mrdoob/three.js,JavaScript,docs/api/en/math/Quaternion.html,docs/api/en/math/Quaternion.html,modified,docs/api/en/math/Quaternion.html,code,True
feature,mrdoob__three.js-23796,mrdoob/three.js,JavaScript,docs/api/en/math/Vector2.html,docs/api/en/math/Vector2.html,modified,docs/api/en/math/Vector2.html,code,True
feature,mrdoob__three.js-23796,mrdoob/three.js,JavaScript,docs/api/en/math/Vector3.html,docs/api/en/math/Vector3.html,modified,docs/api/en/math/Vector3.html,code,True
feature,mrdoob__three.js-23796,mrdoob/three.js,JavaScript,docs/api/en/math/Vector4.html,docs/api/en/math/Vector4.html,modified,docs/api/en/math/Vector4.html,code,True
feature,mrdoob__three.js-23796,mrdoob/three.js,JavaScript,src/math/Color.js,src/math/Color.js,modified,src/math/Color.js,code,True
feature,mrdoob__three.js-23796,mrdoob/three.js,JavaScript,src/math/Euler.js,src/math/Euler.js,modified,src/math/Euler.js,code,True
feature,mrdoob__three.js-23796,mrdoob/three.js,JavaScript,src/math/Quaternion.js,src/math/Quaternion.js,modified,src/math/Quaternion.js,code,True
feature,mrdoob__three.js-23796,mrdoob/three.js,JavaScript,test/unit/src/math/Color.tests.js,test/unit/src/math/Color.tests.js,modified,test/unit/src/math/Color.tests.js,test,True
feature,mrdoob__three.js-23796,mrdoob/three.js,JavaScript,test/unit/src/math/Euler.tests.js,test/unit/src/math/Euler.tests.js,modified,test/unit/src/math/Euler.tests.js,test,True
feature,mrdoob__three.js-23796,mrdoob/three.js,JavaScript,test/unit/src/math/Quaternion.tests.js,test/unit/src/math/Quaternion.tests.js,modified,test/unit/src/math/Quaternion.tests.js,test,True
feature,mrdoob__three.js-23796,mrdoob/three.js,JavaScript,test/unit/src/math/Vector2.tests.js,test/unit/src/math/Vector2.tests.js,modified,test/unit/src/math/Vector2.tests.js,test,True
feature,mrdoob__three.js-23796,mrdoob/three.js,JavaScript,test/unit/src/math/Vector3.tests.js,test/unit/src/math/Vector3.tests.js,modified,test/unit/src/math/Vector3.tests.js,test,True
feature,mrdoob__three.js-23796,mrdoob/three.js,JavaScript,test/unit/src/math/Vector4.tests.js,test/unit/src/math/Vector4.tests.js,modified,test/unit/src/math/Vector4.tests.js,test,True
feature,sveltejs__svelte-778,sveltejs/svelte,JavaScript,src/generators/dom/index.ts,src/generators/dom/index.ts,modified,src/generators/dom/index.ts,code,True
feature,sveltejs__svelte-778,sveltejs/svelte,JavaScript,src/generators/dom/visitors/Element/Attribute.ts,src/generators/dom/visitors/Element/Attribute.ts,modified,src/generators/dom/visitors/Element/Attribute.ts,code,True
feature,sveltejs__svelte-778,sveltejs/svelte,JavaScript,src/interfaces.ts,src/interfaces.ts,modified,src/interfaces.ts,code,True
feature,sveltejs__svelte-778,sveltejs/svelte,JavaScript,src/shared/dom.js,src/shared/dom.js,modified,src/shared/dom.js,code,True
feature,sveltejs__svelte-778,sveltejs/svelte,JavaScript,test/js/index.js,test/js/index.js,modified,test/js/index.js,test,True
feature,sveltejs__svelte-778,sveltejs/svelte,JavaScript,/dev/null,test/js/samples/legacy-input-type/_config.js,added,test/js/samples/legacy-input-type/_config.js,test,False
feature,sveltejs__svelte-778,sveltejs/svelte,JavaScript,/dev/null,test/js/samples/legacy-input-type/expected-bundle.js,added,test/js/samples/legacy-input-type/expected-bundle.js,test,False
feature,sveltejs__svelte-778,sveltejs/svelte,JavaScript,/dev/null,test/js/samples/legacy-input-type/expected.js,added,test/js/samples/legacy-input-type/expected.js,test,False
feature,sveltejs__svelte-778,sveltejs/svelte,JavaScript,/dev/null,test/js/samples/legacy-input-type/input.html,added,test/js/samples/legacy-input-type/input.html,test,False
feature,sveltejs__svelte-785,sveltejs/svelte,JavaScript,src/generators/dom/index.ts,src/generators/dom/index.ts,modified,src/generators/dom/index.ts,code,True
feature,sveltejs__svelte-785,sveltejs/svelte,JavaScript,test/js/samples/collapses-text-around-comments/expected-bundle.js,test/js/samples/collapses-text-around-comments/expected-bundle.js,modified,test/js/samples/collapses-text-around-comments/expected-bundle.js,test,True
feature,sveltejs__svelte-785,sveltejs/svelte,JavaScript,test/js/samples/collapses-text-around-comments/expected.js,test/js/samples/collapses-text-around-comments/expected.js,modified,test/js/samples/collapses-text-around-comments/expected.js,test,True
feature,sveltejs__svelte-785,sveltejs/svelte,JavaScript,test/js/samples/computed-collapsed-if/expected-bundle.js,test/js/samples/computed-collapsed-if/expected-bundle.js,modified,test/js/samples/computed-collapsed-if/expected-bundle.js,test,True
feature,sveltejs__svelte-785,sveltejs/svelte,JavaScript,test/js/samples/computed-collapsed-if/expected.js,test/js/samples/computed-collapsed-if/expected.js,modified,test/js/samples/computed-collapsed-if/expected.js,test,True
feature,sveltejs__svelte-785,sveltejs/svelte,JavaScript,test/js/samples/css-media-query/expected-bundle.js,test/js/samples/css-media-query/expected-bundle.js,modified,test/js/samples/css-media-query/expected-bundle.js,test,True
feature,sveltejs__svelte-785,sveltejs/svelte,JavaScript,test/js/samples/css-media-query/expected.js,test/js/samples/css-media-query/expected.js,modified,test/js/samples/css-media-query/expected.js,test,True
feature,sveltejs__svelte-785,sveltejs/svelte,JavaScript,test/js/samples/each-block-changed-check/expected-bundle.js,test/js/samples/each-block-changed-check/expected-bundle.js,modified,test/js/samples/each-block-changed-check/expected-bundle.js,test,True
feature,sveltejs__svelte-785,sveltejs/svelte,JavaScript,test/js/samples/each-block-changed-check/expected.js,test/js/samples/each-block-changed-check/expected.js,modified,test/js/samples/each-block-changed-check/expected.js,test,True
feature,sveltejs__svelte-785,sveltejs/svelte,JavaScript,test/js/samples/event-handlers-custom/expected-bundle.js,test/js/samples/event-handlers-custom/expected-bundle.js,modified,test/js/samples/event-handlers-custom/expected-bundle.js,test,True
feature,sveltejs__svelte-785,sveltejs/svelte,JavaScript,test/js/samples/event-handlers-custom/expected.js,test/js/samples/event-handlers-custom/expected.js,modified,test/js/samples/event-handlers-custom/expected.js,test,True
feature,sveltejs__svelte-785,sveltejs/svelte,JavaScript,test/js/samples/if-block-no-update/expected-bundle.js,test/js/samples/if-block-no-update/expected-bundle.js,modified,test/js/samples/if-block-no-update/expected-bundle.js,test,True
feature,sveltejs__svelte-785,sveltejs/svelte,JavaScript,test/js/samples/if-block-no-update/expected.js,test/js/samples/if-block-no-update/expected.js,modified,test/js/samples/if-block-no-update/expected.js,test,True
feature,sveltejs__svelte-785,sveltejs/svelte,JavaScript,test/js/samples/if-block-simple/expected-bundle.js,test/js/samples/if-block-simple/expected-bundle.js,modified,test/js/samples/if-block-simple/expected-bundle.js,test,True
feature,sveltejs__svelte-785,sveltejs/svelte,JavaScript,test/js/samples/if-block-simple/expected.js,test/js/samples/if-block-simple/expected.js,modified,test/js/samples/if-block-simple/expected.js,test,True
feature,sveltejs__svelte-785,sveltejs/svelte,JavaScript,test/js/samples/legacy-input-type/expected-bundle.js,test/js/samples/legacy-input-type/expected-bundle.js,modified,test/js/samples/legacy-input-type/expected-bundle.js,test,True
feature,sveltejs__svelte-785,sveltejs/svelte,JavaScript,test/js/samples/legacy-input-type/expected.js,test/js/samples/legacy-input-type/expected.js,modified,test/js/samples/legacy-input-type/expected.js,test,True
feature,sveltejs__svelte-785,sveltejs/svelte,JavaScript,test/js/samples/non-imported-component/expected-bundle.js,test/js/samples/non-imported-component/expected-bundle.js,modified,test/js/samples/non-imported-component/expected-bundle.js,test,True
feature,sveltejs__svelte-785,sveltejs/svelte,JavaScript,test/js/samples/non-imported-component/expected.js,test/js/samples/non-imported-component/expected.js,modified,test/js/samples/non-imported-component/expected.js,test,True
feature,sveltejs__svelte-785,sveltejs/svelte,JavaScript,test/js/samples/onrender-onteardown-rewritten/expected-bundle.js,test/js/samples/onrender-onteardown-rewritten/expected-bundle.js,modified,test/js/samples/onrender-onteardown-rewritten/expected-bundle.js,test,True
feature,sveltejs__svelte-785,sveltejs/svelte,JavaScript,test/js/samples/onrender-onteardown-rewritten/expected.js,test/js/samples/onrender-onteardown-rewritten/expected.js,modified,test/js/samples/onrender-onteardown-rewritten/expected.js,test,True
feature,sveltejs__svelte-785,sveltejs/svelte,JavaScript,test/js/samples/setup-method/expected-bundle.js,test/js/samples/setup-method/expected-bundle.js,modified,test/js/samples/setup-method/expected-bundle.js,test,True
feature,sveltejs__svelte-785,sveltejs/svelte,JavaScript,test/js/samples/setup-method/expected.js,test/js/samples/setup-method/expected.js,modified,test/js/samples/setup-method/expected.js,test,True
feature,sveltejs__svelte-785,sveltejs/svelte,JavaScript,test/js/samples/use-elements-as-anchors/expected-bundle.js,test/js/samples/use-elements-as-anchors/expected-bundle.js,modified,test/js/samples/use-elements-as-anchors/expected-bundle.js,test,True
feature,sveltejs__svelte-785,sveltejs/svelte,JavaScript,test/js/samples/use-elements-as-anchors/expected.js,test/js/samples/use-elements-as-anchors/expected.js,modified,test/js/samples/use-elements-as-anchors/expected.js,test,True
feature,sveltejs__svelte-1148,sveltejs/svelte,JavaScript,src/generators/nodes/Attribute.ts,src/generators/nodes/Attribute.ts,modified,src/generators/nodes/Attribute.ts,code,True
feature,sveltejs__svelte-1148,sveltejs/svelte,JavaScript,src/generators/nodes/Binding.ts,src/generators/nodes/Binding.ts,modified,src/generators/nodes/Binding.ts,code,True
feature,sveltejs__svelte-1148,sveltejs/svelte,JavaScript,src/generators/nodes/Element.ts,src/generators/nodes/Element.ts,modified,src/generators/nodes/Element.ts,code,True
feature,sveltejs__svelte-1148,sveltejs/svelte,JavaScript,src/validate/html/validateElement.ts,src/validate/html/validateElement.ts,modified,src/validate/html/validateElement.ts,code,True
feature,sveltejs__svelte-1148,sveltejs/svelte,JavaScript,test/js/samples/media-bindings/expected-bundle.js,test/js/samples/media-bindings/expected-bundle.js,modified,test/js/samples/media-bindings/expected-bundle.js,test,True
feature,sveltejs__svelte-1148,sveltejs/svelte,JavaScript,test/js/samples/media-bindings/expected.js,test/js/samples/media-bindings/expected.js,modified,test/js/samples/media-bindings/expected.js,test,True
feature,sveltejs__svelte-1148,sveltejs/svelte,JavaScript,test/js/samples/media-bindings/input.html,test/js/samples/media-bindings/input.html,modified,test/js/samples/media-bindings/input.html,test,True
feature,sveltejs__svelte-1148,sveltejs/svelte,JavaScript,test/runtime/samples/binding-audio-currenttime-duration/_config.js,test/runtime/samples/binding-audio-currenttime-duration-volume/_config.js,renamed,test/runtime/samples/binding-audio-currenttime-duration/_config.js,test,True
feature,sveltejs__svelte-1148,sveltejs/svelte,JavaScript,/dev/null,test/runtime/samples/binding-audio-currenttime-duration-volume/main.html,added,test/runtime/samples/binding-audio-currenttime-duration-volume/main.html,test,False
feature,sveltejs__svelte-1148,sveltejs/svelte,JavaScript,test/runtime/samples/binding-audio-currenttime-duration/main.html,/dev/null,deleted,test/runtime/samples/binding-audio-currenttime-duration/main.html,test,True
feature,sveltejs__svelte-1811,sveltejs/svelte,JavaScript,src/compile/render-dom/index.ts,src/compile/render-dom/index.ts,modified,src/compile/render-dom/index.ts,code,True
feature,sveltejs__svelte-1811,sveltejs/svelte,JavaScript,src/compile/render-ssr/index.ts,src/compile/render-ssr/index.ts,modified,src/compile/render-ssr/index.ts,code,True
feature,sveltejs__svelte-1811,sveltejs/svelte,JavaScript,test/cli/samples/dev/expected/Main.js,test/cli/samples/dev/expected/Main.js,modified,test/cli/samples/dev/expected/Main.js,test,True
feature,sveltejs__svelte-1811,sveltejs/svelte,JavaScript,test/runtime/index.js,test/runtime/index.js,modified,test/runtime/index.js,test,True
feature,sveltejs__svelte-1811,sveltejs/svelte,JavaScript,test/runtime/samples/binding-indirect-computed/_config.js,test/runtime/samples/binding-indirect-computed/_config.js,modified,test/runtime/samples/binding-indirect-computed/_config.js,test,True
feature,sveltejs__svelte-1811,sveltejs/svelte,JavaScript,/dev/null,test/runtime/samples/dev-error-missing-store/_config.js,added,test/runtime/samples/dev-error-missing-store/_config.js,test,False
feature,sveltejs__svelte-1811,sveltejs/svelte,JavaScript,/dev/null,test/runtime/samples/dev-error-missing-store/main.html,added,test/runtime/samples/dev-error-missing-store/main.html,test,False
feature,sveltejs__svelte-1811,sveltejs/svelte,JavaScript,test/runtime/samples/dev-warning-bad-set-argument/_config.js,test/runtime/samples/dev-warning-bad-set-argument/_config.js,modified,test/runtime/samples/dev-warning-bad-set-argument/_config.js,test,True
feature,sveltejs__svelte-1811,sveltejs/svelte,JavaScript,test/runtime/samples/dev-warning-destroy-twice/_config.js,test/runtime/samples/dev-warning-destroy-twice/_config.js,modified,test/runtime/samples/dev-warning-destroy-twice/_config.js,test,True
feature,sveltejs__svelte-1811,sveltejs/svelte,JavaScript,test/runtime/samples/dev-warning-dynamic-components-misplaced/_config.js,test/runtime/samples/dev-warning-dynamic-components-misplaced/_config.js,modified,test/runtime/samples/dev-warning-dynamic-components-misplaced/_config.js,test,True
feature,sveltejs__svelte-1811,sveltejs/svelte,JavaScript,test/runtime/samples/dev-warning-helper/_config.js,test/runtime/samples/dev-warning-helper/_config.js,modified,test/runtime/samples/dev-warning-helper/_config.js,test,True
feature,sveltejs__svelte-1811,sveltejs/svelte,JavaScript,test/runtime/samples/dev-warning-missing-data-binding/_config.js,test/runtime/samples/dev-warning-missing-data-binding/_config.js,modified,test/runtime/samples/dev-warning-missing-data-binding/_config.js,test,True
feature,sveltejs__svelte-1811,sveltejs/svelte,JavaScript,test/runtime/samples/dev-warning-missing-data-each/_config.js,test/runtime/samples/dev-warning-missing-data-each/_config.js,modified,test/runtime/samples/dev-warning-missing-data-each/_config.js,test,True
feature,sveltejs__svelte-1811,sveltejs/svelte,JavaScript,test/runtime/samples/dev-warning-missing-data-excludes-event/_config.js,test/runtime/samples/dev-warning-missing-data-excludes-event/_config.js,modified,test/runtime/samples/dev-warning-missing-data-excludes-event/_config.js,test,True
feature,sveltejs__svelte-1811,sveltejs/svelte,JavaScript,test/runtime/samples/dev-warning-missing-data/_config.js,test/runtime/samples/dev-warning-missing-data/_config.js,modified,test/runtime/samples/dev-warning-missing-data/_config.js,test,True
feature,sveltejs__svelte-1811,sveltejs/svelte,JavaScript,test/runtime/samples/dev-warning-readonly-computed/_config.js,test/runtime/samples/dev-warning-readonly-computed/_config.js,modified,test/runtime/samples/dev-warning-readonly-computed/_config.js,test,True
feature,sveltejs__svelte-1811,sveltejs/svelte,JavaScript,test/runtime/samples/dev-warning-readonly-window-binding/_config.js,test/runtime/samples/dev-warning-readonly-window-binding/_config.js,modified,test/runtime/samples/dev-warning-readonly-window-binding/_config.js,test,True
feature,sveltejs__svelte-1811,sveltejs/svelte,JavaScript,test/runtime/samples/element-source-location/_config.js,test/runtime/samples/element-source-location/_config.js,modified,test/runtime/samples/element-source-location/_config.js,test,True
feature,sveltejs__svelte-1811,sveltejs/svelte,JavaScript,test/runtime/samples/nested-transition-detach-each/_config.js,test/runtime/samples/nested-transition-detach-each/_config.js,modified,test/runtime/samples/nested-transition-detach-each/_config.js,test,True
feature,sveltejs__svelte-1811,sveltejs/svelte,JavaScript,test/runtime/samples/set-clones-input/_config.js,test/runtime/samples/set-clones-input/_config.js,modified,test/runtime/samples/set-clones-input/_config.js,test,True
feature,sveltejs__svelte-1811,sveltejs/svelte,JavaScript,test/runtime/samples/store-onstate-dollar/_config.js,test/runtime/samples/store-onstate-dollar/_config.js,modified,test/runtime/samples/store-onstate-dollar/_config.js,test,True
feature,sveltejs__svelte-1811,sveltejs/svelte,JavaScript,test/server-side-rendering/index.js,test/server-side-rendering/index.js,modified,test/server-side-rendering/index.js,test,True
feature,sveltejs__svelte-2187,sveltejs/svelte,JavaScript,src/compile/Component.ts,src/compile/Component.ts,modified,src/compile/Component.ts,code,True
feature,sveltejs__svelte-2187,sveltejs/svelte,JavaScript,src/compile/nodes/shared/Expression.ts,src/compile/nodes/shared/Expression.ts,modified,src/compile/nodes/shared/Expression.ts,code,True
feature,sveltejs__svelte-2187,sveltejs/svelte,JavaScript,src/compile/render-dom/index.ts,src/compile/render-dom/index.ts,modified,src/compile/render-dom/index.ts,code,True
feature,sveltejs__svelte-2187,sveltejs/svelte,JavaScript,src/compile/render-ssr/index.ts,src/compile/render-ssr/index.ts,modified,src/compile/render-ssr/index.ts,code,True
feature,sveltejs__svelte-2187,sveltejs/svelte,JavaScript,test/runtime/samples/props-excludes-external/RenderProps.svelte,/dev/null,deleted,test/runtime/samples/props-excludes-external/RenderProps.svelte,test,True
feature,sveltejs__svelte-2187,sveltejs/svelte,JavaScript,test/runtime/samples/props-implicit/_config.js,/dev/null,deleted,test/runtime/samples/props-implicit/_config.js,test,True
feature,sveltejs__svelte-2187,sveltejs/svelte,JavaScript,test/runtime/samples/props-implicit/main.svelte,/dev/null,deleted,test/runtime/samples/props-implicit/main.svelte,test,True
feature,sveltejs__svelte-2187,sveltejs/svelte,JavaScript,test/runtime/samples/props-undeclared/_config.js,/dev/null,deleted,test/runtime/samples/props-undeclared/_config.js,test,True
feature,sveltejs__svelte-2187,sveltejs/svelte,JavaScript,test/runtime/samples/props-undeclared/main.svelte,/dev/null,deleted,test/runtime/samples/props-undeclared/main.svelte,test,True
feature,sveltejs__svelte-2187,sveltejs/svelte,JavaScript,/dev/null,test/runtime/samples/props/RenderProps.svelte,added,test/runtime/samples/props/RenderProps.svelte,test,False
feature,sveltejs__svelte-2187,sveltejs/svelte,JavaScript,test/runtime/samples/props-excludes-external/_config.js,test/runtime/samples/props/_config.js,renamed,test/runtime/samples/props-excludes-external/_config.js,test,True
feature,sveltejs__svelte-2187,sveltejs/svelte,JavaScript,test/runtime/samples/props-excludes-external/main.svelte,test/runtime/samples/props/main.svelte,renamed,test/runtime/samples/props-excludes-external/main.svelte,test,True
feature,sveltejs__svelte-2187,sveltejs/svelte,JavaScript,test/runtime/samples/spread-own-props/main.svelte,test/runtime/samples/spread-own-props/main.svelte,modified,test/runtime/samples/spread-own-props/main.svelte,test,True
feature,sveltejs__svelte-2187,sveltejs/svelte,JavaScript,/dev/null,test/vars/samples/$$props-logicless/_config.js,added,test/vars/samples/$$props-logicless/_config.js,test,False
feature,sveltejs__svelte-2187,sveltejs/svelte,JavaScript,/dev/null,test/vars/samples/$$props-logicless/input.svelte,added,test/vars/samples/$$props-logicless/input.svelte,test,False
feature,sveltejs__svelte-2187,sveltejs/svelte,JavaScript,/dev/null,test/vars/samples/$$props/_config.js,added,test/vars/samples/$$props/_config.js,test,False
feature,sveltejs__svelte-2187,sveltejs/svelte,JavaScript,/dev/null,test/vars/samples/$$props/input.svelte,added,test/vars/samples/$$props/input.svelte,test,False
feature,sveltejs__svelte-5442,sveltejs/svelte,JavaScript,CHANGELOG.md,CHANGELOG.md,modified,CHANGELOG.md,code,True
feature,sveltejs__svelte-5442,sveltejs/svelte,JavaScript,site/content/docs/02-template-syntax.md,site/content/docs/02-template-syntax.md,modified,site/content/docs/02-template-syntax.md,code,True
feature,sveltejs__svelte-5442,sveltejs/svelte,JavaScript,site/content/tutorial/05-events/03-event-modifiers/text.md,site/content/tutorial/05-events/03-event-modifiers/text.md,modified,site/content/tutorial/05-events/03-event-modifiers/text.md,code,True
feature,sveltejs__svelte-5442,sveltejs/svelte,JavaScript,src/compiler/compile/nodes/Element.ts,src/compiler/compile/nodes/Element.ts,modified,src/compiler/compile/nodes/Element.ts,code,True
feature,sveltejs__svelte-5442,sveltejs/svelte,JavaScript,src/compiler/compile/render_dom/wrappers/Element/EventHandler.ts,src/compiler/compile/render_dom/wrappers/Element/EventHandler.ts,modified,src/compiler/compile/render_dom/wrappers/Element/EventHandler.ts,code,True
feature,sveltejs__svelte-5442,sveltejs/svelte,JavaScript,test/js/samples/event-modifiers/expected.js,test/js/samples/event-modifiers/expected.js,modified,test/js/samples/event-modifiers/expected.js,test,True
feature,sveltejs__svelte-5442,sveltejs/svelte,JavaScript,test/js/samples/event-modifiers/input.svelte,test/js/samples/event-modifiers/input.svelte,modified,test/js/samples/event-modifiers/input.svelte,test,True
feature,sveltejs__svelte-5442,sveltejs/svelte,JavaScript,/dev/null,test/validator/samples/event-modifiers-invalid-nonpassive/errors.json,added,test/validator/samples/event-modifiers-invalid-nonpassive/errors.json,test,False
feature,sveltejs__svelte-5442,sveltejs/svelte,JavaScript,/dev/null,test/validator/samples/event-modifiers-invalid-nonpassive/input.svelte,added,test/validator/samples/event-modifiers-invalid-nonpassive/input.svelte,test,False
feature,sveltejs__svelte-5442,sveltejs/svelte,JavaScript,test/validator/samples/event-modifiers-invalid/errors.json,test/validator/samples/event-modifiers-invalid/errors.json,modified,test/validator/samples/event-modifiers-invalid/errors.json,test,True
feature,sveltejs__svelte-6223,sveltejs/svelte,JavaScript,src/compiler/compile/css/Selector.ts,src/compiler/compile/css/Selector.ts,modified,src/compiler/compile/css/Selector.ts,code,True
feature,sveltejs__svelte-6223,sveltejs/svelte,JavaScript,/dev/null,test/css/samples/global-compound-selector/_config.js,added,test/css/samples/global-compound-selector/_config.js,test,False
feature,sveltejs__svelte-6223,sveltejs/svelte,JavaScript,/dev/null,test/css/samples/global-compound-selector/expected.css,added,test/css/samples/global-compound-selector/expected.css,test,False
feature,sveltejs__svelte-6223,sveltejs/svelte,JavaScript,/dev/null,test/css/samples/global-compound-selector/expected.html,added,test/css/samples/global-compound-selector/expected.html,test,False
feature,sveltejs__svelte-6223,sveltejs/svelte,JavaScript,/dev/null,test/css/samples/global-compound-selector/input.svelte,added,test/css/samples/global-compound-selector/input.svelte,test,False
feature,sveltejs__svelte-6223,sveltejs/svelte,JavaScript,test/css/samples/global/expected.css,test/css/samples/global/expected.css,modified,test/css/samples/global/expected.css,test,True
feature,sveltejs__svelte-6223,sveltejs/svelte,JavaScript,test/css/samples/global/input.svelte,test/css/samples/global/input.svelte,modified,test/css/samples/global/input.svelte,test,True
feature,sveltejs__svelte-6223,sveltejs/svelte,JavaScript,test/validator/samples/css-invalid-global/errors.json,/dev/null,deleted,test/validator/samples/css-invalid-global/errors.json,test,True
feature,sveltejs__svelte-6223,sveltejs/svelte,JavaScript,test/validator/samples/css-invalid-global/input.svelte,/dev/null,deleted,test/validator/samples/css-invalid-global/input.svelte,test,True
feature,sveltejs__svelte-6528,sveltejs/svelte,JavaScript,site/content/docs/03-run-time.md,site/content/docs/03-run-time.md,modified,site/content/docs/03-run-time.md,code,True
feature,sveltejs__svelte-6528,sveltejs/svelte,JavaScript,src/runtime/index.ts,src/runtime/index.ts,modified,src/runtime/index.ts,code,True
feature,sveltejs__svelte-6528,sveltejs/svelte,JavaScript,src/runtime/internal/lifecycle.ts,src/runtime/internal/lifecycle.ts,modified,src/runtime/internal/lifecycle.ts,code,True
feature,sveltejs__svelte-6528,sveltejs/svelte,JavaScript,src/runtime/ssr.ts,src/runtime/ssr.ts,modified,src/runtime/ssr.ts,code,True
feature,sveltejs__svelte-6528,sveltejs/svelte,JavaScript,/dev/null,test/runtime/samples/context-api-d/Leaf.svelte,added,test/runtime/samples/context-api-d/Leaf.svelte,test,False
feature,sveltejs__svelte-6528,sveltejs/svelte,JavaScript,/dev/null,test/runtime/samples/context-api-d/Nested.svelte,added,test/runtime/samples/context-api-d/Nested.svelte,test,False
feature,sveltejs__svelte-6528,sveltejs/svelte,JavaScript,/dev/null,test/runtime/samples/context-api-d/_config.js,added,test/runtime/samples/context-api-d/_config.js,test,False
feature,sveltejs__svelte-6528,sveltejs/svelte,JavaScript,/dev/null,test/runtime/samples/context-api-d/main.svelte,added,test/runtime/samples/context-api-d/main.svelte,test,False
feature,sveltejs__svelte-6564,sveltejs/svelte,JavaScript,src/compiler/parse/state/mustache.ts,src/compiler/parse/state/mustache.ts,modified,src/compiler/parse/state/mustache.ts,code,True
feature,sveltejs__svelte-6564,sveltejs/svelte,JavaScript,/dev/null,test/runtime/samples/await-catch-no-expression/_config.js,added,test/runtime/samples/await-catch-no-expression/_config.js,test,False
feature,sveltejs__svelte-6564,sveltejs/svelte,JavaScript,/dev/null,test/runtime/samples/await-catch-no-expression/main.svelte,added,test/runtime/samples/await-catch-no-expression/main.svelte,test,False
feature,sveltejs__svelte-6564,sveltejs/svelte,JavaScript,/dev/null,test/runtime/samples/await-then-no-expression/_config.js,added,test/runtime/samples/await-then-no-expression/_config.js,test,False
feature,sveltejs__svelte-6564,sveltejs/svelte,JavaScript,/dev/null,test/runtime/samples/await-then-no-expression/main.svelte,added,test/runtime/samples/await-then-no-expression/main.svelte,test,False
feature,sveltejs__svelte-6613,sveltejs/svelte,JavaScript,src/compiler/compile/nodes/Element.ts,src/compiler/compile/nodes/Element.ts,modified,src/compiler/compile/nodes/Element.ts,code,True
feature,sveltejs__svelte-6613,sveltejs/svelte,JavaScript,/dev/null,test/js/samples/collapse-element-class-name/expected.js,added,test/js/samples/collapse-element-class-name/expected.js,test,False
feature,sveltejs__svelte-6613,sveltejs/svelte,JavaScript,/dev/null,test/js/samples/collapse-element-class-name/input.svelte,added,test/js/samples/collapse-element-class-name/input.svelte,test,False
feature,sveltejs__svelte-6613,sveltejs/svelte,JavaScript,test/server-side-rendering/samples/spread-attributes-white-space/_expected.html,test/server-side-rendering/samples/spread-attributes-white-space/_expected.html,modified,test/server-side-rendering/samples/spread-attributes-white-space/_expected.html,test,True
feature,sveltejs__svelte-6838,sveltejs/svelte,JavaScript,src/compiler/compile/compiler_errors.ts,src/compiler/compile/compiler_errors.ts,modified,src/compiler/compile/compiler_errors.ts,code,True
feature,sveltejs__svelte-6838,sveltejs/svelte,JavaScript,src/compiler/compile/nodes/Animation.ts,src/compiler/compile/nodes/Animation.ts,modified,src/compiler/compile/nodes/Animation.ts,code,True
feature,sveltejs__svelte-6838,sveltejs/svelte,JavaScript,test/validator/samples/animation-not-in-keyed-each/errors.json,test/validator/samples/animation-not-in-keyed-each/errors.json,modified,test/validator/samples/animation-not-in-keyed-each/errors.json,test,True
feature,prettier__prettier-16765,prettier/prettier,JavaScript,/dev/null,changelog_unreleased/html/16765.md,added,changelog_unreleased/html/16765.md,code,False
feature,prettier__prettier-16765,prettier/prettier,JavaScript,src/language-html/print/tag.js,src/language-html/print/tag.js,modified,src/language-html/print/tag.js,code,True
feature,prettier__prettier-16765,prettier/prettier,JavaScript,/dev/null,tests/format/filename-matters/html-doctype/__snapshots__/format.test.js.snap,added,tests/format/filename-matters/html-doctype/__snapshots__/format.test.js.snap,test,False
feature,prettier__prettier-16765,prettier/prettier,JavaScript,/dev/null,tests/format/filename-matters/html-doctype/format.test.js,added,tests/format/filename-matters/html-doctype/format.test.js,test,False
feature,prettier__prettier-16765,prettier/prettier,JavaScript,/dev/null,tests/format/filename-matters/html-doctype/xhtml-doctype.xhtml,added,tests/format/filename-matters/html-doctype/xhtml-doctype.xhtml,test,False
feature,prettier__prettier-14317,prettier/prettier,JavaScript,/dev/null,changelog_unreleased/api/14317.md,added,changelog_unreleased/api/14317.md,code,False
feature,prettier__prettier-14317,prettier/prettier,JavaScript,docs/plugins.md,docs/plugins.md,modified,docs/plugins.md,code,True
feature,prettier__prettier-14317,prettier/prettier,JavaScript,src/common/util-shared.js,src/common/util-shared.js,modified,src/common/util-shared.js,code,True
feature,prettier__prettier-14317,prettier/prettier,JavaScript,src/common/util.js,src/common/util.js,modified,src/common/util.js,code,True
feature,prettier__prettier-14317,prettier/prettier,JavaScript,tests/integration/__tests__/util-shared.js,tests/integration/__tests__/util-shared.js,modified,tests/integration/__tests__/util-shared.js,test,True
feature,prettier__prettier-14108,prettier/prettier,JavaScript,/dev/null,changelog_unreleased/api/14108.md,added,changelog_unreleased/api/14108.md,code,False
feature,prettier__prettier-14108,prettier/prettier,JavaScript,docs/api.md,docs/api.md,modified,docs/api.md,code,True
feature,prettier__prettier-14108,prettier/prettier,JavaScript,src/common/get-file-info.js,src/common/get-file-info.js,modified,src/common/get-file-info.js,code,True
feature,prettier__prettier-14108,prettier/prettier,JavaScript,tests/integration/__tests__/file-info.js,tests/integration/__tests__/file-info.js,modified,tests/integration/__tests__/file-info.js,test,True
feature,prettier__prettier-10910,prettier/prettier,JavaScript,src/language-js/clean.js,src/language-js/clean.js,modified,src/language-js/clean.js,code,True
feature,prettier__prettier-10910,prettier/prettier,JavaScript,src/language-js/comments.js,src/language-js/comments.js,modified,src/language-js/comments.js,code,True
feature,prettier__prettier-10910,prettier/prettier,JavaScript,src/language-js/index.js,src/language-js/index.js,modified,src/language-js/index.js,code,True
feature,prettier__prettier-10910,prettier/prettier,JavaScript,src/language-js/parser-babel.js,src/language-js/parser-babel.js,modified,src/language-js/parser-babel.js,code,True
feature,prettier__prettier-10910,prettier/prettier,JavaScript,src/language-js/print/call-arguments.js,src/language-js/print/call-arguments.js,modified,src/language-js/print/call-arguments.js,code,True
feature,prettier__prettier-10910,prettier/prettier,JavaScript,src/language-js/print/literal.js,src/language-js/print/literal.js,modified,src/language-js/print/literal.js,code,True
feature,prettier__prettier-10910,prettier/prettier,JavaScript,src/language-js/utils.js,src/language-js/utils.js,modified,src/language-js/utils.js,code,True
feature,prettier__prettier-10910,prettier/prettier,JavaScript,src/main/range-util.js,src/main/range-util.js,modified,src/main/range-util.js,code,True
feature,prettier__prettier-10910,prettier/prettier,JavaScript,tests/config/format-test.js,tests/config/format-test.js,modified,tests/config/format-test.js,test,True
feature,prettier__prettier-10910,prettier/prettier,JavaScript,tests/format/flow/comments/__snapshots__/jsfmt.spec.js.snap,tests/format/flow/comments/__snapshots__/jsfmt.spec.js.snap,modified,tests/format/flow/comments/__snapshots__/jsfmt.spec.js.snap,test,True
feature,prettier__prettier-10910,prettier/prettier,JavaScript,tests/format/flow/comments/jsfmt.spec.js,tests/format/flow/comments/jsfmt.spec.js,modified,tests/format/flow/comments/jsfmt.spec.js,test,True
feature,prettier__prettier-10910,prettier/prettier,JavaScript,tests/format/js/call/invalid/__snapshots__/jsfmt.spec.js.snap,tests/format/js/call/invalid/__snapshots__/jsfmt.spec.js.snap,modified,tests/format/js/call/invalid/__snapshots__/jsfmt.spec.js.snap,test,True
feature,prettier__prettier-10910,prettier/prettier,JavaScript,tests/format/js/call/invalid/jsfmt.spec.js,tests/format/js/call/invalid/jsfmt.spec.js,modified,tests/format/js/call/invalid/jsfmt.spec.js,test,True
feature,prettier__prettier-10910,prettier/prettier,JavaScript,tests/format/js/tuple/__snapshots__/jsfmt.spec.js.snap,tests/format/js/tuple/__snapshots__/jsfmt.spec.js.snap,modified,tests/format/js/tuple/__snapshots__/jsfmt.spec.js.snap,test,True
feature,prettier__prettier-10910,prettier/prettier,JavaScript,tests/format/js/tuple/jsfmt.spec.js,tests/format/js/tuple/jsfmt.spec.js,modified,tests/format/js/tuple/jsfmt.spec.js,test,True
feature,prettier__prettier-10910,prettier/prettier,JavaScript,tests/format/typescript/typeparams/consistent/__snapshots__/jsfmt.spec.js.snap,tests/format/typescript/typeparams/consistent/__snapshots__/jsfmt.spec.js.snap,modified,tests/format/typescript/typeparams/consistent/__snapshots__/jsfmt.spec.js.snap,test,True
feature,prettier__prettier-10910,prettier/prettier,JavaScript,tests/format/typescript/typeparams/consistent/jsfmt.spec.js,tests/format/typescript/typeparams/consistent/jsfmt.spec.js,modified,tests/format/typescript/typeparams/consistent/jsfmt.spec.js,test,True
feature,prettier__prettier-10109,prettier/prettier,JavaScript,/dev/null,changelog_unreleased/typescript/10109.md,added,changelog_unreleased/typescript/10109.md,code,False
feature,prettier__prettier-10109,prettier/prettier,JavaScript,src/language-js/print/type-parameters.js,src/language-js/print/type-parameters.js,modified,src/language-js/print/type-parameters.js,code,True
feature,prettier__prettier-10109,prettier/prettier,JavaScript,tests/typescript/trailing-comma/__snapshots__/jsfmt.spec.js.snap,tests/typescript/trailing-comma/__snapshots__/jsfmt.spec.js.snap,modified,tests/typescript/trailing-comma/__snapshots__/jsfmt.spec.js.snap,test,True
feature,prettier__prettier-10109,prettier/prettier,JavaScript,/dev/null,tests/typescript/trailing-comma/arrow-functions.tsx,added,tests/typescript/trailing-comma/arrow-functions.tsx,test,False
feature,prettier__prettier-10109,prettier/prettier,JavaScript,tests/typescript/trailing-comma/jsfmt.spec.js,tests/typescript/trailing-comma/jsfmt.spec.js,modified,tests/typescript/trailing-comma/jsfmt.spec.js,test,True
feature,prettier__prettier-10109,prettier/prettier,JavaScript,/dev/null,tests/typescript/trailing-comma/type-parameters.ts,added,tests/typescript/trailing-comma/type-parameters.ts,test,False
feature,prettier__prettier-8465,prettier/prettier,JavaScript,changelog_unreleased/vue/pr-8023.md,changelog_unreleased/vue/pr-8023.md,modified,changelog_unreleased/vue/pr-8023.md,code,True
feature,prettier__prettier-8465,prettier/prettier,JavaScript,jest.config.js,jest.config.js,modified,jest.config.js,code,True
feature,prettier__prettier-8465,prettier/prettier,JavaScript,src/language-html/printer-html.js,src/language-html/printer-html.js,modified,src/language-html/printer-html.js,code,True
feature,prettier__prettier-8465,prettier/prettier,JavaScript,src/language-html/utils.js,src/language-html/utils.js,modified,src/language-html/utils.js,code,True
feature,prettier__prettier-8465,prettier/prettier,JavaScript,tests/vue/custom_block/__snapshots__/jsfmt.spec.js.snap,tests/vue/custom_block/__snapshots__/jsfmt.spec.js.snap,modified,tests/vue/custom_block/__snapshots__/jsfmt.spec.js.snap,test,True
feature,prettier__prettier-8465,prettier/prettier,JavaScript,/dev/null,tests/vue/with-plugins/__snapshots__/jsfmt.spec.js.snap,added,tests/vue/with-plugins/__snapshots__/jsfmt.spec.js.snap,test,False
feature,prettier__prettier-8465,prettier/prettier,JavaScript,/dev/null,tests/vue/with-plugins/custom-block-lang.vue,added,tests/vue/with-plugins/custom-block-lang.vue,test,False
feature,prettier__prettier-8465,prettier/prettier,JavaScript,/dev/null,tests/vue/with-plugins/inline.vue,added,tests/vue/with-plugins/inline.vue,test,False
feature,prettier__prettier-8465,prettier/prettier,JavaScript,/dev/null,tests/vue/with-plugins/jsfmt.spec.js,added,tests/vue/with-plugins/jsfmt.spec.js,test,False
feature,prettier__prettier-8465,prettier/prettier,JavaScript,/dev/null,tests/vue/with-plugins/script-lang.vue,added,tests/vue/with-plugins/script-lang.vue,test,False
feature,prettier__prettier-8465,prettier/prettier,JavaScript,/dev/null,tests/vue/with-plugins/style-lang.vue,added,tests/vue/with-plugins/style-lang.vue,test,False
feature,prettier__prettier-8465,prettier/prettier,JavaScript,/dev/null,tests/vue/with-plugins/template-lang.vue,added,tests/vue/with-plugins/template-lang.vue,test,False
feature,prettier__prettier-8465,prettier/prettier,JavaScript,/dev/null,tests/vue/with-plugins/whitspace.vue,added,tests/vue/with-plugins/whitspace.vue,test,False
feature,prettier__prettier-8465,prettier/prettier,JavaScript,/dev/null,tests_config/prettier-plugins/prettier-plugin-uppercase-rocks/main.js,added,tests_config/prettier-plugins/prettier-plugin-uppercase-rocks/main.js,test,False
feature,prettier__prettier-8465,prettier/prettier,JavaScript,/dev/null,tests_config/prettier-plugins/prettier-plugin-uppercase-rocks/package.json,added,tests_config/prettier-plugins/prettier-plugin-uppercase-rocks/package.json,test,False
feature,prettier__prettier-8465,prettier/prettier,JavaScript,tests_config/utils/compose-options-for-snapshot.js,tests_config/utils/compose-options-for-snapshot.js,modified,tests_config/utils/compose-options-for-snapshot.js,test,True
feature,prettier__prettier-8465,prettier/prettier,JavaScript,tests_config/utils/stringify-options-for-title.js,tests_config/utils/stringify-options-for-title.js,modified,tests_config/utils/stringify-options-for-title.js,test,True
feature,prettier__prettier-8381,prettier/prettier,JavaScript,/dev/null,changelog_unreleased/html/pr-8381.md,added,changelog_unreleased/html/pr-8381.md,code,False
feature,prettier__prettier-8381,prettier/prettier,JavaScript,src/common/util.js,src/common/util.js,modified,src/common/util.js,code,True
feature,prettier__prettier-8381,prettier/prettier,JavaScript,src/language-css/clean.js,src/language-css/clean.js,modified,src/language-css/clean.js,code,True
feature,prettier__prettier-8381,prettier/prettier,JavaScript,src/language-css/embed.js,src/language-css/embed.js,modified,src/language-css/embed.js,code,True
feature,prettier__prettier-8381,prettier/prettier,JavaScript,src/language-css/printer-postcss.js,src/language-css/printer-postcss.js,modified,src/language-css/printer-postcss.js,code,True
feature,prettier__prettier-8381,prettier/prettier,JavaScript,src/language-html/clean.js,src/language-html/clean.js,modified,src/language-html/clean.js,code,True
feature,prettier__prettier-8381,prettier/prettier,JavaScript,src/language-html/printer-html.js,src/language-html/printer-html.js,modified,src/language-html/printer-html.js,code,True
feature,prettier__prettier-8381,prettier/prettier,JavaScript,src/language-html/utils.js,src/language-html/utils.js,modified,src/language-html/utils.js,code,True
feature,prettier__prettier-8381,prettier/prettier,JavaScript,src/language-markdown/embed.js,src/language-markdown/embed.js,modified,src/language-markdown/embed.js,code,True
feature,prettier__prettier-8381,prettier/prettier,JavaScript,src/language-markdown/printer-markdown.js,src/language-markdown/printer-markdown.js,modified,src/language-markdown/printer-markdown.js,code,True
feature,prettier__prettier-8381,prettier/prettier,JavaScript,src/utils/front-matter.js,src/utils/front-matter.js,modified,src/utils/front-matter.js,code,True
feature,prettier__prettier-8381,prettier/prettier,JavaScript,/dev/null,tests/css/front-matter/__snapshots__/jsfmt.spec.js.snap,added,tests/css/front-matter/__snapshots__/jsfmt.spec.js.snap,test,False
feature,prettier__prettier-8381,prettier/prettier,JavaScript,/dev/null,tests/css/front-matter/custom-parser.css,added,tests/css/front-matter/custom-parser.css,test,False
feature,prettier__prettier-8381,prettier/prettier,JavaScript,/dev/null,tests/css/front-matter/jsfmt.spec.js,added,tests/css/front-matter/jsfmt.spec.js,test,False
feature,prettier__prettier-8381,prettier/prettier,JavaScript,/dev/null,tests/html/front-matter/__snapshots__/jsfmt.spec.js.snap,added,tests/html/front-matter/__snapshots__/jsfmt.spec.js.snap,test,False
feature,prettier__prettier-8381,prettier/prettier,JavaScript,/dev/null,tests/html/front-matter/custom-parser.html,added,tests/html/front-matter/custom-parser.html,test,False
feature,prettier__prettier-8381,prettier/prettier,JavaScript,/dev/null,tests/html/front-matter/jsfmt.spec.js,added,tests/html/front-matter/jsfmt.spec.js,test,False
feature,prettier__prettier-8381,prettier/prettier,JavaScript,/dev/null,tests/markdown/front-matter/__snapshots__/jsfmt.spec.js.snap,added,tests/markdown/front-matter/__snapshots__/jsfmt.spec.js.snap,test,False
feature,prettier__prettier-8381,prettier/prettier,JavaScript,/dev/null,tests/markdown/front-matter/custom-parser.md,added,tests/markdown/front-matter/custom-parser.md,test,False
feature,prettier__prettier-8381,prettier/prettier,JavaScript,/dev/null,tests/markdown/front-matter/jsfmt.spec.js,added,tests/markdown/front-matter/jsfmt.spec.js,test,False
feature,prettier__prettier-4667,prettier/prettier,JavaScript,src/config/resolve-config.js,src/config/resolve-config.js,modified,src/config/resolve-config.js,code,True
feature,prettier__prettier-4667,prettier/prettier,JavaScript,tests_integration/__tests__/config-resolution.js,tests_integration/__tests__/config-resolution.js,modified,tests_integration/__tests__/config-resolution.js,test,True
feature,prettier__prettier-4667,prettier/prettier,JavaScript,/dev/null,tests_integration/cli/config/resolve-relative/.prettierrc,added,tests_integration/cli/config/resolve-relative/.prettierrc,test,False
feature,prettier__prettier-3903,prettier/prettier,JavaScript,/dev/null,changelog_unreleased/javascript/pr-3903.md,added,changelog_unreleased/javascript/pr-3903.md,code,False
feature,prettier__prettier-3903,prettier/prettier,JavaScript,src/language-js/printer-estree.js,src/language-js/printer-estree.js,modified,src/language-js/printer-estree.js,code,True
feature,prettier__prettier-3903,prettier/prettier,JavaScript,tests/async/__snapshots__/jsfmt.spec.js.snap,tests/async/__snapshots__/jsfmt.spec.js.snap,modified,tests/async/__snapshots__/jsfmt.spec.js.snap,test,True
feature,prettier__prettier-3903,prettier/prettier,JavaScript,tests/class_extends/__snapshots__/jsfmt.spec.js.snap,tests/class_extends/__snapshots__/jsfmt.spec.js.snap,modified,tests/class_extends/__snapshots__/jsfmt.spec.js.snap,test,True
feature,prettier__prettier-3903,prettier/prettier,JavaScript,tests/comments/__snapshots__/jsfmt.spec.js.snap,tests/comments/__snapshots__/jsfmt.spec.js.snap,modified,tests/comments/__snapshots__/jsfmt.spec.js.snap,test,True
feature,prettier__prettier-3903,prettier/prettier,JavaScript,tests/conditional/__snapshots__/jsfmt.spec.js.snap,tests/conditional/__snapshots__/jsfmt.spec.js.snap,modified,tests/conditional/__snapshots__/jsfmt.spec.js.snap,test,True
feature,prettier__prettier-3903,prettier/prettier,JavaScript,tests/cursor/__snapshots__/jsfmt.spec.js.snap,tests/cursor/__snapshots__/jsfmt.spec.js.snap,modified,tests/cursor/__snapshots__/jsfmt.spec.js.snap,test,True
feature,prettier__prettier-3903,prettier/prettier,JavaScript,tests/destructuring/__snapshots__/jsfmt.spec.js.snap,tests/destructuring/__snapshots__/jsfmt.spec.js.snap,modified,tests/destructuring/__snapshots__/jsfmt.spec.js.snap,test,True
feature,prettier__prettier-3903,prettier/prettier,JavaScript,tests/empty_paren_comment/__snapshots__/jsfmt.spec.js.snap,tests/empty_paren_comment/__snapshots__/jsfmt.spec.js.snap,modified,tests/empty_paren_comment/__snapshots__/jsfmt.spec.js.snap,test,True
feature,prettier__prettier-3903,prettier/prettier,JavaScript,tests/es6modules/__snapshots__/jsfmt.spec.js.snap,tests/es6modules/__snapshots__/jsfmt.spec.js.snap,modified,tests/es6modules/__snapshots__/jsfmt.spec.js.snap,test,True
feature,prettier__prettier-3903,prettier/prettier,JavaScript,tests/export_default/__snapshots__/jsfmt.spec.js.snap,tests/export_default/__snapshots__/jsfmt.spec.js.snap,modified,tests/export_default/__snapshots__/jsfmt.spec.js.snap,test,True
feature,prettier__prettier-3903,prettier/prettier,JavaScript,tests/first_argument_expansion/__snapshots__/jsfmt.spec.js.snap,tests/first_argument_expansion/__snapshots__/jsfmt.spec.js.snap,modified,tests/first_argument_expansion/__snapshots__/jsfmt.spec.js.snap,test,True
feature,prettier__prettier-3903,prettier/prettier,JavaScript,tests/flow/annot/__snapshots__/jsfmt.spec.js.snap,tests/flow/annot/__snapshots__/jsfmt.spec.js.snap,modified,tests/flow/annot/__snapshots__/jsfmt.spec.js.snap,test,True
feature,prettier__prettier-3903,prettier/prettier,JavaScript,tests/flow/arith/__snapshots__/jsfmt.spec.js.snap,tests/flow/arith/__snapshots__/jsfmt.spec.js.snap,modified,tests/flow/arith/__snapshots__/jsfmt.spec.js.snap,test,True
feature,prettier__prettier-3903,prettier/prettier,JavaScript,tests/flow/arraylib/__snapshots__/jsfmt.spec.js.snap,tests/flow/arraylib/__snapshots__/jsfmt.spec.js.snap,modified,tests/flow/arraylib/__snapshots__/jsfmt.spec.js.snap,test,True
feature,prettier__prettier-3903,prettier/prettier,JavaScript,tests/flow/async/__snapshots__/jsfmt.spec.js.snap,tests/flow/async/__snapshots__/jsfmt.spec.js.snap,modified,tests/flow/async/__snapshots__/jsfmt.spec.js.snap,test,True
feature,prettier__prettier-3903,prettier/prettier,JavaScript,tests/flow/async_iteration/__snapshots__/jsfmt.spec.js.snap,tests/flow/async_iteration/__snapshots__/jsfmt.spec.js.snap,modified,tests/flow/async_iteration/__snapshots__/jsfmt.spec.js.snap,test,True
feature,prettier__prettier-3903,prettier/prettier,JavaScript,tests/flow/binary/__snapshots__/jsfmt.spec.js.snap,tests/flow/binary/__snapshots__/jsfmt.spec.js.snap,modified,tests/flow/binary/__snapshots__/jsfmt.spec.js.snap,test,True
feature,prettier__prettier-3903,prettier/prettier,JavaScript,tests/flow/builtins/__snapshots__/jsfmt.spec.js.snap,tests/flow/builtins/__snapshots__/jsfmt.spec.js.snap,modified,tests/flow/builtins/__snapshots__/jsfmt.spec.js.snap,test,True
feature,prettier__prettier-3903,prettier/prettier,JavaScript,tests/flow/call_properties/__snapshots__/jsfmt.spec.js.snap,tests/flow/call_properties/__snapshots__/jsfmt.spec.js.snap,modified,tests/flow/call_properties/__snapshots__/jsfmt.spec.js.snap,test,True
feature,prettier__prettier-3903,prettier/prettier,JavaScript,tests/flow/class_statics/__snapshots__/jsfmt.spec.js.snap,tests/flow/class_statics/__snapshots__/jsfmt.spec.js.snap,modified,tests/flow/class_statics/__snapshots__/jsfmt.spec.js.snap,test,True
feature,prettier__prettier-3903,prettier/prettier,JavaScript,tests/flow/closure/__snapshots__/jsfmt.spec.js.snap,tests/flow/closure/__snapshots__/jsfmt.spec.js.snap,modified,tests/flow/closure/__snapshots__/jsfmt.spec.js.snap,test,True
feature,prettier__prettier-3903,prettier/prettier,JavaScript,tests/flow/computed_props/__snapshots__/jsfmt.spec.js.snap,tests/flow/computed_props/__snapshots__/jsfmt.spec.js.snap,modified,tests/flow/computed_props/__snapshots__/jsfmt.spec.js.snap,test,True
feature,prettier__prettier-3903,prettier/prettier,JavaScript,tests/flow/core_tests/__snapshots__/jsfmt.spec.js.snap,tests/flow/core_tests/__snapshots__/jsfmt.spec.js.snap,modified,tests/flow/core_tests/__snapshots__/jsfmt.spec.js.snap,test,True
feature,prettier__prettier-3903,prettier/prettier,JavaScript,tests/flow/dictionary/__snapshots__/jsfmt.spec.js.snap,tests/flow/dictionary/__snapshots__/jsfmt.spec.js.snap,modified,tests/flow/dictionary/__snapshots__/jsfmt.spec.js.snap,test,True
feature,prettier__prettier-3903,prettier/prettier,JavaScript,tests/flow/dom/__snapshots__/jsfmt.spec.js.snap,tests/flow/dom/__snapshots__/jsfmt.spec.js.snap,modified,tests/flow/dom/__snapshots__/jsfmt.spec.js.snap,test,True
feature,prettier__prettier-3903,prettier/prettier,JavaScript,tests/flow/es6modules/__snapshots__/jsfmt.spec.js.snap,tests/flow/es6modules/__snapshots__/jsfmt.spec.js.snap,modified,tests/flow/es6modules/__snapshots__/jsfmt.spec.js.snap,test,True
feature,prettier__prettier-3903,prettier/prettier,JavaScript,tests/flow/facebookisms/__snapshots__/jsfmt.spec.js.snap,tests/flow/facebookisms/__snapshots__/jsfmt.spec.js.snap,modified,tests/flow/facebookisms/__snapshots__/jsfmt.spec.js.snap,test,True
feature,prettier__prettier-3903,prettier/prettier,JavaScript,tests/flow/fixpoint/__snapshots__/jsfmt.spec.js.snap,tests/flow/fixpoint/__snapshots__/jsfmt.spec.js.snap,modified,tests/flow/fixpoint/__snapshots__/jsfmt.spec.js.snap,test,True
feature,prettier__prettier-3903,prettier/prettier,JavaScript,tests/flow/function/__snapshots__/jsfmt.spec.js.snap,tests/flow/function/__snapshots__/jsfmt.spec.js.snap,modified,tests/flow/function/__snapshots__/jsfmt.spec.js.snap,test,True
feature,prettier__prettier-3903,prettier/prettier,JavaScript,tests/flow/generators/__snapshots__/jsfmt.spec.js.snap,tests/flow/generators/__snapshots__/jsfmt.spec.js.snap,modified,tests/flow/generators/__snapshots__/jsfmt.spec.js.snap,test,True
feature,prettier__prettier-3903,prettier/prettier,JavaScript,tests/flow/generics/__snapshots__/jsfmt.spec.js.snap,tests/flow/generics/__snapshots__/jsfmt.spec.js.snap,modified,tests/flow/generics/__snapshots__/jsfmt.spec.js.snap,test,True
feature,prettier__prettier-3903,prettier/prettier,JavaScript,tests/flow/get-def/__snapshots__/jsfmt.spec.js.snap,tests/flow/get-def/__snapshots__/jsfmt.spec.js.snap,modified,tests/flow/get-def/__snapshots__/jsfmt.spec.js.snap,test,True
feature,prettier__prettier-3903,prettier/prettier,JavaScript,tests/flow/immutable_methods/__snapshots__/jsfmt.spec.js.snap,tests/flow/immutable_methods/__snapshots__/jsfmt.spec.js.snap,modified,tests/flow/immutable_methods/__snapshots__/jsfmt.spec.js.snap,test,True
feature,prettier__prettier-3903,prettier/prettier,JavaScript,tests/flow/indexer/__snapshots__/jsfmt.spec.js.snap,tests/flow/indexer/__snapshots__/jsfmt.spec.js.snap,modified,tests/flow/indexer/__snapshots__/jsfmt.spec.js.snap,test,True
feature,prettier__prettier-3903,prettier/prettier,JavaScript,tests/flow/init/__snapshots__/jsfmt.spec.js.snap,tests/flow/init/__snapshots__/jsfmt.spec.js.snap,modified,tests/flow/init/__snapshots__/jsfmt.spec.js.snap,test,True
feature,prettier__prettier-3903,prettier/prettier,JavaScript,tests/flow/keyvalue/__snapshots__/jsfmt.spec.js.snap,tests/flow/keyvalue/__snapshots__/jsfmt.spec.js.snap,modified,tests/flow/keyvalue/__snapshots__/jsfmt.spec.js.snap,test,True
feature,prettier__prettier-3903,prettier/prettier,JavaScript,tests/flow/missing_annotation/__snapshots__/jsfmt.spec.js.snap,tests/flow/missing_annotation/__snapshots__/jsfmt.spec.js.snap,modified,tests/flow/missing_annotation/__snapshots__/jsfmt.spec.js.snap,test,True
feature,prettier__prettier-3903,prettier/prettier,JavaScript,tests/flow/more_annot/__snapshots__/jsfmt.spec.js.snap,tests/flow/more_annot/__snapshots__/jsfmt.spec.js.snap,modified,tests/flow/more_annot/__snapshots__/jsfmt.spec.js.snap,test,True
feature,prettier__prettier-3903,prettier/prettier,JavaScript,tests/flow/more_generics/__snapshots__/jsfmt.spec.js.snap,tests/flow/more_generics/__snapshots__/jsfmt.spec.js.snap,modified,tests/flow/more_generics/__snapshots__/jsfmt.spec.js.snap,test,True
feature,prettier__prettier-3903,prettier/prettier,JavaScript,tests/flow/more_react/__snapshots__/jsfmt.spec.js.snap,tests/flow/more_react/__snapshots__/jsfmt.spec.js.snap,modified,tests/flow/more_react/__snapshots__/jsfmt.spec.js.snap,test,True
feature,prettier__prettier-3903,prettier/prettier,JavaScript,tests/flow/namespace/__snapshots__/jsfmt.spec.js.snap,tests/flow/namespace/__snapshots__/jsfmt.spec.js.snap,modified,tests/flow/namespace/__snapshots__/jsfmt.spec.js.snap,test,True
feature,prettier__prettier-3903,prettier/prettier,JavaScript,tests/flow/new_react/__snapshots__/jsfmt.spec.js.snap,tests/flow/new_react/__snapshots__/jsfmt.spec.js.snap,modified,tests/flow/new_react/__snapshots__/jsfmt.spec.js.snap,test,True
feature,prettier__prettier-3903,prettier/prettier,JavaScript,tests/flow/node_tests/child_process/__snapshots__/jsfmt.spec.js.snap,tests/flow/node_tests/child_process/__snapshots__/jsfmt.spec.js.snap,modified,tests/flow/node_tests/child_process/__snapshots__/jsfmt.spec.js.snap,test,True
feature,prettier__prettier-3903,prettier/prettier,JavaScript,tests/flow/node_tests/crypto/__snapshots__/jsfmt.spec.js.snap,tests/flow/node_tests/crypto/__snapshots__/jsfmt.spec.js.snap,modified,tests/flow/node_tests/crypto/__snapshots__/jsfmt.spec.js.snap,test,True
feature,prettier__prettier-3903,prettier/prettier,JavaScript,tests/flow/object_api/__snapshots__/jsfmt.spec.js.snap,tests/flow/object_api/__snapshots__/jsfmt.spec.js.snap,modified,tests/flow/object_api/__snapshots__/jsfmt.spec.js.snap,test,True
feature,prettier__prettier-3903,prettier/prettier,JavaScript,tests/flow/object_assign/__snapshots__/jsfmt.spec.js.snap,tests/flow/object_assign/__snapshots__/jsfmt.spec.js.snap,modified,tests/flow/object_assign/__snapshots__/jsfmt.spec.js.snap,test,True
feature,prettier__prettier-3903,prettier/prettier,JavaScript,tests/flow/object_freeze/__snapshots__/jsfmt.spec.js.snap,tests/flow/object_freeze/__snapshots__/jsfmt.spec.js.snap,modified,tests/flow/object_freeze/__snapshots__/jsfmt.spec.js.snap,test,True
feature,prettier__prettier-3903,prettier/prettier,JavaScript,tests/flow/objects/__snapshots__/jsfmt.spec.js.snap,tests/flow/objects/__snapshots__/jsfmt.spec.js.snap,modified,tests/flow/objects/__snapshots__/jsfmt.spec.js.snap,test,True
feature,prettier__prettier-3903,prettier/prettier,JavaScript,tests/flow/optional/__snapshots__/jsfmt.spec.js.snap,tests/flow/optional/__snapshots__/jsfmt.spec.js.snap,modified,tests/flow/optional/__snapshots__/jsfmt.spec.js.snap,test,True
feature,prettier__prettier-3903,prettier/prettier,JavaScript,tests/flow/plsummit/__snapshots__/jsfmt.spec.js.snap,tests/flow/plsummit/__snapshots__/jsfmt.spec.js.snap,modified,tests/flow/plsummit/__snapshots__/jsfmt.spec.js.snap,test,True
feature,prettier__prettier-3903,prettier/prettier,JavaScript,tests/flow/promises/__snapshots__/jsfmt.spec.js.snap,tests/flow/promises/__snapshots__/jsfmt.spec.js.snap,modified,tests/flow/promises/__snapshots__/jsfmt.spec.js.snap,test,True
feature,prettier__prettier-3903,prettier/prettier,JavaScript,tests/flow/react_modules/__snapshots__/jsfmt.spec.js.snap,tests/flow/react_modules/__snapshots__/jsfmt.spec.js.snap,modified,tests/flow/react_modules/__snapshots__/jsfmt.spec.js.snap,test,True
feature,prettier__prettier-3903,prettier/prettier,JavaScript,tests/flow/refi/__snapshots__/jsfmt.spec.js.snap,tests/flow/refi/__snapshots__/jsfmt.spec.js.snap,modified,tests/flow/refi/__snapshots__/jsfmt.spec.js.snap,test,True
feature,prettier__prettier-3903,prettier/prettier,JavaScript,tests/flow/refinements/__snapshots__/jsfmt.spec.js.snap,tests/flow/refinements/__snapshots__/jsfmt.spec.js.snap,modified,tests/flow/refinements/__snapshots__/jsfmt.spec.js.snap,test,True
feature,prettier__prettier-3903,prettier/prettier,JavaScript,tests/flow/requireLazy/__snapshots__/jsfmt.spec.js.snap,tests/flow/requireLazy/__snapshots__/jsfmt.spec.js.snap,modified,tests/flow/requireLazy/__snapshots__/jsfmt.spec.js.snap,test,True
feature,prettier__prettier-3903,prettier/prettier,JavaScript,tests/flow/sealed/__snapshots__/jsfmt.spec.js.snap,tests/flow/sealed/__snapshots__/jsfmt.spec.js.snap,modified,tests/flow/sealed/__snapshots__/jsfmt.spec.js.snap,test,True
feature,prettier__prettier-3903,prettier/prettier,JavaScript,tests/flow/spread/__snapshots__/jsfmt.spec.js.snap,tests/flow/spread/__snapshots__/jsfmt.spec.js.snap,modified,tests/flow/spread/__snapshots__/jsfmt.spec.js.snap,test,True
feature,prettier__prettier-3903,prettier/prettier,JavaScript,tests/flow/statics/__snapshots__/jsfmt.spec.js.snap,tests/flow/statics/__snapshots__/jsfmt.spec.js.snap,modified,tests/flow/statics/__snapshots__/jsfmt.spec.js.snap,test,True
feature,prettier__prettier-3903,prettier/prettier,JavaScript,tests/flow/taint/__snapshots__/jsfmt.spec.js.snap,tests/flow/taint/__snapshots__/jsfmt.spec.js.snap,modified,tests/flow/taint/__snapshots__/jsfmt.spec.js.snap,test,True
feature,prettier__prettier-3903,prettier/prettier,JavaScript,tests/flow/template/__snapshots__/jsfmt.spec.js.snap,tests/flow/template/__snapshots__/jsfmt.spec.js.snap,modified,tests/flow/template/__snapshots__/jsfmt.spec.js.snap,test,True
feature,prettier__prettier-3903,prettier/prettier,JavaScript,tests/flow/this/__snapshots__/jsfmt.spec.js.snap,tests/flow/this/__snapshots__/jsfmt.spec.js.snap,modified,tests/flow/this/__snapshots__/jsfmt.spec.js.snap,test,True
feature,prettier__prettier-3903,prettier/prettier,JavaScript,tests/flow/traces/__snapshots__/jsfmt.spec.js.snap,tests/flow/traces/__snapshots__/jsfmt.spec.js.snap,modified,tests/flow/traces/__snapshots__/jsfmt.spec.js.snap,test,True
feature,prettier__prettier-3903,prettier/prettier,JavaScript,tests/flow/type-at-pos/__snapshots__/jsfmt.spec.js.snap,tests/flow/type-at-pos/__snapshots__/jsfmt.spec.js.snap,modified,tests/flow/type-at-pos/__snapshots__/jsfmt.spec.js.snap,test,True
feature,prettier__prettier-3903,prettier/prettier,JavaScript,tests/flow/unary/__snapshots__/jsfmt.spec.js.snap,tests/flow/unary/__snapshots__/jsfmt.spec.js.snap,modified,tests/flow/unary/__snapshots__/jsfmt.spec.js.snap,test,True
feature,prettier__prettier-3903,prettier/prettier,JavaScript,tests/flow/undefined/__snapshots__/jsfmt.spec.js.snap,tests/flow/undefined/__snapshots__/jsfmt.spec.js.snap,modified,tests/flow/undefined/__snapshots__/jsfmt.spec.js.snap,test,True
feature,prettier__prettier-3903,prettier/prettier,JavaScript,tests/flow/union/__snapshots__/jsfmt.spec.js.snap,tests/flow/union/__snapshots__/jsfmt.spec.js.snap,modified,tests/flow/union/__snapshots__/jsfmt.spec.js.snap,test,True
feature,prettier__prettier-3903,prettier/prettier,JavaScript,tests/flow/unreachable/__snapshots__/jsfmt.spec.js.snap,tests/flow/unreachable/__snapshots__/jsfmt.spec.js.snap,modified,tests/flow/unreachable/__snapshots__/jsfmt.spec.js.snap,test,True
feature,prettier__prettier-3903,prettier/prettier,JavaScript,tests/flow_generic/__snapshots__/jsfmt.spec.js.snap,tests/flow_generic/__snapshots__/jsfmt.spec.js.snap,modified,tests/flow_generic/__snapshots__/jsfmt.spec.js.snap,test,True
feature,prettier__prettier-3903,prettier/prettier,JavaScript,tests/flow_jsx/__snapshots__/jsfmt.spec.js.snap,tests/flow_jsx/__snapshots__/jsfmt.spec.js.snap,modified,tests/flow_jsx/__snapshots__/jsfmt.spec.js.snap,test,True
feature,prettier__prettier-3903,prettier/prettier,JavaScript,tests/for/__snapshots__/jsfmt.spec.js.snap,tests/for/__snapshots__/jsfmt.spec.js.snap,modified,tests/for/__snapshots__/jsfmt.spec.js.snap,test,True
feature,prettier__prettier-3903,prettier/prettier,JavaScript,tests/function/__snapshots__/jsfmt.spec.js.snap,tests/function/__snapshots__/jsfmt.spec.js.snap,modified,tests/function/__snapshots__/jsfmt.spec.js.snap,test,True
feature,prettier__prettier-3903,prettier/prettier,JavaScript,tests/function_first_param/__snapshots__/jsfmt.spec.js.snap,tests/function_first_param/__snapshots__/jsfmt.spec.js.snap,modified,tests/function_first_param/__snapshots__/jsfmt.spec.js.snap,test,True
feature,prettier__prettier-3903,prettier/prettier,JavaScript,/dev/null,tests/generator/__snapshots__/jsfmt.spec.js.snap,added,tests/generator/__snapshots__/jsfmt.spec.js.snap,test,False
feature,prettier__prettier-3903,prettier/prettier,JavaScript,/dev/null,tests/generator/anonymous.js,added,tests/generator/anonymous.js,test,False
feature,prettier__prettier-3903,prettier/prettier,JavaScript,/dev/null,tests/generator/jsfmt.spec.js,added,tests/generator/jsfmt.spec.js,test,False
feature,prettier__prettier-3903,prettier/prettier,JavaScript,tests/html_basics/__snapshots__/jsfmt.spec.js.snap,tests/html_basics/__snapshots__/jsfmt.spec.js.snap,modified,tests/html_basics/__snapshots__/jsfmt.spec.js.snap,test,True
feature,prettier__prettier-3903,prettier/prettier,JavaScript,tests/html_case/__snapshots__/jsfmt.spec.js.snap,tests/html_case/__snapshots__/jsfmt.spec.js.snap,modified,tests/html_case/__snapshots__/jsfmt.spec.js.snap,test,True
feature,prettier__prettier-3903,prettier/prettier,JavaScript,tests/jsx/__snapshots__/jsfmt.spec.js.snap,tests/jsx/__snapshots__/jsfmt.spec.js.snap,modified,tests/jsx/__snapshots__/jsfmt.spec.js.snap,test,True
feature,prettier__prettier-3903,prettier/prettier,JavaScript,tests/last_argument_expansion/__snapshots__/jsfmt.spec.js.snap,tests/last_argument_expansion/__snapshots__/jsfmt.spec.js.snap,modified,tests/last_argument_expansion/__snapshots__/jsfmt.spec.js.snap,test,True
feature,prettier__prettier-3903,prettier/prettier,JavaScript,tests/method-chain/__snapshots__/jsfmt.spec.js.snap,tests/method-chain/__snapshots__/jsfmt.spec.js.snap,modified,tests/method-chain/__snapshots__/jsfmt.spec.js.snap,test,True
feature,prettier__prettier-3903,prettier/prettier,JavaScript,tests/multiparser_vue/__snapshots__/jsfmt.spec.js.snap,tests/multiparser_vue/__snapshots__/jsfmt.spec.js.snap,modified,tests/multiparser_vue/__snapshots__/jsfmt.spec.js.snap,test,True
feature,prettier__prettier-3903,prettier/prettier,JavaScript,tests/no-semi/__snapshots__/jsfmt.spec.js.snap,tests/no-semi/__snapshots__/jsfmt.spec.js.snap,modified,tests/no-semi/__snapshots__/jsfmt.spec.js.snap,test,True
feature,prettier__prettier-3903,prettier/prettier,JavaScript,tests/optional_chaining/__snapshots__/jsfmt.spec.js.snap,tests/optional_chaining/__snapshots__/jsfmt.spec.js.snap,modified,tests/optional_chaining/__snapshots__/jsfmt.spec.js.snap,test,True
feature,prettier__prettier-3903,prettier/prettier,JavaScript,tests/performance/__snapshots__/jsfmt.spec.js.snap,tests/performance/__snapshots__/jsfmt.spec.js.snap,modified,tests/performance/__snapshots__/jsfmt.spec.js.snap,test,True
feature,prettier__prettier-3903,prettier/prettier,JavaScript,tests/preserve_line/__snapshots__/jsfmt.spec.js.snap,tests/preserve_line/__snapshots__/jsfmt.spec.js.snap,modified,tests/preserve_line/__snapshots__/jsfmt.spec.js.snap,test,True
feature,prettier__prettier-3903,prettier/prettier,JavaScript,tests/require-amd/__snapshots__/jsfmt.spec.js.snap,tests/require-amd/__snapshots__/jsfmt.spec.js.snap,modified,tests/require-amd/__snapshots__/jsfmt.spec.js.snap,test,True
feature,prettier__prettier-3903,prettier/prettier,JavaScript,tests/sequence_break/__snapshots__/jsfmt.spec.js.snap,tests/sequence_break/__snapshots__/jsfmt.spec.js.snap,modified,tests/sequence_break/__snapshots__/jsfmt.spec.js.snap,test,True
feature,prettier__prettier-3903,prettier/prettier,JavaScript,tests/strings/__snapshots__/jsfmt.spec.js.snap,tests/strings/__snapshots__/jsfmt.spec.js.snap,modified,tests/strings/__snapshots__/jsfmt.spec.js.snap,test,True
feature,prettier__prettier-3903,prettier/prettier,JavaScript,tests/tabWith/__snapshots__/jsfmt.spec.js.snap,tests/tabWith/__snapshots__/jsfmt.spec.js.snap,modified,tests/tabWith/__snapshots__/jsfmt.spec.js.snap,test,True
feature,prettier__prettier-3903,prettier/prettier,JavaScript,tests/template/__snapshots__/jsfmt.spec.js.snap,tests/template/__snapshots__/jsfmt.spec.js.snap,modified,tests/template/__snapshots__/jsfmt.spec.js.snap,test,True
feature,prettier__prettier-3903,prettier/prettier,JavaScript,tests/ternaries/__snapshots__/jsfmt.spec.js.snap,tests/ternaries/__snapshots__/jsfmt.spec.js.snap,modified,tests/ternaries/__snapshots__/jsfmt.spec.js.snap,test,True
feature,prettier__prettier-3903,prettier/prettier,JavaScript,tests/test_declarations/__snapshots__/jsfmt.spec.js.snap,tests/test_declarations/__snapshots__/jsfmt.spec.js.snap,modified,tests/test_declarations/__snapshots__/jsfmt.spec.js.snap,test,True
feature,prettier__prettier-3903,prettier/prettier,JavaScript,tests/trailing_comma/__snapshots__/jsfmt.spec.js.snap,tests/trailing_comma/__snapshots__/jsfmt.spec.js.snap,modified,tests/trailing_comma/__snapshots__/jsfmt.spec.js.snap,test,True
feature,prettier__prettier-3903,prettier/prettier,JavaScript,tests/typescript/compiler/__snapshots__/jsfmt.spec.js.snap,tests/typescript/compiler/__snapshots__/jsfmt.spec.js.snap,modified,tests/typescript/compiler/__snapshots__/jsfmt.spec.js.snap,test,True
feature,prettier__prettier-3903,prettier/prettier,JavaScript,tests/typescript/conformance/types/functions/__snapshots__/jsfmt.spec.js.snap,tests/typescript/conformance/types/functions/__snapshots__/jsfmt.spec.js.snap,modified,tests/typescript/conformance/types/functions/__snapshots__/jsfmt.spec.js.snap,test,True
feature,prettier__prettier-3903,prettier/prettier,JavaScript,tests/typescript_as/__snapshots__/jsfmt.spec.js.snap,tests/typescript_as/__snapshots__/jsfmt.spec.js.snap,modified,tests/typescript_as/__snapshots__/jsfmt.spec.js.snap,test,True
feature,prettier__prettier-3903,prettier/prettier,JavaScript,tests/typescript_error_recovery/__snapshots__/jsfmt.spec.js.snap,tests/typescript_error_recovery/__snapshots__/jsfmt.spec.js.snap,modified,tests/typescript_error_recovery/__snapshots__/jsfmt.spec.js.snap,test,True
feature,prettier__prettier-3903,prettier/prettier,JavaScript,tests/typescript_non_null/__snapshots__/jsfmt.spec.js.snap,tests/typescript_non_null/__snapshots__/jsfmt.spec.js.snap,modified,tests/typescript_non_null/__snapshots__/jsfmt.spec.js.snap,test,True
feature,prettier__prettier-3903,prettier/prettier,JavaScript,tests/typescript_typeparams/__snapshots__/jsfmt.spec.js.snap,tests/typescript_typeparams/__snapshots__/jsfmt.spec.js.snap,modified,tests/typescript_typeparams/__snapshots__/jsfmt.spec.js.snap,test,True
feature,prettier__prettier-3903,prettier/prettier,JavaScript,tests/unary_expression/__snapshots__/jsfmt.spec.js.snap,tests/unary_expression/__snapshots__/jsfmt.spec.js.snap,modified,tests/unary_expression/__snapshots__/jsfmt.spec.js.snap,test,True
feature,prettier__prettier-3903,prettier/prettier,JavaScript,tests/variable_declarator/__snapshots__/jsfmt.spec.js.snap,tests/variable_declarator/__snapshots__/jsfmt.spec.js.snap,modified,tests/variable_declarator/__snapshots__/jsfmt.spec.js.snap,test,True
feature,prettier__prettier-3903,prettier/prettier,JavaScript,tests/yield/__snapshots__/jsfmt.spec.js.snap,tests/yield/__snapshots__/jsfmt.spec.js.snap,modified,tests/yield/__snapshots__/jsfmt.spec.js.snap,test,True
feature,prettier__prettier-3775,prettier/prettier,JavaScript,package.json,package.json,modified,package.json,code,True
feature,prettier__prettier-3775,prettier/prettier,JavaScript,src/cli/constant.js,src/cli/constant.js,modified,src/cli/constant.js,code,True
feature,prettier__prettier-3775,prettier/prettier,JavaScript,src/cli/index.js,src/cli/index.js,modified,src/cli/index.js,code,True
feature,prettier__prettier-3775,prettier/prettier,JavaScript,src/cli/logger.js,/dev/null,deleted,src/cli/logger.js,code,True
feature,prettier__prettier-3775,prettier/prettier,JavaScript,src/cli/util.js,src/cli/util.js,modified,src/cli/util.js,code,True
feature,prettier__prettier-3775,prettier/prettier,JavaScript,src/common/support.js,src/common/support.js,modified,src/common/support.js,code,True
feature,prettier__prettier-3775,prettier/prettier,JavaScript,src/main/options.js,src/main/options.js,modified,src/main/options.js,code,True
feature,prettier__prettier-3775,prettier/prettier,JavaScript,yarn.lock,yarn.lock,modified,yarn.lock,code,True
feature,prettier__prettier-3775,prettier/prettier,JavaScript,/dev/null,tests_integration/__tests__/__snapshots__/plugin-options.js.snap,added,tests_integration/__tests__/__snapshots__/plugin-options.js.snap,test,False
feature,prettier__prettier-3775,prettier/prettier,JavaScript,tests_integration/__tests__/__snapshots__/support-info.js.snap,tests_integration/__tests__/__snapshots__/support-info.js.snap,modified,tests_integration/__tests__/__snapshots__/support-info.js.snap,test,True
feature,prettier__prettier-3775,prettier/prettier,JavaScript,tests_integration/__tests__/early-exit.js,tests_integration/__tests__/early-exit.js,modified,tests_integration/__tests__/early-exit.js,test,True
feature,prettier__prettier-3775,prettier/prettier,JavaScript,/dev/null,tests_integration/__tests__/plugin-options.js,added,tests_integration/__tests__/plugin-options.js,test,False
feature,prettier__prettier-3775,prettier/prettier,JavaScript,/dev/null,tests_integration/plugins/options/config.json,added,tests_integration/plugins/options/config.json,test,False
feature,prettier__prettier-3775,prettier/prettier,JavaScript,/dev/null,tests_integration/plugins/options/plugin.js,added,tests_integration/plugins/options/plugin.js,test,False
feature,prettier__prettier-3775,prettier/prettier,JavaScript,tests_integration/runPrettier.js,tests_integration/runPrettier.js,modified,tests_integration/runPrettier.js,test,True
feature,prettier__prettier-842,prettier/prettier,JavaScript,src/printer.js,src/printer.js,modified,src/printer.js,code,True
feature,prettier__prettier-842,prettier/prettier,JavaScript,/dev/null,tests/it/__snapshots__/jsfmt.spec.js.snap,added,tests/it/__snapshots__/jsfmt.spec.js.snap,test,False
feature,prettier__prettier-842,prettier/prettier,JavaScript,/dev/null,tests/it/it.js,added,tests/it/it.js,test,False
feature,prettier__prettier-842,prettier/prettier,JavaScript,/dev/null,tests/it/jsfmt.spec.js,added,tests/it/jsfmt.spec.js,test,False
feature,prettier__prettier-661,prettier/prettier,JavaScript,README.md,README.md,modified,README.md,code,True
feature,prettier__prettier-661,prettier/prettier,JavaScript,bin/prettier.js,bin/prettier.js,modified,bin/prettier.js,code,True
feature,prettier__prettier-661,prettier/prettier,JavaScript,docs/index.html,docs/index.html,modified,docs/index.html,code,True
feature,prettier__prettier-661,prettier/prettier,JavaScript,src/options.js,src/options.js,modified,src/options.js,code,True
feature,prettier__prettier-661,prettier/prettier,JavaScript,src/printer.js,src/printer.js,modified,src/printer.js,code,True
feature,prettier__prettier-661,prettier/prettier,JavaScript,/dev/null,tests/jsx_last_line/__snapshots__/jsfmt.spec.js.snap,added,tests/jsx_last_line/__snapshots__/jsfmt.spec.js.snap,test,False
feature,prettier__prettier-661,prettier/prettier,JavaScript,/dev/null,tests/jsx_last_line/jsfmt.spec.js,added,tests/jsx_last_line/jsfmt.spec.js,test,False
feature,prettier__prettier-661,prettier/prettier,JavaScript,/dev/null,tests/jsx_last_line/last_line.js,added,tests/jsx_last_line/last_line.js,test,False
feature,serverless__serverless-10120,serverless/serverless,JavaScript,lib/plugins/aws/package/compile/events/eventBridge/index.js,lib/plugins/aws/package/compile/events/eventBridge/index.js,modified,lib/plugins/aws/package/compile/events/eventBridge/index.js,code,True
feature,serverless__serverless-10120,serverless/serverless,JavaScript,test/unit/lib/plugins/aws/package/compile/events/eventBridge/index.test.js,test/unit/lib/plugins/aws/package/compile/events/eventBridge/index.test.js,modified,test/unit/lib/plugins/aws/package/compile/events/eventBridge/index.test.js,test,True
feature,serverless__serverless-8638,serverless/serverless,JavaScript,docs/providers/aws/guide/deploying.md,docs/providers/aws/guide/deploying.md,modified,docs/providers/aws/guide/deploying.md,code,True
feature,serverless__serverless-8638,serverless/serverless,JavaScript,docs/providers/aws/guide/serverless.yml.md,docs/providers/aws/guide/serverless.yml.md,modified,docs/providers/aws/guide/serverless.yml.md,code,True
feature,serverless__serverless-8638,serverless/serverless,JavaScript,lib/plugins/aws/package/lib/generateCoreTemplate.js,lib/plugins/aws/package/lib/generateCoreTemplate.js,modified,lib/plugins/aws/package/lib/generateCoreTemplate.js,code,True
feature,serverless__serverless-8638,serverless/serverless,JavaScript,lib/plugins/aws/provider.js,lib/plugins/aws/provider.js,modified,lib/plugins/aws/provider.js,code,True
feature,serverless__serverless-8638,serverless/serverless,JavaScript,test/unit/lib/plugins/aws/package/lib/generateCoreTemplate.test.js,test/unit/lib/plugins/aws/package/lib/generateCoreTemplate.test.js,modified,test/unit/lib/plugins/aws/package/lib/generateCoreTemplate.test.js,test,True
feature,serverless__serverless-7623,serverless/serverless,JavaScript,docs/providers/aws/events/http-api.md,docs/providers/aws/events/http-api.md,modified,docs/providers/aws/events/http-api.md,code,True
feature,serverless__serverless-7623,serverless/serverless,JavaScript,docs/providers/aws/guide/serverless.yml.md,docs/providers/aws/guide/serverless.yml.md,modified,docs/providers/aws/guide/serverless.yml.md,code,True
feature,serverless__serverless-7623,serverless/serverless,JavaScript,lib/plugins/aws/package/compile/events/httpApi/index.js,lib/plugins/aws/package/compile/events/httpApi/index.js,modified,lib/plugins/aws/package/compile/events/httpApi/index.js,code,True
feature,serverless__serverless-7623,serverless/serverless,JavaScript,lib/plugins/aws/package/compile/events/httpApi/index.test.js,lib/plugins/aws/package/compile/events/httpApi/index.test.js,modified,lib/plugins/aws/package/compile/events/httpApi/index.test.js,test,True
feature,serverless__serverless-7031,serverless/serverless,JavaScript,lib/plugins/aws/provider/awsProvider.js,lib/plugins/aws/provider/awsProvider.js,modified,lib/plugins/aws/provider/awsProvider.js,code,True
feature,serverless__serverless-7031,serverless/serverless,JavaScript,lib/plugins/aws/provider/awsProvider.test.js,lib/plugins/aws/provider/awsProvider.test.js,modified,lib/plugins/aws/provider/awsProvider.test.js,test,True
feature,serverless__serverless-7024,serverless/serverless,JavaScript,docs/providers/aws/events/streams.md,docs/providers/aws/events/streams.md,modified,docs/providers/aws/events/streams.md,code,True
feature,serverless__serverless-7024,serverless/serverless,JavaScript,lib/plugins/aws/package/compile/events/stream/index.js,lib/plugins/aws/package/compile/events/stream/index.js,modified,lib/plugins/aws/package/compile/events/stream/index.js,code,True
feature,serverless__serverless-7024,serverless/serverless,JavaScript,lib/plugins/aws/package/compile/events/stream/index.test.js,lib/plugins/aws/package/compile/events/stream/index.test.js,modified,lib/plugins/aws/package/compile/events/stream/index.test.js,test,True
feature,serverless__serverless-6945,serverless/serverless,JavaScript,docs/providers/azure/cli-reference/create.md,docs/providers/azure/cli-reference/create.md,modified,docs/providers/azure/cli-reference/create.md,code,True
feature,serverless__serverless-6945,serverless/serverless,JavaScript,docs/providers/azure/guide/workflow.md,docs/providers/azure/guide/workflow.md,modified,docs/providers/azure/guide/workflow.md,code,True
feature,serverless__serverless-6945,serverless/serverless,JavaScript,lib/plugins/create/create.js,lib/plugins/create/create.js,modified,lib/plugins/create/create.js,code,True
feature,serverless__serverless-6945,serverless/serverless,JavaScript,lib/plugins/create/create.test.js,lib/plugins/create/create.test.js,modified,lib/plugins/create/create.test.js,test,True
feature,serverless__serverless-6345,serverless/serverless,JavaScript,lib/classes/CLI.js,lib/classes/CLI.js,modified,lib/classes/CLI.js,code,True
feature,serverless__serverless-6345,serverless/serverless,JavaScript,lib/classes/Error.js,lib/classes/Error.js,modified,lib/classes/Error.js,code,True
feature,serverless__serverless-6345,serverless/serverless,JavaScript,lib/classes/Error.test.js,lib/classes/Error.test.js,modified,lib/classes/Error.test.js,test,True
feature,serverless__serverless-6063,serverless/serverless,JavaScript,docs/providers/aws/events/apigateway.md,docs/providers/aws/events/apigateway.md,modified,docs/providers/aws/events/apigateway.md,code,True
feature,serverless__serverless-6063,serverless/serverless,JavaScript,docs/providers/aws/guide/serverless.yml.md,docs/providers/aws/guide/serverless.yml.md,modified,docs/providers/aws/guide/serverless.yml.md,code,True
feature,serverless__serverless-6063,serverless/serverless,JavaScript,lib/plugins/aws/package/compile/events/apiGateway/lib/restApi.js,lib/plugins/aws/package/compile/events/apiGateway/lib/restApi.js,modified,lib/plugins/aws/package/compile/events/apiGateway/lib/restApi.js,code,True
feature,serverless__serverless-6063,serverless/serverless,JavaScript,lib/plugins/aws/package/compile/events/apiGateway/lib/restApi.test.js,lib/plugins/aws/package/compile/events/apiGateway/lib/restApi.test.js,modified,lib/plugins/aws/package/compile/events/apiGateway/lib/restApi.test.js,test,True
feature,serverless__serverless-6051,serverless/serverless,JavaScript,docs/providers/aws/events/apigateway.md,docs/providers/aws/events/apigateway.md,modified,docs/providers/aws/events/apigateway.md,code,True
feature,serverless__serverless-6051,serverless/serverless,JavaScript,lib/plugins/aws/package/compile/events/apiGateway/lib/method/integration.js,lib/plugins/aws/package/compile/events/apiGateway/lib/method/integration.js,modified,lib/plugins/aws/package/compile/events/apiGateway/lib/method/integration.js,code,True
feature,serverless__serverless-6051,serverless/serverless,JavaScript,lib/plugins/aws/package/compile/events/apiGateway/lib/validate.js,lib/plugins/aws/package/compile/events/apiGateway/lib/validate.js,modified,lib/plugins/aws/package/compile/events/apiGateway/lib/validate.js,code,True
feature,serverless__serverless-6051,serverless/serverless,JavaScript,lib/plugins/aws/package/compile/events/apiGateway/lib/validate.test.js,lib/plugins/aws/package/compile/events/apiGateway/lib/validate.test.js,modified,lib/plugins/aws/package/compile/events/apiGateway/lib/validate.test.js,test,True
feature,serverless__serverless-5982,serverless/serverless,JavaScript,docs/providers/aws/events/apigateway.md,docs/providers/aws/events/apigateway.md,modified,docs/providers/aws/events/apigateway.md,code,True
feature,serverless__serverless-5982,serverless/serverless,JavaScript,lib/plugins/aws/info/display.js,lib/plugins/aws/info/display.js,modified,lib/plugins/aws/info/display.js,code,True
feature,serverless__serverless-5982,serverless/serverless,JavaScript,lib/plugins/aws/info/getApiKeyValues.js,lib/plugins/aws/info/getApiKeyValues.js,modified,lib/plugins/aws/info/getApiKeyValues.js,code,True
feature,serverless__serverless-5982,serverless/serverless,JavaScript,lib/plugins/aws/package/compile/events/apiGateway/lib/apiKeys.js,lib/plugins/aws/package/compile/events/apiGateway/lib/apiKeys.js,modified,lib/plugins/aws/package/compile/events/apiGateway/lib/apiKeys.js,code,True
feature,serverless__serverless-5982,serverless/serverless,JavaScript,lib/plugins/aws/package/compile/events/apiGateway/lib/usagePlanKeys.js,lib/plugins/aws/package/compile/events/apiGateway/lib/usagePlanKeys.js,modified,lib/plugins/aws/package/compile/events/apiGateway/lib/usagePlanKeys.js,code,True
feature,serverless__serverless-5982,serverless/serverless,JavaScript,lib/plugins/aws/info/display.test.js,lib/plugins/aws/info/display.test.js,modified,lib/plugins/aws/info/display.test.js,test,True
feature,serverless__serverless-5982,serverless/serverless,JavaScript,lib/plugins/aws/info/getApiKeyValues.test.js,lib/plugins/aws/info/getApiKeyValues.test.js,modified,lib/plugins/aws/info/getApiKeyValues.test.js,test,True
feature,serverless__serverless-5982,serverless/serverless,JavaScript,lib/plugins/aws/package/compile/events/apiGateway/lib/apiKeys.test.js,lib/plugins/aws/package/compile/events/apiGateway/lib/apiKeys.test.js,modified,lib/plugins/aws/package/compile/events/apiGateway/lib/apiKeys.test.js,test,True
feature,serverless__serverless-5982,serverless/serverless,JavaScript,lib/plugins/aws/package/compile/events/apiGateway/lib/usagePlanKeys.test.js,lib/plugins/aws/package/compile/events/apiGateway/lib/usagePlanKeys.test.js,modified,lib/plugins/aws/package/compile/events/apiGateway/lib/usagePlanKeys.test.js,test,True
feature,serverless__serverless-5579,serverless/serverless,JavaScript,docs/providers/aws/guide/variables.md,docs/providers/aws/guide/variables.md,modified,docs/providers/aws/guide/variables.md,code,True
feature,serverless__serverless-5579,serverless/serverless,JavaScript,lib/classes/Variables.js,lib/classes/Variables.js,modified,lib/classes/Variables.js,code,True
feature,serverless__serverless-5579,serverless/serverless,JavaScript,lib/plugins/aws/provider/awsProvider.js,lib/plugins/aws/provider/awsProvider.js,modified,lib/plugins/aws/provider/awsProvider.js,code,True
feature,serverless__serverless-5579,serverless/serverless,JavaScript,lib/classes/Variables.test.js,lib/classes/Variables.test.js,modified,lib/classes/Variables.test.js,test,True
feature,serverless__serverless-5579,serverless/serverless,JavaScript,lib/plugins/aws/provider/awsProvider.test.js,lib/plugins/aws/provider/awsProvider.test.js,modified,lib/plugins/aws/provider/awsProvider.test.js,test,True
feature,serverless__serverless-5509,serverless/serverless,JavaScript,docs/providers/aws/events/apigateway.md,docs/providers/aws/events/apigateway.md,modified,docs/providers/aws/events/apigateway.md,code,True
feature,serverless__serverless-5509,serverless/serverless,JavaScript,docs/providers/aws/guide/serverless.yml.md,docs/providers/aws/guide/serverless.yml.md,modified,docs/providers/aws/guide/serverless.yml.md,code,True
feature,serverless__serverless-5509,serverless/serverless,JavaScript,lib/plugins/aws/package/compile/events/apiGateway/lib/deployment.js,lib/plugins/aws/package/compile/events/apiGateway/lib/deployment.js,modified,lib/plugins/aws/package/compile/events/apiGateway/lib/deployment.js,code,True
feature,serverless__serverless-5509,serverless/serverless,JavaScript,lib/plugins/aws/provider/awsProvider.js,lib/plugins/aws/provider/awsProvider.js,modified,lib/plugins/aws/provider/awsProvider.js,code,True
feature,serverless__serverless-5509,serverless/serverless,JavaScript,lib/plugins/aws/package/compile/events/apiGateway/lib/deployment.test.js,lib/plugins/aws/package/compile/events/apiGateway/lib/deployment.test.js,modified,lib/plugins/aws/package/compile/events/apiGateway/lib/deployment.test.js,test,True
feature,serverless__serverless-4097,serverless/serverless,JavaScript,docs/providers/aws/guide/variables.md,docs/providers/aws/guide/variables.md,modified,docs/providers/aws/guide/variables.md,code,True
feature,serverless__serverless-4097,serverless/serverless,JavaScript,lib/classes/Service.js,lib/classes/Service.js,modified,lib/classes/Service.js,code,True
feature,serverless__serverless-4097,serverless/serverless,JavaScript,lib/classes/Utils.js,lib/classes/Utils.js,modified,lib/classes/Utils.js,code,True
feature,serverless__serverless-4097,serverless/serverless,JavaScript,lib/classes/Variables.js,lib/classes/Variables.js,modified,lib/classes/Variables.js,code,True
feature,serverless__serverless-4097,serverless/serverless,JavaScript,lib/classes/Service.test.js,lib/classes/Service.test.js,modified,lib/classes/Service.test.js,test,True
feature,serverless__serverless-4097,serverless/serverless,JavaScript,lib/classes/Variables.test.js,lib/classes/Variables.test.js,modified,lib/classes/Variables.test.js,test,True
feature,serverless__serverless-3642,serverless/serverless,JavaScript,docs/providers/aws/cli-reference/invoke-local.md,docs/providers/aws/cli-reference/invoke-local.md,modified,docs/providers/aws/cli-reference/invoke-local.md,code,True
feature,serverless__serverless-3642,serverless/serverless,JavaScript,lib/plugins/aws/invokeLocal/index.js,lib/plugins/aws/invokeLocal/index.js,modified,lib/plugins/aws/invokeLocal/index.js,code,True
feature,serverless__serverless-3642,serverless/serverless,JavaScript,lib/plugins/aws/invokeLocal/index.test.js,lib/plugins/aws/invokeLocal/index.test.js,modified,lib/plugins/aws/invokeLocal/index.test.js,test,True
feature,serverless__serverless-3609,serverless/serverless,JavaScript,docs/providers/aws/guide/functions.md,docs/providers/aws/guide/functions.md,modified,docs/providers/aws/guide/functions.md,code,True
feature,serverless__serverless-3609,serverless/serverless,JavaScript,docs/providers/aws/guide/serverless.yml.md,docs/providers/aws/guide/serverless.yml.md,modified,docs/providers/aws/guide/serverless.yml.md,code,True
feature,serverless__serverless-3609,serverless/serverless,JavaScript,lib/plugins/aws/package/compile/functions/index.js,lib/plugins/aws/package/compile/functions/index.js,modified,lib/plugins/aws/package/compile/functions/index.js,code,True
feature,serverless__serverless-3609,serverless/serverless,JavaScript,lib/plugins/aws/package/compile/functions/index.test.js,lib/plugins/aws/package/compile/functions/index.test.js,modified,lib/plugins/aws/package/compile/functions/index.test.js,test,True
feature,serverless__serverless-3548,serverless/serverless,JavaScript,docs/providers/aws/guide/functions.md,docs/providers/aws/guide/functions.md,modified,docs/providers/aws/guide/functions.md,code,True
feature,serverless__serverless-3548,serverless/serverless,JavaScript,docs/providers/aws/guide/serverless.yml.md,docs/providers/aws/guide/serverless.yml.md,modified,docs/providers/aws/guide/serverless.yml.md,code,True
feature,serverless__serverless-3548,serverless/serverless,JavaScript,lib/plugins/aws/package/compile/functions/index.js,lib/plugins/aws/package/compile/functions/index.js,modified,lib/plugins/aws/package/compile/functions/index.js,code,True
feature,serverless__serverless-3548,serverless/serverless,JavaScript,lib/plugins/aws/package/compile/functions/index.test.js,lib/plugins/aws/package/compile/functions/index.test.js,modified,lib/plugins/aws/package/compile/functions/index.test.js,test,True
feature,serverless__serverless-3217,serverless/serverless,JavaScript,RELEASE_CHECKLIST.md,RELEASE_CHECKLIST.md,modified,RELEASE_CHECKLIST.md,code,True
feature,serverless__serverless-3217,serverless/serverless,JavaScript,lib/classes/CLI.js,lib/classes/CLI.js,modified,lib/classes/CLI.js,code,True
feature,serverless__serverless-3217,serverless/serverless,JavaScript,lib/classes/CLI.test.js,lib/classes/CLI.test.js,modified,lib/classes/CLI.test.js,test,True
feature,serverless__serverless-2910,serverless/serverless,JavaScript,docs/providers/aws/events/schedule.md,docs/providers/aws/events/schedule.md,modified,docs/providers/aws/events/schedule.md,code,True
feature,serverless__serverless-2910,serverless/serverless,JavaScript,lib/plugins/aws/deploy/compile/events/schedule/index.js,lib/plugins/aws/deploy/compile/events/schedule/index.js,modified,lib/plugins/aws/deploy/compile/events/schedule/index.js,code,True
feature,serverless__serverless-2910,serverless/serverless,JavaScript,lib/plugins/aws/deploy/compile/events/schedule/index.test.js,lib/plugins/aws/deploy/compile/events/schedule/index.test.js,modified,lib/plugins/aws/deploy/compile/events/schedule/index.test.js,test,True
feature,serverless__serverless-2748,serverless/serverless,JavaScript,docs/providers/aws/guide/functions.md,docs/providers/aws/guide/functions.md,modified,docs/providers/aws/guide/functions.md,code,True
feature,serverless__serverless-2748,serverless/serverless,JavaScript,lib/plugins/aws/deploy/compile/functions/index.js,lib/plugins/aws/deploy/compile/functions/index.js,modified,lib/plugins/aws/deploy/compile/functions/index.js,code,True
feature,serverless__serverless-2748,serverless/serverless,JavaScript,lib/plugins/aws/deploy/compile/functions/tests/index.js,lib/plugins/aws/deploy/compile/functions/tests/index.js,modified,lib/plugins/aws/deploy/compile/functions/tests/index.js,test,True
feature,serverless__serverless-2624,serverless/serverless,JavaScript,lib/classes/Utils.js,lib/classes/Utils.js,modified,lib/classes/Utils.js,code,True
feature,serverless__serverless-2624,serverless/serverless,JavaScript,lib/classes/Utils.test.js,lib/classes/Utils.test.js,modified,lib/classes/Utils.test.js,test,True
feature,microsoft__vscode-114208,microsoft/vscode,TypeScript,src/vs/editor/contrib/snippet/snippetVariables.ts,src/vs/editor/contrib/snippet/snippetVariables.ts,modified,src/vs/editor/contrib/snippet/snippetVariables.ts,code,True
feature,microsoft__vscode-114208,microsoft/vscode,TypeScript,src/vs/editor/contrib/snippet/test/snippetVariables.test.ts,src/vs/editor/contrib/snippet/test/snippetVariables.test.ts,modified,src/vs/editor/contrib/snippet/test/snippetVariables.test.ts,test,True
feature,microsoft__vscode-127257,microsoft/vscode,TypeScript,src/vs/editor/contrib/snippet/snippet.md,src/vs/editor/contrib/snippet/snippet.md,modified,src/vs/editor/contrib/snippet/snippet.md,code,True
feature,microsoft__vscode-127257,microsoft/vscode,TypeScript,src/vs/editor/contrib/snippet/snippetParser.ts,src/vs/editor/contrib/snippet/snippetParser.ts,modified,src/vs/editor/contrib/snippet/snippetParser.ts,code,True
feature,microsoft__vscode-127257,microsoft/vscode,TypeScript,src/vs/editor/contrib/snippet/test/snippetParser.test.ts,src/vs/editor/contrib/snippet/test/snippetParser.test.ts,modified,src/vs/editor/contrib/snippet/test/snippetParser.test.ts,test,True
feature,microsoft__vscode-128931,microsoft/vscode,TypeScript,extensions/emmet/src/balance.ts,extensions/emmet/src/balance.ts,modified,extensions/emmet/src/balance.ts,code,True
feature,microsoft__vscode-128931,microsoft/vscode,TypeScript,src/vs/editor/contrib/bracketMatching/bracketMatching.ts,src/vs/editor/contrib/bracketMatching/bracketMatching.ts,modified,src/vs/editor/contrib/bracketMatching/bracketMatching.ts,code,True
feature,microsoft__vscode-128931,microsoft/vscode,TypeScript,src/vs/editor/contrib/bracketMatching/test/bracketMatching.test.ts,src/vs/editor/contrib/bracketMatching/test/bracketMatching.test.ts,modified,src/vs/editor/contrib/bracketMatching/test/bracketMatching.test.ts,test,True
feature,microsoft__vscode-146962,microsoft/vscode,TypeScript,extensions/shellscript/package.json,extensions/shellscript/package.json,modified,extensions/shellscript/package.json,code,True
feature,microsoft__vscode-146962,microsoft/vscode,TypeScript,src/vs/editor/common/model/bracketPairsTextModelPart/bracketPairsTree/tokenizer.ts,src/vs/editor/common/model/bracketPairsTextModelPart/bracketPairsTree/tokenizer.ts,modified,src/vs/editor/common/model/bracketPairsTextModelPart/bracketPairsTree/tokenizer.ts,code,True
feature,microsoft__vscode-146962,microsoft/vscode,TypeScript,src/vs/editor/common/tokens/contiguousTokensStore.ts,src/vs/editor/common/tokens/contiguousTokensStore.ts,modified,src/vs/editor/common/tokens/contiguousTokensStore.ts,code,True
feature,microsoft__vscode-146962,microsoft/vscode,TypeScript,src/vs/workbench/services/textMate/browser/abstractTextMateService.ts,src/vs/workbench/services/textMate/browser/abstractTextMateService.ts,modified,src/vs/workbench/services/textMate/browser/abstractTextMateService.ts,code,True
feature,microsoft__vscode-146962,microsoft/vscode,TypeScript,src/vs/workbench/services/textMate/browser/textMateWorker.ts,src/vs/workbench/services/textMate/browser/textMateWorker.ts,modified,src/vs/workbench/services/textMate/browser/textMateWorker.ts,code,True
feature,microsoft__vscode-146962,microsoft/vscode,TypeScript,src/vs/workbench/services/textMate/common/TMGrammarFactory.ts,src/vs/workbench/services/textMate/common/TMGrammarFactory.ts,modified,src/vs/workbench/services/textMate/common/TMGrammarFactory.ts,code,True
feature,microsoft__vscode-146962,microsoft/vscode,TypeScript,src/vs/workbench/services/textMate/common/TMGrammars.ts,src/vs/workbench/services/textMate/common/TMGrammars.ts,modified,src/vs/workbench/services/textMate/common/TMGrammars.ts,code,True
feature,microsoft__vscode-146962,microsoft/vscode,TypeScript,src/vs/workbench/services/textMate/common/TMScopeRegistry.ts,src/vs/workbench/services/textMate/common/TMScopeRegistry.ts,modified,src/vs/workbench/services/textMate/common/TMScopeRegistry.ts,code,True
feature,microsoft__vscode-146962,microsoft/vscode,TypeScript,src/vs/editor/test/common/model/bracketPairColorizer/tokenizer.test.ts,src/vs/editor/test/common/model/bracketPairColorizer/tokenizer.test.ts,modified,src/vs/editor/test/common/model/bracketPairColorizer/tokenizer.test.ts,test,True
feature,microsoft__vscode-146962,microsoft/vscode,TypeScript,src/vs/editor/test/common/model/textModelWithTokens.test.ts,src/vs/editor/test/common/model/textModelWithTokens.test.ts,modified,src/vs/editor/test/common/model/textModelWithTokens.test.ts,test,True
feature,microsoft__vscode-146962,microsoft/vscode,TypeScript,src/vs/editor/test/common/model/tokensStore.test.ts,src/vs/editor/test/common/model/tokensStore.test.ts,modified,src/vs/editor/test/common/model/tokensStore.test.ts,test,True
feature,microsoft__vscode-152802,microsoft/vscode,TypeScript,src/vs/platform/terminal/node/terminalEnvironment.ts,src/vs/platform/terminal/node/terminalEnvironment.ts,modified,src/vs/platform/terminal/node/terminalEnvironment.ts,code,True
feature,microsoft__vscode-152802,microsoft/vscode,TypeScript,src/vs/workbench/contrib/terminal/browser/media/shellIntegration-bash.sh,src/vs/workbench/contrib/terminal/browser/media/shellIntegration-bash.sh,modified,src/vs/workbench/contrib/terminal/browser/media/shellIntegration-bash.sh,code,True
feature,microsoft__vscode-152802,microsoft/vscode,TypeScript,src/vs/workbench/contrib/terminal/browser/media/shellIntegration-rc.zsh,src/vs/workbench/contrib/terminal/browser/media/shellIntegration-rc.zsh,modified,src/vs/workbench/contrib/terminal/browser/media/shellIntegration-rc.zsh,code,True
feature,microsoft__vscode-152802,microsoft/vscode,TypeScript,src/vs/workbench/contrib/terminal/browser/media/shellIntegration.ps1,src/vs/workbench/contrib/terminal/browser/media/shellIntegration.ps1,modified,src/vs/workbench/contrib/terminal/browser/media/shellIntegration.ps1,code,True
feature,microsoft__vscode-152802,microsoft/vscode,TypeScript,src/vs/platform/terminal/test/node/terminalEnvironment.test.ts,src/vs/platform/terminal/test/node/terminalEnvironment.test.ts,modified,src/vs/platform/terminal/test/node/terminalEnvironment.test.ts,test,True
feature,microsoft__vscode-155261,microsoft/vscode,TypeScript,src/vs/platform/contextkey/common/contextkey.ts,src/vs/platform/contextkey/common/contextkey.ts,modified,src/vs/platform/contextkey/common/contextkey.ts,code,True
feature,microsoft__vscode-155261,microsoft/vscode,TypeScript,src/vs/server/node/remoteAgentEnvironmentImpl.ts,src/vs/server/node/remoteAgentEnvironmentImpl.ts,modified,src/vs/server/node/remoteAgentEnvironmentImpl.ts,code,True
feature,microsoft__vscode-155261,microsoft/vscode,TypeScript,src/vs/platform/contextkey/test/common/contextkey.test.ts,src/vs/platform/contextkey/test/common/contextkey.test.ts,modified,src/vs/platform/contextkey/test/common/contextkey.test.ts,test,True
feature,microsoft__vscode-156733,microsoft/vscode,TypeScript,src/vs/code/electron-sandbox/issue/issueReporterModel.ts,src/vs/code/electron-sandbox/issue/issueReporterModel.ts,modified,src/vs/code/electron-sandbox/issue/issueReporterModel.ts,code,True
feature,microsoft__vscode-156733,microsoft/vscode,TypeScript,src/vs/platform/issue/common/issue.ts,src/vs/platform/issue/common/issue.ts,modified,src/vs/platform/issue/common/issue.ts,code,True
feature,microsoft__vscode-156733,microsoft/vscode,TypeScript,src/vs/platform/windows/electron-main/window.ts,src/vs/platform/windows/electron-main/window.ts,modified,src/vs/platform/windows/electron-main/window.ts,code,True
feature,microsoft__vscode-156733,microsoft/vscode,TypeScript,src/vs/workbench/electron-sandbox/desktop.contribution.ts,src/vs/workbench/electron-sandbox/desktop.contribution.ts,modified,src/vs/workbench/electron-sandbox/desktop.contribution.ts,code,True
feature,microsoft__vscode-156733,microsoft/vscode,TypeScript,src/vs/workbench/electron-sandbox/parts/dialogs/dialogHandler.ts,src/vs/workbench/electron-sandbox/parts/dialogs/dialogHandler.ts,modified,src/vs/workbench/electron-sandbox/parts/dialogs/dialogHandler.ts,code,True
feature,microsoft__vscode-156733,microsoft/vscode,TypeScript,src/vs/workbench/services/issue/electron-sandbox/issueService.ts,src/vs/workbench/services/issue/electron-sandbox/issueService.ts,modified,src/vs/workbench/services/issue/electron-sandbox/issueService.ts,code,True
feature,microsoft__vscode-156733,microsoft/vscode,TypeScript,src/vs/code/test/electron-sandbox/issue/testReporterModel.test.ts,src/vs/code/test/electron-sandbox/issue/testReporterModel.test.ts,modified,src/vs/code/test/electron-sandbox/issue/testReporterModel.test.ts,test,True
feature,microsoft__vscode-165197,microsoft/vscode,TypeScript,src/vs/workbench/contrib/tasks/browser/terminalTaskSystem.ts,src/vs/workbench/contrib/tasks/browser/terminalTaskSystem.ts,modified,src/vs/workbench/contrib/tasks/browser/terminalTaskSystem.ts,code,True
feature,microsoft__vscode-165197,microsoft/vscode,TypeScript,src/vs/workbench/contrib/terminal/browser/terminal.ts,src/vs/workbench/contrib/terminal/browser/terminal.ts,modified,src/vs/workbench/contrib/terminal/browser/terminal.ts,code,True
feature,microsoft__vscode-165197,microsoft/vscode,TypeScript,src/vs/workbench/contrib/terminal/browser/terminalQuickFixBuiltinActions.ts,src/vs/workbench/contrib/terminal/browser/terminalQuickFixBuiltinActions.ts,modified,src/vs/workbench/contrib/terminal/browser/terminalQuickFixBuiltinActions.ts,code,True
feature,microsoft__vscode-165197,microsoft/vscode,TypeScript,src/vs/workbench/contrib/terminal/browser/xterm/quickFixAddon.ts,src/vs/workbench/contrib/terminal/browser/xterm/quickFixAddon.ts,modified,src/vs/workbench/contrib/terminal/browser/xterm/quickFixAddon.ts,code,True
feature,microsoft__vscode-165197,microsoft/vscode,TypeScript,src/vs/workbench/contrib/terminal/test/browser/quickFixAddon.test.ts,src/vs/workbench/contrib/terminal/test/browser/quickFixAddon.test.ts,modified,src/vs/workbench/contrib/terminal/test/browser/quickFixAddon.test.ts,test,True
feature,microsoft__vscode-168788,microsoft/vscode,TypeScript,src/vs/editor/common/cursorCommon.ts,src/vs/editor/common/cursorCommon.ts,modified,src/vs/editor/common/cursorCommon.ts,code,True
feature,microsoft__vscode-168788,microsoft/vscode,TypeScript,src/vs/editor/common/languages/languageConfigurationRegistry.ts,src/vs/editor/common/languages/languageConfigurationRegistry.ts,modified,src/vs/editor/common/languages/languageConfigurationRegistry.ts,code,True
feature,microsoft__vscode-168788,microsoft/vscode,TypeScript,src/vs/editor/common/languages/supports/characterPair.ts,src/vs/editor/common/languages/supports/characterPair.ts,modified,src/vs/editor/common/languages/supports/characterPair.ts,code,True
feature,microsoft__vscode-168788,microsoft/vscode,TypeScript,src/vs/editor/test/browser/controller/cursor.test.ts,src/vs/editor/test/browser/controller/cursor.test.ts,modified,src/vs/editor/test/browser/controller/cursor.test.ts,test,True
feature,microsoft__vscode-178291,microsoft/vscode,TypeScript,src/vs/workbench/contrib/terminalContrib/links/browser/terminalLinkParsing.ts,src/vs/workbench/contrib/terminalContrib/links/browser/terminalLinkParsing.ts,modified,src/vs/workbench/contrib/terminalContrib/links/browser/terminalLinkParsing.ts,code,True
feature,microsoft__vscode-178291,microsoft/vscode,TypeScript,src/vs/workbench/contrib/terminalContrib/links/test/browser/terminalLinkParsing.test.ts,src/vs/workbench/contrib/terminalContrib/links/test/browser/terminalLinkParsing.test.ts,modified,src/vs/workbench/contrib/terminalContrib/links/test/browser/terminalLinkParsing.test.ts,test,True
feature,microsoft__vscode-178513,microsoft/vscode,TypeScript,src/vs/workbench/contrib/terminalContrib/links/browser/terminalLinkParsing.ts,src/vs/workbench/contrib/terminalContrib/links/browser/terminalLinkParsing.ts,modified,src/vs/workbench/contrib/terminalContrib/links/browser/terminalLinkParsing.ts,code,True
feature,microsoft__vscode-178513,microsoft/vscode,TypeScript,src/vs/workbench/contrib/terminalContrib/links/test/browser/terminalLinkParsing.test.ts,src/vs/workbench/contrib/terminalContrib/links/test/browser/terminalLinkParsing.test.ts,modified,src/vs/workbench/contrib/terminalContrib/links/test/browser/terminalLinkParsing.test.ts,test,True
feature,microsoft__vscode-178694,microsoft/vscode,TypeScript,src/vs/base/common/history.ts,src/vs/base/common/history.ts,modified,src/vs/base/common/history.ts,code,True
feature,microsoft__vscode-178694,microsoft/vscode,TypeScript,src/vs/base/test/common/history.test.ts,src/vs/base/test/common/history.test.ts,modified,src/vs/base/test/common/history.test.ts,test,True
feature,microsoft__vscode-182669,microsoft/vscode,TypeScript,src/vs/workbench/contrib/search/browser/search.contribution.ts,src/vs/workbench/contrib/search/browser/search.contribution.ts,modified,src/vs/workbench/contrib/search/browser/search.contribution.ts,code,True
feature,microsoft__vscode-182669,microsoft/vscode,TypeScript,src/vs/workbench/contrib/search/browser/searchModel.ts,src/vs/workbench/contrib/search/browser/searchModel.ts,modified,src/vs/workbench/contrib/search/browser/searchModel.ts,code,True
feature,microsoft__vscode-182669,microsoft/vscode,TypeScript,src/vs/workbench/contrib/search/browser/searchView.ts,src/vs/workbench/contrib/search/browser/searchView.ts,modified,src/vs/workbench/contrib/search/browser/searchView.ts,code,True
feature,microsoft__vscode-182669,microsoft/vscode,TypeScript,src/vs/workbench/contrib/search/browser/searchWidget.ts,src/vs/workbench/contrib/search/browser/searchWidget.ts,modified,src/vs/workbench/contrib/search/browser/searchWidget.ts,code,True
feature,microsoft__vscode-182669,microsoft/vscode,TypeScript,src/vs/workbench/services/search/common/search.ts,src/vs/workbench/services/search/common/search.ts,modified,src/vs/workbench/services/search/common/search.ts,code,True
feature,microsoft__vscode-182669,microsoft/vscode,TypeScript,src/vs/workbench/contrib/search/test/browser/searchModel.test.ts,src/vs/workbench/contrib/search/test/browser/searchModel.test.ts,modified,src/vs/workbench/contrib/search/test/browser/searchModel.test.ts,test,True
feature,microsoft__vscode-182669,microsoft/vscode,TypeScript,src/vs/workbench/contrib/search/test/browser/searchResult.test.ts,src/vs/workbench/contrib/search/test/browser/searchResult.test.ts,modified,src/vs/workbench/contrib/search/test/browser/searchResult.test.ts,test,True
feature,microsoft__vscode-182669,microsoft/vscode,TypeScript,src/vs/workbench/contrib/search/test/browser/searchTestCommon.ts,src/vs/workbench/contrib/search/test/browser/searchTestCommon.ts,modified,src/vs/workbench/contrib/search/test/browser/searchTestCommon.ts,test,True
feature,microsoft__vscode-182669,microsoft/vscode,TypeScript,src/vs/workbench/contrib/search/test/browser/searchViewlet.test.ts,src/vs/workbench/contrib/search/test/browser/searchViewlet.test.ts,modified,src/vs/workbench/contrib/search/test/browser/searchViewlet.test.ts,test,True
feature,microsoft__vscode-190351,microsoft/vscode,TypeScript,src/vs/workbench/contrib/terminalContrib/links/browser/terminalLinkParsing.ts,src/vs/workbench/contrib/terminalContrib/links/browser/terminalLinkParsing.ts,modified,src/vs/workbench/contrib/terminalContrib/links/browser/terminalLinkParsing.ts,code,True
feature,microsoft__vscode-190351,microsoft/vscode,TypeScript,src/vs/workbench/contrib/terminalContrib/links/test/browser/terminalLinkParsing.test.ts,src/vs/workbench/contrib/terminalContrib/links/test/browser/terminalLinkParsing.test.ts,modified,src/vs/workbench/contrib/terminalContrib/links/test/browser/terminalLinkParsing.test.ts,test,True
feature,microsoft__vscode-191602,microsoft/vscode,TypeScript,src/vs/workbench/contrib/terminalContrib/links/browser/terminalLinkParsing.ts,src/vs/workbench/contrib/terminalContrib/links/browser/terminalLinkParsing.ts,modified,src/vs/workbench/contrib/terminalContrib/links/browser/terminalLinkParsing.ts,code,True
feature,microsoft__vscode-191602,microsoft/vscode,TypeScript,src/vs/workbench/contrib/terminalContrib/links/test/browser/terminalLinkParsing.test.ts,src/vs/workbench/contrib/terminalContrib/links/test/browser/terminalLinkParsing.test.ts,modified,src/vs/workbench/contrib/terminalContrib/links/test/browser/terminalLinkParsing.test.ts,test,True
feature,mui__material-ui-11446,mui/material-ui,TypeScript,packages/material-ui/src/StepLabel/StepLabel.d.ts,packages/material-ui/src/StepLabel/StepLabel.d.ts,modified,packages/material-ui/src/StepLabel/StepLabel.d.ts,code,True
feature,mui__material-ui-11446,mui/material-ui,TypeScript,packages/material-ui/src/StepLabel/StepLabel.js,packages/material-ui/src/StepLabel/StepLabel.js,modified,packages/material-ui/src/StepLabel/StepLabel.js,code,True
feature,mui__material-ui-11446,mui/material-ui,TypeScript,pages/api/step-label.md,pages/api/step-label.md,modified,pages/api/step-label.md,code,True
feature,mui__material-ui-11446,mui/material-ui,TypeScript,packages/material-ui/src/StepLabel/StepLabel.test.js,packages/material-ui/src/StepLabel/StepLabel.test.js,modified,packages/material-ui/src/StepLabel/StepLabel.test.js,test,True
feature,mui__material-ui-13828,mui/material-ui,TypeScript,packages/material-ui/src/LinearProgress/LinearProgress.d.ts,packages/material-ui/src/LinearProgress/LinearProgress.d.ts,modified,packages/material-ui/src/LinearProgress/LinearProgress.d.ts,code,True
feature,mui__material-ui-13828,mui/material-ui,TypeScript,packages/material-ui/src/LinearProgress/LinearProgress.js,packages/material-ui/src/LinearProgress/LinearProgress.js,modified,packages/material-ui/src/LinearProgress/LinearProgress.js,code,True
feature,mui__material-ui-13828,mui/material-ui,TypeScript,pages/api/linear-progress.md,pages/api/linear-progress.md,modified,pages/api/linear-progress.md,code,True
feature,mui__material-ui-13828,mui/material-ui,TypeScript,packages/material-ui/src/LinearProgress/LinearProgress.test.js,packages/material-ui/src/LinearProgress/LinearProgress.test.js,modified,packages/material-ui/src/LinearProgress/LinearProgress.test.js,test,True
feature,mui__material-ui-13899,mui/material-ui,TypeScript,docs/src/pages/style/color/ColorDemo.js,docs/src/pages/style/color/ColorDemo.js,modified,docs/src/pages/style/color/ColorDemo.js,code,True
feature,mui__material-ui-13899,mui/material-ui,TypeScript,docs/src/pages/style/color/ColorTool.js,docs/src/pages/style/color/ColorTool.js,modified,docs/src/pages/style/color/ColorTool.js,code,True
feature,mui__material-ui-13899,mui/material-ui,TypeScript,packages/material-ui/src/styles/colorManipulator.js,packages/material-ui/src/styles/colorManipulator.js,modified,packages/material-ui/src/styles/colorManipulator.js,code,True
feature,mui__material-ui-13899,mui/material-ui,TypeScript,packages/material-ui/src/styles/createPalette.d.ts,packages/material-ui/src/styles/createPalette.d.ts,modified,packages/material-ui/src/styles/createPalette.d.ts,code,True
feature,mui__material-ui-13899,mui/material-ui,TypeScript,packages/material-ui/src/styles/createPalette.js,packages/material-ui/src/styles/createPalette.js,modified,packages/material-ui/src/styles/createPalette.js,code,True
feature,mui__material-ui-13899,mui/material-ui,TypeScript,packages/material-ui/src/styles/createPalette.spec.ts,packages/material-ui/src/styles/createPalette.spec.ts,modified,packages/material-ui/src/styles/createPalette.spec.ts,test,True
feature,mui__material-ui-13899,mui/material-ui,TypeScript,packages/material-ui/src/styles/createPalette.test.js,packages/material-ui/src/styles/createPalette.test.js,modified,packages/material-ui/src/styles/createPalette.test.js,test,True
feature,mui__material-ui-14465,mui/material-ui,TypeScript,packages/material-ui/src/Collapse/Collapse.js,packages/material-ui/src/Collapse/Collapse.js,modified,packages/material-ui/src/Collapse/Collapse.js,code,True
feature,mui__material-ui-14465,mui/material-ui,TypeScript,packages/material-ui/src/Fade/Fade.js,packages/material-ui/src/Fade/Fade.js,modified,packages/material-ui/src/Fade/Fade.js,code,True
feature,mui__material-ui-14465,mui/material-ui,TypeScript,packages/material-ui/src/Grow/Grow.js,packages/material-ui/src/Grow/Grow.js,modified,packages/material-ui/src/Grow/Grow.js,code,True
feature,mui__material-ui-14465,mui/material-ui,TypeScript,packages/material-ui/src/Slide/Slide.js,packages/material-ui/src/Slide/Slide.js,modified,packages/material-ui/src/Slide/Slide.js,code,True
feature,mui__material-ui-14465,mui/material-ui,TypeScript,packages/material-ui/src/Zoom/Zoom.js,packages/material-ui/src/Zoom/Zoom.js,modified,packages/material-ui/src/Zoom/Zoom.js,code,True
feature,mui__material-ui-14465,mui/material-ui,TypeScript,pages/api/collapse.md,pages/api/collapse.md,modified,pages/api/collapse.md,code,True
feature,mui__material-ui-14465,mui/material-ui,TypeScript,pages/api/fade.md,pages/api/fade.md,modified,pages/api/fade.md,code,True
feature,mui__material-ui-14465,mui/material-ui,TypeScript,pages/api/grow.md,pages/api/grow.md,modified,pages/api/grow.md,code,True
feature,mui__material-ui-14465,mui/material-ui,TypeScript,pages/api/slide.md,pages/api/slide.md,modified,pages/api/slide.md,code,True
feature,mui__material-ui-14465,mui/material-ui,TypeScript,pages/api/zoom.md,pages/api/zoom.md,modified,pages/api/zoom.md,code,True
feature,mui__material-ui-14465,mui/material-ui,TypeScript,packages/material-ui/src/Fade/Fade.test.js,packages/material-ui/src/Fade/Fade.test.js,modified,packages/material-ui/src/Fade/Fade.test.js,test,True
feature,mui__material-ui-14465,mui/material-ui,TypeScript,packages/material-ui/src/Slide/Slide.test.js,packages/material-ui/src/Slide/Slide.test.js,modified,packages/material-ui/src/Slide/Slide.test.js,test,True
feature,mui__material-ui-14465,mui/material-ui,TypeScript,packages/material-ui/src/Zoom/Zoom.test.js,packages/material-ui/src/Zoom/Zoom.test.js,modified,packages/material-ui/src/Zoom/Zoom.test.js,test,True
feature,mui__material-ui-15495,mui/material-ui,TypeScript,packages/material-ui/src/ListItem/ListItem.js,packages/material-ui/src/ListItem/ListItem.js,modified,packages/material-ui/src/ListItem/ListItem.js,code,True
feature,mui__material-ui-15495,mui/material-ui,TypeScript,packages/material-ui/src/MenuList/MenuList.js,packages/material-ui/src/MenuList/MenuList.js,modified,packages/material-ui/src/MenuList/MenuList.js,code,True
feature,mui__material-ui-15495,mui/material-ui,TypeScript,pages/api/menu-list.md,pages/api/menu-list.md,modified,pages/api/menu-list.md,code,True
feature,mui__material-ui-15495,mui/material-ui,TypeScript,packages/material-ui/test/integration/MenuList.test.js,packages/material-ui/test/integration/MenuList.test.js,modified,packages/material-ui/test/integration/MenuList.test.js,test,True
feature,mui__material-ui-17005,mui/material-ui,TypeScript,packages/material-ui/src/Grid/Grid.js,packages/material-ui/src/Grid/Grid.js,modified,packages/material-ui/src/Grid/Grid.js,code,True
feature,mui__material-ui-17005,mui/material-ui,TypeScript,packages/material-ui/src/Grid/Grid.test.js,packages/material-ui/src/Grid/Grid.test.js,modified,packages/material-ui/src/Grid/Grid.test.js,test,True
feature,mui__material-ui-17640,mui/material-ui,TypeScript,docs/pages/api/button.md,docs/pages/api/button.md,modified,docs/pages/api/button.md,code,True
feature,mui__material-ui-17640,mui/material-ui,TypeScript,packages/material-ui/src/Button/Button.d.ts,packages/material-ui/src/Button/Button.d.ts,modified,packages/material-ui/src/Button/Button.d.ts,code,True
feature,mui__material-ui-17640,mui/material-ui,TypeScript,packages/material-ui/src/Button/Button.js,packages/material-ui/src/Button/Button.js,modified,packages/material-ui/src/Button/Button.js,code,True
feature,mui__material-ui-17640,mui/material-ui,TypeScript,packages/material-ui/src/Button/Button.test.js,packages/material-ui/src/Button/Button.test.js,modified,packages/material-ui/src/Button/Button.test.js,test,True
feature,mui__material-ui-17640,mui/material-ui,TypeScript,packages/material-ui/src/ButtonGroup/ButtonGroup.test.js,packages/material-ui/src/ButtonGroup/ButtonGroup.test.js,modified,packages/material-ui/src/ButtonGroup/ButtonGroup.test.js,test,True
feature,mui__material-ui-17691,mui/material-ui,TypeScript,docs/pages/api/select.md,docs/pages/api/select.md,modified,docs/pages/api/select.md,code,True
feature,mui__material-ui-17691,mui/material-ui,TypeScript,docs/src/pages/components/selects/DialogSelect.js,docs/src/pages/components/selects/DialogSelect.js,modified,docs/src/pages/components/selects/DialogSelect.js,code,True
feature,mui__material-ui-17691,mui/material-ui,TypeScript,docs/src/pages/components/selects/DialogSelect.tsx,docs/src/pages/components/selects/DialogSelect.tsx,modified,docs/src/pages/components/selects/DialogSelect.tsx,code,True
feature,mui__material-ui-17691,mui/material-ui,TypeScript,packages/material-ui/src/Select/Select.js,packages/material-ui/src/Select/Select.js,modified,packages/material-ui/src/Select/Select.js,code,True
feature,mui__material-ui-17691,mui/material-ui,TypeScript,packages/material-ui/src/Select/SelectInput.js,packages/material-ui/src/Select/SelectInput.js,modified,packages/material-ui/src/Select/SelectInput.js,code,True
feature,mui__material-ui-17691,mui/material-ui,TypeScript,packages/material-ui/src/InputBase/InputBase.test.js,packages/material-ui/src/InputBase/InputBase.test.js,modified,packages/material-ui/src/InputBase/InputBase.test.js,test,True
feature,mui__material-ui-17691,mui/material-ui,TypeScript,packages/material-ui/src/Select/Select.test.js,packages/material-ui/src/Select/Select.test.js,modified,packages/material-ui/src/Select/Select.test.js,test,True
feature,mui__material-ui-17691,mui/material-ui,TypeScript,packages/material-ui/src/TablePagination/TablePagination.test.js,packages/material-ui/src/TablePagination/TablePagination.test.js,modified,packages/material-ui/src/TablePagination/TablePagination.test.js,test,True
feature,mui__material-ui-17691,mui/material-ui,TypeScript,test/utils/consoleError.js,test/utils/consoleError.js,modified,test/utils/consoleError.js,test,True
feature,mui__material-ui-17829,mui/material-ui,TypeScript,docs/pages/api/chip.md,docs/pages/api/chip.md,modified,docs/pages/api/chip.md,code,True
feature,mui__material-ui-17829,mui/material-ui,TypeScript,packages/material-ui/src/Chip/Chip.js,packages/material-ui/src/Chip/Chip.js,modified,packages/material-ui/src/Chip/Chip.js,code,True
feature,mui__material-ui-17829,mui/material-ui,TypeScript,packages/material-ui/src/Chip/Chip.test.js,packages/material-ui/src/Chip/Chip.test.js,modified,packages/material-ui/src/Chip/Chip.test.js,test,True
feature,mui__material-ui-18744,mui/material-ui,TypeScript,docs/pages/api/button.md,docs/pages/api/button.md,modified,docs/pages/api/button.md,code,True
feature,mui__material-ui-18744,mui/material-ui,TypeScript,/dev/null,docs/src/pages/components/buttons/DisableElevation.js,added,docs/src/pages/components/buttons/DisableElevation.js,code,False
feature,mui__material-ui-18744,mui/material-ui,TypeScript,/dev/null,docs/src/pages/components/buttons/DisableElevation.tsx,added,docs/src/pages/components/buttons/DisableElevation.tsx,code,False
feature,mui__material-ui-18744,mui/material-ui,TypeScript,docs/src/pages/components/buttons/buttons.md,docs/src/pages/components/buttons/buttons.md,modified,docs/src/pages/components/buttons/buttons.md,code,True
feature,mui__material-ui-18744,mui/material-ui,TypeScript,packages/material-ui/src/Button/Button.d.ts,packages/material-ui/src/Button/Button.d.ts,modified,packages/material-ui/src/Button/Button.d.ts,code,True
feature,mui__material-ui-18744,mui/material-ui,TypeScript,packages/material-ui/src/Button/Button.js,packages/material-ui/src/Button/Button.js,modified,packages/material-ui/src/Button/Button.js,code,True
feature,mui__material-ui-18744,mui/material-ui,TypeScript,packages/material-ui/src/Button/Button.test.js,packages/material-ui/src/Button/Button.test.js,modified,packages/material-ui/src/Button/Button.test.js,test,True
feature,mui__material-ui-20133,mui/material-ui,TypeScript,docs/pages/api-docs/tree-item.md,docs/pages/api-docs/tree-item.md,modified,docs/pages/api-docs/tree-item.md,code,True
feature,mui__material-ui-20133,mui/material-ui,TypeScript,docs/pages/api-docs/tree-view.md,docs/pages/api-docs/tree-view.md,modified,docs/pages/api-docs/tree-view.md,code,True
feature,mui__material-ui-20133,mui/material-ui,TypeScript,/dev/null,docs/src/pages/components/tree-view/DisabledTreeItems.js,added,docs/src/pages/components/tree-view/DisabledTreeItems.js,code,False
feature,mui__material-ui-20133,mui/material-ui,TypeScript,/dev/null,docs/src/pages/components/tree-view/DisabledTreeItems.tsx,added,docs/src/pages/components/tree-view/DisabledTreeItems.tsx,code,False
feature,mui__material-ui-20133,mui/material-ui,TypeScript,docs/src/pages/components/tree-view/tree-view.md,docs/src/pages/components/tree-view/tree-view.md,modified,docs/src/pages/components/tree-view/tree-view.md,code,True
feature,mui__material-ui-20133,mui/material-ui,TypeScript,packages/material-ui-lab/src/TreeItem/TreeItem.d.ts,packages/material-ui-lab/src/TreeItem/TreeItem.d.ts,modified,packages/material-ui-lab/src/TreeItem/TreeItem.d.ts,code,True
feature,mui__material-ui-20133,mui/material-ui,TypeScript,packages/material-ui-lab/src/TreeItem/TreeItem.js,packages/material-ui-lab/src/TreeItem/TreeItem.js,modified,packages/material-ui-lab/src/TreeItem/TreeItem.js,code,True
feature,mui__material-ui-20133,mui/material-ui,TypeScript,packages/material-ui-lab/src/TreeView/TreeView.d.ts,packages/material-ui-lab/src/TreeView/TreeView.d.ts,modified,packages/material-ui-lab/src/TreeView/TreeView.d.ts,code,True
feature,mui__material-ui-20133,mui/material-ui,TypeScript,packages/material-ui-lab/src/TreeView/TreeView.js,packages/material-ui-lab/src/TreeView/TreeView.js,modified,packages/material-ui-lab/src/TreeView/TreeView.js,code,True
feature,mui__material-ui-20133,mui/material-ui,TypeScript,packages/material-ui-lab/src/TreeItem/TreeItem.test.js,packages/material-ui-lab/src/TreeItem/TreeItem.test.js,modified,packages/material-ui-lab/src/TreeItem/TreeItem.test.js,test,True
feature,mui__material-ui-20133,mui/material-ui,TypeScript,packages/material-ui-lab/src/TreeView/TreeView.test.js,packages/material-ui-lab/src/TreeView/TreeView.test.js,modified,packages/material-ui-lab/src/TreeView/TreeView.test.js,test,True
feature,mui__material-ui-20781,mui/material-ui,TypeScript,.eslintrc.js,.eslintrc.js,modified,.eslintrc.js,code,True
feature,mui__material-ui-20781,mui/material-ui,TypeScript,packages/material-ui/src/Tab/Tab.js,packages/material-ui/src/Tab/Tab.js,modified,packages/material-ui/src/Tab/Tab.js,code,True
feature,mui__material-ui-20781,mui/material-ui,TypeScript,packages/material-ui/src/Tabs/Tabs.js,packages/material-ui/src/Tabs/Tabs.js,modified,packages/material-ui/src/Tabs/Tabs.js,code,True
feature,mui__material-ui-20781,mui/material-ui,TypeScript,packages/material-ui/src/Tabs/Tabs.test.js,packages/material-ui/src/Tabs/Tabs.test.js,modified,packages/material-ui/src/Tabs/Tabs.test.js,test,True
feature,mui__material-ui-21192,mui/material-ui,TypeScript,docs/pages/api-docs/native-select.md,docs/pages/api-docs/native-select.md,modified,docs/pages/api-docs/native-select.md,code,True
feature,mui__material-ui-21192,mui/material-ui,TypeScript,docs/pages/api-docs/select.md,docs/pages/api-docs/select.md,modified,docs/pages/api-docs/select.md,code,True
feature,mui__material-ui-21192,mui/material-ui,TypeScript,packages/material-ui/src/NativeSelect/NativeSelect.js,packages/material-ui/src/NativeSelect/NativeSelect.js,modified,packages/material-ui/src/NativeSelect/NativeSelect.js,code,True
feature,mui__material-ui-21192,mui/material-ui,TypeScript,packages/material-ui/src/Select/SelectInput.js,packages/material-ui/src/Select/SelectInput.js,modified,packages/material-ui/src/Select/SelectInput.js,code,True
feature,mui__material-ui-21192,mui/material-ui,TypeScript,packages/material-ui/src/Select/Select.test.js,packages/material-ui/src/Select/Select.test.js,modified,packages/material-ui/src/Select/Select.test.js,test,True
feature,mui__material-ui-21192,mui/material-ui,TypeScript,packages/material-ui/src/TextField/TextField.test.js,packages/material-ui/src/TextField/TextField.test.js,modified,packages/material-ui/src/TextField/TextField.test.js,test,True
feature,mui__material-ui-23364,mui/material-ui,TypeScript,docs/pages/api-docs/unstable-trap-focus.md,docs/pages/api-docs/unstable-trap-focus.md,modified,docs/pages/api-docs/unstable-trap-focus.md,code,True
feature,mui__material-ui-23364,mui/material-ui,TypeScript,packages/material-ui/src/Unstable_TrapFocus/Unstable_TrapFocus.d.ts,packages/material-ui/src/Unstable_TrapFocus/Unstable_TrapFocus.d.ts,modified,packages/material-ui/src/Unstable_TrapFocus/Unstable_TrapFocus.d.ts,code,True
feature,mui__material-ui-23364,mui/material-ui,TypeScript,packages/material-ui/src/Unstable_TrapFocus/Unstable_TrapFocus.js,packages/material-ui/src/Unstable_TrapFocus/Unstable_TrapFocus.js,modified,packages/material-ui/src/Unstable_TrapFocus/Unstable_TrapFocus.js,code,True
feature,mui__material-ui-23364,mui/material-ui,TypeScript,packages/material-ui/src/Unstable_TrapFocus/Unstable_TrapFocus.test.js,packages/material-ui/src/Unstable_TrapFocus/Unstable_TrapFocus.test.js,modified,packages/material-ui/src/Unstable_TrapFocus/Unstable_TrapFocus.test.js,test,True
feature,mui__material-ui-23364,mui/material-ui,TypeScript,test/utils/createClientRender.js,test/utils/createClientRender.js,modified,test/utils/createClientRender.js,test,True
feature,mui__material-ui-23364,mui/material-ui,TypeScript,/dev/null,test/utils/user-event/index.js,added,test/utils/user-event/index.js,test,False
feature,mui__material-ui-23364,mui/material-ui,TypeScript,/dev/null,test/utils/user-event/index.test.js,added,test/utils/user-event/index.test.js,test,False
feature,mui__material-ui-26746,mui/material-ui,TypeScript,docs/src/modules/branding/BrandingRoot.tsx,docs/src/modules/branding/BrandingRoot.tsx,modified,docs/src/modules/branding/BrandingRoot.tsx,code,True
feature,mui__material-ui-26746,mui/material-ui,TypeScript,docs/src/pages/customization/breakpoints/breakpoints.md,docs/src/pages/customization/breakpoints/breakpoints.md,modified,docs/src/pages/customization/breakpoints/breakpoints.md,code,True
feature,mui__material-ui-26746,mui/material-ui,TypeScript,docs/src/pages/guides/migration-v4/migration-v4.md,docs/src/pages/guides/migration-v4/migration-v4.md,modified,docs/src/pages/guides/migration-v4/migration-v4.md,code,True
feature,mui__material-ui-26746,mui/material-ui,TypeScript,packages/material-ui-system/src/breakpoints.js,packages/material-ui-system/src/breakpoints.js,modified,packages/material-ui-system/src/breakpoints.js,code,True
feature,mui__material-ui-26746,mui/material-ui,TypeScript,packages/material-ui-system/src/createTheme/createBreakpoints.js,packages/material-ui-system/src/createTheme/createBreakpoints.js,modified,packages/material-ui-system/src/createTheme/createBreakpoints.js,code,True
feature,mui__material-ui-26746,mui/material-ui,TypeScript,packages/material-ui/src/styles/cssUtils.js,packages/material-ui/src/styles/cssUtils.js,modified,packages/material-ui/src/styles/cssUtils.js,code,True
feature,mui__material-ui-26746,mui/material-ui,TypeScript,packages/material-ui-system/src/createTheme/createBreakpoints.test.js,packages/material-ui-system/src/createTheme/createBreakpoints.test.js,modified,packages/material-ui-system/src/createTheme/createBreakpoints.test.js,test,True
feature,mui__material-ui-26746,mui/material-ui,TypeScript,packages/material-ui/src/Grid/Grid.test.js,packages/material-ui/src/Grid/Grid.test.js,modified,packages/material-ui/src/Grid/Grid.test.js,test,True
feature,mui__material-ui-26746,mui/material-ui,TypeScript,packages/material-ui/src/Stack/Stack.test.js,packages/material-ui/src/Stack/Stack.test.js,modified,packages/material-ui/src/Stack/Stack.test.js,test,True
feature,mui__material-ui-26746,mui/material-ui,TypeScript,packages/material-ui/src/styles/adaptV4Theme.test.js,packages/material-ui/src/styles/adaptV4Theme.test.js,modified,packages/material-ui/src/styles/adaptV4Theme.test.js,test,True
feature,mui__material-ui-26746,mui/material-ui,TypeScript,packages/material-ui/src/styles/responsiveFontSizes.test.js,packages/material-ui/src/styles/responsiveFontSizes.test.js,modified,packages/material-ui/src/styles/responsiveFontSizes.test.js,test,True
feature,mui__material-ui-28813,mui/material-ui,TypeScript,docs/src/pages/system/properties/properties.md,docs/src/pages/system/properties/properties.md,modified,docs/src/pages/system/properties/properties.md,code,True
feature,mui__material-ui-28813,mui/material-ui,TypeScript,packages/mui-system/src/spacing.d.ts,packages/mui-system/src/spacing.d.ts,modified,packages/mui-system/src/spacing.d.ts,code,True
feature,mui__material-ui-28813,mui/material-ui,TypeScript,packages/mui-system/src/spacing.js,packages/mui-system/src/spacing.js,modified,packages/mui-system/src/spacing.js,code,True
feature,mui__material-ui-28813,mui/material-ui,TypeScript,packages/mui-system/src/spacing.test.js,packages/mui-system/src/spacing.test.js,modified,packages/mui-system/src/spacing.test.js,test,True
feature,mui__material-ui-33312,mui/material-ui,TypeScript,docs/pages/base/api/use-autocomplete.json,docs/pages/base/api/use-autocomplete.json,modified,docs/pages/base/api/use-autocomplete.json,code,True
feature,mui__material-ui-33312,mui/material-ui,TypeScript,docs/pages/material-ui/api/autocomplete.json,docs/pages/material-ui/api/autocomplete.json,modified,docs/pages/material-ui/api/autocomplete.json,code,True
feature,mui__material-ui-33312,mui/material-ui,TypeScript,docs/translations/api-docs/autocomplete/autocomplete.json,docs/translations/api-docs/autocomplete/autocomplete.json,modified,docs/translations/api-docs/autocomplete/autocomplete.json,code,True
feature,mui__material-ui-33312,mui/material-ui,TypeScript,docs/translations/api-docs/use-autocomplete/use-autocomplete.json,docs/translations/api-docs/use-autocomplete/use-autocomplete.json,modified,docs/translations/api-docs/use-autocomplete/use-autocomplete.json,code,True
feature,mui__material-ui-33312,mui/material-ui,TypeScript,packages/mui-base/src/useAutocomplete/useAutocomplete.d.ts,packages/mui-base/src/useAutocomplete/useAutocomplete.d.ts,modified,packages/mui-base/src/useAutocomplete/useAutocomplete.d.ts,code,True
feature,mui__material-ui-33312,mui/material-ui,TypeScript,packages/mui-base/src/useAutocomplete/useAutocomplete.js,packages/mui-base/src/useAutocomplete/useAutocomplete.js,modified,packages/mui-base/src/useAutocomplete/useAutocomplete.js,code,True
feature,mui__material-ui-33312,mui/material-ui,TypeScript,packages/mui-material/src/Autocomplete/Autocomplete.d.ts,packages/mui-material/src/Autocomplete/Autocomplete.d.ts,modified,packages/mui-material/src/Autocomplete/Autocomplete.d.ts,code,True
feature,mui__material-ui-33312,mui/material-ui,TypeScript,packages/mui-material/src/Autocomplete/Autocomplete.js,packages/mui-material/src/Autocomplete/Autocomplete.js,modified,packages/mui-material/src/Autocomplete/Autocomplete.js,code,True
feature,mui__material-ui-33312,mui/material-ui,TypeScript,packages/mui-material/src/Autocomplete/autocompleteClasses.ts,packages/mui-material/src/Autocomplete/autocompleteClasses.ts,modified,packages/mui-material/src/Autocomplete/autocompleteClasses.ts,code,True
feature,mui__material-ui-33312,mui/material-ui,TypeScript,packages/mui-material/src/Autocomplete/Autocomplete.test.js,packages/mui-material/src/Autocomplete/Autocomplete.test.js,modified,packages/mui-material/src/Autocomplete/Autocomplete.test.js,test,True
feature,mui__material-ui-34138,mui/material-ui,TypeScript,docs/pages/material-ui/api/step.json,docs/pages/material-ui/api/step.json,modified,docs/pages/material-ui/api/step.json,code,True
feature,mui__material-ui-34138,mui/material-ui,TypeScript,docs/pages/material-ui/api/stepper.json,docs/pages/material-ui/api/stepper.json,modified,docs/pages/material-ui/api/stepper.json,code,True
feature,mui__material-ui-34138,mui/material-ui,TypeScript,docs/translations/api-docs/step/step.json,docs/translations/api-docs/step/step.json,modified,docs/translations/api-docs/step/step.json,code,True
feature,mui__material-ui-34138,mui/material-ui,TypeScript,docs/translations/api-docs/stepper/stepper.json,docs/translations/api-docs/stepper/stepper.json,modified,docs/translations/api-docs/stepper/stepper.json,code,True
feature,mui__material-ui-34138,mui/material-ui,TypeScript,packages/mui-material/src/Step/Step.d.ts,packages/mui-material/src/Step/Step.d.ts,modified,packages/mui-material/src/Step/Step.d.ts,code,True
feature,mui__material-ui-34138,mui/material-ui,TypeScript,packages/mui-material/src/Step/Step.js,packages/mui-material/src/Step/Step.js,modified,packages/mui-material/src/Step/Step.js,code,True
feature,mui__material-ui-34138,mui/material-ui,TypeScript,/dev/null,packages/mui-material/src/Step/Step.spec.tsx,added,packages/mui-material/src/Step/Step.spec.tsx,test,False
feature,mui__material-ui-34138,mui/material-ui,TypeScript,packages/mui-material/src/Stepper/Stepper.d.ts,packages/mui-material/src/Stepper/Stepper.d.ts,modified,packages/mui-material/src/Stepper/Stepper.d.ts,code,True
feature,mui__material-ui-34138,mui/material-ui,TypeScript,packages/mui-material/src/Stepper/Stepper.js,packages/mui-material/src/Stepper/Stepper.js,modified,packages/mui-material/src/Stepper/Stepper.js,code,True
feature,mui__material-ui-34138,mui/material-ui,TypeScript,/dev/null,packages/mui-material/src/Stepper/Stepper.spec.tsx,added,packages/mui-material/src/Stepper/Stepper.spec.tsx,test,False
feature,mui__material-ui-34138,mui/material-ui,TypeScript,packages/mui-material/src/Step/Step.test.js,packages/mui-material/src/Step/Step.test.js,modified,packages/mui-material/src/Step/Step.test.js,test,True
feature,mui__material-ui-34138,mui/material-ui,TypeScript,packages/mui-material/src/Stepper/Stepper.test.tsx,packages/mui-material/src/Stepper/Stepper.test.tsx,modified,packages/mui-material/src/Stepper/Stepper.test.tsx,test,True
feature,mui__material-ui-34158,mui/material-ui,TypeScript,docs/data/base/components/select/UnstyledSelectControlled.js,docs/data/base/components/select/UnstyledSelectControlled.js,modified,docs/data/base/components/select/UnstyledSelectControlled.js,code,True
feature,mui__material-ui-34158,mui/material-ui,TypeScript,docs/data/base/components/select/UnstyledSelectControlled.tsx,docs/data/base/components/select/UnstyledSelectControlled.tsx,modified,docs/data/base/components/select/UnstyledSelectControlled.tsx,code,True
feature,mui__material-ui-34158,mui/material-ui,TypeScript,docs/data/base/components/select/UnstyledSelectControlled.tsx.preview,docs/data/base/components/select/UnstyledSelectControlled.tsx.preview,modified,docs/data/base/components/select/UnstyledSelectControlled.tsx.preview,code,True
feature,mui__material-ui-34158,mui/material-ui,TypeScript,docs/data/base/components/select/UnstyledSelectObjectValues.js,docs/data/base/components/select/UnstyledSelectObjectValues.js,modified,docs/data/base/components/select/UnstyledSelectObjectValues.js,code,True
feature,mui__material-ui-34158,mui/material-ui,TypeScript,docs/data/base/components/select/UnstyledSelectObjectValues.tsx,docs/data/base/components/select/UnstyledSelectObjectValues.tsx,modified,docs/data/base/components/select/UnstyledSelectObjectValues.tsx,code,True
feature,mui__material-ui-34158,mui/material-ui,TypeScript,docs/data/base/components/select/UnstyledSelectObjectValues.tsx.preview,docs/data/base/components/select/UnstyledSelectObjectValues.tsx.preview,modified,docs/data/base/components/select/UnstyledSelectObjectValues.tsx.preview,code,True
feature,mui__material-ui-34158,mui/material-ui,TypeScript,docs/data/base/components/select/UnstyledSelectObjectValuesForm.js,docs/data/base/components/select/UnstyledSelectObjectValuesForm.js,modified,docs/data/base/components/select/UnstyledSelectObjectValuesForm.js,code,True
feature,mui__material-ui-34158,mui/material-ui,TypeScript,docs/data/base/components/select/UnstyledSelectObjectValuesForm.tsx,docs/data/base/components/select/UnstyledSelectObjectValuesForm.tsx,modified,docs/data/base/components/select/UnstyledSelectObjectValuesForm.tsx,code,True
feature,mui__material-ui-34158,mui/material-ui,TypeScript,docs/data/joy/components/select/SelectClearable.js,docs/data/joy/components/select/SelectClearable.js,modified,docs/data/joy/components/select/SelectClearable.js,code,True
feature,mui__material-ui-34158,mui/material-ui,TypeScript,docs/data/joy/components/select/SelectFieldDemo.js,docs/data/joy/components/select/SelectFieldDemo.js,modified,docs/data/joy/components/select/SelectFieldDemo.js,code,True
feature,mui__material-ui-34158,mui/material-ui,TypeScript,docs/data/joy/components/select/SelectUsage.js,docs/data/joy/components/select/SelectUsage.js,modified,docs/data/joy/components/select/SelectUsage.js,code,True
feature,mui__material-ui-34158,mui/material-ui,TypeScript,packages/mui-base/src/ListboxUnstyled/useControllableReducer.ts,packages/mui-base/src/ListboxUnstyled/useControllableReducer.ts,modified,packages/mui-base/src/ListboxUnstyled/useControllableReducer.ts,code,True
feature,mui__material-ui-34158,mui/material-ui,TypeScript,packages/mui-base/src/ListboxUnstyled/useListbox.ts,packages/mui-base/src/ListboxUnstyled/useListbox.ts,modified,packages/mui-base/src/ListboxUnstyled/useListbox.ts,code,True
feature,mui__material-ui-34158,mui/material-ui,TypeScript,packages/mui-base/src/ListboxUnstyled/useListbox.types.ts,packages/mui-base/src/ListboxUnstyled/useListbox.types.ts,modified,packages/mui-base/src/ListboxUnstyled/useListbox.types.ts,code,True
feature,mui__material-ui-34158,mui/material-ui,TypeScript,packages/mui-base/src/MultiSelectUnstyled/MultiSelectUnstyled.types.ts,packages/mui-base/src/MultiSelectUnstyled/MultiSelectUnstyled.types.ts,modified,packages/mui-base/src/MultiSelectUnstyled/MultiSelectUnstyled.types.ts,code,True
feature,mui__material-ui-34158,mui/material-ui,TypeScript,packages/mui-base/src/SelectUnstyled/SelectUnstyled.types.ts,packages/mui-base/src/SelectUnstyled/SelectUnstyled.types.ts,modified,packages/mui-base/src/SelectUnstyled/SelectUnstyled.types.ts,code,True
feature,mui__material-ui-34158,mui/material-ui,TypeScript,packages/mui-base/src/SelectUnstyled/useSelect.ts,packages/mui-base/src/SelectUnstyled/useSelect.ts,modified,packages/mui-base/src/SelectUnstyled/useSelect.ts,code,True
feature,mui__material-ui-34158,mui/material-ui,TypeScript,packages/mui-base/src/SelectUnstyled/useSelect.types.ts,packages/mui-base/src/SelectUnstyled/useSelect.types.ts,modified,packages/mui-base/src/SelectUnstyled/useSelect.types.ts,code,True
feature,mui__material-ui-34158,mui/material-ui,TypeScript,packages/mui-joy/src/Select/Select.spec.tsx,packages/mui-joy/src/Select/Select.spec.tsx,modified,packages/mui-joy/src/Select/Select.spec.tsx,test,True
feature,mui__material-ui-34158,mui/material-ui,TypeScript,packages/mui-joy/src/Select/SelectProps.ts,packages/mui-joy/src/Select/SelectProps.ts,modified,packages/mui-joy/src/Select/SelectProps.ts,code,True
feature,mui__material-ui-34158,mui/material-ui,TypeScript,packages/mui-base/src/ListboxUnstyled/defaultListboxReducer.test.ts,packages/mui-base/src/ListboxUnstyled/defaultListboxReducer.test.ts,modified,packages/mui-base/src/ListboxUnstyled/defaultListboxReducer.test.ts,test,True
feature,mui__material-ui-34158,mui/material-ui,TypeScript,packages/mui-base/src/ListboxUnstyled/useControllableReducer.test.tsx,packages/mui-base/src/ListboxUnstyled/useControllableReducer.test.tsx,modified,packages/mui-base/src/ListboxUnstyled/useControllableReducer.test.tsx,test,True
feature,mui__material-ui-34158,mui/material-ui,TypeScript,packages/mui-base/src/MultiSelectUnstyled/MultiSelectUnstyled.test.tsx,packages/mui-base/src/MultiSelectUnstyled/MultiSelectUnstyled.test.tsx,modified,packages/mui-base/src/MultiSelectUnstyled/MultiSelectUnstyled.test.tsx,test,True
feature,mui__material-ui-34158,mui/material-ui,TypeScript,packages/mui-base/src/SelectUnstyled/SelectUnstyled.test.tsx,packages/mui-base/src/SelectUnstyled/SelectUnstyled.test.tsx,modified,packages/mui-base/src/SelectUnstyled/SelectUnstyled.test.tsx,test,True
feature,mui__material-ui-34158,mui/material-ui,TypeScript,packages/mui-joy/src/Select/Select.test.tsx,packages/mui-joy/src/Select/Select.test.tsx,modified,packages/mui-joy/src/Select/Select.test.tsx,test,True
feature,mui__material-ui-34207,mui/material-ui,TypeScript,docs/data/material/components/checkboxes/CheckboxLabels.js,docs/data/material/components/checkboxes/CheckboxLabels.js,modified,docs/data/material/components/checkboxes/CheckboxLabels.js,code,True
feature,mui__material-ui-34207,mui/material-ui,TypeScript,docs/data/material/components/checkboxes/CheckboxLabels.tsx,docs/data/material/components/checkboxes/CheckboxLabels.tsx,modified,docs/data/material/components/checkboxes/CheckboxLabels.tsx,code,True
feature,mui__material-ui-34207,mui/material-ui,TypeScript,docs/data/material/components/checkboxes/CheckboxLabels.tsx.preview,docs/data/material/components/checkboxes/CheckboxLabels.tsx.preview,modified,docs/data/material/components/checkboxes/CheckboxLabels.tsx.preview,code,True
feature,mui__material-ui-34207,mui/material-ui,TypeScript,docs/data/material/components/switches/SwitchLabels.js,docs/data/material/components/switches/SwitchLabels.js,modified,docs/data/material/components/switches/SwitchLabels.js,code,True
feature,mui__material-ui-34207,mui/material-ui,TypeScript,docs/data/material/components/switches/SwitchLabels.tsx,docs/data/material/components/switches/SwitchLabels.tsx,modified,docs/data/material/components/switches/SwitchLabels.tsx,code,True
feature,mui__material-ui-34207,mui/material-ui,TypeScript,docs/data/material/components/switches/SwitchLabels.tsx.preview,docs/data/material/components/switches/SwitchLabels.tsx.preview,modified,docs/data/material/components/switches/SwitchLabels.tsx.preview,code,True
feature,mui__material-ui-34207,mui/material-ui,TypeScript,docs/pages/material-ui/api/form-control-label.json,docs/pages/material-ui/api/form-control-label.json,modified,docs/pages/material-ui/api/form-control-label.json,code,True
feature,mui__material-ui-34207,mui/material-ui,TypeScript,docs/translations/api-docs/form-control-label/form-control-label.json,docs/translations/api-docs/form-control-label/form-control-label.json,modified,docs/translations/api-docs/form-control-label/form-control-label.json,code,True
feature,mui__material-ui-34207,mui/material-ui,TypeScript,packages/mui-material/src/FormControlLabel/FormControlLabel.d.ts,packages/mui-material/src/FormControlLabel/FormControlLabel.d.ts,modified,packages/mui-material/src/FormControlLabel/FormControlLabel.d.ts,code,True
feature,mui__material-ui-34207,mui/material-ui,TypeScript,packages/mui-material/src/FormControlLabel/FormControlLabel.js,packages/mui-material/src/FormControlLabel/FormControlLabel.js,modified,packages/mui-material/src/FormControlLabel/FormControlLabel.js,code,True
feature,mui__material-ui-34207,mui/material-ui,TypeScript,packages/mui-material/src/FormControlLabel/formControlLabelClasses.ts,packages/mui-material/src/FormControlLabel/formControlLabelClasses.ts,modified,packages/mui-material/src/FormControlLabel/formControlLabelClasses.ts,code,True
feature,mui__material-ui-34207,mui/material-ui,TypeScript,packages/mui-material/src/FormControlLabel/FormControlLabel.test.js,packages/mui-material/src/FormControlLabel/FormControlLabel.test.js,modified,packages/mui-material/src/FormControlLabel/FormControlLabel.test.js,test,True
feature,mui__material-ui-37908,mui/material-ui,TypeScript,/dev/null,docs/data/joy/guides/themeable-component/StatComponent.js,added,docs/data/joy/guides/themeable-component/StatComponent.js,code,False
feature,mui__material-ui-37908,mui/material-ui,TypeScript,/dev/null,docs/data/joy/guides/themeable-component/StatFullTemplate.js,added,docs/data/joy/guides/themeable-component/StatFullTemplate.js,code,False
feature,mui__material-ui-37908,mui/material-ui,TypeScript,/dev/null,docs/data/joy/guides/themeable-component/StatFullTemplate.tsx,added,docs/data/joy/guides/themeable-component/StatFullTemplate.tsx,code,False
feature,mui__material-ui-37908,mui/material-ui,TypeScript,/dev/null,docs/data/joy/guides/themeable-component/StatFullTemplate.tsx.preview,added,docs/data/joy/guides/themeable-component/StatFullTemplate.tsx.preview,code,False
feature,mui__material-ui-37908,mui/material-ui,TypeScript,/dev/null,docs/data/joy/guides/themeable-component/StatSlots.js,added,docs/data/joy/guides/themeable-component/StatSlots.js,code,False
feature,mui__material-ui-37908,mui/material-ui,TypeScript,/dev/null,docs/data/joy/guides/themeable-component/themeable-component.md,added,docs/data/joy/guides/themeable-component/themeable-component.md,code,False
feature,mui__material-ui-37908,mui/material-ui,TypeScript,docs/data/joy/pages.ts,docs/data/joy/pages.ts,modified,docs/data/joy/pages.ts,code,True
feature,mui__material-ui-37908,mui/material-ui,TypeScript,/dev/null,docs/data/material/guides/themeable-component/StatComponent.js,added,docs/data/material/guides/themeable-component/StatComponent.js,code,False
feature,mui__material-ui-37908,mui/material-ui,TypeScript,/dev/null,docs/data/material/guides/themeable-component/StatFullTemplate.js,added,docs/data/material/guides/themeable-component/StatFullTemplate.js,code,False
feature,mui__material-ui-37908,mui/material-ui,TypeScript,/dev/null,docs/data/material/guides/themeable-component/StatFullTemplate.tsx,added,docs/data/material/guides/themeable-component/StatFullTemplate.tsx,code,False
feature,mui__material-ui-37908,mui/material-ui,TypeScript,/dev/null,docs/data/material/guides/themeable-component/StatFullTemplate.tsx.preview,added,docs/data/material/guides/themeable-component/StatFullTemplate.tsx.preview,code,False
feature,mui__material-ui-37908,mui/material-ui,TypeScript,/dev/null,docs/data/material/guides/themeable-component/StatSlots.js,added,docs/data/material/guides/themeable-component/StatSlots.js,code,False
feature,mui__material-ui-37908,mui/material-ui,TypeScript,/dev/null,docs/data/material/guides/themeable-component/themeable-component.md,added,docs/data/material/guides/themeable-component/themeable-component.md,code,False
feature,mui__material-ui-37908,mui/material-ui,TypeScript,docs/data/material/pages.ts,docs/data/material/pages.ts,modified,docs/data/material/pages.ts,code,True
feature,mui__material-ui-37908,mui/material-ui,TypeScript,/dev/null,docs/pages/joy-ui/guides/themeable-component.js,added,docs/pages/joy-ui/guides/themeable-component.js,code,False
feature,mui__material-ui-37908,mui/material-ui,TypeScript,/dev/null,docs/pages/material-ui/guides/themeable-component.js,added,docs/pages/material-ui/guides/themeable-component.js,code,False
feature,mui__material-ui-37908,mui/material-ui,TypeScript,docs/translations/translations.json,docs/translations/translations.json,modified,docs/translations/translations.json,code,True
feature,mui__material-ui-37908,mui/material-ui,TypeScript,packages/mui-system/src/createStyled.js,packages/mui-system/src/createStyled.js,modified,packages/mui-system/src/createStyled.js,code,True
feature,mui__material-ui-37908,mui/material-ui,TypeScript,packages/mui-system/src/createStyled.test.js,packages/mui-system/src/createStyled.test.js,modified,packages/mui-system/src/createStyled.test.js,test,True
feature,mui__material-ui-38167,mui/material-ui,TypeScript,docs/data/joy/components/input/InputFormProps.js,docs/data/joy/components/input/InputFormProps.js,modified,docs/data/joy/components/input/InputFormProps.js,code,True
feature,mui__material-ui-38167,mui/material-ui,TypeScript,docs/data/joy/components/input/InputFormProps.tsx,docs/data/joy/components/input/InputFormProps.tsx,modified,docs/data/joy/components/input/InputFormProps.tsx,code,True
feature,mui__material-ui-38167,mui/material-ui,TypeScript,docs/data/joy/components/input/InputFormProps.tsx.preview,docs/data/joy/components/input/InputFormProps.tsx.preview,modified,docs/data/joy/components/input/InputFormProps.tsx.preview,code,True
feature,mui__material-ui-38167,mui/material-ui,TypeScript,docs/data/joy/components/input/input.md,docs/data/joy/components/input/input.md,modified,docs/data/joy/components/input/input.md,code,True
feature,mui__material-ui-38167,mui/material-ui,TypeScript,docs/data/joy/components/select/ControlledOpenSelect.js,docs/data/joy/components/select/ControlledOpenSelect.js,modified,docs/data/joy/components/select/ControlledOpenSelect.js,code,True
feature,mui__material-ui-38167,mui/material-ui,TypeScript,docs/data/joy/components/select/ControlledOpenSelect.tsx,docs/data/joy/components/select/ControlledOpenSelect.tsx,modified,docs/data/joy/components/select/ControlledOpenSelect.tsx,code,True
feature,mui__material-ui-38167,mui/material-ui,TypeScript,/dev/null,docs/data/joy/components/select/SelectFormSubmission.js,added,docs/data/joy/components/select/SelectFormSubmission.js,code,False
feature,mui__material-ui-38167,mui/material-ui,TypeScript,/dev/null,docs/data/joy/components/select/SelectFormSubmission.tsx,added,docs/data/joy/components/select/SelectFormSubmission.tsx,code,False
feature,mui__material-ui-38167,mui/material-ui,TypeScript,docs/data/joy/components/select/select.md,docs/data/joy/components/select/select.md,modified,docs/data/joy/components/select/select.md,code,True
feature,mui__material-ui-38167,mui/material-ui,TypeScript,docs/pages/base-ui/api/select.json,docs/pages/base-ui/api/select.json,modified,docs/pages/base-ui/api/select.json,code,True
feature,mui__material-ui-38167,mui/material-ui,TypeScript,docs/pages/base-ui/api/use-select.json,docs/pages/base-ui/api/use-select.json,modified,docs/pages/base-ui/api/use-select.json,code,True
feature,mui__material-ui-38167,mui/material-ui,TypeScript,docs/pages/joy-ui/api/select.json,docs/pages/joy-ui/api/select.json,modified,docs/pages/joy-ui/api/select.json,code,True
feature,mui__material-ui-38167,mui/material-ui,TypeScript,docs/translations/api-docs-base/select/select.json,docs/translations/api-docs-base/select/select.json,modified,docs/translations/api-docs-base/select/select.json,code,True
feature,mui__material-ui-38167,mui/material-ui,TypeScript,docs/translations/api-docs-joy/select/select.json,docs/translations/api-docs-joy/select/select.json,modified,docs/translations/api-docs-joy/select/select.json,code,True
feature,mui__material-ui-38167,mui/material-ui,TypeScript,docs/translations/api-docs/use-select/use-select.json,docs/translations/api-docs/use-select/use-select.json,modified,docs/translations/api-docs/use-select/use-select.json,code,True
feature,mui__material-ui-38167,mui/material-ui,TypeScript,packages/mui-base/src/Select/Select.tsx,packages/mui-base/src/Select/Select.tsx,modified,packages/mui-base/src/Select/Select.tsx,code,True
feature,mui__material-ui-38167,mui/material-ui,TypeScript,packages/mui-base/src/Select/Select.types.ts,packages/mui-base/src/Select/Select.types.ts,modified,packages/mui-base/src/Select/Select.types.ts,code,True
feature,mui__material-ui-38167,mui/material-ui,TypeScript,packages/mui-base/src/useSelect/useSelect.ts,packages/mui-base/src/useSelect/useSelect.ts,modified,packages/mui-base/src/useSelect/useSelect.ts,code,True
feature,mui__material-ui-38167,mui/material-ui,TypeScript,packages/mui-base/src/useSelect/useSelect.types.ts,packages/mui-base/src/useSelect/useSelect.types.ts,modified,packages/mui-base/src/useSelect/useSelect.types.ts,code,True
feature,mui__material-ui-38167,mui/material-ui,TypeScript,packages/mui-joy/src/Select/Select.tsx,packages/mui-joy/src/Select/Select.tsx,modified,packages/mui-joy/src/Select/Select.tsx,code,True
feature,mui__material-ui-38167,mui/material-ui,TypeScript,packages/mui-joy/src/Select/SelectProps.ts,packages/mui-joy/src/Select/SelectProps.ts,modified,packages/mui-joy/src/Select/SelectProps.ts,code,True
feature,mui__material-ui-38167,mui/material-ui,TypeScript,packages/mui-base/src/Select/Select.test.tsx,packages/mui-base/src/Select/Select.test.tsx,modified,packages/mui-base/src/Select/Select.test.tsx,test,True
feature,mui__material-ui-38167,mui/material-ui,TypeScript,packages/mui-base/src/useSelect/useSelect.test.tsx,packages/mui-base/src/useSelect/useSelect.test.tsx,modified,packages/mui-base/src/useSelect/useSelect.test.tsx,test,True
feature,tailwindlabs__tailwindcss-88,tailwindlabs/tailwindcss,TypeScript,docs/source/docs/functions-and-directives.blade.md,docs/source/docs/functions-and-directives.blade.md,modified,docs/source/docs/functions-and-directives.blade.md,code,True
feature,tailwindlabs__tailwindcss-88,tailwindlabs/tailwindcss,TypeScript,src/lib/substituteResponsiveAtRules.js,src/lib/substituteResponsiveAtRules.js,modified,src/lib/substituteResponsiveAtRules.js,code,True
feature,tailwindlabs__tailwindcss-88,tailwindlabs/tailwindcss,TypeScript,/dev/null,__tests__/fixtures/tailwind-input-with-explicit-screen-utilities.css,added,__tests__/fixtures/tailwind-input-with-explicit-screen-utilities.css,test,False
feature,tailwindlabs__tailwindcss-88,tailwindlabs/tailwindcss,TypeScript,/dev/null,__tests__/fixtures/tailwind-output-with-explicit-screen-utilities.css,added,__tests__/fixtures/tailwind-output-with-explicit-screen-utilities.css,test,False
feature,tailwindlabs__tailwindcss-88,tailwindlabs/tailwindcss,TypeScript,__tests__/sanity.test.js,__tests__/sanity.test.js,modified,__tests__/sanity.test.js,test,True
feature,tailwindlabs__tailwindcss-165,tailwindlabs/tailwindcss,TypeScript,src/generators/cursor.js,src/generators/cursor.js,modified,src/generators/cursor.js,code,True
feature,tailwindlabs__tailwindcss-165,tailwindlabs/tailwindcss,TypeScript,__tests__/fixtures/tailwind-output.css,__tests__/fixtures/tailwind-output.css,modified,__tests__/fixtures/tailwind-output.css,test,True
feature,tailwindlabs__tailwindcss-236,tailwindlabs/tailwindcss,TypeScript,src/generators/position.js,src/generators/position.js,modified,src/generators/position.js,code,True
feature,tailwindlabs__tailwindcss-236,tailwindlabs/tailwindcss,TypeScript,__tests__/fixtures/tailwind-output.css,__tests__/fixtures/tailwind-output.css,modified,__tests__/fixtures/tailwind-output.css,test,True
feature,tailwindlabs__tailwindcss-417,tailwindlabs/tailwindcss,TypeScript,src/lib/substituteVariantsAtRules.js,src/lib/substituteVariantsAtRules.js,modified,src/lib/substituteVariantsAtRules.js,code,True
feature,tailwindlabs__tailwindcss-417,tailwindlabs/tailwindcss,TypeScript,__tests__/variantsAtRule.test.js,__tests__/variantsAtRule.test.js,modified,__tests__/variantsAtRule.test.js,test,True
feature,tailwindlabs__tailwindcss-445,tailwindlabs/tailwindcss,TypeScript,src/generators/overflow.js,src/generators/overflow.js,modified,src/generators/overflow.js,code,True
feature,tailwindlabs__tailwindcss-445,tailwindlabs/tailwindcss,TypeScript,__tests__/fixtures/tailwind-output.css,__tests__/fixtures/tailwind-output.css,modified,__tests__/fixtures/tailwind-output.css,test,True
feature,tailwindlabs__tailwindcss-463,tailwindlabs/tailwindcss,TypeScript,defaultConfig.stub.js,defaultConfig.stub.js,modified,defaultConfig.stub.js,code,True
feature,tailwindlabs__tailwindcss-463,tailwindlabs/tailwindcss,TypeScript,src/lib/substituteVariantsAtRules.js,src/lib/substituteVariantsAtRules.js,modified,src/lib/substituteVariantsAtRules.js,code,True
feature,tailwindlabs__tailwindcss-463,tailwindlabs/tailwindcss,TypeScript,__tests__/variantsAtRule.test.js,__tests__/variantsAtRule.test.js,modified,__tests__/variantsAtRule.test.js,test,True
feature,tailwindlabs__tailwindcss-553,tailwindlabs/tailwindcss,TypeScript,src/lib/substituteClassApplyAtRules.js,src/lib/substituteClassApplyAtRules.js,modified,src/lib/substituteClassApplyAtRules.js,code,True
feature,tailwindlabs__tailwindcss-553,tailwindlabs/tailwindcss,TypeScript,__tests__/applyAtRule.test.js,__tests__/applyAtRule.test.js,modified,__tests__/applyAtRule.test.js,test,True
feature,tailwindlabs__tailwindcss-849,tailwindlabs/tailwindcss,TypeScript,src/util/configurePlugins.js,src/util/configurePlugins.js,modified,src/util/configurePlugins.js,code,True
feature,tailwindlabs__tailwindcss-849,tailwindlabs/tailwindcss,TypeScript,__tests__/configurePlugins.test.js,__tests__/configurePlugins.test.js,modified,__tests__/configurePlugins.test.js,test,True
feature,coder__code-server-4597,coder/code-server,TypeScript,ci/helm-chart/Chart.yaml,ci/helm-chart/Chart.yaml,modified,ci/helm-chart/Chart.yaml,code,True
feature,coder__code-server-4597,coder/code-server,TypeScript,ci/helm-chart/values.yaml,ci/helm-chart/values.yaml,modified,ci/helm-chart/values.yaml,code,True
feature,coder__code-server-4597,coder/code-server,TypeScript,docs/README.md,docs/README.md,modified,docs/README.md,code,True
feature,coder__code-server-4597,coder/code-server,TypeScript,docs/collaboration.md,docs/collaboration.md,modified,docs/collaboration.md,code,True
feature,coder__code-server-4597,coder/code-server,TypeScript,docs/helm.md,docs/helm.md,modified,docs/helm.md,code,True
feature,coder__code-server-4597,coder/code-server,TypeScript,docs/manifest.json,docs/manifest.json,modified,docs/manifest.json,code,True
feature,coder__code-server-4597,coder/code-server,TypeScript,package.json,package.json,modified,package.json,code,True
feature,coder__code-server-4597,coder/code-server,TypeScript,test/unit/node/test-plugin/package.json,test/unit/node/test-plugin/package.json,modified,test/unit/node/test-plugin/package.json,test,True
feature,coder__code-server-4678,coder/code-server,TypeScript,CHANGELOG.md,CHANGELOG.md,modified,CHANGELOG.md,code,True
feature,coder__code-server-4678,coder/code-server,TypeScript,ci/build/release-prep.sh,ci/build/release-prep.sh,modified,ci/build/release-prep.sh,code,True
feature,coder__code-server-4678,coder/code-server,TypeScript,ci/helm-chart/Chart.yaml,ci/helm-chart/Chart.yaml,modified,ci/helm-chart/Chart.yaml,code,True
feature,coder__code-server-4678,coder/code-server,TypeScript,ci/helm-chart/values.yaml,ci/helm-chart/values.yaml,modified,ci/helm-chart/values.yaml,code,True
feature,coder__code-server-4678,coder/code-server,TypeScript,docs/README.md,docs/README.md,modified,docs/README.md,code,True
feature,coder__code-server-4678,coder/code-server,TypeScript,docs/collaboration.md,docs/collaboration.md,modified,docs/collaboration.md,code,True
feature,coder__code-server-4678,coder/code-server,TypeScript,docs/helm.md,docs/helm.md,modified,docs/helm.md,code,True
feature,coder__code-server-4678,coder/code-server,TypeScript,docs/manifest.json,docs/manifest.json,modified,docs/manifest.json,code,True
feature,coder__code-server-4678,coder/code-server,TypeScript,package.json,package.json,modified,package.json,code,True
feature,coder__code-server-4678,coder/code-server,TypeScript,typings/pluginapi.d.ts,typings/pluginapi.d.ts,modified,typings/pluginapi.d.ts,code,True
feature,coder__code-server-4678,coder/code-server,TypeScript,vendor/package.json,vendor/package.json,modified,vendor/package.json,code,True
feature,coder__code-server-4678,coder/code-server,TypeScript,vendor/yarn.lock,vendor/yarn.lock,modified,vendor/yarn.lock,code,True
feature,coder__code-server-4678,coder/code-server,TypeScript,test/e2e/extensions.test.ts,test/e2e/extensions.test.ts,modified,test/e2e/extensions.test.ts,test,True
feature,coder__code-server-4678,coder/code-server,TypeScript,test/unit/node/plugin.test.ts,test/unit/node/plugin.test.ts,modified,test/unit/node/plugin.test.ts,test,True
feature,coder__code-server-4678,coder/code-server,TypeScript,test/unit/node/test-plugin/package.json,test/unit/node/test-plugin/package.json,modified,test/unit/node/test-plugin/package.json,test,True
feature,coder__code-server-4678,coder/code-server,TypeScript,test/unit/node/test-plugin/src/index.ts,test/unit/node/test-plugin/src/index.ts,modified,test/unit/node/test-plugin/src/index.ts,test,True
feature,coder__code-server-4923,coder/code-server,TypeScript,src/node/app.ts,src/node/app.ts,modified,src/node/app.ts,code,True
feature,coder__code-server-4923,coder/code-server,TypeScript,src/node/cli.ts,src/node/cli.ts,modified,src/node/cli.ts,code,True
feature,coder__code-server-4923,coder/code-server,TypeScript,test/unit/node/app.test.ts,test/unit/node/app.test.ts,modified,test/unit/node/app.test.ts,test,True
feature,coder__code-server-4923,coder/code-server,TypeScript,test/unit/node/cli.test.ts,test/unit/node/cli.test.ts,modified,test/unit/node/cli.test.ts,test,True
feature,coder__code-server-5633,coder/code-server,TypeScript,src/browser/pages/login.html,src/browser/pages/login.html,modified,src/browser/pages/login.html,code,True
feature,coder__code-server-5633,coder/code-server,TypeScript,src/node/cli.ts,src/node/cli.ts,modified,src/node/cli.ts,code,True
feature,coder__code-server-5633,coder/code-server,TypeScript,src/node/routes/login.ts,src/node/routes/login.ts,modified,src/node/routes/login.ts,code,True
feature,coder__code-server-5633,coder/code-server,TypeScript,test/unit/node/cli.test.ts,test/unit/node/cli.test.ts,modified,test/unit/node/cli.test.ts,test,True
feature,coder__code-server-5633,coder/code-server,TypeScript,test/unit/node/routes/login.test.ts,test/unit/node/routes/login.test.ts,modified,test/unit/node/routes/login.test.ts,test,True
feature,coder__code-server-6115,coder/code-server,TypeScript,src/node/cli.ts,src/node/cli.ts,modified,src/node/cli.ts,code,True
feature,coder__code-server-6115,coder/code-server,TypeScript,test/unit/node/cli.test.ts,test/unit/node/cli.test.ts,modified,test/unit/node/cli.test.ts,test,True
feature,coder__code-server-6225,coder/code-server,TypeScript,patches/proxy-uri.diff,patches/proxy-uri.diff,modified,patches/proxy-uri.diff,code,True
feature,coder__code-server-6225,coder/code-server,TypeScript,src/node/cli.ts,src/node/cli.ts,modified,src/node/cli.ts,code,True
feature,coder__code-server-6225,coder/code-server,TypeScript,src/node/http.ts,src/node/http.ts,modified,src/node/http.ts,code,True
feature,coder__code-server-6225,coder/code-server,TypeScript,src/node/main.ts,src/node/main.ts,modified,src/node/main.ts,code,True
feature,coder__code-server-6225,coder/code-server,TypeScript,src/node/routes/domainProxy.ts,src/node/routes/domainProxy.ts,modified,src/node/routes/domainProxy.ts,code,True
feature,coder__code-server-6225,coder/code-server,TypeScript,test/unit/node/cli.test.ts,test/unit/node/cli.test.ts,modified,test/unit/node/cli.test.ts,test,True
feature,coder__code-server-6423,coder/code-server,TypeScript,src/node/cli.ts,src/node/cli.ts,modified,src/node/cli.ts,code,True
feature,coder__code-server-6423,coder/code-server,TypeScript,test/unit/node/cli.test.ts,test/unit/node/cli.test.ts,modified,test/unit/node/cli.test.ts,test,True
feature,huggingface__transformers-6744,huggingface/transformers,Python,docs/source/main_classes/pipelines.rst,docs/source/main_classes/pipelines.rst,modified,docs/source/main_classes/pipelines.rst,code,True
feature,huggingface__transformers-6744,huggingface/transformers,Python,src/transformers/__init__.py,src/transformers/__init__.py,modified,src/transformers/__init__.py,code,True
feature,huggingface__transformers-6744,huggingface/transformers,Python,src/transformers/pipelines.py,src/transformers/pipelines.py,modified,src/transformers/pipelines.py,code,True
feature,huggingface__transformers-6744,huggingface/transformers,Python,tests/test_pipelines.py,tests/test_pipelines.py,modified,tests/test_pipelines.py,test,True
feature,huggingface__transformers-7562,huggingface/transformers,Python,docs/source/model_doc/longformer.rst,docs/source/model_doc/longformer.rst,modified,docs/source/model_doc/longformer.rst,code,True
feature,huggingface__transformers-7562,huggingface/transformers,Python,src/transformers/modeling_longformer.py,src/transformers/modeling_longformer.py,modified,src/transformers/modeling_longformer.py,code,True
feature,huggingface__transformers-7562,huggingface/transformers,Python,src/transformers/modeling_tf_longformer.py,src/transformers/modeling_tf_longformer.py,modified,src/transformers/modeling_tf_longformer.py,code,True
feature,huggingface__transformers-7562,huggingface/transformers,Python,tests/test_modeling_common.py,tests/test_modeling_common.py,modified,tests/test_modeling_common.py,test,True
feature,huggingface__transformers-7562,huggingface/transformers,Python,tests/test_modeling_longformer.py,tests/test_modeling_longformer.py,modified,tests/test_modeling_longformer.py,test,True
feature,huggingface__transformers-7562,huggingface/transformers,Python,tests/test_modeling_tf_common.py,tests/test_modeling_tf_common.py,modified,tests/test_modeling_tf_common.py,test,True
feature,huggingface__transformers-7562,huggingface/transformers,Python,tests/test_modeling_tf_longformer.py,tests/test_modeling_tf_longformer.py,modified,tests/test_modeling_tf_longformer.py,test,True
feature,huggingface__transformers-13573,huggingface/transformers,Python,docs/source/model_doc/gpt2.rst,docs/source/model_doc/gpt2.rst,modified,docs/source/model_doc/gpt2.rst,code,True
feature,huggingface__transformers-13573,huggingface/transformers,Python,src/transformers/models/gpt2/configuration_gpt2.py,src/transformers/models/gpt2/configuration_gpt2.py,modified,src/transformers/models/gpt2/configuration_gpt2.py,code,True
feature,huggingface__transformers-13573,huggingface/transformers,Python,src/transformers/models/gpt2/modeling_gpt2.py,src/transformers/models/gpt2/modeling_gpt2.py,modified,src/transformers/models/gpt2/modeling_gpt2.py,code,True
feature,huggingface__transformers-13573,huggingface/transformers,Python,tests/test_modeling_gpt2.py,tests/test_modeling_gpt2.py,modified,tests/test_modeling_gpt2.py,test,True
feature,huggingface__transformers-13989,huggingface/transformers,Python,docs/source/model_doc/auto.rst,docs/source/model_doc/auto.rst,modified,docs/source/model_doc/auto.rst,code,True
feature,huggingface__transformers-13989,huggingface/transformers,Python,src/transformers/models/auto/auto_factory.py,src/transformers/models/auto/auto_factory.py,modified,src/transformers/models/auto/auto_factory.py,code,True
feature,huggingface__transformers-13989,huggingface/transformers,Python,src/transformers/models/auto/configuration_auto.py,src/transformers/models/auto/configuration_auto.py,modified,src/transformers/models/auto/configuration_auto.py,code,True
feature,huggingface__transformers-13989,huggingface/transformers,Python,src/transformers/models/auto/tokenization_auto.py,src/transformers/models/auto/tokenization_auto.py,modified,src/transformers/models/auto/tokenization_auto.py,code,True
feature,huggingface__transformers-13989,huggingface/transformers,Python,tests/test_configuration_auto.py,tests/test_configuration_auto.py,modified,tests/test_configuration_auto.py,test,True
feature,huggingface__transformers-13989,huggingface/transformers,Python,tests/test_modeling_auto.py,tests/test_modeling_auto.py,modified,tests/test_modeling_auto.py,test,True
feature,huggingface__transformers-13989,huggingface/transformers,Python,tests/test_modeling_tf_auto.py,tests/test_modeling_tf_auto.py,modified,tests/test_modeling_tf_auto.py,test,True
feature,huggingface__transformers-13989,huggingface/transformers,Python,tests/test_tokenization_auto.py,tests/test_tokenization_auto.py,modified,tests/test_tokenization_auto.py,test,True
feature,huggingface__transformers-15473,huggingface/transformers,Python,examples/pytorch/language-modeling/run_clm.py,examples/pytorch/language-modeling/run_clm.py,modified,examples/pytorch/language-modeling/run_clm.py,code,True
feature,huggingface__transformers-15473,huggingface/transformers,Python,examples/pytorch/language-modeling/run_mlm.py,examples/pytorch/language-modeling/run_mlm.py,modified,examples/pytorch/language-modeling/run_mlm.py,code,True
feature,huggingface__transformers-15473,huggingface/transformers,Python,src/transformers/trainer.py,src/transformers/trainer.py,modified,src/transformers/trainer.py,code,True
feature,huggingface__transformers-15473,huggingface/transformers,Python,tests/test_trainer.py,tests/test_trainer.py,modified,tests/test_trainer.py,test,True
feature,huggingface__transformers-15795,huggingface/transformers,Python,src/transformers/hf_argparser.py,src/transformers/hf_argparser.py,modified,src/transformers/hf_argparser.py,code,True
feature,huggingface__transformers-15795,huggingface/transformers,Python,tests/utils/test_hf_argparser.py,tests/utils/test_hf_argparser.py,modified,tests/utils/test_hf_argparser.py,test,True
feature,huggingface__transformers-15831,huggingface/transformers,Python,src/transformers/models/marian/configuration_marian.py,src/transformers/models/marian/configuration_marian.py,modified,src/transformers/models/marian/configuration_marian.py,code,True
feature,huggingface__transformers-15831,huggingface/transformers,Python,src/transformers/models/marian/convert_marian_to_pytorch.py,src/transformers/models/marian/convert_marian_to_pytorch.py,modified,src/transformers/models/marian/convert_marian_to_pytorch.py,code,True
feature,huggingface__transformers-15831,huggingface/transformers,Python,src/transformers/models/marian/modeling_marian.py,src/transformers/models/marian/modeling_marian.py,modified,src/transformers/models/marian/modeling_marian.py,code,True
feature,huggingface__transformers-15831,huggingface/transformers,Python,src/transformers/models/marian/tokenization_marian.py,src/transformers/models/marian/tokenization_marian.py,modified,src/transformers/models/marian/tokenization_marian.py,code,True
feature,huggingface__transformers-15831,huggingface/transformers,Python,tests/marian/test_modeling_marian.py,tests/marian/test_modeling_marian.py,modified,tests/marian/test_modeling_marian.py,test,True
feature,huggingface__transformers-15831,huggingface/transformers,Python,tests/marian/test_tokenization_marian.py,tests/marian/test_tokenization_marian.py,modified,tests/marian/test_tokenization_marian.py,test,True
feature,huggingface__transformers-15913,huggingface/transformers,Python,src/transformers/models/clip/processing_clip.py,src/transformers/models/clip/processing_clip.py,modified,src/transformers/models/clip/processing_clip.py,code,True
feature,huggingface__transformers-15913,huggingface/transformers,Python,tests/clip/test_processor_clip.py,tests/clip/test_processor_clip.py,modified,tests/clip/test_processor_clip.py,test,True
feature,huggingface__transformers-19219,huggingface/transformers,Python,src/transformers/hf_argparser.py,src/transformers/hf_argparser.py,modified,src/transformers/hf_argparser.py,code,True
feature,huggingface__transformers-19219,huggingface/transformers,Python,tests/utils/test_hf_argparser.py,tests/utils/test_hf_argparser.py,modified,tests/utils/test_hf_argparser.py,test,True
feature,huggingface__transformers-19590,huggingface/transformers,Python,src/transformers/models/bert/tokenization_bert_tf.py,src/transformers/models/bert/tokenization_bert_tf.py,modified,src/transformers/models/bert/tokenization_bert_tf.py,code,True
feature,huggingface__transformers-19590,huggingface/transformers,Python,tests/models/bert/test_tokenization_bert_tf.py,tests/models/bert/test_tokenization_bert_tf.py,modified,tests/models/bert/test_tokenization_bert_tf.py,test,True
feature,huggingface__transformers-20136,huggingface/transformers,Python,docs/source/en/model_doc/owlvit.mdx,docs/source/en/model_doc/owlvit.mdx,modified,docs/source/en/model_doc/owlvit.mdx,code,True
feature,huggingface__transformers-20136,huggingface/transformers,Python,src/transformers/models/owlvit/feature_extraction_owlvit.py,src/transformers/models/owlvit/feature_extraction_owlvit.py,modified,src/transformers/models/owlvit/feature_extraction_owlvit.py,code,True
feature,huggingface__transformers-20136,huggingface/transformers,Python,src/transformers/models/owlvit/modeling_owlvit.py,src/transformers/models/owlvit/modeling_owlvit.py,modified,src/transformers/models/owlvit/modeling_owlvit.py,code,True
feature,huggingface__transformers-20136,huggingface/transformers,Python,src/transformers/models/owlvit/processing_owlvit.py,src/transformers/models/owlvit/processing_owlvit.py,modified,src/transformers/models/owlvit/processing_owlvit.py,code,True
feature,huggingface__transformers-20136,huggingface/transformers,Python,src/transformers/pipelines/pt_utils.py,src/transformers/pipelines/pt_utils.py,modified,src/transformers/pipelines/pt_utils.py,code,True
feature,huggingface__transformers-20136,huggingface/transformers,Python,tests/models/owlvit/test_modeling_owlvit.py,tests/models/owlvit/test_modeling_owlvit.py,modified,tests/models/owlvit/test_modeling_owlvit.py,test,True
feature,huggingface__transformers-20136,huggingface/transformers,Python,tests/models/owlvit/test_processor_owlvit.py,tests/models/owlvit/test_processor_owlvit.py,modified,tests/models/owlvit/test_processor_owlvit.py,test,True
feature,huggingface__transformers-21345,huggingface/transformers,Python,src/transformers/activations.py,src/transformers/activations.py,modified,src/transformers/activations.py,code,True
feature,huggingface__transformers-21345,huggingface/transformers,Python,tests/utils/test_activations.py,tests/utils/test_activations.py,modified,tests/utils/test_activations.py,test,True
feature,huggingface__transformers-21768,huggingface/transformers,Python,src/transformers/optimization.py,src/transformers/optimization.py,modified,src/transformers/optimization.py,code,True
feature,huggingface__transformers-21768,huggingface/transformers,Python,tests/optimization/test_optimization.py,tests/optimization/test_optimization.py,modified,tests/optimization/test_optimization.py,test,True
feature,huggingface__transformers-23126,huggingface/transformers,Python,src/transformers/hf_argparser.py,src/transformers/hf_argparser.py,modified,src/transformers/hf_argparser.py,code,True
feature,huggingface__transformers-23126,huggingface/transformers,Python,tests/utils/test_hf_argparser.py,tests/utils/test_hf_argparser.py,modified,tests/utils/test_hf_argparser.py,test,True
feature,huggingface__transformers-24510,huggingface/transformers,Python,src/transformers/modeling_utils.py,src/transformers/modeling_utils.py,modified,src/transformers/modeling_utils.py,code,True
feature,huggingface__transformers-24510,huggingface/transformers,Python,src/transformers/models/altclip/modeling_altclip.py,src/transformers/models/altclip/modeling_altclip.py,modified,src/transformers/models/altclip/modeling_altclip.py,code,True
feature,huggingface__transformers-24510,huggingface/transformers,Python,src/transformers/models/bert/modeling_bert.py,src/transformers/models/bert/modeling_bert.py,modified,src/transformers/models/bert/modeling_bert.py,code,True
feature,huggingface__transformers-24510,huggingface/transformers,Python,src/transformers/models/bridgetower/modeling_bridgetower.py,src/transformers/models/bridgetower/modeling_bridgetower.py,modified,src/transformers/models/bridgetower/modeling_bridgetower.py,code,True
feature,huggingface__transformers-24510,huggingface/transformers,Python,src/transformers/models/camembert/modeling_camembert.py,src/transformers/models/camembert/modeling_camembert.py,modified,src/transformers/models/camembert/modeling_camembert.py,code,True
feature,huggingface__transformers-24510,huggingface/transformers,Python,src/transformers/models/clap/modeling_clap.py,src/transformers/models/clap/modeling_clap.py,modified,src/transformers/models/clap/modeling_clap.py,code,True
feature,huggingface__transformers-24510,huggingface/transformers,Python,src/transformers/models/data2vec/modeling_data2vec_text.py,src/transformers/models/data2vec/modeling_data2vec_text.py,modified,src/transformers/models/data2vec/modeling_data2vec_text.py,code,True
feature,huggingface__transformers-24510,huggingface/transformers,Python,src/transformers/models/roberta/modeling_roberta.py,src/transformers/models/roberta/modeling_roberta.py,modified,src/transformers/models/roberta/modeling_roberta.py,code,True
feature,huggingface__transformers-24510,huggingface/transformers,Python,src/transformers/models/xlm_roberta/modeling_xlm_roberta.py,src/transformers/models/xlm_roberta/modeling_xlm_roberta.py,modified,src/transformers/models/xlm_roberta/modeling_xlm_roberta.py,code,True
feature,huggingface__transformers-24510,huggingface/transformers,Python,src/transformers/models/xlm_roberta_xl/modeling_xlm_roberta_xl.py,src/transformers/models/xlm_roberta_xl/modeling_xlm_roberta_xl.py,modified,src/transformers/models/xlm_roberta_xl/modeling_xlm_roberta_xl.py,code,True
feature,huggingface__transformers-24510,huggingface/transformers,Python,tests/models/bert/test_modeling_bert.py,tests/models/bert/test_modeling_bert.py,modified,tests/models/bert/test_modeling_bert.py,test,True
feature,huggingface__transformers-24510,huggingface/transformers,Python,tests/test_modeling_utils.py,tests/test_modeling_utils.py,modified,tests/test_modeling_utils.py,test,True
feature,huggingface__transformers-26386,huggingface/transformers,Python,src/transformers/models/esm/modeling_esm.py,src/transformers/models/esm/modeling_esm.py,modified,src/transformers/models/esm/modeling_esm.py,code,True
feature,huggingface__transformers-26386,huggingface/transformers,Python,tests/models/esm/test_modeling_esm.py,tests/models/esm/test_modeling_esm.py,modified,tests/models/esm/test_modeling_esm.py,test,True
feature,huggingface__transformers-26568,huggingface/transformers,Python,src/transformers/models/swin2sr/configuration_swin2sr.py,src/transformers/models/swin2sr/configuration_swin2sr.py,modified,src/transformers/models/swin2sr/configuration_swin2sr.py,code,True
feature,huggingface__transformers-26568,huggingface/transformers,Python,src/transformers/models/swin2sr/modeling_swin2sr.py,src/transformers/models/swin2sr/modeling_swin2sr.py,modified,src/transformers/models/swin2sr/modeling_swin2sr.py,code,True
feature,huggingface__transformers-26568,huggingface/transformers,Python,tests/models/swin2sr/test_modeling_swin2sr.py,tests/models/swin2sr/test_modeling_swin2sr.py,modified,tests/models/swin2sr/test_modeling_swin2sr.py,test,True
feature,huggingface__transformers-27463,huggingface/transformers,Python,docs/source/en/model_doc/sam.md,docs/source/en/model_doc/sam.md,modified,docs/source/en/model_doc/sam.md,code,True
feature,huggingface__transformers-27463,huggingface/transformers,Python,src/transformers/models/sam/image_processing_sam.py,src/transformers/models/sam/image_processing_sam.py,modified,src/transformers/models/sam/image_processing_sam.py,code,True
feature,huggingface__transformers-27463,huggingface/transformers,Python,src/transformers/models/sam/processing_sam.py,src/transformers/models/sam/processing_sam.py,modified,src/transformers/models/sam/processing_sam.py,code,True
feature,huggingface__transformers-27463,huggingface/transformers,Python,tests/models/sam/test_processor_sam.py,tests/models/sam/test_processor_sam.py,modified,tests/models/sam/test_processor_sam.py,test,True
feature,huggingface__transformers-27561,huggingface/transformers,Python,docs/source/en/model_doc/dinov2.md,docs/source/en/model_doc/dinov2.md,modified,docs/source/en/model_doc/dinov2.md,code,True
feature,huggingface__transformers-27561,huggingface/transformers,Python,src/transformers/models/dinov2/modeling_dinov2.py,src/transformers/models/dinov2/modeling_dinov2.py,modified,src/transformers/models/dinov2/modeling_dinov2.py,code,True
feature,huggingface__transformers-27561,huggingface/transformers,Python,src/transformers/utils/fx.py,src/transformers/utils/fx.py,modified,src/transformers/utils/fx.py,code,True
feature,huggingface__transformers-27561,huggingface/transformers,Python,tests/models/dinov2/test_modeling_dinov2.py,tests/models/dinov2/test_modeling_dinov2.py,modified,tests/models/dinov2/test_modeling_dinov2.py,test,True
feature,huggingface__transformers-27717,huggingface/transformers,Python,src/transformers/convert_slow_tokenizer.py,src/transformers/convert_slow_tokenizer.py,modified,src/transformers/convert_slow_tokenizer.py,code,True
feature,huggingface__transformers-27717,huggingface/transformers,Python,src/transformers/models/nllb/tokenization_nllb.py,src/transformers/models/nllb/tokenization_nllb.py,modified,src/transformers/models/nllb/tokenization_nllb.py,code,True
feature,huggingface__transformers-27717,huggingface/transformers,Python,src/transformers/models/nllb/tokenization_nllb_fast.py,src/transformers/models/nllb/tokenization_nllb_fast.py,modified,src/transformers/models/nllb/tokenization_nllb_fast.py,code,True
feature,huggingface__transformers-27717,huggingface/transformers,Python,tests/models/nllb/test_tokenization_nllb.py,tests/models/nllb/test_tokenization_nllb.py,modified,tests/models/nllb/test_tokenization_nllb.py,test,True
feature,huggingface__transformers-28517,huggingface/transformers,Python,src/transformers/models/mixtral/modeling_mixtral.py,src/transformers/models/mixtral/modeling_mixtral.py,modified,src/transformers/models/mixtral/modeling_mixtral.py,code,True
feature,huggingface__transformers-28517,huggingface/transformers,Python,tests/models/mixtral/test_modeling_mixtral.py,tests/models/mixtral/test_modeling_mixtral.py,modified,tests/models/mixtral/test_modeling_mixtral.py,test,True
feature,huggingface__transformers-28940,huggingface/transformers,Python,src/transformers/pipelines/base.py,src/transformers/pipelines/base.py,modified,src/transformers/pipelines/base.py,code,True
feature,huggingface__transformers-28940,huggingface/transformers,Python,tests/pipelines/test_pipelines_common.py,tests/pipelines/test_pipelines_common.py,modified,tests/pipelines/test_pipelines_common.py,test,True
feature,huggingface__transformers-29589,huggingface/transformers,Python,src/transformers/trainer.py,src/transformers/trainer.py,modified,src/transformers/trainer.py,code,True
feature,huggingface__transformers-29589,huggingface/transformers,Python,src/transformers/trainer_pt_utils.py,src/transformers/trainer_pt_utils.py,modified,src/transformers/trainer_pt_utils.py,code,True
feature,huggingface__transformers-29589,huggingface/transformers,Python,src/transformers/utils/import_utils.py,src/transformers/utils/import_utils.py,modified,src/transformers/utils/import_utils.py,code,True
feature,huggingface__transformers-29589,huggingface/transformers,Python,src/transformers/testing_utils.py,src/transformers/testing_utils.py,modified,src/transformers/testing_utils.py,test,True
feature,huggingface__transformers-29589,huggingface/transformers,Python,tests/trainer/test_trainer.py,tests/trainer/test_trainer.py,modified,tests/trainer/test_trainer.py,test,True
feature,huggingface__transformers-29688,huggingface/transformers,Python,src/transformers/models/whisper/generation_whisper.py,src/transformers/models/whisper/generation_whisper.py,modified,src/transformers/models/whisper/generation_whisper.py,code,True
feature,huggingface__transformers-29688,huggingface/transformers,Python,tests/models/whisper/test_modeling_whisper.py,tests/models/whisper/test_modeling_whisper.py,modified,tests/models/whisper/test_modeling_whisper.py,test,True
feature,huggingface__transformers-29838,huggingface/transformers,Python,src/transformers/trainer.py,src/transformers/trainer.py,modified,src/transformers/trainer.py,code,True
feature,huggingface__transformers-29838,huggingface/transformers,Python,tests/trainer/test_trainer.py,tests/trainer/test_trainer.py,modified,tests/trainer/test_trainer.py,test,True
feature,huggingface__transformers-31095,huggingface/transformers,Python,src/transformers/trainer.py,src/transformers/trainer.py,modified,src/transformers/trainer.py,code,True
feature,huggingface__transformers-31095,huggingface/transformers,Python,src/transformers/trainer_callback.py,src/transformers/trainer_callback.py,modified,src/transformers/trainer_callback.py,code,True
feature,huggingface__transformers-31095,huggingface/transformers,Python,tests/trainer/test_trainer_callback.py,tests/trainer/test_trainer_callback.py,modified,tests/trainer/test_trainer_callback.py,test,True
feature,huggingface__transformers-31247,huggingface/transformers,Python,src/transformers/cache_utils.py,src/transformers/cache_utils.py,modified,src/transformers/cache_utils.py,code,True
feature,huggingface__transformers-31247,huggingface/transformers,Python,src/transformers/generation/utils.py,src/transformers/generation/utils.py,modified,src/transformers/generation/utils.py,code,True
feature,huggingface__transformers-31247,huggingface/transformers,Python,src/transformers/models/mamba/modeling_mamba.py,src/transformers/models/mamba/modeling_mamba.py,modified,src/transformers/models/mamba/modeling_mamba.py,code,True
feature,huggingface__transformers-31247,huggingface/transformers,Python,tests/models/mamba/test_modeling_mamba.py,tests/models/mamba/test_modeling_mamba.py,modified,tests/models/mamba/test_modeling_mamba.py,test,True
feature,langchain-ai__langchain-5450,langchain-ai/langchain,Python,langchain/embeddings/huggingface.py,langchain/embeddings/huggingface.py,modified,langchain/embeddings/huggingface.py,code,True
feature,langchain-ai__langchain-5450,langchain-ai/langchain,Python,tests/integration_tests/embeddings/test_huggingface.py,tests/integration_tests/embeddings/test_huggingface.py,modified,tests/integration_tests/embeddings/test_huggingface.py,test,True
feature,langchain-ai__langchain-19331,langchain-ai/langchain,Python,libs/core/langchain_core/language_models/llms.py,libs/core/langchain_core/language_models/llms.py,modified,libs/core/langchain_core/language_models/llms.py,code,True
feature,langchain-ai__langchain-19331,langchain-ai/langchain,Python,/dev/null,libs/core/tests/unit_tests/language_models/llms/test_cache.py,added,libs/core/tests/unit_tests/language_models/llms/test_cache.py,test,False
feature,yt-dlp__yt-dlp-1649,yt-dlp/yt-dlp,Python,README.md,README.md,modified,README.md,code,True
feature,yt-dlp__yt-dlp-1649,yt-dlp/yt-dlp,Python,yt_dlp/downloader/common.py,yt_dlp/downloader/common.py,modified,yt_dlp/downloader/common.py,code,True
feature,yt-dlp__yt-dlp-1649,yt-dlp/yt-dlp,Python,yt_dlp/downloader/external.py,yt_dlp/downloader/external.py,modified,yt_dlp/downloader/external.py,code,True
feature,yt-dlp__yt-dlp-1649,yt-dlp/yt-dlp,Python,yt_dlp/downloader/fragment.py,yt_dlp/downloader/fragment.py,modified,yt_dlp/downloader/fragment.py,code,True
feature,yt-dlp__yt-dlp-1649,yt-dlp/yt-dlp,Python,yt_dlp/downloader/http.py,yt_dlp/downloader/http.py,modified,yt_dlp/downloader/http.py,code,True
feature,yt-dlp__yt-dlp-1649,yt-dlp/yt-dlp,Python,yt_dlp/downloader/ism.py,yt_dlp/downloader/ism.py,modified,yt_dlp/downloader/ism.py,code,True
feature,yt-dlp__yt-dlp-1649,yt-dlp/yt-dlp,Python,yt_dlp/downloader/youtube_live_chat.py,yt_dlp/downloader/youtube_live_chat.py,modified,yt_dlp/downloader/youtube_live_chat.py,code,True
feature,yt-dlp__yt-dlp-1649,yt-dlp/yt-dlp,Python,yt_dlp/extractor/common.py,yt_dlp/extractor/common.py,modified,yt_dlp/extractor/common.py,code,True
feature,yt-dlp__yt-dlp-1649,yt-dlp/yt-dlp,Python,yt_dlp/extractor/soundcloud.py,yt_dlp/extractor/soundcloud.py,modified,yt_dlp/extractor/soundcloud.py,code,True
feature,yt-dlp__yt-dlp-1649,yt-dlp/yt-dlp,Python,yt_dlp/extractor/tiktok.py,yt_dlp/extractor/tiktok.py,modified,yt_dlp/extractor/tiktok.py,code,True
feature,yt-dlp__yt-dlp-1649,yt-dlp/yt-dlp,Python,yt_dlp/extractor/youtube.py,yt_dlp/extractor/youtube.py,modified,yt_dlp/extractor/youtube.py,code,True
feature,yt-dlp__yt-dlp-1649,yt-dlp/yt-dlp,Python,yt_dlp/options.py,yt_dlp/options.py,modified,yt_dlp/options.py,code,True
feature,yt-dlp__yt-dlp-1649,yt-dlp/yt-dlp,Python,yt_dlp/postprocessor/common.py,yt_dlp/postprocessor/common.py,modified,yt_dlp/postprocessor/common.py,code,True
feature,yt-dlp__yt-dlp-1649,yt-dlp/yt-dlp,Python,yt_dlp/utils.py,yt_dlp/utils.py,modified,yt_dlp/utils.py,code,True
feature,yt-dlp__yt-dlp-1649,yt-dlp/yt-dlp,Python,test/test_downloader_http.py,test/test_downloader_http.py,modified,test/test_downloader_http.py,test,True
feature,yt-dlp__yt-dlp-3435,yt-dlp/yt-dlp,Python,README.md,README.md,modified,README.md,code,True
feature,yt-dlp__yt-dlp-3435,yt-dlp/yt-dlp,Python,yt_dlp/YoutubeDL.py,yt_dlp/YoutubeDL.py,modified,yt_dlp/YoutubeDL.py,code,True
feature,yt-dlp__yt-dlp-3435,yt-dlp/yt-dlp,Python,yt_dlp/__init__.py,yt_dlp/__init__.py,modified,yt_dlp/__init__.py,code,True
feature,yt-dlp__yt-dlp-3435,yt-dlp/yt-dlp,Python,yt_dlp/options.py,yt_dlp/options.py,modified,yt_dlp/options.py,code,True
feature,yt-dlp__yt-dlp-3435,yt-dlp/yt-dlp,Python,yt_dlp/utils.py,yt_dlp/utils.py,modified,yt_dlp/utils.py,code,True
feature,yt-dlp__yt-dlp-3435,yt-dlp/yt-dlp,Python,test/test_http.py,test/test_http.py,modified,test/test_http.py,test,True
feature,yt-dlp__yt-dlp-3435,yt-dlp/yt-dlp,Python,/dev/null,test/testdata/certificate/ca.crt,added,test/testdata/certificate/ca.crt,test,False
feature,yt-dlp__yt-dlp-3435,yt-dlp/yt-dlp,Python,/dev/null,test/testdata/certificate/ca.key,added,test/testdata/certificate/ca.key,test,False
feature,yt-dlp__yt-dlp-3435,yt-dlp/yt-dlp,Python,/dev/null,test/testdata/certificate/ca.srl,added,test/testdata/certificate/ca.srl,test,False
feature,yt-dlp__yt-dlp-3435,yt-dlp/yt-dlp,Python,/dev/null,test/testdata/certificate/client.crt,added,test/testdata/certificate/client.crt,test,False
feature,yt-dlp__yt-dlp-3435,yt-dlp/yt-dlp,Python,/dev/null,test/testdata/certificate/client.csr,added,test/testdata/certificate/client.csr,test,False
feature,yt-dlp__yt-dlp-3435,yt-dlp/yt-dlp,Python,/dev/null,test/testdata/certificate/client.key,added,test/testdata/certificate/client.key,test,False
feature,yt-dlp__yt-dlp-3435,yt-dlp/yt-dlp,Python,/dev/null,test/testdata/certificate/clientencrypted.key,added,test/testdata/certificate/clientencrypted.key,test,False
feature,yt-dlp__yt-dlp-3435,yt-dlp/yt-dlp,Python,/dev/null,test/testdata/certificate/clientwithencryptedkey.crt,added,test/testdata/certificate/clientwithencryptedkey.crt,test,False
feature,yt-dlp__yt-dlp-3435,yt-dlp/yt-dlp,Python,/dev/null,test/testdata/certificate/clientwithkey.crt,added,test/testdata/certificate/clientwithkey.crt,test,False
feature,yt-dlp__yt-dlp-3435,yt-dlp/yt-dlp,Python,/dev/null,test/testdata/certificate/instructions.md,added,test/testdata/certificate/instructions.md,test,False
feature,yt-dlp__yt-dlp-4524,yt-dlp/yt-dlp,Python,yt_dlp/extractor/_extractors.py,yt_dlp/extractor/_extractors.py,modified,yt_dlp/extractor/_extractors.py,code,True
feature,yt-dlp__yt-dlp-4524,yt-dlp/yt-dlp,Python,yt_dlp/extractor/rai.py,yt_dlp/extractor/rai.py,modified,yt_dlp/extractor/rai.py,code,True
feature,yt-dlp__yt-dlp-4524,yt-dlp/yt-dlp,Python,yt_dlp/utils.py,yt_dlp/utils.py,modified,yt_dlp/utils.py,code,True
feature,yt-dlp__yt-dlp-4524,yt-dlp/yt-dlp,Python,test/test_utils.py,test/test_utils.py,modified,test/test_utils.py,test,True
feature,yt-dlp__yt-dlp-8917,yt-dlp/yt-dlp,Python,README.md,README.md,modified,README.md,code,True
feature,yt-dlp__yt-dlp-8917,yt-dlp/yt-dlp,Python,yt_dlp/YoutubeDL.py,yt_dlp/YoutubeDL.py,modified,yt_dlp/YoutubeDL.py,code,True
feature,yt-dlp__yt-dlp-8917,yt-dlp/yt-dlp,Python,yt_dlp/extractor/common.py,yt_dlp/extractor/common.py,modified,yt_dlp/extractor/common.py,code,True
feature,yt-dlp__yt-dlp-8917,yt-dlp/yt-dlp,Python,yt_dlp/extractor/youtube.py,yt_dlp/extractor/youtube.py,modified,yt_dlp/extractor/youtube.py,code,True
feature,yt-dlp__yt-dlp-8917,yt-dlp/yt-dlp,Python,yt_dlp/postprocessor/ffmpeg.py,yt_dlp/postprocessor/ffmpeg.py,modified,yt_dlp/postprocessor/ffmpeg.py,code,True
feature,yt-dlp__yt-dlp-8917,yt-dlp/yt-dlp,Python,test/helper.py,test/helper.py,modified,test/helper.py,test,True
feature,yt-dlp__yt-dlp-8917,yt-dlp/yt-dlp,Python,test/test_YoutubeDL.py,test/test_YoutubeDL.py,modified,test/test_YoutubeDL.py,test,True
feature,keras-team__keras-3907,keras-team/keras,Python,docs/templates/getting-started/sequential-model-guide.md,docs/templates/getting-started/sequential-model-guide.md,modified,docs/templates/getting-started/sequential-model-guide.md,code,True
feature,keras-team__keras-3907,keras-team/keras,Python,keras/engine/training.py,keras/engine/training.py,modified,keras/engine/training.py,code,True
feature,keras-team__keras-3907,keras-team/keras,Python,tests/keras/engine/test_training.py,tests/keras/engine/test_training.py,modified,tests/keras/engine/test_training.py,test,True
feature,keras-team__keras-3983,keras-team/keras,Python,keras/layers/pooling.py,keras/layers/pooling.py,modified,keras/layers/pooling.py,code,True
feature,keras-team__keras-3983,keras-team/keras,Python,tests/keras/layers/test_convolutional.py,tests/keras/layers/test_convolutional.py,modified,tests/keras/layers/test_convolutional.py,test,True
feature,keras-team__keras-18649,keras-team/keras,Python,keras/backend/jax/numpy.py,keras/backend/jax/numpy.py,modified,keras/backend/jax/numpy.py,code,True
feature,keras-team__keras-18649,keras-team/keras,Python,keras/backend/numpy/numpy.py,keras/backend/numpy/numpy.py,modified,keras/backend/numpy/numpy.py,code,True
feature,keras-team__keras-18649,keras-team/keras,Python,keras/backend/tensorflow/numpy.py,keras/backend/tensorflow/numpy.py,modified,keras/backend/tensorflow/numpy.py,code,True
feature,keras-team__keras-18649,keras-team/keras,Python,keras/backend/torch/numpy.py,keras/backend/torch/numpy.py,modified,keras/backend/torch/numpy.py,code,True
feature,keras-team__keras-18649,keras-team/keras,Python,keras/ops/numpy.py,keras/ops/numpy.py,modified,keras/ops/numpy.py,code,True
feature,keras-team__keras-18649,keras-team/keras,Python,keras/ops/numpy_test.py,keras/ops/numpy_test.py,modified,keras/ops/numpy_test.py,test,True
feature,keras-team__keras-18852,keras-team/keras,Python,.github/workflows/actions.yml,.github/workflows/actions.yml,modified,.github/workflows/actions.yml,code,True
feature,keras-team__keras-18852,keras-team/keras,Python,keras/activations/__init__.py,keras/activations/__init__.py,modified,keras/activations/__init__.py,code,True
feature,keras-team__keras-18852,keras-team/keras,Python,keras/activations/activations.py,keras/activations/activations.py,modified,keras/activations/activations.py,code,True
feature,keras-team__keras-18852,keras-team/keras,Python,keras/applications/mobilenet_v3.py,keras/applications/mobilenet_v3.py,modified,keras/applications/mobilenet_v3.py,code,True
feature,keras-team__keras-18852,keras-team/keras,Python,keras/activations/activations_test.py,keras/activations/activations_test.py,modified,keras/activations/activations_test.py,test,True
feature,keras-team__keras-18852,keras-team/keras,Python,keras/applications/applications_test.py,keras/applications/applications_test.py,modified,keras/applications/applications_test.py,test,True
feature,keras-team__keras-18852,keras-team/keras,Python,keras/applications/imagenet_utils_test.py,keras/applications/imagenet_utils_test.py,modified,keras/applications/imagenet_utils_test.py,test,True
feature,keras-team__keras-19903,keras-team/keras,Python,keras/api/_tf_keras/keras/ops/__init__.py,keras/api/_tf_keras/keras/ops/__init__.py,modified,keras/api/_tf_keras/keras/ops/__init__.py,code,True
feature,keras-team__keras-19903,keras-team/keras,Python,keras/api/ops/__init__.py,keras/api/ops/__init__.py,modified,keras/api/ops/__init__.py,code,True
feature,keras-team__keras-19903,keras-team/keras,Python,keras/src/backend/jax/core.py,keras/src/backend/jax/core.py,modified,keras/src/backend/jax/core.py,code,True
feature,keras-team__keras-19903,keras-team/keras,Python,keras/src/backend/numpy/core.py,keras/src/backend/numpy/core.py,modified,keras/src/backend/numpy/core.py,code,True
feature,keras-team__keras-19903,keras-team/keras,Python,keras/src/backend/tensorflow/core.py,keras/src/backend/tensorflow/core.py,modified,keras/src/backend/tensorflow/core.py,code,True
feature,keras-team__keras-19903,keras-team/keras,Python,keras/src/backend/torch/core.py,keras/src/backend/torch/core.py,modified,keras/src/backend/torch/core.py,code,True
feature,keras-team__keras-19903,keras-team/keras,Python,keras/src/ops/core.py,keras/src/ops/core.py,modified,keras/src/ops/core.py,code,True
feature,keras-team__keras-19903,keras-team/keras,Python,keras/src/ops/core_test.py,keras/src/ops/core_test.py,modified,keras/src/ops/core_test.py,test,True
external,oemof__tespy-921,oemof/tespy,Python,docs/advanced_features/fluid_properties.rst,docs/advanced_features/fluid_properties.rst,modified,docs/advanced_features/fluid_properties.rst,code,True
external,oemof__tespy-921,oemof/tespy,Python,docs/conf.py,docs/conf.py,modified,docs/conf.py,code,True
external,oemof__tespy-921,oemof/tespy,Python,docs/whats_new/v0-9-14.rst,docs/whats_new/v0-9-14.rst,modified,docs/whats_new/v0-9-14.rst,code,True
external,oemof__tespy-921,oemof/tespy,Python,pyproject.toml,pyproject.toml,modified,pyproject.toml,code,True
external,oemof__tespy-921,oemof/tespy,Python,src/tespy/connections/connection.py,src/tespy/connections/connection.py,modified,src/tespy/connections/connection.py,code,True
external,oemof__tespy-921,oemof/tespy,Python,tests/test_networks/test_network.py,tests/test_networks/test_network.py,modified,tests/test_networks/test_network.py,test,True
external,hkuds__openharness-217,HKUDS/OpenHarness,Python,src/openharness/auth/flows.py,src/openharness/auth/flows.py,modified,src/openharness/auth/flows.py,code,True
external,hkuds__openharness-217,HKUDS/OpenHarness,Python,/dev/null,tests/test_auth/test_flows.py,added,tests/test_auth/test_flows.py,test,False
external,itsdnns__docsight-437,itsDNNS/docsight,Python,app/modules/comparison/routes.py,app/modules/comparison/routes.py,modified,app/modules/comparison/routes.py,code,True
external,itsdnns__docsight-437,itsDNNS/docsight,Python,app/modules/comparison/static/main.js,app/modules/comparison/static/main.js,modified,app/modules/comparison/static/main.js,code,True
external,itsdnns__docsight-437,itsDNNS/docsight,Python,app/modules/comparison/templates/comparison_tab.html,app/modules/comparison/templates/comparison_tab.html,modified,app/modules/comparison/templates/comparison_tab.html,code,True
external,itsdnns__docsight-437,itsDNNS/docsight,Python,app/static/js/correlation.js,app/static/js/correlation.js,modified,app/static/js/correlation.js,code,True
external,itsdnns__docsight-437,itsDNNS/docsight,Python,app/static/js/journal.js,app/static/js/journal.js,modified,app/static/js/journal.js,code,True
external,itsdnns__docsight-437,itsDNNS/docsight,Python,app/storage/analysis.py,app/storage/analysis.py,modified,app/storage/analysis.py,code,True
external,itsdnns__docsight-437,itsDNNS/docsight,Python,tests/e2e/test_comparison.py,tests/e2e/test_comparison.py,modified,tests/e2e/test_comparison.py,test,True
external,itsdnns__docsight-437,itsDNNS/docsight,Python,tests/test_comparison_module.py,tests/test_comparison_module.py,modified,tests/test_comparison_module.py,test,True
external,itsdnns__docsight-437,itsDNNS/docsight,Python,tests/test_correlation.py,tests/test_correlation.py,modified,tests/test_correlation.py,test,True
external,youssofal__mtplx-21,youssofal/MTPLX,Python,CHANGELOG.md,CHANGELOG.md,modified,CHANGELOG.md,code,True
external,youssofal__mtplx-21,youssofal/MTPLX,Python,mtplx/server/openai.py,mtplx/server/openai.py,modified,mtplx/server/openai.py,code,True
external,youssofal__mtplx-21,youssofal/MTPLX,Python,/dev/null,tests/test_tool_aware_stream_translator.py,added,tests/test_tool_aware_stream_translator.py,test,False
external,meltano__meltano-9929,meltano/meltano,Python,src/meltano/cli/config.py,src/meltano/cli/config.py,modified,src/meltano/cli/config.py,code,True
external,meltano__meltano-9929,meltano/meltano,Python,tests/meltano/cli/test_config.py,tests/meltano/cli/test_config.py,modified,tests/meltano/cli/test_config.py,test,True
external,pgmpy__pgmpy-3137,pgmpy/pgmpy,Python,pgmpy/causal_discovery/_base.py,pgmpy/causal_discovery/_base.py,modified,pgmpy/causal_discovery/_base.py,code,True
external,pgmpy__pgmpy-3137,pgmpy/pgmpy,Python,pgmpy/tests/test_causal_discovery/test_PC.py,pgmpy/tests/test_causal_discovery/test_PC.py,modified,pgmpy/tests/test_causal_discovery/test_PC.py,test,True
external,tox-dev__tox-3904,tox-dev/tox,Python,/dev/null,docs/changelog/3903.bugfix.rst,added,docs/changelog/3903.bugfix.rst,code,False
external,tox-dev__tox-3904,tox-dev/tox,Python,pyproject.toml,pyproject.toml,modified,pyproject.toml,code,True
external,tox-dev__tox-3904,tox-dev/tox,Python,src/tox/config/loader/ini/factor.py,src/tox/config/loader/ini/factor.py,modified,src/tox/config/loader/ini/factor.py,code,True
external,tox-dev__tox-3904,tox-dev/tox,Python,src/tox/config/loader/toml/_replace.py,src/tox/config/loader/toml/_replace.py,modified,src/tox/config/loader/toml/_replace.py,code,True
external,tox-dev__tox-3904,tox-dev/tox,Python,tests/config/loader/ini/test_factor.py,tests/config/loader/ini/test_factor.py,modified,tests/config/loader/ini/test_factor.py,test,True
external,tox-dev__tox-3904,tox-dev/tox,Python,tests/config/source/test_toml_pyproject.py,tests/config/source/test_toml_pyproject.py,modified,tests/config/source/test_toml_pyproject.py,test,True
external,tobymao__sqlglot-7457,tobymao/sqlglot,Python,sqlglot/expressions/functions.py,sqlglot/expressions/functions.py,modified,sqlglot/expressions/functions.py,code,True
external,tobymao__sqlglot-7457,tobymao/sqlglot,Python,sqlglot/generator.py,sqlglot/generator.py,modified,sqlglot/generator.py,code,True
external,tobymao__sqlglot-7457,tobymao/sqlglot,Python,sqlglot/parsers/bigquery.py,sqlglot/parsers/bigquery.py,modified,sqlglot/parsers/bigquery.py,code,True
external,tobymao__sqlglot-7457,tobymao/sqlglot,Python,tests/dialects/test_bigquery.py,tests/dialects/test_bigquery.py,modified,tests/dialects/test_bigquery.py,test,True
external,tox-dev__tox-3931,tox-dev/tox,Python,/dev/null,docs/changelog/3929.bugfix.rst,added,docs/changelog/3929.bugfix.rst,code,False
external,tox-dev__tox-3931,tox-dev/tox,Python,src/tox/session/cmd/schema.py,src/tox/session/cmd/schema.py,modified,src/tox/session/cmd/schema.py,code,True
external,tox-dev__tox-3931,tox-dev/tox,Python,src/tox/tox.schema.json,src/tox/tox.schema.json,modified,src/tox/tox.schema.json,code,True
external,tox-dev__tox-3931,tox-dev/tox,Python,tests/session/cmd/test_schema.py,tests/session/cmd/test_schema.py,modified,tests/session/cmd/test_schema.py,test,True
external,scikit-learn__scikit-learn-33565,scikit-learn/scikit-learn,Python,/dev/null,doc/whats_new/upcoming_changes/sklearn.linear_model/33565.fix.rst,added,doc/whats_new/upcoming_changes/sklearn.linear_model/33565.fix.rst,code,False
external,scikit-learn__scikit-learn-33565,scikit-learn/scikit-learn,Python,sklearn/linear_model/_base.py,sklearn/linear_model/_base.py,modified,sklearn/linear_model/_base.py,code,True
external,scikit-learn__scikit-learn-33565,scikit-learn/scikit-learn,Python,sklearn/linear_model/tests/test_base.py,sklearn/linear_model/tests/test_base.py,modified,sklearn/linear_model/tests/test_base.py,test,True
external,koxudaxi__datamodel-code-generator-3070,koxudaxi/datamodel-code-generator,Python,src/datamodel_code_generator/parser/base.py,src/datamodel_code_generator/parser/base.py,modified,src/datamodel_code_generator/parser/base.py,code,True
external,koxudaxi__datamodel-code-generator-3070,koxudaxi/datamodel-code-generator,Python,/dev/null,tests/data/expected/main/openapi/discriminator/integer_mapping.py,added,tests/data/expected/main/openapi/discriminator/integer_mapping.py,test,False
external,koxudaxi__datamodel-code-generator-3070,koxudaxi/datamodel-code-generator,Python,/dev/null,tests/data/expected/main/openapi/discriminator/integer_no_mapping.py,added,tests/data/expected/main/openapi/discriminator/integer_no_mapping.py,test,False
external,koxudaxi__datamodel-code-generator-3070,koxudaxi/datamodel-code-generator,Python,/dev/null,tests/data/expected/main/openapi/discriminator/integer_no_mapping_literal.py,added,tests/data/expected/main/openapi/discriminator/integer_no_mapping_literal.py,test,False
external,koxudaxi__datamodel-code-generator-3070,koxudaxi/datamodel-code-generator,Python,/dev/null,tests/data/expected/main/openapi/discriminator/partial_mapping.py,added,tests/data/expected/main/openapi/discriminator/partial_mapping.py,test,False
external,koxudaxi__datamodel-code-generator-3070,koxudaxi/datamodel-code-generator,Python,/dev/null,tests/data/openapi/discriminator_integer_mapping.yaml,added,tests/data/openapi/discriminator_integer_mapping.yaml,test,False
external,koxudaxi__datamodel-code-generator-3070,koxudaxi/datamodel-code-generator,Python,/dev/null,tests/data/openapi/discriminator_integer_no_mapping.yaml,added,tests/data/openapi/discriminator_integer_no_mapping.yaml,test,False
external,koxudaxi__datamodel-code-generator-3070,koxudaxi/datamodel-code-generator,Python,/dev/null,tests/data/openapi/discriminator_partial_mapping.yaml,added,tests/data/openapi/discriminator_partial_mapping.yaml,test,False
external,koxudaxi__datamodel-code-generator-3070,koxudaxi/datamodel-code-generator,Python,tests/main/openapi/test_main_openapi.py,tests/main/openapi/test_main_openapi.py,modified,tests/main/openapi/test_main_openapi.py,test,True
external,schemathesis__schemathesis-3933,schemathesis/schemathesis,Python,CHANGELOG.md,CHANGELOG.md,modified,CHANGELOG.md,code,True
external,schemathesis__schemathesis-3933,schemathesis/schemathesis,Python,src/schemathesis/specs/openapi/checks.py,src/schemathesis/specs/openapi/checks.py,modified,src/schemathesis/specs/openapi/checks.py,test,True
external,schemathesis__schemathesis-3933,schemathesis/schemathesis,Python,test/specs/openapi/test_checks.py,test/specs/openapi/test_checks.py,modified,test/specs/openapi/test_checks.py,test,True
external,alibaba__opensandbox-816,alibaba/OpenSandbox,Python,server/opensandbox_server/services/docker.py,server/opensandbox_server/services/docker.py,modified,server/opensandbox_server/services/docker.py,code,True
external,alibaba__opensandbox-816,alibaba/OpenSandbox,Python,server/tests/test_docker_service.py,server/tests/test_docker_service.py,modified,server/tests/test_docker_service.py,test,True
external,pdm-project__pdm-3759,pdm-project/pdm,Python,/dev/null,news/3756.bugfix.md,added,news/3756.bugfix.md,code,False
external,pdm-project__pdm-3759,pdm-project/pdm,Python,src/pdm/core.py,src/pdm/core.py,modified,src/pdm/core.py,code,True
external,pdm-project__pdm-3759,pdm-project/pdm,Python,tests/test_project.py,tests/test_project.py,modified,tests/test_project.py,test,True
external,graphistry__pygraphistry-1277,graphistry/pygraphistry,Python,CHANGELOG.md,CHANGELOG.md,modified,CHANGELOG.md,code,True
external,graphistry__pygraphistry-1277,graphistry/pygraphistry,Python,graphistry/compute/gfql/cypher/lowering.py,graphistry/compute/gfql/cypher/lowering.py,modified,graphistry/compute/gfql/cypher/lowering.py,code,True
external,graphistry__pygraphistry-1277,graphistry/pygraphistry,Python,graphistry/tests/compute/gfql/cypher/test_lowering.py,graphistry/tests/compute/gfql/cypher/test_lowering.py,modified,graphistry/tests/compute/gfql/cypher/test_lowering.py,test,True
external,holoviz__param-1117,holoviz/param,Python,param/reactive.py,param/reactive.py,modified,param/reactive.py,code,True
external,holoviz__param-1117,holoviz/param,Python,tests/testreactive.py,tests/testreactive.py,modified,tests/testreactive.py,test,True
external,tobymao__sqlglot-7187,tobymao/sqlglot,Python,sqlglot/dialects/duckdb.py,sqlglot/dialects/duckdb.py,modified,sqlglot/dialects/duckdb.py,code,True
external,tobymao__sqlglot-7187,tobymao/sqlglot,Python,sqlglot/generator.py,sqlglot/generator.py,modified,sqlglot/generator.py,code,True
external,tobymao__sqlglot-7187,tobymao/sqlglot,Python,sqlglot/parser.py,sqlglot/parser.py,modified,sqlglot/parser.py,code,True
external,tobymao__sqlglot-7187,tobymao/sqlglot,Python,tests/dialects/test_duckdb.py,tests/dialects/test_duckdb.py,modified,tests/dialects/test_duckdb.py,test,True
external,cs-si__eodag-2176,CS-SI/eodag,Python,eodag/plugins/search/qssearch.py,eodag/plugins/search/qssearch.py,modified,eodag/plugins/search/qssearch.py,code,True
external,cs-si__eodag-2176,CS-SI/eodag,Python,tests/context.py,tests/context.py,modified,tests/context.py,test,True
external,cs-si__eodag-2176,CS-SI/eodag,Python,tests/units/test_search_plugins.py,tests/units/test_search_plugins.py,modified,tests/units/test_search_plugins.py,test,True
external,psd-tools__psd-tools-593,psd-tools/psd-tools,Python,src/psd_tools/composite/composite.py,src/psd_tools/composite/composite.py,modified,src/psd_tools/composite/composite.py,code,True
external,psd-tools__psd-tools-593,psd-tools/psd-tools,Python,tests/psd_tools/api/test_psd_image.py,tests/psd_tools/api/test_psd_image.py,modified,tests/psd_tools/api/test_psd_image.py,test,True
external,psd-tools__psd-tools-593,psd-tools/psd-tools,Python,tests/psd_tools/composite/test_composite.py,tests/psd_tools/composite/test_composite.py,modified,tests/psd_tools/composite/test_composite.py,test,True
external,getmoto__moto-9903,getmoto/moto,Python,moto/dynamodb/models/__init__.py,moto/dynamodb/models/__init__.py,modified,moto/dynamodb/models/__init__.py,code,True
external,getmoto__moto-9903,getmoto/moto,Python,tests/test_dynamodb/test_dynamodb.py,tests/test_dynamodb/test_dynamodb.py,modified,tests/test_dynamodb/test_dynamodb.py,test,True
external,copier-org__copier-2646,copier-org/copier,Python,copier/_template.py,copier/_template.py,modified,copier/_template.py,code,True
external,copier-org__copier-2646,copier-org/copier,Python,copier/_vcs.py,copier/_vcs.py,modified,copier/_vcs.py,code,True
external,copier-org__copier-2646,copier-org/copier,Python,tests/test_cleanup.py,tests/test_cleanup.py,modified,tests/test_cleanup.py,test,True
external,getmoto__moto-9841,getmoto/moto,Python,moto/kms/models.py,moto/kms/models.py,modified,moto/kms/models.py,code,True
external,getmoto__moto-9841,getmoto/moto,Python,moto/kms/responses.py,moto/kms/responses.py,modified,moto/kms/responses.py,code,True
external,getmoto__moto-9841,getmoto/moto,Python,tests/test_kms/test_kms.py,tests/test_kms/test_kms.py,modified,tests/test_kms/test_kms.py,test,True
external,getmoto__moto-9841,getmoto/moto,Python,tests/test_kms/test_kms_cloudformation.py,tests/test_kms/test_kms_cloudformation.py,modified,tests/test_kms/test_kms_cloudformation.py,test,True
external,ultraplot__ultraplot-696,Ultraplot/UltraPlot,Python,ultraplot/figure.py,ultraplot/figure.py,modified,ultraplot/figure.py,code,True
external,ultraplot__ultraplot-696,Ultraplot/UltraPlot,Python,ultraplot/tests/test_subplots.py,ultraplot/tests/test_subplots.py,modified,ultraplot/tests/test_subplots.py,test,True
external,schemathesis__schemathesis-4087,schemathesis/schemathesis,Python,CHANGELOG.md,CHANGELOG.md,modified,CHANGELOG.md,code,True
external,schemathesis__schemathesis-4087,schemathesis/schemathesis,Python,src/schemathesis/specs/openapi/checks.py,src/schemathesis/specs/openapi/checks.py,modified,src/schemathesis/specs/openapi/checks.py,test,True
external,schemathesis__schemathesis-4087,schemathesis/schemathesis,Python,test/specs/openapi/test_checks.py,test/specs/openapi/test_checks.py,modified,test/specs/openapi/test_checks.py,test,True
