cohort,task_id,repo,language,method,seed,valid,n_gold,n_code,n_test,n_returned_10,recall_1,precision_1,returned_precision_1,code_recall_1,test_recall_1,recall_3,precision_3,returned_precision_3,code_recall_3,test_recall_3,recall_5,precision_5,returned_precision_5,code_recall_5,test_recall_5,recall_10,precision_10,returned_precision_10,code_recall_10,test_recall_10,mrr_10
feature,google__gson-2498,google/gson,Java,path_bm25,11,True,8,3,5,10,0.0,0.0,0.0,0.0,0.0,0.0,0.0,0.0,0.0,0.0,0.0,0.0,0.0,0.0,0.0,0.0,0.0,0.0,0.0,0.0,0.0
feature,google__gson-2498,google/gson,Java,content_bm25,11,True,8,3,5,10,0.0,0.0,0.0,0.0,0.0,0.0,0.0,0.0,0.0,0.0,0.0,0.0,0.0,0.0,0.0,0.125,0.1,0.1,0.3333333333333333,0.0,0.1111111111111111
feature,google__gson-2498,google/gson,Java,dense_minilm,11,True,8,3,5,10,0.0,0.0,0.0,0.0,0.0,0.0,0.0,0.0,0.0,0.0,0.0,0.0,0.0,0.0,0.0,0.0,0.0,0.0,0.0,0.0,0.0
feature,google__gson-2498,google/gson,Java,hybrid_rrf,11,True,8,3,5,10,0.0,0.0,0.0,0.0,0.0,0.0,0.0,0.0,0.0,0.0,0.0,0.0,0.0,0.0,0.0,0.0,0.0,0.0,0.0,0.0,0.0
feature,google__gson-2498,google/gson,Java,minilm256_pool100,11,True,8,3,5,10,0.0,0.0,0.0,0.0,0.0,0.0,0.0,0.0,0.0,0.0,0.0,0.0,0.0,0.0,0.0,0.0,0.0,0.0,0.0,0.0,0.0
feature,google__gson-2498,google/gson,Java,coderank256_pool100,11,True,8,3,5,10,0.0,0.0,0.0,0.0,0.0,0.0,0.0,0.0,0.0,0.0,0.0,0.0,0.0,0.0,0.0,0.0,0.0,0.0,0.0,0.0,0.0
feature,google__gson-2498,google/gson,Java,coderank2048_pool100,11,True,8,3,5,10,0.0,0.0,0.0,0.0,0.0,0.0,0.0,0.0,0.0,0.0,0.0,0.0,0.0,0.0,0.0,0.0,0.0,0.0,0.0,0.0,0.0
feature,google__gson-2498,google/gson,Java,qwen3-coder:30b/paths,11,True,8,3,5,10,0.125,1.0,1.0,0.3333333333333333,0.0,0.125,0.3333333333333333,0.3333333333333333,0.3333333333333333,0.0,0.125,0.2,0.2,0.3333333333333333,0.0,0.125,0.1,0.1,0.3333333333333333,0.0,1.0
feature,google__gson-2498,google/gson,Java,qwen3-coder:30b/content,11,True,8,3,5,10,0.125,1.0,1.0,0.3333333333333333,0.0,0.125,0.3333333333333333,0.3333333333333333,0.3333333333333333,0.0,0.125,0.2,0.2,0.3333333333333333,0.0,0.125,0.1,0.1,0.3333333333333333,0.0,1.0
feature,google__gson-2498,google/gson,Java,devstral-small-2:24b/paths,11,True,8,3,5,10,0.125,1.0,1.0,0.3333333333333333,0.0,0.125,0.3333333333333333,0.3333333333333333,0.3333333333333333,0.0,0.125,0.2,0.2,0.3333333333333333,0.0,0.125,0.1,0.1,0.3333333333333333,0.0,1.0
feature,google__gson-2498,google/gson,Java,devstral-small-2:24b/content,11,True,8,3,5,10,0.125,1.0,1.0,0.3333333333333333,0.0,0.125,0.3333333333333333,0.3333333333333333,0.3333333333333333,0.0,0.125,0.2,0.2,0.3333333333333333,0.0,0.125,0.1,0.1,0.3333333333333333,0.0,1.0
feature,google__gson-2498,google/gson,Java,navigation/restricted40,11,True,8,3,5,10,0.125,1.0,1.0,0.3333333333333333,0.0,0.125,0.3333333333333333,0.3333333333333333,0.3333333333333333,0.0,0.125,0.2,0.2,0.3333333333333333,0.0,0.125,0.1,0.1,0.3333333333333333,0.0,1.0
feature,google__gson-2498,google/gson,Java,navigation/repository,11,True,8,3,5,10,0.125,1.0,1.0,0.3333333333333333,0.0,0.125,0.3333333333333333,0.3333333333333333,0.3333333333333333,0.0,0.25,0.4,0.4,0.3333333333333333,0.2,0.25,0.2,0.2,0.3333333333333333,0.2,1.0
feature,apolloconfig__apollo-4207,apolloconfig/apollo,Java,path_bm25,11,True,4,3,1,10,0.25,1.0,1.0,0.3333333333333333,0.0,0.5,0.6666666666666666,0.6666666666666666,0.3333333333333333,1.0,0.5,0.4,0.4,0.3333333333333333,1.0,0.5,0.2,0.2,0.3333333333333333,1.0,1.0
feature,apolloconfig__apollo-4207,apolloconfig/apollo,Java,content_bm25,11,True,4,3,1,10,0.0,0.0,0.0,0.0,0.0,0.0,0.0,0.0,0.0,0.0,0.0,0.0,0.0,0.0,0.0,0.5,0.2,0.2,0.6666666666666666,0.0,0.14285714285714285
feature,apolloconfig__apollo-4207,apolloconfig/apollo,Java,dense_minilm,11,True,4,3,1,10,0.0,0.0,0.0,0.0,0.0,0.25,0.3333333333333333,0.3333333333333333,0.3333333333333333,0.0,0.5,0.4,0.4,0.3333333333333333,1.0,0.5,0.2,0.2,0.3333333333333333,1.0,0.3333333333333333
feature,apolloconfig__apollo-4207,apolloconfig/apollo,Java,hybrid_rrf,11,True,4,3,1,10,0.25,1.0,1.0,0.3333333333333333,0.0,0.5,0.6666666666666666,0.6666666666666666,0.3333333333333333,1.0,0.5,0.4,0.4,0.3333333333333333,1.0,0.5,0.2,0.2,0.3333333333333333,1.0,1.0
feature,apolloconfig__apollo-4207,apolloconfig/apollo,Java,minilm256_pool100,11,True,4,3,1,10,0.0,0.0,0.0,0.0,0.0,0.25,0.3333333333333333,0.3333333333333333,0.3333333333333333,0.0,0.5,0.4,0.4,0.3333333333333333,1.0,0.5,0.2,0.2,0.3333333333333333,1.0,0.3333333333333333
feature,apolloconfig__apollo-4207,apolloconfig/apollo,Java,coderank256_pool100,11,True,4,3,1,10,0.25,1.0,1.0,0.0,1.0,0.5,0.6666666666666666,0.6666666666666666,0.3333333333333333,1.0,0.5,0.4,0.4,0.3333333333333333,1.0,0.5,0.2,0.2,0.3333333333333333,1.0,1.0
feature,apolloconfig__apollo-4207,apolloconfig/apollo,Java,coderank2048_pool100,11,True,4,3,1,10,0.25,1.0,1.0,0.3333333333333333,0.0,0.5,0.6666666666666666,0.6666666666666666,0.3333333333333333,1.0,0.5,0.4,0.4,0.3333333333333333,1.0,0.5,0.2,0.2,0.3333333333333333,1.0,1.0
feature,apolloconfig__apollo-4207,apolloconfig/apollo,Java,qwen3-coder:30b/paths,11,True,4,3,1,5,0.25,1.0,1.0,0.3333333333333333,0.0,0.5,0.6666666666666666,0.6666666666666666,0.3333333333333333,1.0,0.5,0.4,0.4,0.3333333333333333,1.0,0.5,0.2,0.4,0.3333333333333333,1.0,1.0
feature,apolloconfig__apollo-4207,apolloconfig/apollo,Java,qwen3-coder:30b/content,11,True,4,3,1,2,0.25,1.0,1.0,0.3333333333333333,0.0,0.5,0.6666666666666666,1.0,0.3333333333333333,1.0,0.5,0.4,1.0,0.3333333333333333,1.0,0.5,0.2,1.0,0.3333333333333333,1.0,1.0
feature,apolloconfig__apollo-4207,apolloconfig/apollo,Java,devstral-small-2:24b/paths,11,True,4,3,1,5,0.25,1.0,1.0,0.3333333333333333,0.0,0.5,0.6666666666666666,0.6666666666666666,0.3333333333333333,1.0,0.5,0.4,0.4,0.3333333333333333,1.0,0.5,0.2,0.4,0.3333333333333333,1.0,1.0
feature,apolloconfig__apollo-4207,apolloconfig/apollo,Java,devstral-small-2:24b/content,11,True,4,3,1,2,0.25,1.0,1.0,0.3333333333333333,0.0,0.5,0.6666666666666666,1.0,0.3333333333333333,1.0,0.5,0.4,1.0,0.3333333333333333,1.0,0.5,0.2,1.0,0.3333333333333333,1.0,1.0
feature,apolloconfig__apollo-4207,apolloconfig/apollo,Java,navigation/restricted40,11,True,4,3,1,2,0.25,1.0,1.0,0.3333333333333333,0.0,0.5,0.6666666666666666,1.0,0.3333333333333333,1.0,0.5,0.4,1.0,0.3333333333333333,1.0,0.5,0.2,1.0,0.3333333333333333,1.0,1.0
feature,apolloconfig__apollo-4207,apolloconfig/apollo,Java,navigation/repository,11,True,4,3,1,2,0.25,1.0,1.0,0.3333333333333333,0.0,0.5,0.6666666666666666,1.0,0.3333333333333333,1.0,0.5,0.4,1.0,0.3333333333333333,1.0,0.5,0.2,1.0,0.3333333333333333,1.0,1.0
feature,google__gson-1904,google/gson,Java,path_bm25,11,True,7,5,2,10,0.0,0.0,0.0,0.0,0.0,0.0,0.0,0.0,0.0,0.0,0.14285714285714285,0.2,0.2,0.2,0.0,0.14285714285714285,0.1,0.1,0.2,0.0,0.2
feature,google__gson-1904,google/gson,Java,content_bm25,11,True,7,5,2,10,0.0,0.0,0.0,0.0,0.0,0.0,0.0,0.0,0.0,0.0,0.14285714285714285,0.2,0.2,0.2,0.0,0.42857142857142855,0.3,0.3,0.6,0.0,0.25
feature,google__gson-1904,google/gson,Java,dense_minilm,11,True,7,5,2,10,0.0,0.0,0.0,0.0,0.0,0.0,0.0,0.0,0.0,0.0,0.0,0.0,0.0,0.0,0.0,0.2857142857142857,0.2,0.2,0.4,0.0,0.14285714285714285
feature,google__gson-1904,google/gson,Java,hybrid_rrf,11,True,7,5,2,10,0.14285714285714285,1.0,1.0,0.2,0.0,0.2857142857142857,0.6666666666666666,0.6666666666666666,0.4,0.0,0.2857142857142857,0.4,0.4,0.4,0.0,0.42857142857142855,0.3,0.3,0.6,0.0,1.0
feature,google__gson-1904,google/gson,Java,minilm256_pool100,11,True,7,5,2,10,0.0,0.0,0.0,0.0,0.0,0.0,0.0,0.0,0.0,0.0,0.0,0.0,0.0,0.0,0.0,0.2857142857142857,0.2,0.2,0.4,0.0,0.14285714285714285
feature,google__gson-1904,google/gson,Java,coderank256_pool100,11,True,7,5,2,10,0.14285714285714285,1.0,1.0,0.2,0.0,0.14285714285714285,0.3333333333333333,0.3333333333333333,0.2,0.0,0.14285714285714285,0.2,0.2,0.2,0.0,0.2857142857142857,0.2,0.2,0.4,0.0,1.0
feature,google__gson-1904,google/gson,Java,coderank2048_pool100,11,True,7,5,2,10,0.14285714285714285,1.0,1.0,0.2,0.0,0.14285714285714285,0.3333333333333333,0.3333333333333333,0.2,0.0,0.2857142857142857,0.4,0.4,0.2,0.5,0.7142857142857143,0.5,0.5,0.6,1.0,1.0
feature,google__gson-1904,google/gson,Java,qwen3-coder:30b/paths,11,True,7,5,2,10,0.14285714285714285,1.0,1.0,0.2,0.0,0.2857142857142857,0.6666666666666666,0.6666666666666666,0.4,0.0,0.5714285714285714,0.8,0.8,0.8,0.0,0.5714285714285714,0.4,0.4,0.8,0.0,1.0
feature,google__gson-1904,google/gson,Java,qwen3-coder:30b/content,11,True,7,5,2,10,0.14285714285714285,1.0,1.0,0.2,0.0,0.2857142857142857,0.6666666666666666,0.6666666666666666,0.4,0.0,0.42857142857142855,0.6,0.6,0.6,0.0,0.5714285714285714,0.4,0.4,0.6,0.5,1.0
feature,google__gson-1904,google/gson,Java,devstral-small-2:24b/paths,11,True,7,5,2,5,0.14285714285714285,1.0,1.0,0.2,0.0,0.42857142857142855,1.0,1.0,0.6,0.0,0.5714285714285714,0.8,0.8,0.6,0.5,0.5714285714285714,0.4,0.8,0.6,0.5,1.0
feature,google__gson-1904,google/gson,Java,devstral-small-2:24b/content,11,True,7,5,2,10,0.14285714285714285,1.0,1.0,0.2,0.0,0.42857142857142855,1.0,1.0,0.6,0.0,0.5714285714285714,0.8,0.8,0.6,0.5,0.5714285714285714,0.4,0.4,0.6,0.5,1.0
feature,google__gson-1904,google/gson,Java,navigation/restricted40,11,True,7,5,2,4,0.14285714285714285,1.0,1.0,0.2,0.0,0.42857142857142855,1.0,1.0,0.6,0.0,0.5714285714285714,0.8,1.0,0.8,0.0,0.5714285714285714,0.4,1.0,0.8,0.0,1.0
feature,google__gson-1904,google/gson,Java,navigation/repository,11,True,7,5,2,3,0.14285714285714285,1.0,1.0,0.2,0.0,0.42857142857142855,1.0,1.0,0.6,0.0,0.42857142857142855,0.6,1.0,0.6,0.0,0.42857142857142855,0.3,1.0,0.6,0.0,1.0
feature,google__gson-2345,google/gson,Java,path_bm25,11,True,7,4,3,10,0.0,0.0,0.0,0.0,0.0,0.14285714285714285,0.3333333333333333,0.3333333333333333,0.25,0.0,0.2857142857142857,0.4,0.4,0.25,0.3333333333333333,0.2857142857142857,0.2,0.2,0.25,0.3333333333333333,0.3333333333333333
feature,google__gson-2345,google/gson,Java,content_bm25,11,True,7,4,3,10,0.0,0.0,0.0,0.0,0.0,0.14285714285714285,0.3333333333333333,0.3333333333333333,0.25,0.0,0.2857142857142857,0.4,0.4,0.5,0.0,0.5714285714285714,0.4,0.4,1.0,0.0,0.3333333333333333
feature,google__gson-2345,google/gson,Java,dense_minilm,11,True,7,4,3,10,0.0,0.0,0.0,0.0,0.0,0.14285714285714285,0.3333333333333333,0.3333333333333333,0.25,0.0,0.14285714285714285,0.2,0.2,0.25,0.0,0.14285714285714285,0.1,0.1,0.25,0.0,0.5
feature,google__gson-2345,google/gson,Java,hybrid_rrf,11,True,7,4,3,10,0.0,0.0,0.0,0.0,0.0,0.14285714285714285,0.3333333333333333,0.3333333333333333,0.25,0.0,0.14285714285714285,0.2,0.2,0.25,0.0,0.2857142857142857,0.2,0.2,0.5,0.0,0.5
feature,google__gson-2345,google/gson,Java,minilm256_pool100,11,True,7,4,3,10,0.0,0.0,0.0,0.0,0.0,0.14285714285714285,0.3333333333333333,0.3333333333333333,0.25,0.0,0.14285714285714285,0.2,0.2,0.25,0.0,0.14285714285714285,0.1,0.1,0.25,0.0,0.5
feature,google__gson-2345,google/gson,Java,coderank256_pool100,11,True,7,4,3,10,0.14285714285714285,1.0,1.0,0.25,0.0,0.2857142857142857,0.6666666666666666,0.6666666666666666,0.25,0.3333333333333333,0.2857142857142857,0.4,0.4,0.25,0.3333333333333333,0.2857142857142857,0.2,0.2,0.25,0.3333333333333333,1.0
feature,google__gson-2345,google/gson,Java,coderank2048_pool100,11,True,7,4,3,10,0.14285714285714285,1.0,1.0,0.25,0.0,0.2857142857142857,0.6666666666666666,0.6666666666666666,0.25,0.3333333333333333,0.2857142857142857,0.4,0.4,0.25,0.3333333333333333,0.2857142857142857,0.2,0.2,0.25,0.3333333333333333,1.0
feature,google__gson-2345,google/gson,Java,qwen3-coder:30b/paths,11,True,7,4,3,10,0.14285714285714285,1.0,1.0,0.25,0.0,0.42857142857142855,1.0,1.0,0.5,0.3333333333333333,0.7142857142857143,1.0,1.0,0.75,0.6666666666666666,0.8571428571428571,0.6,0.6,1.0,0.6666666666666666,1.0
feature,google__gson-2345,google/gson,Java,qwen3-coder:30b/content,11,True,7,4,3,10,0.14285714285714285,1.0,1.0,0.25,0.0,0.42857142857142855,1.0,1.0,0.5,0.3333333333333333,0.5714285714285714,0.8,0.8,0.5,0.6666666666666666,0.8571428571428571,0.6,0.6,1.0,0.6666666666666666,1.0
feature,google__gson-2345,google/gson,Java,devstral-small-2:24b/paths,11,True,7,4,3,8,0.14285714285714285,1.0,1.0,0.25,0.0,0.42857142857142855,1.0,1.0,0.25,0.6666666666666666,0.7142857142857143,1.0,1.0,0.75,0.6666666666666666,0.8571428571428571,0.6,0.75,1.0,0.6666666666666666,1.0
feature,google__gson-2345,google/gson,Java,devstral-small-2:24b/content,11,True,7,4,3,5,0.14285714285714285,1.0,1.0,0.25,0.0,0.42857142857142855,1.0,1.0,0.5,0.3333333333333333,0.7142857142857143,1.0,1.0,0.75,0.6666666666666666,0.7142857142857143,0.5,1.0,0.75,0.6666666666666666,1.0
feature,google__gson-2345,google/gson,Java,navigation/restricted40,11,True,7,4,3,3,0.14285714285714285,1.0,1.0,0.25,0.0,0.42857142857142855,1.0,1.0,0.5,0.3333333333333333,0.42857142857142855,0.6,1.0,0.5,0.3333333333333333,0.42857142857142855,0.3,1.0,0.5,0.3333333333333333,1.0
feature,google__gson-2345,google/gson,Java,navigation/restricted40,29,True,7,4,3,3,0.14285714285714285,1.0,1.0,0.25,0.0,0.42857142857142855,1.0,1.0,0.5,0.3333333333333333,0.42857142857142855,0.6,1.0,0.5,0.3333333333333333,0.42857142857142855,0.3,1.0,0.5,0.3333333333333333,1.0
feature,google__gson-2345,google/gson,Java,navigation/restricted40,47,True,7,4,3,3,0.14285714285714285,1.0,1.0,0.25,0.0,0.42857142857142855,1.0,1.0,0.5,0.3333333333333333,0.42857142857142855,0.6,1.0,0.5,0.3333333333333333,0.42857142857142855,0.3,1.0,0.5,0.3333333333333333,1.0
feature,google__gson-2345,google/gson,Java,navigation/repository,11,True,7,4,3,3,0.14285714285714285,1.0,1.0,0.25,0.0,0.42857142857142855,1.0,1.0,0.5,0.3333333333333333,0.42857142857142855,0.6,1.0,0.5,0.3333333333333333,0.42857142857142855,0.3,1.0,0.5,0.3333333333333333,1.0
feature,google__gson-2345,google/gson,Java,navigation/repository,29,True,7,4,3,3,0.14285714285714285,1.0,1.0,0.25,0.0,0.42857142857142855,1.0,1.0,0.5,0.3333333333333333,0.42857142857142855,0.6,1.0,0.5,0.3333333333333333,0.42857142857142855,0.3,1.0,0.5,0.3333333333333333,1.0
feature,google__gson-2345,google/gson,Java,navigation/repository,47,True,7,4,3,3,0.14285714285714285,1.0,1.0,0.25,0.0,0.42857142857142855,1.0,1.0,0.5,0.3333333333333333,0.42857142857142855,0.6,1.0,0.5,0.3333333333333333,0.42857142857142855,0.3,1.0,0.5,0.3333333333333333,1.0
feature,google__gson-2479,google/gson,Java,path_bm25,11,True,4,2,2,10,0.0,0.0,0.0,0.0,0.0,0.0,0.0,0.0,0.0,0.0,0.0,0.0,0.0,0.0,0.0,0.0,0.0,0.0,0.0,0.0,0.0
feature,google__gson-2479,google/gson,Java,content_bm25,11,True,4,2,2,10,0.0,0.0,0.0,0.0,0.0,0.5,0.6666666666666666,0.6666666666666666,1.0,0.0,0.5,0.4,0.4,1.0,0.0,0.5,0.2,0.2,1.0,0.0,0.5
feature,google__gson-2479,google/gson,Java,dense_minilm,11,True,4,2,2,10,0.0,0.0,0.0,0.0,0.0,0.0,0.0,0.0,0.0,0.0,0.0,0.0,0.0,0.0,0.0,0.0,0.0,0.0,0.0,0.0,0.0
feature,google__gson-2479,google/gson,Java,hybrid_rrf,11,True,4,2,2,10,0.0,0.0,0.0,0.0,0.0,0.0,0.0,0.0,0.0,0.0,0.0,0.0,0.0,0.0,0.0,0.0,0.0,0.0,0.0,0.0,0.0
feature,google__gson-2479,google/gson,Java,minilm256_pool100,11,True,4,2,2,10,0.0,0.0,0.0,0.0,0.0,0.0,0.0,0.0,0.0,0.0,0.0,0.0,0.0,0.0,0.0,0.0,0.0,0.0,0.0,0.0,0.0
feature,google__gson-2479,google/gson,Java,coderank256_pool100,11,True,4,2,2,10,0.0,0.0,0.0,0.0,0.0,0.0,0.0,0.0,0.0,0.0,0.0,0.0,0.0,0.0,0.0,0.0,0.0,0.0,0.0,0.0,0.0
feature,google__gson-2479,google/gson,Java,coderank2048_pool100,11,True,4,2,2,10,0.0,0.0,0.0,0.0,0.0,0.0,0.0,0.0,0.0,0.0,0.0,0.0,0.0,0.0,0.0,0.0,0.0,0.0,0.0,0.0,0.0
feature,google__gson-2479,google/gson,Java,qwen3-coder:30b/paths,11,True,4,2,2,10,0.25,1.0,1.0,0.5,0.0,0.25,0.3333333333333333,0.3333333333333333,0.5,0.0,0.25,0.2,0.2,0.5,0.0,0.5,0.2,0.2,0.5,0.5,1.0
feature,google__gson-2479,google/gson,Java,qwen3-coder:30b/content,11,True,4,2,2,10,0.25,1.0,1.0,0.5,0.0,0.25,0.3333333333333333,0.3333333333333333,0.5,0.0,0.25,0.2,0.2,0.5,0.0,0.5,0.2,0.2,0.5,0.5,1.0
feature,google__gson-2479,google/gson,Java,devstral-small-2:24b/paths,11,True,4,2,2,10,0.25,1.0,1.0,0.5,0.0,0.25,0.3333333333333333,0.3333333333333333,0.5,0.0,0.5,0.4,0.4,1.0,0.0,0.75,0.3,0.3,1.0,0.5,1.0
feature,google__gson-2479,google/gson,Java,devstral-small-2:24b/content,11,True,4,2,2,10,0.25,1.0,1.0,0.5,0.0,0.25,0.3333333333333333,0.3333333333333333,0.5,0.0,0.5,0.4,0.4,0.5,0.5,0.5,0.2,0.2,0.5,0.5,1.0
feature,google__gson-2479,google/gson,Java,navigation/restricted40,11,True,4,2,2,10,0.25,1.0,1.0,0.5,0.0,0.5,0.6666666666666666,0.6666666666666666,0.5,0.5,0.5,0.4,0.4,0.5,0.5,0.75,0.3,0.3,1.0,0.5,1.0
feature,google__gson-2479,google/gson,Java,navigation/repository,11,True,4,2,2,10,0.25,1.0,1.0,0.0,0.5,0.25,0.3333333333333333,0.3333333333333333,0.0,0.5,0.25,0.2,0.2,0.0,0.5,0.25,0.1,0.1,0.0,0.5,1.0
feature,google__guava-3971,google/guava,Java,path_bm25,11,True,4,2,2,10,0.0,0.0,0.0,0.0,0.0,0.0,0.0,0.0,0.0,0.0,0.0,0.0,0.0,0.0,0.0,0.0,0.0,0.0,0.0,0.0,0.0
feature,google__guava-3971,google/guava,Java,content_bm25,11,True,4,2,2,10,0.0,0.0,0.0,0.0,0.0,0.0,0.0,0.0,0.0,0.0,0.0,0.0,0.0,0.0,0.0,0.0,0.0,0.0,0.0,0.0,0.0
feature,google__guava-3971,google/guava,Java,dense_minilm,11,True,4,2,2,10,0.0,0.0,0.0,0.0,0.0,0.0,0.0,0.0,0.0,0.0,0.0,0.0,0.0,0.0,0.0,0.0,0.0,0.0,0.0,0.0,0.0
feature,google__guava-3971,google/guava,Java,hybrid_rrf,11,True,4,2,2,10,0.0,0.0,0.0,0.0,0.0,0.0,0.0,0.0,0.0,0.0,0.25,0.2,0.2,0.0,0.5,0.5,0.2,0.2,0.0,1.0,0.2
feature,google__guava-3971,google/guava,Java,minilm256_pool100,11,True,4,2,2,10,0.0,0.0,0.0,0.0,0.0,0.0,0.0,0.0,0.0,0.0,0.0,0.0,0.0,0.0,0.0,0.0,0.0,0.0,0.0,0.0,0.0
feature,google__guava-3971,google/guava,Java,coderank256_pool100,11,True,4,2,2,10,0.25,1.0,1.0,0.0,0.5,0.5,0.6666666666666666,0.6666666666666666,0.0,1.0,0.75,0.6,0.6,0.5,1.0,1.0,0.4,0.4,1.0,1.0,1.0
feature,google__guava-3971,google/guava,Java,coderank2048_pool100,11,True,4,2,2,10,0.0,0.0,0.0,0.0,0.0,0.0,0.0,0.0,0.0,0.0,0.0,0.0,0.0,0.0,0.0,0.25,0.1,0.1,0.0,0.5,0.125
feature,google__guava-3971,google/guava,Java,qwen3-coder:30b/paths,11,True,4,2,2,10,0.25,1.0,1.0,0.5,0.0,0.5,0.6666666666666666,0.6666666666666666,0.5,0.5,0.75,0.6,0.6,1.0,0.5,1.0,0.4,0.4,1.0,1.0,1.0
feature,google__guava-3971,google/guava,Java,qwen3-coder:30b/content,11,True,4,2,2,10,0.25,1.0,1.0,0.5,0.0,0.75,1.0,1.0,0.5,1.0,0.75,0.6,0.6,0.5,1.0,1.0,0.4,0.4,1.0,1.0,1.0
feature,google__guava-3971,google/guava,Java,devstral-small-2:24b/paths,11,True,4,2,2,10,0.25,1.0,1.0,0.5,0.0,0.5,0.6666666666666666,0.6666666666666666,1.0,0.0,0.75,0.6,0.6,1.0,0.5,1.0,0.4,0.4,1.0,1.0,1.0
feature,google__guava-3971,google/guava,Java,devstral-small-2:24b/content,11,True,4,2,2,10,0.25,1.0,1.0,0.5,0.0,0.75,1.0,1.0,1.0,0.5,1.0,0.8,0.8,1.0,1.0,1.0,0.4,0.4,1.0,1.0,1.0
feature,google__guava-3971,google/guava,Java,navigation/restricted40,11,True,4,2,2,10,0.25,1.0,1.0,0.5,0.0,0.25,0.3333333333333333,0.3333333333333333,0.5,0.0,0.75,0.6,0.6,0.5,1.0,0.75,0.3,0.3,0.5,1.0,1.0
feature,google__guava-3971,google/guava,Java,navigation/restricted40,29,True,4,2,2,10,0.25,1.0,1.0,0.5,0.0,0.25,0.3333333333333333,0.3333333333333333,0.5,0.0,0.25,0.2,0.2,0.5,0.0,0.75,0.3,0.3,0.5,1.0,1.0
feature,google__guava-3971,google/guava,Java,navigation/restricted40,47,True,4,2,2,10,0.25,1.0,1.0,0.5,0.0,0.25,0.3333333333333333,0.3333333333333333,0.5,0.0,0.25,0.2,0.2,0.5,0.0,0.75,0.3,0.3,0.5,1.0,1.0
feature,google__guava-3971,google/guava,Java,navigation/repository,11,True,4,2,2,2,0.25,1.0,1.0,0.5,0.0,0.25,0.3333333333333333,0.5,0.5,0.0,0.25,0.2,0.5,0.5,0.0,0.25,0.1,0.5,0.5,0.0,1.0
feature,google__guava-3971,google/guava,Java,navigation/repository,29,False,4,2,2,0,0.0,0.0,0.0,0.0,0.0,0.0,0.0,0.0,0.0,0.0,0.0,0.0,0.0,0.0,0.0,0.0,0.0,0.0,0.0,0.0,0.0
feature,google__guava-3971,google/guava,Java,navigation/repository,47,False,4,2,2,0,0.0,0.0,0.0,0.0,0.0,0.0,0.0,0.0,0.0,0.0,0.0,0.0,0.0,0.0,0.0,0.0,0.0,0.0,0.0,0.0,0.0
feature,google__gson-2701,google/gson,Java,path_bm25,11,True,2,1,1,10,0.0,0.0,0.0,0.0,0.0,0.0,0.0,0.0,0.0,0.0,0.0,0.0,0.0,0.0,0.0,0.5,0.1,0.1,1.0,0.0,0.1
feature,google__gson-2701,google/gson,Java,content_bm25,11,True,2,1,1,10,0.0,0.0,0.0,0.0,0.0,0.0,0.0,0.0,0.0,0.0,0.0,0.0,0.0,0.0,0.0,0.5,0.1,0.1,1.0,0.0,0.14285714285714285
feature,google__gson-2701,google/gson,Java,dense_minilm,11,True,2,1,1,10,0.0,0.0,0.0,0.0,0.0,0.0,0.0,0.0,0.0,0.0,0.0,0.0,0.0,0.0,0.0,0.0,0.0,0.0,0.0,0.0,0.0
feature,google__gson-2701,google/gson,Java,hybrid_rrf,11,True,2,1,1,10,0.0,0.0,0.0,0.0,0.0,0.0,0.0,0.0,0.0,0.0,0.5,0.2,0.2,1.0,0.0,0.5,0.1,0.1,1.0,0.0,0.2
feature,google__gson-2701,google/gson,Java,minilm256_pool100,11,True,2,1,1,10,0.0,0.0,0.0,0.0,0.0,0.0,0.0,0.0,0.0,0.0,0.0,0.0,0.0,0.0,0.0,0.0,0.0,0.0,0.0,0.0,0.0
feature,google__gson-2701,google/gson,Java,coderank256_pool100,11,True,2,1,1,10,0.0,0.0,0.0,0.0,0.0,0.0,0.0,0.0,0.0,0.0,0.0,0.0,0.0,0.0,0.0,0.5,0.1,0.1,1.0,0.0,0.14285714285714285
feature,google__gson-2701,google/gson,Java,coderank2048_pool100,11,True,2,1,1,10,0.5,1.0,1.0,1.0,0.0,0.5,0.3333333333333333,0.3333333333333333,1.0,0.0,0.5,0.2,0.2,1.0,0.0,0.5,0.1,0.1,1.0,0.0,1.0
feature,google__gson-2701,google/gson,Java,qwen3-coder:30b/paths,11,True,2,1,1,10,0.5,1.0,1.0,1.0,0.0,0.5,0.3333333333333333,0.3333333333333333,1.0,0.0,0.5,0.2,0.2,1.0,0.0,0.5,0.1,0.1,1.0,0.0,1.0
feature,google__gson-2701,google/gson,Java,qwen3-coder:30b/content,11,True,2,1,1,10,0.5,1.0,1.0,1.0,0.0,0.5,0.3333333333333333,0.3333333333333333,1.0,0.0,0.5,0.2,0.2,1.0,0.0,0.5,0.1,0.1,1.0,0.0,1.0
feature,google__gson-2701,google/gson,Java,devstral-small-2:24b/paths,11,True,2,1,1,10,0.5,1.0,1.0,1.0,0.0,0.5,0.3333333333333333,0.3333333333333333,1.0,0.0,0.5,0.2,0.2,1.0,0.0,0.5,0.1,0.1,1.0,0.0,1.0
feature,google__gson-2701,google/gson,Java,devstral-small-2:24b/content,11,True,2,1,1,4,0.5,1.0,1.0,1.0,0.0,0.5,0.3333333333333333,0.3333333333333333,1.0,0.0,0.5,0.2,0.25,1.0,0.0,0.5,0.1,0.25,1.0,0.0,1.0
feature,google__gson-2701,google/gson,Java,navigation/restricted40,11,True,2,1,1,10,0.5,1.0,1.0,1.0,0.0,0.5,0.3333333333333333,0.3333333333333333,1.0,0.0,0.5,0.2,0.2,1.0,0.0,0.5,0.1,0.1,1.0,0.0,1.0
feature,google__gson-2701,google/gson,Java,navigation/restricted40,29,True,2,1,1,3,0.5,1.0,1.0,1.0,0.0,0.5,0.3333333333333333,0.3333333333333333,1.0,0.0,0.5,0.2,0.3333333333333333,1.0,0.0,0.5,0.1,0.3333333333333333,1.0,0.0,1.0
feature,google__gson-2701,google/gson,Java,navigation/restricted40,47,True,2,1,1,10,0.5,1.0,1.0,1.0,0.0,0.5,0.3333333333333333,0.3333333333333333,1.0,0.0,0.5,0.2,0.2,1.0,0.0,0.5,0.1,0.1,1.0,0.0,1.0
feature,google__gson-2701,google/gson,Java,navigation/repository,11,True,2,1,1,6,0.5,1.0,1.0,1.0,0.0,0.5,0.3333333333333333,0.3333333333333333,1.0,0.0,0.5,0.2,0.2,1.0,0.0,1.0,0.2,0.3333333333333333,1.0,1.0,1.0
feature,google__gson-2701,google/gson,Java,navigation/repository,29,True,2,1,1,6,0.5,1.0,1.0,1.0,0.0,0.5,0.3333333333333333,0.3333333333333333,1.0,0.0,0.5,0.2,0.2,1.0,0.0,1.0,0.2,0.3333333333333333,1.0,1.0,1.0
feature,google__gson-2701,google/gson,Java,navigation/repository,47,True,2,1,1,6,0.5,1.0,1.0,1.0,0.0,0.5,0.3333333333333333,0.3333333333333333,1.0,0.0,0.5,0.2,0.2,1.0,0.0,1.0,0.2,0.3333333333333333,1.0,1.0,1.0
feature,apache__rocketmq-7455,apache/rocketmq,Java,path_bm25,11,True,3,2,1,10,0.0,0.0,0.0,0.0,0.0,0.0,0.0,0.0,0.0,0.0,0.0,0.0,0.0,0.0,0.0,0.0,0.0,0.0,0.0,0.0,0.0
feature,apache__rocketmq-7455,apache/rocketmq,Java,content_bm25,11,True,3,2,1,10,0.0,0.0,0.0,0.0,0.0,0.0,0.0,0.0,0.0,0.0,0.0,0.0,0.0,0.0,0.0,0.0,0.0,0.0,0.0,0.0,0.0
feature,apache__rocketmq-7455,apache/rocketmq,Java,dense_minilm,11,True,3,2,1,10,0.0,0.0,0.0,0.0,0.0,0.0,0.0,0.0,0.0,0.0,0.0,0.0,0.0,0.0,0.0,0.0,0.0,0.0,0.0,0.0,0.0
feature,apache__rocketmq-7455,apache/rocketmq,Java,hybrid_rrf,11,True,3,2,1,10,0.0,0.0,0.0,0.0,0.0,0.0,0.0,0.0,0.0,0.0,0.0,0.0,0.0,0.0,0.0,0.0,0.0,0.0,0.0,0.0,0.0
feature,apache__rocketmq-7455,apache/rocketmq,Java,minilm256_pool100,11,True,3,2,1,10,0.0,0.0,0.0,0.0,0.0,0.0,0.0,0.0,0.0,0.0,0.0,0.0,0.0,0.0,0.0,0.0,0.0,0.0,0.0,0.0,0.0
feature,apache__rocketmq-7455,apache/rocketmq,Java,coderank256_pool100,11,True,3,2,1,10,0.0,0.0,0.0,0.0,0.0,0.0,0.0,0.0,0.0,0.0,0.0,0.0,0.0,0.0,0.0,0.0,0.0,0.0,0.0,0.0,0.0
feature,apache__rocketmq-7455,apache/rocketmq,Java,coderank2048_pool100,11,True,3,2,1,10,0.0,0.0,0.0,0.0,0.0,0.0,0.0,0.0,0.0,0.0,0.0,0.0,0.0,0.0,0.0,0.0,0.0,0.0,0.0,0.0,0.0
feature,apache__rocketmq-7455,apache/rocketmq,Java,qwen3-coder:30b/paths,11,True,3,2,1,10,0.0,0.0,0.0,0.0,0.0,0.3333333333333333,0.3333333333333333,0.3333333333333333,0.5,0.0,0.3333333333333333,0.2,0.2,0.5,0.0,0.3333333333333333,0.1,0.1,0.5,0.0,0.3333333333333333
feature,apache__rocketmq-7455,apache/rocketmq,Java,qwen3-coder:30b/content,11,True,3,2,1,10,0.3333333333333333,1.0,1.0,0.5,0.0,0.3333333333333333,0.3333333333333333,0.3333333333333333,0.5,0.0,0.3333333333333333,0.2,0.2,0.5,0.0,0.3333333333333333,0.1,0.1,0.5,0.0,1.0
feature,apache__rocketmq-7455,apache/rocketmq,Java,devstral-small-2:24b/paths,11,True,3,2,1,3,0.0,0.0,0.0,0.0,0.0,0.3333333333333333,0.3333333333333333,0.3333333333333333,0.5,0.0,0.3333333333333333,0.2,0.3333333333333333,0.5,0.0,0.3333333333333333,0.1,0.3333333333333333,0.5,0.0,0.3333333333333333
feature,apache__rocketmq-7455,apache/rocketmq,Java,devstral-small-2:24b/content,11,True,3,2,1,3,0.0,0.0,0.0,0.0,0.0,0.3333333333333333,0.3333333333333333,0.3333333333333333,0.5,0.0,0.3333333333333333,0.2,0.3333333333333333,0.5,0.0,0.3333333333333333,0.1,0.3333333333333333,0.5,0.0,0.5
feature,apache__rocketmq-7455,apache/rocketmq,Java,navigation/restricted40,11,True,3,2,1,3,0.3333333333333333,1.0,1.0,0.5,0.0,0.3333333333333333,0.3333333333333333,0.3333333333333333,0.5,0.0,0.3333333333333333,0.2,0.3333333333333333,0.5,0.0,0.3333333333333333,0.1,0.3333333333333333,0.5,0.0,1.0
feature,apache__rocketmq-7455,apache/rocketmq,Java,navigation/repository,11,True,3,2,1,10,0.3333333333333333,1.0,1.0,0.5,0.0,0.3333333333333333,0.3333333333333333,0.3333333333333333,0.5,0.0,0.3333333333333333,0.2,0.2,0.5,0.0,0.3333333333333333,0.1,0.1,0.5,0.0,1.0
feature,apolloconfig__apollo-4464,apolloconfig/apollo,Java,path_bm25,11,True,16,15,1,10,0.0,0.0,0.0,0.0,0.0,0.0,0.0,0.0,0.0,0.0,0.0,0.0,0.0,0.0,0.0,0.0,0.0,0.0,0.0,0.0,0.0
feature,apolloconfig__apollo-4464,apolloconfig/apollo,Java,content_bm25,11,True,16,15,1,10,0.0,0.0,0.0,0.0,0.0,0.0,0.0,0.0,0.0,0.0,0.0,0.0,0.0,0.0,0.0,0.0625,0.1,0.1,0.06666666666666667,0.0,0.1111111111111111
feature,apolloconfig__apollo-4464,apolloconfig/apollo,Java,dense_minilm,11,True,16,15,1,10,0.0,0.0,0.0,0.0,0.0,0.0625,0.3333333333333333,0.3333333333333333,0.06666666666666667,0.0,0.125,0.4,0.4,0.13333333333333333,0.0,0.125,0.2,0.2,0.13333333333333333,0.0,0.3333333333333333
feature,apolloconfig__apollo-4464,apolloconfig/apollo,Java,hybrid_rrf,11,True,16,15,1,10,0.0625,1.0,1.0,0.06666666666666667,0.0,0.0625,0.3333333333333333,0.3333333333333333,0.06666666666666667,0.0,0.0625,0.2,0.2,0.06666666666666667,0.0,0.0625,0.1,0.1,0.06666666666666667,0.0,1.0
feature,apolloconfig__apollo-4464,apolloconfig/apollo,Java,minilm256_pool100,11,True,16,15,1,10,0.0,0.0,0.0,0.0,0.0,0.0625,0.3333333333333333,0.3333333333333333,0.06666666666666667,0.0,0.125,0.4,0.4,0.13333333333333333,0.0,0.125,0.2,0.2,0.13333333333333333,0.0,0.3333333333333333
feature,apolloconfig__apollo-4464,apolloconfig/apollo,Java,coderank256_pool100,11,True,16,15,1,10,0.0625,1.0,1.0,0.06666666666666667,0.0,0.125,0.6666666666666666,0.6666666666666666,0.13333333333333333,0.0,0.125,0.4,0.4,0.13333333333333333,0.0,0.25,0.4,0.4,0.26666666666666666,0.0,1.0
feature,apolloconfig__apollo-4464,apolloconfig/apollo,Java,coderank2048_pool100,11,True,16,15,1,10,0.0625,1.0,1.0,0.06666666666666667,0.0,0.1875,1.0,1.0,0.2,0.0,0.1875,0.6,0.6,0.2,0.0,0.1875,0.3,0.3,0.2,0.0,1.0
feature,apolloconfig__apollo-4464,apolloconfig/apollo,Java,qwen3-coder:30b/paths,11,True,16,15,1,10,0.0625,1.0,1.0,0.06666666666666667,0.0,0.125,0.6666666666666666,0.6666666666666666,0.13333333333333333,0.0,0.1875,0.6,0.6,0.2,0.0,0.1875,0.3,0.3,0.2,0.0,1.0
feature,apolloconfig__apollo-4464,apolloconfig/apollo,Java,qwen3-coder:30b/content,11,True,16,15,1,10,0.0625,1.0,1.0,0.06666666666666667,0.0,0.1875,1.0,1.0,0.2,0.0,0.1875,0.6,0.6,0.2,0.0,0.1875,0.3,0.3,0.2,0.0,1.0
feature,apolloconfig__apollo-4464,apolloconfig/apollo,Java,devstral-small-2:24b/paths,11,True,16,15,1,10,0.0625,1.0,1.0,0.06666666666666667,0.0,0.125,0.6666666666666666,0.6666666666666666,0.13333333333333333,0.0,0.1875,0.6,0.6,0.2,0.0,0.25,0.4,0.4,0.26666666666666666,0.0,1.0
feature,apolloconfig__apollo-4464,apolloconfig/apollo,Java,devstral-small-2:24b/content,11,True,16,15,1,5,0.0625,1.0,1.0,0.06666666666666667,0.0,0.1875,1.0,1.0,0.2,0.0,0.1875,0.6,0.6,0.2,0.0,0.1875,0.3,0.6,0.2,0.0,1.0
feature,apolloconfig__apollo-4464,apolloconfig/apollo,Java,navigation/restricted40,11,True,16,15,1,4,0.0,0.0,0.0,0.0,0.0,0.0,0.0,0.0,0.0,0.0,0.0,0.0,0.0,0.0,0.0,0.0,0.0,0.0,0.0,0.0,0.0
feature,apolloconfig__apollo-4464,apolloconfig/apollo,Java,navigation/restricted40,29,True,16,15,1,4,0.0,0.0,0.0,0.0,0.0,0.0,0.0,0.0,0.0,0.0,0.0,0.0,0.0,0.0,0.0,0.0,0.0,0.0,0.0,0.0,0.0
feature,apolloconfig__apollo-4464,apolloconfig/apollo,Java,navigation/restricted40,47,True,16,15,1,4,0.0,0.0,0.0,0.0,0.0,0.0,0.0,0.0,0.0,0.0,0.0,0.0,0.0,0.0,0.0,0.0,0.0,0.0,0.0,0.0,0.0
feature,apolloconfig__apollo-4464,apolloconfig/apollo,Java,navigation/repository,11,True,16,15,1,10,0.0,0.0,0.0,0.0,0.0,0.0,0.0,0.0,0.0,0.0,0.0,0.0,0.0,0.0,0.0,0.0,0.0,0.0,0.0,0.0,0.0
feature,apolloconfig__apollo-4464,apolloconfig/apollo,Java,navigation/repository,29,True,16,15,1,10,0.0,0.0,0.0,0.0,0.0,0.0,0.0,0.0,0.0,0.0,0.0,0.0,0.0,0.0,0.0,0.0,0.0,0.0,0.0,0.0,0.0
feature,apolloconfig__apollo-4464,apolloconfig/apollo,Java,navigation/repository,47,True,16,15,1,10,0.0,0.0,0.0,0.0,0.0,0.0,0.0,0.0,0.0,0.0,0.0,0.0,0.0,0.0,0.0,0.0,0.0,0.0,0.0,0.0,0.0
feature,apache__rocketmq-7655,apache/rocketmq,Java,path_bm25,11,True,2,1,1,10,0.0,0.0,0.0,0.0,0.0,0.0,0.0,0.0,0.0,0.0,0.0,0.0,0.0,0.0,0.0,0.0,0.0,0.0,0.0,0.0,0.0
feature,apache__rocketmq-7655,apache/rocketmq,Java,content_bm25,11,True,2,1,1,10,0.0,0.0,0.0,0.0,0.0,0.0,0.0,0.0,0.0,0.0,0.0,0.0,0.0,0.0,0.0,0.0,0.0,0.0,0.0,0.0,0.0
feature,apache__rocketmq-7655,apache/rocketmq,Java,dense_minilm,11,True,2,1,1,10,0.0,0.0,0.0,0.0,0.0,0.0,0.0,0.0,0.0,0.0,0.0,0.0,0.0,0.0,0.0,0.0,0.0,0.0,0.0,0.0,0.0
feature,apache__rocketmq-7655,apache/rocketmq,Java,hybrid_rrf,11,True,2,1,1,10,0.0,0.0,0.0,0.0,0.0,0.0,0.0,0.0,0.0,0.0,0.0,0.0,0.0,0.0,0.0,0.0,0.0,0.0,0.0,0.0,0.0
feature,apache__rocketmq-7655,apache/rocketmq,Java,minilm256_pool100,11,True,2,1,1,10,0.0,0.0,0.0,0.0,0.0,0.0,0.0,0.0,0.0,0.0,0.0,0.0,0.0,0.0,0.0,0.0,0.0,0.0,0.0,0.0,0.0
feature,apache__rocketmq-7655,apache/rocketmq,Java,coderank256_pool100,11,True,2,1,1,10,0.0,0.0,0.0,0.0,0.0,0.0,0.0,0.0,0.0,0.0,0.0,0.0,0.0,0.0,0.0,0.0,0.0,0.0,0.0,0.0,0.0
feature,apache__rocketmq-7655,apache/rocketmq,Java,coderank2048_pool100,11,True,2,1,1,10,0.0,0.0,0.0,0.0,0.0,0.0,0.0,0.0,0.0,0.0,0.0,0.0,0.0,0.0,0.0,0.0,0.0,0.0,0.0,0.0,0.0
feature,apache__rocketmq-7655,apache/rocketmq,Java,qwen3-coder:30b/paths,11,True,2,1,1,10,0.0,0.0,0.0,0.0,0.0,0.0,0.0,0.0,0.0,0.0,0.0,0.0,0.0,0.0,0.0,0.0,0.0,0.0,0.0,0.0,0.0
feature,apache__rocketmq-7655,apache/rocketmq,Java,qwen3-coder:30b/content,11,True,2,1,1,10,0.0,0.0,0.0,0.0,0.0,0.0,0.0,0.0,0.0,0.0,0.0,0.0,0.0,0.0,0.0,0.0,0.0,0.0,0.0,0.0,0.0
feature,apache__rocketmq-7655,apache/rocketmq,Java,devstral-small-2:24b/paths,11,True,2,1,1,10,0.0,0.0,0.0,0.0,0.0,0.0,0.0,0.0,0.0,0.0,0.0,0.0,0.0,0.0,0.0,0.0,0.0,0.0,0.0,0.0,0.0
feature,apache__rocketmq-7655,apache/rocketmq,Java,devstral-small-2:24b/content,11,True,2,1,1,2,0.0,0.0,0.0,0.0,0.0,0.0,0.0,0.0,0.0,0.0,0.0,0.0,0.0,0.0,0.0,0.0,0.0,0.0,0.0,0.0,0.0
feature,apache__rocketmq-7655,apache/rocketmq,Java,navigation/restricted40,11,True,2,1,1,0,0.0,0.0,0.0,0.0,0.0,0.0,0.0,0.0,0.0,0.0,0.0,0.0,0.0,0.0,0.0,0.0,0.0,0.0,0.0,0.0,0.0
feature,apache__rocketmq-7655,apache/rocketmq,Java,navigation/repository,11,False,2,1,1,0,0.0,0.0,0.0,0.0,0.0,0.0,0.0,0.0,0.0,0.0,0.0,0.0,0.0,0.0,0.0,0.0,0.0,0.0,0.0,0.0,0.0
feature,google__gson-2130,google/gson,Java,path_bm25,11,True,2,1,1,10,0.5,1.0,1.0,1.0,0.0,1.0,0.6666666666666666,0.6666666666666666,1.0,1.0,1.0,0.4,0.4,1.0,1.0,1.0,0.2,0.2,1.0,1.0,1.0
feature,google__gson-2130,google/gson,Java,content_bm25,11,True,2,1,1,10,0.0,0.0,0.0,0.0,0.0,0.0,0.0,0.0,0.0,0.0,0.0,0.0,0.0,0.0,0.0,0.5,0.1,0.1,1.0,0.0,0.16666666666666666
feature,google__gson-2130,google/gson,Java,dense_minilm,11,True,2,1,1,10,0.0,0.0,0.0,0.0,0.0,0.5,0.3333333333333333,0.3333333333333333,1.0,0.0,1.0,0.4,0.4,1.0,1.0,1.0,0.2,0.2,1.0,1.0,0.3333333333333333
feature,google__gson-2130,google/gson,Java,hybrid_rrf,11,True,2,1,1,10,0.5,1.0,1.0,1.0,0.0,0.5,0.3333333333333333,0.3333333333333333,1.0,0.0,0.5,0.2,0.2,1.0,0.0,0.5,0.1,0.1,1.0,0.0,1.0
feature,google__gson-2130,google/gson,Java,minilm256_pool100,11,True,2,1,1,10,0.0,0.0,0.0,0.0,0.0,0.5,0.3333333333333333,0.3333333333333333,1.0,0.0,1.0,0.4,0.4,1.0,1.0,1.0,0.2,0.2,1.0,1.0,0.3333333333333333
feature,google__gson-2130,google/gson,Java,coderank256_pool100,11,True,2,1,1,10,0.5,1.0,1.0,0.0,1.0,1.0,0.6666666666666666,0.6666666666666666,1.0,1.0,1.0,0.4,0.4,1.0,1.0,1.0,0.2,0.2,1.0,1.0,1.0
feature,google__gson-2130,google/gson,Java,coderank2048_pool100,11,True,2,1,1,10,0.5,1.0,1.0,0.0,1.0,0.5,0.3333333333333333,0.3333333333333333,0.0,1.0,0.5,0.2,0.2,0.0,1.0,1.0,0.2,0.2,1.0,1.0,1.0
feature,google__gson-2130,google/gson,Java,qwen3-coder:30b/paths,11,True,2,1,1,2,0.5,1.0,1.0,1.0,0.0,1.0,0.6666666666666666,1.0,1.0,1.0,1.0,0.4,1.0,1.0,1.0,1.0,0.2,1.0,1.0,1.0,1.0
feature,google__gson-2130,google/gson,Java,qwen3-coder:30b/content,11,True,2,1,1,10,0.5,1.0,1.0,1.0,0.0,1.0,0.6666666666666666,0.6666666666666666,1.0,1.0,1.0,0.4,0.4,1.0,1.0,1.0,0.2,0.2,1.0,1.0,1.0
feature,google__gson-2130,google/gson,Java,devstral-small-2:24b/paths,11,True,2,1,1,2,0.5,1.0,1.0,1.0,0.0,1.0,0.6666666666666666,1.0,1.0,1.0,1.0,0.4,1.0,1.0,1.0,1.0,0.2,1.0,1.0,1.0,1.0
feature,google__gson-2130,google/gson,Java,devstral-small-2:24b/content,11,True,2,1,1,10,0.5,1.0,1.0,1.0,0.0,1.0,0.6666666666666666,0.6666666666666666,1.0,1.0,1.0,0.4,0.4,1.0,1.0,1.0,0.2,0.2,1.0,1.0,1.0
feature,google__gson-2130,google/gson,Java,navigation/restricted40,11,False,2,1,1,0,0.0,0.0,0.0,0.0,0.0,0.0,0.0,0.0,0.0,0.0,0.0,0.0,0.0,0.0,0.0,0.0,0.0,0.0,0.0,0.0,0.0
feature,google__gson-2130,google/gson,Java,navigation/repository,11,False,2,1,1,0,0.0,0.0,0.0,0.0,0.0,0.0,0.0,0.0,0.0,0.0,0.0,0.0,0.0,0.0,0.0,0.0,0.0,0.0,0.0,0.0,0.0
feature,google__gson-2420,google/gson,Java,path_bm25,11,True,12,9,3,10,0.0,0.0,0.0,0.0,0.0,0.08333333333333333,0.3333333333333333,0.3333333333333333,0.1111111111111111,0.0,0.08333333333333333,0.2,0.2,0.1111111111111111,0.0,0.25,0.3,0.3,0.3333333333333333,0.0,0.5
feature,google__gson-2420,google/gson,Java,content_bm25,11,True,12,9,3,10,0.08333333333333333,1.0,1.0,0.1111111111111111,0.0,0.16666666666666666,0.6666666666666666,0.6666666666666666,0.2222222222222222,0.0,0.16666666666666666,0.4,0.4,0.2222222222222222,0.0,0.3333333333333333,0.4,0.4,0.4444444444444444,0.0,1.0
feature,google__gson-2420,google/gson,Java,dense_minilm,11,True,12,9,3,10,0.0,0.0,0.0,0.0,0.0,0.16666666666666666,0.6666666666666666,0.6666666666666666,0.2222222222222222,0.0,0.3333333333333333,0.8,0.8,0.4444444444444444,0.0,0.5,0.6,0.6,0.6666666666666666,0.0,0.5
feature,google__gson-2420,google/gson,Java,hybrid_rrf,11,True,12,9,3,10,0.08333333333333333,1.0,1.0,0.1111111111111111,0.0,0.25,1.0,1.0,0.3333333333333333,0.0,0.3333333333333333,0.8,0.8,0.4444444444444444,0.0,0.4166666666666667,0.5,0.5,0.5555555555555556,0.0,1.0
feature,google__gson-2420,google/gson,Java,minilm256_pool100,11,True,12,9,3,10,0.0,0.0,0.0,0.0,0.0,0.16666666666666666,0.6666666666666666,0.6666666666666666,0.2222222222222222,0.0,0.3333333333333333,0.8,0.8,0.4444444444444444,0.0,0.5,0.6,0.6,0.6666666666666666,0.0,0.5
feature,google__gson-2420,google/gson,Java,coderank256_pool100,11,True,12,9,3,10,0.08333333333333333,1.0,1.0,0.1111111111111111,0.0,0.25,1.0,1.0,0.3333333333333333,0.0,0.3333333333333333,0.8,0.8,0.4444444444444444,0.0,0.5,0.6,0.6,0.6666666666666666,0.0,1.0
feature,google__gson-2420,google/gson,Java,coderank2048_pool100,11,True,12,9,3,10,0.08333333333333333,1.0,1.0,0.1111111111111111,0.0,0.25,1.0,1.0,0.3333333333333333,0.0,0.3333333333333333,0.8,0.8,0.4444444444444444,0.0,0.4166666666666667,0.5,0.5,0.5555555555555556,0.0,1.0
feature,google__gson-2420,google/gson,Java,qwen3-coder:30b/paths,11,True,12,9,3,10,0.08333333333333333,1.0,1.0,0.1111111111111111,0.0,0.16666666666666666,0.6666666666666666,0.6666666666666666,0.2222222222222222,0.0,0.25,0.6,0.6,0.3333333333333333,0.0,0.4166666666666667,0.5,0.5,0.4444444444444444,0.3333333333333333,1.0
feature,google__gson-2420,google/gson,Java,qwen3-coder:30b/content,11,True,12,9,3,10,0.08333333333333333,1.0,1.0,0.1111111111111111,0.0,0.25,1.0,1.0,0.3333333333333333,0.0,0.4166666666666667,1.0,1.0,0.4444444444444444,0.3333333333333333,0.4166666666666667,0.5,0.5,0.4444444444444444,0.3333333333333333,1.0
feature,google__gson-2420,google/gson,Java,devstral-small-2:24b/paths,11,True,12,9,3,10,0.08333333333333333,1.0,1.0,0.1111111111111111,0.0,0.25,1.0,1.0,0.3333333333333333,0.0,0.3333333333333333,0.8,0.8,0.3333333333333333,0.3333333333333333,0.4166666666666667,0.5,0.5,0.4444444444444444,0.3333333333333333,1.0
feature,google__gson-2420,google/gson,Java,devstral-small-2:24b/content,11,True,12,9,3,10,0.08333333333333333,1.0,1.0,0.1111111111111111,0.0,0.25,1.0,1.0,0.3333333333333333,0.0,0.4166666666666667,1.0,1.0,0.4444444444444444,0.3333333333333333,0.5,0.6,0.6,0.5555555555555556,0.3333333333333333,1.0
feature,google__gson-2420,google/gson,Java,navigation/restricted40,11,True,12,9,3,10,0.08333333333333333,1.0,1.0,0.1111111111111111,0.0,0.25,1.0,1.0,0.3333333333333333,0.0,0.4166666666666667,1.0,1.0,0.5555555555555556,0.0,0.5,0.6,0.6,0.6666666666666666,0.0,1.0
feature,google__gson-2420,google/gson,Java,navigation/repository,11,True,12,9,3,10,0.08333333333333333,1.0,1.0,0.1111111111111111,0.0,0.25,1.0,1.0,0.3333333333333333,0.0,0.4166666666666667,1.0,1.0,0.5555555555555556,0.0,0.6666666666666666,0.8,0.8,0.7777777777777778,0.3333333333333333,1.0
feature,apache__dubbo-10846,apache/dubbo,Java,path_bm25,11,True,4,1,3,10,0.0,0.0,0.0,0.0,0.0,0.0,0.0,0.0,0.0,0.0,0.25,0.2,0.2,1.0,0.0,0.25,0.1,0.1,1.0,0.0,0.25
feature,apache__dubbo-10846,apache/dubbo,Java,content_bm25,11,True,4,1,3,10,0.0,0.0,0.0,0.0,0.0,0.0,0.0,0.0,0.0,0.0,0.0,0.0,0.0,0.0,0.0,0.0,0.0,0.0,0.0,0.0,0.0
feature,apache__dubbo-10846,apache/dubbo,Java,dense_minilm,11,True,4,1,3,10,0.0,0.0,0.0,0.0,0.0,0.0,0.0,0.0,0.0,0.0,0.0,0.0,0.0,0.0,0.0,0.0,0.0,0.0,0.0,0.0,0.0
feature,apache__dubbo-10846,apache/dubbo,Java,hybrid_rrf,11,True,4,1,3,10,0.0,0.0,0.0,0.0,0.0,0.0,0.0,0.0,0.0,0.0,0.0,0.0,0.0,0.0,0.0,0.0,0.0,0.0,0.0,0.0,0.0
feature,apache__dubbo-10846,apache/dubbo,Java,minilm256_pool100,11,True,4,1,3,10,0.0,0.0,0.0,0.0,0.0,0.0,0.0,0.0,0.0,0.0,0.0,0.0,0.0,0.0,0.0,0.0,0.0,0.0,0.0,0.0,0.0
feature,apache__dubbo-10846,apache/dubbo,Java,coderank256_pool100,11,True,4,1,3,10,0.0,0.0,0.0,0.0,0.0,0.25,0.3333333333333333,0.3333333333333333,1.0,0.0,0.25,0.2,0.2,1.0,0.0,0.25,0.1,0.1,1.0,0.0,0.5
feature,apache__dubbo-10846,apache/dubbo,Java,coderank2048_pool100,11,True,4,1,3,10,0.0,0.0,0.0,0.0,0.0,0.0,0.0,0.0,0.0,0.0,0.0,0.0,0.0,0.0,0.0,0.0,0.0,0.0,0.0,0.0,0.0
feature,apache__dubbo-10846,apache/dubbo,Java,qwen3-coder:30b/paths,11,True,4,1,3,10,0.25,1.0,1.0,1.0,0.0,0.25,0.3333333333333333,0.3333333333333333,1.0,0.0,0.25,0.2,0.2,1.0,0.0,0.25,0.1,0.1,1.0,0.0,1.0
feature,apache__dubbo-10846,apache/dubbo,Java,qwen3-coder:30b/content,11,True,4,1,3,10,0.25,1.0,1.0,1.0,0.0,0.25,0.3333333333333333,0.3333333333333333,1.0,0.0,0.25,0.2,0.2,1.0,0.0,0.25,0.1,0.1,1.0,0.0,1.0
feature,apache__dubbo-10846,apache/dubbo,Java,devstral-small-2:24b/paths,11,True,4,1,3,3,0.0,0.0,0.0,0.0,0.0,0.25,0.3333333333333333,0.3333333333333333,1.0,0.0,0.25,0.2,0.3333333333333333,1.0,0.0,0.25,0.1,0.3333333333333333,1.0,0.0,0.5
feature,apache__dubbo-10846,apache/dubbo,Java,devstral-small-2:24b/content,11,True,4,1,3,10,0.25,1.0,1.0,1.0,0.0,0.25,0.3333333333333333,0.3333333333333333,1.0,0.0,0.25,0.2,0.2,1.0,0.0,0.25,0.1,0.1,1.0,0.0,1.0
feature,apache__dubbo-10846,apache/dubbo,Java,navigation/restricted40,11,True,4,1,3,10,0.25,1.0,1.0,1.0,0.0,0.25,0.3333333333333333,0.3333333333333333,1.0,0.0,0.25,0.2,0.2,1.0,0.0,0.25,0.1,0.1,1.0,0.0,1.0
feature,apache__dubbo-10846,apache/dubbo,Java,navigation/repository,11,True,4,1,3,10,0.25,1.0,1.0,1.0,0.0,0.5,0.6666666666666666,0.6666666666666666,1.0,0.3333333333333333,0.75,0.6,0.6,1.0,0.6666666666666666,0.75,0.3,0.3,1.0,0.6666666666666666,1.0
feature,apache__rocketmq-6755,apache/rocketmq,Java,path_bm25,11,True,13,9,4,10,0.0,0.0,0.0,0.0,0.0,0.0,0.0,0.0,0.0,0.0,0.0,0.0,0.0,0.0,0.0,0.0,0.0,0.0,0.0,0.0,0.0
feature,apache__rocketmq-6755,apache/rocketmq,Java,content_bm25,11,True,13,9,4,10,0.0,0.0,0.0,0.0,0.0,0.0,0.0,0.0,0.0,0.0,0.0,0.0,0.0,0.0,0.0,0.0,0.0,0.0,0.0,0.0,0.0
feature,apache__rocketmq-6755,apache/rocketmq,Java,dense_minilm,11,True,13,9,4,10,0.0,0.0,0.0,0.0,0.0,0.0,0.0,0.0,0.0,0.0,0.0,0.0,0.0,0.0,0.0,0.0,0.0,0.0,0.0,0.0,0.0
feature,apache__rocketmq-6755,apache/rocketmq,Java,hybrid_rrf,11,True,13,9,4,10,0.0,0.0,0.0,0.0,0.0,0.0,0.0,0.0,0.0,0.0,0.0,0.0,0.0,0.0,0.0,0.0,0.0,0.0,0.0,0.0,0.0
feature,apache__rocketmq-6755,apache/rocketmq,Java,minilm256_pool100,11,True,13,9,4,10,0.0,0.0,0.0,0.0,0.0,0.0,0.0,0.0,0.0,0.0,0.0,0.0,0.0,0.0,0.0,0.0,0.0,0.0,0.0,0.0,0.0
feature,apache__rocketmq-6755,apache/rocketmq,Java,coderank256_pool100,11,True,13,9,4,10,0.0,0.0,0.0,0.0,0.0,0.0,0.0,0.0,0.0,0.0,0.0,0.0,0.0,0.0,0.0,0.0,0.0,0.0,0.0,0.0,0.0
feature,apache__rocketmq-6755,apache/rocketmq,Java,coderank2048_pool100,11,True,13,9,4,10,0.0,0.0,0.0,0.0,0.0,0.0,0.0,0.0,0.0,0.0,0.0,0.0,0.0,0.0,0.0,0.0,0.0,0.0,0.0,0.0,0.0
feature,apache__rocketmq-6755,apache/rocketmq,Java,qwen3-coder:30b/paths,11,True,13,9,4,10,0.0,0.0,0.0,0.0,0.0,0.0,0.0,0.0,0.0,0.0,0.0,0.0,0.0,0.0,0.0,0.0,0.0,0.0,0.0,0.0,0.0
feature,apache__rocketmq-6755,apache/rocketmq,Java,qwen3-coder:30b/content,11,True,13,9,4,10,0.0,0.0,0.0,0.0,0.0,0.0,0.0,0.0,0.0,0.0,0.0,0.0,0.0,0.0,0.0,0.0,0.0,0.0,0.0,0.0,0.0
feature,apache__rocketmq-6755,apache/rocketmq,Java,devstral-small-2:24b/paths,11,True,13,9,4,10,0.0,0.0,0.0,0.0,0.0,0.0,0.0,0.0,0.0,0.0,0.0,0.0,0.0,0.0,0.0,0.0,0.0,0.0,0.0,0.0,0.0
feature,apache__rocketmq-6755,apache/rocketmq,Java,devstral-small-2:24b/content,11,True,13,9,4,10,0.0,0.0,0.0,0.0,0.0,0.0,0.0,0.0,0.0,0.0,0.0,0.0,0.0,0.0,0.0,0.0,0.0,0.0,0.0,0.0,0.0
feature,apache__rocketmq-6755,apache/rocketmq,Java,navigation/restricted40,11,True,13,9,4,9,0.0,0.0,0.0,0.0,0.0,0.0,0.0,0.0,0.0,0.0,0.0,0.0,0.0,0.0,0.0,0.0,0.0,0.0,0.0,0.0,0.0
feature,apache__rocketmq-6755,apache/rocketmq,Java,navigation/repository,11,True,13,9,4,10,0.0,0.0,0.0,0.0,0.0,0.0,0.0,0.0,0.0,0.0,0.0,0.0,0.0,0.0,0.0,0.0,0.0,0.0,0.0,0.0,0.0
feature,apache__rocketmq-7964,apache/rocketmq,Java,path_bm25,11,True,2,1,1,10,0.0,0.0,0.0,0.0,0.0,0.0,0.0,0.0,0.0,0.0,0.0,0.0,0.0,0.0,0.0,0.0,0.0,0.0,0.0,0.0,0.0
feature,apache__rocketmq-7964,apache/rocketmq,Java,content_bm25,11,True,2,1,1,10,0.0,0.0,0.0,0.0,0.0,0.0,0.0,0.0,0.0,0.0,0.0,0.0,0.0,0.0,0.0,0.0,0.0,0.0,0.0,0.0,0.0
feature,apache__rocketmq-7964,apache/rocketmq,Java,dense_minilm,11,True,2,1,1,10,0.0,0.0,0.0,0.0,0.0,0.0,0.0,0.0,0.0,0.0,0.0,0.0,0.0,0.0,0.0,0.0,0.0,0.0,0.0,0.0,0.0
feature,apache__rocketmq-7964,apache/rocketmq,Java,hybrid_rrf,11,True,2,1,1,10,0.0,0.0,0.0,0.0,0.0,0.0,0.0,0.0,0.0,0.0,0.0,0.0,0.0,0.0,0.0,0.0,0.0,0.0,0.0,0.0,0.0
feature,apache__rocketmq-7964,apache/rocketmq,Java,minilm256_pool100,11,True,2,1,1,10,0.0,0.0,0.0,0.0,0.0,0.0,0.0,0.0,0.0,0.0,0.0,0.0,0.0,0.0,0.0,0.0,0.0,0.0,0.0,0.0,0.0
feature,apache__rocketmq-7964,apache/rocketmq,Java,coderank256_pool100,11,True,2,1,1,10,0.0,0.0,0.0,0.0,0.0,0.0,0.0,0.0,0.0,0.0,0.0,0.0,0.0,0.0,0.0,0.0,0.0,0.0,0.0,0.0,0.0
feature,apache__rocketmq-7964,apache/rocketmq,Java,coderank2048_pool100,11,True,2,1,1,10,0.0,0.0,0.0,0.0,0.0,0.0,0.0,0.0,0.0,0.0,0.0,0.0,0.0,0.0,0.0,0.0,0.0,0.0,0.0,0.0,0.0
feature,apache__rocketmq-7964,apache/rocketmq,Java,qwen3-coder:30b/paths,11,True,2,1,1,10,0.0,0.0,0.0,0.0,0.0,0.0,0.0,0.0,0.0,0.0,0.0,0.0,0.0,0.0,0.0,0.0,0.0,0.0,0.0,0.0,0.0
feature,apache__rocketmq-7964,apache/rocketmq,Java,qwen3-coder:30b/content,11,True,2,1,1,10,0.0,0.0,0.0,0.0,0.0,0.0,0.0,0.0,0.0,0.0,0.0,0.0,0.0,0.0,0.0,0.0,0.0,0.0,0.0,0.0,0.0
feature,apache__rocketmq-7964,apache/rocketmq,Java,devstral-small-2:24b/paths,11,True,2,1,1,2,0.0,0.0,0.0,0.0,0.0,0.0,0.0,0.0,0.0,0.0,0.0,0.0,0.0,0.0,0.0,0.0,0.0,0.0,0.0,0.0,0.0
feature,apache__rocketmq-7964,apache/rocketmq,Java,devstral-small-2:24b/content,11,True,2,1,1,2,0.0,0.0,0.0,0.0,0.0,0.0,0.0,0.0,0.0,0.0,0.0,0.0,0.0,0.0,0.0,0.0,0.0,0.0,0.0,0.0,0.0
feature,apache__rocketmq-7964,apache/rocketmq,Java,navigation/restricted40,11,True,2,1,1,2,0.0,0.0,0.0,0.0,0.0,0.0,0.0,0.0,0.0,0.0,0.0,0.0,0.0,0.0,0.0,0.0,0.0,0.0,0.0,0.0,0.0
feature,apache__rocketmq-7964,apache/rocketmq,Java,navigation/repository,11,True,2,1,1,4,0.5,1.0,1.0,1.0,0.0,1.0,0.6666666666666666,0.6666666666666666,1.0,1.0,1.0,0.4,0.5,1.0,1.0,1.0,0.2,0.5,1.0,1.0,1.0
feature,apache__dubbo-11420,apache/dubbo,Java,path_bm25,11,True,10,8,2,10,0.0,0.0,0.0,0.0,0.0,0.0,0.0,0.0,0.0,0.0,0.0,0.0,0.0,0.0,0.0,0.0,0.0,0.0,0.0,0.0,0.0
feature,apache__dubbo-11420,apache/dubbo,Java,content_bm25,11,True,10,8,2,10,0.0,0.0,0.0,0.0,0.0,0.0,0.0,0.0,0.0,0.0,0.0,0.0,0.0,0.0,0.0,0.0,0.0,0.0,0.0,0.0,0.0
feature,apache__dubbo-11420,apache/dubbo,Java,dense_minilm,11,True,10,8,2,10,0.0,0.0,0.0,0.0,0.0,0.0,0.0,0.0,0.0,0.0,0.0,0.0,0.0,0.0,0.0,0.0,0.0,0.0,0.0,0.0,0.0
feature,apache__dubbo-11420,apache/dubbo,Java,hybrid_rrf,11,True,10,8,2,10,0.0,0.0,0.0,0.0,0.0,0.0,0.0,0.0,0.0,0.0,0.0,0.0,0.0,0.0,0.0,0.1,0.1,0.1,0.125,0.0,0.125
feature,apache__dubbo-11420,apache/dubbo,Java,minilm256_pool100,11,True,10,8,2,10,0.0,0.0,0.0,0.0,0.0,0.0,0.0,0.0,0.0,0.0,0.0,0.0,0.0,0.0,0.0,0.0,0.0,0.0,0.0,0.0,0.0
feature,apache__dubbo-11420,apache/dubbo,Java,coderank256_pool100,11,True,10,8,2,10,0.0,0.0,0.0,0.0,0.0,0.0,0.0,0.0,0.0,0.0,0.0,0.0,0.0,0.0,0.0,0.0,0.0,0.0,0.0,0.0,0.0
feature,apache__dubbo-11420,apache/dubbo,Java,coderank2048_pool100,11,True,10,8,2,10,0.0,0.0,0.0,0.0,0.0,0.0,0.0,0.0,0.0,0.0,0.0,0.0,0.0,0.0,0.0,0.0,0.0,0.0,0.0,0.0,0.0
feature,apache__dubbo-11420,apache/dubbo,Java,qwen3-coder:30b/paths,11,True,10,8,2,10,0.0,0.0,0.0,0.0,0.0,0.1,0.3333333333333333,0.3333333333333333,0.125,0.0,0.1,0.2,0.2,0.125,0.0,0.2,0.2,0.2,0.25,0.0,0.5
feature,apache__dubbo-11420,apache/dubbo,Java,qwen3-coder:30b/content,11,True,10,8,2,10,0.0,0.0,0.0,0.0,0.0,0.1,0.3333333333333333,0.3333333333333333,0.125,0.0,0.1,0.2,0.2,0.125,0.0,0.1,0.1,0.1,0.125,0.0,0.5
feature,apache__dubbo-11420,apache/dubbo,Java,devstral-small-2:24b/paths,11,True,10,8,2,10,0.0,0.0,0.0,0.0,0.0,0.1,0.3333333333333333,0.3333333333333333,0.125,0.0,0.1,0.2,0.2,0.125,0.0,0.1,0.1,0.1,0.125,0.0,0.5
feature,apache__dubbo-11420,apache/dubbo,Java,devstral-small-2:24b/content,11,True,10,8,2,10,0.1,1.0,1.0,0.125,0.0,0.1,0.3333333333333333,0.3333333333333333,0.125,0.0,0.1,0.2,0.2,0.125,0.0,0.1,0.1,0.1,0.125,0.0,1.0
feature,apache__dubbo-11420,apache/dubbo,Java,navigation/restricted40,11,False,10,8,2,0,0.0,0.0,0.0,0.0,0.0,0.0,0.0,0.0,0.0,0.0,0.0,0.0,0.0,0.0,0.0,0.0,0.0,0.0,0.0,0.0,0.0
feature,apache__dubbo-11420,apache/dubbo,Java,navigation/restricted40,29,False,10,8,2,0,0.0,0.0,0.0,0.0,0.0,0.0,0.0,0.0,0.0,0.0,0.0,0.0,0.0,0.0,0.0,0.0,0.0,0.0,0.0,0.0,0.0
feature,apache__dubbo-11420,apache/dubbo,Java,navigation/restricted40,47,False,10,8,2,0,0.0,0.0,0.0,0.0,0.0,0.0,0.0,0.0,0.0,0.0,0.0,0.0,0.0,0.0,0.0,0.0,0.0,0.0,0.0,0.0,0.0
feature,apache__dubbo-11420,apache/dubbo,Java,navigation/repository,11,True,10,8,2,10,0.0,0.0,0.0,0.0,0.0,0.1,0.3333333333333333,0.3333333333333333,0.125,0.0,0.3,0.6,0.6,0.25,0.5,0.6,0.6,0.6,0.5,1.0,0.5
feature,apache__dubbo-11420,apache/dubbo,Java,navigation/repository,29,True,10,8,2,10,0.0,0.0,0.0,0.0,0.0,0.2,0.6666666666666666,0.6666666666666666,0.25,0.0,0.3,0.6,0.6,0.25,0.5,0.6,0.6,0.6,0.5,1.0,0.5
feature,apache__dubbo-11420,apache/dubbo,Java,navigation/repository,47,True,10,8,2,10,0.0,0.0,0.0,0.0,0.0,0.2,0.6666666666666666,0.6666666666666666,0.25,0.0,0.3,0.6,0.6,0.25,0.5,0.6,0.6,0.6,0.5,1.0,0.5
feature,apache__rocketmq-5286,apache/rocketmq,Java,path_bm25,11,True,4,3,1,10,0.0,0.0,0.0,0.0,0.0,0.0,0.0,0.0,0.0,0.0,0.0,0.0,0.0,0.0,0.0,0.0,0.0,0.0,0.0,0.0,0.0
feature,apache__rocketmq-5286,apache/rocketmq,Java,content_bm25,11,True,4,3,1,10,0.0,0.0,0.0,0.0,0.0,0.0,0.0,0.0,0.0,0.0,0.0,0.0,0.0,0.0,0.0,0.0,0.0,0.0,0.0,0.0,0.0
feature,apache__rocketmq-5286,apache/rocketmq,Java,dense_minilm,11,True,4,3,1,10,0.0,0.0,0.0,0.0,0.0,0.0,0.0,0.0,0.0,0.0,0.0,0.0,0.0,0.0,0.0,0.0,0.0,0.0,0.0,0.0,0.0
feature,apache__rocketmq-5286,apache/rocketmq,Java,hybrid_rrf,11,True,4,3,1,10,0.0,0.0,0.0,0.0,0.0,0.0,0.0,0.0,0.0,0.0,0.0,0.0,0.0,0.0,0.0,0.0,0.0,0.0,0.0,0.0,0.0
feature,apache__rocketmq-5286,apache/rocketmq,Java,minilm256_pool100,11,True,4,3,1,10,0.0,0.0,0.0,0.0,0.0,0.0,0.0,0.0,0.0,0.0,0.0,0.0,0.0,0.0,0.0,0.0,0.0,0.0,0.0,0.0,0.0
feature,apache__rocketmq-5286,apache/rocketmq,Java,coderank256_pool100,11,True,4,3,1,10,0.0,0.0,0.0,0.0,0.0,0.0,0.0,0.0,0.0,0.0,0.0,0.0,0.0,0.0,0.0,0.0,0.0,0.0,0.0,0.0,0.0
feature,apache__rocketmq-5286,apache/rocketmq,Java,coderank2048_pool100,11,True,4,3,1,10,0.0,0.0,0.0,0.0,0.0,0.0,0.0,0.0,0.0,0.0,0.0,0.0,0.0,0.0,0.0,0.0,0.0,0.0,0.0,0.0,0.0
feature,apache__rocketmq-5286,apache/rocketmq,Java,qwen3-coder:30b/paths,11,True,4,3,1,10,0.0,0.0,0.0,0.0,0.0,0.25,0.3333333333333333,0.3333333333333333,0.3333333333333333,0.0,0.25,0.2,0.2,0.3333333333333333,0.0,0.25,0.1,0.1,0.3333333333333333,0.0,0.3333333333333333
feature,apache__rocketmq-5286,apache/rocketmq,Java,qwen3-coder:30b/content,11,True,4,3,1,10,0.0,0.0,0.0,0.0,0.0,0.0,0.0,0.0,0.0,0.0,0.0,0.0,0.0,0.0,0.0,0.0,0.0,0.0,0.0,0.0,0.0
feature,apache__rocketmq-5286,apache/rocketmq,Java,devstral-small-2:24b/paths,11,True,4,3,1,10,0.0,0.0,0.0,0.0,0.0,0.0,0.0,0.0,0.0,0.0,0.25,0.2,0.2,0.3333333333333333,0.0,0.25,0.1,0.1,0.3333333333333333,0.0,0.2
feature,apache__rocketmq-5286,apache/rocketmq,Java,devstral-small-2:24b/content,11,True,4,3,1,7,0.0,0.0,0.0,0.0,0.0,0.0,0.0,0.0,0.0,0.0,0.0,0.0,0.0,0.0,0.0,0.25,0.1,0.14285714285714285,0.3333333333333333,0.0,0.16666666666666666
feature,apache__rocketmq-5286,apache/rocketmq,Java,navigation/restricted40,11,True,4,3,1,10,0.0,0.0,0.0,0.0,0.0,0.25,0.3333333333333333,0.3333333333333333,0.3333333333333333,0.0,0.25,0.2,0.2,0.3333333333333333,0.0,0.25,0.1,0.1,0.3333333333333333,0.0,0.3333333333333333
feature,apache__rocketmq-5286,apache/rocketmq,Java,navigation/repository,11,True,4,3,1,4,0.0,0.0,0.0,0.0,0.0,0.25,0.3333333333333333,0.3333333333333333,0.3333333333333333,0.0,0.5,0.4,0.5,0.6666666666666666,0.0,0.5,0.2,0.5,0.6666666666666666,0.0,0.3333333333333333
feature,apache__rocketmq-5706,apache/rocketmq,Java,path_bm25,11,True,5,3,2,10,0.0,0.0,0.0,0.0,0.0,0.0,0.0,0.0,0.0,0.0,0.0,0.0,0.0,0.0,0.0,0.0,0.0,0.0,0.0,0.0,0.0
feature,apache__rocketmq-5706,apache/rocketmq,Java,content_bm25,11,True,5,3,2,10,0.0,0.0,0.0,0.0,0.0,0.0,0.0,0.0,0.0,0.0,0.0,0.0,0.0,0.0,0.0,0.0,0.0,0.0,0.0,0.0,0.0
feature,apache__rocketmq-5706,apache/rocketmq,Java,dense_minilm,11,True,5,3,2,10,0.0,0.0,0.0,0.0,0.0,0.0,0.0,0.0,0.0,0.0,0.0,0.0,0.0,0.0,0.0,0.0,0.0,0.0,0.0,0.0,0.0
feature,apache__rocketmq-5706,apache/rocketmq,Java,hybrid_rrf,11,True,5,3,2,10,0.0,0.0,0.0,0.0,0.0,0.0,0.0,0.0,0.0,0.0,0.0,0.0,0.0,0.0,0.0,0.0,0.0,0.0,0.0,0.0,0.0
feature,apache__rocketmq-5706,apache/rocketmq,Java,minilm256_pool100,11,True,5,3,2,10,0.0,0.0,0.0,0.0,0.0,0.0,0.0,0.0,0.0,0.0,0.0,0.0,0.0,0.0,0.0,0.0,0.0,0.0,0.0,0.0,0.0
feature,apache__rocketmq-5706,apache/rocketmq,Java,coderank256_pool100,11,True,5,3,2,10,0.0,0.0,0.0,0.0,0.0,0.2,0.3333333333333333,0.3333333333333333,0.3333333333333333,0.0,0.2,0.2,0.2,0.3333333333333333,0.0,0.6,0.3,0.3,0.6666666666666666,0.5,0.5
feature,apache__rocketmq-5706,apache/rocketmq,Java,coderank2048_pool100,11,True,5,3,2,10,0.2,1.0,1.0,0.0,0.5,0.6,1.0,1.0,0.6666666666666666,0.5,0.6,0.6,0.6,0.6666666666666666,0.5,0.8,0.4,0.4,1.0,0.5,1.0
feature,apache__rocketmq-5706,apache/rocketmq,Java,qwen3-coder:30b/paths,11,True,5,3,2,10,0.2,1.0,1.0,0.3333333333333333,0.0,0.2,0.3333333333333333,0.3333333333333333,0.3333333333333333,0.0,0.4,0.4,0.4,0.6666666666666666,0.0,0.4,0.2,0.2,0.6666666666666666,0.0,1.0
feature,apache__rocketmq-5706,apache/rocketmq,Java,qwen3-coder:30b/content,11,True,5,3,2,10,0.2,1.0,1.0,0.3333333333333333,0.0,0.4,0.6666666666666666,0.6666666666666666,0.6666666666666666,0.0,0.8,0.8,0.8,1.0,0.5,0.8,0.4,0.4,1.0,0.5,1.0
feature,apache__rocketmq-5706,apache/rocketmq,Java,devstral-small-2:24b/paths,11,True,5,3,2,4,0.2,1.0,1.0,0.3333333333333333,0.0,0.4,0.6666666666666666,0.6666666666666666,0.6666666666666666,0.0,0.6,0.6,0.75,0.6666666666666666,0.5,0.6,0.3,0.75,0.6666666666666666,0.5,1.0
feature,apache__rocketmq-5706,apache/rocketmq,Java,devstral-small-2:24b/content,11,True,5,3,2,5,0.2,1.0,1.0,0.3333333333333333,0.0,0.4,0.6666666666666666,0.6666666666666666,0.6666666666666666,0.0,0.8,0.8,0.8,1.0,0.5,0.8,0.4,0.8,1.0,0.5,1.0
feature,apache__rocketmq-5706,apache/rocketmq,Java,navigation/restricted40,11,True,5,3,2,3,0.2,1.0,1.0,0.3333333333333333,0.0,0.4,0.6666666666666666,0.6666666666666666,0.6666666666666666,0.0,0.4,0.4,0.6666666666666666,0.6666666666666666,0.0,0.4,0.2,0.6666666666666666,0.6666666666666666,0.0,1.0
feature,apache__rocketmq-5706,apache/rocketmq,Java,navigation/repository,11,True,5,3,2,10,0.2,1.0,1.0,0.3333333333333333,0.0,0.6,1.0,1.0,1.0,0.0,0.8,0.8,0.8,1.0,0.5,0.8,0.4,0.4,1.0,0.5,1.0
feature,apache__dubbo-13869,apache/dubbo,Java,path_bm25,11,True,4,2,2,10,0.0,0.0,0.0,0.0,0.0,0.0,0.0,0.0,0.0,0.0,0.0,0.0,0.0,0.0,0.0,0.0,0.0,0.0,0.0,0.0,0.0
feature,apache__dubbo-13869,apache/dubbo,Java,content_bm25,11,True,4,2,2,10,0.0,0.0,0.0,0.0,0.0,0.0,0.0,0.0,0.0,0.0,0.0,0.0,0.0,0.0,0.0,0.0,0.0,0.0,0.0,0.0,0.0
feature,apache__dubbo-13869,apache/dubbo,Java,dense_minilm,11,True,4,2,2,10,0.0,0.0,0.0,0.0,0.0,0.0,0.0,0.0,0.0,0.0,0.0,0.0,0.0,0.0,0.0,0.0,0.0,0.0,0.0,0.0,0.0
feature,apache__dubbo-13869,apache/dubbo,Java,hybrid_rrf,11,True,4,2,2,10,0.0,0.0,0.0,0.0,0.0,0.0,0.0,0.0,0.0,0.0,0.0,0.0,0.0,0.0,0.0,0.0,0.0,0.0,0.0,0.0,0.0
feature,apache__dubbo-13869,apache/dubbo,Java,minilm256_pool100,11,True,4,2,2,10,0.0,0.0,0.0,0.0,0.0,0.0,0.0,0.0,0.0,0.0,0.0,0.0,0.0,0.0,0.0,0.0,0.0,0.0,0.0,0.0,0.0
feature,apache__dubbo-13869,apache/dubbo,Java,coderank256_pool100,11,True,4,2,2,10,0.0,0.0,0.0,0.0,0.0,0.0,0.0,0.0,0.0,0.0,0.0,0.0,0.0,0.0,0.0,0.0,0.0,0.0,0.0,0.0,0.0
feature,apache__dubbo-13869,apache/dubbo,Java,coderank2048_pool100,11,True,4,2,2,10,0.0,0.0,0.0,0.0,0.0,0.0,0.0,0.0,0.0,0.0,0.0,0.0,0.0,0.0,0.0,0.0,0.0,0.0,0.0,0.0,0.0
feature,apache__dubbo-13869,apache/dubbo,Java,qwen3-coder:30b/paths,11,True,4,2,2,10,0.0,0.0,0.0,0.0,0.0,0.0,0.0,0.0,0.0,0.0,0.0,0.0,0.0,0.0,0.0,0.0,0.0,0.0,0.0,0.0,0.0
feature,apache__dubbo-13869,apache/dubbo,Java,qwen3-coder:30b/content,11,True,4,2,2,10,0.0,0.0,0.0,0.0,0.0,0.0,0.0,0.0,0.0,0.0,0.0,0.0,0.0,0.0,0.0,0.0,0.0,0.0,0.0,0.0,0.0
feature,apache__dubbo-13869,apache/dubbo,Java,devstral-small-2:24b/paths,11,True,4,2,2,10,0.0,0.0,0.0,0.0,0.0,0.0,0.0,0.0,0.0,0.0,0.0,0.0,0.0,0.0,0.0,0.0,0.0,0.0,0.0,0.0,0.0
feature,apache__dubbo-13869,apache/dubbo,Java,devstral-small-2:24b/content,11,True,4,2,2,5,0.0,0.0,0.0,0.0,0.0,0.0,0.0,0.0,0.0,0.0,0.0,0.0,0.0,0.0,0.0,0.0,0.0,0.0,0.0,0.0,0.0
feature,apache__dubbo-13869,apache/dubbo,Java,navigation/restricted40,11,True,4,2,2,10,0.0,0.0,0.0,0.0,0.0,0.0,0.0,0.0,0.0,0.0,0.0,0.0,0.0,0.0,0.0,0.0,0.0,0.0,0.0,0.0,0.0
feature,apache__dubbo-13869,apache/dubbo,Java,navigation/repository,11,True,4,2,2,10,0.0,0.0,0.0,0.0,0.0,0.25,0.3333333333333333,0.3333333333333333,0.5,0.0,0.25,0.2,0.2,0.5,0.0,0.5,0.2,0.2,0.5,0.5,0.3333333333333333
feature,apache__dubbo-11255,apache/dubbo,Java,path_bm25,11,True,2,1,1,10,0.0,0.0,0.0,0.0,0.0,0.0,0.0,0.0,0.0,0.0,0.0,0.0,0.0,0.0,0.0,0.0,0.0,0.0,0.0,0.0,0.0
feature,apache__dubbo-11255,apache/dubbo,Java,content_bm25,11,True,2,1,1,10,0.0,0.0,0.0,0.0,0.0,0.0,0.0,0.0,0.0,0.0,0.0,0.0,0.0,0.0,0.0,0.0,0.0,0.0,0.0,0.0,0.0
feature,apache__dubbo-11255,apache/dubbo,Java,dense_minilm,11,True,2,1,1,10,0.0,0.0,0.0,0.0,0.0,0.0,0.0,0.0,0.0,0.0,0.0,0.0,0.0,0.0,0.0,0.0,0.0,0.0,0.0,0.0,0.0
feature,apache__dubbo-11255,apache/dubbo,Java,hybrid_rrf,11,True,2,1,1,10,0.0,0.0,0.0,0.0,0.0,0.0,0.0,0.0,0.0,0.0,0.0,0.0,0.0,0.0,0.0,0.5,0.1,0.1,1.0,0.0,0.16666666666666666
feature,apache__dubbo-11255,apache/dubbo,Java,minilm256_pool100,11,True,2,1,1,10,0.0,0.0,0.0,0.0,0.0,0.0,0.0,0.0,0.0,0.0,0.0,0.0,0.0,0.0,0.0,0.0,0.0,0.0,0.0,0.0,0.0
feature,apache__dubbo-11255,apache/dubbo,Java,coderank256_pool100,11,True,2,1,1,10,0.0,0.0,0.0,0.0,0.0,0.0,0.0,0.0,0.0,0.0,0.0,0.0,0.0,0.0,0.0,0.0,0.0,0.0,0.0,0.0,0.0
feature,apache__dubbo-11255,apache/dubbo,Java,coderank2048_pool100,11,True,2,1,1,10,0.0,0.0,0.0,0.0,0.0,0.0,0.0,0.0,0.0,0.0,0.0,0.0,0.0,0.0,0.0,0.0,0.0,0.0,0.0,0.0,0.0
feature,apache__dubbo-11255,apache/dubbo,Java,qwen3-coder:30b/paths,11,True,2,1,1,10,0.0,0.0,0.0,0.0,0.0,0.0,0.0,0.0,0.0,0.0,0.0,0.0,0.0,0.0,0.0,0.0,0.0,0.0,0.0,0.0,0.0
feature,apache__dubbo-11255,apache/dubbo,Java,qwen3-coder:30b/content,11,True,2,1,1,10,0.0,0.0,0.0,0.0,0.0,0.0,0.0,0.0,0.0,0.0,0.0,0.0,0.0,0.0,0.0,0.0,0.0,0.0,0.0,0.0,0.0
feature,apache__dubbo-11255,apache/dubbo,Java,devstral-small-2:24b/paths,11,True,2,1,1,10,0.0,0.0,0.0,0.0,0.0,0.0,0.0,0.0,0.0,0.0,0.0,0.0,0.0,0.0,0.0,0.0,0.0,0.0,0.0,0.0,0.0
feature,apache__dubbo-11255,apache/dubbo,Java,devstral-small-2:24b/content,11,True,2,1,1,10,0.0,0.0,0.0,0.0,0.0,0.0,0.0,0.0,0.0,0.0,0.0,0.0,0.0,0.0,0.0,0.0,0.0,0.0,0.0,0.0,0.0
feature,apache__dubbo-11255,apache/dubbo,Java,navigation/restricted40,11,True,2,1,1,10,0.5,1.0,1.0,1.0,0.0,0.5,0.3333333333333333,0.3333333333333333,1.0,0.0,0.5,0.2,0.2,1.0,0.0,0.5,0.1,0.1,1.0,0.0,1.0
feature,apache__dubbo-11255,apache/dubbo,Java,navigation/repository,11,True,2,1,1,8,0.5,1.0,1.0,1.0,0.0,0.5,0.3333333333333333,0.3333333333333333,1.0,0.0,1.0,0.4,0.4,1.0,1.0,1.0,0.2,0.25,1.0,1.0,1.0
feature,apache__rocketmq-5062,apache/rocketmq,Java,path_bm25,11,True,6,4,2,10,0.0,0.0,0.0,0.0,0.0,0.0,0.0,0.0,0.0,0.0,0.0,0.0,0.0,0.0,0.0,0.0,0.0,0.0,0.0,0.0,0.0
feature,apache__rocketmq-5062,apache/rocketmq,Java,content_bm25,11,True,6,4,2,10,0.0,0.0,0.0,0.0,0.0,0.0,0.0,0.0,0.0,0.0,0.0,0.0,0.0,0.0,0.0,0.0,0.0,0.0,0.0,0.0,0.0
feature,apache__rocketmq-5062,apache/rocketmq,Java,dense_minilm,11,True,6,4,2,10,0.0,0.0,0.0,0.0,0.0,0.0,0.0,0.0,0.0,0.0,0.0,0.0,0.0,0.0,0.0,0.0,0.0,0.0,0.0,0.0,0.0
feature,apache__rocketmq-5062,apache/rocketmq,Java,hybrid_rrf,11,True,6,4,2,10,0.0,0.0,0.0,0.0,0.0,0.0,0.0,0.0,0.0,0.0,0.0,0.0,0.0,0.0,0.0,0.0,0.0,0.0,0.0,0.0,0.0
feature,apache__rocketmq-5062,apache/rocketmq,Java,minilm256_pool100,11,True,6,4,2,10,0.0,0.0,0.0,0.0,0.0,0.0,0.0,0.0,0.0,0.0,0.0,0.0,0.0,0.0,0.0,0.0,0.0,0.0,0.0,0.0,0.0
feature,apache__rocketmq-5062,apache/rocketmq,Java,coderank256_pool100,11,True,6,4,2,10,0.0,0.0,0.0,0.0,0.0,0.16666666666666666,0.3333333333333333,0.3333333333333333,0.25,0.0,0.3333333333333333,0.4,0.4,0.5,0.0,0.3333333333333333,0.2,0.2,0.5,0.0,0.3333333333333333
feature,apache__rocketmq-5062,apache/rocketmq,Java,coderank2048_pool100,11,True,6,4,2,10,0.0,0.0,0.0,0.0,0.0,0.16666666666666666,0.3333333333333333,0.3333333333333333,0.25,0.0,0.16666666666666666,0.2,0.2,0.25,0.0,0.3333333333333333,0.2,0.2,0.5,0.0,0.5
feature,apache__rocketmq-5062,apache/rocketmq,Java,qwen3-coder:30b/paths,11,True,6,4,2,10,0.0,0.0,0.0,0.0,0.0,0.16666666666666666,0.3333333333333333,0.3333333333333333,0.0,0.5,0.16666666666666666,0.2,0.2,0.0,0.5,0.3333333333333333,0.2,0.2,0.25,0.5,0.5
feature,apache__rocketmq-5062,apache/rocketmq,Java,qwen3-coder:30b/content,11,True,6,4,2,10,0.0,0.0,0.0,0.0,0.0,0.16666666666666666,0.3333333333333333,0.3333333333333333,0.25,0.0,0.5,0.6,0.6,0.5,0.5,0.5,0.3,0.3,0.5,0.5,0.3333333333333333
feature,apache__rocketmq-5062,apache/rocketmq,Java,devstral-small-2:24b/paths,11,True,6,4,2,5,0.16666666666666666,1.0,1.0,0.25,0.0,0.5,1.0,1.0,0.5,0.5,0.5,0.6,0.6,0.5,0.5,0.5,0.3,0.6,0.5,0.5,1.0
feature,apache__rocketmq-5062,apache/rocketmq,Java,devstral-small-2:24b/content,11,True,6,4,2,10,0.16666666666666666,1.0,1.0,0.25,0.0,0.16666666666666666,0.3333333333333333,0.3333333333333333,0.25,0.0,0.3333333333333333,0.4,0.4,0.25,0.5,0.3333333333333333,0.2,0.2,0.25,0.5,1.0
feature,apache__rocketmq-5062,apache/rocketmq,Java,navigation/restricted40,11,True,6,4,2,9,0.0,0.0,0.0,0.0,0.0,0.16666666666666666,0.3333333333333333,0.3333333333333333,0.25,0.0,0.5,0.6,0.6,0.5,0.5,0.5,0.3,0.3333333333333333,0.5,0.5,0.3333333333333333
feature,apache__rocketmq-5062,apache/rocketmq,Java,navigation/repository,11,True,6,4,2,10,0.0,0.0,0.0,0.0,0.0,0.16666666666666666,0.3333333333333333,0.3333333333333333,0.25,0.0,0.16666666666666666,0.2,0.2,0.25,0.0,0.3333333333333333,0.2,0.2,0.25,0.5,0.3333333333333333
feature,apache__dubbo-8032,apache/dubbo,Java,path_bm25,11,True,4,3,1,10,0.0,0.0,0.0,0.0,0.0,0.0,0.0,0.0,0.0,0.0,0.0,0.0,0.0,0.0,0.0,0.0,0.0,0.0,0.0,0.0,0.0
feature,apache__dubbo-8032,apache/dubbo,Java,content_bm25,11,True,4,3,1,10,0.0,0.0,0.0,0.0,0.0,0.0,0.0,0.0,0.0,0.0,0.0,0.0,0.0,0.0,0.0,0.0,0.0,0.0,0.0,0.0,0.0
feature,apache__dubbo-8032,apache/dubbo,Java,dense_minilm,11,True,4,3,1,10,0.0,0.0,0.0,0.0,0.0,0.0,0.0,0.0,0.0,0.0,0.0,0.0,0.0,0.0,0.0,0.0,0.0,0.0,0.0,0.0,0.0
feature,apache__dubbo-8032,apache/dubbo,Java,hybrid_rrf,11,True,4,3,1,10,0.0,0.0,0.0,0.0,0.0,0.0,0.0,0.0,0.0,0.0,0.0,0.0,0.0,0.0,0.0,0.0,0.0,0.0,0.0,0.0,0.0
feature,apache__dubbo-8032,apache/dubbo,Java,minilm256_pool100,11,True,4,3,1,10,0.0,0.0,0.0,0.0,0.0,0.0,0.0,0.0,0.0,0.0,0.0,0.0,0.0,0.0,0.0,0.0,0.0,0.0,0.0,0.0,0.0
feature,apache__dubbo-8032,apache/dubbo,Java,coderank256_pool100,11,True,4,3,1,10,0.0,0.0,0.0,0.0,0.0,0.0,0.0,0.0,0.0,0.0,0.0,0.0,0.0,0.0,0.0,0.0,0.0,0.0,0.0,0.0,0.0
feature,apache__dubbo-8032,apache/dubbo,Java,coderank2048_pool100,11,True,4,3,1,10,0.0,0.0,0.0,0.0,0.0,0.0,0.0,0.0,0.0,0.0,0.0,0.0,0.0,0.0,0.0,0.0,0.0,0.0,0.0,0.0,0.0
feature,apache__dubbo-8032,apache/dubbo,Java,qwen3-coder:30b/paths,11,True,4,3,1,10,0.0,0.0,0.0,0.0,0.0,0.0,0.0,0.0,0.0,0.0,0.0,0.0,0.0,0.0,0.0,0.0,0.0,0.0,0.0,0.0,0.0
feature,apache__dubbo-8032,apache/dubbo,Java,qwen3-coder:30b/content,11,True,4,3,1,10,0.0,0.0,0.0,0.0,0.0,0.0,0.0,0.0,0.0,0.0,0.0,0.0,0.0,0.0,0.0,0.0,0.0,0.0,0.0,0.0,0.0
feature,apache__dubbo-8032,apache/dubbo,Java,devstral-small-2:24b/paths,11,True,4,3,1,10,0.0,0.0,0.0,0.0,0.0,0.0,0.0,0.0,0.0,0.0,0.0,0.0,0.0,0.0,0.0,0.0,0.0,0.0,0.0,0.0,0.0
feature,apache__dubbo-8032,apache/dubbo,Java,devstral-small-2:24b/content,11,True,4,3,1,4,0.0,0.0,0.0,0.0,0.0,0.0,0.0,0.0,0.0,0.0,0.0,0.0,0.0,0.0,0.0,0.0,0.0,0.0,0.0,0.0,0.0
feature,apache__dubbo-8032,apache/dubbo,Java,navigation/restricted40,11,True,4,3,1,10,0.0,0.0,0.0,0.0,0.0,0.0,0.0,0.0,0.0,0.0,0.0,0.0,0.0,0.0,0.0,0.0,0.0,0.0,0.0,0.0,0.0
feature,apache__dubbo-8032,apache/dubbo,Java,navigation/repository,11,True,4,3,1,10,0.0,0.0,0.0,0.0,0.0,0.0,0.0,0.0,0.0,0.0,0.0,0.0,0.0,0.0,0.0,0.0,0.0,0.0,0.0,0.0,0.0
feature,apache__dubbo-2750,apache/dubbo,Java,path_bm25,11,True,2,1,1,10,0.0,0.0,0.0,0.0,0.0,0.0,0.0,0.0,0.0,0.0,0.0,0.0,0.0,0.0,0.0,0.0,0.0,0.0,0.0,0.0,0.0
feature,apache__dubbo-2750,apache/dubbo,Java,content_bm25,11,True,2,1,1,10,0.0,0.0,0.0,0.0,0.0,0.0,0.0,0.0,0.0,0.0,0.0,0.0,0.0,0.0,0.0,0.0,0.0,0.0,0.0,0.0,0.0
feature,apache__dubbo-2750,apache/dubbo,Java,dense_minilm,11,True,2,1,1,10,0.0,0.0,0.0,0.0,0.0,0.0,0.0,0.0,0.0,0.0,0.0,0.0,0.0,0.0,0.0,0.0,0.0,0.0,0.0,0.0,0.0
feature,apache__dubbo-2750,apache/dubbo,Java,hybrid_rrf,11,True,2,1,1,10,0.0,0.0,0.0,0.0,0.0,0.0,0.0,0.0,0.0,0.0,0.0,0.0,0.0,0.0,0.0,0.0,0.0,0.0,0.0,0.0,0.0
feature,apache__dubbo-2750,apache/dubbo,Java,minilm256_pool100,11,True,2,1,1,10,0.0,0.0,0.0,0.0,0.0,0.0,0.0,0.0,0.0,0.0,0.0,0.0,0.0,0.0,0.0,0.0,0.0,0.0,0.0,0.0,0.0
feature,apache__dubbo-2750,apache/dubbo,Java,coderank256_pool100,11,True,2,1,1,10,0.0,0.0,0.0,0.0,0.0,0.0,0.0,0.0,0.0,0.0,0.0,0.0,0.0,0.0,0.0,0.0,0.0,0.0,0.0,0.0,0.0
feature,apache__dubbo-2750,apache/dubbo,Java,coderank2048_pool100,11,True,2,1,1,10,0.0,0.0,0.0,0.0,0.0,0.0,0.0,0.0,0.0,0.0,0.0,0.0,0.0,0.0,0.0,0.0,0.0,0.0,0.0,0.0,0.0
feature,apache__dubbo-2750,apache/dubbo,Java,qwen3-coder:30b/paths,11,True,2,1,1,10,0.0,0.0,0.0,0.0,0.0,0.0,0.0,0.0,0.0,0.0,0.0,0.0,0.0,0.0,0.0,0.0,0.0,0.0,0.0,0.0,0.0
feature,apache__dubbo-2750,apache/dubbo,Java,qwen3-coder:30b/content,11,True,2,1,1,10,0.0,0.0,0.0,0.0,0.0,0.0,0.0,0.0,0.0,0.0,0.0,0.0,0.0,0.0,0.0,0.0,0.0,0.0,0.0,0.0,0.0
feature,apache__dubbo-2750,apache/dubbo,Java,devstral-small-2:24b/paths,11,True,2,1,1,10,0.0,0.0,0.0,0.0,0.0,0.0,0.0,0.0,0.0,0.0,0.0,0.0,0.0,0.0,0.0,0.0,0.0,0.0,0.0,0.0,0.0
feature,apache__dubbo-2750,apache/dubbo,Java,devstral-small-2:24b/content,11,True,2,1,1,5,0.0,0.0,0.0,0.0,0.0,0.0,0.0,0.0,0.0,0.0,0.0,0.0,0.0,0.0,0.0,0.0,0.0,0.0,0.0,0.0,0.0
feature,apache__dubbo-2750,apache/dubbo,Java,navigation/restricted40,11,True,2,1,1,10,0.0,0.0,0.0,0.0,0.0,0.0,0.0,0.0,0.0,0.0,0.0,0.0,0.0,0.0,0.0,0.0,0.0,0.0,0.0,0.0,0.0
feature,apache__dubbo-2750,apache/dubbo,Java,navigation/restricted40,29,True,2,1,1,10,0.0,0.0,0.0,0.0,0.0,0.0,0.0,0.0,0.0,0.0,0.0,0.0,0.0,0.0,0.0,0.0,0.0,0.0,0.0,0.0,0.0
feature,apache__dubbo-2750,apache/dubbo,Java,navigation/restricted40,47,True,2,1,1,10,0.0,0.0,0.0,0.0,0.0,0.0,0.0,0.0,0.0,0.0,0.0,0.0,0.0,0.0,0.0,0.0,0.0,0.0,0.0,0.0,0.0
feature,apache__dubbo-2750,apache/dubbo,Java,navigation/repository,11,True,2,1,1,10,0.0,0.0,0.0,0.0,0.0,0.0,0.0,0.0,0.0,0.0,0.0,0.0,0.0,0.0,0.0,0.0,0.0,0.0,0.0,0.0,0.0
feature,apache__dubbo-2750,apache/dubbo,Java,navigation/repository,29,True,2,1,1,9,0.0,0.0,0.0,0.0,0.0,0.0,0.0,0.0,0.0,0.0,0.0,0.0,0.0,0.0,0.0,0.0,0.0,0.0,0.0,0.0,0.0
feature,apache__dubbo-2750,apache/dubbo,Java,navigation/repository,47,True,2,1,1,9,0.0,0.0,0.0,0.0,0.0,0.0,0.0,0.0,0.0,0.0,0.0,0.0,0.0,0.0,0.0,0.0,0.0,0.0,0.0,0.0,0.0
feature,apache__rocketmq-6522,apache/rocketmq,Java,path_bm25,11,True,18,17,1,10,0.0,0.0,0.0,0.0,0.0,0.0,0.0,0.0,0.0,0.0,0.0,0.0,0.0,0.0,0.0,0.0,0.0,0.0,0.0,0.0,0.0
feature,apache__rocketmq-6522,apache/rocketmq,Java,content_bm25,11,True,18,17,1,10,0.0,0.0,0.0,0.0,0.0,0.0,0.0,0.0,0.0,0.0,0.0,0.0,0.0,0.0,0.0,0.05555555555555555,0.1,0.1,0.058823529411764705,0.0,0.1111111111111111
feature,apache__rocketmq-6522,apache/rocketmq,Java,dense_minilm,11,True,18,17,1,10,0.0,0.0,0.0,0.0,0.0,0.0,0.0,0.0,0.0,0.0,0.0,0.0,0.0,0.0,0.0,0.0,0.0,0.0,0.0,0.0,0.0
feature,apache__rocketmq-6522,apache/rocketmq,Java,hybrid_rrf,11,True,18,17,1,10,0.0,0.0,0.0,0.0,0.0,0.05555555555555555,0.3333333333333333,0.3333333333333333,0.058823529411764705,0.0,0.05555555555555555,0.2,0.2,0.058823529411764705,0.0,0.05555555555555555,0.1,0.1,0.058823529411764705,0.0,0.3333333333333333
feature,apache__rocketmq-6522,apache/rocketmq,Java,minilm256_pool100,11,True,18,17,1,10,0.0,0.0,0.0,0.0,0.0,0.0,0.0,0.0,0.0,0.0,0.0,0.0,0.0,0.0,0.0,0.0,0.0,0.0,0.0,0.0,0.0
feature,apache__rocketmq-6522,apache/rocketmq,Java,coderank256_pool100,11,True,18,17,1,10,0.05555555555555555,1.0,1.0,0.058823529411764705,0.0,0.05555555555555555,0.3333333333333333,0.3333333333333333,0.058823529411764705,0.0,0.1111111111111111,0.4,0.4,0.11764705882352941,0.0,0.2777777777777778,0.5,0.5,0.23529411764705882,1.0,1.0
feature,apache__rocketmq-6522,apache/rocketmq,Java,coderank2048_pool100,11,True,18,17,1,10,0.05555555555555555,1.0,1.0,0.058823529411764705,0.0,0.05555555555555555,0.3333333333333333,0.3333333333333333,0.058823529411764705,0.0,0.1111111111111111,0.4,0.4,0.11764705882352941,0.0,0.1111111111111111,0.2,0.2,0.11764705882352941,0.0,1.0
feature,apache__rocketmq-6522,apache/rocketmq,Java,qwen3-coder:30b/paths,11,True,18,17,1,10,0.0,0.0,0.0,0.0,0.0,0.05555555555555555,0.3333333333333333,0.3333333333333333,0.058823529411764705,0.0,0.05555555555555555,0.2,0.2,0.058823529411764705,0.0,0.05555555555555555,0.1,0.1,0.058823529411764705,0.0,0.3333333333333333
feature,apache__rocketmq-6522,apache/rocketmq,Java,qwen3-coder:30b/content,11,True,18,17,1,10,0.0,0.0,0.0,0.0,0.0,0.05555555555555555,0.3333333333333333,0.3333333333333333,0.058823529411764705,0.0,0.05555555555555555,0.2,0.2,0.058823529411764705,0.0,0.05555555555555555,0.1,0.1,0.058823529411764705,0.0,0.5
feature,apache__rocketmq-6522,apache/rocketmq,Java,devstral-small-2:24b/paths,11,True,18,17,1,10,0.0,0.0,0.0,0.0,0.0,0.0,0.0,0.0,0.0,0.0,0.0,0.0,0.0,0.0,0.0,0.0,0.0,0.0,0.0,0.0,0.0
feature,apache__rocketmq-6522,apache/rocketmq,Java,devstral-small-2:24b/content,11,True,18,17,1,10,0.0,0.0,0.0,0.0,0.0,0.05555555555555555,0.3333333333333333,0.3333333333333333,0.058823529411764705,0.0,0.05555555555555555,0.2,0.2,0.058823529411764705,0.0,0.05555555555555555,0.1,0.1,0.058823529411764705,0.0,0.5
feature,apache__rocketmq-6522,apache/rocketmq,Java,navigation/restricted40,11,True,18,17,1,10,0.05555555555555555,1.0,1.0,0.058823529411764705,0.0,0.05555555555555555,0.3333333333333333,0.3333333333333333,0.058823529411764705,0.0,0.05555555555555555,0.2,0.2,0.058823529411764705,0.0,0.05555555555555555,0.1,0.1,0.058823529411764705,0.0,1.0
feature,apache__rocketmq-6522,apache/rocketmq,Java,navigation/repository,11,True,18,17,1,10,0.05555555555555555,1.0,1.0,0.058823529411764705,0.0,0.1111111111111111,0.6666666666666666,0.6666666666666666,0.11764705882352941,0.0,0.1111111111111111,0.4,0.4,0.11764705882352941,0.0,0.1111111111111111,0.2,0.2,0.11764705882352941,0.0,1.0
feature,apolloconfig__apollo-4199,apolloconfig/apollo,Java,path_bm25,11,True,5,4,1,10,0.0,0.0,0.0,0.0,0.0,0.0,0.0,0.0,0.0,0.0,0.0,0.0,0.0,0.0,0.0,0.0,0.0,0.0,0.0,0.0,0.0
feature,apolloconfig__apollo-4199,apolloconfig/apollo,Java,content_bm25,11,True,5,4,1,10,0.0,0.0,0.0,0.0,0.0,0.0,0.0,0.0,0.0,0.0,0.0,0.0,0.0,0.0,0.0,0.0,0.0,0.0,0.0,0.0,0.0
feature,apolloconfig__apollo-4199,apolloconfig/apollo,Java,dense_minilm,11,True,5,4,1,10,0.0,0.0,0.0,0.0,0.0,0.0,0.0,0.0,0.0,0.0,0.0,0.0,0.0,0.0,0.0,0.0,0.0,0.0,0.0,0.0,0.0
feature,apolloconfig__apollo-4199,apolloconfig/apollo,Java,hybrid_rrf,11,True,5,4,1,10,0.0,0.0,0.0,0.0,0.0,0.0,0.0,0.0,0.0,0.0,0.0,0.0,0.0,0.0,0.0,0.0,0.0,0.0,0.0,0.0,0.0
feature,apolloconfig__apollo-4199,apolloconfig/apollo,Java,minilm256_pool100,11,True,5,4,1,10,0.0,0.0,0.0,0.0,0.0,0.0,0.0,0.0,0.0,0.0,0.0,0.0,0.0,0.0,0.0,0.0,0.0,0.0,0.0,0.0,0.0
feature,apolloconfig__apollo-4199,apolloconfig/apollo,Java,coderank256_pool100,11,True,5,4,1,10,0.0,0.0,0.0,0.0,0.0,0.0,0.0,0.0,0.0,0.0,0.0,0.0,0.0,0.0,0.0,0.0,0.0,0.0,0.0,0.0,0.0
feature,apolloconfig__apollo-4199,apolloconfig/apollo,Java,coderank2048_pool100,11,True,5,4,1,10,0.0,0.0,0.0,0.0,0.0,0.0,0.0,0.0,0.0,0.0,0.0,0.0,0.0,0.0,0.0,0.0,0.0,0.0,0.0,0.0,0.0
feature,apolloconfig__apollo-4199,apolloconfig/apollo,Java,qwen3-coder:30b/paths,11,True,5,4,1,10,0.0,0.0,0.0,0.0,0.0,0.0,0.0,0.0,0.0,0.0,0.0,0.0,0.0,0.0,0.0,0.0,0.0,0.0,0.0,0.0,0.0
feature,apolloconfig__apollo-4199,apolloconfig/apollo,Java,qwen3-coder:30b/content,11,True,5,4,1,10,0.0,0.0,0.0,0.0,0.0,0.0,0.0,0.0,0.0,0.0,0.0,0.0,0.0,0.0,0.0,0.0,0.0,0.0,0.0,0.0,0.0
feature,apolloconfig__apollo-4199,apolloconfig/apollo,Java,devstral-small-2:24b/paths,11,True,5,4,1,10,0.0,0.0,0.0,0.0,0.0,0.0,0.0,0.0,0.0,0.0,0.0,0.0,0.0,0.0,0.0,0.0,0.0,0.0,0.0,0.0,0.0
feature,apolloconfig__apollo-4199,apolloconfig/apollo,Java,devstral-small-2:24b/content,11,True,5,4,1,10,0.0,0.0,0.0,0.0,0.0,0.0,0.0,0.0,0.0,0.0,0.0,0.0,0.0,0.0,0.0,0.0,0.0,0.0,0.0,0.0,0.0
feature,apolloconfig__apollo-4199,apolloconfig/apollo,Java,navigation/restricted40,11,True,5,4,1,8,0.0,0.0,0.0,0.0,0.0,0.0,0.0,0.0,0.0,0.0,0.0,0.0,0.0,0.0,0.0,0.0,0.0,0.0,0.0,0.0,0.0
feature,apolloconfig__apollo-4199,apolloconfig/apollo,Java,navigation/repository,11,True,5,4,1,8,0.0,0.0,0.0,0.0,0.0,0.2,0.3333333333333333,0.3333333333333333,0.25,0.0,0.2,0.2,0.2,0.25,0.0,0.2,0.1,0.125,0.25,0.0,0.3333333333333333
feature,apache__rocketmq-4122,apache/rocketmq,Java,path_bm25,11,True,2,2,0,10,0.0,0.0,0.0,0.0,,0.0,0.0,0.0,0.0,,0.0,0.0,0.0,0.0,,0.0,0.0,0.0,0.0,,0.0
feature,apache__rocketmq-4122,apache/rocketmq,Java,content_bm25,11,True,2,2,0,10,0.0,0.0,0.0,0.0,,0.0,0.0,0.0,0.0,,0.0,0.0,0.0,0.0,,0.0,0.0,0.0,0.0,,0.0
feature,apache__rocketmq-4122,apache/rocketmq,Java,dense_minilm,11,True,2,2,0,10,0.0,0.0,0.0,0.0,,0.0,0.0,0.0,0.0,,0.0,0.0,0.0,0.0,,0.0,0.0,0.0,0.0,,0.0
feature,apache__rocketmq-4122,apache/rocketmq,Java,hybrid_rrf,11,True,2,2,0,10,0.0,0.0,0.0,0.0,,0.0,0.0,0.0,0.0,,0.0,0.0,0.0,0.0,,0.0,0.0,0.0,0.0,,0.0
feature,apache__rocketmq-4122,apache/rocketmq,Java,minilm256_pool100,11,True,2,2,0,10,0.0,0.0,0.0,0.0,,0.0,0.0,0.0,0.0,,0.0,0.0,0.0,0.0,,0.0,0.0,0.0,0.0,,0.0
feature,apache__rocketmq-4122,apache/rocketmq,Java,coderank256_pool100,11,True,2,2,0,10,0.0,0.0,0.0,0.0,,0.0,0.0,0.0,0.0,,0.0,0.0,0.0,0.0,,0.5,0.1,0.1,0.5,,0.14285714285714285
feature,apache__rocketmq-4122,apache/rocketmq,Java,coderank2048_pool100,11,True,2,2,0,10,0.0,0.0,0.0,0.0,,0.0,0.0,0.0,0.0,,0.0,0.0,0.0,0.0,,0.5,0.1,0.1,0.5,,0.1111111111111111
feature,apache__rocketmq-4122,apache/rocketmq,Java,qwen3-coder:30b/paths,11,True,2,2,0,10,0.5,1.0,1.0,0.5,,0.5,0.3333333333333333,0.3333333333333333,0.5,,0.5,0.2,0.2,0.5,,0.5,0.1,0.1,0.5,,1.0
feature,apache__rocketmq-4122,apache/rocketmq,Java,qwen3-coder:30b/content,11,True,2,2,0,10,0.5,1.0,1.0,0.5,,0.5,0.3333333333333333,0.3333333333333333,0.5,,0.5,0.2,0.2,0.5,,0.5,0.1,0.1,0.5,,1.0
feature,apache__rocketmq-4122,apache/rocketmq,Java,devstral-small-2:24b/paths,11,True,2,2,0,5,0.5,1.0,1.0,0.5,,0.5,0.3333333333333333,0.3333333333333333,0.5,,0.5,0.2,0.2,0.5,,0.5,0.1,0.2,0.5,,1.0
feature,apache__rocketmq-4122,apache/rocketmq,Java,devstral-small-2:24b/content,11,True,2,2,0,4,0.5,1.0,1.0,0.5,,0.5,0.3333333333333333,0.3333333333333333,0.5,,0.5,0.2,0.25,0.5,,0.5,0.1,0.25,0.5,,1.0
feature,apache__rocketmq-4122,apache/rocketmq,Java,navigation/restricted40,11,True,2,2,0,4,0.5,1.0,1.0,0.5,,0.5,0.3333333333333333,0.3333333333333333,0.5,,0.5,0.2,0.25,0.5,,0.5,0.1,0.25,0.5,,1.0
feature,apache__rocketmq-4122,apache/rocketmq,Java,navigation/restricted40,29,True,2,2,0,4,0.5,1.0,1.0,0.5,,0.5,0.3333333333333333,0.3333333333333333,0.5,,0.5,0.2,0.25,0.5,,0.5,0.1,0.25,0.5,,1.0
feature,apache__rocketmq-4122,apache/rocketmq,Java,navigation/restricted40,47,True,2,2,0,4,0.5,1.0,1.0,0.5,,0.5,0.3333333333333333,0.3333333333333333,0.5,,0.5,0.2,0.25,0.5,,0.5,0.1,0.25,0.5,,1.0
feature,apache__rocketmq-4122,apache/rocketmq,Java,navigation/repository,11,True,2,2,0,10,0.5,1.0,1.0,0.5,,0.5,0.3333333333333333,0.3333333333333333,0.5,,0.5,0.2,0.2,0.5,,0.5,0.1,0.1,0.5,,1.0
feature,apache__rocketmq-4122,apache/rocketmq,Java,navigation/repository,29,True,2,2,0,10,0.5,1.0,1.0,0.5,,0.5,0.3333333333333333,0.3333333333333333,0.5,,0.5,0.2,0.2,0.5,,0.5,0.1,0.1,0.5,,1.0
feature,apache__rocketmq-4122,apache/rocketmq,Java,navigation/repository,47,True,2,2,0,10,0.5,1.0,1.0,0.5,,0.5,0.3333333333333333,0.3333333333333333,0.5,,0.5,0.2,0.2,0.5,,0.5,0.1,0.1,0.5,,1.0
feature,apache__rocketmq-3862,apache/rocketmq,Java,path_bm25,11,True,2,1,1,10,0.0,0.0,0.0,0.0,0.0,0.0,0.0,0.0,0.0,0.0,0.0,0.0,0.0,0.0,0.0,0.0,0.0,0.0,0.0,0.0,0.0
feature,apache__rocketmq-3862,apache/rocketmq,Java,content_bm25,11,True,2,1,1,10,0.0,0.0,0.0,0.0,0.0,0.0,0.0,0.0,0.0,0.0,0.0,0.0,0.0,0.0,0.0,0.0,0.0,0.0,0.0,0.0,0.0
feature,apache__rocketmq-3862,apache/rocketmq,Java,dense_minilm,11,True,2,1,1,10,0.0,0.0,0.0,0.0,0.0,0.0,0.0,0.0,0.0,0.0,0.0,0.0,0.0,0.0,0.0,0.0,0.0,0.0,0.0,0.0,0.0
feature,apache__rocketmq-3862,apache/rocketmq,Java,hybrid_rrf,11,True,2,1,1,10,0.0,0.0,0.0,0.0,0.0,0.0,0.0,0.0,0.0,0.0,0.0,0.0,0.0,0.0,0.0,0.0,0.0,0.0,0.0,0.0,0.0
feature,apache__rocketmq-3862,apache/rocketmq,Java,minilm256_pool100,11,True,2,1,1,10,0.0,0.0,0.0,0.0,0.0,0.0,0.0,0.0,0.0,0.0,0.0,0.0,0.0,0.0,0.0,0.0,0.0,0.0,0.0,0.0,0.0
feature,apache__rocketmq-3862,apache/rocketmq,Java,coderank256_pool100,11,True,2,1,1,10,0.0,0.0,0.0,0.0,0.0,0.0,0.0,0.0,0.0,0.0,0.0,0.0,0.0,0.0,0.0,0.0,0.0,0.0,0.0,0.0,0.0
feature,apache__rocketmq-3862,apache/rocketmq,Java,coderank2048_pool100,11,True,2,1,1,10,0.0,0.0,0.0,0.0,0.0,0.0,0.0,0.0,0.0,0.0,0.0,0.0,0.0,0.0,0.0,0.0,0.0,0.0,0.0,0.0,0.0
feature,apache__rocketmq-3862,apache/rocketmq,Java,qwen3-coder:30b/paths,11,True,2,1,1,10,0.0,0.0,0.0,0.0,0.0,0.0,0.0,0.0,0.0,0.0,0.0,0.0,0.0,0.0,0.0,0.0,0.0,0.0,0.0,0.0,0.0
feature,apache__rocketmq-3862,apache/rocketmq,Java,qwen3-coder:30b/content,11,True,2,1,1,10,0.0,0.0,0.0,0.0,0.0,0.0,0.0,0.0,0.0,0.0,0.0,0.0,0.0,0.0,0.0,0.0,0.0,0.0,0.0,0.0,0.0
feature,apache__rocketmq-3862,apache/rocketmq,Java,devstral-small-2:24b/paths,11,True,2,1,1,3,0.0,0.0,0.0,0.0,0.0,0.0,0.0,0.0,0.0,0.0,0.0,0.0,0.0,0.0,0.0,0.0,0.0,0.0,0.0,0.0,0.0
feature,apache__rocketmq-3862,apache/rocketmq,Java,devstral-small-2:24b/content,11,True,2,1,1,2,0.0,0.0,0.0,0.0,0.0,0.0,0.0,0.0,0.0,0.0,0.0,0.0,0.0,0.0,0.0,0.0,0.0,0.0,0.0,0.0,0.0
feature,apache__rocketmq-3862,apache/rocketmq,Java,navigation/restricted40,11,True,2,1,1,2,0.0,0.0,0.0,0.0,0.0,0.0,0.0,0.0,0.0,0.0,0.0,0.0,0.0,0.0,0.0,0.0,0.0,0.0,0.0,0.0,0.0
feature,apache__rocketmq-3862,apache/rocketmq,Java,navigation/repository,11,True,2,1,1,10,0.0,0.0,0.0,0.0,0.0,0.0,0.0,0.0,0.0,0.0,0.0,0.0,0.0,0.0,0.0,0.0,0.0,0.0,0.0,0.0,0.0
feature,apache__rocketmq-7544,apache/rocketmq,Java,path_bm25,11,True,14,14,0,10,0.0,0.0,0.0,0.0,,0.0,0.0,0.0,0.0,,0.0,0.0,0.0,0.0,,0.0,0.0,0.0,0.0,,0.0
feature,apache__rocketmq-7544,apache/rocketmq,Java,content_bm25,11,True,14,14,0,10,0.0,0.0,0.0,0.0,,0.0,0.0,0.0,0.0,,0.0,0.0,0.0,0.0,,0.0,0.0,0.0,0.0,,0.0
feature,apache__rocketmq-7544,apache/rocketmq,Java,dense_minilm,11,True,14,14,0,10,0.0,0.0,0.0,0.0,,0.0,0.0,0.0,0.0,,0.0,0.0,0.0,0.0,,0.0,0.0,0.0,0.0,,0.0
feature,apache__rocketmq-7544,apache/rocketmq,Java,hybrid_rrf,11,True,14,14,0,10,0.0,0.0,0.0,0.0,,0.0,0.0,0.0,0.0,,0.0,0.0,0.0,0.0,,0.0,0.0,0.0,0.0,,0.0
feature,apache__rocketmq-7544,apache/rocketmq,Java,minilm256_pool100,11,True,14,14,0,10,0.0,0.0,0.0,0.0,,0.0,0.0,0.0,0.0,,0.0,0.0,0.0,0.0,,0.0,0.0,0.0,0.0,,0.0
feature,apache__rocketmq-7544,apache/rocketmq,Java,coderank256_pool100,11,True,14,14,0,10,0.0,0.0,0.0,0.0,,0.07142857142857142,0.3333333333333333,0.3333333333333333,0.07142857142857142,,0.07142857142857142,0.2,0.2,0.07142857142857142,,0.07142857142857142,0.1,0.1,0.07142857142857142,,0.5
feature,apache__rocketmq-7544,apache/rocketmq,Java,coderank2048_pool100,11,True,14,14,0,10,0.0,0.0,0.0,0.0,,0.0,0.0,0.0,0.0,,0.0,0.0,0.0,0.0,,0.0,0.0,0.0,0.0,,0.0
feature,apache__rocketmq-7544,apache/rocketmq,Java,qwen3-coder:30b/paths,11,True,14,14,0,10,0.0,0.0,0.0,0.0,,0.0,0.0,0.0,0.0,,0.0,0.0,0.0,0.0,,0.0,0.0,0.0,0.0,,0.0
feature,apache__rocketmq-7544,apache/rocketmq,Java,qwen3-coder:30b/content,11,True,14,14,0,10,0.0,0.0,0.0,0.0,,0.0,0.0,0.0,0.0,,0.0,0.0,0.0,0.0,,0.0,0.0,0.0,0.0,,0.0
feature,apache__rocketmq-7544,apache/rocketmq,Java,devstral-small-2:24b/paths,11,True,14,14,0,10,0.0,0.0,0.0,0.0,,0.0,0.0,0.0,0.0,,0.0,0.0,0.0,0.0,,0.0,0.0,0.0,0.0,,0.0
feature,apache__rocketmq-7544,apache/rocketmq,Java,devstral-small-2:24b/content,11,True,14,14,0,2,0.0,0.0,0.0,0.0,,0.0,0.0,0.0,0.0,,0.0,0.0,0.0,0.0,,0.0,0.0,0.0,0.0,,0.0
feature,apache__rocketmq-7544,apache/rocketmq,Java,navigation/restricted40,11,True,14,14,0,0,0.0,0.0,0.0,0.0,,0.0,0.0,0.0,0.0,,0.0,0.0,0.0,0.0,,0.0,0.0,0.0,0.0,,0.0
feature,apache__rocketmq-7544,apache/rocketmq,Java,navigation/restricted40,29,True,14,14,0,0,0.0,0.0,0.0,0.0,,0.0,0.0,0.0,0.0,,0.0,0.0,0.0,0.0,,0.0,0.0,0.0,0.0,,0.0
feature,apache__rocketmq-7544,apache/rocketmq,Java,navigation/restricted40,47,True,14,14,0,0,0.0,0.0,0.0,0.0,,0.0,0.0,0.0,0.0,,0.0,0.0,0.0,0.0,,0.0,0.0,0.0,0.0,,0.0
feature,apache__rocketmq-7544,apache/rocketmq,Java,navigation/repository,11,True,14,14,0,10,0.07142857142857142,1.0,1.0,0.07142857142857142,,0.21428571428571427,1.0,1.0,0.21428571428571427,,0.21428571428571427,0.6,0.6,0.21428571428571427,,0.2857142857142857,0.4,0.4,0.2857142857142857,,1.0
feature,apache__rocketmq-7544,apache/rocketmq,Java,navigation/repository,29,True,14,14,0,10,0.07142857142857142,1.0,1.0,0.07142857142857142,,0.21428571428571427,1.0,1.0,0.21428571428571427,,0.21428571428571427,0.6,0.6,0.21428571428571427,,0.2857142857142857,0.4,0.4,0.2857142857142857,,1.0
feature,apache__rocketmq-7544,apache/rocketmq,Java,navigation/repository,47,True,14,14,0,10,0.07142857142857142,1.0,1.0,0.07142857142857142,,0.21428571428571427,1.0,1.0,0.21428571428571427,,0.21428571428571427,0.6,0.6,0.21428571428571427,,0.2857142857142857,0.4,0.4,0.2857142857142857,,1.0
feature,apolloconfig__apollo-4119,apolloconfig/apollo,Java,path_bm25,11,True,12,8,4,10,0.0,0.0,0.0,0.0,0.0,0.0,0.0,0.0,0.0,0.0,0.0,0.0,0.0,0.0,0.0,0.0,0.0,0.0,0.0,0.0,0.0
feature,apolloconfig__apollo-4119,apolloconfig/apollo,Java,content_bm25,11,True,12,8,4,10,0.0,0.0,0.0,0.0,0.0,0.0,0.0,0.0,0.0,0.0,0.0,0.0,0.0,0.0,0.0,0.0,0.0,0.0,0.0,0.0,0.0
feature,apolloconfig__apollo-4119,apolloconfig/apollo,Java,dense_minilm,11,True,12,8,4,10,0.0,0.0,0.0,0.0,0.0,0.08333333333333333,0.3333333333333333,0.3333333333333333,0.125,0.0,0.08333333333333333,0.2,0.2,0.125,0.0,0.16666666666666666,0.2,0.2,0.25,0.0,0.3333333333333333
feature,apolloconfig__apollo-4119,apolloconfig/apollo,Java,hybrid_rrf,11,True,12,8,4,10,0.0,0.0,0.0,0.0,0.0,0.08333333333333333,0.3333333333333333,0.3333333333333333,0.125,0.0,0.16666666666666666,0.4,0.4,0.25,0.0,0.16666666666666666,0.2,0.2,0.25,0.0,0.3333333333333333
feature,apolloconfig__apollo-4119,apolloconfig/apollo,Java,minilm256_pool100,11,True,12,8,4,10,0.0,0.0,0.0,0.0,0.0,0.08333333333333333,0.3333333333333333,0.3333333333333333,0.125,0.0,0.08333333333333333,0.2,0.2,0.125,0.0,0.16666666666666666,0.2,0.2,0.25,0.0,0.3333333333333333
feature,apolloconfig__apollo-4119,apolloconfig/apollo,Java,coderank256_pool100,11,True,12,8,4,10,0.0,0.0,0.0,0.0,0.0,0.0,0.0,0.0,0.0,0.0,0.0,0.0,0.0,0.0,0.0,0.08333333333333333,0.1,0.1,0.125,0.0,0.1111111111111111
feature,apolloconfig__apollo-4119,apolloconfig/apollo,Java,coderank2048_pool100,11,True,12,8,4,10,0.0,0.0,0.0,0.0,0.0,0.0,0.0,0.0,0.0,0.0,0.0,0.0,0.0,0.0,0.0,0.08333333333333333,0.1,0.1,0.125,0.0,0.1
feature,apolloconfig__apollo-4119,apolloconfig/apollo,Java,qwen3-coder:30b/paths,11,True,12,8,4,10,0.08333333333333333,1.0,1.0,0.125,0.0,0.25,1.0,1.0,0.375,0.0,0.25,0.6,0.6,0.375,0.0,0.25,0.3,0.3,0.375,0.0,1.0
feature,apolloconfig__apollo-4119,apolloconfig/apollo,Java,qwen3-coder:30b/content,11,True,12,8,4,10,0.08333333333333333,1.0,1.0,0.125,0.0,0.16666666666666666,0.6666666666666666,0.6666666666666666,0.25,0.0,0.16666666666666666,0.4,0.4,0.25,0.0,0.25,0.3,0.3,0.375,0.0,1.0
feature,apolloconfig__apollo-4119,apolloconfig/apollo,Java,devstral-small-2:24b/paths,11,True,12,8,4,10,0.08333333333333333,1.0,1.0,0.125,0.0,0.08333333333333333,0.3333333333333333,0.3333333333333333,0.125,0.0,0.08333333333333333,0.2,0.2,0.125,0.0,0.08333333333333333,0.1,0.1,0.125,0.0,1.0
feature,apolloconfig__apollo-4119,apolloconfig/apollo,Java,devstral-small-2:24b/content,11,True,12,8,4,10,0.0,0.0,0.0,0.0,0.0,0.0,0.0,0.0,0.0,0.0,0.0,0.0,0.0,0.0,0.0,0.0,0.0,0.0,0.0,0.0,0.0
feature,apolloconfig__apollo-4119,apolloconfig/apollo,Java,navigation/restricted40,11,True,12,8,4,10,0.0,0.0,0.0,0.0,0.0,0.0,0.0,0.0,0.0,0.0,0.16666666666666666,0.4,0.4,0.25,0.0,0.16666666666666666,0.2,0.2,0.25,0.0,0.25
feature,apolloconfig__apollo-4119,apolloconfig/apollo,Java,navigation/restricted40,29,True,12,8,4,10,0.0,0.0,0.0,0.0,0.0,0.0,0.0,0.0,0.0,0.0,0.16666666666666666,0.4,0.4,0.25,0.0,0.25,0.3,0.3,0.375,0.0,0.25
feature,apolloconfig__apollo-4119,apolloconfig/apollo,Java,navigation/restricted40,47,True,12,8,4,9,0.0,0.0,0.0,0.0,0.0,0.0,0.0,0.0,0.0,0.0,0.16666666666666666,0.4,0.4,0.25,0.0,0.16666666666666666,0.2,0.2222222222222222,0.25,0.0,0.25
feature,apolloconfig__apollo-4119,apolloconfig/apollo,Java,navigation/repository,11,True,12,8,4,10,0.08333333333333333,1.0,1.0,0.125,0.0,0.16666666666666666,0.6666666666666666,0.6666666666666666,0.25,0.0,0.3333333333333333,0.8,0.8,0.375,0.25,0.3333333333333333,0.4,0.4,0.375,0.25,1.0
feature,apolloconfig__apollo-4119,apolloconfig/apollo,Java,navigation/repository,29,True,12,8,4,10,0.08333333333333333,1.0,1.0,0.125,0.0,0.16666666666666666,0.6666666666666666,0.6666666666666666,0.25,0.0,0.3333333333333333,0.8,0.8,0.375,0.25,0.3333333333333333,0.4,0.4,0.375,0.25,1.0
feature,apolloconfig__apollo-4119,apolloconfig/apollo,Java,navigation/repository,47,True,12,8,4,10,0.0,0.0,0.0,0.0,0.0,0.0,0.0,0.0,0.0,0.0,0.0,0.0,0.0,0.0,0.0,0.08333333333333333,0.1,0.1,0.125,0.0,0.14285714285714285
feature,trinodb__trino-741,trinodb/trino,Java,path_bm25,11,True,4,3,1,10,0.0,0.0,0.0,0.0,0.0,0.0,0.0,0.0,0.0,0.0,0.5,0.4,0.4,0.6666666666666666,0.0,0.5,0.2,0.2,0.6666666666666666,0.0,0.25
feature,trinodb__trino-741,trinodb/trino,Java,content_bm25,11,True,4,3,1,10,0.0,0.0,0.0,0.0,0.0,0.0,0.0,0.0,0.0,0.0,0.0,0.0,0.0,0.0,0.0,0.25,0.1,0.1,0.3333333333333333,0.0,0.1
feature,trinodb__trino-741,trinodb/trino,Java,dense_minilm,11,True,4,3,1,10,0.25,1.0,1.0,0.3333333333333333,0.0,0.25,0.3333333333333333,0.3333333333333333,0.3333333333333333,0.0,0.5,0.4,0.4,0.6666666666666666,0.0,1.0,0.4,0.4,1.0,1.0,1.0
feature,trinodb__trino-741,trinodb/trino,Java,hybrid_rrf,11,True,4,3,1,10,0.25,1.0,1.0,0.3333333333333333,0.0,0.75,1.0,1.0,1.0,0.0,1.0,0.8,0.8,1.0,1.0,1.0,0.4,0.4,1.0,1.0,1.0
feature,trinodb__trino-741,trinodb/trino,Java,minilm256_pool100,11,True,4,3,1,10,0.25,1.0,1.0,0.3333333333333333,0.0,0.25,0.3333333333333333,0.3333333333333333,0.3333333333333333,0.0,0.5,0.4,0.4,0.6666666666666666,0.0,1.0,0.4,0.4,1.0,1.0,1.0
feature,trinodb__trino-741,trinodb/trino,Java,coderank256_pool100,11,True,4,3,1,10,0.25,1.0,1.0,0.3333333333333333,0.0,0.75,1.0,1.0,0.6666666666666666,1.0,0.75,0.6,0.6,0.6666666666666666,1.0,0.75,0.3,0.3,0.6666666666666666,1.0,1.0
feature,trinodb__trino-741,trinodb/trino,Java,coderank2048_pool100,11,True,4,3,1,10,0.0,0.0,0.0,0.0,0.0,0.0,0.0,0.0,0.0,0.0,0.0,0.0,0.0,0.0,0.0,0.25,0.1,0.1,0.3333333333333333,0.0,0.14285714285714285
feature,trinodb__trino-741,trinodb/trino,Java,qwen3-coder:30b/paths,11,True,4,3,1,10,0.25,1.0,1.0,0.3333333333333333,0.0,0.5,0.6666666666666666,0.6666666666666666,0.6666666666666666,0.0,0.5,0.4,0.4,0.6666666666666666,0.0,1.0,0.4,0.4,1.0,1.0,1.0
feature,trinodb__trino-741,trinodb/trino,Java,qwen3-coder:30b/content,11,True,4,3,1,10,0.25,1.0,1.0,0.3333333333333333,0.0,0.75,1.0,1.0,1.0,0.0,0.75,0.6,0.6,1.0,0.0,1.0,0.4,0.4,1.0,1.0,1.0
feature,trinodb__trino-741,trinodb/trino,Java,devstral-small-2:24b/paths,11,True,4,3,1,7,0.25,1.0,1.0,0.3333333333333333,0.0,0.5,0.6666666666666666,0.6666666666666666,0.3333333333333333,1.0,0.5,0.4,0.4,0.3333333333333333,1.0,0.5,0.2,0.2857142857142857,0.3333333333333333,1.0,1.0
feature,trinodb__trino-741,trinodb/trino,Java,devstral-small-2:24b/content,11,True,4,3,1,10,0.25,1.0,1.0,0.3333333333333333,0.0,0.5,0.6666666666666666,0.6666666666666666,0.3333333333333333,1.0,0.5,0.4,0.4,0.3333333333333333,1.0,0.5,0.2,0.2,0.3333333333333333,1.0,1.0
feature,trinodb__trino-741,trinodb/trino,Java,navigation/restricted40,11,True,4,3,1,10,0.25,1.0,1.0,0.3333333333333333,0.0,0.75,1.0,1.0,1.0,0.0,1.0,0.8,0.8,1.0,1.0,1.0,0.4,0.4,1.0,1.0,1.0
feature,trinodb__trino-741,trinodb/trino,Java,navigation/repository,11,True,4,3,1,10,0.25,1.0,1.0,0.3333333333333333,0.0,0.5,0.6666666666666666,0.6666666666666666,0.6666666666666666,0.0,0.75,0.6,0.6,0.6666666666666666,1.0,0.75,0.3,0.3,0.6666666666666666,1.0,1.0
feature,trinodb__trino-1872,trinodb/trino,Java,path_bm25,11,True,8,3,5,10,0.0,0.0,0.0,0.0,0.0,0.0,0.0,0.0,0.0,0.0,0.0,0.0,0.0,0.0,0.0,0.0,0.0,0.0,0.0,0.0,0.0
feature,trinodb__trino-1872,trinodb/trino,Java,content_bm25,11,True,8,3,5,10,0.0,0.0,0.0,0.0,0.0,0.125,0.3333333333333333,0.3333333333333333,0.0,0.2,0.125,0.2,0.2,0.0,0.2,0.125,0.1,0.1,0.0,0.2,0.3333333333333333
feature,trinodb__trino-1872,trinodb/trino,Java,dense_minilm,11,True,8,3,5,10,0.0,0.0,0.0,0.0,0.0,0.0,0.0,0.0,0.0,0.0,0.0,0.0,0.0,0.0,0.0,0.0,0.0,0.0,0.0,0.0,0.0
feature,trinodb__trino-1872,trinodb/trino,Java,hybrid_rrf,11,True,8,3,5,10,0.0,0.0,0.0,0.0,0.0,0.0,0.0,0.0,0.0,0.0,0.0,0.0,0.0,0.0,0.0,0.125,0.1,0.1,0.0,0.2,0.125
feature,trinodb__trino-1872,trinodb/trino,Java,minilm256_pool100,11,True,8,3,5,10,0.0,0.0,0.0,0.0,0.0,0.0,0.0,0.0,0.0,0.0,0.0,0.0,0.0,0.0,0.0,0.0,0.0,0.0,0.0,0.0,0.0
feature,trinodb__trino-1872,trinodb/trino,Java,coderank256_pool100,11,True,8,3,5,10,0.0,0.0,0.0,0.0,0.0,0.0,0.0,0.0,0.0,0.0,0.0,0.0,0.0,0.0,0.0,0.0,0.0,0.0,0.0,0.0,0.0
feature,trinodb__trino-1872,trinodb/trino,Java,coderank2048_pool100,11,True,8,3,5,10,0.0,0.0,0.0,0.0,0.0,0.0,0.0,0.0,0.0,0.0,0.0,0.0,0.0,0.0,0.0,0.0,0.0,0.0,0.0,0.0,0.0
feature,trinodb__trino-1872,trinodb/trino,Java,qwen3-coder:30b/paths,11,True,8,3,5,10,0.0,0.0,0.0,0.0,0.0,0.0,0.0,0.0,0.0,0.0,0.125,0.2,0.2,0.0,0.2,0.125,0.1,0.1,0.0,0.2,0.25
feature,trinodb__trino-1872,trinodb/trino,Java,qwen3-coder:30b/content,11,True,8,3,5,10,0.0,0.0,0.0,0.0,0.0,0.0,0.0,0.0,0.0,0.0,0.0,0.0,0.0,0.0,0.0,0.125,0.1,0.1,0.0,0.2,0.1111111111111111
feature,trinodb__trino-1872,trinodb/trino,Java,devstral-small-2:24b/paths,11,True,8,3,5,10,0.0,0.0,0.0,0.0,0.0,0.0,0.0,0.0,0.0,0.0,0.125,0.2,0.2,0.0,0.2,0.125,0.1,0.1,0.0,0.2,0.2
feature,trinodb__trino-1872,trinodb/trino,Java,devstral-small-2:24b/content,11,True,8,3,5,10,0.0,0.0,0.0,0.0,0.0,0.0,0.0,0.0,0.0,0.0,0.0,0.0,0.0,0.0,0.0,0.0,0.0,0.0,0.0,0.0,0.0
feature,trinodb__trino-1872,trinodb/trino,Java,navigation/restricted40,11,True,8,3,5,10,0.125,1.0,1.0,0.0,0.2,0.125,0.3333333333333333,0.3333333333333333,0.0,0.2,0.125,0.2,0.2,0.0,0.2,0.125,0.1,0.1,0.0,0.2,1.0
feature,trinodb__trino-1872,trinodb/trino,Java,navigation/repository,11,True,8,3,5,10,0.0,0.0,0.0,0.0,0.0,0.25,0.6666666666666666,0.6666666666666666,0.6666666666666666,0.0,0.25,0.4,0.4,0.6666666666666666,0.0,0.375,0.3,0.3,0.6666666666666666,0.2,0.5
feature,trinodb__trino-1174,trinodb/trino,Java,path_bm25,11,True,15,13,2,10,0.0,0.0,0.0,0.0,0.0,0.06666666666666667,0.3333333333333333,0.3333333333333333,0.07692307692307693,0.0,0.2,0.6,0.6,0.23076923076923078,0.0,0.2,0.3,0.3,0.23076923076923078,0.0,0.5
feature,trinodb__trino-1174,trinodb/trino,Java,content_bm25,11,True,15,13,2,10,0.0,0.0,0.0,0.0,0.0,0.0,0.0,0.0,0.0,0.0,0.06666666666666667,0.2,0.2,0.07692307692307693,0.0,0.13333333333333333,0.2,0.2,0.15384615384615385,0.0,0.2
feature,trinodb__trino-1174,trinodb/trino,Java,dense_minilm,11,True,15,13,2,10,0.0,0.0,0.0,0.0,0.0,0.0,0.0,0.0,0.0,0.0,0.0,0.0,0.0,0.0,0.0,0.0,0.0,0.0,0.0,0.0,0.0
feature,trinodb__trino-1174,trinodb/trino,Java,hybrid_rrf,11,True,15,13,2,10,0.06666666666666667,1.0,1.0,0.07692307692307693,0.0,0.13333333333333333,0.6666666666666666,0.6666666666666666,0.15384615384615385,0.0,0.2,0.6,0.6,0.23076923076923078,0.0,0.26666666666666666,0.4,0.4,0.3076923076923077,0.0,1.0
feature,trinodb__trino-1174,trinodb/trino,Java,minilm256_pool100,11,True,15,13,2,10,0.0,0.0,0.0,0.0,0.0,0.0,0.0,0.0,0.0,0.0,0.0,0.0,0.0,0.0,0.0,0.0,0.0,0.0,0.0,0.0,0.0
feature,trinodb__trino-1174,trinodb/trino,Java,coderank256_pool100,11,True,15,13,2,10,0.0,0.0,0.0,0.0,0.0,0.0,0.0,0.0,0.0,0.0,0.0,0.0,0.0,0.0,0.0,0.2,0.3,0.3,0.15384615384615385,0.5,0.16666666666666666
feature,trinodb__trino-1174,trinodb/trino,Java,coderank2048_pool100,11,True,15,13,2,10,0.06666666666666667,1.0,1.0,0.07692307692307693,0.0,0.13333333333333333,0.6666666666666666,0.6666666666666666,0.07692307692307693,0.5,0.13333333333333333,0.4,0.4,0.07692307692307693,0.5,0.13333333333333333,0.2,0.2,0.07692307692307693,0.5,1.0
feature,trinodb__trino-1174,trinodb/trino,Java,qwen3-coder:30b/paths,11,True,15,13,2,10,0.06666666666666667,1.0,1.0,0.07692307692307693,0.0,0.13333333333333333,0.6666666666666666,0.6666666666666666,0.15384615384615385,0.0,0.2,0.6,0.6,0.23076923076923078,0.0,0.26666666666666666,0.4,0.4,0.3076923076923077,0.0,1.0
feature,trinodb__trino-1174,trinodb/trino,Java,qwen3-coder:30b/content,11,True,15,13,2,10,0.06666666666666667,1.0,1.0,0.07692307692307693,0.0,0.13333333333333333,0.6666666666666666,0.6666666666666666,0.15384615384615385,0.0,0.13333333333333333,0.4,0.4,0.15384615384615385,0.0,0.3333333333333333,0.5,0.5,0.38461538461538464,0.0,1.0
feature,trinodb__trino-1174,trinodb/trino,Java,devstral-small-2:24b/paths,11,True,15,13,2,10,0.06666666666666667,1.0,1.0,0.07692307692307693,0.0,0.06666666666666667,0.3333333333333333,0.3333333333333333,0.07692307692307693,0.0,0.13333333333333333,0.4,0.4,0.15384615384615385,0.0,0.26666666666666666,0.4,0.4,0.3076923076923077,0.0,1.0
feature,trinodb__trino-1174,trinodb/trino,Java,devstral-small-2:24b/content,11,True,15,13,2,10,0.06666666666666667,1.0,1.0,0.07692307692307693,0.0,0.06666666666666667,0.3333333333333333,0.3333333333333333,0.07692307692307693,0.0,0.2,0.6,0.6,0.23076923076923078,0.0,0.26666666666666666,0.4,0.4,0.3076923076923077,0.0,1.0
feature,trinodb__trino-1174,trinodb/trino,Java,navigation/restricted40,11,True,15,13,2,10,0.06666666666666667,1.0,1.0,0.07692307692307693,0.0,0.13333333333333333,0.6666666666666666,0.6666666666666666,0.15384615384615385,0.0,0.2,0.6,0.6,0.23076923076923078,0.0,0.26666666666666666,0.4,0.4,0.3076923076923077,0.0,1.0
feature,trinodb__trino-1174,trinodb/trino,Java,navigation/repository,11,True,15,13,2,10,0.06666666666666667,1.0,1.0,0.07692307692307693,0.0,0.13333333333333333,0.6666666666666666,0.6666666666666666,0.15384615384615385,0.0,0.26666666666666666,0.8,0.8,0.3076923076923077,0.0,0.3333333333333333,0.5,0.5,0.38461538461538464,0.0,1.0
feature,trinodb__trino-117,trinodb/trino,Java,path_bm25,11,True,2,1,1,10,0.0,0.0,0.0,0.0,0.0,0.0,0.0,0.0,0.0,0.0,1.0,0.4,0.4,1.0,1.0,1.0,0.2,0.2,1.0,1.0,0.25
feature,trinodb__trino-117,trinodb/trino,Java,content_bm25,11,True,2,1,1,10,0.0,0.0,0.0,0.0,0.0,0.0,0.0,0.0,0.0,0.0,0.5,0.2,0.2,1.0,0.0,0.5,0.1,0.1,1.0,0.0,0.25
feature,trinodb__trino-117,trinodb/trino,Java,dense_minilm,11,True,2,1,1,10,0.0,0.0,0.0,0.0,0.0,0.0,0.0,0.0,0.0,0.0,0.0,0.0,0.0,0.0,0.0,0.0,0.0,0.0,0.0,0.0,0.0
feature,trinodb__trino-117,trinodb/trino,Java,hybrid_rrf,11,True,2,1,1,10,0.0,0.0,0.0,0.0,0.0,0.0,0.0,0.0,0.0,0.0,0.0,0.0,0.0,0.0,0.0,0.5,0.1,0.1,1.0,0.0,0.16666666666666666
feature,trinodb__trino-117,trinodb/trino,Java,minilm256_pool100,11,True,2,1,1,10,0.0,0.0,0.0,0.0,0.0,0.0,0.0,0.0,0.0,0.0,0.0,0.0,0.0,0.0,0.0,0.0,0.0,0.0,0.0,0.0,0.0
feature,trinodb__trino-117,trinodb/trino,Java,coderank256_pool100,11,True,2,1,1,10,0.0,0.0,0.0,0.0,0.0,0.0,0.0,0.0,0.0,0.0,0.5,0.2,0.2,1.0,0.0,0.5,0.1,0.1,1.0,0.0,0.25
feature,trinodb__trino-117,trinodb/trino,Java,coderank2048_pool100,11,True,2,1,1,10,0.0,0.0,0.0,0.0,0.0,0.0,0.0,0.0,0.0,0.0,0.0,0.0,0.0,0.0,0.0,0.0,0.0,0.0,0.0,0.0,0.0
feature,trinodb__trino-117,trinodb/trino,Java,qwen3-coder:30b/paths,11,True,2,1,1,10,0.5,1.0,1.0,1.0,0.0,0.5,0.3333333333333333,0.3333333333333333,1.0,0.0,0.5,0.2,0.2,1.0,0.0,0.5,0.1,0.1,1.0,0.0,1.0
feature,trinodb__trino-117,trinodb/trino,Java,qwen3-coder:30b/content,11,True,2,1,1,10,0.5,1.0,1.0,1.0,0.0,0.5,0.3333333333333333,0.3333333333333333,1.0,0.0,0.5,0.2,0.2,1.0,0.0,0.5,0.1,0.1,1.0,0.0,1.0
feature,trinodb__trino-117,trinodb/trino,Java,devstral-small-2:24b/paths,11,True,2,1,1,4,0.5,1.0,1.0,1.0,0.0,0.5,0.3333333333333333,0.3333333333333333,1.0,0.0,0.5,0.2,0.25,1.0,0.0,0.5,0.1,0.25,1.0,0.0,1.0
feature,trinodb__trino-117,trinodb/trino,Java,devstral-small-2:24b/content,11,True,2,1,1,10,0.5,1.0,1.0,1.0,0.0,0.5,0.3333333333333333,0.3333333333333333,1.0,0.0,0.5,0.2,0.2,1.0,0.0,0.5,0.1,0.1,1.0,0.0,1.0
feature,trinodb__trino-117,trinodb/trino,Java,navigation/restricted40,11,True,2,1,1,10,0.5,1.0,1.0,1.0,0.0,0.5,0.3333333333333333,0.3333333333333333,1.0,0.0,0.5,0.2,0.2,1.0,0.0,0.5,0.1,0.1,1.0,0.0,1.0
feature,trinodb__trino-117,trinodb/trino,Java,navigation/repository,11,True,2,1,1,10,0.5,1.0,1.0,1.0,0.0,0.5,0.3333333333333333,0.3333333333333333,1.0,0.0,0.5,0.2,0.2,1.0,0.0,0.5,0.1,0.1,1.0,0.0,1.0
feature,trinodb__trino-5507,trinodb/trino,Java,path_bm25,11,True,5,3,2,10,0.0,0.0,0.0,0.0,0.0,0.4,0.6666666666666666,0.6666666666666666,0.3333333333333333,0.5,0.4,0.4,0.4,0.3333333333333333,0.5,0.4,0.2,0.2,0.3333333333333333,0.5,0.5
feature,trinodb__trino-5507,trinodb/trino,Java,content_bm25,11,True,5,3,2,10,0.0,0.0,0.0,0.0,0.0,0.0,0.0,0.0,0.0,0.0,0.0,0.0,0.0,0.0,0.0,0.0,0.0,0.0,0.0,0.0,0.0
feature,trinodb__trino-5507,trinodb/trino,Java,dense_minilm,11,True,5,3,2,10,0.0,0.0,0.0,0.0,0.0,0.0,0.0,0.0,0.0,0.0,0.0,0.0,0.0,0.0,0.0,0.0,0.0,0.0,0.0,0.0,0.0
feature,trinodb__trino-5507,trinodb/trino,Java,hybrid_rrf,11,True,5,3,2,10,0.0,0.0,0.0,0.0,0.0,0.0,0.0,0.0,0.0,0.0,0.0,0.0,0.0,0.0,0.0,0.0,0.0,0.0,0.0,0.0,0.0
feature,trinodb__trino-5507,trinodb/trino,Java,minilm256_pool100,11,True,5,3,2,10,0.0,0.0,0.0,0.0,0.0,0.0,0.0,0.0,0.0,0.0,0.0,0.0,0.0,0.0,0.0,0.0,0.0,0.0,0.0,0.0,0.0
feature,trinodb__trino-5507,trinodb/trino,Java,coderank256_pool100,11,True,5,3,2,10,0.0,0.0,0.0,0.0,0.0,0.0,0.0,0.0,0.0,0.0,0.0,0.0,0.0,0.0,0.0,0.0,0.0,0.0,0.0,0.0,0.0
feature,trinodb__trino-5507,trinodb/trino,Java,coderank2048_pool100,11,True,5,3,2,10,0.0,0.0,0.0,0.0,0.0,0.0,0.0,0.0,0.0,0.0,0.0,0.0,0.0,0.0,0.0,0.0,0.0,0.0,0.0,0.0,0.0
feature,trinodb__trino-5507,trinodb/trino,Java,qwen3-coder:30b/paths,11,True,5,3,2,10,0.2,1.0,1.0,0.3333333333333333,0.0,0.2,0.3333333333333333,0.3333333333333333,0.3333333333333333,0.0,0.2,0.2,0.2,0.3333333333333333,0.0,0.2,0.1,0.1,0.3333333333333333,0.0,1.0
feature,trinodb__trino-5507,trinodb/trino,Java,qwen3-coder:30b/content,11,True,5,3,2,10,0.0,0.0,0.0,0.0,0.0,0.0,0.0,0.0,0.0,0.0,0.0,0.0,0.0,0.0,0.0,0.2,0.1,0.1,0.3333333333333333,0.0,0.1
feature,trinodb__trino-5507,trinodb/trino,Java,devstral-small-2:24b/paths,11,True,5,3,2,10,0.0,0.0,0.0,0.0,0.0,0.2,0.3333333333333333,0.3333333333333333,0.3333333333333333,0.0,0.2,0.2,0.2,0.3333333333333333,0.0,0.2,0.1,0.1,0.3333333333333333,0.0,0.5
feature,trinodb__trino-5507,trinodb/trino,Java,devstral-small-2:24b/content,11,True,5,3,2,10,0.0,0.0,0.0,0.0,0.0,0.0,0.0,0.0,0.0,0.0,0.0,0.0,0.0,0.0,0.0,0.0,0.0,0.0,0.0,0.0,0.0
feature,trinodb__trino-5507,trinodb/trino,Java,navigation/restricted40,11,True,5,3,2,10,0.0,0.0,0.0,0.0,0.0,0.2,0.3333333333333333,0.3333333333333333,0.3333333333333333,0.0,0.2,0.2,0.2,0.3333333333333333,0.0,0.2,0.1,0.1,0.3333333333333333,0.0,0.3333333333333333
feature,trinodb__trino-5507,trinodb/trino,Java,navigation/repository,11,False,5,3,2,0,0.0,0.0,0.0,0.0,0.0,0.0,0.0,0.0,0.0,0.0,0.0,0.0,0.0,0.0,0.0,0.0,0.0,0.0,0.0,0.0,0.0
feature,trinodb__trino-4458,trinodb/trino,Java,path_bm25,11,True,4,2,2,10,0.0,0.0,0.0,0.0,0.0,0.25,0.3333333333333333,0.3333333333333333,0.5,0.0,0.25,0.2,0.2,0.5,0.0,0.5,0.2,0.2,0.5,0.5,0.5
feature,trinodb__trino-4458,trinodb/trino,Java,content_bm25,11,True,4,2,2,10,0.0,0.0,0.0,0.0,0.0,0.0,0.0,0.0,0.0,0.0,0.0,0.0,0.0,0.0,0.0,0.0,0.0,0.0,0.0,0.0,0.0
feature,trinodb__trino-4458,trinodb/trino,Java,dense_minilm,11,True,4,2,2,10,0.25,1.0,1.0,0.5,0.0,0.25,0.3333333333333333,0.3333333333333333,0.5,0.0,0.25,0.2,0.2,0.5,0.0,0.5,0.2,0.2,0.5,0.5,1.0
feature,trinodb__trino-4458,trinodb/trino,Java,hybrid_rrf,11,True,4,2,2,10,0.25,1.0,1.0,0.5,0.0,0.5,0.6666666666666666,0.6666666666666666,0.5,0.5,0.5,0.4,0.4,0.5,0.5,0.5,0.2,0.2,0.5,0.5,1.0
feature,trinodb__trino-4458,trinodb/trino,Java,minilm256_pool100,11,True,4,2,2,10,0.25,1.0,1.0,0.5,0.0,0.25,0.3333333333333333,0.3333333333333333,0.5,0.0,0.25,0.2,0.2,0.5,0.0,0.5,0.2,0.2,0.5,0.5,1.0
feature,trinodb__trino-4458,trinodb/trino,Java,coderank256_pool100,11,True,4,2,2,10,0.25,1.0,1.0,0.5,0.0,0.5,0.6666666666666666,0.6666666666666666,0.5,0.5,0.5,0.4,0.4,0.5,0.5,0.5,0.2,0.2,0.5,0.5,1.0
feature,trinodb__trino-4458,trinodb/trino,Java,coderank2048_pool100,11,True,4,2,2,10,0.0,0.0,0.0,0.0,0.0,0.0,0.0,0.0,0.0,0.0,0.0,0.0,0.0,0.0,0.0,0.0,0.0,0.0,0.0,0.0,0.0
feature,trinodb__trino-4458,trinodb/trino,Java,qwen3-coder:30b/paths,11,True,4,2,2,10,0.25,1.0,1.0,0.5,0.0,0.25,0.3333333333333333,0.3333333333333333,0.5,0.0,0.5,0.4,0.4,0.5,0.5,0.5,0.2,0.2,0.5,0.5,1.0
feature,trinodb__trino-4458,trinodb/trino,Java,qwen3-coder:30b/content,11,True,4,2,2,10,0.25,1.0,1.0,0.5,0.0,0.5,0.6666666666666666,0.6666666666666666,0.5,0.5,0.5,0.4,0.4,0.5,0.5,0.5,0.2,0.2,0.5,0.5,1.0
feature,trinodb__trino-4458,trinodb/trino,Java,devstral-small-2:24b/paths,11,True,4,2,2,10,0.25,1.0,1.0,0.5,0.0,0.25,0.3333333333333333,0.3333333333333333,0.5,0.0,0.5,0.4,0.4,0.5,0.5,0.5,0.2,0.2,0.5,0.5,1.0
feature,trinodb__trino-4458,trinodb/trino,Java,devstral-small-2:24b/content,11,True,4,2,2,10,0.25,1.0,1.0,0.5,0.0,0.5,0.6666666666666666,0.6666666666666666,0.5,0.5,0.5,0.4,0.4,0.5,0.5,0.5,0.2,0.2,0.5,0.5,1.0
feature,trinodb__trino-4458,trinodb/trino,Java,navigation/restricted40,11,True,4,2,2,5,0.25,1.0,1.0,0.5,0.0,0.25,0.3333333333333333,0.3333333333333333,0.5,0.0,0.5,0.4,0.4,0.5,0.5,0.5,0.2,0.4,0.5,0.5,1.0
feature,trinodb__trino-4458,trinodb/trino,Java,navigation/restricted40,29,True,4,2,2,4,0.25,1.0,1.0,0.5,0.0,0.5,0.6666666666666666,0.6666666666666666,0.5,0.5,0.5,0.4,0.5,0.5,0.5,0.5,0.2,0.5,0.5,0.5,1.0
feature,trinodb__trino-4458,trinodb/trino,Java,navigation/restricted40,47,True,4,2,2,5,0.25,1.0,1.0,0.5,0.0,0.25,0.3333333333333333,0.3333333333333333,0.5,0.0,0.5,0.4,0.4,0.5,0.5,0.5,0.2,0.4,0.5,0.5,1.0
feature,trinodb__trino-4458,trinodb/trino,Java,navigation/repository,11,True,4,2,2,10,0.25,1.0,1.0,0.5,0.0,0.25,0.3333333333333333,0.3333333333333333,0.5,0.0,0.5,0.4,0.4,0.5,0.5,0.5,0.2,0.2,0.5,0.5,1.0
feature,trinodb__trino-4458,trinodb/trino,Java,navigation/repository,29,True,4,2,2,5,0.25,1.0,1.0,0.5,0.0,0.5,0.6666666666666666,0.6666666666666666,0.5,0.5,0.5,0.4,0.4,0.5,0.5,0.5,0.2,0.4,0.5,0.5,1.0
feature,trinodb__trino-4458,trinodb/trino,Java,navigation/repository,47,True,4,2,2,10,0.25,1.0,1.0,0.5,0.0,0.25,0.3333333333333333,0.3333333333333333,0.5,0.0,0.5,0.4,0.4,0.5,0.5,0.5,0.2,0.2,0.5,0.5,1.0
feature,trinodb__trino-799,trinodb/trino,Java,path_bm25,11,True,7,5,2,10,0.0,0.0,0.0,0.0,0.0,0.0,0.0,0.0,0.0,0.0,0.0,0.0,0.0,0.0,0.0,0.0,0.0,0.0,0.0,0.0,0.0
feature,trinodb__trino-799,trinodb/trino,Java,content_bm25,11,True,7,5,2,10,0.0,0.0,0.0,0.0,0.0,0.0,0.0,0.0,0.0,0.0,0.0,0.0,0.0,0.0,0.0,0.0,0.0,0.0,0.0,0.0,0.0
feature,trinodb__trino-799,trinodb/trino,Java,dense_minilm,11,True,7,5,2,10,0.0,0.0,0.0,0.0,0.0,0.0,0.0,0.0,0.0,0.0,0.0,0.0,0.0,0.0,0.0,0.0,0.0,0.0,0.0,0.0,0.0
feature,trinodb__trino-799,trinodb/trino,Java,hybrid_rrf,11,True,7,5,2,10,0.0,0.0,0.0,0.0,0.0,0.0,0.0,0.0,0.0,0.0,0.0,0.0,0.0,0.0,0.0,0.0,0.0,0.0,0.0,0.0,0.0
feature,trinodb__trino-799,trinodb/trino,Java,minilm256_pool100,11,True,7,5,2,10,0.0,0.0,0.0,0.0,0.0,0.0,0.0,0.0,0.0,0.0,0.0,0.0,0.0,0.0,0.0,0.0,0.0,0.0,0.0,0.0,0.0
feature,trinodb__trino-799,trinodb/trino,Java,coderank256_pool100,11,True,7,5,2,10,0.0,0.0,0.0,0.0,0.0,0.0,0.0,0.0,0.0,0.0,0.0,0.0,0.0,0.0,0.0,0.0,0.0,0.0,0.0,0.0,0.0
feature,trinodb__trino-799,trinodb/trino,Java,coderank2048_pool100,11,True,7,5,2,10,0.0,0.0,0.0,0.0,0.0,0.0,0.0,0.0,0.0,0.0,0.0,0.0,0.0,0.0,0.0,0.0,0.0,0.0,0.0,0.0,0.0
feature,trinodb__trino-799,trinodb/trino,Java,qwen3-coder:30b/paths,11,True,7,5,2,10,0.0,0.0,0.0,0.0,0.0,0.0,0.0,0.0,0.0,0.0,0.0,0.0,0.0,0.0,0.0,0.0,0.0,0.0,0.0,0.0,0.0
feature,trinodb__trino-799,trinodb/trino,Java,qwen3-coder:30b/content,11,True,7,5,2,10,0.0,0.0,0.0,0.0,0.0,0.0,0.0,0.0,0.0,0.0,0.0,0.0,0.0,0.0,0.0,0.0,0.0,0.0,0.0,0.0,0.0
feature,trinodb__trino-799,trinodb/trino,Java,devstral-small-2:24b/paths,11,True,7,5,2,10,0.0,0.0,0.0,0.0,0.0,0.0,0.0,0.0,0.0,0.0,0.0,0.0,0.0,0.0,0.0,0.0,0.0,0.0,0.0,0.0,0.0
feature,trinodb__trino-799,trinodb/trino,Java,devstral-small-2:24b/content,11,True,7,5,2,10,0.0,0.0,0.0,0.0,0.0,0.0,0.0,0.0,0.0,0.0,0.0,0.0,0.0,0.0,0.0,0.0,0.0,0.0,0.0,0.0,0.0
feature,trinodb__trino-799,trinodb/trino,Java,navigation/restricted40,11,True,7,5,2,10,0.0,0.0,0.0,0.0,0.0,0.0,0.0,0.0,0.0,0.0,0.0,0.0,0.0,0.0,0.0,0.0,0.0,0.0,0.0,0.0,0.0
feature,trinodb__trino-799,trinodb/trino,Java,navigation/repository,11,True,7,5,2,10,0.0,0.0,0.0,0.0,0.0,0.0,0.0,0.0,0.0,0.0,0.0,0.0,0.0,0.0,0.0,0.0,0.0,0.0,0.0,0.0,0.0
feature,trinodb__trino-4600,trinodb/trino,Java,path_bm25,11,True,4,3,1,10,0.0,0.0,0.0,0.0,0.0,0.0,0.0,0.0,0.0,0.0,0.0,0.0,0.0,0.0,0.0,0.25,0.1,0.1,0.3333333333333333,0.0,0.14285714285714285
feature,trinodb__trino-4600,trinodb/trino,Java,content_bm25,11,True,4,3,1,10,0.0,0.0,0.0,0.0,0.0,0.0,0.0,0.0,0.0,0.0,0.0,0.0,0.0,0.0,0.0,0.0,0.0,0.0,0.0,0.0,0.0
feature,trinodb__trino-4600,trinodb/trino,Java,dense_minilm,11,True,4,3,1,10,0.0,0.0,0.0,0.0,0.0,0.0,0.0,0.0,0.0,0.0,0.0,0.0,0.0,0.0,0.0,0.0,0.0,0.0,0.0,0.0,0.0
feature,trinodb__trino-4600,trinodb/trino,Java,hybrid_rrf,11,True,4,3,1,10,0.0,0.0,0.0,0.0,0.0,0.0,0.0,0.0,0.0,0.0,0.0,0.0,0.0,0.0,0.0,0.0,0.0,0.0,0.0,0.0,0.0
feature,trinodb__trino-4600,trinodb/trino,Java,minilm256_pool100,11,True,4,3,1,10,0.0,0.0,0.0,0.0,0.0,0.0,0.0,0.0,0.0,0.0,0.0,0.0,0.0,0.0,0.0,0.0,0.0,0.0,0.0,0.0,0.0
feature,trinodb__trino-4600,trinodb/trino,Java,coderank256_pool100,11,True,4,3,1,10,0.0,0.0,0.0,0.0,0.0,0.0,0.0,0.0,0.0,0.0,0.0,0.0,0.0,0.0,0.0,0.0,0.0,0.0,0.0,0.0,0.0
feature,trinodb__trino-4600,trinodb/trino,Java,coderank2048_pool100,11,True,4,3,1,10,0.0,0.0,0.0,0.0,0.0,0.0,0.0,0.0,0.0,0.0,0.0,0.0,0.0,0.0,0.0,0.0,0.0,0.0,0.0,0.0,0.0
feature,trinodb__trino-4600,trinodb/trino,Java,qwen3-coder:30b/paths,11,True,4,3,1,10,0.0,0.0,0.0,0.0,0.0,0.0,0.0,0.0,0.0,0.0,0.0,0.0,0.0,0.0,0.0,0.0,0.0,0.0,0.0,0.0,0.0
feature,trinodb__trino-4600,trinodb/trino,Java,qwen3-coder:30b/content,11,True,4,3,1,10,0.0,0.0,0.0,0.0,0.0,0.0,0.0,0.0,0.0,0.0,0.0,0.0,0.0,0.0,0.0,0.0,0.0,0.0,0.0,0.0,0.0
feature,trinodb__trino-4600,trinodb/trino,Java,devstral-small-2:24b/paths,11,True,4,3,1,4,0.0,0.0,0.0,0.0,0.0,0.0,0.0,0.0,0.0,0.0,0.0,0.0,0.0,0.0,0.0,0.0,0.0,0.0,0.0,0.0,0.0
feature,trinodb__trino-4600,trinodb/trino,Java,devstral-small-2:24b/content,11,True,4,3,1,4,0.0,0.0,0.0,0.0,0.0,0.0,0.0,0.0,0.0,0.0,0.0,0.0,0.0,0.0,0.0,0.0,0.0,0.0,0.0,0.0,0.0
feature,trinodb__trino-4600,trinodb/trino,Java,navigation/restricted40,11,True,4,3,1,5,0.0,0.0,0.0,0.0,0.0,0.0,0.0,0.0,0.0,0.0,0.0,0.0,0.0,0.0,0.0,0.0,0.0,0.0,0.0,0.0,0.0
feature,trinodb__trino-4600,trinodb/trino,Java,navigation/repository,11,True,4,3,1,10,0.0,0.0,0.0,0.0,0.0,0.25,0.3333333333333333,0.3333333333333333,0.0,1.0,0.25,0.2,0.2,0.0,1.0,0.5,0.2,0.2,0.3333333333333333,1.0,0.5
feature,trinodb__trino-3392,trinodb/trino,Java,path_bm25,11,True,4,3,1,10,0.0,0.0,0.0,0.0,0.0,0.0,0.0,0.0,0.0,0.0,0.0,0.0,0.0,0.0,0.0,0.0,0.0,0.0,0.0,0.0,0.0
feature,trinodb__trino-3392,trinodb/trino,Java,content_bm25,11,True,4,3,1,10,0.0,0.0,0.0,0.0,0.0,0.0,0.0,0.0,0.0,0.0,0.0,0.0,0.0,0.0,0.0,0.0,0.0,0.0,0.0,0.0,0.0
feature,trinodb__trino-3392,trinodb/trino,Java,dense_minilm,11,True,4,3,1,10,0.0,0.0,0.0,0.0,0.0,0.0,0.0,0.0,0.0,0.0,0.0,0.0,0.0,0.0,0.0,0.0,0.0,0.0,0.0,0.0,0.0
feature,trinodb__trino-3392,trinodb/trino,Java,hybrid_rrf,11,True,4,3,1,10,0.0,0.0,0.0,0.0,0.0,0.0,0.0,0.0,0.0,0.0,0.0,0.0,0.0,0.0,0.0,0.0,0.0,0.0,0.0,0.0,0.0
feature,trinodb__trino-3392,trinodb/trino,Java,minilm256_pool100,11,True,4,3,1,10,0.0,0.0,0.0,0.0,0.0,0.0,0.0,0.0,0.0,0.0,0.0,0.0,0.0,0.0,0.0,0.0,0.0,0.0,0.0,0.0,0.0
feature,trinodb__trino-3392,trinodb/trino,Java,coderank256_pool100,11,True,4,3,1,10,0.0,0.0,0.0,0.0,0.0,0.25,0.3333333333333333,0.3333333333333333,0.3333333333333333,0.0,0.25,0.2,0.2,0.3333333333333333,0.0,0.25,0.1,0.1,0.3333333333333333,0.0,0.5
feature,trinodb__trino-3392,trinodb/trino,Java,coderank2048_pool100,11,True,4,3,1,10,0.0,0.0,0.0,0.0,0.0,0.0,0.0,0.0,0.0,0.0,0.0,0.0,0.0,0.0,0.0,0.0,0.0,0.0,0.0,0.0,0.0
feature,trinodb__trino-3392,trinodb/trino,Java,qwen3-coder:30b/paths,11,True,4,3,1,10,0.25,1.0,1.0,0.3333333333333333,0.0,0.25,0.3333333333333333,0.3333333333333333,0.3333333333333333,0.0,0.25,0.2,0.2,0.3333333333333333,0.0,0.25,0.1,0.1,0.3333333333333333,0.0,1.0
feature,trinodb__trino-3392,trinodb/trino,Java,qwen3-coder:30b/content,11,True,4,3,1,10,0.25,1.0,1.0,0.3333333333333333,0.0,0.25,0.3333333333333333,0.3333333333333333,0.3333333333333333,0.0,0.25,0.2,0.2,0.3333333333333333,0.0,0.25,0.1,0.1,0.3333333333333333,0.0,1.0
feature,trinodb__trino-3392,trinodb/trino,Java,devstral-small-2:24b/paths,11,True,4,3,1,5,0.25,1.0,1.0,0.3333333333333333,0.0,0.25,0.3333333333333333,0.3333333333333333,0.3333333333333333,0.0,0.25,0.2,0.2,0.3333333333333333,0.0,0.25,0.1,0.2,0.3333333333333333,0.0,1.0
feature,trinodb__trino-3392,trinodb/trino,Java,devstral-small-2:24b/content,11,True,4,3,1,5,0.25,1.0,1.0,0.3333333333333333,0.0,0.25,0.3333333333333333,0.3333333333333333,0.3333333333333333,0.0,0.25,0.2,0.2,0.3333333333333333,0.0,0.25,0.1,0.2,0.3333333333333333,0.0,1.0
feature,trinodb__trino-3392,trinodb/trino,Java,navigation/restricted40,11,True,4,3,1,10,0.25,1.0,1.0,0.3333333333333333,0.0,0.25,0.3333333333333333,0.3333333333333333,0.3333333333333333,0.0,0.25,0.2,0.2,0.3333333333333333,0.0,0.25,0.1,0.1,0.3333333333333333,0.0,1.0
feature,trinodb__trino-3392,trinodb/trino,Java,navigation/repository,11,True,4,3,1,10,0.25,1.0,1.0,0.3333333333333333,0.0,0.25,0.3333333333333333,0.3333333333333333,0.3333333333333333,0.0,0.25,0.2,0.2,0.3333333333333333,0.0,0.25,0.1,0.1,0.3333333333333333,0.0,1.0
feature,trinodb__trino-748,trinodb/trino,Java,path_bm25,11,True,3,2,1,10,0.0,0.0,0.0,0.0,0.0,0.3333333333333333,0.3333333333333333,0.3333333333333333,0.5,0.0,0.6666666666666666,0.4,0.4,1.0,0.0,1.0,0.3,0.3,1.0,1.0,0.3333333333333333
feature,trinodb__trino-748,trinodb/trino,Java,content_bm25,11,True,3,2,1,10,0.0,0.0,0.0,0.0,0.0,0.0,0.0,0.0,0.0,0.0,0.0,0.0,0.0,0.0,0.0,0.0,0.0,0.0,0.0,0.0,0.0
feature,trinodb__trino-748,trinodb/trino,Java,dense_minilm,11,True,3,2,1,10,0.0,0.0,0.0,0.0,0.0,0.0,0.0,0.0,0.0,0.0,0.0,0.0,0.0,0.0,0.0,0.0,0.0,0.0,0.0,0.0,0.0
feature,trinodb__trino-748,trinodb/trino,Java,hybrid_rrf,11,True,3,2,1,10,0.0,0.0,0.0,0.0,0.0,0.0,0.0,0.0,0.0,0.0,0.0,0.0,0.0,0.0,0.0,0.3333333333333333,0.1,0.1,0.5,0.0,0.16666666666666666
feature,trinodb__trino-748,trinodb/trino,Java,minilm256_pool100,11,True,3,2,1,10,0.0,0.0,0.0,0.0,0.0,0.0,0.0,0.0,0.0,0.0,0.0,0.0,0.0,0.0,0.0,0.0,0.0,0.0,0.0,0.0,0.0
feature,trinodb__trino-748,trinodb/trino,Java,coderank256_pool100,11,True,3,2,1,10,0.0,0.0,0.0,0.0,0.0,0.3333333333333333,0.3333333333333333,0.3333333333333333,0.5,0.0,0.3333333333333333,0.2,0.2,0.5,0.0,0.3333333333333333,0.1,0.1,0.5,0.0,0.3333333333333333
feature,trinodb__trino-748,trinodb/trino,Java,coderank2048_pool100,11,True,3,2,1,10,0.0,0.0,0.0,0.0,0.0,0.0,0.0,0.0,0.0,0.0,0.3333333333333333,0.2,0.2,0.5,0.0,0.3333333333333333,0.1,0.1,0.5,0.0,0.2
feature,trinodb__trino-748,trinodb/trino,Java,qwen3-coder:30b/paths,11,True,3,2,1,10,0.3333333333333333,1.0,1.0,0.5,0.0,0.6666666666666666,0.6666666666666666,0.6666666666666666,1.0,0.0,0.6666666666666666,0.4,0.4,1.0,0.0,0.6666666666666666,0.2,0.2,1.0,0.0,1.0
feature,trinodb__trino-748,trinodb/trino,Java,qwen3-coder:30b/content,11,True,3,2,1,10,0.3333333333333333,1.0,1.0,0.5,0.0,0.6666666666666666,0.6666666666666666,0.6666666666666666,1.0,0.0,0.6666666666666666,0.4,0.4,1.0,0.0,0.6666666666666666,0.2,0.2,1.0,0.0,1.0
feature,trinodb__trino-748,trinodb/trino,Java,devstral-small-2:24b/paths,11,True,3,2,1,10,0.3333333333333333,1.0,1.0,0.5,0.0,0.6666666666666666,0.6666666666666666,0.6666666666666666,1.0,0.0,0.6666666666666666,0.4,0.4,1.0,0.0,0.6666666666666666,0.2,0.2,1.0,0.0,1.0
feature,trinodb__trino-748,trinodb/trino,Java,devstral-small-2:24b/content,11,True,3,2,1,10,0.3333333333333333,1.0,1.0,0.5,0.0,0.6666666666666666,0.6666666666666666,0.6666666666666666,1.0,0.0,0.6666666666666666,0.4,0.4,1.0,0.0,0.6666666666666666,0.2,0.2,1.0,0.0,1.0
feature,trinodb__trino-748,trinodb/trino,Java,navigation/restricted40,11,False,3,2,1,0,0.0,0.0,0.0,0.0,0.0,0.0,0.0,0.0,0.0,0.0,0.0,0.0,0.0,0.0,0.0,0.0,0.0,0.0,0.0,0.0,0.0
feature,trinodb__trino-748,trinodb/trino,Java,navigation/repository,11,True,3,2,1,10,0.3333333333333333,1.0,1.0,0.5,0.0,0.6666666666666666,0.6666666666666666,0.6666666666666666,1.0,0.0,1.0,0.6,0.6,1.0,1.0,1.0,0.3,0.3,1.0,1.0,1.0
feature,trinodb__trino-3638,trinodb/trino,Java,path_bm25,11,True,6,3,3,10,0.0,0.0,0.0,0.0,0.0,0.0,0.0,0.0,0.0,0.0,0.0,0.0,0.0,0.0,0.0,0.0,0.0,0.0,0.0,0.0,0.0
feature,trinodb__trino-3638,trinodb/trino,Java,content_bm25,11,True,6,3,3,10,0.0,0.0,0.0,0.0,0.0,0.0,0.0,0.0,0.0,0.0,0.0,0.0,0.0,0.0,0.0,0.0,0.0,0.0,0.0,0.0,0.0
feature,trinodb__trino-3638,trinodb/trino,Java,dense_minilm,11,True,6,3,3,10,0.0,0.0,0.0,0.0,0.0,0.0,0.0,0.0,0.0,0.0,0.0,0.0,0.0,0.0,0.0,0.0,0.0,0.0,0.0,0.0,0.0
feature,trinodb__trino-3638,trinodb/trino,Java,hybrid_rrf,11,True,6,3,3,10,0.0,0.0,0.0,0.0,0.0,0.0,0.0,0.0,0.0,0.0,0.0,0.0,0.0,0.0,0.0,0.0,0.0,0.0,0.0,0.0,0.0
feature,trinodb__trino-3638,trinodb/trino,Java,minilm256_pool100,11,True,6,3,3,10,0.0,0.0,0.0,0.0,0.0,0.0,0.0,0.0,0.0,0.0,0.0,0.0,0.0,0.0,0.0,0.0,0.0,0.0,0.0,0.0,0.0
feature,trinodb__trino-3638,trinodb/trino,Java,coderank256_pool100,11,True,6,3,3,10,0.0,0.0,0.0,0.0,0.0,0.0,0.0,0.0,0.0,0.0,0.0,0.0,0.0,0.0,0.0,0.0,0.0,0.0,0.0,0.0,0.0
feature,trinodb__trino-3638,trinodb/trino,Java,coderank2048_pool100,11,True,6,3,3,10,0.0,0.0,0.0,0.0,0.0,0.0,0.0,0.0,0.0,0.0,0.0,0.0,0.0,0.0,0.0,0.0,0.0,0.0,0.0,0.0,0.0
feature,trinodb__trino-3638,trinodb/trino,Java,qwen3-coder:30b/paths,11,True,6,3,3,10,0.16666666666666666,1.0,1.0,0.3333333333333333,0.0,0.16666666666666666,0.3333333333333333,0.3333333333333333,0.3333333333333333,0.0,0.16666666666666666,0.2,0.2,0.3333333333333333,0.0,0.16666666666666666,0.1,0.1,0.3333333333333333,0.0,1.0
feature,trinodb__trino-3638,trinodb/trino,Java,qwen3-coder:30b/content,11,True,6,3,3,10,0.16666666666666666,1.0,1.0,0.3333333333333333,0.0,0.16666666666666666,0.3333333333333333,0.3333333333333333,0.3333333333333333,0.0,0.16666666666666666,0.2,0.2,0.3333333333333333,0.0,0.16666666666666666,0.1,0.1,0.3333333333333333,0.0,1.0
feature,trinodb__trino-3638,trinodb/trino,Java,devstral-small-2:24b/paths,11,True,6,3,3,3,0.16666666666666666,1.0,1.0,0.3333333333333333,0.0,0.16666666666666666,0.3333333333333333,0.3333333333333333,0.3333333333333333,0.0,0.16666666666666666,0.2,0.3333333333333333,0.3333333333333333,0.0,0.16666666666666666,0.1,0.3333333333333333,0.3333333333333333,0.0,1.0
feature,trinodb__trino-3638,trinodb/trino,Java,devstral-small-2:24b/content,11,True,6,3,3,3,0.16666666666666666,1.0,1.0,0.3333333333333333,0.0,0.16666666666666666,0.3333333333333333,0.3333333333333333,0.3333333333333333,0.0,0.16666666666666666,0.2,0.3333333333333333,0.3333333333333333,0.0,0.16666666666666666,0.1,0.3333333333333333,0.3333333333333333,0.0,1.0
feature,trinodb__trino-3638,trinodb/trino,Java,navigation/restricted40,11,True,6,3,3,3,0.16666666666666666,1.0,1.0,0.3333333333333333,0.0,0.16666666666666666,0.3333333333333333,0.3333333333333333,0.3333333333333333,0.0,0.16666666666666666,0.2,0.3333333333333333,0.3333333333333333,0.0,0.16666666666666666,0.1,0.3333333333333333,0.3333333333333333,0.0,1.0
feature,trinodb__trino-3638,trinodb/trino,Java,navigation/restricted40,29,True,6,3,3,3,0.16666666666666666,1.0,1.0,0.3333333333333333,0.0,0.16666666666666666,0.3333333333333333,0.3333333333333333,0.3333333333333333,0.0,0.16666666666666666,0.2,0.3333333333333333,0.3333333333333333,0.0,0.16666666666666666,0.1,0.3333333333333333,0.3333333333333333,0.0,1.0
feature,trinodb__trino-3638,trinodb/trino,Java,navigation/restricted40,47,True,6,3,3,4,0.16666666666666666,1.0,1.0,0.3333333333333333,0.0,0.16666666666666666,0.3333333333333333,0.3333333333333333,0.3333333333333333,0.0,0.16666666666666666,0.2,0.25,0.3333333333333333,0.0,0.16666666666666666,0.1,0.25,0.3333333333333333,0.0,1.0
feature,trinodb__trino-3638,trinodb/trino,Java,navigation/repository,11,True,6,3,3,10,0.0,0.0,0.0,0.0,0.0,0.16666666666666666,0.3333333333333333,0.3333333333333333,0.3333333333333333,0.0,0.16666666666666666,0.2,0.2,0.3333333333333333,0.0,0.16666666666666666,0.1,0.1,0.3333333333333333,0.0,0.3333333333333333
feature,trinodb__trino-3638,trinodb/trino,Java,navigation/repository,29,True,6,3,3,10,0.0,0.0,0.0,0.0,0.0,0.16666666666666666,0.3333333333333333,0.3333333333333333,0.3333333333333333,0.0,0.16666666666666666,0.2,0.2,0.3333333333333333,0.0,0.16666666666666666,0.1,0.1,0.3333333333333333,0.0,0.3333333333333333
feature,trinodb__trino-3638,trinodb/trino,Java,navigation/repository,47,False,6,3,3,0,0.0,0.0,0.0,0.0,0.0,0.0,0.0,0.0,0.0,0.0,0.0,0.0,0.0,0.0,0.0,0.0,0.0,0.0,0.0,0.0,0.0
feature,trinodb__trino-3771,trinodb/trino,Java,path_bm25,11,True,4,3,1,10,0.0,0.0,0.0,0.0,0.0,0.0,0.0,0.0,0.0,0.0,0.0,0.0,0.0,0.0,0.0,0.0,0.0,0.0,0.0,0.0,0.0
feature,trinodb__trino-3771,trinodb/trino,Java,content_bm25,11,True,4,3,1,10,0.0,0.0,0.0,0.0,0.0,0.25,0.3333333333333333,0.3333333333333333,0.3333333333333333,0.0,0.25,0.2,0.2,0.3333333333333333,0.0,0.25,0.1,0.1,0.3333333333333333,0.0,0.5
feature,trinodb__trino-3771,trinodb/trino,Java,dense_minilm,11,True,4,3,1,10,0.0,0.0,0.0,0.0,0.0,0.0,0.0,0.0,0.0,0.0,0.0,0.0,0.0,0.0,0.0,0.0,0.0,0.0,0.0,0.0,0.0
feature,trinodb__trino-3771,trinodb/trino,Java,hybrid_rrf,11,True,4,3,1,10,0.0,0.0,0.0,0.0,0.0,0.25,0.3333333333333333,0.3333333333333333,0.3333333333333333,0.0,0.25,0.2,0.2,0.3333333333333333,0.0,0.25,0.1,0.1,0.3333333333333333,0.0,0.5
feature,trinodb__trino-3771,trinodb/trino,Java,minilm256_pool100,11,True,4,3,1,10,0.0,0.0,0.0,0.0,0.0,0.0,0.0,0.0,0.0,0.0,0.0,0.0,0.0,0.0,0.0,0.0,0.0,0.0,0.0,0.0,0.0
feature,trinodb__trino-3771,trinodb/trino,Java,coderank256_pool100,11,True,4,3,1,10,0.0,0.0,0.0,0.0,0.0,0.0,0.0,0.0,0.0,0.0,0.0,0.0,0.0,0.0,0.0,0.0,0.0,0.0,0.0,0.0,0.0
feature,trinodb__trino-3771,trinodb/trino,Java,coderank2048_pool100,11,True,4,3,1,10,0.0,0.0,0.0,0.0,0.0,0.0,0.0,0.0,0.0,0.0,0.0,0.0,0.0,0.0,0.0,0.0,0.0,0.0,0.0,0.0,0.0
feature,trinodb__trino-3771,trinodb/trino,Java,qwen3-coder:30b/paths,11,True,4,3,1,10,0.0,0.0,0.0,0.0,0.0,0.0,0.0,0.0,0.0,0.0,0.0,0.0,0.0,0.0,0.0,0.0,0.0,0.0,0.0,0.0,0.0
feature,trinodb__trino-3771,trinodb/trino,Java,qwen3-coder:30b/content,11,True,4,3,1,10,0.0,0.0,0.0,0.0,0.0,0.0,0.0,0.0,0.0,0.0,0.0,0.0,0.0,0.0,0.0,0.0,0.0,0.0,0.0,0.0,0.0
feature,trinodb__trino-3771,trinodb/trino,Java,devstral-small-2:24b/paths,11,True,4,3,1,10,0.25,1.0,1.0,0.3333333333333333,0.0,0.25,0.3333333333333333,0.3333333333333333,0.3333333333333333,0.0,0.25,0.2,0.2,0.3333333333333333,0.0,0.25,0.1,0.1,0.3333333333333333,0.0,1.0
feature,trinodb__trino-3771,trinodb/trino,Java,devstral-small-2:24b/content,11,True,4,3,1,5,0.0,0.0,0.0,0.0,0.0,0.0,0.0,0.0,0.0,0.0,0.0,0.0,0.0,0.0,0.0,0.0,0.0,0.0,0.0,0.0,0.0
feature,trinodb__trino-3771,trinodb/trino,Java,navigation/restricted40,11,True,4,3,1,10,0.25,1.0,1.0,0.3333333333333333,0.0,0.25,0.3333333333333333,0.3333333333333333,0.3333333333333333,0.0,0.25,0.2,0.2,0.3333333333333333,0.0,0.25,0.1,0.1,0.3333333333333333,0.0,1.0
feature,trinodb__trino-3771,trinodb/trino,Java,navigation/repository,11,True,4,3,1,9,0.0,0.0,0.0,0.0,0.0,0.0,0.0,0.0,0.0,0.0,0.0,0.0,0.0,0.0,0.0,0.0,0.0,0.0,0.0,0.0,0.0
feature,trinodb__trino-6074,trinodb/trino,Java,path_bm25,11,True,5,2,3,10,0.2,1.0,1.0,0.5,0.0,0.6,1.0,1.0,1.0,0.3333333333333333,0.8,0.8,0.8,1.0,0.6666666666666666,0.8,0.4,0.4,1.0,0.6666666666666666,1.0
feature,trinodb__trino-6074,trinodb/trino,Java,content_bm25,11,True,5,2,3,10,0.0,0.0,0.0,0.0,0.0,0.0,0.0,0.0,0.0,0.0,0.4,0.4,0.4,1.0,0.0,0.8,0.4,0.4,1.0,0.6666666666666666,0.25
feature,trinodb__trino-6074,trinodb/trino,Java,dense_minilm,11,True,5,2,3,10,0.0,0.0,0.0,0.0,0.0,0.0,0.0,0.0,0.0,0.0,0.0,0.0,0.0,0.0,0.0,0.4,0.2,0.2,1.0,0.0,0.14285714285714285
feature,trinodb__trino-6074,trinodb/trino,Java,hybrid_rrf,11,True,5,2,3,10,0.2,1.0,1.0,0.5,0.0,0.6,1.0,1.0,1.0,0.3333333333333333,0.6,0.6,0.6,1.0,0.3333333333333333,1.0,0.5,0.5,1.0,1.0,1.0
feature,trinodb__trino-6074,trinodb/trino,Java,minilm256_pool100,11,True,5,2,3,10,0.0,0.0,0.0,0.0,0.0,0.0,0.0,0.0,0.0,0.0,0.0,0.0,0.0,0.0,0.0,0.4,0.2,0.2,1.0,0.0,0.14285714285714285
feature,trinodb__trino-6074,trinodb/trino,Java,coderank256_pool100,11,True,5,2,3,10,0.2,1.0,1.0,0.5,0.0,0.2,0.3333333333333333,0.3333333333333333,0.5,0.0,0.4,0.4,0.4,1.0,0.0,0.6,0.3,0.3,1.0,0.3333333333333333,1.0
feature,trinodb__trino-6074,trinodb/trino,Java,coderank2048_pool100,11,True,5,2,3,10,0.2,1.0,1.0,0.5,0.0,0.2,0.3333333333333333,0.3333333333333333,0.5,0.0,0.4,0.4,0.4,1.0,0.0,0.6,0.3,0.3,1.0,0.3333333333333333,1.0
feature,trinodb__trino-6074,trinodb/trino,Java,qwen3-coder:30b/paths,11,True,5,2,3,10,0.0,0.0,0.0,0.0,0.0,0.2,0.3333333333333333,0.3333333333333333,0.5,0.0,0.4,0.4,0.4,1.0,0.0,1.0,0.5,0.5,1.0,1.0,0.3333333333333333
feature,trinodb__trino-6074,trinodb/trino,Java,qwen3-coder:30b/content,11,True,5,2,3,10,0.2,1.0,1.0,0.5,0.0,0.4,0.6666666666666666,0.6666666666666666,1.0,0.0,0.4,0.4,0.4,1.0,0.0,0.6,0.3,0.3,1.0,0.3333333333333333,1.0
feature,trinodb__trino-6074,trinodb/trino,Java,devstral-small-2:24b/paths,11,True,5,2,3,10,0.2,1.0,1.0,0.5,0.0,0.4,0.6666666666666666,0.6666666666666666,1.0,0.0,0.4,0.4,0.4,1.0,0.0,1.0,0.5,0.5,1.0,1.0,1.0
feature,trinodb__trino-6074,trinodb/trino,Java,devstral-small-2:24b/content,11,True,5,2,3,10,0.2,1.0,1.0,0.5,0.0,0.4,0.6666666666666666,0.6666666666666666,1.0,0.0,0.4,0.4,0.4,1.0,0.0,0.8,0.4,0.4,1.0,0.6666666666666666,1.0
feature,trinodb__trino-6074,trinodb/trino,Java,navigation/restricted40,11,False,5,2,3,0,0.0,0.0,0.0,0.0,0.0,0.0,0.0,0.0,0.0,0.0,0.0,0.0,0.0,0.0,0.0,0.0,0.0,0.0,0.0,0.0,0.0
feature,trinodb__trino-6074,trinodb/trino,Java,navigation/repository,11,False,5,2,3,0,0.0,0.0,0.0,0.0,0.0,0.0,0.0,0.0,0.0,0.0,0.0,0.0,0.0,0.0,0.0,0.0,0.0,0.0,0.0,0.0,0.0
feature,trinodb__trino-1848,trinodb/trino,Java,path_bm25,11,True,3,2,1,10,0.0,0.0,0.0,0.0,0.0,0.0,0.0,0.0,0.0,0.0,0.0,0.0,0.0,0.0,0.0,0.0,0.0,0.0,0.0,0.0,0.0
feature,trinodb__trino-1848,trinodb/trino,Java,content_bm25,11,True,3,2,1,10,0.3333333333333333,1.0,1.0,0.5,0.0,0.6666666666666666,0.6666666666666666,0.6666666666666666,1.0,0.0,0.6666666666666666,0.4,0.4,1.0,0.0,0.6666666666666666,0.2,0.2,1.0,0.0,1.0
feature,trinodb__trino-1848,trinodb/trino,Java,dense_minilm,11,True,3,2,1,10,0.0,0.0,0.0,0.0,0.0,0.0,0.0,0.0,0.0,0.0,0.0,0.0,0.0,0.0,0.0,0.0,0.0,0.0,0.0,0.0,0.0
feature,trinodb__trino-1848,trinodb/trino,Java,hybrid_rrf,11,True,3,2,1,10,0.0,0.0,0.0,0.0,0.0,0.0,0.0,0.0,0.0,0.0,0.0,0.0,0.0,0.0,0.0,0.6666666666666666,0.2,0.2,1.0,0.0,0.125
feature,trinodb__trino-1848,trinodb/trino,Java,minilm256_pool100,11,True,3,2,1,10,0.0,0.0,0.0,0.0,0.0,0.0,0.0,0.0,0.0,0.0,0.0,0.0,0.0,0.0,0.0,0.0,0.0,0.0,0.0,0.0,0.0
feature,trinodb__trino-1848,trinodb/trino,Java,coderank256_pool100,11,True,3,2,1,10,0.0,0.0,0.0,0.0,0.0,0.0,0.0,0.0,0.0,0.0,0.0,0.0,0.0,0.0,0.0,0.0,0.0,0.0,0.0,0.0,0.0
feature,trinodb__trino-1848,trinodb/trino,Java,coderank2048_pool100,11,True,3,2,1,10,0.0,0.0,0.0,0.0,0.0,0.0,0.0,0.0,0.0,0.0,0.0,0.0,0.0,0.0,0.0,0.0,0.0,0.0,0.0,0.0,0.0
feature,trinodb__trino-1848,trinodb/trino,Java,qwen3-coder:30b/paths,11,True,3,2,1,10,0.3333333333333333,1.0,1.0,0.5,0.0,0.6666666666666666,0.6666666666666666,0.6666666666666666,1.0,0.0,0.6666666666666666,0.4,0.4,1.0,0.0,0.6666666666666666,0.2,0.2,1.0,0.0,1.0
feature,trinodb__trino-1848,trinodb/trino,Java,qwen3-coder:30b/content,11,True,3,2,1,10,0.3333333333333333,1.0,1.0,0.5,0.0,0.6666666666666666,0.6666666666666666,0.6666666666666666,1.0,0.0,0.6666666666666666,0.4,0.4,1.0,0.0,0.6666666666666666,0.2,0.2,1.0,0.0,1.0
feature,trinodb__trino-1848,trinodb/trino,Java,devstral-small-2:24b/paths,11,True,3,2,1,3,0.3333333333333333,1.0,1.0,0.5,0.0,0.6666666666666666,0.6666666666666666,0.6666666666666666,1.0,0.0,0.6666666666666666,0.4,0.6666666666666666,1.0,0.0,0.6666666666666666,0.2,0.6666666666666666,1.0,0.0,1.0
feature,trinodb__trino-1848,trinodb/trino,Java,devstral-small-2:24b/content,11,True,3,2,1,2,0.3333333333333333,1.0,1.0,0.5,0.0,0.6666666666666666,0.6666666666666666,1.0,1.0,0.0,0.6666666666666666,0.4,1.0,1.0,0.0,0.6666666666666666,0.2,1.0,1.0,0.0,1.0
feature,trinodb__trino-1848,trinodb/trino,Java,navigation/restricted40,11,True,3,2,1,2,0.3333333333333333,1.0,1.0,0.5,0.0,0.6666666666666666,0.6666666666666666,1.0,1.0,0.0,0.6666666666666666,0.4,1.0,1.0,0.0,0.6666666666666666,0.2,1.0,1.0,0.0,1.0
feature,trinodb__trino-1848,trinodb/trino,Java,navigation/repository,11,True,3,2,1,2,0.3333333333333333,1.0,1.0,0.5,0.0,0.3333333333333333,0.3333333333333333,0.5,0.5,0.0,0.3333333333333333,0.2,0.5,0.5,0.0,0.3333333333333333,0.1,0.5,0.5,0.0,1.0
feature,trinodb__trino-1090,trinodb/trino,Java,path_bm25,11,True,6,3,3,10,0.0,0.0,0.0,0.0,0.0,0.0,0.0,0.0,0.0,0.0,0.0,0.0,0.0,0.0,0.0,0.0,0.0,0.0,0.0,0.0,0.0
feature,trinodb__trino-1090,trinodb/trino,Java,content_bm25,11,True,6,3,3,10,0.0,0.0,0.0,0.0,0.0,0.3333333333333333,0.6666666666666666,0.6666666666666666,0.6666666666666666,0.0,0.5,0.6,0.6,0.6666666666666666,0.3333333333333333,0.6666666666666666,0.4,0.4,0.6666666666666666,0.6666666666666666,0.5
feature,trinodb__trino-1090,trinodb/trino,Java,dense_minilm,11,True,6,3,3,10,0.0,0.0,0.0,0.0,0.0,0.0,0.0,0.0,0.0,0.0,0.0,0.0,0.0,0.0,0.0,0.0,0.0,0.0,0.0,0.0,0.0
feature,trinodb__trino-1090,trinodb/trino,Java,hybrid_rrf,11,True,6,3,3,10,0.0,0.0,0.0,0.0,0.0,0.0,0.0,0.0,0.0,0.0,0.0,0.0,0.0,0.0,0.0,0.0,0.0,0.0,0.0,0.0,0.0
feature,trinodb__trino-1090,trinodb/trino,Java,minilm256_pool100,11,True,6,3,3,10,0.0,0.0,0.0,0.0,0.0,0.0,0.0,0.0,0.0,0.0,0.0,0.0,0.0,0.0,0.0,0.0,0.0,0.0,0.0,0.0,0.0
feature,trinodb__trino-1090,trinodb/trino,Java,coderank256_pool100,11,True,6,3,3,10,0.0,0.0,0.0,0.0,0.0,0.0,0.0,0.0,0.0,0.0,0.0,0.0,0.0,0.0,0.0,0.0,0.0,0.0,0.0,0.0,0.0
feature,trinodb__trino-1090,trinodb/trino,Java,coderank2048_pool100,11,True,6,3,3,10,0.0,0.0,0.0,0.0,0.0,0.0,0.0,0.0,0.0,0.0,0.0,0.0,0.0,0.0,0.0,0.0,0.0,0.0,0.0,0.0,0.0
feature,trinodb__trino-1090,trinodb/trino,Java,qwen3-coder:30b/paths,11,True,6,3,3,10,0.0,0.0,0.0,0.0,0.0,0.0,0.0,0.0,0.0,0.0,0.0,0.0,0.0,0.0,0.0,0.0,0.0,0.0,0.0,0.0,0.0
feature,trinodb__trino-1090,trinodb/trino,Java,qwen3-coder:30b/content,11,True,6,3,3,10,0.16666666666666666,1.0,1.0,0.3333333333333333,0.0,0.5,1.0,1.0,1.0,0.0,0.8333333333333334,1.0,1.0,1.0,0.6666666666666666,0.8333333333333334,0.5,0.5,1.0,0.6666666666666666,1.0
feature,trinodb__trino-1090,trinodb/trino,Java,devstral-small-2:24b/paths,11,True,6,3,3,10,0.16666666666666666,1.0,1.0,0.3333333333333333,0.0,0.3333333333333333,0.6666666666666666,0.6666666666666666,0.6666666666666666,0.0,0.3333333333333333,0.4,0.4,0.6666666666666666,0.0,0.5,0.3,0.3,0.6666666666666666,0.3333333333333333,1.0
feature,trinodb__trino-1090,trinodb/trino,Java,devstral-small-2:24b/content,11,True,6,3,3,10,0.0,0.0,0.0,0.0,0.0,0.0,0.0,0.0,0.0,0.0,0.16666666666666666,0.2,0.2,0.3333333333333333,0.0,0.5,0.3,0.3,0.6666666666666666,0.3333333333333333,0.2
feature,trinodb__trino-1090,trinodb/trino,Java,navigation/restricted40,11,True,6,3,3,10,0.16666666666666666,1.0,1.0,0.3333333333333333,0.0,0.16666666666666666,0.3333333333333333,0.3333333333333333,0.3333333333333333,0.0,0.16666666666666666,0.2,0.2,0.3333333333333333,0.0,0.8333333333333334,0.5,0.5,1.0,0.6666666666666666,1.0
feature,trinodb__trino-1090,trinodb/trino,Java,navigation/repository,11,True,6,3,3,9,0.16666666666666666,1.0,1.0,0.3333333333333333,0.0,0.3333333333333333,0.6666666666666666,0.6666666666666666,0.3333333333333333,0.3333333333333333,0.6666666666666666,0.8,0.8,1.0,0.3333333333333333,0.8333333333333334,0.5,0.5555555555555556,1.0,0.6666666666666666,1.0
feature,mrdoob__three.js-14566,mrdoob/three.js,JavaScript,path_bm25,11,True,5,4,1,10,0.0,0.0,0.0,0.0,0.0,0.2,0.3333333333333333,0.3333333333333333,0.25,0.0,0.2,0.2,0.2,0.25,0.0,0.2,0.1,0.1,0.25,0.0,0.3333333333333333
feature,mrdoob__three.js-14566,mrdoob/three.js,JavaScript,content_bm25,11,True,5,4,1,10,0.0,0.0,0.0,0.0,0.0,0.0,0.0,0.0,0.0,0.0,0.0,0.0,0.0,0.0,0.0,0.0,0.0,0.0,0.0,0.0,0.0
feature,mrdoob__three.js-14566,mrdoob/three.js,JavaScript,dense_minilm,11,True,5,4,1,10,0.0,0.0,0.0,0.0,0.0,0.0,0.0,0.0,0.0,0.0,0.0,0.0,0.0,0.0,0.0,0.2,0.1,0.1,0.25,0.0,0.14285714285714285
feature,mrdoob__three.js-14566,mrdoob/three.js,JavaScript,hybrid_rrf,11,True,5,4,1,10,0.2,1.0,1.0,0.25,0.0,0.2,0.3333333333333333,0.3333333333333333,0.25,0.0,0.2,0.2,0.2,0.25,0.0,0.2,0.1,0.1,0.25,0.0,1.0
feature,mrdoob__three.js-14566,mrdoob/three.js,JavaScript,minilm256_pool100,11,True,5,4,1,10,0.0,0.0,0.0,0.0,0.0,0.0,0.0,0.0,0.0,0.0,0.0,0.0,0.0,0.0,0.0,0.2,0.1,0.1,0.25,0.0,0.14285714285714285
feature,mrdoob__three.js-14566,mrdoob/three.js,JavaScript,coderank256_pool100,11,True,5,4,1,10,0.2,1.0,1.0,0.25,0.0,0.2,0.3333333333333333,0.3333333333333333,0.25,0.0,0.2,0.2,0.2,0.25,0.0,0.2,0.1,0.1,0.25,0.0,1.0
feature,mrdoob__three.js-14566,mrdoob/three.js,JavaScript,coderank2048_pool100,11,True,5,4,1,10,0.2,1.0,1.0,0.25,0.0,0.2,0.3333333333333333,0.3333333333333333,0.25,0.0,0.2,0.2,0.2,0.25,0.0,0.2,0.1,0.1,0.25,0.0,1.0
feature,mrdoob__three.js-14566,mrdoob/three.js,JavaScript,qwen3-coder:30b/paths,11,True,5,4,1,10,0.0,0.0,0.0,0.0,0.0,0.0,0.0,0.0,0.0,0.0,0.2,0.2,0.2,0.25,0.0,0.2,0.1,0.1,0.25,0.0,0.2
feature,mrdoob__three.js-14566,mrdoob/three.js,JavaScript,qwen3-coder:30b/content,11,True,5,4,1,10,0.2,1.0,1.0,0.25,0.0,0.2,0.3333333333333333,0.3333333333333333,0.25,0.0,0.2,0.2,0.2,0.25,0.0,0.2,0.1,0.1,0.25,0.0,1.0
feature,mrdoob__three.js-14566,mrdoob/three.js,JavaScript,devstral-small-2:24b/paths,11,True,5,4,1,10,0.2,1.0,1.0,0.25,0.0,0.2,0.3333333333333333,0.3333333333333333,0.25,0.0,0.2,0.2,0.2,0.25,0.0,0.2,0.1,0.1,0.25,0.0,1.0
feature,mrdoob__three.js-14566,mrdoob/three.js,JavaScript,devstral-small-2:24b/content,11,True,5,4,1,2,0.2,1.0,1.0,0.25,0.0,0.2,0.3333333333333333,0.5,0.25,0.0,0.2,0.2,0.5,0.25,0.0,0.2,0.1,0.5,0.25,0.0,1.0
feature,mrdoob__three.js-14566,mrdoob/three.js,JavaScript,navigation/restricted40,11,True,5,4,1,2,0.2,1.0,1.0,0.25,0.0,0.2,0.3333333333333333,0.5,0.25,0.0,0.2,0.2,0.5,0.25,0.0,0.2,0.1,0.5,0.25,0.0,1.0
feature,mrdoob__three.js-14566,mrdoob/three.js,JavaScript,navigation/repository,11,False,5,4,1,0,0.0,0.0,0.0,0.0,0.0,0.0,0.0,0.0,0.0,0.0,0.0,0.0,0.0,0.0,0.0,0.0,0.0,0.0,0.0,0.0,0.0
feature,mrdoob__three.js-17649,mrdoob/three.js,JavaScript,path_bm25,11,True,18,17,1,10,0.0,0.0,0.0,0.0,0.0,0.0,0.0,0.0,0.0,0.0,0.0,0.0,0.0,0.0,0.0,0.0,0.0,0.0,0.0,0.0,0.0
feature,mrdoob__three.js-17649,mrdoob/three.js,JavaScript,content_bm25,11,True,18,17,1,10,0.05555555555555555,1.0,1.0,0.058823529411764705,0.0,0.1111111111111111,0.6666666666666666,0.6666666666666666,0.11764705882352941,0.0,0.1111111111111111,0.4,0.4,0.11764705882352941,0.0,0.1111111111111111,0.2,0.2,0.11764705882352941,0.0,1.0
feature,mrdoob__three.js-17649,mrdoob/three.js,JavaScript,dense_minilm,11,True,18,17,1,10,0.0,0.0,0.0,0.0,0.0,0.05555555555555555,0.3333333333333333,0.3333333333333333,0.058823529411764705,0.0,0.05555555555555555,0.2,0.2,0.058823529411764705,0.0,0.16666666666666666,0.3,0.3,0.17647058823529413,0.0,0.3333333333333333
feature,mrdoob__three.js-17649,mrdoob/three.js,JavaScript,hybrid_rrf,11,True,18,17,1,10,0.05555555555555555,1.0,1.0,0.058823529411764705,0.0,0.1111111111111111,0.6666666666666666,0.6666666666666666,0.11764705882352941,0.0,0.16666666666666666,0.6,0.6,0.17647058823529413,0.0,0.2777777777777778,0.5,0.5,0.23529411764705882,1.0,1.0
feature,mrdoob__three.js-17649,mrdoob/three.js,JavaScript,minilm256_pool100,11,True,18,17,1,10,0.0,0.0,0.0,0.0,0.0,0.05555555555555555,0.3333333333333333,0.3333333333333333,0.058823529411764705,0.0,0.05555555555555555,0.2,0.2,0.058823529411764705,0.0,0.16666666666666666,0.3,0.3,0.17647058823529413,0.0,0.3333333333333333
feature,mrdoob__three.js-17649,mrdoob/three.js,JavaScript,coderank256_pool100,11,True,18,17,1,10,0.05555555555555555,1.0,1.0,0.058823529411764705,0.0,0.16666666666666666,1.0,1.0,0.17647058823529413,0.0,0.16666666666666666,0.6,0.6,0.17647058823529413,0.0,0.16666666666666666,0.3,0.3,0.17647058823529413,0.0,1.0
feature,mrdoob__three.js-17649,mrdoob/three.js,JavaScript,coderank2048_pool100,11,True,18,17,1,10,0.05555555555555555,1.0,1.0,0.058823529411764705,0.0,0.1111111111111111,0.6666666666666666,0.6666666666666666,0.11764705882352941,0.0,0.1111111111111111,0.4,0.4,0.11764705882352941,0.0,0.1111111111111111,0.2,0.2,0.11764705882352941,0.0,1.0
feature,mrdoob__three.js-17649,mrdoob/three.js,JavaScript,qwen3-coder:30b/paths,11,True,18,17,1,10,0.05555555555555555,1.0,1.0,0.058823529411764705,0.0,0.1111111111111111,0.6666666666666666,0.6666666666666666,0.11764705882352941,0.0,0.2222222222222222,0.8,0.8,0.23529411764705882,0.0,0.3333333333333333,0.6,0.6,0.29411764705882354,1.0,1.0
feature,mrdoob__three.js-17649,mrdoob/three.js,JavaScript,qwen3-coder:30b/content,11,True,18,17,1,10,0.05555555555555555,1.0,1.0,0.058823529411764705,0.0,0.16666666666666666,1.0,1.0,0.17647058823529413,0.0,0.2777777777777778,1.0,1.0,0.29411764705882354,0.0,0.3333333333333333,0.6,0.6,0.35294117647058826,0.0,1.0
feature,mrdoob__three.js-17649,mrdoob/three.js,JavaScript,devstral-small-2:24b/paths,11,True,18,17,1,10,0.05555555555555555,1.0,1.0,0.058823529411764705,0.0,0.1111111111111111,0.6666666666666666,0.6666666666666666,0.11764705882352941,0.0,0.2222222222222222,0.8,0.8,0.17647058823529413,1.0,0.3333333333333333,0.6,0.6,0.29411764705882354,1.0,1.0
feature,mrdoob__three.js-17649,mrdoob/three.js,JavaScript,devstral-small-2:24b/content,11,True,18,17,1,10,0.05555555555555555,1.0,1.0,0.058823529411764705,0.0,0.16666666666666666,1.0,1.0,0.17647058823529413,0.0,0.2222222222222222,0.8,0.8,0.23529411764705882,0.0,0.3333333333333333,0.6,0.6,0.29411764705882354,1.0,1.0
feature,mrdoob__three.js-17649,mrdoob/three.js,JavaScript,navigation/restricted40,11,False,18,17,1,0,0.0,0.0,0.0,0.0,0.0,0.0,0.0,0.0,0.0,0.0,0.0,0.0,0.0,0.0,0.0,0.0,0.0,0.0,0.0,0.0,0.0
feature,mrdoob__three.js-17649,mrdoob/three.js,JavaScript,navigation/restricted40,29,False,18,17,1,0,0.0,0.0,0.0,0.0,0.0,0.0,0.0,0.0,0.0,0.0,0.0,0.0,0.0,0.0,0.0,0.0,0.0,0.0,0.0,0.0,0.0
feature,mrdoob__three.js-17649,mrdoob/three.js,JavaScript,navigation/restricted40,47,False,18,17,1,0,0.0,0.0,0.0,0.0,0.0,0.0,0.0,0.0,0.0,0.0,0.0,0.0,0.0,0.0,0.0,0.0,0.0,0.0,0.0,0.0,0.0
feature,mrdoob__three.js-17649,mrdoob/three.js,JavaScript,navigation/repository,11,False,18,17,1,0,0.0,0.0,0.0,0.0,0.0,0.0,0.0,0.0,0.0,0.0,0.0,0.0,0.0,0.0,0.0,0.0,0.0,0.0,0.0,0.0,0.0
feature,mrdoob__three.js-17649,mrdoob/three.js,JavaScript,navigation/repository,29,False,18,17,1,0,0.0,0.0,0.0,0.0,0.0,0.0,0.0,0.0,0.0,0.0,0.0,0.0,0.0,0.0,0.0,0.0,0.0,0.0,0.0,0.0,0.0
feature,mrdoob__three.js-17649,mrdoob/three.js,JavaScript,navigation/repository,47,False,18,17,1,0,0.0,0.0,0.0,0.0,0.0,0.0,0.0,0.0,0.0,0.0,0.0,0.0,0.0,0.0,0.0,0.0,0.0,0.0,0.0,0.0,0.0
feature,mrdoob__three.js-20478,mrdoob/three.js,JavaScript,path_bm25,11,True,4,3,1,10,0.0,0.0,0.0,0.0,0.0,0.0,0.0,0.0,0.0,0.0,0.0,0.0,0.0,0.0,0.0,0.0,0.0,0.0,0.0,0.0,0.0
feature,mrdoob__three.js-20478,mrdoob/three.js,JavaScript,content_bm25,11,True,4,3,1,10,0.0,0.0,0.0,0.0,0.0,0.0,0.0,0.0,0.0,0.0,0.5,0.4,0.4,0.6666666666666666,0.0,0.5,0.2,0.2,0.6666666666666666,0.0,0.25
feature,mrdoob__three.js-20478,mrdoob/three.js,JavaScript,dense_minilm,11,True,4,3,1,10,0.0,0.0,0.0,0.0,0.0,0.0,0.0,0.0,0.0,0.0,0.0,0.0,0.0,0.0,0.0,0.0,0.0,0.0,0.0,0.0,0.0
feature,mrdoob__three.js-20478,mrdoob/three.js,JavaScript,hybrid_rrf,11,True,4,3,1,10,0.25,1.0,1.0,0.3333333333333333,0.0,0.25,0.3333333333333333,0.3333333333333333,0.3333333333333333,0.0,0.25,0.2,0.2,0.3333333333333333,0.0,0.25,0.1,0.1,0.3333333333333333,0.0,1.0
feature,mrdoob__three.js-20478,mrdoob/three.js,JavaScript,minilm256_pool100,11,True,4,3,1,10,0.0,0.0,0.0,0.0,0.0,0.0,0.0,0.0,0.0,0.0,0.0,0.0,0.0,0.0,0.0,0.0,0.0,0.0,0.0,0.0,0.0
feature,mrdoob__three.js-20478,mrdoob/three.js,JavaScript,coderank256_pool100,11,True,4,3,1,10,0.0,0.0,0.0,0.0,0.0,0.0,0.0,0.0,0.0,0.0,0.0,0.0,0.0,0.0,0.0,0.5,0.2,0.2,0.6666666666666666,0.0,0.14285714285714285
feature,mrdoob__three.js-20478,mrdoob/three.js,JavaScript,coderank2048_pool100,11,True,4,3,1,10,0.0,0.0,0.0,0.0,0.0,0.0,0.0,0.0,0.0,0.0,0.0,0.0,0.0,0.0,0.0,0.0,0.0,0.0,0.0,0.0,0.0
feature,mrdoob__three.js-20478,mrdoob/three.js,JavaScript,qwen3-coder:30b/paths,11,True,4,3,1,10,0.25,1.0,1.0,0.3333333333333333,0.0,0.25,0.3333333333333333,0.3333333333333333,0.3333333333333333,0.0,0.25,0.2,0.2,0.3333333333333333,0.0,0.5,0.2,0.2,0.6666666666666666,0.0,1.0
feature,mrdoob__three.js-20478,mrdoob/three.js,JavaScript,qwen3-coder:30b/content,11,True,4,3,1,10,0.25,1.0,1.0,0.3333333333333333,0.0,0.5,0.6666666666666666,0.6666666666666666,0.6666666666666666,0.0,0.5,0.4,0.4,0.6666666666666666,0.0,0.5,0.2,0.2,0.6666666666666666,0.0,1.0
feature,mrdoob__three.js-20478,mrdoob/three.js,JavaScript,devstral-small-2:24b/paths,11,True,4,3,1,10,0.25,1.0,1.0,0.3333333333333333,0.0,0.25,0.3333333333333333,0.3333333333333333,0.3333333333333333,0.0,0.5,0.4,0.4,0.6666666666666666,0.0,0.5,0.2,0.2,0.6666666666666666,0.0,1.0
feature,mrdoob__three.js-20478,mrdoob/three.js,JavaScript,devstral-small-2:24b/content,11,True,4,3,1,5,0.25,1.0,1.0,0.3333333333333333,0.0,0.25,0.3333333333333333,0.3333333333333333,0.3333333333333333,0.0,0.25,0.2,0.2,0.3333333333333333,0.0,0.25,0.1,0.2,0.3333333333333333,0.0,1.0
feature,mrdoob__three.js-20478,mrdoob/three.js,JavaScript,navigation/restricted40,11,True,4,3,1,10,0.25,1.0,1.0,0.3333333333333333,0.0,0.25,0.3333333333333333,0.3333333333333333,0.3333333333333333,0.0,0.5,0.4,0.4,0.6666666666666666,0.0,0.5,0.2,0.2,0.6666666666666666,0.0,1.0
feature,mrdoob__three.js-20478,mrdoob/three.js,JavaScript,navigation/repository,11,True,4,3,1,10,0.25,1.0,1.0,0.3333333333333333,0.0,0.5,0.6666666666666666,0.6666666666666666,0.6666666666666666,0.0,0.5,0.4,0.4,0.6666666666666666,0.0,0.5,0.2,0.2,0.6666666666666666,0.0,1.0
feature,mrdoob__three.js-21532,mrdoob/three.js,JavaScript,path_bm25,11,True,5,4,1,10,0.0,0.0,0.0,0.0,0.0,0.0,0.0,0.0,0.0,0.0,0.4,0.4,0.4,0.5,0.0,0.6,0.3,0.3,0.75,0.0,0.25
feature,mrdoob__three.js-21532,mrdoob/three.js,JavaScript,content_bm25,11,True,5,4,1,10,0.0,0.0,0.0,0.0,0.0,0.2,0.3333333333333333,0.3333333333333333,0.25,0.0,0.2,0.2,0.2,0.25,0.0,0.4,0.2,0.2,0.5,0.0,0.5
feature,mrdoob__three.js-21532,mrdoob/three.js,JavaScript,dense_minilm,11,True,5,4,1,10,0.0,0.0,0.0,0.0,0.0,0.2,0.3333333333333333,0.3333333333333333,0.25,0.0,0.2,0.2,0.2,0.25,0.0,0.2,0.1,0.1,0.25,0.0,0.5
feature,mrdoob__three.js-21532,mrdoob/three.js,JavaScript,hybrid_rrf,11,True,5,4,1,10,0.2,1.0,1.0,0.25,0.0,0.4,0.6666666666666666,0.6666666666666666,0.5,0.0,0.6,0.6,0.6,0.5,1.0,0.8,0.4,0.4,0.75,1.0,1.0
feature,mrdoob__three.js-21532,mrdoob/three.js,JavaScript,minilm256_pool100,11,True,5,4,1,10,0.0,0.0,0.0,0.0,0.0,0.2,0.3333333333333333,0.3333333333333333,0.25,0.0,0.2,0.2,0.2,0.25,0.0,0.2,0.1,0.1,0.25,0.0,0.5
feature,mrdoob__three.js-21532,mrdoob/three.js,JavaScript,coderank256_pool100,11,True,5,4,1,10,0.2,1.0,1.0,0.25,0.0,0.2,0.3333333333333333,0.3333333333333333,0.25,0.0,0.2,0.2,0.2,0.25,0.0,0.4,0.2,0.2,0.25,1.0,1.0
feature,mrdoob__three.js-21532,mrdoob/three.js,JavaScript,coderank2048_pool100,11,True,5,4,1,10,0.0,0.0,0.0,0.0,0.0,0.0,0.0,0.0,0.0,0.0,0.0,0.0,0.0,0.0,0.0,0.0,0.0,0.0,0.0,0.0,0.0
feature,mrdoob__three.js-21532,mrdoob/three.js,JavaScript,qwen3-coder:30b/paths,11,True,5,4,1,10,0.2,1.0,1.0,0.25,0.0,0.4,0.6666666666666666,0.6666666666666666,0.25,1.0,0.4,0.4,0.4,0.25,1.0,0.4,0.2,0.2,0.25,1.0,1.0
feature,mrdoob__three.js-21532,mrdoob/three.js,JavaScript,qwen3-coder:30b/content,11,True,5,4,1,10,0.2,1.0,1.0,0.25,0.0,0.4,0.6666666666666666,0.6666666666666666,0.25,1.0,0.4,0.4,0.4,0.25,1.0,0.4,0.2,0.2,0.25,1.0,1.0
feature,mrdoob__three.js-21532,mrdoob/three.js,JavaScript,devstral-small-2:24b/paths,11,True,5,4,1,10,0.2,1.0,1.0,0.25,0.0,0.6,1.0,1.0,0.5,1.0,0.8,0.8,0.8,0.75,1.0,0.8,0.4,0.4,0.75,1.0,1.0
feature,mrdoob__three.js-21532,mrdoob/three.js,JavaScript,devstral-small-2:24b/content,11,True,5,4,1,10,0.2,1.0,1.0,0.25,0.0,0.4,0.6666666666666666,0.6666666666666666,0.25,1.0,0.4,0.4,0.4,0.25,1.0,0.4,0.2,0.2,0.25,1.0,1.0
feature,mrdoob__three.js-21532,mrdoob/three.js,JavaScript,navigation/restricted40,11,True,5,4,1,10,0.2,1.0,1.0,0.25,0.0,0.4,0.6666666666666666,0.6666666666666666,0.25,1.0,0.4,0.4,0.4,0.25,1.0,0.4,0.2,0.2,0.25,1.0,1.0
feature,mrdoob__three.js-21532,mrdoob/three.js,JavaScript,navigation/restricted40,29,True,5,4,1,10,0.2,1.0,1.0,0.25,0.0,0.4,0.6666666666666666,0.6666666666666666,0.25,1.0,0.6,0.6,0.6,0.5,1.0,0.6,0.3,0.3,0.5,1.0,1.0
feature,mrdoob__three.js-21532,mrdoob/three.js,JavaScript,navigation/restricted40,47,True,5,4,1,10,0.2,1.0,1.0,0.25,0.0,0.4,0.6666666666666666,0.6666666666666666,0.25,1.0,0.6,0.6,0.6,0.5,1.0,0.6,0.3,0.3,0.5,1.0,1.0
feature,mrdoob__three.js-21532,mrdoob/three.js,JavaScript,navigation/repository,11,True,5,4,1,6,0.2,1.0,1.0,0.25,0.0,0.4,0.6666666666666666,0.6666666666666666,0.25,1.0,0.6,0.6,0.6,0.5,1.0,0.8,0.4,0.6666666666666666,0.75,1.0,1.0
feature,mrdoob__three.js-21532,mrdoob/three.js,JavaScript,navigation/repository,29,True,5,4,1,8,0.2,1.0,1.0,0.25,0.0,0.4,0.6666666666666666,0.6666666666666666,0.25,1.0,0.8,0.8,0.8,0.75,1.0,0.8,0.4,0.5,0.75,1.0,1.0
feature,mrdoob__three.js-21532,mrdoob/three.js,JavaScript,navigation/repository,47,True,5,4,1,9,0.2,1.0,1.0,0.25,0.0,0.4,0.6666666666666666,0.6666666666666666,0.25,1.0,0.8,0.8,0.8,0.75,1.0,0.8,0.4,0.4444444444444444,0.75,1.0,1.0
feature,mrdoob__three.js-21826,mrdoob/three.js,JavaScript,path_bm25,11,True,5,4,1,10,0.2,1.0,1.0,0.25,0.0,0.4,0.6666666666666666,0.6666666666666666,0.5,0.0,0.8,0.8,0.8,1.0,0.0,1.0,0.5,0.5,1.0,1.0,1.0
feature,mrdoob__three.js-21826,mrdoob/three.js,JavaScript,content_bm25,11,True,5,4,1,10,0.0,0.0,0.0,0.0,0.0,0.2,0.3333333333333333,0.3333333333333333,0.25,0.0,0.2,0.2,0.2,0.25,0.0,0.2,0.1,0.1,0.25,0.0,0.3333333333333333
feature,mrdoob__three.js-21826,mrdoob/three.js,JavaScript,dense_minilm,11,True,5,4,1,10,0.0,0.0,0.0,0.0,0.0,0.0,0.0,0.0,0.0,0.0,0.0,0.0,0.0,0.0,0.0,0.0,0.0,0.0,0.0,0.0,0.0
feature,mrdoob__three.js-21826,mrdoob/three.js,JavaScript,hybrid_rrf,11,True,5,4,1,10,0.2,1.0,1.0,0.25,0.0,0.2,0.3333333333333333,0.3333333333333333,0.25,0.0,0.2,0.2,0.2,0.25,0.0,0.2,0.1,0.1,0.25,0.0,1.0
feature,mrdoob__three.js-21826,mrdoob/three.js,JavaScript,minilm256_pool100,11,True,5,4,1,10,0.0,0.0,0.0,0.0,0.0,0.0,0.0,0.0,0.0,0.0,0.0,0.0,0.0,0.0,0.0,0.0,0.0,0.0,0.0,0.0,0.0
feature,mrdoob__three.js-21826,mrdoob/three.js,JavaScript,coderank256_pool100,11,True,5,4,1,10,0.0,0.0,0.0,0.0,0.0,0.0,0.0,0.0,0.0,0.0,0.2,0.2,0.2,0.25,0.0,0.4,0.2,0.2,0.5,0.0,0.2
feature,mrdoob__three.js-21826,mrdoob/three.js,JavaScript,coderank2048_pool100,11,True,5,4,1,10,0.0,0.0,0.0,0.0,0.0,0.0,0.0,0.0,0.0,0.0,0.0,0.0,0.0,0.0,0.0,0.0,0.0,0.0,0.0,0.0,0.0
feature,mrdoob__three.js-21826,mrdoob/three.js,JavaScript,qwen3-coder:30b/paths,11,True,5,4,1,10,0.0,0.0,0.0,0.0,0.0,0.0,0.0,0.0,0.0,0.0,0.0,0.0,0.0,0.0,0.0,0.0,0.0,0.0,0.0,0.0,0.0
feature,mrdoob__three.js-21826,mrdoob/three.js,JavaScript,qwen3-coder:30b/content,11,True,5,4,1,10,0.0,0.0,0.0,0.0,0.0,0.0,0.0,0.0,0.0,0.0,0.0,0.0,0.0,0.0,0.0,0.0,0.0,0.0,0.0,0.0,0.0
feature,mrdoob__three.js-21826,mrdoob/three.js,JavaScript,devstral-small-2:24b/paths,11,True,5,4,1,10,0.0,0.0,0.0,0.0,0.0,0.0,0.0,0.0,0.0,0.0,0.0,0.0,0.0,0.0,0.0,0.0,0.0,0.0,0.0,0.0,0.0
feature,mrdoob__three.js-21826,mrdoob/three.js,JavaScript,devstral-small-2:24b/content,11,True,5,4,1,10,0.0,0.0,0.0,0.0,0.0,0.0,0.0,0.0,0.0,0.0,0.0,0.0,0.0,0.0,0.0,0.0,0.0,0.0,0.0,0.0,0.0
feature,mrdoob__three.js-21826,mrdoob/three.js,JavaScript,navigation/restricted40,11,True,5,4,1,4,0.0,0.0,0.0,0.0,0.0,0.2,0.3333333333333333,0.3333333333333333,0.25,0.0,0.2,0.2,0.25,0.25,0.0,0.2,0.1,0.25,0.25,0.0,0.5
feature,mrdoob__three.js-21826,mrdoob/three.js,JavaScript,navigation/repository,11,True,5,4,1,4,0.2,1.0,1.0,0.25,0.0,0.2,0.3333333333333333,0.3333333333333333,0.25,0.0,0.2,0.2,0.25,0.25,0.0,0.2,0.1,0.25,0.25,0.0,1.0
feature,mrdoob__three.js-23596,mrdoob/three.js,JavaScript,path_bm25,11,True,3,2,1,10,0.0,0.0,0.0,0.0,0.0,0.0,0.0,0.0,0.0,0.0,0.0,0.0,0.0,0.0,0.0,0.3333333333333333,0.1,0.1,0.5,0.0,0.1
feature,mrdoob__three.js-23596,mrdoob/three.js,JavaScript,content_bm25,11,True,3,2,1,10,0.0,0.0,0.0,0.0,0.0,0.0,0.0,0.0,0.0,0.0,0.0,0.0,0.0,0.0,0.0,0.0,0.0,0.0,0.0,0.0,0.0
feature,mrdoob__three.js-23596,mrdoob/three.js,JavaScript,dense_minilm,11,True,3,2,1,10,0.0,0.0,0.0,0.0,0.0,0.0,0.0,0.0,0.0,0.0,0.0,0.0,0.0,0.0,0.0,0.0,0.0,0.0,0.0,0.0,0.0
feature,mrdoob__three.js-23596,mrdoob/three.js,JavaScript,hybrid_rrf,11,True,3,2,1,10,0.0,0.0,0.0,0.0,0.0,0.0,0.0,0.0,0.0,0.0,0.0,0.0,0.0,0.0,0.0,0.3333333333333333,0.1,0.1,0.5,0.0,0.16666666666666666
feature,mrdoob__three.js-23596,mrdoob/three.js,JavaScript,minilm256_pool100,11,True,3,2,1,10,0.0,0.0,0.0,0.0,0.0,0.0,0.0,0.0,0.0,0.0,0.0,0.0,0.0,0.0,0.0,0.0,0.0,0.0,0.0,0.0,0.0
feature,mrdoob__three.js-23596,mrdoob/three.js,JavaScript,coderank256_pool100,11,True,3,2,1,10,0.3333333333333333,1.0,1.0,0.5,0.0,0.6666666666666666,0.6666666666666666,0.6666666666666666,1.0,0.0,0.6666666666666666,0.4,0.4,1.0,0.0,0.6666666666666666,0.2,0.2,1.0,0.0,1.0
feature,mrdoob__three.js-23596,mrdoob/three.js,JavaScript,coderank2048_pool100,11,True,3,2,1,10,0.3333333333333333,1.0,1.0,0.5,0.0,0.6666666666666666,0.6666666666666666,0.6666666666666666,1.0,0.0,0.6666666666666666,0.4,0.4,1.0,0.0,0.6666666666666666,0.2,0.2,1.0,0.0,1.0
feature,mrdoob__three.js-23596,mrdoob/three.js,JavaScript,qwen3-coder:30b/paths,11,True,3,2,1,10,0.3333333333333333,1.0,1.0,0.5,0.0,0.6666666666666666,0.6666666666666666,0.6666666666666666,1.0,0.0,0.6666666666666666,0.4,0.4,1.0,0.0,0.6666666666666666,0.2,0.2,1.0,0.0,1.0
feature,mrdoob__three.js-23596,mrdoob/three.js,JavaScript,qwen3-coder:30b/content,11,True,3,2,1,6,0.3333333333333333,1.0,1.0,0.5,0.0,0.3333333333333333,0.3333333333333333,0.3333333333333333,0.5,0.0,0.3333333333333333,0.2,0.2,0.5,0.0,0.6666666666666666,0.2,0.3333333333333333,1.0,0.0,1.0
feature,mrdoob__three.js-23596,mrdoob/three.js,JavaScript,devstral-small-2:24b/paths,11,True,3,2,1,10,0.3333333333333333,1.0,1.0,0.5,0.0,0.6666666666666666,0.6666666666666666,0.6666666666666666,1.0,0.0,0.6666666666666666,0.4,0.4,1.0,0.0,0.6666666666666666,0.2,0.2,1.0,0.0,1.0
feature,mrdoob__three.js-23596,mrdoob/three.js,JavaScript,devstral-small-2:24b/content,11,True,3,2,1,10,0.3333333333333333,1.0,1.0,0.5,0.0,0.3333333333333333,0.3333333333333333,0.3333333333333333,0.5,0.0,0.3333333333333333,0.2,0.2,0.5,0.0,0.6666666666666666,0.2,0.2,1.0,0.0,1.0
feature,mrdoob__three.js-23596,mrdoob/three.js,JavaScript,navigation/restricted40,11,True,3,2,1,2,0.3333333333333333,1.0,1.0,0.5,0.0,0.3333333333333333,0.3333333333333333,0.5,0.5,0.0,0.3333333333333333,0.2,0.5,0.5,0.0,0.3333333333333333,0.1,0.5,0.5,0.0,1.0
feature,mrdoob__three.js-23596,mrdoob/three.js,JavaScript,navigation/repository,11,True,3,2,1,4,0.3333333333333333,1.0,1.0,0.5,0.0,0.3333333333333333,0.3333333333333333,0.3333333333333333,0.5,0.0,0.3333333333333333,0.2,0.25,0.5,0.0,0.3333333333333333,0.1,0.25,0.5,0.0,1.0
feature,mrdoob__three.js-23796,mrdoob/three.js,JavaScript,path_bm25,11,True,15,9,6,10,0.0,0.0,0.0,0.0,0.0,0.06666666666666667,0.3333333333333333,0.3333333333333333,0.0,0.16666666666666666,0.06666666666666667,0.2,0.2,0.0,0.16666666666666666,0.13333333333333333,0.2,0.2,0.0,0.3333333333333333,0.3333333333333333
feature,mrdoob__three.js-23796,mrdoob/three.js,JavaScript,content_bm25,11,True,15,9,6,10,0.0,0.0,0.0,0.0,0.0,0.0,0.0,0.0,0.0,0.0,0.0,0.0,0.0,0.0,0.0,0.0,0.0,0.0,0.0,0.0,0.0
feature,mrdoob__three.js-23796,mrdoob/three.js,JavaScript,dense_minilm,11,True,15,9,6,10,0.0,0.0,0.0,0.0,0.0,0.13333333333333333,0.6666666666666666,0.6666666666666666,0.0,0.3333333333333333,0.13333333333333333,0.4,0.4,0.0,0.3333333333333333,0.26666666666666666,0.4,0.4,0.1111111111111111,0.5,0.5
feature,mrdoob__three.js-23796,mrdoob/three.js,JavaScript,hybrid_rrf,11,True,15,9,6,10,0.0,0.0,0.0,0.0,0.0,0.06666666666666667,0.3333333333333333,0.3333333333333333,0.0,0.16666666666666666,0.13333333333333333,0.4,0.4,0.0,0.3333333333333333,0.3333333333333333,0.5,0.5,0.2222222222222222,0.5,0.5
feature,mrdoob__three.js-23796,mrdoob/three.js,JavaScript,minilm256_pool100,11,True,15,9,6,10,0.0,0.0,0.0,0.0,0.0,0.13333333333333333,0.6666666666666666,0.6666666666666666,0.0,0.3333333333333333,0.13333333333333333,0.4,0.4,0.0,0.3333333333333333,0.26666666666666666,0.4,0.4,0.1111111111111111,0.5,0.5
feature,mrdoob__three.js-23796,mrdoob/three.js,JavaScript,coderank256_pool100,11,True,15,9,6,10,0.06666666666666667,1.0,1.0,0.1111111111111111,0.0,0.2,1.0,1.0,0.1111111111111111,0.3333333333333333,0.26666666666666666,0.8,0.8,0.2222222222222222,0.3333333333333333,0.4666666666666667,0.7,0.7,0.4444444444444444,0.5,1.0
feature,mrdoob__three.js-23796,mrdoob/three.js,JavaScript,coderank2048_pool100,11,True,15,9,6,10,0.06666666666666667,1.0,1.0,0.1111111111111111,0.0,0.06666666666666667,0.3333333333333333,0.3333333333333333,0.1111111111111111,0.0,0.06666666666666667,0.2,0.2,0.1111111111111111,0.0,0.13333333333333333,0.2,0.2,0.1111111111111111,0.16666666666666666,1.0
feature,mrdoob__three.js-23796,mrdoob/three.js,JavaScript,qwen3-coder:30b/paths,11,True,15,9,6,10,0.06666666666666667,1.0,1.0,0.1111111111111111,0.0,0.2,1.0,1.0,0.2222222222222222,0.16666666666666666,0.3333333333333333,1.0,1.0,0.2222222222222222,0.5,0.4,0.6,0.6,0.2222222222222222,0.6666666666666666,1.0
feature,mrdoob__three.js-23796,mrdoob/three.js,JavaScript,qwen3-coder:30b/content,11,True,15,9,6,10,0.06666666666666667,1.0,1.0,0.1111111111111111,0.0,0.2,1.0,1.0,0.2222222222222222,0.16666666666666666,0.26666666666666666,0.8,0.8,0.2222222222222222,0.3333333333333333,0.4666666666666667,0.7,0.7,0.4444444444444444,0.5,1.0
feature,mrdoob__three.js-23796,mrdoob/three.js,JavaScript,devstral-small-2:24b/paths,11,True,15,9,6,10,0.06666666666666667,1.0,1.0,0.1111111111111111,0.0,0.2,1.0,1.0,0.2222222222222222,0.16666666666666666,0.26666666666666666,0.8,0.8,0.2222222222222222,0.3333333333333333,0.6,0.9,0.9,0.4444444444444444,0.8333333333333334,1.0
feature,mrdoob__three.js-23796,mrdoob/three.js,JavaScript,devstral-small-2:24b/content,11,True,15,9,6,10,0.06666666666666667,1.0,1.0,0.1111111111111111,0.0,0.2,1.0,1.0,0.2222222222222222,0.16666666666666666,0.3333333333333333,1.0,1.0,0.2222222222222222,0.5,0.5333333333333333,0.8,0.8,0.2222222222222222,1.0,1.0
feature,mrdoob__three.js-23796,mrdoob/three.js,JavaScript,navigation/restricted40,11,True,15,9,6,10,0.0,0.0,0.0,0.0,0.0,0.13333333333333333,0.6666666666666666,0.6666666666666666,0.1111111111111111,0.16666666666666666,0.26666666666666666,0.8,0.8,0.1111111111111111,0.5,0.3333333333333333,0.5,0.5,0.2222222222222222,0.5,0.5
feature,mrdoob__three.js-23796,mrdoob/three.js,JavaScript,navigation/repository,11,True,15,9,6,10,0.0,0.0,0.0,0.0,0.0,0.13333333333333333,0.6666666666666666,0.6666666666666666,0.1111111111111111,0.16666666666666666,0.2,0.6,0.6,0.1111111111111111,0.3333333333333333,0.3333333333333333,0.5,0.5,0.2222222222222222,0.5,0.5
feature,sveltejs__svelte-778,sveltejs/svelte,JavaScript,path_bm25,11,True,5,4,1,10,0.0,0.0,0.0,0.0,0.0,0.0,0.0,0.0,0.0,0.0,0.0,0.0,0.0,0.0,0.0,0.0,0.0,0.0,0.0,0.0,0.0
feature,sveltejs__svelte-778,sveltejs/svelte,JavaScript,content_bm25,11,True,5,4,1,10,0.0,0.0,0.0,0.0,0.0,0.0,0.0,0.0,0.0,0.0,0.0,0.0,0.0,0.0,0.0,0.0,0.0,0.0,0.0,0.0,0.0
feature,sveltejs__svelte-778,sveltejs/svelte,JavaScript,dense_minilm,11,True,5,4,1,10,0.0,0.0,0.0,0.0,0.0,0.0,0.0,0.0,0.0,0.0,0.0,0.0,0.0,0.0,0.0,0.0,0.0,0.0,0.0,0.0,0.0
feature,sveltejs__svelte-778,sveltejs/svelte,JavaScript,hybrid_rrf,11,True,5,4,1,10,0.0,0.0,0.0,0.0,0.0,0.0,0.0,0.0,0.0,0.0,0.0,0.0,0.0,0.0,0.0,0.0,0.0,0.0,0.0,0.0,0.0
feature,sveltejs__svelte-778,sveltejs/svelte,JavaScript,minilm256_pool100,11,True,5,4,1,10,0.0,0.0,0.0,0.0,0.0,0.0,0.0,0.0,0.0,0.0,0.0,0.0,0.0,0.0,0.0,0.0,0.0,0.0,0.0,0.0,0.0
feature,sveltejs__svelte-778,sveltejs/svelte,JavaScript,coderank256_pool100,11,True,5,4,1,10,0.0,0.0,0.0,0.0,0.0,0.0,0.0,0.0,0.0,0.0,0.0,0.0,0.0,0.0,0.0,0.0,0.0,0.0,0.0,0.0,0.0
feature,sveltejs__svelte-778,sveltejs/svelte,JavaScript,coderank2048_pool100,11,True,5,4,1,10,0.0,0.0,0.0,0.0,0.0,0.0,0.0,0.0,0.0,0.0,0.0,0.0,0.0,0.0,0.0,0.0,0.0,0.0,0.0,0.0,0.0
feature,sveltejs__svelte-778,sveltejs/svelte,JavaScript,qwen3-coder:30b/paths,11,True,5,4,1,10,0.0,0.0,0.0,0.0,0.0,0.0,0.0,0.0,0.0,0.0,0.0,0.0,0.0,0.0,0.0,0.0,0.0,0.0,0.0,0.0,0.0
feature,sveltejs__svelte-778,sveltejs/svelte,JavaScript,qwen3-coder:30b/content,11,True,5,4,1,10,0.0,0.0,0.0,0.0,0.0,0.0,0.0,0.0,0.0,0.0,0.0,0.0,0.0,0.0,0.0,0.0,0.0,0.0,0.0,0.0,0.0
feature,sveltejs__svelte-778,sveltejs/svelte,JavaScript,devstral-small-2:24b/paths,11,True,5,4,1,10,0.0,0.0,0.0,0.0,0.0,0.0,0.0,0.0,0.0,0.0,0.0,0.0,0.0,0.0,0.0,0.0,0.0,0.0,0.0,0.0,0.0
feature,sveltejs__svelte-778,sveltejs/svelte,JavaScript,devstral-small-2:24b/content,11,True,5,4,1,4,0.0,0.0,0.0,0.0,0.0,0.0,0.0,0.0,0.0,0.0,0.0,0.0,0.0,0.0,0.0,0.0,0.0,0.0,0.0,0.0,0.0
feature,sveltejs__svelte-778,sveltejs/svelte,JavaScript,navigation/restricted40,11,True,5,4,1,10,0.0,0.0,0.0,0.0,0.0,0.0,0.0,0.0,0.0,0.0,0.0,0.0,0.0,0.0,0.0,0.0,0.0,0.0,0.0,0.0,0.0
feature,sveltejs__svelte-778,sveltejs/svelte,JavaScript,navigation/repository,11,True,5,4,1,10,0.0,0.0,0.0,0.0,0.0,0.0,0.0,0.0,0.0,0.0,0.0,0.0,0.0,0.0,0.0,0.0,0.0,0.0,0.0,0.0,0.0
feature,sveltejs__svelte-785,sveltejs/svelte,JavaScript,path_bm25,11,True,25,1,24,10,0.0,0.0,0.0,0.0,0.0,0.0,0.0,0.0,0.0,0.0,0.0,0.0,0.0,0.0,0.0,0.0,0.0,0.0,0.0,0.0,0.0
feature,sveltejs__svelte-785,sveltejs/svelte,JavaScript,content_bm25,11,True,25,1,24,10,0.0,0.0,0.0,0.0,0.0,0.0,0.0,0.0,0.0,0.0,0.0,0.0,0.0,0.0,0.0,0.0,0.0,0.0,0.0,0.0,0.0
feature,sveltejs__svelte-785,sveltejs/svelte,JavaScript,dense_minilm,11,True,25,1,24,10,0.04,1.0,1.0,0.0,0.041666666666666664,0.08,0.6666666666666666,0.6666666666666666,0.0,0.08333333333333333,0.08,0.4,0.4,0.0,0.08333333333333333,0.2,0.5,0.5,0.0,0.20833333333333334,1.0
feature,sveltejs__svelte-785,sveltejs/svelte,JavaScript,hybrid_rrf,11,True,25,1,24,10,0.0,0.0,0.0,0.0,0.0,0.08,0.6666666666666666,0.6666666666666666,0.0,0.08333333333333333,0.08,0.4,0.4,0.0,0.08333333333333333,0.24,0.6,0.6,0.0,0.25,0.5
feature,sveltejs__svelte-785,sveltejs/svelte,JavaScript,minilm256_pool100,11,True,25,1,24,10,0.04,1.0,1.0,0.0,0.041666666666666664,0.08,0.6666666666666666,0.6666666666666666,0.0,0.08333333333333333,0.08,0.4,0.4,0.0,0.08333333333333333,0.2,0.5,0.5,0.0,0.20833333333333334,1.0
feature,sveltejs__svelte-785,sveltejs/svelte,JavaScript,coderank256_pool100,11,True,25,1,24,10,0.0,0.0,0.0,0.0,0.0,0.0,0.0,0.0,0.0,0.0,0.0,0.0,0.0,0.0,0.0,0.04,0.1,0.1,0.0,0.041666666666666664,0.1
feature,sveltejs__svelte-785,sveltejs/svelte,JavaScript,coderank2048_pool100,11,True,25,1,24,10,0.0,0.0,0.0,0.0,0.0,0.0,0.0,0.0,0.0,0.0,0.0,0.0,0.0,0.0,0.0,0.0,0.0,0.0,0.0,0.0,0.0
feature,sveltejs__svelte-785,sveltejs/svelte,JavaScript,qwen3-coder:30b/paths,11,True,25,1,24,10,0.0,0.0,0.0,0.0,0.0,0.0,0.0,0.0,0.0,0.0,0.08,0.4,0.4,0.0,0.08333333333333333,0.12,0.3,0.3,0.0,0.125,0.25
feature,sveltejs__svelte-785,sveltejs/svelte,JavaScript,qwen3-coder:30b/content,11,True,25,1,24,10,0.04,1.0,1.0,0.0,0.041666666666666664,0.08,0.6666666666666666,0.6666666666666666,0.0,0.08333333333333333,0.16,0.8,0.8,0.0,0.16666666666666666,0.28,0.7,0.7,0.0,0.2916666666666667,1.0
feature,sveltejs__svelte-785,sveltejs/svelte,JavaScript,devstral-small-2:24b/paths,11,True,25,1,24,10,0.04,1.0,1.0,0.0,0.041666666666666664,0.08,0.6666666666666666,0.6666666666666666,0.0,0.08333333333333333,0.08,0.4,0.4,0.0,0.08333333333333333,0.08,0.2,0.2,0.0,0.08333333333333333,1.0
feature,sveltejs__svelte-785,sveltejs/svelte,JavaScript,devstral-small-2:24b/content,11,True,25,1,24,10,0.04,1.0,1.0,0.0,0.041666666666666664,0.12,1.0,1.0,0.0,0.125,0.2,1.0,1.0,0.0,0.20833333333333334,0.24,0.6,0.6,0.0,0.25,1.0
feature,sveltejs__svelte-785,sveltejs/svelte,JavaScript,navigation/restricted40,11,True,25,1,24,10,0.04,1.0,1.0,0.0,0.041666666666666664,0.12,1.0,1.0,0.0,0.125,0.2,1.0,1.0,0.0,0.20833333333333334,0.4,1.0,1.0,0.0,0.4166666666666667,1.0
feature,sveltejs__svelte-785,sveltejs/svelte,JavaScript,navigation/repository,11,True,25,1,24,10,0.04,1.0,1.0,0.0,0.041666666666666664,0.12,1.0,1.0,0.0,0.125,0.2,1.0,1.0,0.0,0.20833333333333334,0.4,1.0,1.0,0.0,0.4166666666666667,1.0
feature,sveltejs__svelte-1148,sveltejs/svelte,JavaScript,path_bm25,11,True,9,4,5,10,0.0,0.0,0.0,0.0,0.0,0.0,0.0,0.0,0.0,0.0,0.0,0.0,0.0,0.0,0.0,0.0,0.0,0.0,0.0,0.0,0.0
feature,sveltejs__svelte-1148,sveltejs/svelte,JavaScript,content_bm25,11,True,9,4,5,10,0.0,0.0,0.0,0.0,0.0,0.0,0.0,0.0,0.0,0.0,0.0,0.0,0.0,0.0,0.0,0.2222222222222222,0.2,0.2,0.25,0.2,0.125
feature,sveltejs__svelte-1148,sveltejs/svelte,JavaScript,dense_minilm,11,True,9,4,5,10,0.1111111111111111,1.0,1.0,0.0,0.2,0.3333333333333333,1.0,1.0,0.0,0.6,0.4444444444444444,0.8,0.8,0.0,0.8,0.4444444444444444,0.4,0.4,0.0,0.8,1.0
feature,sveltejs__svelte-1148,sveltejs/svelte,JavaScript,hybrid_rrf,11,True,9,4,5,10,0.1111111111111111,1.0,1.0,0.0,0.2,0.3333333333333333,1.0,1.0,0.0,0.6,0.4444444444444444,0.8,0.8,0.0,0.8,0.4444444444444444,0.4,0.4,0.0,0.8,1.0
feature,sveltejs__svelte-1148,sveltejs/svelte,JavaScript,minilm256_pool100,11,True,9,4,5,10,0.1111111111111111,1.0,1.0,0.0,0.2,0.3333333333333333,1.0,1.0,0.0,0.6,0.4444444444444444,0.8,0.8,0.0,0.8,0.4444444444444444,0.4,0.4,0.0,0.8,1.0
feature,sveltejs__svelte-1148,sveltejs/svelte,JavaScript,coderank256_pool100,11,True,9,4,5,10,0.1111111111111111,1.0,1.0,0.0,0.2,0.3333333333333333,1.0,1.0,0.0,0.6,0.5555555555555556,1.0,1.0,0.25,0.8,0.6666666666666666,0.6,0.6,0.5,0.8,1.0
feature,sveltejs__svelte-1148,sveltejs/svelte,JavaScript,coderank2048_pool100,11,True,9,4,5,10,0.1111111111111111,1.0,1.0,0.0,0.2,0.3333333333333333,1.0,1.0,0.0,0.6,0.4444444444444444,0.8,0.8,0.0,0.8,0.4444444444444444,0.4,0.4,0.0,0.8,1.0
feature,sveltejs__svelte-1148,sveltejs/svelte,JavaScript,qwen3-coder:30b/paths,11,True,9,4,5,10,0.1111111111111111,1.0,1.0,0.25,0.0,0.3333333333333333,1.0,1.0,0.25,0.4,0.5555555555555556,1.0,1.0,0.25,0.8,0.7777777777777778,0.7,0.7,0.5,1.0,1.0
feature,sveltejs__svelte-1148,sveltejs/svelte,JavaScript,qwen3-coder:30b/content,11,True,9,4,5,10,0.1111111111111111,1.0,1.0,0.25,0.0,0.3333333333333333,1.0,1.0,0.5,0.2,0.5555555555555556,1.0,1.0,0.5,0.6,0.6666666666666666,0.6,0.6,0.5,0.8,1.0
feature,sveltejs__svelte-1148,sveltejs/svelte,JavaScript,devstral-small-2:24b/paths,11,True,9,4,5,10,0.1111111111111111,1.0,1.0,0.25,0.0,0.2222222222222222,0.6666666666666666,0.6666666666666666,0.5,0.0,0.3333333333333333,0.6,0.6,0.5,0.2,0.7777777777777778,0.7,0.7,0.5,1.0,1.0
feature,sveltejs__svelte-1148,sveltejs/svelte,JavaScript,devstral-small-2:24b/content,11,True,9,4,5,10,0.1111111111111111,1.0,1.0,0.25,0.0,0.3333333333333333,1.0,1.0,0.25,0.4,0.5555555555555556,1.0,1.0,0.25,0.8,0.7777777777777778,0.7,0.7,0.5,1.0,1.0
feature,sveltejs__svelte-1148,sveltejs/svelte,JavaScript,navigation/restricted40,11,True,9,4,5,5,0.1111111111111111,1.0,1.0,0.25,0.0,0.3333333333333333,1.0,1.0,0.25,0.4,0.5555555555555556,1.0,1.0,0.25,0.8,0.5555555555555556,0.5,1.0,0.25,0.8,1.0
feature,sveltejs__svelte-1148,sveltejs/svelte,JavaScript,navigation/repository,11,True,9,4,5,5,0.1111111111111111,1.0,1.0,0.25,0.0,0.3333333333333333,1.0,1.0,0.25,0.4,0.5555555555555556,1.0,1.0,0.75,0.4,0.5555555555555556,0.5,1.0,0.75,0.4,1.0
feature,sveltejs__svelte-1811,sveltejs/svelte,JavaScript,path_bm25,11,True,20,2,18,10,0.0,0.0,0.0,0.0,0.0,0.0,0.0,0.0,0.0,0.0,0.0,0.0,0.0,0.0,0.0,0.0,0.0,0.0,0.0,0.0,0.0
feature,sveltejs__svelte-1811,sveltejs/svelte,JavaScript,content_bm25,11,True,20,2,18,10,0.0,0.0,0.0,0.0,0.0,0.0,0.0,0.0,0.0,0.0,0.0,0.0,0.0,0.0,0.0,0.15,0.3,0.3,0.0,0.16666666666666666,0.14285714285714285
feature,sveltejs__svelte-1811,sveltejs/svelte,JavaScript,dense_minilm,11,True,20,2,18,10,0.05,1.0,1.0,0.0,0.05555555555555555,0.15,1.0,1.0,0.0,0.16666666666666666,0.15,0.6,0.6,0.0,0.16666666666666666,0.3,0.6,0.6,0.0,0.3333333333333333,1.0
feature,sveltejs__svelte-1811,sveltejs/svelte,JavaScript,hybrid_rrf,11,True,20,2,18,10,0.05,1.0,1.0,0.0,0.05555555555555555,0.1,0.6666666666666666,0.6666666666666666,0.0,0.1111111111111111,0.1,0.4,0.4,0.0,0.1111111111111111,0.25,0.5,0.5,0.0,0.2777777777777778,1.0
feature,sveltejs__svelte-1811,sveltejs/svelte,JavaScript,minilm256_pool100,11,True,20,2,18,10,0.05,1.0,1.0,0.0,0.05555555555555555,0.15,1.0,1.0,0.0,0.16666666666666666,0.15,0.6,0.6,0.0,0.16666666666666666,0.3,0.6,0.6,0.0,0.3333333333333333,1.0
feature,sveltejs__svelte-1811,sveltejs/svelte,JavaScript,coderank256_pool100,11,True,20,2,18,10,0.05,1.0,1.0,0.0,0.05555555555555555,0.1,0.6666666666666666,0.6666666666666666,0.0,0.1111111111111111,0.15,0.6,0.6,0.0,0.16666666666666666,0.2,0.4,0.4,0.0,0.2222222222222222,1.0
feature,sveltejs__svelte-1811,sveltejs/svelte,JavaScript,coderank2048_pool100,11,True,20,2,18,10,0.05,1.0,1.0,0.0,0.05555555555555555,0.1,0.6666666666666666,0.6666666666666666,0.0,0.1111111111111111,0.15,0.6,0.6,0.0,0.16666666666666666,0.2,0.4,0.4,0.0,0.2222222222222222,1.0
feature,sveltejs__svelte-1811,sveltejs/svelte,JavaScript,qwen3-coder:30b/paths,11,True,20,2,18,10,0.0,0.0,0.0,0.0,0.0,0.0,0.0,0.0,0.0,0.0,0.0,0.0,0.0,0.0,0.0,0.05,0.1,0.1,0.0,0.05555555555555555,0.1
feature,sveltejs__svelte-1811,sveltejs/svelte,JavaScript,qwen3-coder:30b/content,11,True,20,2,18,10,0.0,0.0,0.0,0.0,0.0,0.05,0.3333333333333333,0.3333333333333333,0.0,0.05555555555555555,0.1,0.4,0.4,0.5,0.05555555555555555,0.25,0.5,0.5,0.5,0.2222222222222222,0.5
feature,sveltejs__svelte-1811,sveltejs/svelte,JavaScript,devstral-small-2:24b/paths,11,True,20,2,18,10,0.0,0.0,0.0,0.0,0.0,0.0,0.0,0.0,0.0,0.0,0.0,0.0,0.0,0.0,0.0,0.05,0.1,0.1,0.0,0.05555555555555555,0.14285714285714285
feature,sveltejs__svelte-1811,sveltejs/svelte,JavaScript,devstral-small-2:24b/content,11,True,20,2,18,10,0.0,0.0,0.0,0.0,0.0,0.0,0.0,0.0,0.0,0.0,0.0,0.0,0.0,0.0,0.0,0.1,0.2,0.2,0.0,0.1111111111111111,0.16666666666666666
feature,sveltejs__svelte-1811,sveltejs/svelte,JavaScript,navigation/restricted40,11,True,20,2,18,10,0.05,1.0,1.0,0.5,0.0,0.15,1.0,1.0,0.5,0.1111111111111111,0.2,0.8,0.8,0.5,0.16666666666666666,0.3,0.6,0.6,0.5,0.2777777777777778,1.0
feature,sveltejs__svelte-1811,sveltejs/svelte,JavaScript,navigation/repository,11,True,20,2,18,10,0.0,0.0,0.0,0.0,0.0,0.05,0.3333333333333333,0.3333333333333333,0.0,0.05555555555555555,0.1,0.4,0.4,0.0,0.1111111111111111,0.2,0.4,0.4,0.0,0.2222222222222222,0.3333333333333333
feature,sveltejs__svelte-2187,sveltejs/svelte,JavaScript,path_bm25,11,True,12,4,8,10,0.0,0.0,0.0,0.0,0.0,0.0,0.0,0.0,0.0,0.0,0.0,0.0,0.0,0.0,0.0,0.0,0.0,0.0,0.0,0.0,0.0
feature,sveltejs__svelte-2187,sveltejs/svelte,JavaScript,content_bm25,11,True,12,4,8,10,0.0,0.0,0.0,0.0,0.0,0.0,0.0,0.0,0.0,0.0,0.0,0.0,0.0,0.0,0.0,0.0,0.0,0.0,0.0,0.0,0.0
feature,sveltejs__svelte-2187,sveltejs/svelte,JavaScript,dense_minilm,11,True,12,4,8,10,0.08333333333333333,1.0,1.0,0.0,0.125,0.16666666666666666,0.6666666666666666,0.6666666666666666,0.0,0.25,0.16666666666666666,0.4,0.4,0.0,0.25,0.25,0.3,0.3,0.0,0.375,1.0
feature,sveltejs__svelte-2187,sveltejs/svelte,JavaScript,hybrid_rrf,11,True,12,4,8,10,0.0,0.0,0.0,0.0,0.0,0.0,0.0,0.0,0.0,0.0,0.0,0.0,0.0,0.0,0.0,0.16666666666666666,0.2,0.2,0.0,0.25,0.16666666666666666
feature,sveltejs__svelte-2187,sveltejs/svelte,JavaScript,minilm256_pool100,11,True,12,4,8,10,0.08333333333333333,1.0,1.0,0.0,0.125,0.16666666666666666,0.6666666666666666,0.6666666666666666,0.0,0.25,0.16666666666666666,0.4,0.4,0.0,0.25,0.25,0.3,0.3,0.0,0.375,1.0
feature,sveltejs__svelte-2187,sveltejs/svelte,JavaScript,coderank256_pool100,11,True,12,4,8,10,0.08333333333333333,1.0,1.0,0.0,0.125,0.25,1.0,1.0,0.0,0.375,0.25,0.6,0.6,0.0,0.375,0.3333333333333333,0.4,0.4,0.0,0.5,1.0
feature,sveltejs__svelte-2187,sveltejs/svelte,JavaScript,coderank2048_pool100,11,True,12,4,8,10,0.08333333333333333,1.0,1.0,0.0,0.125,0.25,1.0,1.0,0.0,0.375,0.25,0.6,0.6,0.0,0.375,0.3333333333333333,0.4,0.4,0.0,0.5,1.0
feature,sveltejs__svelte-2187,sveltejs/svelte,JavaScript,qwen3-coder:30b/paths,11,True,12,4,8,10,0.0,0.0,0.0,0.0,0.0,0.0,0.0,0.0,0.0,0.0,0.0,0.0,0.0,0.0,0.0,0.0,0.0,0.0,0.0,0.0,0.0
feature,sveltejs__svelte-2187,sveltejs/svelte,JavaScript,qwen3-coder:30b/content,11,True,12,4,8,10,0.08333333333333333,1.0,1.0,0.0,0.125,0.25,1.0,1.0,0.0,0.375,0.25,0.6,0.6,0.0,0.375,0.25,0.3,0.3,0.0,0.375,1.0
feature,sveltejs__svelte-2187,sveltejs/svelte,JavaScript,devstral-small-2:24b/paths,11,True,12,4,8,10,0.08333333333333333,1.0,1.0,0.0,0.125,0.16666666666666666,0.6666666666666666,0.6666666666666666,0.0,0.25,0.25,0.6,0.6,0.0,0.375,0.25,0.3,0.3,0.0,0.375,1.0
feature,sveltejs__svelte-2187,sveltejs/svelte,JavaScript,devstral-small-2:24b/content,11,True,12,4,8,10,0.08333333333333333,1.0,1.0,0.0,0.125,0.25,1.0,1.0,0.0,0.375,0.25,0.6,0.6,0.0,0.375,0.25,0.3,0.3,0.0,0.375,1.0
feature,sveltejs__svelte-2187,sveltejs/svelte,JavaScript,navigation/restricted40,11,True,12,4,8,10,0.08333333333333333,1.0,1.0,0.0,0.125,0.25,1.0,1.0,0.0,0.375,0.25,0.6,0.6,0.0,0.375,0.25,0.3,0.3,0.0,0.375,1.0
feature,sveltejs__svelte-2187,sveltejs/svelte,JavaScript,navigation/repository,11,True,12,4,8,10,0.08333333333333333,1.0,1.0,0.0,0.125,0.25,1.0,1.0,0.0,0.375,0.3333333333333333,0.8,0.8,0.0,0.5,0.3333333333333333,0.4,0.4,0.0,0.5,1.0
feature,sveltejs__svelte-5442,sveltejs/svelte,JavaScript,path_bm25,11,True,8,5,3,10,0.0,0.0,0.0,0.0,0.0,0.0,0.0,0.0,0.0,0.0,0.0,0.0,0.0,0.0,0.0,0.0,0.0,0.0,0.0,0.0,0.0
feature,sveltejs__svelte-5442,sveltejs/svelte,JavaScript,content_bm25,11,True,8,5,3,10,0.0,0.0,0.0,0.0,0.0,0.0,0.0,0.0,0.0,0.0,0.0,0.0,0.0,0.0,0.0,0.0,0.0,0.0,0.0,0.0,0.0
feature,sveltejs__svelte-5442,sveltejs/svelte,JavaScript,dense_minilm,11,True,8,5,3,10,0.0,0.0,0.0,0.0,0.0,0.125,0.3333333333333333,0.3333333333333333,0.0,0.3333333333333333,0.125,0.2,0.2,0.0,0.3333333333333333,0.25,0.2,0.2,0.2,0.3333333333333333,0.3333333333333333
feature,sveltejs__svelte-5442,sveltejs/svelte,JavaScript,hybrid_rrf,11,True,8,5,3,10,0.0,0.0,0.0,0.0,0.0,0.125,0.3333333333333333,0.3333333333333333,0.2,0.0,0.125,0.2,0.2,0.2,0.0,0.125,0.1,0.1,0.2,0.0,0.5
feature,sveltejs__svelte-5442,sveltejs/svelte,JavaScript,minilm256_pool100,11,True,8,5,3,10,0.0,0.0,0.0,0.0,0.0,0.125,0.3333333333333333,0.3333333333333333,0.0,0.3333333333333333,0.125,0.2,0.2,0.0,0.3333333333333333,0.25,0.2,0.2,0.2,0.3333333333333333,0.3333333333333333
feature,sveltejs__svelte-5442,sveltejs/svelte,JavaScript,coderank256_pool100,11,True,8,5,3,10,0.0,0.0,0.0,0.0,0.0,0.0,0.0,0.0,0.0,0.0,0.0,0.0,0.0,0.0,0.0,0.125,0.1,0.1,0.0,0.3333333333333333,0.16666666666666666
feature,sveltejs__svelte-5442,sveltejs/svelte,JavaScript,coderank2048_pool100,11,True,8,5,3,10,0.0,0.0,0.0,0.0,0.0,0.0,0.0,0.0,0.0,0.0,0.0,0.0,0.0,0.0,0.0,0.125,0.1,0.1,0.0,0.3333333333333333,0.16666666666666666
feature,sveltejs__svelte-5442,sveltejs/svelte,JavaScript,qwen3-coder:30b/paths,11,True,8,5,3,10,0.0,0.0,0.0,0.0,0.0,0.125,0.3333333333333333,0.3333333333333333,0.0,0.3333333333333333,0.125,0.2,0.2,0.0,0.3333333333333333,0.125,0.1,0.1,0.0,0.3333333333333333,0.5
feature,sveltejs__svelte-5442,sveltejs/svelte,JavaScript,qwen3-coder:30b/content,11,True,8,5,3,10,0.0,0.0,0.0,0.0,0.0,0.125,0.3333333333333333,0.3333333333333333,0.0,0.3333333333333333,0.125,0.2,0.2,0.0,0.3333333333333333,0.25,0.2,0.2,0.2,0.3333333333333333,0.3333333333333333
feature,sveltejs__svelte-5442,sveltejs/svelte,JavaScript,devstral-small-2:24b/paths,11,True,8,5,3,10,0.125,1.0,1.0,0.0,0.3333333333333333,0.125,0.3333333333333333,0.3333333333333333,0.0,0.3333333333333333,0.125,0.2,0.2,0.0,0.3333333333333333,0.125,0.1,0.1,0.0,0.3333333333333333,1.0
feature,sveltejs__svelte-5442,sveltejs/svelte,JavaScript,devstral-small-2:24b/content,11,True,8,5,3,10,0.125,1.0,1.0,0.2,0.0,0.125,0.3333333333333333,0.3333333333333333,0.2,0.0,0.25,0.4,0.4,0.2,0.3333333333333333,0.25,0.2,0.2,0.2,0.3333333333333333,1.0
feature,sveltejs__svelte-5442,sveltejs/svelte,JavaScript,navigation/restricted40,11,True,8,5,3,10,0.0,0.0,0.0,0.0,0.0,0.0,0.0,0.0,0.0,0.0,0.125,0.2,0.2,0.2,0.0,0.125,0.1,0.1,0.2,0.0,0.2
feature,sveltejs__svelte-5442,sveltejs/svelte,JavaScript,navigation/restricted40,29,True,8,5,3,10,0.0,0.0,0.0,0.0,0.0,0.0,0.0,0.0,0.0,0.0,0.125,0.2,0.2,0.2,0.0,0.125,0.1,0.1,0.2,0.0,0.2
feature,sveltejs__svelte-5442,sveltejs/svelte,JavaScript,navigation/restricted40,47,True,8,5,3,10,0.0,0.0,0.0,0.0,0.0,0.0,0.0,0.0,0.0,0.0,0.125,0.2,0.2,0.2,0.0,0.125,0.1,0.1,0.2,0.0,0.2
feature,sveltejs__svelte-5442,sveltejs/svelte,JavaScript,navigation/repository,11,True,8,5,3,10,0.0,0.0,0.0,0.0,0.0,0.0,0.0,0.0,0.0,0.0,0.0,0.0,0.0,0.0,0.0,0.125,0.1,0.1,0.2,0.0,0.14285714285714285
feature,sveltejs__svelte-5442,sveltejs/svelte,JavaScript,navigation/repository,29,True,8,5,3,8,0.0,0.0,0.0,0.0,0.0,0.0,0.0,0.0,0.0,0.0,0.0,0.0,0.0,0.0,0.0,0.125,0.1,0.125,0.2,0.0,0.14285714285714285
feature,sveltejs__svelte-5442,sveltejs/svelte,JavaScript,navigation/repository,47,True,8,5,3,10,0.0,0.0,0.0,0.0,0.0,0.0,0.0,0.0,0.0,0.0,0.0,0.0,0.0,0.0,0.0,0.125,0.1,0.1,0.2,0.0,0.14285714285714285
feature,sveltejs__svelte-6223,sveltejs/svelte,JavaScript,path_bm25,11,True,5,1,4,10,0.0,0.0,0.0,0.0,0.0,0.0,0.0,0.0,0.0,0.0,0.0,0.0,0.0,0.0,0.0,0.0,0.0,0.0,0.0,0.0,0.0
feature,sveltejs__svelte-6223,sveltejs/svelte,JavaScript,content_bm25,11,True,5,1,4,10,0.0,0.0,0.0,0.0,0.0,0.0,0.0,0.0,0.0,0.0,0.0,0.0,0.0,0.0,0.0,0.0,0.0,0.0,0.0,0.0,0.0
feature,sveltejs__svelte-6223,sveltejs/svelte,JavaScript,dense_minilm,11,True,5,1,4,10,0.0,0.0,0.0,0.0,0.0,0.0,0.0,0.0,0.0,0.0,0.0,0.0,0.0,0.0,0.0,0.2,0.1,0.1,0.0,0.25,0.16666666666666666
feature,sveltejs__svelte-6223,sveltejs/svelte,JavaScript,hybrid_rrf,11,True,5,1,4,10,0.0,0.0,0.0,0.0,0.0,0.0,0.0,0.0,0.0,0.0,0.0,0.0,0.0,0.0,0.0,0.0,0.0,0.0,0.0,0.0,0.0
feature,sveltejs__svelte-6223,sveltejs/svelte,JavaScript,minilm256_pool100,11,True,5,1,4,10,0.0,0.0,0.0,0.0,0.0,0.0,0.0,0.0,0.0,0.0,0.0,0.0,0.0,0.0,0.0,0.2,0.1,0.1,0.0,0.25,0.16666666666666666
feature,sveltejs__svelte-6223,sveltejs/svelte,JavaScript,coderank256_pool100,11,True,5,1,4,10,0.0,0.0,0.0,0.0,0.0,0.0,0.0,0.0,0.0,0.0,0.0,0.0,0.0,0.0,0.0,0.2,0.1,0.1,0.0,0.25,0.1
feature,sveltejs__svelte-6223,sveltejs/svelte,JavaScript,coderank2048_pool100,11,True,5,1,4,10,0.0,0.0,0.0,0.0,0.0,0.0,0.0,0.0,0.0,0.0,0.0,0.0,0.0,0.0,0.0,0.2,0.1,0.1,0.0,0.25,0.125
feature,sveltejs__svelte-6223,sveltejs/svelte,JavaScript,qwen3-coder:30b/paths,11,True,5,1,4,10,0.2,1.0,1.0,0.0,0.25,0.2,0.3333333333333333,0.3333333333333333,0.0,0.25,0.2,0.2,0.2,0.0,0.25,0.2,0.1,0.1,0.0,0.25,1.0
feature,sveltejs__svelte-6223,sveltejs/svelte,JavaScript,qwen3-coder:30b/content,11,True,5,1,4,10,0.0,0.0,0.0,0.0,0.0,0.0,0.0,0.0,0.0,0.0,0.2,0.2,0.2,0.0,0.25,0.2,0.1,0.1,0.0,0.25,0.25
feature,sveltejs__svelte-6223,sveltejs/svelte,JavaScript,devstral-small-2:24b/paths,11,True,5,1,4,10,0.0,0.0,0.0,0.0,0.0,0.0,0.0,0.0,0.0,0.0,0.2,0.2,0.2,0.0,0.25,0.2,0.1,0.1,0.0,0.25,0.25
feature,sveltejs__svelte-6223,sveltejs/svelte,JavaScript,devstral-small-2:24b/content,11,True,5,1,4,10,0.0,0.0,0.0,0.0,0.0,0.0,0.0,0.0,0.0,0.0,0.2,0.2,0.2,0.0,0.25,0.2,0.1,0.1,0.0,0.25,0.25
feature,sveltejs__svelte-6223,sveltejs/svelte,JavaScript,navigation/restricted40,11,True,5,1,4,10,0.2,1.0,1.0,0.0,0.25,0.2,0.3333333333333333,0.3333333333333333,0.0,0.25,0.2,0.2,0.2,0.0,0.25,0.2,0.1,0.1,0.0,0.25,1.0
feature,sveltejs__svelte-6223,sveltejs/svelte,JavaScript,navigation/restricted40,29,True,5,1,4,10,0.0,0.0,0.0,0.0,0.0,0.2,0.3333333333333333,0.3333333333333333,0.0,0.25,0.2,0.2,0.2,0.0,0.25,0.2,0.1,0.1,0.0,0.25,0.5
feature,sveltejs__svelte-6223,sveltejs/svelte,JavaScript,navigation/restricted40,47,True,5,1,4,10,0.2,1.0,1.0,0.0,0.25,0.2,0.3333333333333333,0.3333333333333333,0.0,0.25,0.2,0.2,0.2,0.0,0.25,0.2,0.1,0.1,0.0,0.25,1.0
feature,sveltejs__svelte-6223,sveltejs/svelte,JavaScript,navigation/repository,11,True,5,1,4,10,0.2,1.0,1.0,1.0,0.0,0.4,0.6666666666666666,0.6666666666666666,1.0,0.25,0.6,0.6,0.6,1.0,0.5,0.6,0.3,0.3,1.0,0.5,1.0
feature,sveltejs__svelte-6223,sveltejs/svelte,JavaScript,navigation/repository,29,True,5,1,4,4,0.2,1.0,1.0,1.0,0.0,0.4,0.6666666666666666,0.6666666666666666,1.0,0.25,0.4,0.4,0.5,1.0,0.25,0.4,0.2,0.5,1.0,0.25,1.0
feature,sveltejs__svelte-6223,sveltejs/svelte,JavaScript,navigation/repository,47,True,5,1,4,10,0.2,1.0,1.0,1.0,0.0,0.4,0.6666666666666666,0.6666666666666666,1.0,0.25,0.6,0.6,0.6,1.0,0.5,0.6,0.3,0.3,1.0,0.5,1.0
feature,sveltejs__svelte-6528,sveltejs/svelte,JavaScript,path_bm25,11,True,4,4,0,10,0.0,0.0,0.0,0.0,,0.0,0.0,0.0,0.0,,0.0,0.0,0.0,0.0,,0.0,0.0,0.0,0.0,,0.0
feature,sveltejs__svelte-6528,sveltejs/svelte,JavaScript,content_bm25,11,True,4,4,0,10,0.0,0.0,0.0,0.0,,0.0,0.0,0.0,0.0,,0.0,0.0,0.0,0.0,,0.0,0.0,0.0,0.0,,0.0
feature,sveltejs__svelte-6528,sveltejs/svelte,JavaScript,dense_minilm,11,True,4,4,0,10,0.0,0.0,0.0,0.0,,0.0,0.0,0.0,0.0,,0.0,0.0,0.0,0.0,,0.0,0.0,0.0,0.0,,0.0
feature,sveltejs__svelte-6528,sveltejs/svelte,JavaScript,hybrid_rrf,11,True,4,4,0,10,0.0,0.0,0.0,0.0,,0.25,0.3333333333333333,0.3333333333333333,0.25,,0.25,0.2,0.2,0.25,,0.25,0.1,0.1,0.25,,0.3333333333333333
feature,sveltejs__svelte-6528,sveltejs/svelte,JavaScript,minilm256_pool100,11,True,4,4,0,10,0.0,0.0,0.0,0.0,,0.0,0.0,0.0,0.0,,0.0,0.0,0.0,0.0,,0.0,0.0,0.0,0.0,,0.0
feature,sveltejs__svelte-6528,sveltejs/svelte,JavaScript,coderank256_pool100,11,True,4,4,0,10,0.0,0.0,0.0,0.0,,0.0,0.0,0.0,0.0,,0.0,0.0,0.0,0.0,,0.25,0.1,0.1,0.25,,0.14285714285714285
feature,sveltejs__svelte-6528,sveltejs/svelte,JavaScript,coderank2048_pool100,11,True,4,4,0,10,0.0,0.0,0.0,0.0,,0.0,0.0,0.0,0.0,,0.25,0.2,0.2,0.25,,0.25,0.1,0.1,0.25,,0.25
feature,sveltejs__svelte-6528,sveltejs/svelte,JavaScript,qwen3-coder:30b/paths,11,True,4,4,0,10,0.0,0.0,0.0,0.0,,0.0,0.0,0.0,0.0,,0.25,0.2,0.2,0.25,,0.25,0.1,0.1,0.25,,0.25
feature,sveltejs__svelte-6528,sveltejs/svelte,JavaScript,qwen3-coder:30b/content,11,True,4,4,0,10,0.0,0.0,0.0,0.0,,0.0,0.0,0.0,0.0,,0.0,0.0,0.0,0.0,,0.25,0.1,0.1,0.25,,0.125
feature,sveltejs__svelte-6528,sveltejs/svelte,JavaScript,devstral-small-2:24b/paths,11,True,4,4,0,10,0.0,0.0,0.0,0.0,,0.0,0.0,0.0,0.0,,0.25,0.2,0.2,0.25,,0.25,0.1,0.1,0.25,,0.25
feature,sveltejs__svelte-6528,sveltejs/svelte,JavaScript,devstral-small-2:24b/content,11,True,4,4,0,10,0.0,0.0,0.0,0.0,,0.0,0.0,0.0,0.0,,0.0,0.0,0.0,0.0,,0.0,0.0,0.0,0.0,,0.0
feature,sveltejs__svelte-6528,sveltejs/svelte,JavaScript,navigation/restricted40,11,True,4,4,0,6,0.25,1.0,1.0,0.25,,0.25,0.3333333333333333,0.3333333333333333,0.25,,0.25,0.2,0.2,0.25,,0.25,0.1,0.16666666666666666,0.25,,1.0
feature,sveltejs__svelte-6528,sveltejs/svelte,JavaScript,navigation/repository,11,True,4,4,0,10,0.25,1.0,1.0,0.25,,0.25,0.3333333333333333,0.3333333333333333,0.25,,0.25,0.2,0.2,0.25,,0.25,0.1,0.1,0.25,,1.0
feature,sveltejs__svelte-6564,sveltejs/svelte,JavaScript,path_bm25,11,True,1,1,0,10,0.0,0.0,0.0,0.0,,0.0,0.0,0.0,0.0,,0.0,0.0,0.0,0.0,,0.0,0.0,0.0,0.0,,0.0
feature,sveltejs__svelte-6564,sveltejs/svelte,JavaScript,content_bm25,11,True,1,1,0,10,0.0,0.0,0.0,0.0,,0.0,0.0,0.0,0.0,,0.0,0.0,0.0,0.0,,0.0,0.0,0.0,0.0,,0.0
feature,sveltejs__svelte-6564,sveltejs/svelte,JavaScript,dense_minilm,11,True,1,1,0,10,0.0,0.0,0.0,0.0,,0.0,0.0,0.0,0.0,,0.0,0.0,0.0,0.0,,0.0,0.0,0.0,0.0,,0.0
feature,sveltejs__svelte-6564,sveltejs/svelte,JavaScript,hybrid_rrf,11,True,1,1,0,10,0.0,0.0,0.0,0.0,,0.0,0.0,0.0,0.0,,0.0,0.0,0.0,0.0,,0.0,0.0,0.0,0.0,,0.0
feature,sveltejs__svelte-6564,sveltejs/svelte,JavaScript,minilm256_pool100,11,True,1,1,0,10,0.0,0.0,0.0,0.0,,0.0,0.0,0.0,0.0,,0.0,0.0,0.0,0.0,,0.0,0.0,0.0,0.0,,0.0
feature,sveltejs__svelte-6564,sveltejs/svelte,JavaScript,coderank256_pool100,11,True,1,1,0,10,0.0,0.0,0.0,0.0,,0.0,0.0,0.0,0.0,,0.0,0.0,0.0,0.0,,0.0,0.0,0.0,0.0,,0.0
feature,sveltejs__svelte-6564,sveltejs/svelte,JavaScript,coderank2048_pool100,11,True,1,1,0,10,0.0,0.0,0.0,0.0,,0.0,0.0,0.0,0.0,,0.0,0.0,0.0,0.0,,0.0,0.0,0.0,0.0,,0.0
feature,sveltejs__svelte-6564,sveltejs/svelte,JavaScript,qwen3-coder:30b/paths,11,True,1,1,0,10,0.0,0.0,0.0,0.0,,0.0,0.0,0.0,0.0,,0.0,0.0,0.0,0.0,,0.0,0.0,0.0,0.0,,0.0
feature,sveltejs__svelte-6564,sveltejs/svelte,JavaScript,qwen3-coder:30b/content,11,True,1,1,0,10,0.0,0.0,0.0,0.0,,0.0,0.0,0.0,0.0,,0.0,0.0,0.0,0.0,,0.0,0.0,0.0,0.0,,0.0
feature,sveltejs__svelte-6564,sveltejs/svelte,JavaScript,devstral-small-2:24b/paths,11,True,1,1,0,10,0.0,0.0,0.0,0.0,,0.0,0.0,0.0,0.0,,0.0,0.0,0.0,0.0,,0.0,0.0,0.0,0.0,,0.0
feature,sveltejs__svelte-6564,sveltejs/svelte,JavaScript,devstral-small-2:24b/content,11,True,1,1,0,10,0.0,0.0,0.0,0.0,,0.0,0.0,0.0,0.0,,0.0,0.0,0.0,0.0,,0.0,0.0,0.0,0.0,,0.0
feature,sveltejs__svelte-6564,sveltejs/svelte,JavaScript,navigation/restricted40,11,True,1,1,0,10,0.0,0.0,0.0,0.0,,0.0,0.0,0.0,0.0,,0.0,0.0,0.0,0.0,,0.0,0.0,0.0,0.0,,0.0
feature,sveltejs__svelte-6564,sveltejs/svelte,JavaScript,navigation/repository,11,True,1,1,0,10,1.0,1.0,1.0,1.0,,1.0,0.3333333333333333,0.3333333333333333,1.0,,1.0,0.2,0.2,1.0,,1.0,0.1,0.1,1.0,,1.0
feature,sveltejs__svelte-6613,sveltejs/svelte,JavaScript,path_bm25,11,True,2,1,1,10,0.0,0.0,0.0,0.0,0.0,0.0,0.0,0.0,0.0,0.0,0.0,0.0,0.0,0.0,0.0,0.0,0.0,0.0,0.0,0.0,0.0
feature,sveltejs__svelte-6613,sveltejs/svelte,JavaScript,content_bm25,11,True,2,1,1,10,0.0,0.0,0.0,0.0,0.0,0.0,0.0,0.0,0.0,0.0,0.0,0.0,0.0,0.0,0.0,0.0,0.0,0.0,0.0,0.0,0.0
feature,sveltejs__svelte-6613,sveltejs/svelte,JavaScript,dense_minilm,11,True,2,1,1,10,0.0,0.0,0.0,0.0,0.0,0.0,0.0,0.0,0.0,0.0,0.0,0.0,0.0,0.0,0.0,0.0,0.0,0.0,0.0,0.0,0.0
feature,sveltejs__svelte-6613,sveltejs/svelte,JavaScript,hybrid_rrf,11,True,2,1,1,10,0.0,0.0,0.0,0.0,0.0,0.0,0.0,0.0,0.0,0.0,0.0,0.0,0.0,0.0,0.0,0.0,0.0,0.0,0.0,0.0,0.0
feature,sveltejs__svelte-6613,sveltejs/svelte,JavaScript,minilm256_pool100,11,True,2,1,1,10,0.0,0.0,0.0,0.0,0.0,0.0,0.0,0.0,0.0,0.0,0.0,0.0,0.0,0.0,0.0,0.0,0.0,0.0,0.0,0.0,0.0
feature,sveltejs__svelte-6613,sveltejs/svelte,JavaScript,coderank256_pool100,11,True,2,1,1,10,0.0,0.0,0.0,0.0,0.0,0.0,0.0,0.0,0.0,0.0,0.0,0.0,0.0,0.0,0.0,0.0,0.0,0.0,0.0,0.0,0.0
feature,sveltejs__svelte-6613,sveltejs/svelte,JavaScript,coderank2048_pool100,11,True,2,1,1,10,0.0,0.0,0.0,0.0,0.0,0.0,0.0,0.0,0.0,0.0,0.0,0.0,0.0,0.0,0.0,0.0,0.0,0.0,0.0,0.0,0.0
feature,sveltejs__svelte-6613,sveltejs/svelte,JavaScript,qwen3-coder:30b/paths,11,True,2,1,1,10,0.0,0.0,0.0,0.0,0.0,0.0,0.0,0.0,0.0,0.0,0.0,0.0,0.0,0.0,0.0,0.0,0.0,0.0,0.0,0.0,0.0
feature,sveltejs__svelte-6613,sveltejs/svelte,JavaScript,qwen3-coder:30b/content,11,True,2,1,1,10,0.0,0.0,0.0,0.0,0.0,0.0,0.0,0.0,0.0,0.0,0.0,0.0,0.0,0.0,0.0,0.0,0.0,0.0,0.0,0.0,0.0
feature,sveltejs__svelte-6613,sveltejs/svelte,JavaScript,devstral-small-2:24b/paths,11,True,2,1,1,10,0.0,0.0,0.0,0.0,0.0,0.0,0.0,0.0,0.0,0.0,0.0,0.0,0.0,0.0,0.0,0.0,0.0,0.0,0.0,0.0,0.0
feature,sveltejs__svelte-6613,sveltejs/svelte,JavaScript,devstral-small-2:24b/content,11,True,2,1,1,10,0.0,0.0,0.0,0.0,0.0,0.0,0.0,0.0,0.0,0.0,0.0,0.0,0.0,0.0,0.0,0.0,0.0,0.0,0.0,0.0,0.0
feature,sveltejs__svelte-6613,sveltejs/svelte,JavaScript,navigation/restricted40,11,True,2,1,1,10,0.0,0.0,0.0,0.0,0.0,0.0,0.0,0.0,0.0,0.0,0.0,0.0,0.0,0.0,0.0,0.0,0.0,0.0,0.0,0.0,0.0
feature,sveltejs__svelte-6613,sveltejs/svelte,JavaScript,navigation/repository,11,True,2,1,1,10,0.0,0.0,0.0,0.0,0.0,0.0,0.0,0.0,0.0,0.0,0.5,0.2,0.2,1.0,0.0,0.5,0.1,0.1,1.0,0.0,0.2
feature,sveltejs__svelte-6838,sveltejs/svelte,JavaScript,path_bm25,11,True,3,2,1,10,0.0,0.0,0.0,0.0,0.0,0.3333333333333333,0.3333333333333333,0.3333333333333333,0.0,1.0,0.3333333333333333,0.2,0.2,0.0,1.0,0.3333333333333333,0.1,0.1,0.0,1.0,0.5
feature,sveltejs__svelte-6838,sveltejs/svelte,JavaScript,content_bm25,11,True,3,2,1,10,0.0,0.0,0.0,0.0,0.0,0.0,0.0,0.0,0.0,0.0,0.3333333333333333,0.2,0.2,0.5,0.0,0.3333333333333333,0.1,0.1,0.5,0.0,0.2
feature,sveltejs__svelte-6838,sveltejs/svelte,JavaScript,dense_minilm,11,True,3,2,1,10,0.3333333333333333,1.0,1.0,0.0,1.0,0.3333333333333333,0.3333333333333333,0.3333333333333333,0.0,1.0,0.3333333333333333,0.2,0.2,0.0,1.0,0.3333333333333333,0.1,0.1,0.0,1.0,1.0
feature,sveltejs__svelte-6838,sveltejs/svelte,JavaScript,hybrid_rrf,11,True,3,2,1,10,0.3333333333333333,1.0,1.0,0.0,1.0,0.3333333333333333,0.3333333333333333,0.3333333333333333,0.0,1.0,0.3333333333333333,0.2,0.2,0.0,1.0,0.3333333333333333,0.1,0.1,0.0,1.0,1.0
feature,sveltejs__svelte-6838,sveltejs/svelte,JavaScript,minilm256_pool100,11,True,3,2,1,10,0.3333333333333333,1.0,1.0,0.0,1.0,0.3333333333333333,0.3333333333333333,0.3333333333333333,0.0,1.0,0.3333333333333333,0.2,0.2,0.0,1.0,0.3333333333333333,0.1,0.1,0.0,1.0,1.0
feature,sveltejs__svelte-6838,sveltejs/svelte,JavaScript,coderank256_pool100,11,True,3,2,1,10,0.3333333333333333,1.0,1.0,0.0,1.0,0.3333333333333333,0.3333333333333333,0.3333333333333333,0.0,1.0,0.3333333333333333,0.2,0.2,0.0,1.0,0.3333333333333333,0.1,0.1,0.0,1.0,1.0
feature,sveltejs__svelte-6838,sveltejs/svelte,JavaScript,coderank2048_pool100,11,True,3,2,1,10,0.3333333333333333,1.0,1.0,0.0,1.0,0.3333333333333333,0.3333333333333333,0.3333333333333333,0.0,1.0,0.3333333333333333,0.2,0.2,0.0,1.0,0.3333333333333333,0.1,0.1,0.0,1.0,1.0
feature,sveltejs__svelte-6838,sveltejs/svelte,JavaScript,qwen3-coder:30b/paths,11,True,3,2,1,10,0.3333333333333333,1.0,1.0,0.5,0.0,0.3333333333333333,0.3333333333333333,0.3333333333333333,0.5,0.0,0.3333333333333333,0.2,0.2,0.5,0.0,0.6666666666666666,0.2,0.2,0.5,1.0,1.0
feature,sveltejs__svelte-6838,sveltejs/svelte,JavaScript,qwen3-coder:30b/content,11,True,3,2,1,10,0.3333333333333333,1.0,1.0,0.5,0.0,0.3333333333333333,0.3333333333333333,0.3333333333333333,0.5,0.0,0.3333333333333333,0.2,0.2,0.5,0.0,0.6666666666666666,0.2,0.2,0.5,1.0,1.0
feature,sveltejs__svelte-6838,sveltejs/svelte,JavaScript,devstral-small-2:24b/paths,11,True,3,2,1,10,0.3333333333333333,1.0,1.0,0.5,0.0,0.6666666666666666,0.6666666666666666,0.6666666666666666,0.5,1.0,0.6666666666666666,0.4,0.4,0.5,1.0,0.6666666666666666,0.2,0.2,0.5,1.0,1.0
feature,sveltejs__svelte-6838,sveltejs/svelte,JavaScript,devstral-small-2:24b/content,11,True,3,2,1,10,0.3333333333333333,1.0,1.0,0.5,0.0,0.3333333333333333,0.3333333333333333,0.3333333333333333,0.5,0.0,0.3333333333333333,0.2,0.2,0.5,0.0,0.6666666666666666,0.2,0.2,0.5,1.0,1.0
feature,sveltejs__svelte-6838,sveltejs/svelte,JavaScript,navigation/restricted40,11,True,3,2,1,7,0.3333333333333333,1.0,1.0,0.5,0.0,0.6666666666666666,0.6666666666666666,0.6666666666666666,0.5,1.0,0.6666666666666666,0.4,0.4,0.5,1.0,0.6666666666666666,0.2,0.2857142857142857,0.5,1.0,1.0
feature,sveltejs__svelte-6838,sveltejs/svelte,JavaScript,navigation/repository,11,True,3,2,1,6,0.3333333333333333,1.0,1.0,0.5,0.0,0.6666666666666666,0.6666666666666666,0.6666666666666666,0.5,1.0,1.0,0.6,0.6,1.0,1.0,1.0,0.3,0.5,1.0,1.0,1.0
feature,prettier__prettier-16765,prettier/prettier,JavaScript,path_bm25,11,True,1,1,0,10,0.0,0.0,0.0,0.0,,0.0,0.0,0.0,0.0,,0.0,0.0,0.0,0.0,,0.0,0.0,0.0,0.0,,0.0
feature,prettier__prettier-16765,prettier/prettier,JavaScript,content_bm25,11,True,1,1,0,10,0.0,0.0,0.0,0.0,,0.0,0.0,0.0,0.0,,0.0,0.0,0.0,0.0,,0.0,0.0,0.0,0.0,,0.0
feature,prettier__prettier-16765,prettier/prettier,JavaScript,dense_minilm,11,True,1,1,0,10,0.0,0.0,0.0,0.0,,0.0,0.0,0.0,0.0,,0.0,0.0,0.0,0.0,,0.0,0.0,0.0,0.0,,0.0
feature,prettier__prettier-16765,prettier/prettier,JavaScript,hybrid_rrf,11,True,1,1,0,10,0.0,0.0,0.0,0.0,,0.0,0.0,0.0,0.0,,0.0,0.0,0.0,0.0,,0.0,0.0,0.0,0.0,,0.0
feature,prettier__prettier-16765,prettier/prettier,JavaScript,minilm256_pool100,11,True,1,1,0,10,0.0,0.0,0.0,0.0,,0.0,0.0,0.0,0.0,,0.0,0.0,0.0,0.0,,0.0,0.0,0.0,0.0,,0.0
feature,prettier__prettier-16765,prettier/prettier,JavaScript,coderank256_pool100,11,True,1,1,0,10,0.0,0.0,0.0,0.0,,0.0,0.0,0.0,0.0,,0.0,0.0,0.0,0.0,,0.0,0.0,0.0,0.0,,0.0
feature,prettier__prettier-16765,prettier/prettier,JavaScript,coderank2048_pool100,11,True,1,1,0,10,0.0,0.0,0.0,0.0,,0.0,0.0,0.0,0.0,,0.0,0.0,0.0,0.0,,0.0,0.0,0.0,0.0,,0.0
feature,prettier__prettier-16765,prettier/prettier,JavaScript,qwen3-coder:30b/paths,11,True,1,1,0,10,0.0,0.0,0.0,0.0,,0.0,0.0,0.0,0.0,,0.0,0.0,0.0,0.0,,0.0,0.0,0.0,0.0,,0.0
feature,prettier__prettier-16765,prettier/prettier,JavaScript,qwen3-coder:30b/content,11,True,1,1,0,10,0.0,0.0,0.0,0.0,,0.0,0.0,0.0,0.0,,0.0,0.0,0.0,0.0,,0.0,0.0,0.0,0.0,,0.0
feature,prettier__prettier-16765,prettier/prettier,JavaScript,devstral-small-2:24b/paths,11,True,1,1,0,10,0.0,0.0,0.0,0.0,,0.0,0.0,0.0,0.0,,0.0,0.0,0.0,0.0,,0.0,0.0,0.0,0.0,,0.0
feature,prettier__prettier-16765,prettier/prettier,JavaScript,devstral-small-2:24b/content,11,True,1,1,0,10,0.0,0.0,0.0,0.0,,0.0,0.0,0.0,0.0,,0.0,0.0,0.0,0.0,,0.0,0.0,0.0,0.0,,0.0
feature,prettier__prettier-16765,prettier/prettier,JavaScript,navigation/restricted40,11,True,1,1,0,10,0.0,0.0,0.0,0.0,,0.0,0.0,0.0,0.0,,0.0,0.0,0.0,0.0,,0.0,0.0,0.0,0.0,,0.0
feature,prettier__prettier-16765,prettier/prettier,JavaScript,navigation/repository,11,True,1,1,0,10,1.0,1.0,1.0,1.0,,1.0,0.3333333333333333,0.3333333333333333,1.0,,1.0,0.2,0.2,1.0,,1.0,0.1,0.1,1.0,,1.0
feature,prettier__prettier-14317,prettier/prettier,JavaScript,path_bm25,11,True,4,3,1,10,0.0,0.0,0.0,0.0,0.0,0.0,0.0,0.0,0.0,0.0,0.0,0.0,0.0,0.0,0.0,0.0,0.0,0.0,0.0,0.0,0.0
feature,prettier__prettier-14317,prettier/prettier,JavaScript,content_bm25,11,True,4,3,1,10,0.0,0.0,0.0,0.0,0.0,0.25,0.3333333333333333,0.3333333333333333,0.3333333333333333,0.0,0.25,0.2,0.2,0.3333333333333333,0.0,0.25,0.1,0.1,0.3333333333333333,0.0,0.5
feature,prettier__prettier-14317,prettier/prettier,JavaScript,dense_minilm,11,True,4,3,1,10,0.0,0.0,0.0,0.0,0.0,0.0,0.0,0.0,0.0,0.0,0.0,0.0,0.0,0.0,0.0,0.0,0.0,0.0,0.0,0.0,0.0
feature,prettier__prettier-14317,prettier/prettier,JavaScript,hybrid_rrf,11,True,4,3,1,10,0.0,0.0,0.0,0.0,0.0,0.0,0.0,0.0,0.0,0.0,0.0,0.0,0.0,0.0,0.0,0.0,0.0,0.0,0.0,0.0,0.0
feature,prettier__prettier-14317,prettier/prettier,JavaScript,minilm256_pool100,11,True,4,3,1,10,0.0,0.0,0.0,0.0,0.0,0.0,0.0,0.0,0.0,0.0,0.0,0.0,0.0,0.0,0.0,0.0,0.0,0.0,0.0,0.0,0.0
feature,prettier__prettier-14317,prettier/prettier,JavaScript,coderank256_pool100,11,True,4,3,1,10,0.25,1.0,1.0,0.3333333333333333,0.0,0.5,0.6666666666666666,0.6666666666666666,0.6666666666666666,0.0,0.5,0.4,0.4,0.6666666666666666,0.0,0.5,0.2,0.2,0.6666666666666666,0.0,1.0
feature,prettier__prettier-14317,prettier/prettier,JavaScript,coderank2048_pool100,11,True,4,3,1,10,0.25,1.0,1.0,0.3333333333333333,0.0,0.5,0.6666666666666666,0.6666666666666666,0.6666666666666666,0.0,0.5,0.4,0.4,0.6666666666666666,0.0,0.5,0.2,0.2,0.6666666666666666,0.0,1.0
feature,prettier__prettier-14317,prettier/prettier,JavaScript,qwen3-coder:30b/paths,11,True,4,3,1,10,0.25,1.0,1.0,0.3333333333333333,0.0,0.25,0.3333333333333333,0.3333333333333333,0.3333333333333333,0.0,0.25,0.2,0.2,0.3333333333333333,0.0,0.25,0.1,0.1,0.3333333333333333,0.0,1.0
feature,prettier__prettier-14317,prettier/prettier,JavaScript,qwen3-coder:30b/content,11,True,4,3,1,3,0.25,1.0,1.0,0.3333333333333333,0.0,0.25,0.3333333333333333,0.3333333333333333,0.3333333333333333,0.0,0.25,0.2,0.3333333333333333,0.3333333333333333,0.0,0.25,0.1,0.3333333333333333,0.3333333333333333,0.0,1.0
feature,prettier__prettier-14317,prettier/prettier,JavaScript,devstral-small-2:24b/paths,11,True,4,3,1,6,0.25,1.0,1.0,0.3333333333333333,0.0,0.25,0.3333333333333333,0.3333333333333333,0.3333333333333333,0.0,0.25,0.2,0.2,0.3333333333333333,0.0,0.25,0.1,0.16666666666666666,0.3333333333333333,0.0,1.0
feature,prettier__prettier-14317,prettier/prettier,JavaScript,devstral-small-2:24b/content,11,True,4,3,1,3,0.25,1.0,1.0,0.3333333333333333,0.0,0.25,0.3333333333333333,0.3333333333333333,0.3333333333333333,0.0,0.25,0.2,0.3333333333333333,0.3333333333333333,0.0,0.25,0.1,0.3333333333333333,0.3333333333333333,0.0,1.0
feature,prettier__prettier-14317,prettier/prettier,JavaScript,navigation/restricted40,11,True,4,3,1,2,0.25,1.0,1.0,0.3333333333333333,0.0,0.25,0.3333333333333333,0.5,0.3333333333333333,0.0,0.25,0.2,0.5,0.3333333333333333,0.0,0.25,0.1,0.5,0.3333333333333333,0.0,1.0
feature,prettier__prettier-14317,prettier/prettier,JavaScript,navigation/restricted40,29,True,4,3,1,2,0.25,1.0,1.0,0.3333333333333333,0.0,0.25,0.3333333333333333,0.5,0.3333333333333333,0.0,0.25,0.2,0.5,0.3333333333333333,0.0,0.25,0.1,0.5,0.3333333333333333,0.0,1.0
feature,prettier__prettier-14317,prettier/prettier,JavaScript,navigation/restricted40,47,True,4,3,1,2,0.25,1.0,1.0,0.3333333333333333,0.0,0.25,0.3333333333333333,0.5,0.3333333333333333,0.0,0.25,0.2,0.5,0.3333333333333333,0.0,0.25,0.1,0.5,0.3333333333333333,0.0,1.0
feature,prettier__prettier-14317,prettier/prettier,JavaScript,navigation/repository,11,True,4,3,1,10,0.25,1.0,1.0,0.3333333333333333,0.0,0.25,0.3333333333333333,0.3333333333333333,0.3333333333333333,0.0,0.25,0.2,0.2,0.3333333333333333,0.0,0.25,0.1,0.1,0.3333333333333333,0.0,1.0
feature,prettier__prettier-14317,prettier/prettier,JavaScript,navigation/repository,29,True,4,3,1,10,0.25,1.0,1.0,0.3333333333333333,0.0,0.25,0.3333333333333333,0.3333333333333333,0.3333333333333333,0.0,0.25,0.2,0.2,0.3333333333333333,0.0,0.25,0.1,0.1,0.3333333333333333,0.0,1.0
feature,prettier__prettier-14317,prettier/prettier,JavaScript,navigation/repository,47,True,4,3,1,10,0.25,1.0,1.0,0.3333333333333333,0.0,0.25,0.3333333333333333,0.3333333333333333,0.3333333333333333,0.0,0.25,0.2,0.2,0.3333333333333333,0.0,0.25,0.1,0.1,0.3333333333333333,0.0,1.0
feature,prettier__prettier-14108,prettier/prettier,JavaScript,path_bm25,11,True,3,2,1,10,0.3333333333333333,1.0,1.0,0.5,0.0,0.3333333333333333,0.3333333333333333,0.3333333333333333,0.5,0.0,0.3333333333333333,0.2,0.2,0.5,0.0,0.6666666666666666,0.2,0.2,1.0,0.0,1.0
feature,prettier__prettier-14108,prettier/prettier,JavaScript,content_bm25,11,True,3,2,1,10,0.3333333333333333,1.0,1.0,0.5,0.0,0.3333333333333333,0.3333333333333333,0.3333333333333333,0.5,0.0,0.3333333333333333,0.2,0.2,0.5,0.0,0.6666666666666666,0.2,0.2,0.5,1.0,1.0
feature,prettier__prettier-14108,prettier/prettier,JavaScript,dense_minilm,11,True,3,2,1,10,0.0,0.0,0.0,0.0,0.0,0.0,0.0,0.0,0.0,0.0,0.0,0.0,0.0,0.0,0.0,0.3333333333333333,0.1,0.1,0.5,0.0,0.14285714285714285
feature,prettier__prettier-14108,prettier/prettier,JavaScript,hybrid_rrf,11,True,3,2,1,10,0.3333333333333333,1.0,1.0,0.5,0.0,0.3333333333333333,0.3333333333333333,0.3333333333333333,0.5,0.0,0.3333333333333333,0.2,0.2,0.5,0.0,0.6666666666666666,0.2,0.2,1.0,0.0,1.0
feature,prettier__prettier-14108,prettier/prettier,JavaScript,minilm256_pool100,11,True,3,2,1,10,0.0,0.0,0.0,0.0,0.0,0.0,0.0,0.0,0.0,0.0,0.0,0.0,0.0,0.0,0.0,0.3333333333333333,0.1,0.1,0.5,0.0,0.14285714285714285
feature,prettier__prettier-14108,prettier/prettier,JavaScript,coderank256_pool100,11,True,3,2,1,10,0.3333333333333333,1.0,1.0,0.5,0.0,0.3333333333333333,0.3333333333333333,0.3333333333333333,0.5,0.0,0.6666666666666666,0.4,0.4,0.5,1.0,0.6666666666666666,0.2,0.2,0.5,1.0,1.0
feature,prettier__prettier-14108,prettier/prettier,JavaScript,coderank2048_pool100,11,True,3,2,1,10,0.3333333333333333,1.0,1.0,0.5,0.0,0.3333333333333333,0.3333333333333333,0.3333333333333333,0.5,0.0,0.3333333333333333,0.2,0.2,0.5,0.0,0.3333333333333333,0.1,0.1,0.5,0.0,1.0
feature,prettier__prettier-14108,prettier/prettier,JavaScript,qwen3-coder:30b/paths,11,True,3,2,1,10,0.3333333333333333,1.0,1.0,0.5,0.0,0.6666666666666666,0.6666666666666666,0.6666666666666666,0.5,1.0,1.0,0.6,0.6,1.0,1.0,1.0,0.3,0.3,1.0,1.0,1.0
feature,prettier__prettier-14108,prettier/prettier,JavaScript,qwen3-coder:30b/content,11,True,3,2,1,10,0.3333333333333333,1.0,1.0,0.5,0.0,0.6666666666666666,0.6666666666666666,0.6666666666666666,0.5,1.0,1.0,0.6,0.6,1.0,1.0,1.0,0.3,0.3,1.0,1.0,1.0
feature,prettier__prettier-14108,prettier/prettier,JavaScript,devstral-small-2:24b/paths,11,True,3,2,1,10,0.3333333333333333,1.0,1.0,0.5,0.0,0.6666666666666666,0.6666666666666666,0.6666666666666666,0.5,1.0,1.0,0.6,0.6,1.0,1.0,1.0,0.3,0.3,1.0,1.0,1.0
feature,prettier__prettier-14108,prettier/prettier,JavaScript,devstral-small-2:24b/content,11,True,3,2,1,10,0.3333333333333333,1.0,1.0,0.5,0.0,0.6666666666666666,0.6666666666666666,0.6666666666666666,0.5,1.0,0.6666666666666666,0.4,0.4,0.5,1.0,0.6666666666666666,0.2,0.2,0.5,1.0,1.0
feature,prettier__prettier-14108,prettier/prettier,JavaScript,navigation/restricted40,11,False,3,2,1,0,0.0,0.0,0.0,0.0,0.0,0.0,0.0,0.0,0.0,0.0,0.0,0.0,0.0,0.0,0.0,0.0,0.0,0.0,0.0,0.0,0.0
feature,prettier__prettier-14108,prettier/prettier,JavaScript,navigation/repository,11,True,3,2,1,10,0.3333333333333333,1.0,1.0,0.5,0.0,0.6666666666666666,0.6666666666666666,0.6666666666666666,0.5,1.0,1.0,0.6,0.6,1.0,1.0,1.0,0.3,0.3,1.0,1.0,1.0
feature,prettier__prettier-10910,prettier/prettier,JavaScript,path_bm25,11,True,17,8,9,10,0.0,0.0,0.0,0.0,0.0,0.0,0.0,0.0,0.0,0.0,0.058823529411764705,0.2,0.2,0.125,0.0,0.058823529411764705,0.1,0.1,0.125,0.0,0.2
feature,prettier__prettier-10910,prettier/prettier,JavaScript,content_bm25,11,True,17,8,9,10,0.0,0.0,0.0,0.0,0.0,0.0,0.0,0.0,0.0,0.0,0.0,0.0,0.0,0.0,0.0,0.0,0.0,0.0,0.0,0.0,0.0
feature,prettier__prettier-10910,prettier/prettier,JavaScript,dense_minilm,11,True,17,8,9,10,0.0,0.0,0.0,0.0,0.0,0.0,0.0,0.0,0.0,0.0,0.0,0.0,0.0,0.0,0.0,0.0,0.0,0.0,0.0,0.0,0.0
feature,prettier__prettier-10910,prettier/prettier,JavaScript,hybrid_rrf,11,True,17,8,9,10,0.0,0.0,0.0,0.0,0.0,0.058823529411764705,0.3333333333333333,0.3333333333333333,0.125,0.0,0.058823529411764705,0.2,0.2,0.125,0.0,0.058823529411764705,0.1,0.1,0.125,0.0,0.5
feature,prettier__prettier-10910,prettier/prettier,JavaScript,minilm256_pool100,11,True,17,8,9,10,0.0,0.0,0.0,0.0,0.0,0.0,0.0,0.0,0.0,0.0,0.0,0.0,0.0,0.0,0.0,0.0,0.0,0.0,0.0,0.0,0.0
feature,prettier__prettier-10910,prettier/prettier,JavaScript,coderank256_pool100,11,True,17,8,9,10,0.0,0.0,0.0,0.0,0.0,0.0,0.0,0.0,0.0,0.0,0.0,0.0,0.0,0.0,0.0,0.11764705882352941,0.2,0.2,0.25,0.0,0.14285714285714285
feature,prettier__prettier-10910,prettier/prettier,JavaScript,coderank2048_pool100,11,True,17,8,9,10,0.0,0.0,0.0,0.0,0.0,0.0,0.0,0.0,0.0,0.0,0.0,0.0,0.0,0.0,0.0,0.0,0.0,0.0,0.0,0.0,0.0
feature,prettier__prettier-10910,prettier/prettier,JavaScript,qwen3-coder:30b/paths,11,True,17,8,9,10,0.058823529411764705,1.0,1.0,0.125,0.0,0.11764705882352941,0.6666666666666666,0.6666666666666666,0.25,0.0,0.11764705882352941,0.4,0.4,0.25,0.0,0.17647058823529413,0.3,0.3,0.375,0.0,1.0
feature,prettier__prettier-10910,prettier/prettier,JavaScript,qwen3-coder:30b/content,11,True,17,8,9,10,0.058823529411764705,1.0,1.0,0.125,0.0,0.058823529411764705,0.3333333333333333,0.3333333333333333,0.125,0.0,0.11764705882352941,0.4,0.4,0.25,0.0,0.17647058823529413,0.3,0.3,0.375,0.0,1.0
feature,prettier__prettier-10910,prettier/prettier,JavaScript,devstral-small-2:24b/paths,11,True,17,8,9,10,0.0,0.0,0.0,0.0,0.0,0.11764705882352941,0.6666666666666666,0.6666666666666666,0.25,0.0,0.11764705882352941,0.4,0.4,0.25,0.0,0.17647058823529413,0.3,0.3,0.375,0.0,0.5
feature,prettier__prettier-10910,prettier/prettier,JavaScript,devstral-small-2:24b/content,11,True,17,8,9,10,0.058823529411764705,1.0,1.0,0.125,0.0,0.058823529411764705,0.3333333333333333,0.3333333333333333,0.125,0.0,0.11764705882352941,0.4,0.4,0.25,0.0,0.17647058823529413,0.3,0.3,0.375,0.0,1.0
feature,prettier__prettier-10910,prettier/prettier,JavaScript,navigation/restricted40,11,True,17,8,9,10,0.058823529411764705,1.0,1.0,0.125,0.0,0.11764705882352941,0.6666666666666666,0.6666666666666666,0.25,0.0,0.11764705882352941,0.4,0.4,0.25,0.0,0.17647058823529413,0.3,0.3,0.375,0.0,1.0
feature,prettier__prettier-10910,prettier/prettier,JavaScript,navigation/repository,11,True,17,8,9,10,0.058823529411764705,1.0,1.0,0.125,0.0,0.11764705882352941,0.6666666666666666,0.6666666666666666,0.25,0.0,0.11764705882352941,0.4,0.4,0.25,0.0,0.11764705882352941,0.2,0.2,0.25,0.0,1.0
feature,prettier__prettier-10109,prettier/prettier,JavaScript,path_bm25,11,True,3,1,2,10,0.0,0.0,0.0,0.0,0.0,0.0,0.0,0.0,0.0,0.0,0.0,0.0,0.0,0.0,0.0,0.0,0.0,0.0,0.0,0.0,0.0
feature,prettier__prettier-10109,prettier/prettier,JavaScript,content_bm25,11,True,3,1,2,10,0.0,0.0,0.0,0.0,0.0,0.0,0.0,0.0,0.0,0.0,0.0,0.0,0.0,0.0,0.0,0.0,0.0,0.0,0.0,0.0,0.0
feature,prettier__prettier-10109,prettier/prettier,JavaScript,dense_minilm,11,True,3,1,2,10,0.0,0.0,0.0,0.0,0.0,0.0,0.0,0.0,0.0,0.0,0.3333333333333333,0.2,0.2,0.0,0.5,0.3333333333333333,0.1,0.1,0.0,0.5,0.2
feature,prettier__prettier-10109,prettier/prettier,JavaScript,hybrid_rrf,11,True,3,1,2,10,0.0,0.0,0.0,0.0,0.0,0.0,0.0,0.0,0.0,0.0,0.3333333333333333,0.2,0.2,0.0,0.5,0.3333333333333333,0.1,0.1,0.0,0.5,0.25
feature,prettier__prettier-10109,prettier/prettier,JavaScript,minilm256_pool100,11,True,3,1,2,10,0.0,0.0,0.0,0.0,0.0,0.0,0.0,0.0,0.0,0.0,0.3333333333333333,0.2,0.2,0.0,0.5,0.3333333333333333,0.1,0.1,0.0,0.5,0.2
feature,prettier__prettier-10109,prettier/prettier,JavaScript,coderank256_pool100,11,True,3,1,2,10,0.0,0.0,0.0,0.0,0.0,0.3333333333333333,0.3333333333333333,0.3333333333333333,0.0,0.5,0.3333333333333333,0.2,0.2,0.0,0.5,0.3333333333333333,0.1,0.1,0.0,0.5,0.5
feature,prettier__prettier-10109,prettier/prettier,JavaScript,coderank2048_pool100,11,True,3,1,2,10,0.3333333333333333,1.0,1.0,0.0,0.5,0.3333333333333333,0.3333333333333333,0.3333333333333333,0.0,0.5,0.3333333333333333,0.2,0.2,0.0,0.5,0.3333333333333333,0.1,0.1,0.0,0.5,1.0
feature,prettier__prettier-10109,prettier/prettier,JavaScript,qwen3-coder:30b/paths,11,True,3,1,2,10,0.0,0.0,0.0,0.0,0.0,0.0,0.0,0.0,0.0,0.0,0.3333333333333333,0.2,0.2,0.0,0.5,0.3333333333333333,0.1,0.1,0.0,0.5,0.25
feature,prettier__prettier-10109,prettier/prettier,JavaScript,qwen3-coder:30b/content,11,True,3,1,2,10,0.0,0.0,0.0,0.0,0.0,0.0,0.0,0.0,0.0,0.0,0.3333333333333333,0.2,0.2,0.0,0.5,0.3333333333333333,0.1,0.1,0.0,0.5,0.2
feature,prettier__prettier-10109,prettier/prettier,JavaScript,devstral-small-2:24b/paths,11,True,3,1,2,10,0.0,0.0,0.0,0.0,0.0,0.0,0.0,0.0,0.0,0.0,0.3333333333333333,0.2,0.2,0.0,0.5,0.3333333333333333,0.1,0.1,0.0,0.5,0.25
feature,prettier__prettier-10109,prettier/prettier,JavaScript,devstral-small-2:24b/content,11,True,3,1,2,10,0.3333333333333333,1.0,1.0,0.0,0.5,0.3333333333333333,0.3333333333333333,0.3333333333333333,0.0,0.5,0.3333333333333333,0.2,0.2,0.0,0.5,0.3333333333333333,0.1,0.1,0.0,0.5,1.0
feature,prettier__prettier-10109,prettier/prettier,JavaScript,navigation/restricted40,11,True,3,1,2,10,0.3333333333333333,1.0,1.0,0.0,0.5,0.3333333333333333,0.3333333333333333,0.3333333333333333,0.0,0.5,0.3333333333333333,0.2,0.2,0.0,0.5,0.3333333333333333,0.1,0.1,0.0,0.5,1.0
feature,prettier__prettier-10109,prettier/prettier,JavaScript,navigation/repository,11,True,3,1,2,10,0.3333333333333333,1.0,1.0,1.0,0.0,0.6666666666666666,0.6666666666666666,0.6666666666666666,1.0,0.5,0.6666666666666666,0.4,0.4,1.0,0.5,1.0,0.3,0.3,1.0,1.0,1.0
feature,prettier__prettier-8465,prettier/prettier,JavaScript,path_bm25,11,True,7,4,3,10,0.0,0.0,0.0,0.0,0.0,0.0,0.0,0.0,0.0,0.0,0.0,0.0,0.0,0.0,0.0,0.0,0.0,0.0,0.0,0.0,0.0
feature,prettier__prettier-8465,prettier/prettier,JavaScript,content_bm25,11,True,7,4,3,10,0.0,0.0,0.0,0.0,0.0,0.0,0.0,0.0,0.0,0.0,0.0,0.0,0.0,0.0,0.0,0.0,0.0,0.0,0.0,0.0,0.0
feature,prettier__prettier-8465,prettier/prettier,JavaScript,dense_minilm,11,True,7,4,3,10,0.0,0.0,0.0,0.0,0.0,0.0,0.0,0.0,0.0,0.0,0.0,0.0,0.0,0.0,0.0,0.14285714285714285,0.1,0.1,0.25,0.0,0.14285714285714285
feature,prettier__prettier-8465,prettier/prettier,JavaScript,hybrid_rrf,11,True,7,4,3,10,0.0,0.0,0.0,0.0,0.0,0.0,0.0,0.0,0.0,0.0,0.0,0.0,0.0,0.0,0.0,0.0,0.0,0.0,0.0,0.0,0.0
feature,prettier__prettier-8465,prettier/prettier,JavaScript,minilm256_pool100,11,True,7,4,3,10,0.0,0.0,0.0,0.0,0.0,0.0,0.0,0.0,0.0,0.0,0.0,0.0,0.0,0.0,0.0,0.14285714285714285,0.1,0.1,0.25,0.0,0.14285714285714285
feature,prettier__prettier-8465,prettier/prettier,JavaScript,coderank256_pool100,11,True,7,4,3,10,0.0,0.0,0.0,0.0,0.0,0.0,0.0,0.0,0.0,0.0,0.0,0.0,0.0,0.0,0.0,0.14285714285714285,0.1,0.1,0.25,0.0,0.1
feature,prettier__prettier-8465,prettier/prettier,JavaScript,coderank2048_pool100,11,True,7,4,3,10,0.0,0.0,0.0,0.0,0.0,0.0,0.0,0.0,0.0,0.0,0.0,0.0,0.0,0.0,0.0,0.14285714285714285,0.1,0.1,0.25,0.0,0.16666666666666666
feature,prettier__prettier-8465,prettier/prettier,JavaScript,qwen3-coder:30b/paths,11,True,7,4,3,10,0.0,0.0,0.0,0.0,0.0,0.0,0.0,0.0,0.0,0.0,0.0,0.0,0.0,0.0,0.0,0.0,0.0,0.0,0.0,0.0,0.0
feature,prettier__prettier-8465,prettier/prettier,JavaScript,qwen3-coder:30b/content,11,True,7,4,3,10,0.0,0.0,0.0,0.0,0.0,0.0,0.0,0.0,0.0,0.0,0.0,0.0,0.0,0.0,0.0,0.0,0.0,0.0,0.0,0.0,0.0
feature,prettier__prettier-8465,prettier/prettier,JavaScript,devstral-small-2:24b/paths,11,True,7,4,3,10,0.0,0.0,0.0,0.0,0.0,0.0,0.0,0.0,0.0,0.0,0.0,0.0,0.0,0.0,0.0,0.0,0.0,0.0,0.0,0.0,0.0
feature,prettier__prettier-8465,prettier/prettier,JavaScript,devstral-small-2:24b/content,11,True,7,4,3,10,0.0,0.0,0.0,0.0,0.0,0.0,0.0,0.0,0.0,0.0,0.0,0.0,0.0,0.0,0.0,0.0,0.0,0.0,0.0,0.0,0.0
feature,prettier__prettier-8465,prettier/prettier,JavaScript,navigation/restricted40,11,True,7,4,3,10,0.0,0.0,0.0,0.0,0.0,0.0,0.0,0.0,0.0,0.0,0.0,0.0,0.0,0.0,0.0,0.0,0.0,0.0,0.0,0.0,0.0
feature,prettier__prettier-8465,prettier/prettier,JavaScript,navigation/repository,11,True,7,4,3,10,0.0,0.0,0.0,0.0,0.0,0.0,0.0,0.0,0.0,0.0,0.0,0.0,0.0,0.0,0.0,0.0,0.0,0.0,0.0,0.0,0.0
feature,prettier__prettier-8381,prettier/prettier,JavaScript,path_bm25,11,True,10,10,0,10,0.0,0.0,0.0,0.0,,0.0,0.0,0.0,0.0,,0.0,0.0,0.0,0.0,,0.0,0.0,0.0,0.0,,0.0
feature,prettier__prettier-8381,prettier/prettier,JavaScript,content_bm25,11,True,10,10,0,10,0.0,0.0,0.0,0.0,,0.0,0.0,0.0,0.0,,0.0,0.0,0.0,0.0,,0.0,0.0,0.0,0.0,,0.0
feature,prettier__prettier-8381,prettier/prettier,JavaScript,dense_minilm,11,True,10,10,0,10,0.0,0.0,0.0,0.0,,0.0,0.0,0.0,0.0,,0.0,0.0,0.0,0.0,,0.0,0.0,0.0,0.0,,0.0
feature,prettier__prettier-8381,prettier/prettier,JavaScript,hybrid_rrf,11,True,10,10,0,10,0.0,0.0,0.0,0.0,,0.0,0.0,0.0,0.0,,0.0,0.0,0.0,0.0,,0.0,0.0,0.0,0.0,,0.0
feature,prettier__prettier-8381,prettier/prettier,JavaScript,minilm256_pool100,11,True,10,10,0,10,0.0,0.0,0.0,0.0,,0.0,0.0,0.0,0.0,,0.0,0.0,0.0,0.0,,0.0,0.0,0.0,0.0,,0.0
feature,prettier__prettier-8381,prettier/prettier,JavaScript,coderank256_pool100,11,True,10,10,0,10,0.0,0.0,0.0,0.0,,0.0,0.0,0.0,0.0,,0.0,0.0,0.0,0.0,,0.0,0.0,0.0,0.0,,0.0
feature,prettier__prettier-8381,prettier/prettier,JavaScript,coderank2048_pool100,11,True,10,10,0,10,0.0,0.0,0.0,0.0,,0.0,0.0,0.0,0.0,,0.0,0.0,0.0,0.0,,0.0,0.0,0.0,0.0,,0.0
feature,prettier__prettier-8381,prettier/prettier,JavaScript,qwen3-coder:30b/paths,11,True,10,10,0,10,0.0,0.0,0.0,0.0,,0.0,0.0,0.0,0.0,,0.0,0.0,0.0,0.0,,0.0,0.0,0.0,0.0,,0.0
feature,prettier__prettier-8381,prettier/prettier,JavaScript,qwen3-coder:30b/content,11,True,10,10,0,10,0.0,0.0,0.0,0.0,,0.0,0.0,0.0,0.0,,0.0,0.0,0.0,0.0,,0.0,0.0,0.0,0.0,,0.0
feature,prettier__prettier-8381,prettier/prettier,JavaScript,devstral-small-2:24b/paths,11,True,10,10,0,10,0.0,0.0,0.0,0.0,,0.0,0.0,0.0,0.0,,0.0,0.0,0.0,0.0,,0.0,0.0,0.0,0.0,,0.0
feature,prettier__prettier-8381,prettier/prettier,JavaScript,devstral-small-2:24b/content,11,True,10,10,0,10,0.0,0.0,0.0,0.0,,0.0,0.0,0.0,0.0,,0.0,0.0,0.0,0.0,,0.0,0.0,0.0,0.0,,0.0
feature,prettier__prettier-8381,prettier/prettier,JavaScript,navigation/restricted40,11,True,10,10,0,10,0.0,0.0,0.0,0.0,,0.0,0.0,0.0,0.0,,0.0,0.0,0.0,0.0,,0.0,0.0,0.0,0.0,,0.0
feature,prettier__prettier-8381,prettier/prettier,JavaScript,navigation/repository,11,False,10,10,0,0,0.0,0.0,0.0,0.0,,0.0,0.0,0.0,0.0,,0.0,0.0,0.0,0.0,,0.0,0.0,0.0,0.0,,0.0
feature,prettier__prettier-4667,prettier/prettier,JavaScript,path_bm25,11,True,2,1,1,10,0.0,0.0,0.0,0.0,0.0,0.0,0.0,0.0,0.0,0.0,0.0,0.0,0.0,0.0,0.0,0.0,0.0,0.0,0.0,0.0,0.0
feature,prettier__prettier-4667,prettier/prettier,JavaScript,content_bm25,11,True,2,1,1,10,0.0,0.0,0.0,0.0,0.0,0.0,0.0,0.0,0.0,0.0,0.0,0.0,0.0,0.0,0.0,0.0,0.0,0.0,0.0,0.0,0.0
feature,prettier__prettier-4667,prettier/prettier,JavaScript,dense_minilm,11,True,2,1,1,10,0.0,0.0,0.0,0.0,0.0,0.0,0.0,0.0,0.0,0.0,0.0,0.0,0.0,0.0,0.0,0.0,0.0,0.0,0.0,0.0,0.0
feature,prettier__prettier-4667,prettier/prettier,JavaScript,hybrid_rrf,11,True,2,1,1,10,0.0,0.0,0.0,0.0,0.0,0.0,0.0,0.0,0.0,0.0,0.0,0.0,0.0,0.0,0.0,0.0,0.0,0.0,0.0,0.0,0.0
feature,prettier__prettier-4667,prettier/prettier,JavaScript,minilm256_pool100,11,True,2,1,1,10,0.0,0.0,0.0,0.0,0.0,0.0,0.0,0.0,0.0,0.0,0.0,0.0,0.0,0.0,0.0,0.0,0.0,0.0,0.0,0.0,0.0
feature,prettier__prettier-4667,prettier/prettier,JavaScript,coderank256_pool100,11,True,2,1,1,10,0.0,0.0,0.0,0.0,0.0,0.0,0.0,0.0,0.0,0.0,0.0,0.0,0.0,0.0,0.0,0.5,0.1,0.1,0.0,1.0,0.1111111111111111
feature,prettier__prettier-4667,prettier/prettier,JavaScript,coderank2048_pool100,11,True,2,1,1,10,0.0,0.0,0.0,0.0,0.0,0.0,0.0,0.0,0.0,0.0,0.0,0.0,0.0,0.0,0.0,0.0,0.0,0.0,0.0,0.0,0.0
feature,prettier__prettier-4667,prettier/prettier,JavaScript,qwen3-coder:30b/paths,11,True,2,1,1,10,0.0,0.0,0.0,0.0,0.0,0.0,0.0,0.0,0.0,0.0,0.0,0.0,0.0,0.0,0.0,0.0,0.0,0.0,0.0,0.0,0.0
feature,prettier__prettier-4667,prettier/prettier,JavaScript,qwen3-coder:30b/content,11,True,2,1,1,10,0.0,0.0,0.0,0.0,0.0,0.0,0.0,0.0,0.0,0.0,0.0,0.0,0.0,0.0,0.0,0.0,0.0,0.0,0.0,0.0,0.0
feature,prettier__prettier-4667,prettier/prettier,JavaScript,devstral-small-2:24b/paths,11,True,2,1,1,10,0.0,0.0,0.0,0.0,0.0,0.0,0.0,0.0,0.0,0.0,0.0,0.0,0.0,0.0,0.0,0.0,0.0,0.0,0.0,0.0,0.0
feature,prettier__prettier-4667,prettier/prettier,JavaScript,devstral-small-2:24b/content,11,True,2,1,1,10,0.0,0.0,0.0,0.0,0.0,0.0,0.0,0.0,0.0,0.0,0.0,0.0,0.0,0.0,0.0,0.0,0.0,0.0,0.0,0.0,0.0
feature,prettier__prettier-4667,prettier/prettier,JavaScript,navigation/restricted40,11,True,2,1,1,5,0.0,0.0,0.0,0.0,0.0,0.0,0.0,0.0,0.0,0.0,0.0,0.0,0.0,0.0,0.0,0.0,0.0,0.0,0.0,0.0,0.0
feature,prettier__prettier-4667,prettier/prettier,JavaScript,navigation/repository,11,False,2,1,1,0,0.0,0.0,0.0,0.0,0.0,0.0,0.0,0.0,0.0,0.0,0.0,0.0,0.0,0.0,0.0,0.0,0.0,0.0,0.0,0.0,0.0
feature,prettier__prettier-3903,prettier/prettier,JavaScript,path_bm25,11,True,99,1,98,10,0.0,0.0,0.0,0.0,0.0,0.0,0.0,0.0,0.0,0.0,0.0,0.0,0.0,0.0,0.0,0.0,0.0,0.0,0.0,0.0,0.0
feature,prettier__prettier-3903,prettier/prettier,JavaScript,content_bm25,11,True,99,1,98,10,0.0,0.0,0.0,0.0,0.0,0.0,0.0,0.0,0.0,0.0,0.0,0.0,0.0,0.0,0.0,0.0,0.0,0.0,0.0,0.0,0.0
feature,prettier__prettier-3903,prettier/prettier,JavaScript,dense_minilm,11,True,99,1,98,10,0.0,0.0,0.0,0.0,0.0,0.0,0.0,0.0,0.0,0.0,0.0,0.0,0.0,0.0,0.0,0.0,0.0,0.0,0.0,0.0,0.0
feature,prettier__prettier-3903,prettier/prettier,JavaScript,hybrid_rrf,11,True,99,1,98,10,0.0,0.0,0.0,0.0,0.0,0.0,0.0,0.0,0.0,0.0,0.0,0.0,0.0,0.0,0.0,0.0,0.0,0.0,0.0,0.0,0.0
feature,prettier__prettier-3903,prettier/prettier,JavaScript,minilm256_pool100,11,True,99,1,98,10,0.0,0.0,0.0,0.0,0.0,0.0,0.0,0.0,0.0,0.0,0.0,0.0,0.0,0.0,0.0,0.0,0.0,0.0,0.0,0.0,0.0
feature,prettier__prettier-3903,prettier/prettier,JavaScript,coderank256_pool100,11,True,99,1,98,10,0.0,0.0,0.0,0.0,0.0,0.0,0.0,0.0,0.0,0.0,0.0,0.0,0.0,0.0,0.0,0.0,0.0,0.0,0.0,0.0,0.0
feature,prettier__prettier-3903,prettier/prettier,JavaScript,coderank2048_pool100,11,True,99,1,98,10,0.0,0.0,0.0,0.0,0.0,0.0,0.0,0.0,0.0,0.0,0.0,0.0,0.0,0.0,0.0,0.010101010101010102,0.1,0.1,1.0,0.0,0.16666666666666666
feature,prettier__prettier-3903,prettier/prettier,JavaScript,qwen3-coder:30b/paths,11,True,99,1,98,10,0.0,0.0,0.0,0.0,0.0,0.0,0.0,0.0,0.0,0.0,0.0,0.0,0.0,0.0,0.0,0.0,0.0,0.0,0.0,0.0,0.0
feature,prettier__prettier-3903,prettier/prettier,JavaScript,qwen3-coder:30b/content,11,True,99,1,98,10,0.0,0.0,0.0,0.0,0.0,0.0,0.0,0.0,0.0,0.0,0.0,0.0,0.0,0.0,0.0,0.0,0.0,0.0,0.0,0.0,0.0
feature,prettier__prettier-3903,prettier/prettier,JavaScript,devstral-small-2:24b/paths,11,True,99,1,98,10,0.0,0.0,0.0,0.0,0.0,0.0,0.0,0.0,0.0,0.0,0.0,0.0,0.0,0.0,0.0,0.0,0.0,0.0,0.0,0.0,0.0
feature,prettier__prettier-3903,prettier/prettier,JavaScript,devstral-small-2:24b/content,11,True,99,1,98,10,0.0,0.0,0.0,0.0,0.0,0.0,0.0,0.0,0.0,0.0,0.0,0.0,0.0,0.0,0.0,0.0,0.0,0.0,0.0,0.0,0.0
feature,prettier__prettier-3903,prettier/prettier,JavaScript,navigation/restricted40,11,True,99,1,98,10,0.0,0.0,0.0,0.0,0.0,0.0,0.0,0.0,0.0,0.0,0.0,0.0,0.0,0.0,0.0,0.0,0.0,0.0,0.0,0.0,0.0
feature,prettier__prettier-3903,prettier/prettier,JavaScript,navigation/repository,11,True,99,1,98,10,0.0,0.0,0.0,0.0,0.0,0.010101010101010102,0.3333333333333333,0.3333333333333333,0.0,0.01020408163265306,0.020202020202020204,0.4,0.4,0.0,0.02040816326530612,0.020202020202020204,0.2,0.2,0.0,0.02040816326530612,0.5
feature,prettier__prettier-3775,prettier/prettier,JavaScript,path_bm25,11,True,11,8,3,10,0.0,0.0,0.0,0.0,0.0,0.0,0.0,0.0,0.0,0.0,0.0,0.0,0.0,0.0,0.0,0.0,0.0,0.0,0.0,0.0,0.0
feature,prettier__prettier-3775,prettier/prettier,JavaScript,content_bm25,11,True,11,8,3,10,0.0,0.0,0.0,0.0,0.0,0.0,0.0,0.0,0.0,0.0,0.0,0.0,0.0,0.0,0.0,0.18181818181818182,0.2,0.2,0.25,0.0,0.14285714285714285
feature,prettier__prettier-3775,prettier/prettier,JavaScript,dense_minilm,11,True,11,8,3,10,0.0,0.0,0.0,0.0,0.0,0.0,0.0,0.0,0.0,0.0,0.0,0.0,0.0,0.0,0.0,0.0,0.0,0.0,0.0,0.0,0.0
feature,prettier__prettier-3775,prettier/prettier,JavaScript,hybrid_rrf,11,True,11,8,3,10,0.0,0.0,0.0,0.0,0.0,0.0,0.0,0.0,0.0,0.0,0.0,0.0,0.0,0.0,0.0,0.18181818181818182,0.2,0.2,0.125,0.3333333333333333,0.1111111111111111
feature,prettier__prettier-3775,prettier/prettier,JavaScript,minilm256_pool100,11,True,11,8,3,10,0.0,0.0,0.0,0.0,0.0,0.0,0.0,0.0,0.0,0.0,0.0,0.0,0.0,0.0,0.0,0.0,0.0,0.0,0.0,0.0,0.0
feature,prettier__prettier-3775,prettier/prettier,JavaScript,coderank256_pool100,11,True,11,8,3,10,0.09090909090909091,1.0,1.0,0.125,0.0,0.18181818181818182,0.6666666666666666,0.6666666666666666,0.25,0.0,0.18181818181818182,0.4,0.4,0.25,0.0,0.18181818181818182,0.2,0.2,0.25,0.0,1.0
feature,prettier__prettier-3775,prettier/prettier,JavaScript,coderank2048_pool100,11,True,11,8,3,10,0.09090909090909091,1.0,1.0,0.125,0.0,0.09090909090909091,0.3333333333333333,0.3333333333333333,0.125,0.0,0.09090909090909091,0.2,0.2,0.125,0.0,0.09090909090909091,0.1,0.1,0.125,0.0,1.0
feature,prettier__prettier-3775,prettier/prettier,JavaScript,qwen3-coder:30b/paths,11,True,11,8,3,10,0.0,0.0,0.0,0.0,0.0,0.18181818181818182,0.6666666666666666,0.6666666666666666,0.25,0.0,0.2727272727272727,0.6,0.6,0.375,0.0,0.2727272727272727,0.3,0.3,0.375,0.0,0.5
feature,prettier__prettier-3775,prettier/prettier,JavaScript,qwen3-coder:30b/content,11,True,11,8,3,10,0.09090909090909091,1.0,1.0,0.125,0.0,0.18181818181818182,0.6666666666666666,0.6666666666666666,0.25,0.0,0.18181818181818182,0.4,0.4,0.25,0.0,0.2727272727272727,0.3,0.3,0.25,0.3333333333333333,1.0
feature,prettier__prettier-3775,prettier/prettier,JavaScript,devstral-small-2:24b/paths,11,True,11,8,3,10,0.0,0.0,0.0,0.0,0.0,0.09090909090909091,0.3333333333333333,0.3333333333333333,0.125,0.0,0.09090909090909091,0.2,0.2,0.125,0.0,0.09090909090909091,0.1,0.1,0.125,0.0,0.3333333333333333
feature,prettier__prettier-3775,prettier/prettier,JavaScript,devstral-small-2:24b/content,11,True,11,8,3,10,0.09090909090909091,1.0,1.0,0.125,0.0,0.18181818181818182,0.6666666666666666,0.6666666666666666,0.25,0.0,0.18181818181818182,0.4,0.4,0.25,0.0,0.18181818181818182,0.2,0.2,0.25,0.0,1.0
feature,prettier__prettier-3775,prettier/prettier,JavaScript,navigation/restricted40,11,True,11,8,3,10,0.09090909090909091,1.0,1.0,0.125,0.0,0.18181818181818182,0.6666666666666666,0.6666666666666666,0.25,0.0,0.18181818181818182,0.4,0.4,0.25,0.0,0.18181818181818182,0.2,0.2,0.25,0.0,1.0
feature,prettier__prettier-3775,prettier/prettier,JavaScript,navigation/repository,11,False,11,8,3,0,0.0,0.0,0.0,0.0,0.0,0.0,0.0,0.0,0.0,0.0,0.0,0.0,0.0,0.0,0.0,0.0,0.0,0.0,0.0,0.0,0.0
feature,prettier__prettier-842,prettier/prettier,JavaScript,path_bm25,11,True,1,1,0,10,0.0,0.0,0.0,0.0,,0.0,0.0,0.0,0.0,,0.0,0.0,0.0,0.0,,0.0,0.0,0.0,0.0,,0.0
feature,prettier__prettier-842,prettier/prettier,JavaScript,content_bm25,11,True,1,1,0,10,0.0,0.0,0.0,0.0,,1.0,0.3333333333333333,0.3333333333333333,1.0,,1.0,0.2,0.2,1.0,,1.0,0.1,0.1,1.0,,0.3333333333333333
feature,prettier__prettier-842,prettier/prettier,JavaScript,dense_minilm,11,True,1,1,0,10,0.0,0.0,0.0,0.0,,0.0,0.0,0.0,0.0,,0.0,0.0,0.0,0.0,,0.0,0.0,0.0,0.0,,0.0
feature,prettier__prettier-842,prettier/prettier,JavaScript,hybrid_rrf,11,True,1,1,0,10,0.0,0.0,0.0,0.0,,0.0,0.0,0.0,0.0,,0.0,0.0,0.0,0.0,,0.0,0.0,0.0,0.0,,0.0
feature,prettier__prettier-842,prettier/prettier,JavaScript,minilm256_pool100,11,True,1,1,0,10,0.0,0.0,0.0,0.0,,0.0,0.0,0.0,0.0,,0.0,0.0,0.0,0.0,,0.0,0.0,0.0,0.0,,0.0
feature,prettier__prettier-842,prettier/prettier,JavaScript,coderank256_pool100,11,True,1,1,0,10,0.0,0.0,0.0,0.0,,0.0,0.0,0.0,0.0,,0.0,0.0,0.0,0.0,,0.0,0.0,0.0,0.0,,0.0
feature,prettier__prettier-842,prettier/prettier,JavaScript,coderank2048_pool100,11,True,1,1,0,10,0.0,0.0,0.0,0.0,,0.0,0.0,0.0,0.0,,0.0,0.0,0.0,0.0,,0.0,0.0,0.0,0.0,,0.0
feature,prettier__prettier-842,prettier/prettier,JavaScript,qwen3-coder:30b/paths,11,True,1,1,0,10,1.0,1.0,1.0,1.0,,1.0,0.3333333333333333,0.3333333333333333,1.0,,1.0,0.2,0.2,1.0,,1.0,0.1,0.1,1.0,,1.0
feature,prettier__prettier-842,prettier/prettier,JavaScript,qwen3-coder:30b/content,11,True,1,1,0,10,1.0,1.0,1.0,1.0,,1.0,0.3333333333333333,0.3333333333333333,1.0,,1.0,0.2,0.2,1.0,,1.0,0.1,0.1,1.0,,1.0
feature,prettier__prettier-842,prettier/prettier,JavaScript,devstral-small-2:24b/paths,11,True,1,1,0,10,1.0,1.0,1.0,1.0,,1.0,0.3333333333333333,0.3333333333333333,1.0,,1.0,0.2,0.2,1.0,,1.0,0.1,0.1,1.0,,1.0
feature,prettier__prettier-842,prettier/prettier,JavaScript,devstral-small-2:24b/content,11,True,1,1,0,10,1.0,1.0,1.0,1.0,,1.0,0.3333333333333333,0.3333333333333333,1.0,,1.0,0.2,0.2,1.0,,1.0,0.1,0.1,1.0,,1.0
feature,prettier__prettier-842,prettier/prettier,JavaScript,navigation/restricted40,11,True,1,1,0,10,1.0,1.0,1.0,1.0,,1.0,0.3333333333333333,0.3333333333333333,1.0,,1.0,0.2,0.2,1.0,,1.0,0.1,0.1,1.0,,1.0
feature,prettier__prettier-842,prettier/prettier,JavaScript,navigation/repository,11,True,1,1,0,5,1.0,1.0,1.0,1.0,,1.0,0.3333333333333333,0.3333333333333333,1.0,,1.0,0.2,0.2,1.0,,1.0,0.1,0.2,1.0,,1.0
feature,prettier__prettier-661,prettier/prettier,JavaScript,path_bm25,11,True,5,5,0,10,0.0,0.0,0.0,0.0,,0.0,0.0,0.0,0.0,,0.0,0.0,0.0,0.0,,0.0,0.0,0.0,0.0,,0.0
feature,prettier__prettier-661,prettier/prettier,JavaScript,content_bm25,11,True,5,5,0,10,0.2,1.0,1.0,0.2,,0.4,0.6666666666666666,0.6666666666666666,0.4,,0.4,0.4,0.4,0.4,,0.6,0.3,0.3,0.6,,1.0
feature,prettier__prettier-661,prettier/prettier,JavaScript,dense_minilm,11,True,5,5,0,10,0.0,0.0,0.0,0.0,,0.0,0.0,0.0,0.0,,0.0,0.0,0.0,0.0,,0.0,0.0,0.0,0.0,,0.0
feature,prettier__prettier-661,prettier/prettier,JavaScript,hybrid_rrf,11,True,5,5,0,10,0.0,0.0,0.0,0.0,,0.0,0.0,0.0,0.0,,0.0,0.0,0.0,0.0,,0.0,0.0,0.0,0.0,,0.0
feature,prettier__prettier-661,prettier/prettier,JavaScript,minilm256_pool100,11,True,5,5,0,10,0.0,0.0,0.0,0.0,,0.0,0.0,0.0,0.0,,0.0,0.0,0.0,0.0,,0.0,0.0,0.0,0.0,,0.0
feature,prettier__prettier-661,prettier/prettier,JavaScript,coderank256_pool100,11,True,5,5,0,10,0.0,0.0,0.0,0.0,,0.0,0.0,0.0,0.0,,0.0,0.0,0.0,0.0,,0.0,0.0,0.0,0.0,,0.0
feature,prettier__prettier-661,prettier/prettier,JavaScript,coderank2048_pool100,11,True,5,5,0,10,0.0,0.0,0.0,0.0,,0.0,0.0,0.0,0.0,,0.0,0.0,0.0,0.0,,0.0,0.0,0.0,0.0,,0.0
feature,prettier__prettier-661,prettier/prettier,JavaScript,qwen3-coder:30b/paths,11,True,5,5,0,10,0.2,1.0,1.0,0.2,,0.2,0.3333333333333333,0.3333333333333333,0.2,,0.2,0.2,0.2,0.2,,0.4,0.2,0.2,0.4,,1.0
feature,prettier__prettier-661,prettier/prettier,JavaScript,qwen3-coder:30b/content,11,True,5,5,0,10,0.2,1.0,1.0,0.2,,0.2,0.3333333333333333,0.3333333333333333,0.2,,0.2,0.2,0.2,0.2,,0.2,0.1,0.1,0.2,,1.0
feature,prettier__prettier-661,prettier/prettier,JavaScript,devstral-small-2:24b/paths,11,True,5,5,0,10,0.0,0.0,0.0,0.0,,0.2,0.3333333333333333,0.3333333333333333,0.2,,0.2,0.2,0.2,0.2,,0.2,0.1,0.1,0.2,,0.5
feature,prettier__prettier-661,prettier/prettier,JavaScript,devstral-small-2:24b/content,11,True,5,5,0,10,0.0,0.0,0.0,0.0,,0.2,0.3333333333333333,0.3333333333333333,0.2,,0.4,0.4,0.4,0.4,,0.6,0.3,0.3,0.6,,0.3333333333333333
feature,prettier__prettier-661,prettier/prettier,JavaScript,navigation/restricted40,11,False,5,5,0,0,0.0,0.0,0.0,0.0,,0.0,0.0,0.0,0.0,,0.0,0.0,0.0,0.0,,0.0,0.0,0.0,0.0,,0.0
feature,prettier__prettier-661,prettier/prettier,JavaScript,navigation/restricted40,29,True,5,5,0,10,0.2,1.0,1.0,0.2,,0.2,0.3333333333333333,0.3333333333333333,0.2,,0.2,0.2,0.2,0.2,,0.2,0.1,0.1,0.2,,1.0
feature,prettier__prettier-661,prettier/prettier,JavaScript,navigation/restricted40,47,True,5,5,0,10,0.2,1.0,1.0,0.2,,0.2,0.3333333333333333,0.3333333333333333,0.2,,0.2,0.2,0.2,0.2,,0.2,0.1,0.1,0.2,,1.0
feature,prettier__prettier-661,prettier/prettier,JavaScript,navigation/repository,11,True,5,5,0,8,0.2,1.0,1.0,0.2,,0.2,0.3333333333333333,0.3333333333333333,0.2,,0.2,0.2,0.2,0.2,,0.2,0.1,0.125,0.2,,1.0
feature,prettier__prettier-661,prettier/prettier,JavaScript,navigation/repository,29,True,5,5,0,8,0.2,1.0,1.0,0.2,,0.2,0.3333333333333333,0.3333333333333333,0.2,,0.2,0.2,0.2,0.2,,0.2,0.1,0.125,0.2,,1.0
feature,prettier__prettier-661,prettier/prettier,JavaScript,navigation/repository,47,True,5,5,0,10,0.2,1.0,1.0,0.2,,0.2,0.3333333333333333,0.3333333333333333,0.2,,0.2,0.2,0.2,0.2,,0.2,0.1,0.1,0.2,,1.0
feature,serverless__serverless-10120,serverless/serverless,JavaScript,path_bm25,11,True,2,1,1,10,0.0,0.0,0.0,0.0,0.0,0.0,0.0,0.0,0.0,0.0,0.0,0.0,0.0,0.0,0.0,0.0,0.0,0.0,0.0,0.0,0.0
feature,serverless__serverless-10120,serverless/serverless,JavaScript,content_bm25,11,True,2,1,1,10,0.0,0.0,0.0,0.0,0.0,0.0,0.0,0.0,0.0,0.0,0.0,0.0,0.0,0.0,0.0,0.5,0.1,0.1,0.0,1.0,0.1
feature,serverless__serverless-10120,serverless/serverless,JavaScript,dense_minilm,11,True,2,1,1,10,0.0,0.0,0.0,0.0,0.0,0.0,0.0,0.0,0.0,0.0,0.5,0.2,0.2,1.0,0.0,0.5,0.1,0.1,1.0,0.0,0.2
feature,serverless__serverless-10120,serverless/serverless,JavaScript,hybrid_rrf,11,True,2,1,1,10,0.0,0.0,0.0,0.0,0.0,0.5,0.3333333333333333,0.3333333333333333,1.0,0.0,0.5,0.2,0.2,1.0,0.0,1.0,0.2,0.2,1.0,1.0,0.3333333333333333
feature,serverless__serverless-10120,serverless/serverless,JavaScript,minilm256_pool100,11,True,2,1,1,10,0.0,0.0,0.0,0.0,0.0,0.0,0.0,0.0,0.0,0.0,0.5,0.2,0.2,1.0,0.0,0.5,0.1,0.1,1.0,0.0,0.2
feature,serverless__serverless-10120,serverless/serverless,JavaScript,coderank256_pool100,11,True,2,1,1,10,0.0,0.0,0.0,0.0,0.0,0.0,0.0,0.0,0.0,0.0,0.0,0.0,0.0,0.0,0.0,0.5,0.1,0.1,1.0,0.0,0.125
feature,serverless__serverless-10120,serverless/serverless,JavaScript,coderank2048_pool100,11,True,2,1,1,10,0.0,0.0,0.0,0.0,0.0,0.0,0.0,0.0,0.0,0.0,0.0,0.0,0.0,0.0,0.0,0.0,0.0,0.0,0.0,0.0,0.0
feature,serverless__serverless-10120,serverless/serverless,JavaScript,qwen3-coder:30b/paths,11,True,2,1,1,10,0.5,1.0,1.0,1.0,0.0,1.0,0.6666666666666666,0.6666666666666666,1.0,1.0,1.0,0.4,0.4,1.0,1.0,1.0,0.2,0.2,1.0,1.0,1.0
feature,serverless__serverless-10120,serverless/serverless,JavaScript,qwen3-coder:30b/content,11,True,2,1,1,10,0.5,1.0,1.0,1.0,0.0,1.0,0.6666666666666666,0.6666666666666666,1.0,1.0,1.0,0.4,0.4,1.0,1.0,1.0,0.2,0.2,1.0,1.0,1.0
feature,serverless__serverless-10120,serverless/serverless,JavaScript,devstral-small-2:24b/paths,11,True,2,1,1,10,0.5,1.0,1.0,1.0,0.0,1.0,0.6666666666666666,0.6666666666666666,1.0,1.0,1.0,0.4,0.4,1.0,1.0,1.0,0.2,0.2,1.0,1.0,1.0
feature,serverless__serverless-10120,serverless/serverless,JavaScript,devstral-small-2:24b/content,11,True,2,1,1,10,0.5,1.0,1.0,1.0,0.0,1.0,0.6666666666666666,0.6666666666666666,1.0,1.0,1.0,0.4,0.4,1.0,1.0,1.0,0.2,0.2,1.0,1.0,1.0
feature,serverless__serverless-10120,serverless/serverless,JavaScript,navigation/restricted40,11,True,2,1,1,10,0.5,1.0,1.0,1.0,0.0,1.0,0.6666666666666666,0.6666666666666666,1.0,1.0,1.0,0.4,0.4,1.0,1.0,1.0,0.2,0.2,1.0,1.0,1.0
feature,serverless__serverless-10120,serverless/serverless,JavaScript,navigation/restricted40,29,True,2,1,1,10,0.5,1.0,1.0,1.0,0.0,1.0,0.6666666666666666,0.6666666666666666,1.0,1.0,1.0,0.4,0.4,1.0,1.0,1.0,0.2,0.2,1.0,1.0,1.0
feature,serverless__serverless-10120,serverless/serverless,JavaScript,navigation/restricted40,47,True,2,1,1,10,0.5,1.0,1.0,1.0,0.0,1.0,0.6666666666666666,0.6666666666666666,1.0,1.0,1.0,0.4,0.4,1.0,1.0,1.0,0.2,0.2,1.0,1.0,1.0
feature,serverless__serverless-10120,serverless/serverless,JavaScript,navigation/repository,11,True,2,1,1,7,0.5,1.0,1.0,1.0,0.0,1.0,0.6666666666666666,0.6666666666666666,1.0,1.0,1.0,0.4,0.4,1.0,1.0,1.0,0.2,0.2857142857142857,1.0,1.0,1.0
feature,serverless__serverless-10120,serverless/serverless,JavaScript,navigation/repository,29,True,2,1,1,7,0.5,1.0,1.0,1.0,0.0,1.0,0.6666666666666666,0.6666666666666666,1.0,1.0,1.0,0.4,0.4,1.0,1.0,1.0,0.2,0.2857142857142857,1.0,1.0,1.0
feature,serverless__serverless-10120,serverless/serverless,JavaScript,navigation/repository,47,True,2,1,1,7,0.5,1.0,1.0,1.0,0.0,1.0,0.6666666666666666,0.6666666666666666,1.0,1.0,1.0,0.4,0.4,1.0,1.0,1.0,0.2,0.2857142857142857,1.0,1.0,1.0
feature,serverless__serverless-8638,serverless/serverless,JavaScript,path_bm25,11,True,5,4,1,10,0.0,0.0,0.0,0.0,0.0,0.0,0.0,0.0,0.0,0.0,0.0,0.0,0.0,0.0,0.0,0.0,0.0,0.0,0.0,0.0,0.0
feature,serverless__serverless-8638,serverless/serverless,JavaScript,content_bm25,11,True,5,4,1,10,0.2,1.0,1.0,0.25,0.0,0.4,0.6666666666666666,0.6666666666666666,0.5,0.0,0.4,0.4,0.4,0.5,0.0,0.4,0.2,0.2,0.5,0.0,1.0
feature,serverless__serverless-8638,serverless/serverless,JavaScript,dense_minilm,11,True,5,4,1,10,0.0,0.0,0.0,0.0,0.0,0.2,0.3333333333333333,0.3333333333333333,0.25,0.0,0.2,0.2,0.2,0.25,0.0,0.2,0.1,0.1,0.25,0.0,0.3333333333333333
feature,serverless__serverless-8638,serverless/serverless,JavaScript,hybrid_rrf,11,True,5,4,1,10,0.2,1.0,1.0,0.25,0.0,0.2,0.3333333333333333,0.3333333333333333,0.25,0.0,0.2,0.2,0.2,0.25,0.0,0.2,0.1,0.1,0.25,0.0,1.0
feature,serverless__serverless-8638,serverless/serverless,JavaScript,minilm256_pool100,11,True,5,4,1,10,0.0,0.0,0.0,0.0,0.0,0.2,0.3333333333333333,0.3333333333333333,0.25,0.0,0.2,0.2,0.2,0.25,0.0,0.2,0.1,0.1,0.25,0.0,0.3333333333333333
feature,serverless__serverless-8638,serverless/serverless,JavaScript,coderank256_pool100,11,True,5,4,1,10,0.0,0.0,0.0,0.0,0.0,0.0,0.0,0.0,0.0,0.0,0.0,0.0,0.0,0.0,0.0,0.0,0.0,0.0,0.0,0.0,0.0
feature,serverless__serverless-8638,serverless/serverless,JavaScript,coderank2048_pool100,11,True,5,4,1,10,0.2,1.0,1.0,0.0,1.0,0.2,0.3333333333333333,0.3333333333333333,0.0,1.0,0.2,0.2,0.2,0.0,1.0,0.6,0.3,0.3,0.5,1.0,1.0
feature,serverless__serverless-8638,serverless/serverless,JavaScript,qwen3-coder:30b/paths,11,True,5,4,1,10,0.2,1.0,1.0,0.25,0.0,0.4,0.6666666666666666,0.6666666666666666,0.25,1.0,0.4,0.4,0.4,0.25,1.0,0.6,0.3,0.3,0.5,1.0,1.0
feature,serverless__serverless-8638,serverless/serverless,JavaScript,qwen3-coder:30b/content,11,True,5,4,1,10,0.2,1.0,1.0,0.0,1.0,0.2,0.3333333333333333,0.3333333333333333,0.0,1.0,0.4,0.4,0.4,0.25,1.0,0.6,0.3,0.3,0.5,1.0,1.0
feature,serverless__serverless-8638,serverless/serverless,JavaScript,devstral-small-2:24b/paths,11,True,5,4,1,7,0.0,0.0,0.0,0.0,0.0,0.2,0.3333333333333333,0.3333333333333333,0.0,1.0,0.4,0.4,0.4,0.25,1.0,0.4,0.2,0.2857142857142857,0.25,1.0,0.5
feature,serverless__serverless-8638,serverless/serverless,JavaScript,devstral-small-2:24b/content,11,True,5,4,1,2,0.0,0.0,0.0,0.0,0.0,0.2,0.3333333333333333,0.5,0.0,1.0,0.2,0.2,0.5,0.0,1.0,0.2,0.1,0.5,0.0,1.0,0.5
feature,serverless__serverless-8638,serverless/serverless,JavaScript,navigation/restricted40,11,True,5,4,1,2,0.0,0.0,0.0,0.0,0.0,0.2,0.3333333333333333,0.5,0.0,1.0,0.2,0.2,0.5,0.0,1.0,0.2,0.1,0.5,0.0,1.0,0.5
feature,serverless__serverless-8638,serverless/serverless,JavaScript,navigation/repository,11,True,5,4,1,9,0.0,0.0,0.0,0.0,0.0,0.0,0.0,0.0,0.0,0.0,0.4,0.4,0.4,0.25,1.0,0.6,0.3,0.3333333333333333,0.5,1.0,0.25
feature,serverless__serverless-7623,serverless/serverless,JavaScript,path_bm25,11,True,4,3,1,10,0.0,0.0,0.0,0.0,0.0,0.25,0.3333333333333333,0.3333333333333333,0.3333333333333333,0.0,0.25,0.2,0.2,0.3333333333333333,0.0,0.25,0.1,0.1,0.3333333333333333,0.0,0.3333333333333333
feature,serverless__serverless-7623,serverless/serverless,JavaScript,content_bm25,11,True,4,3,1,10,0.0,0.0,0.0,0.0,0.0,0.25,0.3333333333333333,0.3333333333333333,0.3333333333333333,0.0,0.25,0.2,0.2,0.3333333333333333,0.0,0.25,0.1,0.1,0.3333333333333333,0.0,0.5
feature,serverless__serverless-7623,serverless/serverless,JavaScript,dense_minilm,11,True,4,3,1,10,0.0,0.0,0.0,0.0,0.0,0.25,0.3333333333333333,0.3333333333333333,0.3333333333333333,0.0,0.25,0.2,0.2,0.3333333333333333,0.0,0.25,0.1,0.1,0.3333333333333333,0.0,0.5
feature,serverless__serverless-7623,serverless/serverless,JavaScript,hybrid_rrf,11,True,4,3,1,10,0.0,0.0,0.0,0.0,0.0,0.25,0.3333333333333333,0.3333333333333333,0.3333333333333333,0.0,0.25,0.2,0.2,0.3333333333333333,0.0,0.25,0.1,0.1,0.3333333333333333,0.0,0.5
feature,serverless__serverless-7623,serverless/serverless,JavaScript,minilm256_pool100,11,True,4,3,1,10,0.0,0.0,0.0,0.0,0.0,0.25,0.3333333333333333,0.3333333333333333,0.3333333333333333,0.0,0.25,0.2,0.2,0.3333333333333333,0.0,0.25,0.1,0.1,0.3333333333333333,0.0,0.5
feature,serverless__serverless-7623,serverless/serverless,JavaScript,coderank256_pool100,11,True,4,3,1,10,0.0,0.0,0.0,0.0,0.0,0.25,0.3333333333333333,0.3333333333333333,0.3333333333333333,0.0,0.25,0.2,0.2,0.3333333333333333,0.0,0.25,0.1,0.1,0.3333333333333333,0.0,0.5
feature,serverless__serverless-7623,serverless/serverless,JavaScript,coderank2048_pool100,11,True,4,3,1,10,0.0,0.0,0.0,0.0,0.0,0.0,0.0,0.0,0.0,0.0,0.0,0.0,0.0,0.0,0.0,0.25,0.1,0.1,0.3333333333333333,0.0,0.1
feature,serverless__serverless-7623,serverless/serverless,JavaScript,qwen3-coder:30b/paths,11,True,4,3,1,10,0.0,0.0,0.0,0.0,0.0,0.25,0.3333333333333333,0.3333333333333333,0.3333333333333333,0.0,0.25,0.2,0.2,0.3333333333333333,0.0,0.25,0.1,0.1,0.3333333333333333,0.0,0.5
feature,serverless__serverless-7623,serverless/serverless,JavaScript,qwen3-coder:30b/content,11,True,4,3,1,10,0.0,0.0,0.0,0.0,0.0,0.0,0.0,0.0,0.0,0.0,0.25,0.2,0.2,0.3333333333333333,0.0,0.5,0.2,0.2,0.6666666666666666,0.0,0.2
feature,serverless__serverless-7623,serverless/serverless,JavaScript,devstral-small-2:24b/paths,11,True,4,3,1,10,0.0,0.0,0.0,0.0,0.0,0.25,0.3333333333333333,0.3333333333333333,0.3333333333333333,0.0,0.25,0.2,0.2,0.3333333333333333,0.0,0.5,0.2,0.2,0.6666666666666666,0.0,0.3333333333333333
feature,serverless__serverless-7623,serverless/serverless,JavaScript,devstral-small-2:24b/content,11,True,4,3,1,2,0.0,0.0,0.0,0.0,0.0,0.0,0.0,0.0,0.0,0.0,0.0,0.0,0.0,0.0,0.0,0.0,0.0,0.0,0.0,0.0,0.0
feature,serverless__serverless-7623,serverless/serverless,JavaScript,navigation/restricted40,11,True,4,3,1,10,0.25,1.0,1.0,0.3333333333333333,0.0,0.5,0.6666666666666666,0.6666666666666666,0.6666666666666666,0.0,0.5,0.4,0.4,0.6666666666666666,0.0,0.5,0.2,0.2,0.6666666666666666,0.0,1.0
feature,serverless__serverless-7623,serverless/serverless,JavaScript,navigation/repository,11,True,4,3,1,5,0.25,1.0,1.0,0.3333333333333333,0.0,0.5,0.6666666666666666,0.6666666666666666,0.6666666666666666,0.0,0.75,0.6,0.6,0.6666666666666666,1.0,0.75,0.3,0.6,0.6666666666666666,1.0,1.0
feature,serverless__serverless-7031,serverless/serverless,JavaScript,path_bm25,11,True,2,1,1,10,0.0,0.0,0.0,0.0,0.0,0.0,0.0,0.0,0.0,0.0,0.0,0.0,0.0,0.0,0.0,0.5,0.1,0.1,0.0,1.0,0.1111111111111111
feature,serverless__serverless-7031,serverless/serverless,JavaScript,content_bm25,11,True,2,1,1,10,0.0,0.0,0.0,0.0,0.0,0.0,0.0,0.0,0.0,0.0,0.5,0.2,0.2,1.0,0.0,0.5,0.1,0.1,1.0,0.0,0.2
feature,serverless__serverless-7031,serverless/serverless,JavaScript,dense_minilm,11,True,2,1,1,10,0.0,0.0,0.0,0.0,0.0,0.0,0.0,0.0,0.0,0.0,0.0,0.0,0.0,0.0,0.0,0.0,0.0,0.0,0.0,0.0,0.0
feature,serverless__serverless-7031,serverless/serverless,JavaScript,hybrid_rrf,11,True,2,1,1,10,0.0,0.0,0.0,0.0,0.0,0.5,0.3333333333333333,0.3333333333333333,0.0,1.0,1.0,0.4,0.4,1.0,1.0,1.0,0.2,0.2,1.0,1.0,0.5
feature,serverless__serverless-7031,serverless/serverless,JavaScript,minilm256_pool100,11,True,2,1,1,10,0.0,0.0,0.0,0.0,0.0,0.0,0.0,0.0,0.0,0.0,0.0,0.0,0.0,0.0,0.0,0.0,0.0,0.0,0.0,0.0,0.0
feature,serverless__serverless-7031,serverless/serverless,JavaScript,coderank256_pool100,11,True,2,1,1,10,0.0,0.0,0.0,0.0,0.0,0.5,0.3333333333333333,0.3333333333333333,1.0,0.0,1.0,0.4,0.4,1.0,1.0,1.0,0.2,0.2,1.0,1.0,0.5
feature,serverless__serverless-7031,serverless/serverless,JavaScript,coderank2048_pool100,11,True,2,1,1,10,0.0,0.0,0.0,0.0,0.0,0.0,0.0,0.0,0.0,0.0,0.0,0.0,0.0,0.0,0.0,0.0,0.0,0.0,0.0,0.0,0.0
feature,serverless__serverless-7031,serverless/serverless,JavaScript,qwen3-coder:30b/paths,11,True,2,1,1,10,0.5,1.0,1.0,1.0,0.0,1.0,0.6666666666666666,0.6666666666666666,1.0,1.0,1.0,0.4,0.4,1.0,1.0,1.0,0.2,0.2,1.0,1.0,1.0
feature,serverless__serverless-7031,serverless/serverless,JavaScript,qwen3-coder:30b/content,11,True,2,1,1,10,0.5,1.0,1.0,1.0,0.0,1.0,0.6666666666666666,0.6666666666666666,1.0,1.0,1.0,0.4,0.4,1.0,1.0,1.0,0.2,0.2,1.0,1.0,1.0
feature,serverless__serverless-7031,serverless/serverless,JavaScript,devstral-small-2:24b/paths,11,True,2,1,1,2,0.5,1.0,1.0,1.0,0.0,1.0,0.6666666666666666,1.0,1.0,1.0,1.0,0.4,1.0,1.0,1.0,1.0,0.2,1.0,1.0,1.0,1.0
feature,serverless__serverless-7031,serverless/serverless,JavaScript,devstral-small-2:24b/content,11,True,2,1,1,2,0.5,1.0,1.0,1.0,0.0,1.0,0.6666666666666666,1.0,1.0,1.0,1.0,0.4,1.0,1.0,1.0,1.0,0.2,1.0,1.0,1.0,1.0
feature,serverless__serverless-7031,serverless/serverless,JavaScript,navigation/restricted40,11,True,2,1,1,10,0.5,1.0,1.0,1.0,0.0,0.5,0.3333333333333333,0.3333333333333333,1.0,0.0,0.5,0.2,0.2,1.0,0.0,0.5,0.1,0.1,1.0,0.0,1.0
feature,serverless__serverless-7031,serverless/serverless,JavaScript,navigation/repository,11,True,2,1,1,2,0.5,1.0,1.0,1.0,0.0,1.0,0.6666666666666666,1.0,1.0,1.0,1.0,0.4,1.0,1.0,1.0,1.0,0.2,1.0,1.0,1.0,1.0
feature,serverless__serverless-7024,serverless/serverless,JavaScript,path_bm25,11,True,3,2,1,10,0.0,0.0,0.0,0.0,0.0,0.3333333333333333,0.3333333333333333,0.3333333333333333,0.5,0.0,0.3333333333333333,0.2,0.2,0.5,0.0,0.3333333333333333,0.1,0.1,0.5,0.0,0.3333333333333333
feature,serverless__serverless-7024,serverless/serverless,JavaScript,content_bm25,11,True,3,2,1,10,0.3333333333333333,1.0,1.0,0.5,0.0,0.3333333333333333,0.3333333333333333,0.3333333333333333,0.5,0.0,0.3333333333333333,0.2,0.2,0.5,0.0,0.6666666666666666,0.2,0.2,1.0,0.0,1.0
feature,serverless__serverless-7024,serverless/serverless,JavaScript,dense_minilm,11,True,3,2,1,10,0.3333333333333333,1.0,1.0,0.5,0.0,0.3333333333333333,0.3333333333333333,0.3333333333333333,0.5,0.0,0.6666666666666666,0.4,0.4,1.0,0.0,0.6666666666666666,0.2,0.2,1.0,0.0,1.0
feature,serverless__serverless-7024,serverless/serverless,JavaScript,hybrid_rrf,11,True,3,2,1,10,0.3333333333333333,1.0,1.0,0.5,0.0,0.6666666666666666,0.6666666666666666,0.6666666666666666,1.0,0.0,0.6666666666666666,0.4,0.4,1.0,0.0,0.6666666666666666,0.2,0.2,1.0,0.0,1.0
feature,serverless__serverless-7024,serverless/serverless,JavaScript,minilm256_pool100,11,True,3,2,1,10,0.3333333333333333,1.0,1.0,0.5,0.0,0.3333333333333333,0.3333333333333333,0.3333333333333333,0.5,0.0,0.6666666666666666,0.4,0.4,1.0,0.0,0.6666666666666666,0.2,0.2,1.0,0.0,1.0
feature,serverless__serverless-7024,serverless/serverless,JavaScript,coderank256_pool100,11,True,3,2,1,10,0.3333333333333333,1.0,1.0,0.5,0.0,0.3333333333333333,0.3333333333333333,0.3333333333333333,0.5,0.0,0.6666666666666666,0.4,0.4,1.0,0.0,1.0,0.3,0.3,1.0,1.0,1.0
feature,serverless__serverless-7024,serverless/serverless,JavaScript,coderank2048_pool100,11,True,3,2,1,10,0.0,0.0,0.0,0.0,0.0,0.3333333333333333,0.3333333333333333,0.3333333333333333,0.5,0.0,0.3333333333333333,0.2,0.2,0.5,0.0,0.3333333333333333,0.1,0.1,0.5,0.0,0.5
feature,serverless__serverless-7024,serverless/serverless,JavaScript,qwen3-coder:30b/paths,11,True,3,2,1,10,0.3333333333333333,1.0,1.0,0.5,0.0,1.0,1.0,1.0,1.0,1.0,1.0,0.6,0.6,1.0,1.0,1.0,0.3,0.3,1.0,1.0,1.0
feature,serverless__serverless-7024,serverless/serverless,JavaScript,qwen3-coder:30b/content,11,True,3,2,1,10,0.3333333333333333,1.0,1.0,0.0,1.0,1.0,1.0,1.0,1.0,1.0,1.0,0.6,0.6,1.0,1.0,1.0,0.3,0.3,1.0,1.0,1.0
feature,serverless__serverless-7024,serverless/serverless,JavaScript,devstral-small-2:24b/paths,11,True,3,2,1,10,0.3333333333333333,1.0,1.0,0.5,0.0,0.6666666666666666,0.6666666666666666,0.6666666666666666,0.5,1.0,1.0,0.6,0.6,1.0,1.0,1.0,0.3,0.3,1.0,1.0,1.0
feature,serverless__serverless-7024,serverless/serverless,JavaScript,devstral-small-2:24b/content,11,True,3,2,1,4,0.3333333333333333,1.0,1.0,0.5,0.0,0.6666666666666666,0.6666666666666666,0.6666666666666666,0.5,1.0,0.6666666666666666,0.4,0.5,0.5,1.0,0.6666666666666666,0.2,0.5,0.5,1.0,1.0
feature,serverless__serverless-7024,serverless/serverless,JavaScript,navigation/restricted40,11,True,3,2,1,5,0.3333333333333333,1.0,1.0,0.5,0.0,1.0,1.0,1.0,1.0,1.0,1.0,0.6,0.6,1.0,1.0,1.0,0.3,0.6,1.0,1.0,1.0
feature,serverless__serverless-7024,serverless/serverless,JavaScript,navigation/repository,11,True,3,2,1,10,0.3333333333333333,1.0,1.0,0.5,0.0,1.0,1.0,1.0,1.0,1.0,1.0,0.6,0.6,1.0,1.0,1.0,0.3,0.3,1.0,1.0,1.0
feature,serverless__serverless-6945,serverless/serverless,JavaScript,path_bm25,11,True,4,3,1,10,0.0,0.0,0.0,0.0,0.0,0.0,0.0,0.0,0.0,0.0,0.0,0.0,0.0,0.0,0.0,0.0,0.0,0.0,0.0,0.0,0.0
feature,serverless__serverless-6945,serverless/serverless,JavaScript,content_bm25,11,True,4,3,1,10,0.0,0.0,0.0,0.0,0.0,0.0,0.0,0.0,0.0,0.0,0.0,0.0,0.0,0.0,0.0,0.0,0.0,0.0,0.0,0.0,0.0
feature,serverless__serverless-6945,serverless/serverless,JavaScript,dense_minilm,11,True,4,3,1,10,0.0,0.0,0.0,0.0,0.0,0.0,0.0,0.0,0.0,0.0,0.0,0.0,0.0,0.0,0.0,0.25,0.1,0.1,0.3333333333333333,0.0,0.14285714285714285
feature,serverless__serverless-6945,serverless/serverless,JavaScript,hybrid_rrf,11,True,4,3,1,10,0.0,0.0,0.0,0.0,0.0,0.25,0.3333333333333333,0.3333333333333333,0.3333333333333333,0.0,0.25,0.2,0.2,0.3333333333333333,0.0,0.25,0.1,0.1,0.3333333333333333,0.0,0.5
feature,serverless__serverless-6945,serverless/serverless,JavaScript,minilm256_pool100,11,True,4,3,1,10,0.0,0.0,0.0,0.0,0.0,0.0,0.0,0.0,0.0,0.0,0.0,0.0,0.0,0.0,0.0,0.25,0.1,0.1,0.3333333333333333,0.0,0.14285714285714285
feature,serverless__serverless-6945,serverless/serverless,JavaScript,coderank256_pool100,11,True,4,3,1,10,0.0,0.0,0.0,0.0,0.0,0.0,0.0,0.0,0.0,0.0,0.0,0.0,0.0,0.0,0.0,0.25,0.1,0.1,0.3333333333333333,0.0,0.14285714285714285
feature,serverless__serverless-6945,serverless/serverless,JavaScript,coderank2048_pool100,11,True,4,3,1,10,0.0,0.0,0.0,0.0,0.0,0.0,0.0,0.0,0.0,0.0,0.0,0.0,0.0,0.0,0.0,0.25,0.1,0.1,0.3333333333333333,0.0,0.1111111111111111
feature,serverless__serverless-6945,serverless/serverless,JavaScript,qwen3-coder:30b/paths,11,True,4,3,1,10,0.0,0.0,0.0,0.0,0.0,0.0,0.0,0.0,0.0,0.0,0.0,0.0,0.0,0.0,0.0,0.25,0.1,0.1,0.3333333333333333,0.0,0.14285714285714285
feature,serverless__serverless-6945,serverless/serverless,JavaScript,qwen3-coder:30b/content,11,True,4,3,1,10,0.0,0.0,0.0,0.0,0.0,0.0,0.0,0.0,0.0,0.0,0.0,0.0,0.0,0.0,0.0,0.25,0.1,0.1,0.3333333333333333,0.0,0.125
feature,serverless__serverless-6945,serverless/serverless,JavaScript,devstral-small-2:24b/paths,11,True,4,3,1,10,0.0,0.0,0.0,0.0,0.0,0.0,0.0,0.0,0.0,0.0,0.0,0.0,0.0,0.0,0.0,0.25,0.1,0.1,0.3333333333333333,0.0,0.16666666666666666
feature,serverless__serverless-6945,serverless/serverless,JavaScript,devstral-small-2:24b/content,11,True,4,3,1,10,0.0,0.0,0.0,0.0,0.0,0.0,0.0,0.0,0.0,0.0,0.0,0.0,0.0,0.0,0.0,0.5,0.2,0.2,0.6666666666666666,0.0,0.16666666666666666
feature,serverless__serverless-6945,serverless/serverless,JavaScript,navigation/restricted40,11,True,4,3,1,10,0.0,0.0,0.0,0.0,0.0,0.0,0.0,0.0,0.0,0.0,0.25,0.2,0.2,0.3333333333333333,0.0,0.25,0.1,0.1,0.3333333333333333,0.0,0.25
feature,serverless__serverless-6945,serverless/serverless,JavaScript,navigation/repository,11,True,4,3,1,4,0.25,1.0,1.0,0.3333333333333333,0.0,0.25,0.3333333333333333,0.3333333333333333,0.3333333333333333,0.0,0.25,0.2,0.25,0.3333333333333333,0.0,0.25,0.1,0.25,0.3333333333333333,0.0,1.0
feature,serverless__serverless-6345,serverless/serverless,JavaScript,path_bm25,11,True,3,2,1,10,0.0,0.0,0.0,0.0,0.0,0.0,0.0,0.0,0.0,0.0,0.0,0.0,0.0,0.0,0.0,0.0,0.0,0.0,0.0,0.0,0.0
feature,serverless__serverless-6345,serverless/serverless,JavaScript,content_bm25,11,True,3,2,1,10,0.0,0.0,0.0,0.0,0.0,0.0,0.0,0.0,0.0,0.0,0.0,0.0,0.0,0.0,0.0,0.0,0.0,0.0,0.0,0.0,0.0
feature,serverless__serverless-6345,serverless/serverless,JavaScript,dense_minilm,11,True,3,2,1,10,0.0,0.0,0.0,0.0,0.0,0.0,0.0,0.0,0.0,0.0,0.0,0.0,0.0,0.0,0.0,0.0,0.0,0.0,0.0,0.0,0.0
feature,serverless__serverless-6345,serverless/serverless,JavaScript,hybrid_rrf,11,True,3,2,1,10,0.0,0.0,0.0,0.0,0.0,0.0,0.0,0.0,0.0,0.0,0.0,0.0,0.0,0.0,0.0,0.0,0.0,0.0,0.0,0.0,0.0
feature,serverless__serverless-6345,serverless/serverless,JavaScript,minilm256_pool100,11,True,3,2,1,10,0.0,0.0,0.0,0.0,0.0,0.0,0.0,0.0,0.0,0.0,0.0,0.0,0.0,0.0,0.0,0.0,0.0,0.0,0.0,0.0,0.0
feature,serverless__serverless-6345,serverless/serverless,JavaScript,coderank256_pool100,11,True,3,2,1,10,0.0,0.0,0.0,0.0,0.0,0.0,0.0,0.0,0.0,0.0,0.0,0.0,0.0,0.0,0.0,0.0,0.0,0.0,0.0,0.0,0.0
feature,serverless__serverless-6345,serverless/serverless,JavaScript,coderank2048_pool100,11,True,3,2,1,10,0.0,0.0,0.0,0.0,0.0,0.0,0.0,0.0,0.0,0.0,0.0,0.0,0.0,0.0,0.0,0.0,0.0,0.0,0.0,0.0,0.0
feature,serverless__serverless-6345,serverless/serverless,JavaScript,qwen3-coder:30b/paths,11,True,3,2,1,10,0.0,0.0,0.0,0.0,0.0,0.0,0.0,0.0,0.0,0.0,0.0,0.0,0.0,0.0,0.0,0.0,0.0,0.0,0.0,0.0,0.0
feature,serverless__serverless-6345,serverless/serverless,JavaScript,qwen3-coder:30b/content,11,True,3,2,1,10,0.0,0.0,0.0,0.0,0.0,0.0,0.0,0.0,0.0,0.0,0.0,0.0,0.0,0.0,0.0,0.0,0.0,0.0,0.0,0.0,0.0
feature,serverless__serverless-6345,serverless/serverless,JavaScript,devstral-small-2:24b/paths,11,True,3,2,1,5,0.0,0.0,0.0,0.0,0.0,0.0,0.0,0.0,0.0,0.0,0.0,0.0,0.0,0.0,0.0,0.0,0.0,0.0,0.0,0.0,0.0
feature,serverless__serverless-6345,serverless/serverless,JavaScript,devstral-small-2:24b/content,11,True,3,2,1,2,0.0,0.0,0.0,0.0,0.0,0.0,0.0,0.0,0.0,0.0,0.0,0.0,0.0,0.0,0.0,0.0,0.0,0.0,0.0,0.0,0.0
feature,serverless__serverless-6345,serverless/serverless,JavaScript,navigation/restricted40,11,True,3,2,1,10,0.0,0.0,0.0,0.0,0.0,0.0,0.0,0.0,0.0,0.0,0.0,0.0,0.0,0.0,0.0,0.0,0.0,0.0,0.0,0.0,0.0
feature,serverless__serverless-6345,serverless/serverless,JavaScript,navigation/repository,11,True,3,2,1,3,0.0,0.0,0.0,0.0,0.0,0.3333333333333333,0.3333333333333333,0.3333333333333333,0.0,1.0,0.3333333333333333,0.2,0.3333333333333333,0.0,1.0,0.3333333333333333,0.1,0.3333333333333333,0.0,1.0,0.3333333333333333
feature,serverless__serverless-6063,serverless/serverless,JavaScript,path_bm25,11,True,4,3,1,10,0.0,0.0,0.0,0.0,0.0,0.0,0.0,0.0,0.0,0.0,0.0,0.0,0.0,0.0,0.0,0.0,0.0,0.0,0.0,0.0,0.0
feature,serverless__serverless-6063,serverless/serverless,JavaScript,content_bm25,11,True,4,3,1,10,0.25,1.0,1.0,0.3333333333333333,0.0,0.25,0.3333333333333333,0.3333333333333333,0.3333333333333333,0.0,0.25,0.2,0.2,0.3333333333333333,0.0,0.25,0.1,0.1,0.3333333333333333,0.0,1.0
feature,serverless__serverless-6063,serverless/serverless,JavaScript,dense_minilm,11,True,4,3,1,10,0.25,1.0,1.0,0.3333333333333333,0.0,0.25,0.3333333333333333,0.3333333333333333,0.3333333333333333,0.0,0.25,0.2,0.2,0.3333333333333333,0.0,0.25,0.1,0.1,0.3333333333333333,0.0,1.0
feature,serverless__serverless-6063,serverless/serverless,JavaScript,hybrid_rrf,11,True,4,3,1,10,0.25,1.0,1.0,0.3333333333333333,0.0,0.25,0.3333333333333333,0.3333333333333333,0.3333333333333333,0.0,0.25,0.2,0.2,0.3333333333333333,0.0,0.25,0.1,0.1,0.3333333333333333,0.0,1.0
feature,serverless__serverless-6063,serverless/serverless,JavaScript,minilm256_pool100,11,True,4,3,1,10,0.25,1.0,1.0,0.3333333333333333,0.0,0.25,0.3333333333333333,0.3333333333333333,0.3333333333333333,0.0,0.25,0.2,0.2,0.3333333333333333,0.0,0.25,0.1,0.1,0.3333333333333333,0.0,1.0
feature,serverless__serverless-6063,serverless/serverless,JavaScript,coderank256_pool100,11,True,4,3,1,10,0.0,0.0,0.0,0.0,0.0,0.0,0.0,0.0,0.0,0.0,0.0,0.0,0.0,0.0,0.0,0.0,0.0,0.0,0.0,0.0,0.0
feature,serverless__serverless-6063,serverless/serverless,JavaScript,coderank2048_pool100,11,True,4,3,1,10,0.0,0.0,0.0,0.0,0.0,0.0,0.0,0.0,0.0,0.0,0.0,0.0,0.0,0.0,0.0,0.0,0.0,0.0,0.0,0.0,0.0
feature,serverless__serverless-6063,serverless/serverless,JavaScript,qwen3-coder:30b/paths,11,True,4,3,1,10,0.25,1.0,1.0,0.0,1.0,0.5,0.6666666666666666,0.6666666666666666,0.3333333333333333,1.0,0.5,0.4,0.4,0.3333333333333333,1.0,0.75,0.3,0.3,0.6666666666666666,1.0,1.0
feature,serverless__serverless-6063,serverless/serverless,JavaScript,qwen3-coder:30b/content,11,True,4,3,1,10,0.25,1.0,1.0,0.3333333333333333,0.0,0.5,0.6666666666666666,0.6666666666666666,0.6666666666666666,0.0,0.75,0.6,0.6,0.6666666666666666,1.0,0.75,0.3,0.3,0.6666666666666666,1.0,1.0
feature,serverless__serverless-6063,serverless/serverless,JavaScript,devstral-small-2:24b/paths,11,True,4,3,1,10,0.25,1.0,1.0,0.3333333333333333,0.0,0.5,0.6666666666666666,0.6666666666666666,0.3333333333333333,1.0,0.5,0.4,0.4,0.3333333333333333,1.0,0.5,0.2,0.2,0.3333333333333333,1.0,1.0
feature,serverless__serverless-6063,serverless/serverless,JavaScript,devstral-small-2:24b/content,11,True,4,3,1,10,0.25,1.0,1.0,0.3333333333333333,0.0,0.5,0.6666666666666666,0.6666666666666666,0.3333333333333333,1.0,0.5,0.4,0.4,0.3333333333333333,1.0,0.5,0.2,0.2,0.3333333333333333,1.0,1.0
feature,serverless__serverless-6063,serverless/serverless,JavaScript,navigation/restricted40,11,True,4,3,1,10,0.25,1.0,1.0,0.3333333333333333,0.0,0.5,0.6666666666666666,0.6666666666666666,0.3333333333333333,1.0,0.5,0.4,0.4,0.3333333333333333,1.0,0.5,0.2,0.2,0.3333333333333333,1.0,1.0
feature,serverless__serverless-6063,serverless/serverless,JavaScript,navigation/repository,11,True,4,3,1,5,0.25,1.0,1.0,0.3333333333333333,0.0,0.25,0.3333333333333333,0.3333333333333333,0.3333333333333333,0.0,0.25,0.2,0.2,0.3333333333333333,0.0,0.25,0.1,0.2,0.3333333333333333,0.0,1.0
feature,serverless__serverless-6051,serverless/serverless,JavaScript,path_bm25,11,True,4,3,1,10,0.0,0.0,0.0,0.0,0.0,0.0,0.0,0.0,0.0,0.0,0.0,0.0,0.0,0.0,0.0,0.0,0.0,0.0,0.0,0.0,0.0
feature,serverless__serverless-6051,serverless/serverless,JavaScript,content_bm25,11,True,4,3,1,10,0.0,0.0,0.0,0.0,0.0,0.25,0.3333333333333333,0.3333333333333333,0.3333333333333333,0.0,0.25,0.2,0.2,0.3333333333333333,0.0,0.25,0.1,0.1,0.3333333333333333,0.0,0.5
feature,serverless__serverless-6051,serverless/serverless,JavaScript,dense_minilm,11,True,4,3,1,10,0.25,1.0,1.0,0.3333333333333333,0.0,0.25,0.3333333333333333,0.3333333333333333,0.3333333333333333,0.0,0.25,0.2,0.2,0.3333333333333333,0.0,0.25,0.1,0.1,0.3333333333333333,0.0,1.0
feature,serverless__serverless-6051,serverless/serverless,JavaScript,hybrid_rrf,11,True,4,3,1,10,0.25,1.0,1.0,0.3333333333333333,0.0,0.25,0.3333333333333333,0.3333333333333333,0.3333333333333333,0.0,0.25,0.2,0.2,0.3333333333333333,0.0,0.25,0.1,0.1,0.3333333333333333,0.0,1.0
feature,serverless__serverless-6051,serverless/serverless,JavaScript,minilm256_pool100,11,True,4,3,1,10,0.25,1.0,1.0,0.3333333333333333,0.0,0.25,0.3333333333333333,0.3333333333333333,0.3333333333333333,0.0,0.25,0.2,0.2,0.3333333333333333,0.0,0.25,0.1,0.1,0.3333333333333333,0.0,1.0
feature,serverless__serverless-6051,serverless/serverless,JavaScript,coderank256_pool100,11,True,4,3,1,10,0.0,0.0,0.0,0.0,0.0,0.25,0.3333333333333333,0.3333333333333333,0.3333333333333333,0.0,0.25,0.2,0.2,0.3333333333333333,0.0,0.25,0.1,0.1,0.3333333333333333,0.0,0.5
feature,serverless__serverless-6051,serverless/serverless,JavaScript,coderank2048_pool100,11,True,4,3,1,10,0.0,0.0,0.0,0.0,0.0,0.0,0.0,0.0,0.0,0.0,0.0,0.0,0.0,0.0,0.0,0.0,0.0,0.0,0.0,0.0,0.0
feature,serverless__serverless-6051,serverless/serverless,JavaScript,qwen3-coder:30b/paths,11,True,4,3,1,10,0.0,0.0,0.0,0.0,0.0,0.0,0.0,0.0,0.0,0.0,0.0,0.0,0.0,0.0,0.0,0.25,0.1,0.1,0.3333333333333333,0.0,0.16666666666666666
feature,serverless__serverless-6051,serverless/serverless,JavaScript,qwen3-coder:30b/content,11,True,4,3,1,10,0.0,0.0,0.0,0.0,0.0,0.0,0.0,0.0,0.0,0.0,0.0,0.0,0.0,0.0,0.0,0.25,0.1,0.1,0.3333333333333333,0.0,0.14285714285714285
feature,serverless__serverless-6051,serverless/serverless,JavaScript,devstral-small-2:24b/paths,11,True,4,3,1,10,0.0,0.0,0.0,0.0,0.0,0.0,0.0,0.0,0.0,0.0,0.25,0.2,0.2,0.3333333333333333,0.0,0.25,0.1,0.1,0.3333333333333333,0.0,0.2
feature,serverless__serverless-6051,serverless/serverless,JavaScript,devstral-small-2:24b/content,11,True,4,3,1,5,0.0,0.0,0.0,0.0,0.0,0.0,0.0,0.0,0.0,0.0,0.0,0.0,0.0,0.0,0.0,0.0,0.0,0.0,0.0,0.0,0.0
feature,serverless__serverless-6051,serverless/serverless,JavaScript,navigation/restricted40,11,True,4,3,1,10,0.0,0.0,0.0,0.0,0.0,0.25,0.3333333333333333,0.3333333333333333,0.3333333333333333,0.0,0.25,0.2,0.2,0.3333333333333333,0.0,0.25,0.1,0.1,0.3333333333333333,0.0,0.5
feature,serverless__serverless-6051,serverless/serverless,JavaScript,navigation/repository,11,True,4,3,1,9,0.0,0.0,0.0,0.0,0.0,0.25,0.3333333333333333,0.3333333333333333,0.3333333333333333,0.0,0.25,0.2,0.2,0.3333333333333333,0.0,0.25,0.1,0.1111111111111111,0.3333333333333333,0.0,0.5
feature,serverless__serverless-5982,serverless/serverless,JavaScript,path_bm25,11,True,9,5,4,10,0.0,0.0,0.0,0.0,0.0,0.0,0.0,0.0,0.0,0.0,0.0,0.0,0.0,0.0,0.0,0.2222222222222222,0.2,0.2,0.4,0.0,0.125
feature,serverless__serverless-5982,serverless/serverless,JavaScript,content_bm25,11,True,9,5,4,10,0.1111111111111111,1.0,1.0,0.2,0.0,0.1111111111111111,0.3333333333333333,0.3333333333333333,0.2,0.0,0.1111111111111111,0.2,0.2,0.2,0.0,0.1111111111111111,0.1,0.1,0.2,0.0,1.0
feature,serverless__serverless-5982,serverless/serverless,JavaScript,dense_minilm,11,True,9,5,4,10,0.0,0.0,0.0,0.0,0.0,0.2222222222222222,0.6666666666666666,0.6666666666666666,0.4,0.0,0.3333333333333333,0.6,0.6,0.6,0.0,0.3333333333333333,0.3,0.3,0.6,0.0,0.5
feature,serverless__serverless-5982,serverless/serverless,JavaScript,hybrid_rrf,11,True,9,5,4,10,0.1111111111111111,1.0,1.0,0.2,0.0,0.1111111111111111,0.3333333333333333,0.3333333333333333,0.2,0.0,0.1111111111111111,0.2,0.2,0.2,0.0,0.1111111111111111,0.1,0.1,0.2,0.0,1.0
feature,serverless__serverless-5982,serverless/serverless,JavaScript,minilm256_pool100,11,True,9,5,4,10,0.0,0.0,0.0,0.0,0.0,0.2222222222222222,0.6666666666666666,0.6666666666666666,0.4,0.0,0.3333333333333333,0.6,0.6,0.6,0.0,0.3333333333333333,0.3,0.3,0.6,0.0,0.5
feature,serverless__serverless-5982,serverless/serverless,JavaScript,coderank256_pool100,11,True,9,5,4,10,0.1111111111111111,1.0,1.0,0.2,0.0,0.3333333333333333,1.0,1.0,0.6,0.0,0.4444444444444444,0.8,0.8,0.6,0.25,0.5555555555555556,0.5,0.5,0.8,0.25,1.0
feature,serverless__serverless-5982,serverless/serverless,JavaScript,coderank2048_pool100,11,True,9,5,4,10,0.1111111111111111,1.0,1.0,0.2,0.0,0.3333333333333333,1.0,1.0,0.6,0.0,0.3333333333333333,0.6,0.6,0.6,0.0,0.3333333333333333,0.3,0.3,0.6,0.0,1.0
feature,serverless__serverless-5982,serverless/serverless,JavaScript,qwen3-coder:30b/paths,11,True,9,5,4,10,0.1111111111111111,1.0,1.0,0.2,0.0,0.2222222222222222,0.6666666666666666,0.6666666666666666,0.2,0.25,0.2222222222222222,0.4,0.4,0.2,0.25,0.3333333333333333,0.3,0.3,0.4,0.25,1.0
feature,serverless__serverless-5982,serverless/serverless,JavaScript,qwen3-coder:30b/content,11,True,9,5,4,10,0.1111111111111111,1.0,1.0,0.2,0.0,0.2222222222222222,0.6666666666666666,0.6666666666666666,0.2,0.25,0.2222222222222222,0.4,0.4,0.2,0.25,0.3333333333333333,0.3,0.3,0.4,0.25,1.0
feature,serverless__serverless-5982,serverless/serverless,JavaScript,devstral-small-2:24b/paths,11,True,9,5,4,10,0.1111111111111111,1.0,1.0,0.2,0.0,0.2222222222222222,0.6666666666666666,0.6666666666666666,0.2,0.25,0.2222222222222222,0.4,0.4,0.2,0.25,0.2222222222222222,0.2,0.2,0.2,0.25,1.0
feature,serverless__serverless-5982,serverless/serverless,JavaScript,devstral-small-2:24b/content,11,True,9,5,4,10,0.1111111111111111,1.0,1.0,0.2,0.0,0.2222222222222222,0.6666666666666666,0.6666666666666666,0.2,0.25,0.2222222222222222,0.4,0.4,0.2,0.25,0.3333333333333333,0.3,0.3,0.4,0.25,1.0
feature,serverless__serverless-5982,serverless/serverless,JavaScript,navigation/restricted40,11,True,9,5,4,10,0.0,0.0,0.0,0.0,0.0,0.1111111111111111,0.3333333333333333,0.3333333333333333,0.2,0.0,0.1111111111111111,0.2,0.2,0.2,0.0,0.1111111111111111,0.1,0.1,0.2,0.0,0.3333333333333333
feature,serverless__serverless-5982,serverless/serverless,JavaScript,navigation/repository,11,True,9,5,4,10,0.1111111111111111,1.0,1.0,0.2,0.0,0.1111111111111111,0.3333333333333333,0.3333333333333333,0.2,0.0,0.3333333333333333,0.6,0.6,0.4,0.25,0.5555555555555556,0.5,0.5,0.6,0.5,1.0
feature,serverless__serverless-5579,serverless/serverless,JavaScript,path_bm25,11,True,5,3,2,10,0.0,0.0,0.0,0.0,0.0,0.0,0.0,0.0,0.0,0.0,0.0,0.0,0.0,0.0,0.0,0.0,0.0,0.0,0.0,0.0,0.0
feature,serverless__serverless-5579,serverless/serverless,JavaScript,content_bm25,11,True,5,3,2,10,0.2,1.0,1.0,0.3333333333333333,0.0,0.2,0.3333333333333333,0.3333333333333333,0.3333333333333333,0.0,0.2,0.2,0.2,0.3333333333333333,0.0,0.2,0.1,0.1,0.3333333333333333,0.0,1.0
feature,serverless__serverless-5579,serverless/serverless,JavaScript,dense_minilm,11,True,5,3,2,10,0.0,0.0,0.0,0.0,0.0,0.0,0.0,0.0,0.0,0.0,0.0,0.0,0.0,0.0,0.0,0.0,0.0,0.0,0.0,0.0,0.0
feature,serverless__serverless-5579,serverless/serverless,JavaScript,hybrid_rrf,11,True,5,3,2,10,0.0,0.0,0.0,0.0,0.0,0.0,0.0,0.0,0.0,0.0,0.0,0.0,0.0,0.0,0.0,0.2,0.1,0.1,0.3333333333333333,0.0,0.16666666666666666
feature,serverless__serverless-5579,serverless/serverless,JavaScript,minilm256_pool100,11,True,5,3,2,10,0.0,0.0,0.0,0.0,0.0,0.0,0.0,0.0,0.0,0.0,0.0,0.0,0.0,0.0,0.0,0.0,0.0,0.0,0.0,0.0,0.0
feature,serverless__serverless-5579,serverless/serverless,JavaScript,coderank256_pool100,11,True,5,3,2,10,0.0,0.0,0.0,0.0,0.0,0.0,0.0,0.0,0.0,0.0,0.0,0.0,0.0,0.0,0.0,0.0,0.0,0.0,0.0,0.0,0.0
feature,serverless__serverless-5579,serverless/serverless,JavaScript,coderank2048_pool100,11,True,5,3,2,10,0.0,0.0,0.0,0.0,0.0,0.0,0.0,0.0,0.0,0.0,0.0,0.0,0.0,0.0,0.0,0.0,0.0,0.0,0.0,0.0,0.0
feature,serverless__serverless-5579,serverless/serverless,JavaScript,qwen3-coder:30b/paths,11,True,5,3,2,10,0.2,1.0,1.0,0.3333333333333333,0.0,0.2,0.3333333333333333,0.3333333333333333,0.3333333333333333,0.0,0.2,0.2,0.2,0.3333333333333333,0.0,0.2,0.1,0.1,0.3333333333333333,0.0,1.0
feature,serverless__serverless-5579,serverless/serverless,JavaScript,qwen3-coder:30b/content,11,True,5,3,2,10,0.0,0.0,0.0,0.0,0.0,0.2,0.3333333333333333,0.3333333333333333,0.3333333333333333,0.0,0.2,0.2,0.2,0.3333333333333333,0.0,0.2,0.1,0.1,0.3333333333333333,0.0,0.5
feature,serverless__serverless-5579,serverless/serverless,JavaScript,devstral-small-2:24b/paths,11,True,5,3,2,10,0.0,0.0,0.0,0.0,0.0,0.0,0.0,0.0,0.0,0.0,0.0,0.0,0.0,0.0,0.0,0.0,0.0,0.0,0.0,0.0,0.0
feature,serverless__serverless-5579,serverless/serverless,JavaScript,devstral-small-2:24b/content,11,True,5,3,2,10,0.2,1.0,1.0,0.3333333333333333,0.0,0.2,0.3333333333333333,0.3333333333333333,0.3333333333333333,0.0,0.2,0.2,0.2,0.3333333333333333,0.0,0.2,0.1,0.1,0.3333333333333333,0.0,1.0
feature,serverless__serverless-5579,serverless/serverless,JavaScript,navigation/restricted40,11,True,5,3,2,10,0.2,1.0,1.0,0.3333333333333333,0.0,0.2,0.3333333333333333,0.3333333333333333,0.3333333333333333,0.0,0.2,0.2,0.2,0.3333333333333333,0.0,0.2,0.1,0.1,0.3333333333333333,0.0,1.0
feature,serverless__serverless-5579,serverless/serverless,JavaScript,navigation/repository,11,True,5,3,2,10,0.2,1.0,1.0,0.3333333333333333,0.0,0.2,0.3333333333333333,0.3333333333333333,0.3333333333333333,0.0,0.2,0.2,0.2,0.3333333333333333,0.0,0.2,0.1,0.1,0.3333333333333333,0.0,1.0
feature,serverless__serverless-5509,serverless/serverless,JavaScript,path_bm25,11,True,5,4,1,10,0.0,0.0,0.0,0.0,0.0,0.2,0.3333333333333333,0.3333333333333333,0.25,0.0,0.4,0.4,0.4,0.25,1.0,0.4,0.2,0.2,0.25,1.0,0.3333333333333333
feature,serverless__serverless-5509,serverless/serverless,JavaScript,content_bm25,11,True,5,4,1,10,0.0,0.0,0.0,0.0,0.0,0.0,0.0,0.0,0.0,0.0,0.2,0.2,0.2,0.25,0.0,0.4,0.2,0.2,0.5,0.0,0.25
feature,serverless__serverless-5509,serverless/serverless,JavaScript,dense_minilm,11,True,5,4,1,10,0.2,1.0,1.0,0.25,0.0,0.4,0.6666666666666666,0.6666666666666666,0.5,0.0,0.4,0.4,0.4,0.5,0.0,0.6,0.3,0.3,0.5,1.0,1.0
feature,serverless__serverless-5509,serverless/serverless,JavaScript,hybrid_rrf,11,True,5,4,1,10,0.2,1.0,1.0,0.25,0.0,0.4,0.6666666666666666,0.6666666666666666,0.5,0.0,0.4,0.4,0.4,0.5,0.0,0.6,0.3,0.3,0.5,1.0,1.0
feature,serverless__serverless-5509,serverless/serverless,JavaScript,minilm256_pool100,11,True,5,4,1,10,0.2,1.0,1.0,0.25,0.0,0.4,0.6666666666666666,0.6666666666666666,0.5,0.0,0.4,0.4,0.4,0.5,0.0,0.6,0.3,0.3,0.5,1.0,1.0
feature,serverless__serverless-5509,serverless/serverless,JavaScript,coderank256_pool100,11,True,5,4,1,10,0.2,1.0,1.0,0.25,0.0,0.4,0.6666666666666666,0.6666666666666666,0.25,1.0,0.4,0.4,0.4,0.25,1.0,0.6,0.3,0.3,0.5,1.0,1.0
feature,serverless__serverless-5509,serverless/serverless,JavaScript,coderank2048_pool100,11,True,5,4,1,10,0.2,1.0,1.0,0.25,0.0,0.4,0.6666666666666666,0.6666666666666666,0.25,1.0,0.4,0.4,0.4,0.25,1.0,0.4,0.2,0.2,0.25,1.0,1.0
feature,serverless__serverless-5509,serverless/serverless,JavaScript,qwen3-coder:30b/paths,11,True,5,4,1,10,0.2,1.0,1.0,0.25,0.0,0.4,0.6666666666666666,0.6666666666666666,0.25,1.0,0.4,0.4,0.4,0.25,1.0,0.8,0.4,0.4,0.75,1.0,1.0
feature,serverless__serverless-5509,serverless/serverless,JavaScript,qwen3-coder:30b/content,11,True,5,4,1,10,0.2,1.0,1.0,0.25,0.0,0.4,0.6666666666666666,0.6666666666666666,0.25,1.0,0.6,0.6,0.6,0.5,1.0,0.6,0.3,0.3,0.5,1.0,1.0
feature,serverless__serverless-5509,serverless/serverless,JavaScript,devstral-small-2:24b/paths,11,True,5,4,1,10,0.2,1.0,1.0,0.25,0.0,0.4,0.6666666666666666,0.6666666666666666,0.25,1.0,0.8,0.8,0.8,0.75,1.0,0.8,0.4,0.4,0.75,1.0,1.0
feature,serverless__serverless-5509,serverless/serverless,JavaScript,devstral-small-2:24b/content,11,True,5,4,1,10,0.2,1.0,1.0,0.25,0.0,0.4,0.6666666666666666,0.6666666666666666,0.25,1.0,0.6,0.6,0.6,0.5,1.0,0.8,0.4,0.4,0.75,1.0,1.0
feature,serverless__serverless-5509,serverless/serverless,JavaScript,navigation/restricted40,11,False,5,4,1,0,0.0,0.0,0.0,0.0,0.0,0.0,0.0,0.0,0.0,0.0,0.0,0.0,0.0,0.0,0.0,0.0,0.0,0.0,0.0,0.0,0.0
feature,serverless__serverless-5509,serverless/serverless,JavaScript,navigation/repository,11,False,5,4,1,0,0.0,0.0,0.0,0.0,0.0,0.0,0.0,0.0,0.0,0.0,0.0,0.0,0.0,0.0,0.0,0.0,0.0,0.0,0.0,0.0,0.0
feature,serverless__serverless-4097,serverless/serverless,JavaScript,path_bm25,11,True,6,4,2,10,0.0,0.0,0.0,0.0,0.0,0.0,0.0,0.0,0.0,0.0,0.0,0.0,0.0,0.0,0.0,0.0,0.0,0.0,0.0,0.0,0.0
feature,serverless__serverless-4097,serverless/serverless,JavaScript,content_bm25,11,True,6,4,2,10,0.16666666666666666,1.0,1.0,0.25,0.0,0.16666666666666666,0.3333333333333333,0.3333333333333333,0.25,0.0,0.16666666666666666,0.2,0.2,0.25,0.0,0.16666666666666666,0.1,0.1,0.25,0.0,1.0
feature,serverless__serverless-4097,serverless/serverless,JavaScript,dense_minilm,11,True,6,4,2,10,0.16666666666666666,1.0,1.0,0.25,0.0,0.16666666666666666,0.3333333333333333,0.3333333333333333,0.25,0.0,0.16666666666666666,0.2,0.2,0.25,0.0,0.16666666666666666,0.1,0.1,0.25,0.0,1.0
feature,serverless__serverless-4097,serverless/serverless,JavaScript,hybrid_rrf,11,True,6,4,2,10,0.16666666666666666,1.0,1.0,0.25,0.0,0.16666666666666666,0.3333333333333333,0.3333333333333333,0.25,0.0,0.16666666666666666,0.2,0.2,0.25,0.0,0.3333333333333333,0.2,0.2,0.25,0.5,1.0
feature,serverless__serverless-4097,serverless/serverless,JavaScript,minilm256_pool100,11,True,6,4,2,10,0.16666666666666666,1.0,1.0,0.25,0.0,0.16666666666666666,0.3333333333333333,0.3333333333333333,0.25,0.0,0.16666666666666666,0.2,0.2,0.25,0.0,0.16666666666666666,0.1,0.1,0.25,0.0,1.0
feature,serverless__serverless-4097,serverless/serverless,JavaScript,coderank256_pool100,11,True,6,4,2,10,0.0,0.0,0.0,0.0,0.0,0.0,0.0,0.0,0.0,0.0,0.0,0.0,0.0,0.0,0.0,0.16666666666666666,0.1,0.1,0.25,0.0,0.14285714285714285
feature,serverless__serverless-4097,serverless/serverless,JavaScript,coderank2048_pool100,11,True,6,4,2,10,0.0,0.0,0.0,0.0,0.0,0.0,0.0,0.0,0.0,0.0,0.0,0.0,0.0,0.0,0.0,0.0,0.0,0.0,0.0,0.0,0.0
feature,serverless__serverless-4097,serverless/serverless,JavaScript,qwen3-coder:30b/paths,11,True,6,4,2,10,0.16666666666666666,1.0,1.0,0.0,0.5,0.3333333333333333,0.6666666666666666,0.6666666666666666,0.25,0.5,0.3333333333333333,0.4,0.4,0.25,0.5,0.3333333333333333,0.2,0.2,0.25,0.5,1.0
feature,serverless__serverless-4097,serverless/serverless,JavaScript,qwen3-coder:30b/content,11,True,6,4,2,10,0.16666666666666666,1.0,1.0,0.0,0.5,0.3333333333333333,0.6666666666666666,0.6666666666666666,0.25,0.5,0.3333333333333333,0.4,0.4,0.25,0.5,0.3333333333333333,0.2,0.2,0.25,0.5,1.0
feature,serverless__serverless-4097,serverless/serverless,JavaScript,devstral-small-2:24b/paths,11,True,6,4,2,10,0.16666666666666666,1.0,1.0,0.0,0.5,0.3333333333333333,0.6666666666666666,0.6666666666666666,0.25,0.5,0.3333333333333333,0.4,0.4,0.25,0.5,0.3333333333333333,0.2,0.2,0.25,0.5,1.0
feature,serverless__serverless-4097,serverless/serverless,JavaScript,devstral-small-2:24b/content,11,True,6,4,2,2,0.16666666666666666,1.0,1.0,0.0,0.5,0.16666666666666666,0.3333333333333333,0.5,0.0,0.5,0.16666666666666666,0.2,0.5,0.0,0.5,0.16666666666666666,0.1,0.5,0.0,0.5,1.0
feature,serverless__serverless-4097,serverless/serverless,JavaScript,navigation/restricted40,11,True,6,4,2,10,0.16666666666666666,1.0,1.0,0.0,0.5,0.3333333333333333,0.6666666666666666,0.6666666666666666,0.25,0.5,0.3333333333333333,0.4,0.4,0.25,0.5,0.5,0.3,0.3,0.5,0.5,1.0
feature,serverless__serverless-4097,serverless/serverless,JavaScript,navigation/repository,11,True,6,4,2,2,0.16666666666666666,1.0,1.0,0.25,0.0,0.3333333333333333,0.6666666666666666,1.0,0.25,0.5,0.3333333333333333,0.4,1.0,0.25,0.5,0.3333333333333333,0.2,1.0,0.25,0.5,1.0
feature,serverless__serverless-3642,serverless/serverless,JavaScript,path_bm25,11,True,3,2,1,10,0.0,0.0,0.0,0.0,0.0,0.0,0.0,0.0,0.0,0.0,0.0,0.0,0.0,0.0,0.0,0.0,0.0,0.0,0.0,0.0,0.0
feature,serverless__serverless-3642,serverless/serverless,JavaScript,content_bm25,11,True,3,2,1,10,0.0,0.0,0.0,0.0,0.0,0.3333333333333333,0.3333333333333333,0.3333333333333333,0.5,0.0,0.3333333333333333,0.2,0.2,0.5,0.0,0.3333333333333333,0.1,0.1,0.5,0.0,0.5
feature,serverless__serverless-3642,serverless/serverless,JavaScript,dense_minilm,11,True,3,2,1,10,0.0,0.0,0.0,0.0,0.0,0.0,0.0,0.0,0.0,0.0,0.3333333333333333,0.2,0.2,0.5,0.0,0.6666666666666666,0.2,0.2,1.0,0.0,0.2
feature,serverless__serverless-3642,serverless/serverless,JavaScript,hybrid_rrf,11,True,3,2,1,10,0.3333333333333333,1.0,1.0,0.5,0.0,0.6666666666666666,0.6666666666666666,0.6666666666666666,1.0,0.0,0.6666666666666666,0.4,0.4,1.0,0.0,0.6666666666666666,0.2,0.2,1.0,0.0,1.0
feature,serverless__serverless-3642,serverless/serverless,JavaScript,minilm256_pool100,11,True,3,2,1,10,0.0,0.0,0.0,0.0,0.0,0.0,0.0,0.0,0.0,0.0,0.3333333333333333,0.2,0.2,0.5,0.0,0.6666666666666666,0.2,0.2,1.0,0.0,0.2
feature,serverless__serverless-3642,serverless/serverless,JavaScript,coderank256_pool100,11,True,3,2,1,10,0.3333333333333333,1.0,1.0,0.5,0.0,1.0,1.0,1.0,1.0,1.0,1.0,0.6,0.6,1.0,1.0,1.0,0.3,0.3,1.0,1.0,1.0
feature,serverless__serverless-3642,serverless/serverless,JavaScript,coderank2048_pool100,11,True,3,2,1,10,0.3333333333333333,1.0,1.0,0.5,0.0,0.3333333333333333,0.3333333333333333,0.3333333333333333,0.5,0.0,0.6666666666666666,0.4,0.4,1.0,0.0,1.0,0.3,0.3,1.0,1.0,1.0
feature,serverless__serverless-3642,serverless/serverless,JavaScript,qwen3-coder:30b/paths,11,True,3,2,1,10,0.3333333333333333,1.0,1.0,0.5,0.0,0.3333333333333333,0.3333333333333333,0.3333333333333333,0.5,0.0,0.3333333333333333,0.2,0.2,0.5,0.0,0.6666666666666666,0.2,0.2,1.0,0.0,1.0
feature,serverless__serverless-3642,serverless/serverless,JavaScript,qwen3-coder:30b/content,11,True,3,2,1,10,0.3333333333333333,1.0,1.0,0.5,0.0,0.3333333333333333,0.3333333333333333,0.3333333333333333,0.5,0.0,0.3333333333333333,0.2,0.2,0.5,0.0,0.3333333333333333,0.1,0.1,0.5,0.0,1.0
feature,serverless__serverless-3642,serverless/serverless,JavaScript,devstral-small-2:24b/paths,11,True,3,2,1,4,0.3333333333333333,1.0,1.0,0.5,0.0,0.6666666666666666,0.6666666666666666,0.6666666666666666,1.0,0.0,0.6666666666666666,0.4,0.5,1.0,0.0,0.6666666666666666,0.2,0.5,1.0,0.0,1.0
feature,serverless__serverless-3642,serverless/serverless,JavaScript,devstral-small-2:24b/content,11,True,3,2,1,4,0.3333333333333333,1.0,1.0,0.5,0.0,0.3333333333333333,0.3333333333333333,0.3333333333333333,0.5,0.0,0.6666666666666666,0.4,0.5,1.0,0.0,0.6666666666666666,0.2,0.5,1.0,0.0,1.0
feature,serverless__serverless-3642,serverless/serverless,JavaScript,navigation/restricted40,11,False,3,2,1,0,0.0,0.0,0.0,0.0,0.0,0.0,0.0,0.0,0.0,0.0,0.0,0.0,0.0,0.0,0.0,0.0,0.0,0.0,0.0,0.0,0.0
feature,serverless__serverless-3642,serverless/serverless,JavaScript,navigation/restricted40,29,False,3,2,1,0,0.0,0.0,0.0,0.0,0.0,0.0,0.0,0.0,0.0,0.0,0.0,0.0,0.0,0.0,0.0,0.0,0.0,0.0,0.0,0.0,0.0
feature,serverless__serverless-3642,serverless/serverless,JavaScript,navigation/restricted40,47,False,3,2,1,0,0.0,0.0,0.0,0.0,0.0,0.0,0.0,0.0,0.0,0.0,0.0,0.0,0.0,0.0,0.0,0.0,0.0,0.0,0.0,0.0,0.0
feature,serverless__serverless-3642,serverless/serverless,JavaScript,navigation/repository,11,True,3,2,1,2,0.3333333333333333,1.0,1.0,0.5,0.0,0.6666666666666666,0.6666666666666666,1.0,0.5,1.0,0.6666666666666666,0.4,1.0,0.5,1.0,0.6666666666666666,0.2,1.0,0.5,1.0,1.0
feature,serverless__serverless-3642,serverless/serverless,JavaScript,navigation/repository,29,True,3,2,1,2,0.3333333333333333,1.0,1.0,0.5,0.0,0.6666666666666666,0.6666666666666666,1.0,0.5,1.0,0.6666666666666666,0.4,1.0,0.5,1.0,0.6666666666666666,0.2,1.0,0.5,1.0,1.0
feature,serverless__serverless-3642,serverless/serverless,JavaScript,navigation/repository,47,True,3,2,1,2,0.3333333333333333,1.0,1.0,0.5,0.0,0.6666666666666666,0.6666666666666666,1.0,0.5,1.0,0.6666666666666666,0.4,1.0,0.5,1.0,0.6666666666666666,0.2,1.0,0.5,1.0,1.0
feature,serverless__serverless-3609,serverless/serverless,JavaScript,path_bm25,11,True,4,3,1,10,0.0,0.0,0.0,0.0,0.0,0.0,0.0,0.0,0.0,0.0,0.0,0.0,0.0,0.0,0.0,0.0,0.0,0.0,0.0,0.0,0.0
feature,serverless__serverless-3609,serverless/serverless,JavaScript,content_bm25,11,True,4,3,1,10,0.0,0.0,0.0,0.0,0.0,0.0,0.0,0.0,0.0,0.0,0.0,0.0,0.0,0.0,0.0,0.25,0.1,0.1,0.3333333333333333,0.0,0.1
feature,serverless__serverless-3609,serverless/serverless,JavaScript,dense_minilm,11,True,4,3,1,10,0.0,0.0,0.0,0.0,0.0,0.0,0.0,0.0,0.0,0.0,0.25,0.2,0.2,0.3333333333333333,0.0,0.5,0.2,0.2,0.6666666666666666,0.0,0.25
feature,serverless__serverless-3609,serverless/serverless,JavaScript,hybrid_rrf,11,True,4,3,1,10,0.0,0.0,0.0,0.0,0.0,0.25,0.3333333333333333,0.3333333333333333,0.3333333333333333,0.0,0.25,0.2,0.2,0.3333333333333333,0.0,0.25,0.1,0.1,0.3333333333333333,0.0,0.3333333333333333
feature,serverless__serverless-3609,serverless/serverless,JavaScript,minilm256_pool100,11,True,4,3,1,10,0.0,0.0,0.0,0.0,0.0,0.0,0.0,0.0,0.0,0.0,0.25,0.2,0.2,0.3333333333333333,0.0,0.5,0.2,0.2,0.6666666666666666,0.0,0.25
feature,serverless__serverless-3609,serverless/serverless,JavaScript,coderank256_pool100,11,True,4,3,1,10,0.0,0.0,0.0,0.0,0.0,0.0,0.0,0.0,0.0,0.0,0.0,0.0,0.0,0.0,0.0,0.0,0.0,0.0,0.0,0.0,0.0
feature,serverless__serverless-3609,serverless/serverless,JavaScript,coderank2048_pool100,11,True,4,3,1,10,0.0,0.0,0.0,0.0,0.0,0.0,0.0,0.0,0.0,0.0,0.0,0.0,0.0,0.0,0.0,0.0,0.0,0.0,0.0,0.0,0.0
feature,serverless__serverless-3609,serverless/serverless,JavaScript,qwen3-coder:30b/paths,11,True,4,3,1,10,0.25,1.0,1.0,0.3333333333333333,0.0,0.5,0.6666666666666666,0.6666666666666666,0.6666666666666666,0.0,0.5,0.4,0.4,0.6666666666666666,0.0,0.5,0.2,0.2,0.6666666666666666,0.0,1.0
feature,serverless__serverless-3609,serverless/serverless,JavaScript,qwen3-coder:30b/content,11,True,4,3,1,10,0.25,1.0,1.0,0.3333333333333333,0.0,0.5,0.6666666666666666,0.6666666666666666,0.6666666666666666,0.0,0.5,0.4,0.4,0.6666666666666666,0.0,0.5,0.2,0.2,0.6666666666666666,0.0,1.0
feature,serverless__serverless-3609,serverless/serverless,JavaScript,devstral-small-2:24b/paths,11,True,4,3,1,10,0.25,1.0,1.0,0.3333333333333333,0.0,0.25,0.3333333333333333,0.3333333333333333,0.3333333333333333,0.0,0.25,0.2,0.2,0.3333333333333333,0.0,0.25,0.1,0.1,0.3333333333333333,0.0,1.0
feature,serverless__serverless-3609,serverless/serverless,JavaScript,devstral-small-2:24b/content,11,True,4,3,1,10,0.25,1.0,1.0,0.3333333333333333,0.0,0.5,0.6666666666666666,0.6666666666666666,0.6666666666666666,0.0,0.5,0.4,0.4,0.6666666666666666,0.0,0.5,0.2,0.2,0.6666666666666666,0.0,1.0
feature,serverless__serverless-3609,serverless/serverless,JavaScript,navigation/restricted40,11,True,4,3,1,10,0.25,1.0,1.0,0.3333333333333333,0.0,0.25,0.3333333333333333,0.3333333333333333,0.3333333333333333,0.0,0.25,0.2,0.2,0.3333333333333333,0.0,0.25,0.1,0.1,0.3333333333333333,0.0,1.0
feature,serverless__serverless-3609,serverless/serverless,JavaScript,navigation/repository,11,True,4,3,1,10,0.25,1.0,1.0,0.3333333333333333,0.0,0.75,1.0,1.0,0.6666666666666666,1.0,0.75,0.6,0.6,0.6666666666666666,1.0,0.75,0.3,0.3,0.6666666666666666,1.0,1.0
feature,serverless__serverless-3548,serverless/serverless,JavaScript,path_bm25,11,True,4,3,1,10,0.0,0.0,0.0,0.0,0.0,0.0,0.0,0.0,0.0,0.0,0.25,0.2,0.2,0.3333333333333333,0.0,0.25,0.1,0.1,0.3333333333333333,0.0,0.2
feature,serverless__serverless-3548,serverless/serverless,JavaScript,content_bm25,11,True,4,3,1,10,0.25,1.0,1.0,0.3333333333333333,0.0,0.25,0.3333333333333333,0.3333333333333333,0.3333333333333333,0.0,0.25,0.2,0.2,0.3333333333333333,0.0,0.5,0.2,0.2,0.6666666666666666,0.0,1.0
feature,serverless__serverless-3548,serverless/serverless,JavaScript,dense_minilm,11,True,4,3,1,10,0.0,0.0,0.0,0.0,0.0,0.0,0.0,0.0,0.0,0.0,0.0,0.0,0.0,0.0,0.0,0.0,0.0,0.0,0.0,0.0,0.0
feature,serverless__serverless-3548,serverless/serverless,JavaScript,hybrid_rrf,11,True,4,3,1,10,0.0,0.0,0.0,0.0,0.0,0.25,0.3333333333333333,0.3333333333333333,0.3333333333333333,0.0,0.25,0.2,0.2,0.3333333333333333,0.0,0.25,0.1,0.1,0.3333333333333333,0.0,0.5
feature,serverless__serverless-3548,serverless/serverless,JavaScript,minilm256_pool100,11,True,4,3,1,10,0.0,0.0,0.0,0.0,0.0,0.0,0.0,0.0,0.0,0.0,0.0,0.0,0.0,0.0,0.0,0.0,0.0,0.0,0.0,0.0,0.0
feature,serverless__serverless-3548,serverless/serverless,JavaScript,coderank256_pool100,11,True,4,3,1,10,0.0,0.0,0.0,0.0,0.0,0.25,0.3333333333333333,0.3333333333333333,0.3333333333333333,0.0,0.25,0.2,0.2,0.3333333333333333,0.0,0.25,0.1,0.1,0.3333333333333333,0.0,0.3333333333333333
feature,serverless__serverless-3548,serverless/serverless,JavaScript,coderank2048_pool100,11,True,4,3,1,10,0.0,0.0,0.0,0.0,0.0,0.0,0.0,0.0,0.0,0.0,0.0,0.0,0.0,0.0,0.0,0.0,0.0,0.0,0.0,0.0,0.0
feature,serverless__serverless-3548,serverless/serverless,JavaScript,qwen3-coder:30b/paths,11,True,4,3,1,10,0.0,0.0,0.0,0.0,0.0,0.0,0.0,0.0,0.0,0.0,0.25,0.2,0.2,0.3333333333333333,0.0,0.25,0.1,0.1,0.3333333333333333,0.0,0.2
feature,serverless__serverless-3548,serverless/serverless,JavaScript,qwen3-coder:30b/content,11,True,4,3,1,10,0.25,1.0,1.0,0.3333333333333333,0.0,0.25,0.3333333333333333,0.3333333333333333,0.3333333333333333,0.0,0.25,0.2,0.2,0.3333333333333333,0.0,0.25,0.1,0.1,0.3333333333333333,0.0,1.0
feature,serverless__serverless-3548,serverless/serverless,JavaScript,devstral-small-2:24b/paths,11,True,4,3,1,10,0.25,1.0,1.0,0.3333333333333333,0.0,0.25,0.3333333333333333,0.3333333333333333,0.3333333333333333,0.0,0.5,0.4,0.4,0.6666666666666666,0.0,0.5,0.2,0.2,0.6666666666666666,0.0,1.0
feature,serverless__serverless-3548,serverless/serverless,JavaScript,devstral-small-2:24b/content,11,True,4,3,1,5,0.25,1.0,1.0,0.3333333333333333,0.0,0.25,0.3333333333333333,0.3333333333333333,0.3333333333333333,0.0,0.25,0.2,0.2,0.3333333333333333,0.0,0.25,0.1,0.2,0.3333333333333333,0.0,1.0
feature,serverless__serverless-3548,serverless/serverless,JavaScript,navigation/restricted40,11,True,4,3,1,10,0.0,0.0,0.0,0.0,0.0,0.25,0.3333333333333333,0.3333333333333333,0.3333333333333333,0.0,0.25,0.2,0.2,0.3333333333333333,0.0,0.5,0.2,0.2,0.6666666666666666,0.0,0.5
feature,serverless__serverless-3548,serverless/serverless,JavaScript,navigation/repository,11,True,4,3,1,10,0.0,0.0,0.0,0.0,0.0,0.25,0.3333333333333333,0.3333333333333333,0.3333333333333333,0.0,0.5,0.4,0.4,0.6666666666666666,0.0,0.5,0.2,0.2,0.6666666666666666,0.0,0.3333333333333333
feature,serverless__serverless-3217,serverless/serverless,JavaScript,path_bm25,11,True,3,2,1,10,0.0,0.0,0.0,0.0,0.0,0.0,0.0,0.0,0.0,0.0,0.0,0.0,0.0,0.0,0.0,0.0,0.0,0.0,0.0,0.0,0.0
feature,serverless__serverless-3217,serverless/serverless,JavaScript,content_bm25,11,True,3,2,1,10,0.0,0.0,0.0,0.0,0.0,0.0,0.0,0.0,0.0,0.0,0.0,0.0,0.0,0.0,0.0,0.0,0.0,0.0,0.0,0.0,0.0
feature,serverless__serverless-3217,serverless/serverless,JavaScript,dense_minilm,11,True,3,2,1,10,0.0,0.0,0.0,0.0,0.0,0.0,0.0,0.0,0.0,0.0,0.0,0.0,0.0,0.0,0.0,0.3333333333333333,0.1,0.1,0.5,0.0,0.1111111111111111
feature,serverless__serverless-3217,serverless/serverless,JavaScript,hybrid_rrf,11,True,3,2,1,10,0.0,0.0,0.0,0.0,0.0,0.0,0.0,0.0,0.0,0.0,0.3333333333333333,0.2,0.2,0.5,0.0,0.3333333333333333,0.1,0.1,0.5,0.0,0.2
feature,serverless__serverless-3217,serverless/serverless,JavaScript,minilm256_pool100,11,True,3,2,1,10,0.0,0.0,0.0,0.0,0.0,0.0,0.0,0.0,0.0,0.0,0.0,0.0,0.0,0.0,0.0,0.3333333333333333,0.1,0.1,0.5,0.0,0.1111111111111111
feature,serverless__serverless-3217,serverless/serverless,JavaScript,coderank256_pool100,11,True,3,2,1,10,0.0,0.0,0.0,0.0,0.0,0.0,0.0,0.0,0.0,0.0,0.0,0.0,0.0,0.0,0.0,0.0,0.0,0.0,0.0,0.0,0.0
feature,serverless__serverless-3217,serverless/serverless,JavaScript,coderank2048_pool100,11,True,3,2,1,10,0.0,0.0,0.0,0.0,0.0,0.0,0.0,0.0,0.0,0.0,0.0,0.0,0.0,0.0,0.0,0.0,0.0,0.0,0.0,0.0,0.0
feature,serverless__serverless-3217,serverless/serverless,JavaScript,qwen3-coder:30b/paths,11,True,3,2,1,10,0.0,0.0,0.0,0.0,0.0,0.0,0.0,0.0,0.0,0.0,0.0,0.0,0.0,0.0,0.0,0.3333333333333333,0.1,0.1,0.5,0.0,0.1111111111111111
feature,serverless__serverless-3217,serverless/serverless,JavaScript,qwen3-coder:30b/content,11,True,3,2,1,10,0.0,0.0,0.0,0.0,0.0,0.0,0.0,0.0,0.0,0.0,0.0,0.0,0.0,0.0,0.0,0.0,0.0,0.0,0.0,0.0,0.0
feature,serverless__serverless-3217,serverless/serverless,JavaScript,devstral-small-2:24b/paths,11,True,3,2,1,5,0.0,0.0,0.0,0.0,0.0,0.3333333333333333,0.3333333333333333,0.3333333333333333,0.5,0.0,0.3333333333333333,0.2,0.2,0.5,0.0,0.3333333333333333,0.1,0.2,0.5,0.0,0.3333333333333333
feature,serverless__serverless-3217,serverless/serverless,JavaScript,devstral-small-2:24b/content,11,True,3,2,1,3,0.0,0.0,0.0,0.0,0.0,0.0,0.0,0.0,0.0,0.0,0.0,0.0,0.0,0.0,0.0,0.0,0.0,0.0,0.0,0.0,0.0
feature,serverless__serverless-3217,serverless/serverless,JavaScript,navigation/restricted40,11,True,3,2,1,1,0.0,0.0,0.0,0.0,0.0,0.0,0.0,0.0,0.0,0.0,0.0,0.0,0.0,0.0,0.0,0.0,0.0,0.0,0.0,0.0,0.0
feature,serverless__serverless-3217,serverless/serverless,JavaScript,navigation/repository,11,True,3,2,1,10,0.3333333333333333,1.0,1.0,0.5,0.0,0.3333333333333333,0.3333333333333333,0.3333333333333333,0.5,0.0,0.6666666666666666,0.4,0.4,0.5,1.0,0.6666666666666666,0.2,0.2,0.5,1.0,1.0
feature,serverless__serverless-2910,serverless/serverless,JavaScript,path_bm25,11,True,3,2,1,10,0.0,0.0,0.0,0.0,0.0,0.0,0.0,0.0,0.0,0.0,0.3333333333333333,0.2,0.2,0.5,0.0,0.3333333333333333,0.1,0.1,0.5,0.0,0.25
feature,serverless__serverless-2910,serverless/serverless,JavaScript,content_bm25,11,True,3,2,1,10,0.0,0.0,0.0,0.0,0.0,0.6666666666666666,0.6666666666666666,0.6666666666666666,0.5,1.0,0.6666666666666666,0.4,0.4,0.5,1.0,1.0,0.3,0.3,1.0,1.0,0.5
feature,serverless__serverless-2910,serverless/serverless,JavaScript,dense_minilm,11,True,3,2,1,10,0.0,0.0,0.0,0.0,0.0,0.0,0.0,0.0,0.0,0.0,0.0,0.0,0.0,0.0,0.0,0.0,0.0,0.0,0.0,0.0,0.0
feature,serverless__serverless-2910,serverless/serverless,JavaScript,hybrid_rrf,11,True,3,2,1,10,0.3333333333333333,1.0,1.0,0.5,0.0,0.3333333333333333,0.3333333333333333,0.3333333333333333,0.5,0.0,0.3333333333333333,0.2,0.2,0.5,0.0,0.6666666666666666,0.2,0.2,0.5,1.0,1.0
feature,serverless__serverless-2910,serverless/serverless,JavaScript,minilm256_pool100,11,True,3,2,1,10,0.0,0.0,0.0,0.0,0.0,0.0,0.0,0.0,0.0,0.0,0.0,0.0,0.0,0.0,0.0,0.0,0.0,0.0,0.0,0.0,0.0
feature,serverless__serverless-2910,serverless/serverless,JavaScript,coderank256_pool100,11,True,3,2,1,10,0.3333333333333333,1.0,1.0,0.5,0.0,0.6666666666666666,0.6666666666666666,0.6666666666666666,0.5,1.0,1.0,0.6,0.6,1.0,1.0,1.0,0.3,0.3,1.0,1.0,1.0
feature,serverless__serverless-2910,serverless/serverless,JavaScript,coderank2048_pool100,11,True,3,2,1,10,0.3333333333333333,1.0,1.0,0.5,0.0,0.6666666666666666,0.6666666666666666,0.6666666666666666,1.0,0.0,0.6666666666666666,0.4,0.4,1.0,0.0,0.6666666666666666,0.2,0.2,1.0,0.0,1.0
feature,serverless__serverless-2910,serverless/serverless,JavaScript,qwen3-coder:30b/paths,11,True,3,2,1,10,0.3333333333333333,1.0,1.0,0.5,0.0,0.6666666666666666,0.6666666666666666,0.6666666666666666,0.5,1.0,1.0,0.6,0.6,1.0,1.0,1.0,0.3,0.3,1.0,1.0,1.0
feature,serverless__serverless-2910,serverless/serverless,JavaScript,qwen3-coder:30b/content,11,True,3,2,1,10,0.3333333333333333,1.0,1.0,0.5,0.0,0.6666666666666666,0.6666666666666666,0.6666666666666666,0.5,1.0,1.0,0.6,0.6,1.0,1.0,1.0,0.3,0.3,1.0,1.0,1.0
feature,serverless__serverless-2910,serverless/serverless,JavaScript,devstral-small-2:24b/paths,11,True,3,2,1,10,0.3333333333333333,1.0,1.0,0.5,0.0,1.0,1.0,1.0,1.0,1.0,1.0,0.6,0.6,1.0,1.0,1.0,0.3,0.3,1.0,1.0,1.0
feature,serverless__serverless-2910,serverless/serverless,JavaScript,devstral-small-2:24b/content,11,True,3,2,1,10,0.3333333333333333,1.0,1.0,0.5,0.0,0.6666666666666666,0.6666666666666666,0.6666666666666666,0.5,1.0,0.6666666666666666,0.4,0.4,0.5,1.0,0.6666666666666666,0.2,0.2,0.5,1.0,1.0
feature,serverless__serverless-2910,serverless/serverless,JavaScript,navigation/restricted40,11,True,3,2,1,4,0.3333333333333333,1.0,1.0,0.5,0.0,0.6666666666666666,0.6666666666666666,0.6666666666666666,1.0,0.0,1.0,0.6,0.75,1.0,1.0,1.0,0.3,0.75,1.0,1.0,1.0
feature,serverless__serverless-2910,serverless/serverless,JavaScript,navigation/repository,11,True,3,2,1,4,0.3333333333333333,1.0,1.0,0.5,0.0,0.6666666666666666,0.6666666666666666,0.6666666666666666,1.0,0.0,1.0,0.6,0.75,1.0,1.0,1.0,0.3,0.75,1.0,1.0,1.0
feature,serverless__serverless-2748,serverless/serverless,JavaScript,path_bm25,11,True,3,2,1,10,0.0,0.0,0.0,0.0,0.0,0.0,0.0,0.0,0.0,0.0,0.0,0.0,0.0,0.0,0.0,0.0,0.0,0.0,0.0,0.0,0.0
feature,serverless__serverless-2748,serverless/serverless,JavaScript,content_bm25,11,True,3,2,1,10,0.0,0.0,0.0,0.0,0.0,0.3333333333333333,0.3333333333333333,0.3333333333333333,0.5,0.0,0.3333333333333333,0.2,0.2,0.5,0.0,0.3333333333333333,0.1,0.1,0.5,0.0,0.5
feature,serverless__serverless-2748,serverless/serverless,JavaScript,dense_minilm,11,True,3,2,1,10,0.0,0.0,0.0,0.0,0.0,0.0,0.0,0.0,0.0,0.0,0.0,0.0,0.0,0.0,0.0,0.0,0.0,0.0,0.0,0.0,0.0
feature,serverless__serverless-2748,serverless/serverless,JavaScript,hybrid_rrf,11,True,3,2,1,10,0.0,0.0,0.0,0.0,0.0,0.0,0.0,0.0,0.0,0.0,0.3333333333333333,0.2,0.2,0.5,0.0,0.3333333333333333,0.1,0.1,0.5,0.0,0.2
feature,serverless__serverless-2748,serverless/serverless,JavaScript,minilm256_pool100,11,True,3,2,1,10,0.0,0.0,0.0,0.0,0.0,0.0,0.0,0.0,0.0,0.0,0.0,0.0,0.0,0.0,0.0,0.0,0.0,0.0,0.0,0.0,0.0
feature,serverless__serverless-2748,serverless/serverless,JavaScript,coderank256_pool100,11,True,3,2,1,10,0.0,0.0,0.0,0.0,0.0,0.0,0.0,0.0,0.0,0.0,0.0,0.0,0.0,0.0,0.0,0.0,0.0,0.0,0.0,0.0,0.0
feature,serverless__serverless-2748,serverless/serverless,JavaScript,coderank2048_pool100,11,True,3,2,1,10,0.0,0.0,0.0,0.0,0.0,0.0,0.0,0.0,0.0,0.0,0.0,0.0,0.0,0.0,0.0,0.0,0.0,0.0,0.0,0.0,0.0
feature,serverless__serverless-2748,serverless/serverless,JavaScript,qwen3-coder:30b/paths,11,True,3,2,1,10,0.0,0.0,0.0,0.0,0.0,0.0,0.0,0.0,0.0,0.0,0.0,0.0,0.0,0.0,0.0,0.3333333333333333,0.1,0.1,0.5,0.0,0.125
feature,serverless__serverless-2748,serverless/serverless,JavaScript,qwen3-coder:30b/content,11,True,3,2,1,10,0.3333333333333333,1.0,1.0,0.5,0.0,0.3333333333333333,0.3333333333333333,0.3333333333333333,0.5,0.0,0.3333333333333333,0.2,0.2,0.5,0.0,0.3333333333333333,0.1,0.1,0.5,0.0,1.0
feature,serverless__serverless-2748,serverless/serverless,JavaScript,devstral-small-2:24b/paths,11,True,3,2,1,10,0.3333333333333333,1.0,1.0,0.5,0.0,0.3333333333333333,0.3333333333333333,0.3333333333333333,0.5,0.0,0.3333333333333333,0.2,0.2,0.5,0.0,0.3333333333333333,0.1,0.1,0.5,0.0,1.0
feature,serverless__serverless-2748,serverless/serverless,JavaScript,devstral-small-2:24b/content,11,True,3,2,1,7,0.3333333333333333,1.0,1.0,0.5,0.0,0.3333333333333333,0.3333333333333333,0.3333333333333333,0.5,0.0,0.3333333333333333,0.2,0.2,0.5,0.0,0.3333333333333333,0.1,0.14285714285714285,0.5,0.0,1.0
feature,serverless__serverless-2748,serverless/serverless,JavaScript,navigation/restricted40,11,True,3,2,1,5,0.3333333333333333,1.0,1.0,0.5,0.0,0.3333333333333333,0.3333333333333333,0.3333333333333333,0.5,0.0,0.3333333333333333,0.2,0.2,0.5,0.0,0.3333333333333333,0.1,0.2,0.5,0.0,1.0
feature,serverless__serverless-2748,serverless/serverless,JavaScript,navigation/repository,11,True,3,2,1,10,0.0,0.0,0.0,0.0,0.0,0.3333333333333333,0.3333333333333333,0.3333333333333333,0.5,0.0,0.3333333333333333,0.2,0.2,0.5,0.0,0.3333333333333333,0.1,0.1,0.5,0.0,0.5
feature,serverless__serverless-2624,serverless/serverless,JavaScript,path_bm25,11,True,2,1,1,10,0.0,0.0,0.0,0.0,0.0,0.0,0.0,0.0,0.0,0.0,0.0,0.0,0.0,0.0,0.0,0.0,0.0,0.0,0.0,0.0,0.0
feature,serverless__serverless-2624,serverless/serverless,JavaScript,content_bm25,11,True,2,1,1,10,0.0,0.0,0.0,0.0,0.0,0.0,0.0,0.0,0.0,0.0,0.0,0.0,0.0,0.0,0.0,0.0,0.0,0.0,0.0,0.0,0.0
feature,serverless__serverless-2624,serverless/serverless,JavaScript,dense_minilm,11,True,2,1,1,10,0.0,0.0,0.0,0.0,0.0,0.0,0.0,0.0,0.0,0.0,0.0,0.0,0.0,0.0,0.0,0.0,0.0,0.0,0.0,0.0,0.0
feature,serverless__serverless-2624,serverless/serverless,JavaScript,hybrid_rrf,11,True,2,1,1,10,0.0,0.0,0.0,0.0,0.0,0.0,0.0,0.0,0.0,0.0,0.0,0.0,0.0,0.0,0.0,0.0,0.0,0.0,0.0,0.0,0.0
feature,serverless__serverless-2624,serverless/serverless,JavaScript,minilm256_pool100,11,True,2,1,1,10,0.0,0.0,0.0,0.0,0.0,0.0,0.0,0.0,0.0,0.0,0.0,0.0,0.0,0.0,0.0,0.0,0.0,0.0,0.0,0.0,0.0
feature,serverless__serverless-2624,serverless/serverless,JavaScript,coderank256_pool100,11,True,2,1,1,10,0.0,0.0,0.0,0.0,0.0,0.0,0.0,0.0,0.0,0.0,0.0,0.0,0.0,0.0,0.0,0.0,0.0,0.0,0.0,0.0,0.0
feature,serverless__serverless-2624,serverless/serverless,JavaScript,coderank2048_pool100,11,True,2,1,1,10,0.0,0.0,0.0,0.0,0.0,0.0,0.0,0.0,0.0,0.0,0.0,0.0,0.0,0.0,0.0,0.0,0.0,0.0,0.0,0.0,0.0
feature,serverless__serverless-2624,serverless/serverless,JavaScript,qwen3-coder:30b/paths,11,True,2,1,1,10,0.0,0.0,0.0,0.0,0.0,0.0,0.0,0.0,0.0,0.0,0.0,0.0,0.0,0.0,0.0,0.0,0.0,0.0,0.0,0.0,0.0
feature,serverless__serverless-2624,serverless/serverless,JavaScript,qwen3-coder:30b/content,11,True,2,1,1,10,0.0,0.0,0.0,0.0,0.0,0.0,0.0,0.0,0.0,0.0,0.0,0.0,0.0,0.0,0.0,0.0,0.0,0.0,0.0,0.0,0.0
feature,serverless__serverless-2624,serverless/serverless,JavaScript,devstral-small-2:24b/paths,11,True,2,1,1,8,0.0,0.0,0.0,0.0,0.0,0.0,0.0,0.0,0.0,0.0,0.0,0.0,0.0,0.0,0.0,0.0,0.0,0.0,0.0,0.0,0.0
feature,serverless__serverless-2624,serverless/serverless,JavaScript,devstral-small-2:24b/content,11,True,2,1,1,5,0.0,0.0,0.0,0.0,0.0,0.0,0.0,0.0,0.0,0.0,0.0,0.0,0.0,0.0,0.0,0.0,0.0,0.0,0.0,0.0,0.0
feature,serverless__serverless-2624,serverless/serverless,JavaScript,navigation/restricted40,11,True,2,1,1,5,0.0,0.0,0.0,0.0,0.0,0.0,0.0,0.0,0.0,0.0,0.0,0.0,0.0,0.0,0.0,0.0,0.0,0.0,0.0,0.0,0.0
feature,serverless__serverless-2624,serverless/serverless,JavaScript,navigation/repository,11,False,2,1,1,0,0.0,0.0,0.0,0.0,0.0,0.0,0.0,0.0,0.0,0.0,0.0,0.0,0.0,0.0,0.0,0.0,0.0,0.0,0.0,0.0,0.0
feature,microsoft__vscode-114208,microsoft/vscode,TypeScript,path_bm25,11,True,2,1,1,10,0.0,0.0,0.0,0.0,0.0,0.0,0.0,0.0,0.0,0.0,0.0,0.0,0.0,0.0,0.0,0.0,0.0,0.0,0.0,0.0,0.0
feature,microsoft__vscode-114208,microsoft/vscode,TypeScript,content_bm25,11,True,2,1,1,10,0.0,0.0,0.0,0.0,0.0,0.0,0.0,0.0,0.0,0.0,0.0,0.0,0.0,0.0,0.0,0.5,0.1,0.1,0.0,1.0,0.125
feature,microsoft__vscode-114208,microsoft/vscode,TypeScript,dense_minilm,11,True,2,1,1,10,0.0,0.0,0.0,0.0,0.0,0.0,0.0,0.0,0.0,0.0,0.0,0.0,0.0,0.0,0.0,0.0,0.0,0.0,0.0,0.0,0.0
feature,microsoft__vscode-114208,microsoft/vscode,TypeScript,hybrid_rrf,11,True,2,1,1,10,0.0,0.0,0.0,0.0,0.0,0.5,0.3333333333333333,0.3333333333333333,0.0,1.0,0.5,0.2,0.2,0.0,1.0,0.5,0.1,0.1,0.0,1.0,0.5
feature,microsoft__vscode-114208,microsoft/vscode,TypeScript,minilm256_pool100,11,True,2,1,1,10,0.0,0.0,0.0,0.0,0.0,0.0,0.0,0.0,0.0,0.0,0.0,0.0,0.0,0.0,0.0,0.0,0.0,0.0,0.0,0.0,0.0
feature,microsoft__vscode-114208,microsoft/vscode,TypeScript,coderank256_pool100,11,True,2,1,1,10,0.0,0.0,0.0,0.0,0.0,0.0,0.0,0.0,0.0,0.0,0.5,0.2,0.2,0.0,1.0,0.5,0.1,0.1,0.0,1.0,0.25
feature,microsoft__vscode-114208,microsoft/vscode,TypeScript,coderank2048_pool100,11,True,2,1,1,10,0.0,0.0,0.0,0.0,0.0,0.0,0.0,0.0,0.0,0.0,0.0,0.0,0.0,0.0,0.0,0.5,0.1,0.1,0.0,1.0,0.1111111111111111
feature,microsoft__vscode-114208,microsoft/vscode,TypeScript,qwen3-coder:30b/paths,11,True,2,1,1,10,0.5,1.0,1.0,0.0,1.0,0.5,0.3333333333333333,0.3333333333333333,0.0,1.0,0.5,0.2,0.2,0.0,1.0,0.5,0.1,0.1,0.0,1.0,1.0
feature,microsoft__vscode-114208,microsoft/vscode,TypeScript,qwen3-coder:30b/content,11,True,2,1,1,10,0.5,1.0,1.0,0.0,1.0,0.5,0.3333333333333333,0.3333333333333333,0.0,1.0,0.5,0.2,0.2,0.0,1.0,0.5,0.1,0.1,0.0,1.0,1.0
feature,microsoft__vscode-114208,microsoft/vscode,TypeScript,devstral-small-2:24b/paths,11,True,2,1,1,4,0.5,1.0,1.0,0.0,1.0,0.5,0.3333333333333333,0.3333333333333333,0.0,1.0,0.5,0.2,0.25,0.0,1.0,0.5,0.1,0.25,0.0,1.0,1.0
feature,microsoft__vscode-114208,microsoft/vscode,TypeScript,devstral-small-2:24b/content,11,True,2,1,1,10,0.5,1.0,1.0,0.0,1.0,0.5,0.3333333333333333,0.3333333333333333,0.0,1.0,0.5,0.2,0.2,0.0,1.0,0.5,0.1,0.1,0.0,1.0,1.0
feature,microsoft__vscode-114208,microsoft/vscode,TypeScript,navigation/restricted40,11,True,2,1,1,10,0.5,1.0,1.0,0.0,1.0,0.5,0.3333333333333333,0.3333333333333333,0.0,1.0,0.5,0.2,0.2,0.0,1.0,0.5,0.1,0.1,0.0,1.0,1.0
feature,microsoft__vscode-114208,microsoft/vscode,TypeScript,navigation/repository,11,False,2,1,1,0,0.0,0.0,0.0,0.0,0.0,0.0,0.0,0.0,0.0,0.0,0.0,0.0,0.0,0.0,0.0,0.0,0.0,0.0,0.0,0.0,0.0
feature,microsoft__vscode-127257,microsoft/vscode,TypeScript,path_bm25,11,True,3,2,1,10,0.0,0.0,0.0,0.0,0.0,0.0,0.0,0.0,0.0,0.0,0.0,0.0,0.0,0.0,0.0,0.0,0.0,0.0,0.0,0.0,0.0
feature,microsoft__vscode-127257,microsoft/vscode,TypeScript,content_bm25,11,True,3,2,1,10,0.0,0.0,0.0,0.0,0.0,0.0,0.0,0.0,0.0,0.0,0.0,0.0,0.0,0.0,0.0,0.3333333333333333,0.1,0.1,0.5,0.0,0.16666666666666666
feature,microsoft__vscode-127257,microsoft/vscode,TypeScript,dense_minilm,11,True,3,2,1,10,0.0,0.0,0.0,0.0,0.0,0.0,0.0,0.0,0.0,0.0,0.0,0.0,0.0,0.0,0.0,0.0,0.0,0.0,0.0,0.0,0.0
feature,microsoft__vscode-127257,microsoft/vscode,TypeScript,hybrid_rrf,11,True,3,2,1,10,0.0,0.0,0.0,0.0,0.0,0.0,0.0,0.0,0.0,0.0,0.3333333333333333,0.2,0.2,0.5,0.0,0.3333333333333333,0.1,0.1,0.5,0.0,0.25
feature,microsoft__vscode-127257,microsoft/vscode,TypeScript,minilm256_pool100,11,True,3,2,1,10,0.0,0.0,0.0,0.0,0.0,0.0,0.0,0.0,0.0,0.0,0.0,0.0,0.0,0.0,0.0,0.0,0.0,0.0,0.0,0.0,0.0
feature,microsoft__vscode-127257,microsoft/vscode,TypeScript,coderank256_pool100,11,True,3,2,1,10,0.0,0.0,0.0,0.0,0.0,0.3333333333333333,0.3333333333333333,0.3333333333333333,0.5,0.0,0.3333333333333333,0.2,0.2,0.5,0.0,0.6666666666666666,0.2,0.2,1.0,0.0,0.3333333333333333
feature,microsoft__vscode-127257,microsoft/vscode,TypeScript,coderank2048_pool100,11,True,3,2,1,10,0.0,0.0,0.0,0.0,0.0,0.3333333333333333,0.3333333333333333,0.3333333333333333,0.5,0.0,0.3333333333333333,0.2,0.2,0.5,0.0,0.3333333333333333,0.1,0.1,0.5,0.0,0.3333333333333333
feature,microsoft__vscode-127257,microsoft/vscode,TypeScript,qwen3-coder:30b/paths,11,True,3,2,1,10,0.3333333333333333,1.0,1.0,0.5,0.0,0.6666666666666666,0.6666666666666666,0.6666666666666666,0.5,1.0,1.0,0.6,0.6,1.0,1.0,1.0,0.3,0.3,1.0,1.0,1.0
feature,microsoft__vscode-127257,microsoft/vscode,TypeScript,qwen3-coder:30b/content,11,True,3,2,1,6,0.3333333333333333,1.0,1.0,0.5,0.0,0.6666666666666666,0.6666666666666666,0.6666666666666666,0.5,1.0,1.0,0.6,0.6,1.0,1.0,1.0,0.3,0.5,1.0,1.0,1.0
feature,microsoft__vscode-127257,microsoft/vscode,TypeScript,devstral-small-2:24b/paths,11,True,3,2,1,10,0.0,0.0,0.0,0.0,0.0,0.6666666666666666,0.6666666666666666,0.6666666666666666,0.5,1.0,0.6666666666666666,0.4,0.4,0.5,1.0,1.0,0.3,0.3,1.0,1.0,0.5
feature,microsoft__vscode-127257,microsoft/vscode,TypeScript,devstral-small-2:24b/content,11,True,3,2,1,5,0.0,0.0,0.0,0.0,0.0,0.6666666666666666,0.6666666666666666,0.6666666666666666,0.5,1.0,1.0,0.6,0.6,1.0,1.0,1.0,0.3,0.6,1.0,1.0,0.5
feature,microsoft__vscode-127257,microsoft/vscode,TypeScript,navigation/restricted40,11,True,3,2,1,3,0.3333333333333333,1.0,1.0,0.5,0.0,0.6666666666666666,0.6666666666666666,0.6666666666666666,0.5,1.0,0.6666666666666666,0.4,0.6666666666666666,0.5,1.0,0.6666666666666666,0.2,0.6666666666666666,0.5,1.0,1.0
feature,microsoft__vscode-127257,microsoft/vscode,TypeScript,navigation/restricted40,29,True,3,2,1,3,0.3333333333333333,1.0,1.0,0.5,0.0,0.6666666666666666,0.6666666666666666,0.6666666666666666,0.5,1.0,0.6666666666666666,0.4,0.6666666666666666,0.5,1.0,0.6666666666666666,0.2,0.6666666666666666,0.5,1.0,1.0
feature,microsoft__vscode-127257,microsoft/vscode,TypeScript,navigation/restricted40,47,True,3,2,1,3,0.3333333333333333,1.0,1.0,0.5,0.0,0.6666666666666666,0.6666666666666666,0.6666666666666666,0.5,1.0,0.6666666666666666,0.4,0.6666666666666666,0.5,1.0,0.6666666666666666,0.2,0.6666666666666666,0.5,1.0,1.0
feature,microsoft__vscode-127257,microsoft/vscode,TypeScript,navigation/repository,11,True,3,2,1,3,0.3333333333333333,1.0,1.0,0.5,0.0,0.6666666666666666,0.6666666666666666,0.6666666666666666,0.5,1.0,0.6666666666666666,0.4,0.6666666666666666,0.5,1.0,0.6666666666666666,0.2,0.6666666666666666,0.5,1.0,1.0
feature,microsoft__vscode-127257,microsoft/vscode,TypeScript,navigation/repository,29,True,3,2,1,3,0.3333333333333333,1.0,1.0,0.5,0.0,0.6666666666666666,0.6666666666666666,0.6666666666666666,0.5,1.0,0.6666666666666666,0.4,0.6666666666666666,0.5,1.0,0.6666666666666666,0.2,0.6666666666666666,0.5,1.0,1.0
feature,microsoft__vscode-127257,microsoft/vscode,TypeScript,navigation/repository,47,True,3,2,1,3,0.3333333333333333,1.0,1.0,0.5,0.0,0.6666666666666666,0.6666666666666666,0.6666666666666666,0.5,1.0,0.6666666666666666,0.4,0.6666666666666666,0.5,1.0,0.6666666666666666,0.2,0.6666666666666666,0.5,1.0,1.0
feature,microsoft__vscode-128931,microsoft/vscode,TypeScript,path_bm25,11,True,3,2,1,10,0.0,0.0,0.0,0.0,0.0,0.3333333333333333,0.3333333333333333,0.3333333333333333,0.5,0.0,0.3333333333333333,0.2,0.2,0.5,0.0,0.6666666666666666,0.2,0.2,0.5,1.0,0.3333333333333333
feature,microsoft__vscode-128931,microsoft/vscode,TypeScript,content_bm25,11,True,3,2,1,10,0.0,0.0,0.0,0.0,0.0,0.0,0.0,0.0,0.0,0.0,0.0,0.0,0.0,0.0,0.0,0.0,0.0,0.0,0.0,0.0,0.0
feature,microsoft__vscode-128931,microsoft/vscode,TypeScript,dense_minilm,11,True,3,2,1,10,0.0,0.0,0.0,0.0,0.0,0.0,0.0,0.0,0.0,0.0,0.0,0.0,0.0,0.0,0.0,0.0,0.0,0.0,0.0,0.0,0.0
feature,microsoft__vscode-128931,microsoft/vscode,TypeScript,hybrid_rrf,11,True,3,2,1,10,0.0,0.0,0.0,0.0,0.0,0.0,0.0,0.0,0.0,0.0,0.0,0.0,0.0,0.0,0.0,0.0,0.0,0.0,0.0,0.0,0.0
feature,microsoft__vscode-128931,microsoft/vscode,TypeScript,minilm256_pool100,11,True,3,2,1,10,0.0,0.0,0.0,0.0,0.0,0.0,0.0,0.0,0.0,0.0,0.0,0.0,0.0,0.0,0.0,0.0,0.0,0.0,0.0,0.0,0.0
feature,microsoft__vscode-128931,microsoft/vscode,TypeScript,coderank256_pool100,11,True,3,2,1,10,0.0,0.0,0.0,0.0,0.0,0.3333333333333333,0.3333333333333333,0.3333333333333333,0.5,0.0,0.3333333333333333,0.2,0.2,0.5,0.0,0.3333333333333333,0.1,0.1,0.5,0.0,0.5
feature,microsoft__vscode-128931,microsoft/vscode,TypeScript,coderank2048_pool100,11,True,3,2,1,10,0.0,0.0,0.0,0.0,0.0,0.0,0.0,0.0,0.0,0.0,0.0,0.0,0.0,0.0,0.0,0.3333333333333333,0.1,0.1,0.5,0.0,0.16666666666666666
feature,microsoft__vscode-128931,microsoft/vscode,TypeScript,qwen3-coder:30b/paths,11,True,3,2,1,6,0.0,0.0,0.0,0.0,0.0,0.0,0.0,0.0,0.0,0.0,0.0,0.0,0.0,0.0,0.0,0.0,0.0,0.0,0.0,0.0,0.0
feature,microsoft__vscode-128931,microsoft/vscode,TypeScript,qwen3-coder:30b/content,11,True,3,2,1,10,0.0,0.0,0.0,0.0,0.0,0.0,0.0,0.0,0.0,0.0,0.0,0.0,0.0,0.0,0.0,0.0,0.0,0.0,0.0,0.0,0.0
feature,microsoft__vscode-128931,microsoft/vscode,TypeScript,devstral-small-2:24b/paths,11,True,3,2,1,10,0.0,0.0,0.0,0.0,0.0,0.0,0.0,0.0,0.0,0.0,0.0,0.0,0.0,0.0,0.0,0.0,0.0,0.0,0.0,0.0,0.0
feature,microsoft__vscode-128931,microsoft/vscode,TypeScript,devstral-small-2:24b/content,11,True,3,2,1,4,0.0,0.0,0.0,0.0,0.0,0.0,0.0,0.0,0.0,0.0,0.0,0.0,0.0,0.0,0.0,0.0,0.0,0.0,0.0,0.0,0.0
feature,microsoft__vscode-128931,microsoft/vscode,TypeScript,navigation/restricted40,11,True,3,2,1,10,0.0,0.0,0.0,0.0,0.0,0.0,0.0,0.0,0.0,0.0,0.0,0.0,0.0,0.0,0.0,0.0,0.0,0.0,0.0,0.0,0.0
feature,microsoft__vscode-128931,microsoft/vscode,TypeScript,navigation/repository,11,True,3,2,1,10,0.3333333333333333,1.0,1.0,0.5,0.0,0.3333333333333333,0.3333333333333333,0.3333333333333333,0.5,0.0,0.3333333333333333,0.2,0.2,0.5,0.0,0.3333333333333333,0.1,0.1,0.5,0.0,1.0
feature,microsoft__vscode-146962,microsoft/vscode,TypeScript,path_bm25,11,True,11,8,3,10,0.0,0.0,0.0,0.0,0.0,0.0,0.0,0.0,0.0,0.0,0.0,0.0,0.0,0.0,0.0,0.0,0.0,0.0,0.0,0.0,0.0
feature,microsoft__vscode-146962,microsoft/vscode,TypeScript,content_bm25,11,True,11,8,3,10,0.0,0.0,0.0,0.0,0.0,0.0,0.0,0.0,0.0,0.0,0.0,0.0,0.0,0.0,0.0,0.0,0.0,0.0,0.0,0.0,0.0
feature,microsoft__vscode-146962,microsoft/vscode,TypeScript,dense_minilm,11,True,11,8,3,10,0.0,0.0,0.0,0.0,0.0,0.0,0.0,0.0,0.0,0.0,0.0,0.0,0.0,0.0,0.0,0.0,0.0,0.0,0.0,0.0,0.0
feature,microsoft__vscode-146962,microsoft/vscode,TypeScript,hybrid_rrf,11,True,11,8,3,10,0.0,0.0,0.0,0.0,0.0,0.0,0.0,0.0,0.0,0.0,0.0,0.0,0.0,0.0,0.0,0.0,0.0,0.0,0.0,0.0,0.0
feature,microsoft__vscode-146962,microsoft/vscode,TypeScript,minilm256_pool100,11,True,11,8,3,10,0.0,0.0,0.0,0.0,0.0,0.0,0.0,0.0,0.0,0.0,0.0,0.0,0.0,0.0,0.0,0.0,0.0,0.0,0.0,0.0,0.0
feature,microsoft__vscode-146962,microsoft/vscode,TypeScript,coderank256_pool100,11,True,11,8,3,10,0.09090909090909091,1.0,1.0,0.0,0.3333333333333333,0.18181818181818182,0.6666666666666666,0.6666666666666666,0.125,0.3333333333333333,0.18181818181818182,0.4,0.4,0.125,0.3333333333333333,0.18181818181818182,0.2,0.2,0.125,0.3333333333333333,1.0
feature,microsoft__vscode-146962,microsoft/vscode,TypeScript,coderank2048_pool100,11,True,11,8,3,10,0.0,0.0,0.0,0.0,0.0,0.09090909090909091,0.3333333333333333,0.3333333333333333,0.125,0.0,0.09090909090909091,0.2,0.2,0.125,0.0,0.18181818181818182,0.2,0.2,0.125,0.3333333333333333,0.5
feature,microsoft__vscode-146962,microsoft/vscode,TypeScript,qwen3-coder:30b/paths,11,True,11,8,3,10,0.0,0.0,0.0,0.0,0.0,0.0,0.0,0.0,0.0,0.0,0.0,0.0,0.0,0.0,0.0,0.0,0.0,0.0,0.0,0.0,0.0
feature,microsoft__vscode-146962,microsoft/vscode,TypeScript,qwen3-coder:30b/content,11,True,11,8,3,10,0.0,0.0,0.0,0.0,0.0,0.0,0.0,0.0,0.0,0.0,0.0,0.0,0.0,0.0,0.0,0.0,0.0,0.0,0.0,0.0,0.0
feature,microsoft__vscode-146962,microsoft/vscode,TypeScript,devstral-small-2:24b/paths,11,True,11,8,3,10,0.0,0.0,0.0,0.0,0.0,0.0,0.0,0.0,0.0,0.0,0.0,0.0,0.0,0.0,0.0,0.0,0.0,0.0,0.0,0.0,0.0
feature,microsoft__vscode-146962,microsoft/vscode,TypeScript,devstral-small-2:24b/content,11,True,11,8,3,10,0.0,0.0,0.0,0.0,0.0,0.0,0.0,0.0,0.0,0.0,0.0,0.0,0.0,0.0,0.0,0.0,0.0,0.0,0.0,0.0,0.0
feature,microsoft__vscode-146962,microsoft/vscode,TypeScript,navigation/restricted40,11,True,11,8,3,7,0.0,0.0,0.0,0.0,0.0,0.0,0.0,0.0,0.0,0.0,0.0,0.0,0.0,0.0,0.0,0.0,0.0,0.0,0.0,0.0,0.0
feature,microsoft__vscode-146962,microsoft/vscode,TypeScript,navigation/repository,11,True,11,8,3,10,0.0,0.0,0.0,0.0,0.0,0.09090909090909091,0.3333333333333333,0.3333333333333333,0.125,0.0,0.09090909090909091,0.2,0.2,0.125,0.0,0.36363636363636365,0.4,0.4,0.5,0.0,0.5
feature,microsoft__vscode-152802,microsoft/vscode,TypeScript,path_bm25,11,True,5,4,1,10,0.2,1.0,1.0,0.25,0.0,0.4,0.6666666666666666,0.6666666666666666,0.5,0.0,0.6,0.6,0.6,0.75,0.0,0.6,0.3,0.3,0.75,0.0,1.0
feature,microsoft__vscode-152802,microsoft/vscode,TypeScript,content_bm25,11,True,5,4,1,10,0.0,0.0,0.0,0.0,0.0,0.2,0.3333333333333333,0.3333333333333333,0.25,0.0,0.4,0.4,0.4,0.25,1.0,0.4,0.2,0.2,0.25,1.0,0.3333333333333333
feature,microsoft__vscode-152802,microsoft/vscode,TypeScript,dense_minilm,11,True,5,4,1,10,0.0,0.0,0.0,0.0,0.0,0.0,0.0,0.0,0.0,0.0,0.0,0.0,0.0,0.0,0.0,0.0,0.0,0.0,0.0,0.0,0.0
feature,microsoft__vscode-152802,microsoft/vscode,TypeScript,hybrid_rrf,11,True,5,4,1,10,0.2,1.0,1.0,0.25,0.0,0.2,0.3333333333333333,0.3333333333333333,0.25,0.0,0.2,0.2,0.2,0.25,0.0,0.4,0.2,0.2,0.5,0.0,1.0
feature,microsoft__vscode-152802,microsoft/vscode,TypeScript,minilm256_pool100,11,True,5,4,1,10,0.0,0.0,0.0,0.0,0.0,0.0,0.0,0.0,0.0,0.0,0.0,0.0,0.0,0.0,0.0,0.0,0.0,0.0,0.0,0.0,0.0
feature,microsoft__vscode-152802,microsoft/vscode,TypeScript,coderank256_pool100,11,True,5,4,1,10,0.2,1.0,1.0,0.25,0.0,0.4,0.6666666666666666,0.6666666666666666,0.5,0.0,0.4,0.4,0.4,0.5,0.0,0.4,0.2,0.2,0.5,0.0,1.0
feature,microsoft__vscode-152802,microsoft/vscode,TypeScript,coderank2048_pool100,11,True,5,4,1,10,0.2,1.0,1.0,0.25,0.0,0.2,0.3333333333333333,0.3333333333333333,0.25,0.0,0.2,0.2,0.2,0.25,0.0,0.2,0.1,0.1,0.25,0.0,1.0
feature,microsoft__vscode-152802,microsoft/vscode,TypeScript,qwen3-coder:30b/paths,11,True,5,4,1,10,0.2,1.0,1.0,0.25,0.0,0.4,0.6666666666666666,0.6666666666666666,0.5,0.0,0.4,0.4,0.4,0.5,0.0,0.6,0.3,0.3,0.5,1.0,1.0
feature,microsoft__vscode-152802,microsoft/vscode,TypeScript,qwen3-coder:30b/content,11,True,5,4,1,10,0.2,1.0,1.0,0.25,0.0,0.4,0.6666666666666666,0.6666666666666666,0.5,0.0,0.6,0.6,0.6,0.5,1.0,0.6,0.3,0.3,0.5,1.0,1.0
feature,microsoft__vscode-152802,microsoft/vscode,TypeScript,devstral-small-2:24b/paths,11,True,5,4,1,10,0.2,1.0,1.0,0.25,0.0,0.4,0.6666666666666666,0.6666666666666666,0.5,0.0,0.4,0.4,0.4,0.5,0.0,0.6,0.3,0.3,0.5,1.0,1.0
feature,microsoft__vscode-152802,microsoft/vscode,TypeScript,devstral-small-2:24b/content,11,True,5,4,1,10,0.2,1.0,1.0,0.25,0.0,0.6,1.0,1.0,0.5,1.0,0.6,0.6,0.6,0.5,1.0,0.6,0.3,0.3,0.5,1.0,1.0
feature,microsoft__vscode-152802,microsoft/vscode,TypeScript,navigation/restricted40,11,True,5,4,1,10,0.2,1.0,1.0,0.25,0.0,0.4,0.6666666666666666,0.6666666666666666,0.5,0.0,0.4,0.4,0.4,0.5,0.0,0.6,0.3,0.3,0.5,1.0,1.0
feature,microsoft__vscode-152802,microsoft/vscode,TypeScript,navigation/repository,11,True,5,4,1,10,0.2,1.0,1.0,0.25,0.0,0.6,1.0,1.0,0.75,0.0,0.8,0.8,0.8,0.75,1.0,0.8,0.4,0.4,0.75,1.0,1.0
feature,microsoft__vscode-155261,microsoft/vscode,TypeScript,path_bm25,11,True,3,2,1,10,0.0,0.0,0.0,0.0,0.0,0.0,0.0,0.0,0.0,0.0,0.0,0.0,0.0,0.0,0.0,0.0,0.0,0.0,0.0,0.0,0.0
feature,microsoft__vscode-155261,microsoft/vscode,TypeScript,content_bm25,11,True,3,2,1,10,0.0,0.0,0.0,0.0,0.0,0.0,0.0,0.0,0.0,0.0,0.0,0.0,0.0,0.0,0.0,0.0,0.0,0.0,0.0,0.0,0.0
feature,microsoft__vscode-155261,microsoft/vscode,TypeScript,dense_minilm,11,True,3,2,1,10,0.0,0.0,0.0,0.0,0.0,0.0,0.0,0.0,0.0,0.0,0.0,0.0,0.0,0.0,0.0,0.0,0.0,0.0,0.0,0.0,0.0
feature,microsoft__vscode-155261,microsoft/vscode,TypeScript,hybrid_rrf,11,True,3,2,1,10,0.0,0.0,0.0,0.0,0.0,0.0,0.0,0.0,0.0,0.0,0.0,0.0,0.0,0.0,0.0,0.0,0.0,0.0,0.0,0.0,0.0
feature,microsoft__vscode-155261,microsoft/vscode,TypeScript,minilm256_pool100,11,True,3,2,1,10,0.0,0.0,0.0,0.0,0.0,0.0,0.0,0.0,0.0,0.0,0.0,0.0,0.0,0.0,0.0,0.0,0.0,0.0,0.0,0.0,0.0
feature,microsoft__vscode-155261,microsoft/vscode,TypeScript,coderank256_pool100,11,True,3,2,1,10,0.0,0.0,0.0,0.0,0.0,0.3333333333333333,0.3333333333333333,0.3333333333333333,0.5,0.0,0.3333333333333333,0.2,0.2,0.5,0.0,0.6666666666666666,0.2,0.2,0.5,1.0,0.5
feature,microsoft__vscode-155261,microsoft/vscode,TypeScript,coderank2048_pool100,11,True,3,2,1,10,0.0,0.0,0.0,0.0,0.0,0.0,0.0,0.0,0.0,0.0,0.0,0.0,0.0,0.0,0.0,0.3333333333333333,0.1,0.1,0.5,0.0,0.16666666666666666
feature,microsoft__vscode-155261,microsoft/vscode,TypeScript,qwen3-coder:30b/paths,11,True,3,2,1,10,0.3333333333333333,1.0,1.0,0.5,0.0,0.3333333333333333,0.3333333333333333,0.3333333333333333,0.5,0.0,0.3333333333333333,0.2,0.2,0.5,0.0,0.3333333333333333,0.1,0.1,0.5,0.0,1.0
feature,microsoft__vscode-155261,microsoft/vscode,TypeScript,qwen3-coder:30b/content,11,True,3,2,1,10,0.3333333333333333,1.0,1.0,0.5,0.0,0.3333333333333333,0.3333333333333333,0.3333333333333333,0.5,0.0,0.3333333333333333,0.2,0.2,0.5,0.0,0.3333333333333333,0.1,0.1,0.5,0.0,1.0
feature,microsoft__vscode-155261,microsoft/vscode,TypeScript,devstral-small-2:24b/paths,11,True,3,2,1,10,0.0,0.0,0.0,0.0,0.0,0.3333333333333333,0.3333333333333333,0.3333333333333333,0.5,0.0,0.3333333333333333,0.2,0.2,0.5,0.0,0.3333333333333333,0.1,0.1,0.5,0.0,0.5
feature,microsoft__vscode-155261,microsoft/vscode,TypeScript,devstral-small-2:24b/content,11,True,3,2,1,3,0.3333333333333333,1.0,1.0,0.5,0.0,0.3333333333333333,0.3333333333333333,0.3333333333333333,0.5,0.0,0.3333333333333333,0.2,0.3333333333333333,0.5,0.0,0.3333333333333333,0.1,0.3333333333333333,0.5,0.0,1.0
feature,microsoft__vscode-155261,microsoft/vscode,TypeScript,navigation/restricted40,11,False,3,2,1,0,0.0,0.0,0.0,0.0,0.0,0.0,0.0,0.0,0.0,0.0,0.0,0.0,0.0,0.0,0.0,0.0,0.0,0.0,0.0,0.0,0.0
feature,microsoft__vscode-155261,microsoft/vscode,TypeScript,navigation/repository,11,True,3,2,1,10,0.3333333333333333,1.0,1.0,0.5,0.0,0.6666666666666666,0.6666666666666666,0.6666666666666666,0.5,1.0,0.6666666666666666,0.4,0.4,0.5,1.0,1.0,0.3,0.3,1.0,1.0,1.0
feature,microsoft__vscode-156733,microsoft/vscode,TypeScript,path_bm25,11,True,7,6,1,10,0.0,0.0,0.0,0.0,0.0,0.0,0.0,0.0,0.0,0.0,0.0,0.0,0.0,0.0,0.0,0.0,0.0,0.0,0.0,0.0,0.0
feature,microsoft__vscode-156733,microsoft/vscode,TypeScript,content_bm25,11,True,7,6,1,10,0.14285714285714285,1.0,1.0,0.16666666666666666,0.0,0.14285714285714285,0.3333333333333333,0.3333333333333333,0.16666666666666666,0.0,0.14285714285714285,0.2,0.2,0.16666666666666666,0.0,0.14285714285714285,0.1,0.1,0.16666666666666666,0.0,1.0
feature,microsoft__vscode-156733,microsoft/vscode,TypeScript,dense_minilm,11,True,7,6,1,10,0.0,0.0,0.0,0.0,0.0,0.0,0.0,0.0,0.0,0.0,0.0,0.0,0.0,0.0,0.0,0.0,0.0,0.0,0.0,0.0,0.0
feature,microsoft__vscode-156733,microsoft/vscode,TypeScript,hybrid_rrf,11,True,7,6,1,10,0.0,0.0,0.0,0.0,0.0,0.14285714285714285,0.3333333333333333,0.3333333333333333,0.16666666666666666,0.0,0.14285714285714285,0.2,0.2,0.16666666666666666,0.0,0.14285714285714285,0.1,0.1,0.16666666666666666,0.0,0.3333333333333333
feature,microsoft__vscode-156733,microsoft/vscode,TypeScript,minilm256_pool100,11,True,7,6,1,10,0.0,0.0,0.0,0.0,0.0,0.0,0.0,0.0,0.0,0.0,0.0,0.0,0.0,0.0,0.0,0.0,0.0,0.0,0.0,0.0,0.0
feature,microsoft__vscode-156733,microsoft/vscode,TypeScript,coderank256_pool100,11,True,7,6,1,10,0.0,0.0,0.0,0.0,0.0,0.0,0.0,0.0,0.0,0.0,0.0,0.0,0.0,0.0,0.0,0.0,0.0,0.0,0.0,0.0,0.0
feature,microsoft__vscode-156733,microsoft/vscode,TypeScript,coderank2048_pool100,11,True,7,6,1,10,0.0,0.0,0.0,0.0,0.0,0.0,0.0,0.0,0.0,0.0,0.0,0.0,0.0,0.0,0.0,0.0,0.0,0.0,0.0,0.0,0.0
feature,microsoft__vscode-156733,microsoft/vscode,TypeScript,qwen3-coder:30b/paths,11,True,7,6,1,10,0.14285714285714285,1.0,1.0,0.16666666666666666,0.0,0.14285714285714285,0.3333333333333333,0.3333333333333333,0.16666666666666666,0.0,0.14285714285714285,0.2,0.2,0.16666666666666666,0.0,0.14285714285714285,0.1,0.1,0.16666666666666666,0.0,1.0
feature,microsoft__vscode-156733,microsoft/vscode,TypeScript,qwen3-coder:30b/content,11,True,7,6,1,10,0.0,0.0,0.0,0.0,0.0,0.0,0.0,0.0,0.0,0.0,0.0,0.0,0.0,0.0,0.0,0.0,0.0,0.0,0.0,0.0,0.0
feature,microsoft__vscode-156733,microsoft/vscode,TypeScript,devstral-small-2:24b/paths,11,True,7,6,1,10,0.0,0.0,0.0,0.0,0.0,0.0,0.0,0.0,0.0,0.0,0.0,0.0,0.0,0.0,0.0,0.0,0.0,0.0,0.0,0.0,0.0
feature,microsoft__vscode-156733,microsoft/vscode,TypeScript,devstral-small-2:24b/content,11,True,7,6,1,10,0.14285714285714285,1.0,1.0,0.16666666666666666,0.0,0.14285714285714285,0.3333333333333333,0.3333333333333333,0.16666666666666666,0.0,0.14285714285714285,0.2,0.2,0.16666666666666666,0.0,0.14285714285714285,0.1,0.1,0.16666666666666666,0.0,1.0
feature,microsoft__vscode-156733,microsoft/vscode,TypeScript,navigation/restricted40,11,True,7,6,1,10,0.0,0.0,0.0,0.0,0.0,0.14285714285714285,0.3333333333333333,0.3333333333333333,0.16666666666666666,0.0,0.14285714285714285,0.2,0.2,0.16666666666666666,0.0,0.14285714285714285,0.1,0.1,0.16666666666666666,0.0,0.5
feature,microsoft__vscode-156733,microsoft/vscode,TypeScript,navigation/repository,11,True,7,6,1,0,0.0,0.0,0.0,0.0,0.0,0.0,0.0,0.0,0.0,0.0,0.0,0.0,0.0,0.0,0.0,0.0,0.0,0.0,0.0,0.0,0.0
feature,microsoft__vscode-165197,microsoft/vscode,TypeScript,path_bm25,11,True,5,4,1,10,0.2,1.0,1.0,0.25,0.0,0.6,1.0,1.0,0.5,1.0,0.6,0.6,0.6,0.5,1.0,0.6,0.3,0.3,0.5,1.0,1.0
feature,microsoft__vscode-165197,microsoft/vscode,TypeScript,content_bm25,11,True,5,4,1,10,0.2,1.0,1.0,0.25,0.0,0.6,1.0,1.0,0.75,0.0,0.8,0.8,0.8,0.75,1.0,0.8,0.4,0.4,0.75,1.0,1.0
feature,microsoft__vscode-165197,microsoft/vscode,TypeScript,dense_minilm,11,True,5,4,1,10,0.0,0.0,0.0,0.0,0.0,0.0,0.0,0.0,0.0,0.0,0.0,0.0,0.0,0.0,0.0,0.2,0.1,0.1,0.25,0.0,0.16666666666666666
feature,microsoft__vscode-165197,microsoft/vscode,TypeScript,hybrid_rrf,11,True,5,4,1,10,0.2,1.0,1.0,0.25,0.0,0.2,0.3333333333333333,0.3333333333333333,0.25,0.0,0.2,0.2,0.2,0.25,0.0,0.6,0.3,0.3,0.75,0.0,1.0
feature,microsoft__vscode-165197,microsoft/vscode,TypeScript,minilm256_pool100,11,True,5,4,1,10,0.0,0.0,0.0,0.0,0.0,0.0,0.0,0.0,0.0,0.0,0.0,0.0,0.0,0.0,0.0,0.2,0.1,0.1,0.25,0.0,0.16666666666666666
feature,microsoft__vscode-165197,microsoft/vscode,TypeScript,coderank256_pool100,11,True,5,4,1,10,0.2,1.0,1.0,0.25,0.0,0.6,1.0,1.0,0.5,1.0,0.6,0.6,0.6,0.5,1.0,0.6,0.3,0.3,0.5,1.0,1.0
feature,microsoft__vscode-165197,microsoft/vscode,TypeScript,coderank2048_pool100,11,True,5,4,1,10,0.0,0.0,0.0,0.0,0.0,0.0,0.0,0.0,0.0,0.0,0.0,0.0,0.0,0.0,0.0,0.0,0.0,0.0,0.0,0.0,0.0
feature,microsoft__vscode-165197,microsoft/vscode,TypeScript,qwen3-coder:30b/paths,11,True,5,4,1,10,0.2,1.0,1.0,0.25,0.0,0.4,0.6666666666666666,0.6666666666666666,0.5,0.0,0.8,0.8,0.8,0.75,1.0,0.8,0.4,0.4,0.75,1.0,1.0
feature,microsoft__vscode-165197,microsoft/vscode,TypeScript,qwen3-coder:30b/content,11,True,5,4,1,10,0.2,1.0,1.0,0.25,0.0,0.4,0.6666666666666666,0.6666666666666666,0.25,1.0,0.8,0.8,0.8,0.75,1.0,0.8,0.4,0.4,0.75,1.0,1.0
feature,microsoft__vscode-165197,microsoft/vscode,TypeScript,devstral-small-2:24b/paths,11,True,5,4,1,10,0.2,1.0,1.0,0.25,0.0,0.6,1.0,1.0,0.5,1.0,0.8,0.8,0.8,0.75,1.0,0.8,0.4,0.4,0.75,1.0,1.0
feature,microsoft__vscode-165197,microsoft/vscode,TypeScript,devstral-small-2:24b/content,11,True,5,4,1,10,0.2,1.0,1.0,0.25,0.0,0.4,0.6666666666666666,0.6666666666666666,0.5,0.0,0.6,0.6,0.6,0.5,1.0,0.8,0.4,0.4,0.75,1.0,1.0
feature,microsoft__vscode-165197,microsoft/vscode,TypeScript,navigation/restricted40,11,True,5,4,1,10,0.2,1.0,1.0,0.25,0.0,0.6,1.0,1.0,0.75,0.0,0.6,0.6,0.6,0.75,0.0,0.8,0.4,0.4,0.75,1.0,1.0
feature,microsoft__vscode-165197,microsoft/vscode,TypeScript,navigation/restricted40,29,True,5,4,1,10,0.2,1.0,1.0,0.25,0.0,0.6,1.0,1.0,0.75,0.0,0.6,0.6,0.6,0.75,0.0,0.8,0.4,0.4,0.75,1.0,1.0
feature,microsoft__vscode-165197,microsoft/vscode,TypeScript,navigation/restricted40,47,True,5,4,1,10,0.2,1.0,1.0,0.25,0.0,0.6,1.0,1.0,0.75,0.0,0.6,0.6,0.6,0.75,0.0,0.8,0.4,0.4,0.75,1.0,1.0
feature,microsoft__vscode-165197,microsoft/vscode,TypeScript,navigation/repository,11,True,5,4,1,10,0.2,1.0,1.0,0.25,0.0,0.6,1.0,1.0,0.75,0.0,0.8,0.8,0.8,0.75,1.0,0.8,0.4,0.4,0.75,1.0,1.0
feature,microsoft__vscode-165197,microsoft/vscode,TypeScript,navigation/repository,29,True,5,4,1,10,0.2,1.0,1.0,0.25,0.0,0.6,1.0,1.0,0.75,0.0,0.8,0.8,0.8,0.75,1.0,0.8,0.4,0.4,0.75,1.0,1.0
feature,microsoft__vscode-165197,microsoft/vscode,TypeScript,navigation/repository,47,True,5,4,1,10,0.2,1.0,1.0,0.25,0.0,0.6,1.0,1.0,0.75,0.0,0.8,0.8,0.8,0.75,1.0,0.8,0.4,0.4,0.75,1.0,1.0
feature,microsoft__vscode-168788,microsoft/vscode,TypeScript,path_bm25,11,True,4,3,1,10,0.0,0.0,0.0,0.0,0.0,0.0,0.0,0.0,0.0,0.0,0.0,0.0,0.0,0.0,0.0,0.0,0.0,0.0,0.0,0.0,0.0
feature,microsoft__vscode-168788,microsoft/vscode,TypeScript,content_bm25,11,True,4,3,1,10,0.0,0.0,0.0,0.0,0.0,0.0,0.0,0.0,0.0,0.0,0.0,0.0,0.0,0.0,0.0,0.0,0.0,0.0,0.0,0.0,0.0
feature,microsoft__vscode-168788,microsoft/vscode,TypeScript,dense_minilm,11,True,4,3,1,10,0.0,0.0,0.0,0.0,0.0,0.0,0.0,0.0,0.0,0.0,0.0,0.0,0.0,0.0,0.0,0.0,0.0,0.0,0.0,0.0,0.0
feature,microsoft__vscode-168788,microsoft/vscode,TypeScript,hybrid_rrf,11,True,4,3,1,10,0.0,0.0,0.0,0.0,0.0,0.0,0.0,0.0,0.0,0.0,0.0,0.0,0.0,0.0,0.0,0.0,0.0,0.0,0.0,0.0,0.0
feature,microsoft__vscode-168788,microsoft/vscode,TypeScript,minilm256_pool100,11,True,4,3,1,10,0.0,0.0,0.0,0.0,0.0,0.0,0.0,0.0,0.0,0.0,0.0,0.0,0.0,0.0,0.0,0.0,0.0,0.0,0.0,0.0,0.0
feature,microsoft__vscode-168788,microsoft/vscode,TypeScript,coderank256_pool100,11,True,4,3,1,10,0.0,0.0,0.0,0.0,0.0,0.0,0.0,0.0,0.0,0.0,0.0,0.0,0.0,0.0,0.0,0.0,0.0,0.0,0.0,0.0,0.0
feature,microsoft__vscode-168788,microsoft/vscode,TypeScript,coderank2048_pool100,11,True,4,3,1,10,0.0,0.0,0.0,0.0,0.0,0.0,0.0,0.0,0.0,0.0,0.0,0.0,0.0,0.0,0.0,0.0,0.0,0.0,0.0,0.0,0.0
feature,microsoft__vscode-168788,microsoft/vscode,TypeScript,qwen3-coder:30b/paths,11,True,4,3,1,10,0.0,0.0,0.0,0.0,0.0,0.0,0.0,0.0,0.0,0.0,0.0,0.0,0.0,0.0,0.0,0.0,0.0,0.0,0.0,0.0,0.0
feature,microsoft__vscode-168788,microsoft/vscode,TypeScript,qwen3-coder:30b/content,11,True,4,3,1,10,0.0,0.0,0.0,0.0,0.0,0.0,0.0,0.0,0.0,0.0,0.0,0.0,0.0,0.0,0.0,0.0,0.0,0.0,0.0,0.0,0.0
feature,microsoft__vscode-168788,microsoft/vscode,TypeScript,devstral-small-2:24b/paths,11,True,4,3,1,10,0.0,0.0,0.0,0.0,0.0,0.0,0.0,0.0,0.0,0.0,0.0,0.0,0.0,0.0,0.0,0.0,0.0,0.0,0.0,0.0,0.0
feature,microsoft__vscode-168788,microsoft/vscode,TypeScript,devstral-small-2:24b/content,11,True,4,3,1,3,0.0,0.0,0.0,0.0,0.0,0.0,0.0,0.0,0.0,0.0,0.0,0.0,0.0,0.0,0.0,0.0,0.0,0.0,0.0,0.0,0.0
feature,microsoft__vscode-168788,microsoft/vscode,TypeScript,navigation/restricted40,11,False,4,3,1,0,0.0,0.0,0.0,0.0,0.0,0.0,0.0,0.0,0.0,0.0,0.0,0.0,0.0,0.0,0.0,0.0,0.0,0.0,0.0,0.0,0.0
feature,microsoft__vscode-168788,microsoft/vscode,TypeScript,navigation/repository,11,False,4,3,1,0,0.0,0.0,0.0,0.0,0.0,0.0,0.0,0.0,0.0,0.0,0.0,0.0,0.0,0.0,0.0,0.0,0.0,0.0,0.0,0.0,0.0
feature,microsoft__vscode-178291,microsoft/vscode,TypeScript,path_bm25,11,True,2,1,1,10,0.0,0.0,0.0,0.0,0.0,0.0,0.0,0.0,0.0,0.0,0.0,0.0,0.0,0.0,0.0,0.0,0.0,0.0,0.0,0.0,0.0
feature,microsoft__vscode-178291,microsoft/vscode,TypeScript,content_bm25,11,True,2,1,1,10,0.0,0.0,0.0,0.0,0.0,0.0,0.0,0.0,0.0,0.0,0.0,0.0,0.0,0.0,0.0,0.0,0.0,0.0,0.0,0.0,0.0
feature,microsoft__vscode-178291,microsoft/vscode,TypeScript,dense_minilm,11,True,2,1,1,10,0.0,0.0,0.0,0.0,0.0,0.0,0.0,0.0,0.0,0.0,0.0,0.0,0.0,0.0,0.0,0.0,0.0,0.0,0.0,0.0,0.0
feature,microsoft__vscode-178291,microsoft/vscode,TypeScript,hybrid_rrf,11,True,2,1,1,10,0.0,0.0,0.0,0.0,0.0,0.0,0.0,0.0,0.0,0.0,0.0,0.0,0.0,0.0,0.0,0.0,0.0,0.0,0.0,0.0,0.0
feature,microsoft__vscode-178291,microsoft/vscode,TypeScript,minilm256_pool100,11,True,2,1,1,10,0.0,0.0,0.0,0.0,0.0,0.0,0.0,0.0,0.0,0.0,0.0,0.0,0.0,0.0,0.0,0.0,0.0,0.0,0.0,0.0,0.0
feature,microsoft__vscode-178291,microsoft/vscode,TypeScript,coderank256_pool100,11,True,2,1,1,10,0.0,0.0,0.0,0.0,0.0,0.0,0.0,0.0,0.0,0.0,0.0,0.0,0.0,0.0,0.0,0.0,0.0,0.0,0.0,0.0,0.0
feature,microsoft__vscode-178291,microsoft/vscode,TypeScript,coderank2048_pool100,11,True,2,1,1,10,0.0,0.0,0.0,0.0,0.0,0.0,0.0,0.0,0.0,0.0,0.0,0.0,0.0,0.0,0.0,0.5,0.1,0.1,1.0,0.0,0.1
feature,microsoft__vscode-178291,microsoft/vscode,TypeScript,qwen3-coder:30b/paths,11,True,2,1,1,6,0.0,0.0,0.0,0.0,0.0,0.0,0.0,0.0,0.0,0.0,0.0,0.0,0.0,0.0,0.0,0.0,0.0,0.0,0.0,0.0,0.0
feature,microsoft__vscode-178291,microsoft/vscode,TypeScript,qwen3-coder:30b/content,11,True,2,1,1,10,0.0,0.0,0.0,0.0,0.0,0.0,0.0,0.0,0.0,0.0,0.0,0.0,0.0,0.0,0.0,0.0,0.0,0.0,0.0,0.0,0.0
feature,microsoft__vscode-178291,microsoft/vscode,TypeScript,devstral-small-2:24b/paths,11,True,2,1,1,10,0.0,0.0,0.0,0.0,0.0,0.0,0.0,0.0,0.0,0.0,0.0,0.0,0.0,0.0,0.0,0.0,0.0,0.0,0.0,0.0,0.0
feature,microsoft__vscode-178291,microsoft/vscode,TypeScript,devstral-small-2:24b/content,11,True,2,1,1,10,0.0,0.0,0.0,0.0,0.0,0.0,0.0,0.0,0.0,0.0,0.0,0.0,0.0,0.0,0.0,0.0,0.0,0.0,0.0,0.0,0.0
feature,microsoft__vscode-178291,microsoft/vscode,TypeScript,navigation/restricted40,11,True,2,1,1,10,0.0,0.0,0.0,0.0,0.0,0.0,0.0,0.0,0.0,0.0,0.0,0.0,0.0,0.0,0.0,0.0,0.0,0.0,0.0,0.0,0.0
feature,microsoft__vscode-178291,microsoft/vscode,TypeScript,navigation/repository,11,True,2,1,1,10,0.0,0.0,0.0,0.0,0.0,0.5,0.3333333333333333,0.3333333333333333,1.0,0.0,0.5,0.2,0.2,1.0,0.0,0.5,0.1,0.1,1.0,0.0,0.3333333333333333
feature,microsoft__vscode-178513,microsoft/vscode,TypeScript,path_bm25,11,True,2,1,1,10,0.0,0.0,0.0,0.0,0.0,0.0,0.0,0.0,0.0,0.0,0.0,0.0,0.0,0.0,0.0,0.0,0.0,0.0,0.0,0.0,0.0
feature,microsoft__vscode-178513,microsoft/vscode,TypeScript,content_bm25,11,True,2,1,1,10,0.0,0.0,0.0,0.0,0.0,0.0,0.0,0.0,0.0,0.0,0.0,0.0,0.0,0.0,0.0,0.0,0.0,0.0,0.0,0.0,0.0
feature,microsoft__vscode-178513,microsoft/vscode,TypeScript,dense_minilm,11,True,2,1,1,10,0.0,0.0,0.0,0.0,0.0,0.0,0.0,0.0,0.0,0.0,0.0,0.0,0.0,0.0,0.0,0.0,0.0,0.0,0.0,0.0,0.0
feature,microsoft__vscode-178513,microsoft/vscode,TypeScript,hybrid_rrf,11,True,2,1,1,10,0.0,0.0,0.0,0.0,0.0,0.0,0.0,0.0,0.0,0.0,0.0,0.0,0.0,0.0,0.0,0.0,0.0,0.0,0.0,0.0,0.0
feature,microsoft__vscode-178513,microsoft/vscode,TypeScript,minilm256_pool100,11,True,2,1,1,10,0.0,0.0,0.0,0.0,0.0,0.0,0.0,0.0,0.0,0.0,0.0,0.0,0.0,0.0,0.0,0.0,0.0,0.0,0.0,0.0,0.0
feature,microsoft__vscode-178513,microsoft/vscode,TypeScript,coderank256_pool100,11,True,2,1,1,10,0.0,0.0,0.0,0.0,0.0,0.0,0.0,0.0,0.0,0.0,0.0,0.0,0.0,0.0,0.0,0.0,0.0,0.0,0.0,0.0,0.0
feature,microsoft__vscode-178513,microsoft/vscode,TypeScript,coderank2048_pool100,11,True,2,1,1,10,0.0,0.0,0.0,0.0,0.0,0.0,0.0,0.0,0.0,0.0,0.0,0.0,0.0,0.0,0.0,0.0,0.0,0.0,0.0,0.0,0.0
feature,microsoft__vscode-178513,microsoft/vscode,TypeScript,qwen3-coder:30b/paths,11,True,2,1,1,10,0.0,0.0,0.0,0.0,0.0,0.0,0.0,0.0,0.0,0.0,0.0,0.0,0.0,0.0,0.0,0.0,0.0,0.0,0.0,0.0,0.0
feature,microsoft__vscode-178513,microsoft/vscode,TypeScript,qwen3-coder:30b/content,11,True,2,1,1,10,0.0,0.0,0.0,0.0,0.0,0.0,0.0,0.0,0.0,0.0,0.0,0.0,0.0,0.0,0.0,0.0,0.0,0.0,0.0,0.0,0.0
feature,microsoft__vscode-178513,microsoft/vscode,TypeScript,devstral-small-2:24b/paths,11,True,2,1,1,10,0.0,0.0,0.0,0.0,0.0,0.0,0.0,0.0,0.0,0.0,0.0,0.0,0.0,0.0,0.0,0.0,0.0,0.0,0.0,0.0,0.0
feature,microsoft__vscode-178513,microsoft/vscode,TypeScript,devstral-small-2:24b/content,11,True,2,1,1,10,0.0,0.0,0.0,0.0,0.0,0.0,0.0,0.0,0.0,0.0,0.0,0.0,0.0,0.0,0.0,0.0,0.0,0.0,0.0,0.0,0.0
feature,microsoft__vscode-178513,microsoft/vscode,TypeScript,navigation/restricted40,11,True,2,1,1,10,0.0,0.0,0.0,0.0,0.0,0.0,0.0,0.0,0.0,0.0,0.0,0.0,0.0,0.0,0.0,0.0,0.0,0.0,0.0,0.0,0.0
feature,microsoft__vscode-178513,microsoft/vscode,TypeScript,navigation/repository,11,True,2,1,1,10,0.0,0.0,0.0,0.0,0.0,0.0,0.0,0.0,0.0,0.0,0.0,0.0,0.0,0.0,0.0,0.0,0.0,0.0,0.0,0.0,0.0
feature,microsoft__vscode-178694,microsoft/vscode,TypeScript,path_bm25,11,True,2,1,1,10,0.0,0.0,0.0,0.0,0.0,0.0,0.0,0.0,0.0,0.0,0.0,0.0,0.0,0.0,0.0,0.0,0.0,0.0,0.0,0.0,0.0
feature,microsoft__vscode-178694,microsoft/vscode,TypeScript,content_bm25,11,True,2,1,1,10,0.0,0.0,0.0,0.0,0.0,0.0,0.0,0.0,0.0,0.0,0.0,0.0,0.0,0.0,0.0,0.0,0.0,0.0,0.0,0.0,0.0
feature,microsoft__vscode-178694,microsoft/vscode,TypeScript,dense_minilm,11,True,2,1,1,10,0.0,0.0,0.0,0.0,0.0,0.0,0.0,0.0,0.0,0.0,0.0,0.0,0.0,0.0,0.0,0.0,0.0,0.0,0.0,0.0,0.0
feature,microsoft__vscode-178694,microsoft/vscode,TypeScript,hybrid_rrf,11,True,2,1,1,10,0.0,0.0,0.0,0.0,0.0,0.0,0.0,0.0,0.0,0.0,0.0,0.0,0.0,0.0,0.0,0.0,0.0,0.0,0.0,0.0,0.0
feature,microsoft__vscode-178694,microsoft/vscode,TypeScript,minilm256_pool100,11,True,2,1,1,10,0.0,0.0,0.0,0.0,0.0,0.0,0.0,0.0,0.0,0.0,0.0,0.0,0.0,0.0,0.0,0.0,0.0,0.0,0.0,0.0,0.0
feature,microsoft__vscode-178694,microsoft/vscode,TypeScript,coderank256_pool100,11,True,2,1,1,10,0.0,0.0,0.0,0.0,0.0,0.0,0.0,0.0,0.0,0.0,0.0,0.0,0.0,0.0,0.0,0.0,0.0,0.0,0.0,0.0,0.0
feature,microsoft__vscode-178694,microsoft/vscode,TypeScript,coderank2048_pool100,11,True,2,1,1,10,0.0,0.0,0.0,0.0,0.0,0.0,0.0,0.0,0.0,0.0,0.0,0.0,0.0,0.0,0.0,0.0,0.0,0.0,0.0,0.0,0.0
feature,microsoft__vscode-178694,microsoft/vscode,TypeScript,qwen3-coder:30b/paths,11,True,2,1,1,10,0.0,0.0,0.0,0.0,0.0,0.0,0.0,0.0,0.0,0.0,0.0,0.0,0.0,0.0,0.0,0.0,0.0,0.0,0.0,0.0,0.0
feature,microsoft__vscode-178694,microsoft/vscode,TypeScript,qwen3-coder:30b/content,11,True,2,1,1,10,0.0,0.0,0.0,0.0,0.0,0.0,0.0,0.0,0.0,0.0,0.0,0.0,0.0,0.0,0.0,0.0,0.0,0.0,0.0,0.0,0.0
feature,microsoft__vscode-178694,microsoft/vscode,TypeScript,devstral-small-2:24b/paths,11,True,2,1,1,10,0.0,0.0,0.0,0.0,0.0,0.0,0.0,0.0,0.0,0.0,0.0,0.0,0.0,0.0,0.0,0.0,0.0,0.0,0.0,0.0,0.0
feature,microsoft__vscode-178694,microsoft/vscode,TypeScript,devstral-small-2:24b/content,11,True,2,1,1,3,0.0,0.0,0.0,0.0,0.0,0.0,0.0,0.0,0.0,0.0,0.0,0.0,0.0,0.0,0.0,0.0,0.0,0.0,0.0,0.0,0.0
feature,microsoft__vscode-178694,microsoft/vscode,TypeScript,navigation/restricted40,11,True,2,1,1,10,0.0,0.0,0.0,0.0,0.0,0.0,0.0,0.0,0.0,0.0,0.0,0.0,0.0,0.0,0.0,0.0,0.0,0.0,0.0,0.0,0.0
feature,microsoft__vscode-178694,microsoft/vscode,TypeScript,navigation/repository,11,True,2,1,1,10,0.0,0.0,0.0,0.0,0.0,0.0,0.0,0.0,0.0,0.0,0.0,0.0,0.0,0.0,0.0,0.0,0.0,0.0,0.0,0.0,0.0
feature,microsoft__vscode-182669,microsoft/vscode,TypeScript,path_bm25,11,True,9,5,4,10,0.0,0.0,0.0,0.0,0.0,0.0,0.0,0.0,0.0,0.0,0.0,0.0,0.0,0.0,0.0,0.0,0.0,0.0,0.0,0.0,0.0
feature,microsoft__vscode-182669,microsoft/vscode,TypeScript,content_bm25,11,True,9,5,4,10,0.0,0.0,0.0,0.0,0.0,0.2222222222222222,0.6666666666666666,0.6666666666666666,0.4,0.0,0.3333333333333333,0.6,0.6,0.6,0.0,0.3333333333333333,0.3,0.3,0.6,0.0,0.5
feature,microsoft__vscode-182669,microsoft/vscode,TypeScript,dense_minilm,11,True,9,5,4,10,0.0,0.0,0.0,0.0,0.0,0.0,0.0,0.0,0.0,0.0,0.0,0.0,0.0,0.0,0.0,0.0,0.0,0.0,0.0,0.0,0.0
feature,microsoft__vscode-182669,microsoft/vscode,TypeScript,hybrid_rrf,11,True,9,5,4,10,0.0,0.0,0.0,0.0,0.0,0.0,0.0,0.0,0.0,0.0,0.2222222222222222,0.4,0.4,0.4,0.0,0.2222222222222222,0.2,0.2,0.4,0.0,0.25
feature,microsoft__vscode-182669,microsoft/vscode,TypeScript,minilm256_pool100,11,True,9,5,4,10,0.0,0.0,0.0,0.0,0.0,0.0,0.0,0.0,0.0,0.0,0.0,0.0,0.0,0.0,0.0,0.0,0.0,0.0,0.0,0.0,0.0
feature,microsoft__vscode-182669,microsoft/vscode,TypeScript,coderank256_pool100,11,True,9,5,4,10,0.0,0.0,0.0,0.0,0.0,0.0,0.0,0.0,0.0,0.0,0.0,0.0,0.0,0.0,0.0,0.0,0.0,0.0,0.0,0.0,0.0
feature,microsoft__vscode-182669,microsoft/vscode,TypeScript,coderank2048_pool100,11,True,9,5,4,10,0.0,0.0,0.0,0.0,0.0,0.0,0.0,0.0,0.0,0.0,0.0,0.0,0.0,0.0,0.0,0.0,0.0,0.0,0.0,0.0,0.0
feature,microsoft__vscode-182669,microsoft/vscode,TypeScript,qwen3-coder:30b/paths,11,True,9,5,4,10,0.0,0.0,0.0,0.0,0.0,0.1111111111111111,0.3333333333333333,0.3333333333333333,0.2,0.0,0.1111111111111111,0.2,0.2,0.2,0.0,0.3333333333333333,0.3,0.3,0.6,0.0,0.5
feature,microsoft__vscode-182669,microsoft/vscode,TypeScript,qwen3-coder:30b/content,11,True,9,5,4,10,0.1111111111111111,1.0,1.0,0.2,0.0,0.3333333333333333,1.0,1.0,0.6,0.0,0.4444444444444444,0.8,0.8,0.8,0.0,0.4444444444444444,0.4,0.4,0.8,0.0,1.0
feature,microsoft__vscode-182669,microsoft/vscode,TypeScript,devstral-small-2:24b/paths,11,True,9,5,4,10,0.0,0.0,0.0,0.0,0.0,0.2222222222222222,0.6666666666666666,0.6666666666666666,0.4,0.0,0.2222222222222222,0.4,0.4,0.4,0.0,0.2222222222222222,0.2,0.2,0.4,0.0,0.5
feature,microsoft__vscode-182669,microsoft/vscode,TypeScript,devstral-small-2:24b/content,11,True,9,5,4,2,0.1111111111111111,1.0,1.0,0.2,0.0,0.2222222222222222,0.6666666666666666,1.0,0.4,0.0,0.2222222222222222,0.4,1.0,0.4,0.0,0.2222222222222222,0.2,1.0,0.4,0.0,1.0
feature,microsoft__vscode-182669,microsoft/vscode,TypeScript,navigation/restricted40,11,True,9,5,4,2,0.1111111111111111,1.0,1.0,0.2,0.0,0.2222222222222222,0.6666666666666666,1.0,0.4,0.0,0.2222222222222222,0.4,1.0,0.4,0.0,0.2222222222222222,0.2,1.0,0.4,0.0,1.0
feature,microsoft__vscode-182669,microsoft/vscode,TypeScript,navigation/repository,11,True,9,5,4,10,0.1111111111111111,1.0,1.0,0.2,0.0,0.2222222222222222,0.6666666666666666,0.6666666666666666,0.4,0.0,0.2222222222222222,0.4,0.4,0.4,0.0,0.4444444444444444,0.4,0.4,0.6,0.25,1.0
feature,microsoft__vscode-190351,microsoft/vscode,TypeScript,path_bm25,11,True,2,1,1,10,0.0,0.0,0.0,0.0,0.0,0.0,0.0,0.0,0.0,0.0,0.0,0.0,0.0,0.0,0.0,0.0,0.0,0.0,0.0,0.0,0.0
feature,microsoft__vscode-190351,microsoft/vscode,TypeScript,content_bm25,11,True,2,1,1,10,0.0,0.0,0.0,0.0,0.0,0.0,0.0,0.0,0.0,0.0,0.0,0.0,0.0,0.0,0.0,0.0,0.0,0.0,0.0,0.0,0.0
feature,microsoft__vscode-190351,microsoft/vscode,TypeScript,dense_minilm,11,True,2,1,1,10,0.0,0.0,0.0,0.0,0.0,0.0,0.0,0.0,0.0,0.0,0.0,0.0,0.0,0.0,0.0,0.0,0.0,0.0,0.0,0.0,0.0
feature,microsoft__vscode-190351,microsoft/vscode,TypeScript,hybrid_rrf,11,True,2,1,1,10,0.0,0.0,0.0,0.0,0.0,0.0,0.0,0.0,0.0,0.0,0.0,0.0,0.0,0.0,0.0,0.0,0.0,0.0,0.0,0.0,0.0
feature,microsoft__vscode-190351,microsoft/vscode,TypeScript,minilm256_pool100,11,True,2,1,1,10,0.0,0.0,0.0,0.0,0.0,0.0,0.0,0.0,0.0,0.0,0.0,0.0,0.0,0.0,0.0,0.0,0.0,0.0,0.0,0.0,0.0
feature,microsoft__vscode-190351,microsoft/vscode,TypeScript,coderank256_pool100,11,True,2,1,1,10,0.0,0.0,0.0,0.0,0.0,0.0,0.0,0.0,0.0,0.0,0.0,0.0,0.0,0.0,0.0,0.0,0.0,0.0,0.0,0.0,0.0
feature,microsoft__vscode-190351,microsoft/vscode,TypeScript,coderank2048_pool100,11,True,2,1,1,10,0.0,0.0,0.0,0.0,0.0,0.0,0.0,0.0,0.0,0.0,0.0,0.0,0.0,0.0,0.0,0.0,0.0,0.0,0.0,0.0,0.0
feature,microsoft__vscode-190351,microsoft/vscode,TypeScript,qwen3-coder:30b/paths,11,True,2,1,1,10,0.0,0.0,0.0,0.0,0.0,0.0,0.0,0.0,0.0,0.0,0.0,0.0,0.0,0.0,0.0,0.0,0.0,0.0,0.0,0.0,0.0
feature,microsoft__vscode-190351,microsoft/vscode,TypeScript,qwen3-coder:30b/content,11,True,2,1,1,10,0.0,0.0,0.0,0.0,0.0,0.0,0.0,0.0,0.0,0.0,0.0,0.0,0.0,0.0,0.0,0.0,0.0,0.0,0.0,0.0,0.0
feature,microsoft__vscode-190351,microsoft/vscode,TypeScript,devstral-small-2:24b/paths,11,True,2,1,1,7,0.0,0.0,0.0,0.0,0.0,0.0,0.0,0.0,0.0,0.0,0.0,0.0,0.0,0.0,0.0,0.0,0.0,0.0,0.0,0.0,0.0
feature,microsoft__vscode-190351,microsoft/vscode,TypeScript,devstral-small-2:24b/content,11,True,2,1,1,5,0.0,0.0,0.0,0.0,0.0,0.0,0.0,0.0,0.0,0.0,0.0,0.0,0.0,0.0,0.0,0.0,0.0,0.0,0.0,0.0,0.0
feature,microsoft__vscode-190351,microsoft/vscode,TypeScript,navigation/restricted40,11,True,2,1,1,10,0.0,0.0,0.0,0.0,0.0,0.0,0.0,0.0,0.0,0.0,0.0,0.0,0.0,0.0,0.0,0.0,0.0,0.0,0.0,0.0,0.0
feature,microsoft__vscode-190351,microsoft/vscode,TypeScript,navigation/repository,11,True,2,1,1,10,0.0,0.0,0.0,0.0,0.0,0.0,0.0,0.0,0.0,0.0,0.0,0.0,0.0,0.0,0.0,0.0,0.0,0.0,0.0,0.0,0.0
feature,microsoft__vscode-191602,microsoft/vscode,TypeScript,path_bm25,11,True,2,1,1,10,0.0,0.0,0.0,0.0,0.0,0.0,0.0,0.0,0.0,0.0,0.0,0.0,0.0,0.0,0.0,0.0,0.0,0.0,0.0,0.0,0.0
feature,microsoft__vscode-191602,microsoft/vscode,TypeScript,content_bm25,11,True,2,1,1,10,0.0,0.0,0.0,0.0,0.0,0.0,0.0,0.0,0.0,0.0,0.0,0.0,0.0,0.0,0.0,0.0,0.0,0.0,0.0,0.0,0.0
feature,microsoft__vscode-191602,microsoft/vscode,TypeScript,dense_minilm,11,True,2,1,1,10,0.0,0.0,0.0,0.0,0.0,0.0,0.0,0.0,0.0,0.0,0.0,0.0,0.0,0.0,0.0,0.0,0.0,0.0,0.0,0.0,0.0
feature,microsoft__vscode-191602,microsoft/vscode,TypeScript,hybrid_rrf,11,True,2,1,1,10,0.0,0.0,0.0,0.0,0.0,0.0,0.0,0.0,0.0,0.0,0.0,0.0,0.0,0.0,0.0,0.0,0.0,0.0,0.0,0.0,0.0
feature,microsoft__vscode-191602,microsoft/vscode,TypeScript,minilm256_pool100,11,True,2,1,1,10,0.0,0.0,0.0,0.0,0.0,0.0,0.0,0.0,0.0,0.0,0.0,0.0,0.0,0.0,0.0,0.0,0.0,0.0,0.0,0.0,0.0
feature,microsoft__vscode-191602,microsoft/vscode,TypeScript,coderank256_pool100,11,True,2,1,1,10,0.0,0.0,0.0,0.0,0.0,0.0,0.0,0.0,0.0,0.0,0.0,0.0,0.0,0.0,0.0,0.0,0.0,0.0,0.0,0.0,0.0
feature,microsoft__vscode-191602,microsoft/vscode,TypeScript,coderank2048_pool100,11,True,2,1,1,10,0.0,0.0,0.0,0.0,0.0,0.0,0.0,0.0,0.0,0.0,0.0,0.0,0.0,0.0,0.0,0.0,0.0,0.0,0.0,0.0,0.0
feature,microsoft__vscode-191602,microsoft/vscode,TypeScript,qwen3-coder:30b/paths,11,True,2,1,1,10,0.0,0.0,0.0,0.0,0.0,0.0,0.0,0.0,0.0,0.0,0.0,0.0,0.0,0.0,0.0,0.0,0.0,0.0,0.0,0.0,0.0
feature,microsoft__vscode-191602,microsoft/vscode,TypeScript,qwen3-coder:30b/content,11,True,2,1,1,10,0.0,0.0,0.0,0.0,0.0,0.0,0.0,0.0,0.0,0.0,0.0,0.0,0.0,0.0,0.0,0.0,0.0,0.0,0.0,0.0,0.0
feature,microsoft__vscode-191602,microsoft/vscode,TypeScript,devstral-small-2:24b/paths,11,True,2,1,1,3,0.0,0.0,0.0,0.0,0.0,0.0,0.0,0.0,0.0,0.0,0.0,0.0,0.0,0.0,0.0,0.0,0.0,0.0,0.0,0.0,0.0
feature,microsoft__vscode-191602,microsoft/vscode,TypeScript,devstral-small-2:24b/content,11,True,2,1,1,10,0.0,0.0,0.0,0.0,0.0,0.0,0.0,0.0,0.0,0.0,0.0,0.0,0.0,0.0,0.0,0.0,0.0,0.0,0.0,0.0,0.0
feature,microsoft__vscode-191602,microsoft/vscode,TypeScript,navigation/restricted40,11,True,2,1,1,10,0.0,0.0,0.0,0.0,0.0,0.0,0.0,0.0,0.0,0.0,0.0,0.0,0.0,0.0,0.0,0.0,0.0,0.0,0.0,0.0,0.0
feature,microsoft__vscode-191602,microsoft/vscode,TypeScript,navigation/repository,11,True,2,1,1,5,0.0,0.0,0.0,0.0,0.0,0.5,0.3333333333333333,0.3333333333333333,1.0,0.0,0.5,0.2,0.2,1.0,0.0,0.5,0.1,0.2,1.0,0.0,0.3333333333333333
feature,mui__material-ui-11446,mui/material-ui,TypeScript,path_bm25,11,True,4,3,1,10,0.0,0.0,0.0,0.0,0.0,0.0,0.0,0.0,0.0,0.0,0.0,0.0,0.0,0.0,0.0,0.0,0.0,0.0,0.0,0.0,0.0
feature,mui__material-ui-11446,mui/material-ui,TypeScript,content_bm25,11,True,4,3,1,10,0.25,1.0,1.0,0.3333333333333333,0.0,0.5,0.6666666666666666,0.6666666666666666,0.6666666666666666,0.0,0.5,0.4,0.4,0.6666666666666666,0.0,0.5,0.2,0.2,0.6666666666666666,0.0,1.0
feature,mui__material-ui-11446,mui/material-ui,TypeScript,dense_minilm,11,True,4,3,1,10,0.0,0.0,0.0,0.0,0.0,0.25,0.3333333333333333,0.3333333333333333,0.0,1.0,0.5,0.4,0.4,0.3333333333333333,1.0,1.0,0.4,0.4,1.0,1.0,0.3333333333333333
feature,mui__material-ui-11446,mui/material-ui,TypeScript,hybrid_rrf,11,True,4,3,1,10,0.25,1.0,1.0,0.3333333333333333,0.0,0.5,0.6666666666666666,0.6666666666666666,0.6666666666666666,0.0,0.5,0.4,0.4,0.6666666666666666,0.0,0.5,0.2,0.2,0.6666666666666666,0.0,1.0
feature,mui__material-ui-11446,mui/material-ui,TypeScript,minilm256_pool100,11,True,4,3,1,10,0.0,0.0,0.0,0.0,0.0,0.25,0.3333333333333333,0.3333333333333333,0.0,1.0,0.5,0.4,0.4,0.3333333333333333,1.0,1.0,0.4,0.4,1.0,1.0,0.3333333333333333
feature,mui__material-ui-11446,mui/material-ui,TypeScript,coderank256_pool100,11,True,4,3,1,10,0.0,0.0,0.0,0.0,0.0,0.0,0.0,0.0,0.0,0.0,0.5,0.4,0.4,0.6666666666666666,0.0,0.75,0.3,0.3,0.6666666666666666,1.0,0.25
feature,mui__material-ui-11446,mui/material-ui,TypeScript,coderank2048_pool100,11,True,4,3,1,10,0.0,0.0,0.0,0.0,0.0,0.25,0.3333333333333333,0.3333333333333333,0.3333333333333333,0.0,0.25,0.2,0.2,0.3333333333333333,0.0,0.5,0.2,0.2,0.6666666666666666,0.0,0.3333333333333333
feature,mui__material-ui-11446,mui/material-ui,TypeScript,qwen3-coder:30b/paths,11,True,4,3,1,10,0.25,1.0,1.0,0.3333333333333333,0.0,0.5,0.6666666666666666,0.6666666666666666,0.3333333333333333,1.0,0.5,0.4,0.4,0.3333333333333333,1.0,0.75,0.3,0.3,0.6666666666666666,1.0,1.0
feature,mui__material-ui-11446,mui/material-ui,TypeScript,qwen3-coder:30b/content,11,True,4,3,1,10,0.25,1.0,1.0,0.3333333333333333,0.0,0.5,0.6666666666666666,0.6666666666666666,0.6666666666666666,0.0,0.75,0.6,0.6,0.6666666666666666,1.0,0.75,0.3,0.3,0.6666666666666666,1.0,1.0
feature,mui__material-ui-11446,mui/material-ui,TypeScript,devstral-small-2:24b/paths,11,True,4,3,1,10,0.25,1.0,1.0,0.3333333333333333,0.0,0.5,0.6666666666666666,0.6666666666666666,0.3333333333333333,1.0,0.5,0.4,0.4,0.3333333333333333,1.0,0.75,0.3,0.3,0.6666666666666666,1.0,1.0
feature,mui__material-ui-11446,mui/material-ui,TypeScript,devstral-small-2:24b/content,11,True,4,3,1,5,0.25,1.0,1.0,0.3333333333333333,0.0,0.5,0.6666666666666666,0.6666666666666666,0.3333333333333333,1.0,0.75,0.6,0.6,0.6666666666666666,1.0,0.75,0.3,0.6,0.6666666666666666,1.0,1.0
feature,mui__material-ui-11446,mui/material-ui,TypeScript,navigation/restricted40,11,False,4,3,1,0,0.0,0.0,0.0,0.0,0.0,0.0,0.0,0.0,0.0,0.0,0.0,0.0,0.0,0.0,0.0,0.0,0.0,0.0,0.0,0.0,0.0
feature,mui__material-ui-11446,mui/material-ui,TypeScript,navigation/repository,11,True,4,3,1,10,0.25,1.0,1.0,0.3333333333333333,0.0,0.25,0.3333333333333333,0.3333333333333333,0.3333333333333333,0.0,0.5,0.4,0.4,0.6666666666666666,0.0,1.0,0.4,0.4,1.0,1.0,1.0
feature,mui__material-ui-13828,mui/material-ui,TypeScript,path_bm25,11,True,4,3,1,10,0.0,0.0,0.0,0.0,0.0,0.0,0.0,0.0,0.0,0.0,0.0,0.0,0.0,0.0,0.0,0.0,0.0,0.0,0.0,0.0,0.0
feature,mui__material-ui-13828,mui/material-ui,TypeScript,content_bm25,11,True,4,3,1,10,0.0,0.0,0.0,0.0,0.0,0.0,0.0,0.0,0.0,0.0,0.0,0.0,0.0,0.0,0.0,0.25,0.1,0.1,0.3333333333333333,0.0,0.16666666666666666
feature,mui__material-ui-13828,mui/material-ui,TypeScript,dense_minilm,11,True,4,3,1,10,0.0,0.0,0.0,0.0,0.0,0.0,0.0,0.0,0.0,0.0,0.0,0.0,0.0,0.0,0.0,0.0,0.0,0.0,0.0,0.0,0.0
feature,mui__material-ui-13828,mui/material-ui,TypeScript,hybrid_rrf,11,True,4,3,1,10,0.0,0.0,0.0,0.0,0.0,0.0,0.0,0.0,0.0,0.0,0.0,0.0,0.0,0.0,0.0,0.0,0.0,0.0,0.0,0.0,0.0
feature,mui__material-ui-13828,mui/material-ui,TypeScript,minilm256_pool100,11,True,4,3,1,10,0.0,0.0,0.0,0.0,0.0,0.0,0.0,0.0,0.0,0.0,0.0,0.0,0.0,0.0,0.0,0.0,0.0,0.0,0.0,0.0,0.0
feature,mui__material-ui-13828,mui/material-ui,TypeScript,coderank256_pool100,11,True,4,3,1,10,0.25,1.0,1.0,0.3333333333333333,0.0,0.25,0.3333333333333333,0.3333333333333333,0.3333333333333333,0.0,0.5,0.4,0.4,0.6666666666666666,0.0,1.0,0.4,0.4,1.0,1.0,1.0
feature,mui__material-ui-13828,mui/material-ui,TypeScript,coderank2048_pool100,11,True,4,3,1,10,0.0,0.0,0.0,0.0,0.0,0.25,0.3333333333333333,0.3333333333333333,0.3333333333333333,0.0,0.25,0.2,0.2,0.3333333333333333,0.0,0.5,0.2,0.2,0.6666666666666666,0.0,0.5
feature,mui__material-ui-13828,mui/material-ui,TypeScript,qwen3-coder:30b/paths,11,True,4,3,1,10,0.25,1.0,1.0,0.3333333333333333,0.0,0.75,1.0,1.0,0.6666666666666666,1.0,0.75,0.6,0.6,0.6666666666666666,1.0,0.75,0.3,0.3,0.6666666666666666,1.0,1.0
feature,mui__material-ui-13828,mui/material-ui,TypeScript,qwen3-coder:30b/content,11,True,4,3,1,10,0.25,1.0,1.0,0.3333333333333333,0.0,0.75,1.0,1.0,0.6666666666666666,1.0,0.75,0.6,0.6,0.6666666666666666,1.0,0.75,0.3,0.3,0.6666666666666666,1.0,1.0
feature,mui__material-ui-13828,mui/material-ui,TypeScript,devstral-small-2:24b/paths,11,True,4,3,1,3,0.25,1.0,1.0,0.3333333333333333,0.0,0.75,1.0,1.0,0.6666666666666666,1.0,0.75,0.6,1.0,0.6666666666666666,1.0,0.75,0.3,1.0,0.6666666666666666,1.0,1.0
feature,mui__material-ui-13828,mui/material-ui,TypeScript,devstral-small-2:24b/content,11,True,4,3,1,3,0.25,1.0,1.0,0.3333333333333333,0.0,0.75,1.0,1.0,0.6666666666666666,1.0,0.75,0.6,1.0,0.6666666666666666,1.0,0.75,0.3,1.0,0.6666666666666666,1.0,1.0
feature,mui__material-ui-13828,mui/material-ui,TypeScript,navigation/restricted40,11,True,4,3,1,2,0.25,1.0,1.0,0.3333333333333333,0.0,0.5,0.6666666666666666,1.0,0.3333333333333333,1.0,0.5,0.4,1.0,0.3333333333333333,1.0,0.5,0.2,1.0,0.3333333333333333,1.0,1.0
feature,mui__material-ui-13828,mui/material-ui,TypeScript,navigation/repository,11,True,4,3,1,2,0.25,1.0,1.0,0.3333333333333333,0.0,0.5,0.6666666666666666,1.0,0.3333333333333333,1.0,0.5,0.4,1.0,0.3333333333333333,1.0,0.5,0.2,1.0,0.3333333333333333,1.0,1.0
feature,mui__material-ui-13899,mui/material-ui,TypeScript,path_bm25,11,True,7,5,2,10,0.0,0.0,0.0,0.0,0.0,0.0,0.0,0.0,0.0,0.0,0.0,0.0,0.0,0.0,0.0,0.0,0.0,0.0,0.0,0.0,0.0
feature,mui__material-ui-13899,mui/material-ui,TypeScript,content_bm25,11,True,7,5,2,10,0.0,0.0,0.0,0.0,0.0,0.0,0.0,0.0,0.0,0.0,0.14285714285714285,0.2,0.2,0.2,0.0,0.14285714285714285,0.1,0.1,0.2,0.0,0.2
feature,mui__material-ui-13899,mui/material-ui,TypeScript,dense_minilm,11,True,7,5,2,10,0.0,0.0,0.0,0.0,0.0,0.2857142857142857,0.6666666666666666,0.6666666666666666,0.2,0.5,0.2857142857142857,0.4,0.4,0.2,0.5,0.42857142857142855,0.3,0.3,0.2,1.0,0.5
feature,mui__material-ui-13899,mui/material-ui,TypeScript,hybrid_rrf,11,True,7,5,2,10,0.14285714285714285,1.0,1.0,0.2,0.0,0.2857142857142857,0.6666666666666666,0.6666666666666666,0.2,0.5,0.2857142857142857,0.4,0.4,0.2,0.5,0.2857142857142857,0.2,0.2,0.2,0.5,1.0
feature,mui__material-ui-13899,mui/material-ui,TypeScript,minilm256_pool100,11,True,7,5,2,10,0.0,0.0,0.0,0.0,0.0,0.2857142857142857,0.6666666666666666,0.6666666666666666,0.2,0.5,0.2857142857142857,0.4,0.4,0.2,0.5,0.42857142857142855,0.3,0.3,0.2,1.0,0.5
feature,mui__material-ui-13899,mui/material-ui,TypeScript,coderank256_pool100,11,True,7,5,2,10,0.0,0.0,0.0,0.0,0.0,0.14285714285714285,0.3333333333333333,0.3333333333333333,0.0,0.5,0.14285714285714285,0.2,0.2,0.0,0.5,0.2857142857142857,0.2,0.2,0.2,0.5,0.5
feature,mui__material-ui-13899,mui/material-ui,TypeScript,coderank2048_pool100,11,True,7,5,2,10,0.0,0.0,0.0,0.0,0.0,0.14285714285714285,0.3333333333333333,0.3333333333333333,0.0,0.5,0.14285714285714285,0.2,0.2,0.0,0.5,0.14285714285714285,0.1,0.1,0.0,0.5,0.5
feature,mui__material-ui-13899,mui/material-ui,TypeScript,qwen3-coder:30b/paths,11,True,7,5,2,10,0.14285714285714285,1.0,1.0,0.2,0.0,0.2857142857142857,0.6666666666666666,0.6666666666666666,0.2,0.5,0.2857142857142857,0.4,0.4,0.2,0.5,0.42857142857142855,0.3,0.3,0.4,0.5,1.0
feature,mui__material-ui-13899,mui/material-ui,TypeScript,qwen3-coder:30b/content,11,True,7,5,2,10,0.14285714285714285,1.0,1.0,0.2,0.0,0.2857142857142857,0.6666666666666666,0.6666666666666666,0.4,0.0,0.42857142857142855,0.6,0.6,0.4,0.5,0.5714285714285714,0.4,0.4,0.4,1.0,1.0
feature,mui__material-ui-13899,mui/material-ui,TypeScript,devstral-small-2:24b/paths,11,True,7,5,2,10,0.14285714285714285,1.0,1.0,0.2,0.0,0.2857142857142857,0.6666666666666666,0.6666666666666666,0.2,0.5,0.5714285714285714,0.8,0.8,0.4,1.0,0.5714285714285714,0.4,0.4,0.4,1.0,1.0
feature,mui__material-ui-13899,mui/material-ui,TypeScript,devstral-small-2:24b/content,11,True,7,5,2,10,0.14285714285714285,1.0,1.0,0.2,0.0,0.2857142857142857,0.6666666666666666,0.6666666666666666,0.2,0.5,0.5714285714285714,0.8,0.8,0.4,1.0,0.5714285714285714,0.4,0.4,0.4,1.0,1.0
feature,mui__material-ui-13899,mui/material-ui,TypeScript,navigation/restricted40,11,False,7,5,2,0,0.0,0.0,0.0,0.0,0.0,0.0,0.0,0.0,0.0,0.0,0.0,0.0,0.0,0.0,0.0,0.0,0.0,0.0,0.0,0.0,0.0
feature,mui__material-ui-13899,mui/material-ui,TypeScript,navigation/repository,11,True,7,5,2,10,0.14285714285714285,1.0,1.0,0.2,0.0,0.2857142857142857,0.6666666666666666,0.6666666666666666,0.2,0.5,0.5714285714285714,0.8,0.8,0.4,1.0,0.7142857142857143,0.5,0.5,0.6,1.0,1.0
feature,mui__material-ui-14465,mui/material-ui,TypeScript,path_bm25,11,True,13,10,3,10,0.0,0.0,0.0,0.0,0.0,0.0,0.0,0.0,0.0,0.0,0.0,0.0,0.0,0.0,0.0,0.0,0.0,0.0,0.0,0.0,0.0
feature,mui__material-ui-14465,mui/material-ui,TypeScript,content_bm25,11,True,13,10,3,10,0.0,0.0,0.0,0.0,0.0,0.0,0.0,0.0,0.0,0.0,0.0,0.0,0.0,0.0,0.0,0.0,0.0,0.0,0.0,0.0,0.0
feature,mui__material-ui-14465,mui/material-ui,TypeScript,dense_minilm,11,True,13,10,3,10,0.0,0.0,0.0,0.0,0.0,0.0,0.0,0.0,0.0,0.0,0.0,0.0,0.0,0.0,0.0,0.0,0.0,0.0,0.0,0.0,0.0
feature,mui__material-ui-14465,mui/material-ui,TypeScript,hybrid_rrf,11,True,13,10,3,10,0.0,0.0,0.0,0.0,0.0,0.0,0.0,0.0,0.0,0.0,0.0,0.0,0.0,0.0,0.0,0.0,0.0,0.0,0.0,0.0,0.0
feature,mui__material-ui-14465,mui/material-ui,TypeScript,minilm256_pool100,11,True,13,10,3,10,0.0,0.0,0.0,0.0,0.0,0.0,0.0,0.0,0.0,0.0,0.0,0.0,0.0,0.0,0.0,0.0,0.0,0.0,0.0,0.0,0.0
feature,mui__material-ui-14465,mui/material-ui,TypeScript,coderank256_pool100,11,True,13,10,3,10,0.0,0.0,0.0,0.0,0.0,0.0,0.0,0.0,0.0,0.0,0.0,0.0,0.0,0.0,0.0,0.0,0.0,0.0,0.0,0.0,0.0
feature,mui__material-ui-14465,mui/material-ui,TypeScript,coderank2048_pool100,11,True,13,10,3,10,0.0,0.0,0.0,0.0,0.0,0.0,0.0,0.0,0.0,0.0,0.0,0.0,0.0,0.0,0.0,0.0,0.0,0.0,0.0,0.0,0.0
feature,mui__material-ui-14465,mui/material-ui,TypeScript,qwen3-coder:30b/paths,11,True,13,10,3,10,0.0,0.0,0.0,0.0,0.0,0.0,0.0,0.0,0.0,0.0,0.0,0.0,0.0,0.0,0.0,0.0,0.0,0.0,0.0,0.0,0.0
feature,mui__material-ui-14465,mui/material-ui,TypeScript,qwen3-coder:30b/content,11,True,13,10,3,10,0.0,0.0,0.0,0.0,0.0,0.0,0.0,0.0,0.0,0.0,0.0,0.0,0.0,0.0,0.0,0.0,0.0,0.0,0.0,0.0,0.0
feature,mui__material-ui-14465,mui/material-ui,TypeScript,devstral-small-2:24b/paths,11,True,13,10,3,5,0.0,0.0,0.0,0.0,0.0,0.0,0.0,0.0,0.0,0.0,0.0,0.0,0.0,0.0,0.0,0.0,0.0,0.0,0.0,0.0,0.0
feature,mui__material-ui-14465,mui/material-ui,TypeScript,devstral-small-2:24b/content,11,True,13,10,3,2,0.0,0.0,0.0,0.0,0.0,0.0,0.0,0.0,0.0,0.0,0.0,0.0,0.0,0.0,0.0,0.0,0.0,0.0,0.0,0.0,0.0
feature,mui__material-ui-14465,mui/material-ui,TypeScript,navigation/restricted40,11,True,13,10,3,10,0.0,0.0,0.0,0.0,0.0,0.0,0.0,0.0,0.0,0.0,0.0,0.0,0.0,0.0,0.0,0.0,0.0,0.0,0.0,0.0,0.0
feature,mui__material-ui-14465,mui/material-ui,TypeScript,navigation/repository,11,False,13,10,3,0,0.0,0.0,0.0,0.0,0.0,0.0,0.0,0.0,0.0,0.0,0.0,0.0,0.0,0.0,0.0,0.0,0.0,0.0,0.0,0.0,0.0
feature,mui__material-ui-15495,mui/material-ui,TypeScript,path_bm25,11,True,4,3,1,10,0.0,0.0,0.0,0.0,0.0,0.0,0.0,0.0,0.0,0.0,0.0,0.0,0.0,0.0,0.0,0.0,0.0,0.0,0.0,0.0,0.0
feature,mui__material-ui-15495,mui/material-ui,TypeScript,content_bm25,11,True,4,3,1,10,0.0,0.0,0.0,0.0,0.0,0.0,0.0,0.0,0.0,0.0,0.0,0.0,0.0,0.0,0.0,0.0,0.0,0.0,0.0,0.0,0.0
feature,mui__material-ui-15495,mui/material-ui,TypeScript,dense_minilm,11,True,4,3,1,10,0.0,0.0,0.0,0.0,0.0,0.0,0.0,0.0,0.0,0.0,0.0,0.0,0.0,0.0,0.0,0.0,0.0,0.0,0.0,0.0,0.0
feature,mui__material-ui-15495,mui/material-ui,TypeScript,hybrid_rrf,11,True,4,3,1,10,0.0,0.0,0.0,0.0,0.0,0.0,0.0,0.0,0.0,0.0,0.0,0.0,0.0,0.0,0.0,0.0,0.0,0.0,0.0,0.0,0.0
feature,mui__material-ui-15495,mui/material-ui,TypeScript,minilm256_pool100,11,True,4,3,1,10,0.0,0.0,0.0,0.0,0.0,0.0,0.0,0.0,0.0,0.0,0.0,0.0,0.0,0.0,0.0,0.0,0.0,0.0,0.0,0.0,0.0
feature,mui__material-ui-15495,mui/material-ui,TypeScript,coderank256_pool100,11,True,4,3,1,10,0.0,0.0,0.0,0.0,0.0,0.0,0.0,0.0,0.0,0.0,0.0,0.0,0.0,0.0,0.0,0.0,0.0,0.0,0.0,0.0,0.0
feature,mui__material-ui-15495,mui/material-ui,TypeScript,coderank2048_pool100,11,True,4,3,1,10,0.0,0.0,0.0,0.0,0.0,0.0,0.0,0.0,0.0,0.0,0.0,0.0,0.0,0.0,0.0,0.0,0.0,0.0,0.0,0.0,0.0
feature,mui__material-ui-15495,mui/material-ui,TypeScript,qwen3-coder:30b/paths,11,True,4,3,1,10,0.0,0.0,0.0,0.0,0.0,0.0,0.0,0.0,0.0,0.0,0.0,0.0,0.0,0.0,0.0,0.0,0.0,0.0,0.0,0.0,0.0
feature,mui__material-ui-15495,mui/material-ui,TypeScript,qwen3-coder:30b/content,11,True,4,3,1,10,0.0,0.0,0.0,0.0,0.0,0.0,0.0,0.0,0.0,0.0,0.0,0.0,0.0,0.0,0.0,0.0,0.0,0.0,0.0,0.0,0.0
feature,mui__material-ui-15495,mui/material-ui,TypeScript,devstral-small-2:24b/paths,11,True,4,3,1,10,0.0,0.0,0.0,0.0,0.0,0.0,0.0,0.0,0.0,0.0,0.0,0.0,0.0,0.0,0.0,0.0,0.0,0.0,0.0,0.0,0.0
feature,mui__material-ui-15495,mui/material-ui,TypeScript,devstral-small-2:24b/content,11,True,4,3,1,10,0.0,0.0,0.0,0.0,0.0,0.0,0.0,0.0,0.0,0.0,0.0,0.0,0.0,0.0,0.0,0.0,0.0,0.0,0.0,0.0,0.0
feature,mui__material-ui-15495,mui/material-ui,TypeScript,navigation/restricted40,11,True,4,3,1,5,0.0,0.0,0.0,0.0,0.0,0.0,0.0,0.0,0.0,0.0,0.0,0.0,0.0,0.0,0.0,0.0,0.0,0.0,0.0,0.0,0.0
feature,mui__material-ui-15495,mui/material-ui,TypeScript,navigation/repository,11,True,4,3,1,10,0.0,0.0,0.0,0.0,0.0,0.0,0.0,0.0,0.0,0.0,0.0,0.0,0.0,0.0,0.0,0.0,0.0,0.0,0.0,0.0,0.0
feature,mui__material-ui-17005,mui/material-ui,TypeScript,path_bm25,11,True,2,1,1,10,0.0,0.0,0.0,0.0,0.0,0.0,0.0,0.0,0.0,0.0,0.0,0.0,0.0,0.0,0.0,0.0,0.0,0.0,0.0,0.0,0.0
feature,mui__material-ui-17005,mui/material-ui,TypeScript,content_bm25,11,True,2,1,1,10,0.0,0.0,0.0,0.0,0.0,0.0,0.0,0.0,0.0,0.0,0.0,0.0,0.0,0.0,0.0,0.0,0.0,0.0,0.0,0.0,0.0
feature,mui__material-ui-17005,mui/material-ui,TypeScript,dense_minilm,11,True,2,1,1,10,0.0,0.0,0.0,0.0,0.0,0.0,0.0,0.0,0.0,0.0,0.0,0.0,0.0,0.0,0.0,0.0,0.0,0.0,0.0,0.0,0.0
feature,mui__material-ui-17005,mui/material-ui,TypeScript,hybrid_rrf,11,True,2,1,1,10,0.0,0.0,0.0,0.0,0.0,0.0,0.0,0.0,0.0,0.0,0.0,0.0,0.0,0.0,0.0,0.0,0.0,0.0,0.0,0.0,0.0
feature,mui__material-ui-17005,mui/material-ui,TypeScript,minilm256_pool100,11,True,2,1,1,10,0.0,0.0,0.0,0.0,0.0,0.0,0.0,0.0,0.0,0.0,0.0,0.0,0.0,0.0,0.0,0.0,0.0,0.0,0.0,0.0,0.0
feature,mui__material-ui-17005,mui/material-ui,TypeScript,coderank256_pool100,11,True,2,1,1,10,0.0,0.0,0.0,0.0,0.0,0.0,0.0,0.0,0.0,0.0,0.0,0.0,0.0,0.0,0.0,0.0,0.0,0.0,0.0,0.0,0.0
feature,mui__material-ui-17005,mui/material-ui,TypeScript,coderank2048_pool100,11,True,2,1,1,10,0.0,0.0,0.0,0.0,0.0,0.0,0.0,0.0,0.0,0.0,0.0,0.0,0.0,0.0,0.0,0.0,0.0,0.0,0.0,0.0,0.0
feature,mui__material-ui-17005,mui/material-ui,TypeScript,qwen3-coder:30b/paths,11,True,2,1,1,10,0.0,0.0,0.0,0.0,0.0,0.0,0.0,0.0,0.0,0.0,0.0,0.0,0.0,0.0,0.0,0.0,0.0,0.0,0.0,0.0,0.0
feature,mui__material-ui-17005,mui/material-ui,TypeScript,qwen3-coder:30b/content,11,True,2,1,1,10,0.0,0.0,0.0,0.0,0.0,0.0,0.0,0.0,0.0,0.0,0.0,0.0,0.0,0.0,0.0,0.0,0.0,0.0,0.0,0.0,0.0
feature,mui__material-ui-17005,mui/material-ui,TypeScript,devstral-small-2:24b/paths,11,True,2,1,1,10,0.0,0.0,0.0,0.0,0.0,0.0,0.0,0.0,0.0,0.0,0.0,0.0,0.0,0.0,0.0,0.0,0.0,0.0,0.0,0.0,0.0
feature,mui__material-ui-17005,mui/material-ui,TypeScript,devstral-small-2:24b/content,11,True,2,1,1,10,0.0,0.0,0.0,0.0,0.0,0.0,0.0,0.0,0.0,0.0,0.0,0.0,0.0,0.0,0.0,0.0,0.0,0.0,0.0,0.0,0.0
feature,mui__material-ui-17005,mui/material-ui,TypeScript,navigation/restricted40,11,True,2,1,1,10,0.0,0.0,0.0,0.0,0.0,0.0,0.0,0.0,0.0,0.0,0.0,0.0,0.0,0.0,0.0,0.0,0.0,0.0,0.0,0.0,0.0
feature,mui__material-ui-17005,mui/material-ui,TypeScript,navigation/repository,11,True,2,1,1,10,0.5,1.0,1.0,1.0,0.0,1.0,0.6666666666666666,0.6666666666666666,1.0,1.0,1.0,0.4,0.4,1.0,1.0,1.0,0.2,0.2,1.0,1.0,1.0
feature,mui__material-ui-17640,mui/material-ui,TypeScript,path_bm25,11,True,5,3,2,10,0.0,0.0,0.0,0.0,0.0,0.0,0.0,0.0,0.0,0.0,0.0,0.0,0.0,0.0,0.0,0.0,0.0,0.0,0.0,0.0,0.0
feature,mui__material-ui-17640,mui/material-ui,TypeScript,content_bm25,11,True,5,3,2,10,0.0,0.0,0.0,0.0,0.0,0.0,0.0,0.0,0.0,0.0,0.0,0.0,0.0,0.0,0.0,0.0,0.0,0.0,0.0,0.0,0.0
feature,mui__material-ui-17640,mui/material-ui,TypeScript,dense_minilm,11,True,5,3,2,10,0.0,0.0,0.0,0.0,0.0,0.0,0.0,0.0,0.0,0.0,0.0,0.0,0.0,0.0,0.0,0.0,0.0,0.0,0.0,0.0,0.0
feature,mui__material-ui-17640,mui/material-ui,TypeScript,hybrid_rrf,11,True,5,3,2,10,0.0,0.0,0.0,0.0,0.0,0.0,0.0,0.0,0.0,0.0,0.0,0.0,0.0,0.0,0.0,0.0,0.0,0.0,0.0,0.0,0.0
feature,mui__material-ui-17640,mui/material-ui,TypeScript,minilm256_pool100,11,True,5,3,2,10,0.0,0.0,0.0,0.0,0.0,0.0,0.0,0.0,0.0,0.0,0.0,0.0,0.0,0.0,0.0,0.0,0.0,0.0,0.0,0.0,0.0
feature,mui__material-ui-17640,mui/material-ui,TypeScript,coderank256_pool100,11,True,5,3,2,10,0.0,0.0,0.0,0.0,0.0,0.0,0.0,0.0,0.0,0.0,0.0,0.0,0.0,0.0,0.0,0.0,0.0,0.0,0.0,0.0,0.0
feature,mui__material-ui-17640,mui/material-ui,TypeScript,coderank2048_pool100,11,True,5,3,2,10,0.0,0.0,0.0,0.0,0.0,0.0,0.0,0.0,0.0,0.0,0.0,0.0,0.0,0.0,0.0,0.0,0.0,0.0,0.0,0.0,0.0
feature,mui__material-ui-17640,mui/material-ui,TypeScript,qwen3-coder:30b/paths,11,True,5,3,2,10,0.2,1.0,1.0,0.3333333333333333,0.0,0.2,0.3333333333333333,0.3333333333333333,0.3333333333333333,0.0,0.2,0.2,0.2,0.3333333333333333,0.0,0.2,0.1,0.1,0.3333333333333333,0.0,1.0
feature,mui__material-ui-17640,mui/material-ui,TypeScript,qwen3-coder:30b/content,11,True,5,3,2,3,0.2,1.0,1.0,0.3333333333333333,0.0,0.2,0.3333333333333333,0.3333333333333333,0.3333333333333333,0.0,0.2,0.2,0.3333333333333333,0.3333333333333333,0.0,0.2,0.1,0.3333333333333333,0.3333333333333333,0.0,1.0
feature,mui__material-ui-17640,mui/material-ui,TypeScript,devstral-small-2:24b/paths,11,True,5,3,2,5,0.2,1.0,1.0,0.3333333333333333,0.0,0.4,0.6666666666666666,0.6666666666666666,0.6666666666666666,0.0,0.4,0.4,0.4,0.6666666666666666,0.0,0.4,0.2,0.4,0.6666666666666666,0.0,1.0
feature,mui__material-ui-17640,mui/material-ui,TypeScript,devstral-small-2:24b/content,11,True,5,3,2,4,0.2,1.0,1.0,0.3333333333333333,0.0,0.2,0.3333333333333333,0.3333333333333333,0.3333333333333333,0.0,0.4,0.4,0.5,0.6666666666666666,0.0,0.4,0.2,0.5,0.6666666666666666,0.0,1.0
feature,mui__material-ui-17640,mui/material-ui,TypeScript,navigation/restricted40,11,False,5,3,2,0,0.0,0.0,0.0,0.0,0.0,0.0,0.0,0.0,0.0,0.0,0.0,0.0,0.0,0.0,0.0,0.0,0.0,0.0,0.0,0.0,0.0
feature,mui__material-ui-17640,mui/material-ui,TypeScript,navigation/repository,11,True,5,3,2,10,0.2,1.0,1.0,0.3333333333333333,0.0,0.2,0.3333333333333333,0.3333333333333333,0.3333333333333333,0.0,0.2,0.2,0.2,0.3333333333333333,0.0,0.2,0.1,0.1,0.3333333333333333,0.0,1.0
feature,mui__material-ui-17691,mui/material-ui,TypeScript,path_bm25,11,True,9,5,4,10,0.0,0.0,0.0,0.0,0.0,0.0,0.0,0.0,0.0,0.0,0.0,0.0,0.0,0.0,0.0,0.2222222222222222,0.2,0.2,0.4,0.0,0.125
feature,mui__material-ui-17691,mui/material-ui,TypeScript,content_bm25,11,True,9,5,4,10,0.0,0.0,0.0,0.0,0.0,0.0,0.0,0.0,0.0,0.0,0.1111111111111111,0.2,0.2,0.2,0.0,0.1111111111111111,0.1,0.1,0.2,0.0,0.25
feature,mui__material-ui-17691,mui/material-ui,TypeScript,dense_minilm,11,True,9,5,4,10,0.0,0.0,0.0,0.0,0.0,0.0,0.0,0.0,0.0,0.0,0.0,0.0,0.0,0.0,0.0,0.1111111111111111,0.1,0.1,0.2,0.0,0.14285714285714285
feature,mui__material-ui-17691,mui/material-ui,TypeScript,hybrid_rrf,11,True,9,5,4,10,0.1111111111111111,1.0,1.0,0.2,0.0,0.2222222222222222,0.6666666666666666,0.6666666666666666,0.4,0.0,0.4444444444444444,0.8,0.8,0.6,0.25,0.4444444444444444,0.4,0.4,0.6,0.25,1.0
feature,mui__material-ui-17691,mui/material-ui,TypeScript,minilm256_pool100,11,True,9,5,4,10,0.0,0.0,0.0,0.0,0.0,0.0,0.0,0.0,0.0,0.0,0.0,0.0,0.0,0.0,0.0,0.1111111111111111,0.1,0.1,0.2,0.0,0.14285714285714285
feature,mui__material-ui-17691,mui/material-ui,TypeScript,coderank256_pool100,11,True,9,5,4,10,0.0,0.0,0.0,0.0,0.0,0.0,0.0,0.0,0.0,0.0,0.0,0.0,0.0,0.0,0.0,0.1111111111111111,0.1,0.1,0.2,0.0,0.125
feature,mui__material-ui-17691,mui/material-ui,TypeScript,coderank2048_pool100,11,True,9,5,4,10,0.0,0.0,0.0,0.0,0.0,0.0,0.0,0.0,0.0,0.0,0.0,0.0,0.0,0.0,0.0,0.2222222222222222,0.2,0.2,0.4,0.0,0.16666666666666666
feature,mui__material-ui-17691,mui/material-ui,TypeScript,qwen3-coder:30b/paths,11,True,9,5,4,10,0.0,0.0,0.0,0.0,0.0,0.2222222222222222,0.6666666666666666,0.6666666666666666,0.4,0.0,0.4444444444444444,0.8,0.8,0.6,0.25,0.4444444444444444,0.4,0.4,0.6,0.25,0.5
feature,mui__material-ui-17691,mui/material-ui,TypeScript,qwen3-coder:30b/content,11,True,9,5,4,10,0.1111111111111111,1.0,1.0,0.2,0.0,0.2222222222222222,0.6666666666666666,0.6666666666666666,0.4,0.0,0.2222222222222222,0.4,0.4,0.4,0.0,0.2222222222222222,0.2,0.2,0.4,0.0,1.0
feature,mui__material-ui-17691,mui/material-ui,TypeScript,devstral-small-2:24b/paths,11,True,9,5,4,10,0.0,0.0,0.0,0.0,0.0,0.1111111111111111,0.3333333333333333,0.3333333333333333,0.2,0.0,0.3333333333333333,0.6,0.6,0.4,0.25,0.4444444444444444,0.4,0.4,0.6,0.25,0.3333333333333333
feature,mui__material-ui-17691,mui/material-ui,TypeScript,devstral-small-2:24b/content,11,True,9,5,4,10,0.0,0.0,0.0,0.0,0.0,0.0,0.0,0.0,0.0,0.0,0.1111111111111111,0.2,0.2,0.0,0.25,0.4444444444444444,0.4,0.4,0.6,0.25,0.2
feature,mui__material-ui-17691,mui/material-ui,TypeScript,navigation/restricted40,11,True,9,5,4,7,0.1111111111111111,1.0,1.0,0.2,0.0,0.3333333333333333,1.0,1.0,0.6,0.0,0.4444444444444444,0.8,0.8,0.6,0.25,0.4444444444444444,0.4,0.5714285714285714,0.6,0.25,1.0
feature,mui__material-ui-17691,mui/material-ui,TypeScript,navigation/restricted40,29,True,9,5,4,7,0.1111111111111111,1.0,1.0,0.2,0.0,0.3333333333333333,1.0,1.0,0.6,0.0,0.4444444444444444,0.8,0.8,0.6,0.25,0.4444444444444444,0.4,0.5714285714285714,0.6,0.25,1.0
feature,mui__material-ui-17691,mui/material-ui,TypeScript,navigation/restricted40,47,True,9,5,4,7,0.1111111111111111,1.0,1.0,0.2,0.0,0.3333333333333333,1.0,1.0,0.6,0.0,0.4444444444444444,0.8,0.8,0.6,0.25,0.4444444444444444,0.4,0.5714285714285714,0.6,0.25,1.0
feature,mui__material-ui-17691,mui/material-ui,TypeScript,navigation/repository,11,True,9,5,4,10,0.0,0.0,0.0,0.0,0.0,0.2222222222222222,0.6666666666666666,0.6666666666666666,0.4,0.0,0.2222222222222222,0.4,0.4,0.4,0.0,0.4444444444444444,0.4,0.4,0.6,0.25,0.5
feature,mui__material-ui-17691,mui/material-ui,TypeScript,navigation/repository,29,True,9,5,4,10,0.0,0.0,0.0,0.0,0.0,0.2222222222222222,0.6666666666666666,0.6666666666666666,0.4,0.0,0.2222222222222222,0.4,0.4,0.4,0.0,0.4444444444444444,0.4,0.4,0.6,0.25,0.5
feature,mui__material-ui-17691,mui/material-ui,TypeScript,navigation/repository,47,True,9,5,4,2,0.1111111111111111,1.0,1.0,0.2,0.0,0.2222222222222222,0.6666666666666666,1.0,0.4,0.0,0.2222222222222222,0.4,1.0,0.4,0.0,0.2222222222222222,0.2,1.0,0.4,0.0,1.0
feature,mui__material-ui-17829,mui/material-ui,TypeScript,path_bm25,11,True,3,2,1,10,0.0,0.0,0.0,0.0,0.0,0.0,0.0,0.0,0.0,0.0,0.0,0.0,0.0,0.0,0.0,0.0,0.0,0.0,0.0,0.0,0.0
feature,mui__material-ui-17829,mui/material-ui,TypeScript,content_bm25,11,True,3,2,1,10,0.0,0.0,0.0,0.0,0.0,0.0,0.0,0.0,0.0,0.0,0.0,0.0,0.0,0.0,0.0,0.0,0.0,0.0,0.0,0.0,0.0
feature,mui__material-ui-17829,mui/material-ui,TypeScript,dense_minilm,11,True,3,2,1,10,0.0,0.0,0.0,0.0,0.0,0.0,0.0,0.0,0.0,0.0,0.0,0.0,0.0,0.0,0.0,0.0,0.0,0.0,0.0,0.0,0.0
feature,mui__material-ui-17829,mui/material-ui,TypeScript,hybrid_rrf,11,True,3,2,1,10,0.0,0.0,0.0,0.0,0.0,0.0,0.0,0.0,0.0,0.0,0.0,0.0,0.0,0.0,0.0,0.0,0.0,0.0,0.0,0.0,0.0
feature,mui__material-ui-17829,mui/material-ui,TypeScript,minilm256_pool100,11,True,3,2,1,10,0.0,0.0,0.0,0.0,0.0,0.0,0.0,0.0,0.0,0.0,0.0,0.0,0.0,0.0,0.0,0.0,0.0,0.0,0.0,0.0,0.0
feature,mui__material-ui-17829,mui/material-ui,TypeScript,coderank256_pool100,11,True,3,2,1,10,0.0,0.0,0.0,0.0,0.0,0.0,0.0,0.0,0.0,0.0,0.0,0.0,0.0,0.0,0.0,0.0,0.0,0.0,0.0,0.0,0.0
feature,mui__material-ui-17829,mui/material-ui,TypeScript,coderank2048_pool100,11,True,3,2,1,10,0.0,0.0,0.0,0.0,0.0,0.0,0.0,0.0,0.0,0.0,0.0,0.0,0.0,0.0,0.0,0.0,0.0,0.0,0.0,0.0,0.0
feature,mui__material-ui-17829,mui/material-ui,TypeScript,qwen3-coder:30b/paths,11,True,3,2,1,10,0.0,0.0,0.0,0.0,0.0,0.0,0.0,0.0,0.0,0.0,0.0,0.0,0.0,0.0,0.0,0.0,0.0,0.0,0.0,0.0,0.0
feature,mui__material-ui-17829,mui/material-ui,TypeScript,qwen3-coder:30b/content,11,True,3,2,1,10,0.0,0.0,0.0,0.0,0.0,0.0,0.0,0.0,0.0,0.0,0.0,0.0,0.0,0.0,0.0,0.0,0.0,0.0,0.0,0.0,0.0
feature,mui__material-ui-17829,mui/material-ui,TypeScript,devstral-small-2:24b/paths,11,True,3,2,1,10,0.0,0.0,0.0,0.0,0.0,0.0,0.0,0.0,0.0,0.0,0.0,0.0,0.0,0.0,0.0,0.0,0.0,0.0,0.0,0.0,0.0
feature,mui__material-ui-17829,mui/material-ui,TypeScript,devstral-small-2:24b/content,11,True,3,2,1,10,0.0,0.0,0.0,0.0,0.0,0.0,0.0,0.0,0.0,0.0,0.0,0.0,0.0,0.0,0.0,0.0,0.0,0.0,0.0,0.0,0.0
feature,mui__material-ui-17829,mui/material-ui,TypeScript,navigation/restricted40,11,True,3,2,1,10,0.0,0.0,0.0,0.0,0.0,0.0,0.0,0.0,0.0,0.0,0.0,0.0,0.0,0.0,0.0,0.0,0.0,0.0,0.0,0.0,0.0
feature,mui__material-ui-17829,mui/material-ui,TypeScript,navigation/repository,11,True,3,2,1,4,0.3333333333333333,1.0,1.0,0.5,0.0,0.3333333333333333,0.3333333333333333,0.3333333333333333,0.5,0.0,0.3333333333333333,0.2,0.25,0.5,0.0,0.3333333333333333,0.1,0.25,0.5,0.0,1.0
feature,mui__material-ui-18744,mui/material-ui,TypeScript,path_bm25,11,True,5,4,1,10,0.0,0.0,0.0,0.0,0.0,0.0,0.0,0.0,0.0,0.0,0.0,0.0,0.0,0.0,0.0,0.0,0.0,0.0,0.0,0.0,0.0
feature,mui__material-ui-18744,mui/material-ui,TypeScript,content_bm25,11,True,5,4,1,10,0.0,0.0,0.0,0.0,0.0,0.0,0.0,0.0,0.0,0.0,0.0,0.0,0.0,0.0,0.0,0.0,0.0,0.0,0.0,0.0,0.0
feature,mui__material-ui-18744,mui/material-ui,TypeScript,dense_minilm,11,True,5,4,1,10,0.0,0.0,0.0,0.0,0.0,0.0,0.0,0.0,0.0,0.0,0.0,0.0,0.0,0.0,0.0,0.0,0.0,0.0,0.0,0.0,0.0
feature,mui__material-ui-18744,mui/material-ui,TypeScript,hybrid_rrf,11,True,5,4,1,10,0.0,0.0,0.0,0.0,0.0,0.2,0.3333333333333333,0.3333333333333333,0.25,0.0,0.2,0.2,0.2,0.25,0.0,0.2,0.1,0.1,0.25,0.0,0.3333333333333333
feature,mui__material-ui-18744,mui/material-ui,TypeScript,minilm256_pool100,11,True,5,4,1,10,0.0,0.0,0.0,0.0,0.0,0.0,0.0,0.0,0.0,0.0,0.0,0.0,0.0,0.0,0.0,0.0,0.0,0.0,0.0,0.0,0.0
feature,mui__material-ui-18744,mui/material-ui,TypeScript,coderank256_pool100,11,True,5,4,1,10,0.0,0.0,0.0,0.0,0.0,0.0,0.0,0.0,0.0,0.0,0.0,0.0,0.0,0.0,0.0,0.0,0.0,0.0,0.0,0.0,0.0
feature,mui__material-ui-18744,mui/material-ui,TypeScript,coderank2048_pool100,11,True,5,4,1,10,0.0,0.0,0.0,0.0,0.0,0.0,0.0,0.0,0.0,0.0,0.0,0.0,0.0,0.0,0.0,0.0,0.0,0.0,0.0,0.0,0.0
feature,mui__material-ui-18744,mui/material-ui,TypeScript,qwen3-coder:30b/paths,11,True,5,4,1,10,0.2,1.0,1.0,0.25,0.0,0.2,0.3333333333333333,0.3333333333333333,0.25,0.0,0.2,0.2,0.2,0.25,0.0,0.4,0.2,0.2,0.5,0.0,1.0
feature,mui__material-ui-18744,mui/material-ui,TypeScript,qwen3-coder:30b/content,11,True,5,4,1,10,0.2,1.0,1.0,0.25,0.0,0.2,0.3333333333333333,0.3333333333333333,0.25,0.0,0.4,0.4,0.4,0.5,0.0,0.4,0.2,0.2,0.5,0.0,1.0
feature,mui__material-ui-18744,mui/material-ui,TypeScript,devstral-small-2:24b/paths,11,True,5,4,1,10,0.2,1.0,1.0,0.25,0.0,0.2,0.3333333333333333,0.3333333333333333,0.25,0.0,0.2,0.2,0.2,0.25,0.0,0.4,0.2,0.2,0.5,0.0,1.0
feature,mui__material-ui-18744,mui/material-ui,TypeScript,devstral-small-2:24b/content,11,True,5,4,1,6,0.2,1.0,1.0,0.25,0.0,0.2,0.3333333333333333,0.3333333333333333,0.25,0.0,0.2,0.2,0.2,0.25,0.0,0.2,0.1,0.16666666666666666,0.25,0.0,1.0
feature,mui__material-ui-18744,mui/material-ui,TypeScript,navigation/restricted40,11,False,5,4,1,0,0.0,0.0,0.0,0.0,0.0,0.0,0.0,0.0,0.0,0.0,0.0,0.0,0.0,0.0,0.0,0.0,0.0,0.0,0.0,0.0,0.0
feature,mui__material-ui-18744,mui/material-ui,TypeScript,navigation/repository,11,True,5,4,1,4,0.2,1.0,1.0,0.25,0.0,0.2,0.3333333333333333,0.3333333333333333,0.25,0.0,0.2,0.2,0.25,0.25,0.0,0.2,0.1,0.25,0.25,0.0,1.0
feature,mui__material-ui-20133,mui/material-ui,TypeScript,path_bm25,11,True,9,7,2,10,0.0,0.0,0.0,0.0,0.0,0.0,0.0,0.0,0.0,0.0,0.0,0.0,0.0,0.0,0.0,0.0,0.0,0.0,0.0,0.0,0.0
feature,mui__material-ui-20133,mui/material-ui,TypeScript,content_bm25,11,True,9,7,2,10,0.0,0.0,0.0,0.0,0.0,0.0,0.0,0.0,0.0,0.0,0.0,0.0,0.0,0.0,0.0,0.0,0.0,0.0,0.0,0.0,0.0
feature,mui__material-ui-20133,mui/material-ui,TypeScript,dense_minilm,11,True,9,7,2,10,0.0,0.0,0.0,0.0,0.0,0.1111111111111111,0.3333333333333333,0.3333333333333333,0.14285714285714285,0.0,0.3333333333333333,0.6,0.6,0.42857142857142855,0.0,0.5555555555555556,0.5,0.5,0.7142857142857143,0.0,0.3333333333333333
feature,mui__material-ui-20133,mui/material-ui,TypeScript,hybrid_rrf,11,True,9,7,2,10,0.0,0.0,0.0,0.0,0.0,0.0,0.0,0.0,0.0,0.0,0.0,0.0,0.0,0.0,0.0,0.4444444444444444,0.4,0.4,0.5714285714285714,0.0,0.16666666666666666
feature,mui__material-ui-20133,mui/material-ui,TypeScript,minilm256_pool100,11,True,9,7,2,10,0.0,0.0,0.0,0.0,0.0,0.1111111111111111,0.3333333333333333,0.3333333333333333,0.14285714285714285,0.0,0.3333333333333333,0.6,0.6,0.42857142857142855,0.0,0.5555555555555556,0.5,0.5,0.7142857142857143,0.0,0.3333333333333333
feature,mui__material-ui-20133,mui/material-ui,TypeScript,coderank256_pool100,11,True,9,7,2,10,0.1111111111111111,1.0,1.0,0.14285714285714285,0.0,0.1111111111111111,0.3333333333333333,0.3333333333333333,0.14285714285714285,0.0,0.2222222222222222,0.4,0.4,0.2857142857142857,0.0,0.6666666666666666,0.6,0.6,0.5714285714285714,1.0,1.0
feature,mui__material-ui-20133,mui/material-ui,TypeScript,coderank2048_pool100,11,True,9,7,2,10,0.0,0.0,0.0,0.0,0.0,0.1111111111111111,0.3333333333333333,0.3333333333333333,0.14285714285714285,0.0,0.1111111111111111,0.2,0.2,0.14285714285714285,0.0,0.4444444444444444,0.4,0.4,0.5714285714285714,0.0,0.3333333333333333
feature,mui__material-ui-20133,mui/material-ui,TypeScript,qwen3-coder:30b/paths,11,True,9,7,2,10,0.1111111111111111,1.0,1.0,0.14285714285714285,0.0,0.3333333333333333,1.0,1.0,0.2857142857142857,0.5,0.5555555555555556,1.0,1.0,0.5714285714285714,0.5,0.7777777777777778,0.7,0.7,0.8571428571428571,0.5,1.0
feature,mui__material-ui-20133,mui/material-ui,TypeScript,qwen3-coder:30b/content,11,True,9,7,2,10,0.1111111111111111,1.0,1.0,0.14285714285714285,0.0,0.3333333333333333,1.0,1.0,0.2857142857142857,0.5,0.5555555555555556,1.0,1.0,0.5714285714285714,0.5,0.7777777777777778,0.7,0.7,0.8571428571428571,0.5,1.0
feature,mui__material-ui-20133,mui/material-ui,TypeScript,devstral-small-2:24b/paths,11,True,9,7,2,10,0.1111111111111111,1.0,1.0,0.14285714285714285,0.0,0.3333333333333333,1.0,1.0,0.42857142857142855,0.0,0.5555555555555556,1.0,1.0,0.7142857142857143,0.0,0.7777777777777778,0.7,0.7,0.8571428571428571,0.5,1.0
feature,mui__material-ui-20133,mui/material-ui,TypeScript,devstral-small-2:24b/content,11,True,9,7,2,10,0.1111111111111111,1.0,1.0,0.14285714285714285,0.0,0.3333333333333333,1.0,1.0,0.2857142857142857,0.5,0.5555555555555556,1.0,1.0,0.5714285714285714,0.5,0.6666666666666666,0.6,0.6,0.7142857142857143,0.5,1.0
feature,mui__material-ui-20133,mui/material-ui,TypeScript,navigation/restricted40,11,True,9,7,2,5,0.1111111111111111,1.0,1.0,0.14285714285714285,0.0,0.3333333333333333,1.0,1.0,0.2857142857142857,0.5,0.5555555555555556,1.0,1.0,0.5714285714285714,0.5,0.5555555555555556,0.5,1.0,0.5714285714285714,0.5,1.0
feature,mui__material-ui-20133,mui/material-ui,TypeScript,navigation/repository,11,True,9,7,2,4,0.1111111111111111,1.0,1.0,0.14285714285714285,0.0,0.3333333333333333,1.0,1.0,0.2857142857142857,0.5,0.4444444444444444,0.8,1.0,0.2857142857142857,1.0,0.4444444444444444,0.4,1.0,0.2857142857142857,1.0,1.0
feature,mui__material-ui-20781,mui/material-ui,TypeScript,path_bm25,11,True,4,3,1,10,0.0,0.0,0.0,0.0,0.0,0.0,0.0,0.0,0.0,0.0,0.0,0.0,0.0,0.0,0.0,0.0,0.0,0.0,0.0,0.0,0.0
feature,mui__material-ui-20781,mui/material-ui,TypeScript,content_bm25,11,True,4,3,1,10,0.0,0.0,0.0,0.0,0.0,0.0,0.0,0.0,0.0,0.0,0.0,0.0,0.0,0.0,0.0,0.0,0.0,0.0,0.0,0.0,0.0
feature,mui__material-ui-20781,mui/material-ui,TypeScript,dense_minilm,11,True,4,3,1,10,0.0,0.0,0.0,0.0,0.0,0.0,0.0,0.0,0.0,0.0,0.0,0.0,0.0,0.0,0.0,0.25,0.1,0.1,0.3333333333333333,0.0,0.1111111111111111
feature,mui__material-ui-20781,mui/material-ui,TypeScript,hybrid_rrf,11,True,4,3,1,10,0.0,0.0,0.0,0.0,0.0,0.0,0.0,0.0,0.0,0.0,0.0,0.0,0.0,0.0,0.0,0.25,0.1,0.1,0.3333333333333333,0.0,0.125
feature,mui__material-ui-20781,mui/material-ui,TypeScript,minilm256_pool100,11,True,4,3,1,10,0.0,0.0,0.0,0.0,0.0,0.0,0.0,0.0,0.0,0.0,0.0,0.0,0.0,0.0,0.0,0.25,0.1,0.1,0.3333333333333333,0.0,0.1111111111111111
feature,mui__material-ui-20781,mui/material-ui,TypeScript,coderank256_pool100,11,True,4,3,1,10,0.0,0.0,0.0,0.0,0.0,0.0,0.0,0.0,0.0,0.0,0.0,0.0,0.0,0.0,0.0,0.0,0.0,0.0,0.0,0.0,0.0
feature,mui__material-ui-20781,mui/material-ui,TypeScript,coderank2048_pool100,11,True,4,3,1,10,0.0,0.0,0.0,0.0,0.0,0.0,0.0,0.0,0.0,0.0,0.0,0.0,0.0,0.0,0.0,0.0,0.0,0.0,0.0,0.0,0.0
feature,mui__material-ui-20781,mui/material-ui,TypeScript,qwen3-coder:30b/paths,11,True,4,3,1,10,0.25,1.0,1.0,0.3333333333333333,0.0,0.25,0.3333333333333333,0.3333333333333333,0.3333333333333333,0.0,0.25,0.2,0.2,0.3333333333333333,0.0,0.25,0.1,0.1,0.3333333333333333,0.0,1.0
feature,mui__material-ui-20781,mui/material-ui,TypeScript,qwen3-coder:30b/content,11,True,4,3,1,10,0.25,1.0,1.0,0.3333333333333333,0.0,0.25,0.3333333333333333,0.3333333333333333,0.3333333333333333,0.0,0.25,0.2,0.2,0.3333333333333333,0.0,0.25,0.1,0.1,0.3333333333333333,0.0,1.0
feature,mui__material-ui-20781,mui/material-ui,TypeScript,devstral-small-2:24b/paths,11,True,4,3,1,10,0.25,1.0,1.0,0.3333333333333333,0.0,0.25,0.3333333333333333,0.3333333333333333,0.3333333333333333,0.0,0.25,0.2,0.2,0.3333333333333333,0.0,0.25,0.1,0.1,0.3333333333333333,0.0,1.0
feature,mui__material-ui-20781,mui/material-ui,TypeScript,devstral-small-2:24b/content,11,True,4,3,1,10,0.25,1.0,1.0,0.3333333333333333,0.0,0.25,0.3333333333333333,0.3333333333333333,0.3333333333333333,0.0,0.25,0.2,0.2,0.3333333333333333,0.0,0.25,0.1,0.1,0.3333333333333333,0.0,1.0
feature,mui__material-ui-20781,mui/material-ui,TypeScript,navigation/restricted40,11,True,4,3,1,2,0.25,1.0,1.0,0.3333333333333333,0.0,0.25,0.3333333333333333,0.5,0.3333333333333333,0.0,0.25,0.2,0.5,0.3333333333333333,0.0,0.25,0.1,0.5,0.3333333333333333,0.0,1.0
feature,mui__material-ui-20781,mui/material-ui,TypeScript,navigation/restricted40,29,True,4,3,1,2,0.25,1.0,1.0,0.3333333333333333,0.0,0.25,0.3333333333333333,0.5,0.3333333333333333,0.0,0.25,0.2,0.5,0.3333333333333333,0.0,0.25,0.1,0.5,0.3333333333333333,0.0,1.0
feature,mui__material-ui-20781,mui/material-ui,TypeScript,navigation/restricted40,47,True,4,3,1,2,0.25,1.0,1.0,0.3333333333333333,0.0,0.25,0.3333333333333333,0.5,0.3333333333333333,0.0,0.25,0.2,0.5,0.3333333333333333,0.0,0.25,0.1,0.5,0.3333333333333333,0.0,1.0
feature,mui__material-ui-20781,mui/material-ui,TypeScript,navigation/repository,11,True,4,3,1,5,0.25,1.0,1.0,0.3333333333333333,0.0,0.25,0.3333333333333333,0.3333333333333333,0.3333333333333333,0.0,0.25,0.2,0.2,0.3333333333333333,0.0,0.25,0.1,0.2,0.3333333333333333,0.0,1.0
feature,mui__material-ui-20781,mui/material-ui,TypeScript,navigation/repository,29,True,4,3,1,5,0.25,1.0,1.0,0.3333333333333333,0.0,0.25,0.3333333333333333,0.3333333333333333,0.3333333333333333,0.0,0.25,0.2,0.2,0.3333333333333333,0.0,0.25,0.1,0.2,0.3333333333333333,0.0,1.0
feature,mui__material-ui-20781,mui/material-ui,TypeScript,navigation/repository,47,True,4,3,1,5,0.25,1.0,1.0,0.3333333333333333,0.0,0.25,0.3333333333333333,0.3333333333333333,0.3333333333333333,0.0,0.25,0.2,0.2,0.3333333333333333,0.0,0.25,0.1,0.2,0.3333333333333333,0.0,1.0
feature,mui__material-ui-21192,mui/material-ui,TypeScript,path_bm25,11,True,6,4,2,10,0.0,0.0,0.0,0.0,0.0,0.0,0.0,0.0,0.0,0.0,0.0,0.0,0.0,0.0,0.0,0.0,0.0,0.0,0.0,0.0,0.0
feature,mui__material-ui-21192,mui/material-ui,TypeScript,content_bm25,11,True,6,4,2,10,0.0,0.0,0.0,0.0,0.0,0.0,0.0,0.0,0.0,0.0,0.0,0.0,0.0,0.0,0.0,0.0,0.0,0.0,0.0,0.0,0.0
feature,mui__material-ui-21192,mui/material-ui,TypeScript,dense_minilm,11,True,6,4,2,10,0.16666666666666666,1.0,1.0,0.25,0.0,0.16666666666666666,0.3333333333333333,0.3333333333333333,0.25,0.0,0.16666666666666666,0.2,0.2,0.25,0.0,0.16666666666666666,0.1,0.1,0.25,0.0,1.0
feature,mui__material-ui-21192,mui/material-ui,TypeScript,hybrid_rrf,11,True,6,4,2,10,0.0,0.0,0.0,0.0,0.0,0.0,0.0,0.0,0.0,0.0,0.16666666666666666,0.2,0.2,0.25,0.0,0.5,0.3,0.3,0.5,0.5,0.2
feature,mui__material-ui-21192,mui/material-ui,TypeScript,minilm256_pool100,11,True,6,4,2,10,0.16666666666666666,1.0,1.0,0.25,0.0,0.16666666666666666,0.3333333333333333,0.3333333333333333,0.25,0.0,0.16666666666666666,0.2,0.2,0.25,0.0,0.16666666666666666,0.1,0.1,0.25,0.0,1.0
feature,mui__material-ui-21192,mui/material-ui,TypeScript,coderank256_pool100,11,True,6,4,2,10,0.16666666666666666,1.0,1.0,0.25,0.0,0.3333333333333333,0.6666666666666666,0.6666666666666666,0.5,0.0,0.3333333333333333,0.4,0.4,0.5,0.0,0.3333333333333333,0.2,0.2,0.5,0.0,1.0
feature,mui__material-ui-21192,mui/material-ui,TypeScript,coderank2048_pool100,11,True,6,4,2,10,0.0,0.0,0.0,0.0,0.0,0.16666666666666666,0.3333333333333333,0.3333333333333333,0.25,0.0,0.16666666666666666,0.2,0.2,0.25,0.0,0.16666666666666666,0.1,0.1,0.25,0.0,0.3333333333333333
feature,mui__material-ui-21192,mui/material-ui,TypeScript,qwen3-coder:30b/paths,11,True,6,4,2,10,0.16666666666666666,1.0,1.0,0.25,0.0,0.5,1.0,1.0,0.5,0.5,0.5,0.6,0.6,0.5,0.5,0.5,0.3,0.3,0.5,0.5,1.0
feature,mui__material-ui-21192,mui/material-ui,TypeScript,qwen3-coder:30b/content,11,True,6,4,2,10,0.16666666666666666,1.0,1.0,0.25,0.0,0.5,1.0,1.0,0.5,0.5,0.5,0.6,0.6,0.5,0.5,0.5,0.3,0.3,0.5,0.5,1.0
feature,mui__material-ui-21192,mui/material-ui,TypeScript,devstral-small-2:24b/paths,11,True,6,4,2,10,0.16666666666666666,1.0,1.0,0.25,0.0,0.3333333333333333,0.6666666666666666,0.6666666666666666,0.25,0.5,0.5,0.6,0.6,0.5,0.5,0.5,0.3,0.3,0.5,0.5,1.0
feature,mui__material-ui-21192,mui/material-ui,TypeScript,devstral-small-2:24b/content,11,True,6,4,2,8,0.16666666666666666,1.0,1.0,0.25,0.0,0.3333333333333333,0.6666666666666666,0.6666666666666666,0.25,0.5,0.5,0.6,0.6,0.5,0.5,0.5,0.3,0.375,0.5,0.5,1.0
feature,mui__material-ui-21192,mui/material-ui,TypeScript,navigation/restricted40,11,True,6,4,2,4,0.16666666666666666,1.0,1.0,0.25,0.0,0.3333333333333333,0.6666666666666666,0.6666666666666666,0.25,0.5,0.5,0.6,0.75,0.5,0.5,0.5,0.3,0.75,0.5,0.5,1.0
feature,mui__material-ui-21192,mui/material-ui,TypeScript,navigation/repository,11,False,6,4,2,0,0.0,0.0,0.0,0.0,0.0,0.0,0.0,0.0,0.0,0.0,0.0,0.0,0.0,0.0,0.0,0.0,0.0,0.0,0.0,0.0,0.0
feature,mui__material-ui-23364,mui/material-ui,TypeScript,path_bm25,11,True,5,3,2,10,0.0,0.0,0.0,0.0,0.0,0.0,0.0,0.0,0.0,0.0,0.0,0.0,0.0,0.0,0.0,0.0,0.0,0.0,0.0,0.0,0.0
feature,mui__material-ui-23364,mui/material-ui,TypeScript,content_bm25,11,True,5,3,2,10,0.0,0.0,0.0,0.0,0.0,0.0,0.0,0.0,0.0,0.0,0.0,0.0,0.0,0.0,0.0,0.0,0.0,0.0,0.0,0.0,0.0
feature,mui__material-ui-23364,mui/material-ui,TypeScript,dense_minilm,11,True,5,3,2,10,0.2,1.0,1.0,0.3333333333333333,0.0,0.2,0.3333333333333333,0.3333333333333333,0.3333333333333333,0.0,0.4,0.4,0.4,0.6666666666666666,0.0,0.6,0.3,0.3,1.0,0.0,1.0
feature,mui__material-ui-23364,mui/material-ui,TypeScript,hybrid_rrf,11,True,5,3,2,10,0.0,0.0,0.0,0.0,0.0,0.0,0.0,0.0,0.0,0.0,0.0,0.0,0.0,0.0,0.0,0.0,0.0,0.0,0.0,0.0,0.0
feature,mui__material-ui-23364,mui/material-ui,TypeScript,minilm256_pool100,11,True,5,3,2,10,0.2,1.0,1.0,0.3333333333333333,0.0,0.2,0.3333333333333333,0.3333333333333333,0.3333333333333333,0.0,0.4,0.4,0.4,0.6666666666666666,0.0,0.6,0.3,0.3,1.0,0.0,1.0
feature,mui__material-ui-23364,mui/material-ui,TypeScript,coderank256_pool100,11,True,5,3,2,10,0.0,0.0,0.0,0.0,0.0,0.0,0.0,0.0,0.0,0.0,0.0,0.0,0.0,0.0,0.0,0.0,0.0,0.0,0.0,0.0,0.0
feature,mui__material-ui-23364,mui/material-ui,TypeScript,coderank2048_pool100,11,True,5,3,2,10,0.0,0.0,0.0,0.0,0.0,0.0,0.0,0.0,0.0,0.0,0.0,0.0,0.0,0.0,0.0,0.0,0.0,0.0,0.0,0.0,0.0
feature,mui__material-ui-23364,mui/material-ui,TypeScript,qwen3-coder:30b/paths,11,True,5,3,2,10,0.2,1.0,1.0,0.3333333333333333,0.0,0.4,0.6666666666666666,0.6666666666666666,0.6666666666666666,0.0,0.4,0.4,0.4,0.6666666666666666,0.0,0.6,0.3,0.3,1.0,0.0,1.0
feature,mui__material-ui-23364,mui/material-ui,TypeScript,qwen3-coder:30b/content,11,True,5,3,2,10,0.2,1.0,1.0,0.3333333333333333,0.0,0.2,0.3333333333333333,0.3333333333333333,0.3333333333333333,0.0,0.6,0.6,0.6,1.0,0.0,0.6,0.3,0.3,1.0,0.0,1.0
feature,mui__material-ui-23364,mui/material-ui,TypeScript,devstral-small-2:24b/paths,11,True,5,3,2,6,0.2,1.0,1.0,0.3333333333333333,0.0,0.4,0.6666666666666666,0.6666666666666666,0.6666666666666666,0.0,0.6,0.6,0.6,1.0,0.0,0.6,0.3,0.5,1.0,0.0,1.0
feature,mui__material-ui-23364,mui/material-ui,TypeScript,devstral-small-2:24b/content,11,True,5,3,2,6,0.2,1.0,1.0,0.3333333333333333,0.0,0.2,0.3333333333333333,0.3333333333333333,0.3333333333333333,0.0,0.4,0.4,0.4,0.6666666666666666,0.0,0.6,0.3,0.5,1.0,0.0,1.0
feature,mui__material-ui-23364,mui/material-ui,TypeScript,navigation/restricted40,11,True,5,3,2,1,0.2,1.0,1.0,0.3333333333333333,0.0,0.2,0.3333333333333333,1.0,0.3333333333333333,0.0,0.2,0.2,1.0,0.3333333333333333,0.0,0.2,0.1,1.0,0.3333333333333333,0.0,1.0
feature,mui__material-ui-23364,mui/material-ui,TypeScript,navigation/repository,11,True,5,3,2,10,0.2,1.0,1.0,0.3333333333333333,0.0,0.4,0.6666666666666666,0.6666666666666666,0.3333333333333333,0.5,0.4,0.4,0.4,0.3333333333333333,0.5,0.4,0.2,0.2,0.3333333333333333,0.5,1.0
feature,mui__material-ui-26746,mui/material-ui,TypeScript,path_bm25,11,True,11,6,5,10,0.0,0.0,0.0,0.0,0.0,0.0,0.0,0.0,0.0,0.0,0.0,0.0,0.0,0.0,0.0,0.0,0.0,0.0,0.0,0.0,0.0
feature,mui__material-ui-26746,mui/material-ui,TypeScript,content_bm25,11,True,11,6,5,10,0.0,0.0,0.0,0.0,0.0,0.09090909090909091,0.3333333333333333,0.3333333333333333,0.16666666666666666,0.0,0.09090909090909091,0.2,0.2,0.16666666666666666,0.0,0.18181818181818182,0.2,0.2,0.16666666666666666,0.2,0.5
feature,mui__material-ui-26746,mui/material-ui,TypeScript,dense_minilm,11,True,11,6,5,10,0.09090909090909091,1.0,1.0,0.16666666666666666,0.0,0.09090909090909091,0.3333333333333333,0.3333333333333333,0.16666666666666666,0.0,0.09090909090909091,0.2,0.2,0.16666666666666666,0.0,0.09090909090909091,0.1,0.1,0.16666666666666666,0.0,1.0
feature,mui__material-ui-26746,mui/material-ui,TypeScript,hybrid_rrf,11,True,11,6,5,10,0.09090909090909091,1.0,1.0,0.16666666666666666,0.0,0.09090909090909091,0.3333333333333333,0.3333333333333333,0.16666666666666666,0.0,0.09090909090909091,0.2,0.2,0.16666666666666666,0.0,0.36363636363636365,0.4,0.4,0.5,0.2,1.0
feature,mui__material-ui-26746,mui/material-ui,TypeScript,minilm256_pool100,11,True,11,6,5,10,0.09090909090909091,1.0,1.0,0.16666666666666666,0.0,0.09090909090909091,0.3333333333333333,0.3333333333333333,0.16666666666666666,0.0,0.09090909090909091,0.2,0.2,0.16666666666666666,0.0,0.09090909090909091,0.1,0.1,0.16666666666666666,0.0,1.0
feature,mui__material-ui-26746,mui/material-ui,TypeScript,coderank256_pool100,11,True,11,6,5,10,0.09090909090909091,1.0,1.0,0.16666666666666666,0.0,0.18181818181818182,0.6666666666666666,0.6666666666666666,0.3333333333333333,0.0,0.18181818181818182,0.4,0.4,0.3333333333333333,0.0,0.36363636363636365,0.4,0.4,0.5,0.2,1.0
feature,mui__material-ui-26746,mui/material-ui,TypeScript,coderank2048_pool100,11,True,11,6,5,10,0.09090909090909091,1.0,1.0,0.16666666666666666,0.0,0.2727272727272727,1.0,1.0,0.3333333333333333,0.2,0.2727272727272727,0.6,0.6,0.3333333333333333,0.2,0.2727272727272727,0.3,0.3,0.3333333333333333,0.2,1.0
feature,mui__material-ui-26746,mui/material-ui,TypeScript,qwen3-coder:30b/paths,11,True,11,6,5,10,0.09090909090909091,1.0,1.0,0.16666666666666666,0.0,0.2727272727272727,1.0,1.0,0.3333333333333333,0.2,0.2727272727272727,0.6,0.6,0.3333333333333333,0.2,0.36363636363636365,0.4,0.4,0.3333333333333333,0.4,1.0
feature,mui__material-ui-26746,mui/material-ui,TypeScript,qwen3-coder:30b/content,11,True,11,6,5,10,0.09090909090909091,1.0,1.0,0.16666666666666666,0.0,0.2727272727272727,1.0,1.0,0.3333333333333333,0.2,0.2727272727272727,0.6,0.6,0.3333333333333333,0.2,0.45454545454545453,0.5,0.5,0.5,0.4,1.0
feature,mui__material-ui-26746,mui/material-ui,TypeScript,devstral-small-2:24b/paths,11,True,11,6,5,10,0.09090909090909091,1.0,1.0,0.16666666666666666,0.0,0.2727272727272727,1.0,1.0,0.3333333333333333,0.2,0.2727272727272727,0.6,0.6,0.3333333333333333,0.2,0.36363636363636365,0.4,0.4,0.3333333333333333,0.4,1.0
feature,mui__material-ui-26746,mui/material-ui,TypeScript,devstral-small-2:24b/content,11,True,11,6,5,10,0.09090909090909091,1.0,1.0,0.16666666666666666,0.0,0.2727272727272727,1.0,1.0,0.3333333333333333,0.2,0.2727272727272727,0.6,0.6,0.3333333333333333,0.2,0.36363636363636365,0.4,0.4,0.3333333333333333,0.4,1.0
feature,mui__material-ui-26746,mui/material-ui,TypeScript,navigation/restricted40,11,False,11,6,5,0,0.0,0.0,0.0,0.0,0.0,0.0,0.0,0.0,0.0,0.0,0.0,0.0,0.0,0.0,0.0,0.0,0.0,0.0,0.0,0.0,0.0
feature,mui__material-ui-26746,mui/material-ui,TypeScript,navigation/repository,11,False,11,6,5,0,0.0,0.0,0.0,0.0,0.0,0.0,0.0,0.0,0.0,0.0,0.0,0.0,0.0,0.0,0.0,0.0,0.0,0.0,0.0,0.0,0.0
feature,mui__material-ui-28813,mui/material-ui,TypeScript,path_bm25,11,True,4,3,1,10,0.0,0.0,0.0,0.0,0.0,0.0,0.0,0.0,0.0,0.0,0.0,0.0,0.0,0.0,0.0,0.0,0.0,0.0,0.0,0.0,0.0
feature,mui__material-ui-28813,mui/material-ui,TypeScript,content_bm25,11,True,4,3,1,10,0.0,0.0,0.0,0.0,0.0,0.0,0.0,0.0,0.0,0.0,0.0,0.0,0.0,0.0,0.0,0.0,0.0,0.0,0.0,0.0,0.0
feature,mui__material-ui-28813,mui/material-ui,TypeScript,dense_minilm,11,True,4,3,1,10,0.0,0.0,0.0,0.0,0.0,0.0,0.0,0.0,0.0,0.0,0.0,0.0,0.0,0.0,0.0,0.25,0.1,0.1,0.3333333333333333,0.0,0.16666666666666666
feature,mui__material-ui-28813,mui/material-ui,TypeScript,hybrid_rrf,11,True,4,3,1,10,0.0,0.0,0.0,0.0,0.0,0.0,0.0,0.0,0.0,0.0,0.0,0.0,0.0,0.0,0.0,0.0,0.0,0.0,0.0,0.0,0.0
feature,mui__material-ui-28813,mui/material-ui,TypeScript,minilm256_pool100,11,True,4,3,1,10,0.0,0.0,0.0,0.0,0.0,0.0,0.0,0.0,0.0,0.0,0.0,0.0,0.0,0.0,0.0,0.25,0.1,0.1,0.3333333333333333,0.0,0.16666666666666666
feature,mui__material-ui-28813,mui/material-ui,TypeScript,coderank256_pool100,11,True,4,3,1,10,0.0,0.0,0.0,0.0,0.0,0.0,0.0,0.0,0.0,0.0,0.25,0.2,0.2,0.3333333333333333,0.0,0.25,0.1,0.1,0.3333333333333333,0.0,0.25
feature,mui__material-ui-28813,mui/material-ui,TypeScript,coderank2048_pool100,11,True,4,3,1,10,0.0,0.0,0.0,0.0,0.0,0.25,0.3333333333333333,0.3333333333333333,0.3333333333333333,0.0,0.25,0.2,0.2,0.3333333333333333,0.0,0.25,0.1,0.1,0.3333333333333333,0.0,0.5
feature,mui__material-ui-28813,mui/material-ui,TypeScript,qwen3-coder:30b/paths,11,True,4,3,1,10,0.25,1.0,1.0,0.3333333333333333,0.0,0.25,0.3333333333333333,0.3333333333333333,0.3333333333333333,0.0,0.25,0.2,0.2,0.3333333333333333,0.0,0.25,0.1,0.1,0.3333333333333333,0.0,1.0
feature,mui__material-ui-28813,mui/material-ui,TypeScript,qwen3-coder:30b/content,11,True,4,3,1,10,0.0,0.0,0.0,0.0,0.0,0.25,0.3333333333333333,0.3333333333333333,0.3333333333333333,0.0,0.25,0.2,0.2,0.3333333333333333,0.0,0.25,0.1,0.1,0.3333333333333333,0.0,0.5
feature,mui__material-ui-28813,mui/material-ui,TypeScript,devstral-small-2:24b/paths,11,True,4,3,1,10,0.25,1.0,1.0,0.3333333333333333,0.0,0.25,0.3333333333333333,0.3333333333333333,0.3333333333333333,0.0,0.25,0.2,0.2,0.3333333333333333,0.0,0.25,0.1,0.1,0.3333333333333333,0.0,1.0
feature,mui__material-ui-28813,mui/material-ui,TypeScript,devstral-small-2:24b/content,11,True,4,3,1,10,0.0,0.0,0.0,0.0,0.0,0.25,0.3333333333333333,0.3333333333333333,0.3333333333333333,0.0,0.25,0.2,0.2,0.3333333333333333,0.0,0.25,0.1,0.1,0.3333333333333333,0.0,0.5
feature,mui__material-ui-28813,mui/material-ui,TypeScript,navigation/restricted40,11,True,4,3,1,6,0.0,0.0,0.0,0.0,0.0,0.0,0.0,0.0,0.0,0.0,0.0,0.0,0.0,0.0,0.0,0.0,0.0,0.0,0.0,0.0,0.0
feature,mui__material-ui-28813,mui/material-ui,TypeScript,navigation/repository,11,True,4,3,1,10,0.0,0.0,0.0,0.0,0.0,0.0,0.0,0.0,0.0,0.0,0.0,0.0,0.0,0.0,0.0,0.25,0.1,0.1,0.3333333333333333,0.0,0.1111111111111111
feature,mui__material-ui-33312,mui/material-ui,TypeScript,path_bm25,11,True,10,9,1,10,0.0,0.0,0.0,0.0,0.0,0.0,0.0,0.0,0.0,0.0,0.0,0.0,0.0,0.0,0.0,0.0,0.0,0.0,0.0,0.0,0.0
feature,mui__material-ui-33312,mui/material-ui,TypeScript,content_bm25,11,True,10,9,1,10,0.0,0.0,0.0,0.0,0.0,0.0,0.0,0.0,0.0,0.0,0.0,0.0,0.0,0.0,0.0,0.0,0.0,0.0,0.0,0.0,0.0
feature,mui__material-ui-33312,mui/material-ui,TypeScript,dense_minilm,11,True,10,9,1,10,0.1,1.0,1.0,0.1111111111111111,0.0,0.1,0.3333333333333333,0.3333333333333333,0.1111111111111111,0.0,0.1,0.2,0.2,0.1111111111111111,0.0,0.2,0.2,0.2,0.1111111111111111,1.0,1.0
feature,mui__material-ui-33312,mui/material-ui,TypeScript,hybrid_rrf,11,True,10,9,1,10,0.0,0.0,0.0,0.0,0.0,0.0,0.0,0.0,0.0,0.0,0.0,0.0,0.0,0.0,0.0,0.2,0.2,0.2,0.1111111111111111,1.0,0.16666666666666666
feature,mui__material-ui-33312,mui/material-ui,TypeScript,minilm256_pool100,11,True,10,9,1,10,0.1,1.0,1.0,0.1111111111111111,0.0,0.1,0.3333333333333333,0.3333333333333333,0.1111111111111111,0.0,0.1,0.2,0.2,0.1111111111111111,0.0,0.2,0.2,0.2,0.1111111111111111,1.0,1.0
feature,mui__material-ui-33312,mui/material-ui,TypeScript,coderank256_pool100,11,True,10,9,1,10,0.0,0.0,0.0,0.0,0.0,0.1,0.3333333333333333,0.3333333333333333,0.1111111111111111,0.0,0.2,0.4,0.4,0.2222222222222222,0.0,0.3,0.3,0.3,0.3333333333333333,0.0,0.5
feature,mui__material-ui-33312,mui/material-ui,TypeScript,coderank2048_pool100,11,True,10,9,1,10,0.0,0.0,0.0,0.0,0.0,0.1,0.3333333333333333,0.3333333333333333,0.1111111111111111,0.0,0.1,0.2,0.2,0.1111111111111111,0.0,0.1,0.1,0.1,0.1111111111111111,0.0,0.5
feature,mui__material-ui-33312,mui/material-ui,TypeScript,qwen3-coder:30b/paths,11,True,10,9,1,10,0.1,1.0,1.0,0.1111111111111111,0.0,0.3,1.0,1.0,0.2222222222222222,1.0,0.3,0.6,0.6,0.2222222222222222,1.0,0.3,0.3,0.3,0.2222222222222222,1.0,1.0
feature,mui__material-ui-33312,mui/material-ui,TypeScript,qwen3-coder:30b/content,11,True,10,9,1,10,0.1,1.0,1.0,0.1111111111111111,0.0,0.3,1.0,1.0,0.2222222222222222,1.0,0.3,0.6,0.6,0.2222222222222222,1.0,0.4,0.4,0.4,0.3333333333333333,1.0,1.0
feature,mui__material-ui-33312,mui/material-ui,TypeScript,devstral-small-2:24b/paths,11,True,10,9,1,10,0.1,1.0,1.0,0.1111111111111111,0.0,0.3,1.0,1.0,0.2222222222222222,1.0,0.3,0.6,0.6,0.2222222222222222,1.0,0.4,0.4,0.4,0.3333333333333333,1.0,1.0
feature,mui__material-ui-33312,mui/material-ui,TypeScript,devstral-small-2:24b/content,11,True,10,9,1,10,0.1,1.0,1.0,0.1111111111111111,0.0,0.3,1.0,1.0,0.2222222222222222,1.0,0.3,0.6,0.6,0.2222222222222222,1.0,0.4,0.4,0.4,0.3333333333333333,1.0,1.0
feature,mui__material-ui-33312,mui/material-ui,TypeScript,navigation/restricted40,11,True,10,9,1,5,0.1,1.0,1.0,0.1111111111111111,0.0,0.2,0.6666666666666666,0.6666666666666666,0.1111111111111111,1.0,0.3,0.6,0.6,0.2222222222222222,1.0,0.3,0.3,0.6,0.2222222222222222,1.0,1.0
feature,mui__material-ui-33312,mui/material-ui,TypeScript,navigation/repository,11,True,10,9,1,10,0.1,1.0,1.0,0.0,1.0,0.2,0.6666666666666666,0.6666666666666666,0.1111111111111111,1.0,0.2,0.4,0.4,0.1111111111111111,1.0,0.2,0.2,0.2,0.1111111111111111,1.0,1.0
feature,mui__material-ui-34138,mui/material-ui,TypeScript,path_bm25,11,True,10,8,2,10,0.0,0.0,0.0,0.0,0.0,0.0,0.0,0.0,0.0,0.0,0.0,0.0,0.0,0.0,0.0,0.0,0.0,0.0,0.0,0.0,0.0
feature,mui__material-ui-34138,mui/material-ui,TypeScript,content_bm25,11,True,10,8,2,10,0.0,0.0,0.0,0.0,0.0,0.0,0.0,0.0,0.0,0.0,0.0,0.0,0.0,0.0,0.0,0.0,0.0,0.0,0.0,0.0,0.0
feature,mui__material-ui-34138,mui/material-ui,TypeScript,dense_minilm,11,True,10,8,2,10,0.0,0.0,0.0,0.0,0.0,0.1,0.3333333333333333,0.3333333333333333,0.125,0.0,0.2,0.4,0.4,0.25,0.0,0.3,0.3,0.3,0.375,0.0,0.5
feature,mui__material-ui-34138,mui/material-ui,TypeScript,hybrid_rrf,11,True,10,8,2,10,0.0,0.0,0.0,0.0,0.0,0.0,0.0,0.0,0.0,0.0,0.1,0.2,0.2,0.125,0.0,0.3,0.3,0.3,0.375,0.0,0.25
feature,mui__material-ui-34138,mui/material-ui,TypeScript,minilm256_pool100,11,True,10,8,2,10,0.0,0.0,0.0,0.0,0.0,0.1,0.3333333333333333,0.3333333333333333,0.125,0.0,0.2,0.4,0.4,0.25,0.0,0.3,0.3,0.3,0.375,0.0,0.5
feature,mui__material-ui-34138,mui/material-ui,TypeScript,coderank256_pool100,11,True,10,8,2,10,0.0,0.0,0.0,0.0,0.0,0.2,0.6666666666666666,0.6666666666666666,0.125,0.5,0.4,0.8,0.8,0.25,1.0,0.5,0.5,0.5,0.375,1.0,0.5
feature,mui__material-ui-34138,mui/material-ui,TypeScript,coderank2048_pool100,11,True,10,8,2,10,0.1,1.0,1.0,0.125,0.0,0.3,1.0,1.0,0.25,0.5,0.3,0.6,0.6,0.25,0.5,0.3,0.3,0.3,0.25,0.5,1.0
feature,mui__material-ui-34138,mui/material-ui,TypeScript,qwen3-coder:30b/paths,11,True,10,8,2,10,0.1,1.0,1.0,0.125,0.0,0.3,1.0,1.0,0.25,0.5,0.3,0.6,0.6,0.25,0.5,0.4,0.4,0.4,0.375,0.5,1.0
feature,mui__material-ui-34138,mui/material-ui,TypeScript,qwen3-coder:30b/content,11,True,10,8,2,10,0.1,1.0,1.0,0.125,0.0,0.3,1.0,1.0,0.25,0.5,0.3,0.6,0.6,0.25,0.5,0.5,0.5,0.5,0.5,0.5,1.0
feature,mui__material-ui-34138,mui/material-ui,TypeScript,devstral-small-2:24b/paths,11,True,10,8,2,10,0.1,1.0,1.0,0.125,0.0,0.3,1.0,1.0,0.25,0.5,0.3,0.6,0.6,0.25,0.5,0.5,0.5,0.5,0.5,0.5,1.0
feature,mui__material-ui-34138,mui/material-ui,TypeScript,devstral-small-2:24b/content,11,True,10,8,2,10,0.1,1.0,1.0,0.125,0.0,0.3,1.0,1.0,0.375,0.0,0.4,0.8,0.8,0.375,0.5,0.4,0.4,0.4,0.375,0.5,1.0
feature,mui__material-ui-34138,mui/material-ui,TypeScript,navigation/restricted40,11,True,10,8,2,2,0.1,1.0,1.0,0.125,0.0,0.2,0.6666666666666666,1.0,0.25,0.0,0.2,0.4,1.0,0.25,0.0,0.2,0.2,1.0,0.25,0.0,1.0
feature,mui__material-ui-34138,mui/material-ui,TypeScript,navigation/repository,11,True,10,8,2,2,0.1,1.0,1.0,0.125,0.0,0.2,0.6666666666666666,1.0,0.25,0.0,0.2,0.4,1.0,0.25,0.0,0.2,0.2,1.0,0.25,0.0,1.0
feature,mui__material-ui-34158,mui/material-ui,TypeScript,path_bm25,11,True,25,19,6,10,0.0,0.0,0.0,0.0,0.0,0.0,0.0,0.0,0.0,0.0,0.0,0.0,0.0,0.0,0.0,0.08,0.2,0.2,0.05263157894736842,0.16666666666666666,0.16666666666666666
feature,mui__material-ui-34158,mui/material-ui,TypeScript,content_bm25,11,True,25,19,6,10,0.0,0.0,0.0,0.0,0.0,0.0,0.0,0.0,0.0,0.0,0.0,0.0,0.0,0.0,0.0,0.0,0.0,0.0,0.0,0.0,0.0
feature,mui__material-ui-34158,mui/material-ui,TypeScript,dense_minilm,11,True,25,19,6,10,0.04,1.0,1.0,0.05263157894736842,0.0,0.08,0.6666666666666666,0.6666666666666666,0.10526315789473684,0.0,0.12,0.6,0.6,0.10526315789473684,0.16666666666666666,0.16,0.4,0.4,0.15789473684210525,0.16666666666666666,1.0
feature,mui__material-ui-34158,mui/material-ui,TypeScript,hybrid_rrf,11,True,25,19,6,10,0.0,0.0,0.0,0.0,0.0,0.0,0.0,0.0,0.0,0.0,0.04,0.2,0.2,0.0,0.16666666666666666,0.08,0.2,0.2,0.05263157894736842,0.16666666666666666,0.25
feature,mui__material-ui-34158,mui/material-ui,TypeScript,minilm256_pool100,11,True,25,19,6,10,0.04,1.0,1.0,0.05263157894736842,0.0,0.08,0.6666666666666666,0.6666666666666666,0.10526315789473684,0.0,0.12,0.6,0.6,0.10526315789473684,0.16666666666666666,0.16,0.4,0.4,0.15789473684210525,0.16666666666666666,1.0
feature,mui__material-ui-34158,mui/material-ui,TypeScript,coderank256_pool100,11,True,25,19,6,10,0.04,1.0,1.0,0.05263157894736842,0.0,0.12,1.0,1.0,0.10526315789473684,0.16666666666666666,0.16,0.8,0.8,0.15789473684210525,0.16666666666666666,0.2,0.5,0.5,0.21052631578947367,0.16666666666666666,1.0
feature,mui__material-ui-34158,mui/material-ui,TypeScript,coderank2048_pool100,11,True,25,19,6,10,0.04,1.0,1.0,0.05263157894736842,0.0,0.08,0.6666666666666666,0.6666666666666666,0.10526315789473684,0.0,0.08,0.4,0.4,0.10526315789473684,0.0,0.08,0.2,0.2,0.10526315789473684,0.0,1.0
feature,mui__material-ui-34158,mui/material-ui,TypeScript,qwen3-coder:30b/paths,11,True,25,19,6,10,0.0,0.0,0.0,0.0,0.0,0.04,0.3333333333333333,0.3333333333333333,0.05263157894736842,0.0,0.12,0.6,0.6,0.15789473684210525,0.0,0.2,0.5,0.5,0.15789473684210525,0.3333333333333333,0.3333333333333333
feature,mui__material-ui-34158,mui/material-ui,TypeScript,qwen3-coder:30b/content,11,True,25,19,6,10,0.04,1.0,1.0,0.05263157894736842,0.0,0.04,0.3333333333333333,0.3333333333333333,0.05263157894736842,0.0,0.08,0.4,0.4,0.10526315789473684,0.0,0.2,0.5,0.5,0.10526315789473684,0.5,1.0
feature,mui__material-ui-34158,mui/material-ui,TypeScript,devstral-small-2:24b/paths,11,True,25,19,6,10,0.0,0.0,0.0,0.0,0.0,0.04,0.3333333333333333,0.3333333333333333,0.0,0.16666666666666666,0.12,0.6,0.6,0.05263157894736842,0.3333333333333333,0.24,0.6,0.6,0.15789473684210525,0.5,0.3333333333333333
feature,mui__material-ui-34158,mui/material-ui,TypeScript,devstral-small-2:24b/content,11,True,25,19,6,10,0.0,0.0,0.0,0.0,0.0,0.08,0.6666666666666666,0.6666666666666666,0.05263157894736842,0.16666666666666666,0.12,0.6,0.6,0.05263157894736842,0.3333333333333333,0.2,0.5,0.5,0.15789473684210525,0.3333333333333333,0.5
feature,mui__material-ui-34158,mui/material-ui,TypeScript,navigation/restricted40,11,True,25,19,6,9,0.04,1.0,1.0,0.05263157894736842,0.0,0.12,1.0,1.0,0.05263157894736842,0.3333333333333333,0.12,0.6,0.6,0.05263157894736842,0.3333333333333333,0.16,0.4,0.4444444444444444,0.05263157894736842,0.5,1.0
feature,mui__material-ui-34158,mui/material-ui,TypeScript,navigation/repository,11,True,25,19,6,10,0.04,1.0,1.0,0.05263157894736842,0.0,0.04,0.3333333333333333,0.3333333333333333,0.05263157894736842,0.0,0.04,0.2,0.2,0.05263157894736842,0.0,0.12,0.3,0.3,0.05263157894736842,0.3333333333333333,1.0
feature,mui__material-ui-34207,mui/material-ui,TypeScript,path_bm25,11,True,12,11,1,10,0.0,0.0,0.0,0.0,0.0,0.0,0.0,0.0,0.0,0.0,0.08333333333333333,0.2,0.2,0.09090909090909091,0.0,0.16666666666666666,0.2,0.2,0.18181818181818182,0.0,0.2
feature,mui__material-ui-34207,mui/material-ui,TypeScript,content_bm25,11,True,12,11,1,10,0.0,0.0,0.0,0.0,0.0,0.0,0.0,0.0,0.0,0.0,0.0,0.0,0.0,0.0,0.0,0.0,0.0,0.0,0.0,0.0,0.0
feature,mui__material-ui-34207,mui/material-ui,TypeScript,dense_minilm,11,True,12,11,1,10,0.08333333333333333,1.0,1.0,0.09090909090909091,0.0,0.16666666666666666,0.6666666666666666,0.6666666666666666,0.09090909090909091,1.0,0.16666666666666666,0.4,0.4,0.09090909090909091,1.0,0.25,0.3,0.3,0.18181818181818182,1.0,1.0
feature,mui__material-ui-34207,mui/material-ui,TypeScript,hybrid_rrf,11,True,12,11,1,10,0.0,0.0,0.0,0.0,0.0,0.0,0.0,0.0,0.0,0.0,0.08333333333333333,0.2,0.2,0.0,1.0,0.25,0.3,0.3,0.18181818181818182,1.0,0.2
feature,mui__material-ui-34207,mui/material-ui,TypeScript,minilm256_pool100,11,True,12,11,1,10,0.08333333333333333,1.0,1.0,0.09090909090909091,0.0,0.16666666666666666,0.6666666666666666,0.6666666666666666,0.09090909090909091,1.0,0.16666666666666666,0.4,0.4,0.09090909090909091,1.0,0.25,0.3,0.3,0.18181818181818182,1.0,1.0
feature,mui__material-ui-34207,mui/material-ui,TypeScript,coderank256_pool100,11,True,12,11,1,10,0.08333333333333333,1.0,1.0,0.0,1.0,0.25,1.0,1.0,0.18181818181818182,1.0,0.3333333333333333,0.8,0.8,0.2727272727272727,1.0,0.5833333333333334,0.7,0.7,0.5454545454545454,1.0,1.0
feature,mui__material-ui-34207,mui/material-ui,TypeScript,coderank2048_pool100,11,True,12,11,1,10,0.08333333333333333,1.0,1.0,0.09090909090909091,0.0,0.25,1.0,1.0,0.2727272727272727,0.0,0.3333333333333333,0.8,0.8,0.36363636363636365,0.0,0.5833333333333334,0.7,0.7,0.6363636363636364,0.0,1.0
feature,mui__material-ui-34207,mui/material-ui,TypeScript,qwen3-coder:30b/paths,11,True,12,11,1,10,0.08333333333333333,1.0,1.0,0.09090909090909091,0.0,0.25,1.0,1.0,0.18181818181818182,1.0,0.25,0.6,0.6,0.18181818181818182,1.0,0.3333333333333333,0.4,0.4,0.2727272727272727,1.0,1.0
feature,mui__material-ui-34207,mui/material-ui,TypeScript,qwen3-coder:30b/content,11,True,12,11,1,10,0.08333333333333333,1.0,1.0,0.09090909090909091,0.0,0.25,1.0,1.0,0.18181818181818182,1.0,0.25,0.6,0.6,0.18181818181818182,1.0,0.25,0.3,0.3,0.18181818181818182,1.0,1.0
feature,mui__material-ui-34207,mui/material-ui,TypeScript,devstral-small-2:24b/paths,11,True,12,11,1,10,0.08333333333333333,1.0,1.0,0.0,1.0,0.16666666666666666,0.6666666666666666,0.6666666666666666,0.09090909090909091,1.0,0.25,0.6,0.6,0.18181818181818182,1.0,0.25,0.3,0.3,0.18181818181818182,1.0,1.0
feature,mui__material-ui-34207,mui/material-ui,TypeScript,devstral-small-2:24b/content,11,True,12,11,1,5,0.08333333333333333,1.0,1.0,0.0,1.0,0.16666666666666666,0.6666666666666666,0.6666666666666666,0.09090909090909091,1.0,0.16666666666666666,0.4,0.4,0.09090909090909091,1.0,0.16666666666666666,0.2,0.4,0.09090909090909091,1.0,1.0
feature,mui__material-ui-34207,mui/material-ui,TypeScript,navigation/restricted40,11,True,12,11,1,2,0.08333333333333333,1.0,1.0,0.09090909090909091,0.0,0.16666666666666666,0.6666666666666666,1.0,0.09090909090909091,1.0,0.16666666666666666,0.4,1.0,0.09090909090909091,1.0,0.16666666666666666,0.2,1.0,0.09090909090909091,1.0,1.0
feature,mui__material-ui-34207,mui/material-ui,TypeScript,navigation/repository,11,True,12,11,1,3,0.08333333333333333,1.0,1.0,0.09090909090909091,0.0,0.25,1.0,1.0,0.18181818181818182,1.0,0.25,0.6,1.0,0.18181818181818182,1.0,0.25,0.3,1.0,0.18181818181818182,1.0,1.0
feature,mui__material-ui-37908,mui/material-ui,TypeScript,path_bm25,11,True,5,4,1,10,0.0,0.0,0.0,0.0,0.0,0.0,0.0,0.0,0.0,0.0,0.0,0.0,0.0,0.0,0.0,0.0,0.0,0.0,0.0,0.0,0.0
feature,mui__material-ui-37908,mui/material-ui,TypeScript,content_bm25,11,True,5,4,1,10,0.0,0.0,0.0,0.0,0.0,0.0,0.0,0.0,0.0,0.0,0.0,0.0,0.0,0.0,0.0,0.0,0.0,0.0,0.0,0.0,0.0
feature,mui__material-ui-37908,mui/material-ui,TypeScript,dense_minilm,11,True,5,4,1,10,0.0,0.0,0.0,0.0,0.0,0.0,0.0,0.0,0.0,0.0,0.0,0.0,0.0,0.0,0.0,0.0,0.0,0.0,0.0,0.0,0.0
feature,mui__material-ui-37908,mui/material-ui,TypeScript,hybrid_rrf,11,True,5,4,1,10,0.0,0.0,0.0,0.0,0.0,0.0,0.0,0.0,0.0,0.0,0.0,0.0,0.0,0.0,0.0,0.0,0.0,0.0,0.0,0.0,0.0
feature,mui__material-ui-37908,mui/material-ui,TypeScript,minilm256_pool100,11,True,5,4,1,10,0.0,0.0,0.0,0.0,0.0,0.0,0.0,0.0,0.0,0.0,0.0,0.0,0.0,0.0,0.0,0.0,0.0,0.0,0.0,0.0,0.0
feature,mui__material-ui-37908,mui/material-ui,TypeScript,coderank256_pool100,11,True,5,4,1,10,0.0,0.0,0.0,0.0,0.0,0.0,0.0,0.0,0.0,0.0,0.0,0.0,0.0,0.0,0.0,0.0,0.0,0.0,0.0,0.0,0.0
feature,mui__material-ui-37908,mui/material-ui,TypeScript,coderank2048_pool100,11,True,5,4,1,10,0.0,0.0,0.0,0.0,0.0,0.0,0.0,0.0,0.0,0.0,0.0,0.0,0.0,0.0,0.0,0.0,0.0,0.0,0.0,0.0,0.0
feature,mui__material-ui-37908,mui/material-ui,TypeScript,qwen3-coder:30b/paths,11,True,5,4,1,10,0.0,0.0,0.0,0.0,0.0,0.0,0.0,0.0,0.0,0.0,0.0,0.0,0.0,0.0,0.0,0.0,0.0,0.0,0.0,0.0,0.0
feature,mui__material-ui-37908,mui/material-ui,TypeScript,qwen3-coder:30b/content,11,True,5,4,1,10,0.0,0.0,0.0,0.0,0.0,0.0,0.0,0.0,0.0,0.0,0.0,0.0,0.0,0.0,0.0,0.0,0.0,0.0,0.0,0.0,0.0
feature,mui__material-ui-37908,mui/material-ui,TypeScript,devstral-small-2:24b/paths,11,True,5,4,1,10,0.0,0.0,0.0,0.0,0.0,0.0,0.0,0.0,0.0,0.0,0.0,0.0,0.0,0.0,0.0,0.0,0.0,0.0,0.0,0.0,0.0
feature,mui__material-ui-37908,mui/material-ui,TypeScript,devstral-small-2:24b/content,11,True,5,4,1,10,0.0,0.0,0.0,0.0,0.0,0.0,0.0,0.0,0.0,0.0,0.0,0.0,0.0,0.0,0.0,0.0,0.0,0.0,0.0,0.0,0.0
feature,mui__material-ui-37908,mui/material-ui,TypeScript,navigation/restricted40,11,True,5,4,1,10,0.0,0.0,0.0,0.0,0.0,0.0,0.0,0.0,0.0,0.0,0.0,0.0,0.0,0.0,0.0,0.0,0.0,0.0,0.0,0.0,0.0
feature,mui__material-ui-37908,mui/material-ui,TypeScript,navigation/repository,11,True,5,4,1,10,0.0,0.0,0.0,0.0,0.0,0.0,0.0,0.0,0.0,0.0,0.0,0.0,0.0,0.0,0.0,0.0,0.0,0.0,0.0,0.0,0.0
feature,mui__material-ui-38167,mui/material-ui,TypeScript,path_bm25,11,True,21,19,2,10,0.0,0.0,0.0,0.0,0.0,0.0,0.0,0.0,0.0,0.0,0.0,0.0,0.0,0.0,0.0,0.0,0.0,0.0,0.0,0.0,0.0
feature,mui__material-ui-38167,mui/material-ui,TypeScript,content_bm25,11,True,21,19,2,10,0.0,0.0,0.0,0.0,0.0,0.0,0.0,0.0,0.0,0.0,0.0,0.0,0.0,0.0,0.0,0.0,0.0,0.0,0.0,0.0,0.0
feature,mui__material-ui-38167,mui/material-ui,TypeScript,dense_minilm,11,True,21,19,2,10,0.0,0.0,0.0,0.0,0.0,0.047619047619047616,0.3333333333333333,0.3333333333333333,0.05263157894736842,0.0,0.047619047619047616,0.2,0.2,0.05263157894736842,0.0,0.14285714285714285,0.3,0.3,0.15789473684210525,0.0,0.5
feature,mui__material-ui-38167,mui/material-ui,TypeScript,hybrid_rrf,11,True,21,19,2,10,0.0,0.0,0.0,0.0,0.0,0.0,0.0,0.0,0.0,0.0,0.0,0.0,0.0,0.0,0.0,0.047619047619047616,0.1,0.1,0.05263157894736842,0.0,0.1
feature,mui__material-ui-38167,mui/material-ui,TypeScript,minilm256_pool100,11,True,21,19,2,10,0.0,0.0,0.0,0.0,0.0,0.047619047619047616,0.3333333333333333,0.3333333333333333,0.05263157894736842,0.0,0.047619047619047616,0.2,0.2,0.05263157894736842,0.0,0.14285714285714285,0.3,0.3,0.15789473684210525,0.0,0.5
feature,mui__material-ui-38167,mui/material-ui,TypeScript,coderank256_pool100,11,True,21,19,2,10,0.0,0.0,0.0,0.0,0.0,0.0,0.0,0.0,0.0,0.0,0.047619047619047616,0.2,0.2,0.05263157894736842,0.0,0.09523809523809523,0.2,0.2,0.10526315789473684,0.0,0.2
feature,mui__material-ui-38167,mui/material-ui,TypeScript,coderank2048_pool100,11,True,21,19,2,10,0.0,0.0,0.0,0.0,0.0,0.0,0.0,0.0,0.0,0.0,0.0,0.0,0.0,0.0,0.0,0.0,0.0,0.0,0.0,0.0,0.0
feature,mui__material-ui-38167,mui/material-ui,TypeScript,qwen3-coder:30b/paths,11,True,21,19,2,10,0.047619047619047616,1.0,1.0,0.05263157894736842,0.0,0.09523809523809523,0.6666666666666666,0.6666666666666666,0.10526315789473684,0.0,0.09523809523809523,0.4,0.4,0.10526315789473684,0.0,0.09523809523809523,0.2,0.2,0.10526315789473684,0.0,1.0
feature,mui__material-ui-38167,mui/material-ui,TypeScript,qwen3-coder:30b/content,11,True,21,19,2,10,0.0,0.0,0.0,0.0,0.0,0.09523809523809523,0.6666666666666666,0.6666666666666666,0.10526315789473684,0.0,0.09523809523809523,0.4,0.4,0.10526315789473684,0.0,0.09523809523809523,0.2,0.2,0.10526315789473684,0.0,0.5
feature,mui__material-ui-38167,mui/material-ui,TypeScript,devstral-small-2:24b/paths,11,True,21,19,2,4,0.047619047619047616,1.0,1.0,0.05263157894736842,0.0,0.047619047619047616,0.3333333333333333,0.3333333333333333,0.05263157894736842,0.0,0.09523809523809523,0.4,0.5,0.10526315789473684,0.0,0.09523809523809523,0.2,0.5,0.10526315789473684,0.0,1.0
feature,mui__material-ui-38167,mui/material-ui,TypeScript,devstral-small-2:24b/content,11,True,21,19,2,5,0.047619047619047616,1.0,1.0,0.05263157894736842,0.0,0.047619047619047616,0.3333333333333333,0.3333333333333333,0.05263157894736842,0.0,0.14285714285714285,0.6,0.6,0.15789473684210525,0.0,0.14285714285714285,0.3,0.6,0.15789473684210525,0.0,1.0
feature,mui__material-ui-38167,mui/material-ui,TypeScript,navigation/restricted40,11,True,21,19,2,10,0.047619047619047616,1.0,1.0,0.05263157894736842,0.0,0.09523809523809523,0.6666666666666666,0.6666666666666666,0.10526315789473684,0.0,0.09523809523809523,0.4,0.4,0.10526315789473684,0.0,0.09523809523809523,0.2,0.2,0.10526315789473684,0.0,1.0
feature,mui__material-ui-38167,mui/material-ui,TypeScript,navigation/repository,11,False,21,19,2,0,0.0,0.0,0.0,0.0,0.0,0.0,0.0,0.0,0.0,0.0,0.0,0.0,0.0,0.0,0.0,0.0,0.0,0.0,0.0,0.0,0.0
feature,tailwindlabs__tailwindcss-88,tailwindlabs/tailwindcss,TypeScript,path_bm25,11,True,3,2,1,10,0.0,0.0,0.0,0.0,0.0,0.0,0.0,0.0,0.0,0.0,0.0,0.0,0.0,0.0,0.0,0.0,0.0,0.0,0.0,0.0,0.0
feature,tailwindlabs__tailwindcss-88,tailwindlabs/tailwindcss,TypeScript,content_bm25,11,True,3,2,1,10,0.0,0.0,0.0,0.0,0.0,0.0,0.0,0.0,0.0,0.0,0.3333333333333333,0.2,0.2,0.5,0.0,0.3333333333333333,0.1,0.1,0.5,0.0,0.25
feature,tailwindlabs__tailwindcss-88,tailwindlabs/tailwindcss,TypeScript,dense_minilm,11,True,3,2,1,10,0.0,0.0,0.0,0.0,0.0,0.0,0.0,0.0,0.0,0.0,0.3333333333333333,0.2,0.2,0.5,0.0,0.3333333333333333,0.1,0.1,0.5,0.0,0.25
feature,tailwindlabs__tailwindcss-88,tailwindlabs/tailwindcss,TypeScript,hybrid_rrf,11,True,3,2,1,10,0.0,0.0,0.0,0.0,0.0,0.0,0.0,0.0,0.0,0.0,0.0,0.0,0.0,0.0,0.0,0.0,0.0,0.0,0.0,0.0,0.0
feature,tailwindlabs__tailwindcss-88,tailwindlabs/tailwindcss,TypeScript,minilm256_pool100,11,True,3,2,1,10,0.0,0.0,0.0,0.0,0.0,0.0,0.0,0.0,0.0,0.0,0.3333333333333333,0.2,0.2,0.5,0.0,0.3333333333333333,0.1,0.1,0.5,0.0,0.25
feature,tailwindlabs__tailwindcss-88,tailwindlabs/tailwindcss,TypeScript,coderank256_pool100,11,True,3,2,1,10,0.0,0.0,0.0,0.0,0.0,0.0,0.0,0.0,0.0,0.0,0.0,0.0,0.0,0.0,0.0,0.0,0.0,0.0,0.0,0.0,0.0
feature,tailwindlabs__tailwindcss-88,tailwindlabs/tailwindcss,TypeScript,coderank2048_pool100,11,True,3,2,1,10,0.0,0.0,0.0,0.0,0.0,0.0,0.0,0.0,0.0,0.0,0.0,0.0,0.0,0.0,0.0,0.0,0.0,0.0,0.0,0.0,0.0
feature,tailwindlabs__tailwindcss-88,tailwindlabs/tailwindcss,TypeScript,qwen3-coder:30b/paths,11,True,3,2,1,10,0.0,0.0,0.0,0.0,0.0,0.0,0.0,0.0,0.0,0.0,0.0,0.0,0.0,0.0,0.0,0.0,0.0,0.0,0.0,0.0,0.0
feature,tailwindlabs__tailwindcss-88,tailwindlabs/tailwindcss,TypeScript,qwen3-coder:30b/content,11,True,3,2,1,10,0.0,0.0,0.0,0.0,0.0,0.0,0.0,0.0,0.0,0.0,0.3333333333333333,0.2,0.2,0.5,0.0,0.3333333333333333,0.1,0.1,0.5,0.0,0.25
feature,tailwindlabs__tailwindcss-88,tailwindlabs/tailwindcss,TypeScript,devstral-small-2:24b/paths,11,True,3,2,1,10,0.0,0.0,0.0,0.0,0.0,0.0,0.0,0.0,0.0,0.0,0.0,0.0,0.0,0.0,0.0,0.0,0.0,0.0,0.0,0.0,0.0
feature,tailwindlabs__tailwindcss-88,tailwindlabs/tailwindcss,TypeScript,devstral-small-2:24b/content,11,True,3,2,1,10,0.0,0.0,0.0,0.0,0.0,0.3333333333333333,0.3333333333333333,0.3333333333333333,0.5,0.0,0.3333333333333333,0.2,0.2,0.5,0.0,0.6666666666666666,0.2,0.2,1.0,0.0,0.3333333333333333
feature,tailwindlabs__tailwindcss-88,tailwindlabs/tailwindcss,TypeScript,navigation/restricted40,11,True,3,2,1,10,0.0,0.0,0.0,0.0,0.0,0.0,0.0,0.0,0.0,0.0,0.0,0.0,0.0,0.0,0.0,0.3333333333333333,0.1,0.1,0.5,0.0,0.14285714285714285
feature,tailwindlabs__tailwindcss-88,tailwindlabs/tailwindcss,TypeScript,navigation/repository,11,True,3,2,1,10,0.0,0.0,0.0,0.0,0.0,0.0,0.0,0.0,0.0,0.0,0.0,0.0,0.0,0.0,0.0,0.3333333333333333,0.1,0.1,0.5,0.0,0.1
feature,tailwindlabs__tailwindcss-165,tailwindlabs/tailwindcss,TypeScript,path_bm25,11,True,2,1,1,10,0.0,0.0,0.0,0.0,0.0,0.0,0.0,0.0,0.0,0.0,0.5,0.2,0.2,1.0,0.0,0.5,0.1,0.1,1.0,0.0,0.25
feature,tailwindlabs__tailwindcss-165,tailwindlabs/tailwindcss,TypeScript,content_bm25,11,True,2,1,1,10,0.0,0.0,0.0,0.0,0.0,0.0,0.0,0.0,0.0,0.0,0.0,0.0,0.0,0.0,0.0,0.0,0.0,0.0,0.0,0.0,0.0
feature,tailwindlabs__tailwindcss-165,tailwindlabs/tailwindcss,TypeScript,dense_minilm,11,True,2,1,1,10,0.0,0.0,0.0,0.0,0.0,0.0,0.0,0.0,0.0,0.0,0.0,0.0,0.0,0.0,0.0,0.0,0.0,0.0,0.0,0.0,0.0
feature,tailwindlabs__tailwindcss-165,tailwindlabs/tailwindcss,TypeScript,hybrid_rrf,11,True,2,1,1,10,0.0,0.0,0.0,0.0,0.0,0.0,0.0,0.0,0.0,0.0,0.0,0.0,0.0,0.0,0.0,0.0,0.0,0.0,0.0,0.0,0.0
feature,tailwindlabs__tailwindcss-165,tailwindlabs/tailwindcss,TypeScript,minilm256_pool100,11,True,2,1,1,10,0.0,0.0,0.0,0.0,0.0,0.0,0.0,0.0,0.0,0.0,0.0,0.0,0.0,0.0,0.0,0.0,0.0,0.0,0.0,0.0,0.0
feature,tailwindlabs__tailwindcss-165,tailwindlabs/tailwindcss,TypeScript,coderank256_pool100,11,True,2,1,1,10,0.0,0.0,0.0,0.0,0.0,0.0,0.0,0.0,0.0,0.0,0.0,0.0,0.0,0.0,0.0,1.0,0.2,0.2,1.0,1.0,0.125
feature,tailwindlabs__tailwindcss-165,tailwindlabs/tailwindcss,TypeScript,coderank2048_pool100,11,True,2,1,1,10,0.0,0.0,0.0,0.0,0.0,0.0,0.0,0.0,0.0,0.0,0.0,0.0,0.0,0.0,0.0,0.5,0.1,0.1,1.0,0.0,0.125
feature,tailwindlabs__tailwindcss-165,tailwindlabs/tailwindcss,TypeScript,qwen3-coder:30b/paths,11,True,2,1,1,10,0.5,1.0,1.0,1.0,0.0,0.5,0.3333333333333333,0.3333333333333333,1.0,0.0,0.5,0.2,0.2,1.0,0.0,0.5,0.1,0.1,1.0,0.0,1.0
feature,tailwindlabs__tailwindcss-165,tailwindlabs/tailwindcss,TypeScript,qwen3-coder:30b/content,11,True,2,1,1,10,0.5,1.0,1.0,1.0,0.0,0.5,0.3333333333333333,0.3333333333333333,1.0,0.0,0.5,0.2,0.2,1.0,0.0,0.5,0.1,0.1,1.0,0.0,1.0
feature,tailwindlabs__tailwindcss-165,tailwindlabs/tailwindcss,TypeScript,devstral-small-2:24b/paths,11,True,2,1,1,10,0.5,1.0,1.0,1.0,0.0,0.5,0.3333333333333333,0.3333333333333333,1.0,0.0,0.5,0.2,0.2,1.0,0.0,1.0,0.2,0.2,1.0,1.0,1.0
feature,tailwindlabs__tailwindcss-165,tailwindlabs/tailwindcss,TypeScript,devstral-small-2:24b/content,11,True,2,1,1,4,0.5,1.0,1.0,1.0,0.0,0.5,0.3333333333333333,0.3333333333333333,1.0,0.0,0.5,0.2,0.25,1.0,0.0,0.5,0.1,0.25,1.0,0.0,1.0
feature,tailwindlabs__tailwindcss-165,tailwindlabs/tailwindcss,TypeScript,navigation/restricted40,11,True,2,1,1,4,0.5,1.0,1.0,1.0,0.0,0.5,0.3333333333333333,0.3333333333333333,1.0,0.0,0.5,0.2,0.25,1.0,0.0,0.5,0.1,0.25,1.0,0.0,1.0
feature,tailwindlabs__tailwindcss-165,tailwindlabs/tailwindcss,TypeScript,navigation/repository,11,True,2,1,1,10,0.5,1.0,1.0,1.0,0.0,0.5,0.3333333333333333,0.3333333333333333,1.0,0.0,0.5,0.2,0.2,1.0,0.0,0.5,0.1,0.1,1.0,0.0,1.0
feature,tailwindlabs__tailwindcss-236,tailwindlabs/tailwindcss,TypeScript,path_bm25,11,True,2,1,1,10,0.0,0.0,0.0,0.0,0.0,0.0,0.0,0.0,0.0,0.0,0.0,0.0,0.0,0.0,0.0,0.0,0.0,0.0,0.0,0.0,0.0
feature,tailwindlabs__tailwindcss-236,tailwindlabs/tailwindcss,TypeScript,content_bm25,11,True,2,1,1,10,0.0,0.0,0.0,0.0,0.0,0.0,0.0,0.0,0.0,0.0,0.0,0.0,0.0,0.0,0.0,0.0,0.0,0.0,0.0,0.0,0.0
feature,tailwindlabs__tailwindcss-236,tailwindlabs/tailwindcss,TypeScript,dense_minilm,11,True,2,1,1,10,0.5,1.0,1.0,1.0,0.0,0.5,0.3333333333333333,0.3333333333333333,1.0,0.0,0.5,0.2,0.2,1.0,0.0,0.5,0.1,0.1,1.0,0.0,1.0
feature,tailwindlabs__tailwindcss-236,tailwindlabs/tailwindcss,TypeScript,hybrid_rrf,11,True,2,1,1,10,0.0,0.0,0.0,0.0,0.0,0.0,0.0,0.0,0.0,0.0,0.0,0.0,0.0,0.0,0.0,0.5,0.1,0.1,1.0,0.0,0.125
feature,tailwindlabs__tailwindcss-236,tailwindlabs/tailwindcss,TypeScript,minilm256_pool100,11,True,2,1,1,10,0.5,1.0,1.0,1.0,0.0,0.5,0.3333333333333333,0.3333333333333333,1.0,0.0,0.5,0.2,0.2,1.0,0.0,0.5,0.1,0.1,1.0,0.0,1.0
feature,tailwindlabs__tailwindcss-236,tailwindlabs/tailwindcss,TypeScript,coderank256_pool100,11,True,2,1,1,10,0.5,1.0,1.0,0.0,1.0,0.5,0.3333333333333333,0.3333333333333333,0.0,1.0,0.5,0.2,0.2,0.0,1.0,0.5,0.1,0.1,0.0,1.0,1.0
feature,tailwindlabs__tailwindcss-236,tailwindlabs/tailwindcss,TypeScript,coderank2048_pool100,11,True,2,1,1,10,0.0,0.0,0.0,0.0,0.0,0.0,0.0,0.0,0.0,0.0,0.0,0.0,0.0,0.0,0.0,0.0,0.0,0.0,0.0,0.0,0.0
feature,tailwindlabs__tailwindcss-236,tailwindlabs/tailwindcss,TypeScript,qwen3-coder:30b/paths,11,True,2,1,1,10,0.5,1.0,1.0,1.0,0.0,0.5,0.3333333333333333,0.3333333333333333,1.0,0.0,0.5,0.2,0.2,1.0,0.0,0.5,0.1,0.1,1.0,0.0,1.0
feature,tailwindlabs__tailwindcss-236,tailwindlabs/tailwindcss,TypeScript,qwen3-coder:30b/content,11,True,2,1,1,10,0.5,1.0,1.0,1.0,0.0,0.5,0.3333333333333333,0.3333333333333333,1.0,0.0,0.5,0.2,0.2,1.0,0.0,0.5,0.1,0.1,1.0,0.0,1.0
feature,tailwindlabs__tailwindcss-236,tailwindlabs/tailwindcss,TypeScript,devstral-small-2:24b/paths,11,True,2,1,1,10,0.5,1.0,1.0,1.0,0.0,1.0,0.6666666666666666,0.6666666666666666,1.0,1.0,1.0,0.4,0.4,1.0,1.0,1.0,0.2,0.2,1.0,1.0,1.0
feature,tailwindlabs__tailwindcss-236,tailwindlabs/tailwindcss,TypeScript,devstral-small-2:24b/content,11,True,2,1,1,10,0.5,1.0,1.0,1.0,0.0,1.0,0.6666666666666666,0.6666666666666666,1.0,1.0,1.0,0.4,0.4,1.0,1.0,1.0,0.2,0.2,1.0,1.0,1.0
feature,tailwindlabs__tailwindcss-236,tailwindlabs/tailwindcss,TypeScript,navigation/restricted40,11,True,2,1,1,10,0.5,1.0,1.0,1.0,0.0,0.5,0.3333333333333333,0.3333333333333333,1.0,0.0,0.5,0.2,0.2,1.0,0.0,0.5,0.1,0.1,1.0,0.0,1.0
feature,tailwindlabs__tailwindcss-236,tailwindlabs/tailwindcss,TypeScript,navigation/repository,11,True,2,1,1,10,0.5,1.0,1.0,1.0,0.0,0.5,0.3333333333333333,0.3333333333333333,1.0,0.0,0.5,0.2,0.2,1.0,0.0,0.5,0.1,0.1,1.0,0.0,1.0
feature,tailwindlabs__tailwindcss-417,tailwindlabs/tailwindcss,TypeScript,path_bm25,11,True,2,1,1,10,0.0,0.0,0.0,0.0,0.0,0.5,0.3333333333333333,0.3333333333333333,1.0,0.0,1.0,0.4,0.4,1.0,1.0,1.0,0.2,0.2,1.0,1.0,0.5
feature,tailwindlabs__tailwindcss-417,tailwindlabs/tailwindcss,TypeScript,content_bm25,11,True,2,1,1,10,0.0,0.0,0.0,0.0,0.0,0.0,0.0,0.0,0.0,0.0,0.0,0.0,0.0,0.0,0.0,0.0,0.0,0.0,0.0,0.0,0.0
feature,tailwindlabs__tailwindcss-417,tailwindlabs/tailwindcss,TypeScript,dense_minilm,11,True,2,1,1,10,0.0,0.0,0.0,0.0,0.0,0.0,0.0,0.0,0.0,0.0,0.0,0.0,0.0,0.0,0.0,0.0,0.0,0.0,0.0,0.0,0.0
feature,tailwindlabs__tailwindcss-417,tailwindlabs/tailwindcss,TypeScript,hybrid_rrf,11,True,2,1,1,10,0.0,0.0,0.0,0.0,0.0,0.0,0.0,0.0,0.0,0.0,0.0,0.0,0.0,0.0,0.0,0.0,0.0,0.0,0.0,0.0,0.0
feature,tailwindlabs__tailwindcss-417,tailwindlabs/tailwindcss,TypeScript,minilm256_pool100,11,True,2,1,1,10,0.0,0.0,0.0,0.0,0.0,0.0,0.0,0.0,0.0,0.0,0.0,0.0,0.0,0.0,0.0,0.0,0.0,0.0,0.0,0.0,0.0
feature,tailwindlabs__tailwindcss-417,tailwindlabs/tailwindcss,TypeScript,coderank256_pool100,11,True,2,1,1,10,0.0,0.0,0.0,0.0,0.0,0.5,0.3333333333333333,0.3333333333333333,1.0,0.0,1.0,0.4,0.4,1.0,1.0,1.0,0.2,0.2,1.0,1.0,0.5
feature,tailwindlabs__tailwindcss-417,tailwindlabs/tailwindcss,TypeScript,coderank2048_pool100,11,True,2,1,1,10,0.5,1.0,1.0,1.0,0.0,1.0,0.6666666666666666,0.6666666666666666,1.0,1.0,1.0,0.4,0.4,1.0,1.0,1.0,0.2,0.2,1.0,1.0,1.0
feature,tailwindlabs__tailwindcss-417,tailwindlabs/tailwindcss,TypeScript,qwen3-coder:30b/paths,11,True,2,1,1,10,0.0,0.0,0.0,0.0,0.0,0.5,0.3333333333333333,0.3333333333333333,1.0,0.0,0.5,0.2,0.2,1.0,0.0,0.5,0.1,0.1,1.0,0.0,0.3333333333333333
feature,tailwindlabs__tailwindcss-417,tailwindlabs/tailwindcss,TypeScript,qwen3-coder:30b/content,11,True,2,1,1,10,0.5,1.0,1.0,1.0,0.0,1.0,0.6666666666666666,0.6666666666666666,1.0,1.0,1.0,0.4,0.4,1.0,1.0,1.0,0.2,0.2,1.0,1.0,1.0
feature,tailwindlabs__tailwindcss-417,tailwindlabs/tailwindcss,TypeScript,devstral-small-2:24b/paths,11,True,2,1,1,10,0.0,0.0,0.0,0.0,0.0,1.0,0.6666666666666666,0.6666666666666666,1.0,1.0,1.0,0.4,0.4,1.0,1.0,1.0,0.2,0.2,1.0,1.0,0.5
feature,tailwindlabs__tailwindcss-417,tailwindlabs/tailwindcss,TypeScript,devstral-small-2:24b/content,11,True,2,1,1,10,0.0,0.0,0.0,0.0,0.0,0.5,0.3333333333333333,0.3333333333333333,1.0,0.0,1.0,0.4,0.4,1.0,1.0,1.0,0.2,0.2,1.0,1.0,0.5
feature,tailwindlabs__tailwindcss-417,tailwindlabs/tailwindcss,TypeScript,navigation/restricted40,11,True,2,1,1,10,0.0,0.0,0.0,0.0,0.0,1.0,0.6666666666666666,0.6666666666666666,1.0,1.0,1.0,0.4,0.4,1.0,1.0,1.0,0.2,0.2,1.0,1.0,0.5
feature,tailwindlabs__tailwindcss-417,tailwindlabs/tailwindcss,TypeScript,navigation/repository,11,True,2,1,1,10,0.5,1.0,1.0,1.0,0.0,1.0,0.6666666666666666,0.6666666666666666,1.0,1.0,1.0,0.4,0.4,1.0,1.0,1.0,0.2,0.2,1.0,1.0,1.0
feature,tailwindlabs__tailwindcss-445,tailwindlabs/tailwindcss,TypeScript,path_bm25,11,True,2,1,1,10,0.5,1.0,1.0,1.0,0.0,0.5,0.3333333333333333,0.3333333333333333,1.0,0.0,0.5,0.2,0.2,1.0,0.0,0.5,0.1,0.1,1.0,0.0,1.0
feature,tailwindlabs__tailwindcss-445,tailwindlabs/tailwindcss,TypeScript,content_bm25,11,True,2,1,1,10,0.0,0.0,0.0,0.0,0.0,0.5,0.3333333333333333,0.3333333333333333,1.0,0.0,1.0,0.4,0.4,1.0,1.0,1.0,0.2,0.2,1.0,1.0,0.3333333333333333
feature,tailwindlabs__tailwindcss-445,tailwindlabs/tailwindcss,TypeScript,dense_minilm,11,True,2,1,1,10,0.5,1.0,1.0,1.0,0.0,0.5,0.3333333333333333,0.3333333333333333,1.0,0.0,1.0,0.4,0.4,1.0,1.0,1.0,0.2,0.2,1.0,1.0,1.0
feature,tailwindlabs__tailwindcss-445,tailwindlabs/tailwindcss,TypeScript,hybrid_rrf,11,True,2,1,1,10,0.0,0.0,0.0,0.0,0.0,1.0,0.6666666666666666,0.6666666666666666,1.0,1.0,1.0,0.4,0.4,1.0,1.0,1.0,0.2,0.2,1.0,1.0,0.5
feature,tailwindlabs__tailwindcss-445,tailwindlabs/tailwindcss,TypeScript,minilm256_pool100,11,True,2,1,1,10,0.5,1.0,1.0,1.0,0.0,0.5,0.3333333333333333,0.3333333333333333,1.0,0.0,1.0,0.4,0.4,1.0,1.0,1.0,0.2,0.2,1.0,1.0,1.0
feature,tailwindlabs__tailwindcss-445,tailwindlabs/tailwindcss,TypeScript,coderank256_pool100,11,True,2,1,1,10,0.5,1.0,1.0,1.0,0.0,0.5,0.3333333333333333,0.3333333333333333,1.0,0.0,0.5,0.2,0.2,1.0,0.0,0.5,0.1,0.1,1.0,0.0,1.0
feature,tailwindlabs__tailwindcss-445,tailwindlabs/tailwindcss,TypeScript,coderank2048_pool100,11,True,2,1,1,10,0.5,1.0,1.0,1.0,0.0,0.5,0.3333333333333333,0.3333333333333333,1.0,0.0,0.5,0.2,0.2,1.0,0.0,0.5,0.1,0.1,1.0,0.0,1.0
feature,tailwindlabs__tailwindcss-445,tailwindlabs/tailwindcss,TypeScript,qwen3-coder:30b/paths,11,True,2,1,1,10,0.5,1.0,1.0,1.0,0.0,1.0,0.6666666666666666,0.6666666666666666,1.0,1.0,1.0,0.4,0.4,1.0,1.0,1.0,0.2,0.2,1.0,1.0,1.0
feature,tailwindlabs__tailwindcss-445,tailwindlabs/tailwindcss,TypeScript,qwen3-coder:30b/content,11,True,2,1,1,10,0.5,1.0,1.0,1.0,0.0,0.5,0.3333333333333333,0.3333333333333333,1.0,0.0,0.5,0.2,0.2,1.0,0.0,0.5,0.1,0.1,1.0,0.0,1.0
feature,tailwindlabs__tailwindcss-445,tailwindlabs/tailwindcss,TypeScript,devstral-small-2:24b/paths,11,True,2,1,1,10,0.5,1.0,1.0,1.0,0.0,0.5,0.3333333333333333,0.3333333333333333,1.0,0.0,1.0,0.4,0.4,1.0,1.0,1.0,0.2,0.2,1.0,1.0,1.0
feature,tailwindlabs__tailwindcss-445,tailwindlabs/tailwindcss,TypeScript,devstral-small-2:24b/content,11,True,2,1,1,10,0.5,1.0,1.0,1.0,0.0,0.5,0.3333333333333333,0.3333333333333333,1.0,0.0,1.0,0.4,0.4,1.0,1.0,1.0,0.2,0.2,1.0,1.0,1.0
feature,tailwindlabs__tailwindcss-445,tailwindlabs/tailwindcss,TypeScript,navigation/restricted40,11,False,2,1,1,0,0.0,0.0,0.0,0.0,0.0,0.0,0.0,0.0,0.0,0.0,0.0,0.0,0.0,0.0,0.0,0.0,0.0,0.0,0.0,0.0,0.0
feature,tailwindlabs__tailwindcss-445,tailwindlabs/tailwindcss,TypeScript,navigation/restricted40,29,True,2,1,1,2,0.5,1.0,1.0,1.0,0.0,1.0,0.6666666666666666,1.0,1.0,1.0,1.0,0.4,1.0,1.0,1.0,1.0,0.2,1.0,1.0,1.0,1.0
feature,tailwindlabs__tailwindcss-445,tailwindlabs/tailwindcss,TypeScript,navigation/restricted40,47,True,2,1,1,2,0.5,1.0,1.0,1.0,0.0,1.0,0.6666666666666666,1.0,1.0,1.0,1.0,0.4,1.0,1.0,1.0,1.0,0.2,1.0,1.0,1.0,1.0
feature,tailwindlabs__tailwindcss-445,tailwindlabs/tailwindcss,TypeScript,navigation/repository,11,True,2,1,1,2,0.5,1.0,1.0,1.0,0.0,1.0,0.6666666666666666,1.0,1.0,1.0,1.0,0.4,1.0,1.0,1.0,1.0,0.2,1.0,1.0,1.0,1.0
feature,tailwindlabs__tailwindcss-445,tailwindlabs/tailwindcss,TypeScript,navigation/repository,29,True,2,1,1,2,0.5,1.0,1.0,1.0,0.0,1.0,0.6666666666666666,1.0,1.0,1.0,1.0,0.4,1.0,1.0,1.0,1.0,0.2,1.0,1.0,1.0,1.0
feature,tailwindlabs__tailwindcss-445,tailwindlabs/tailwindcss,TypeScript,navigation/repository,47,True,2,1,1,2,0.5,1.0,1.0,1.0,0.0,1.0,0.6666666666666666,1.0,1.0,1.0,1.0,0.4,1.0,1.0,1.0,1.0,0.2,1.0,1.0,1.0,1.0
feature,tailwindlabs__tailwindcss-463,tailwindlabs/tailwindcss,TypeScript,path_bm25,11,True,3,2,1,10,0.0,0.0,0.0,0.0,0.0,0.0,0.0,0.0,0.0,0.0,0.0,0.0,0.0,0.0,0.0,0.0,0.0,0.0,0.0,0.0,0.0
feature,tailwindlabs__tailwindcss-463,tailwindlabs/tailwindcss,TypeScript,content_bm25,11,True,3,2,1,10,0.3333333333333333,1.0,1.0,0.5,0.0,0.6666666666666666,0.6666666666666666,0.6666666666666666,0.5,1.0,0.6666666666666666,0.4,0.4,0.5,1.0,0.6666666666666666,0.2,0.2,0.5,1.0,1.0
feature,tailwindlabs__tailwindcss-463,tailwindlabs/tailwindcss,TypeScript,dense_minilm,11,True,3,2,1,10,0.3333333333333333,1.0,1.0,0.5,0.0,0.3333333333333333,0.3333333333333333,0.3333333333333333,0.5,0.0,0.6666666666666666,0.4,0.4,0.5,1.0,0.6666666666666666,0.2,0.2,0.5,1.0,1.0
feature,tailwindlabs__tailwindcss-463,tailwindlabs/tailwindcss,TypeScript,hybrid_rrf,11,True,3,2,1,10,0.3333333333333333,1.0,1.0,0.0,1.0,0.6666666666666666,0.6666666666666666,0.6666666666666666,0.5,1.0,0.6666666666666666,0.4,0.4,0.5,1.0,1.0,0.3,0.3,1.0,1.0,1.0
feature,tailwindlabs__tailwindcss-463,tailwindlabs/tailwindcss,TypeScript,minilm256_pool100,11,True,3,2,1,10,0.3333333333333333,1.0,1.0,0.5,0.0,0.3333333333333333,0.3333333333333333,0.3333333333333333,0.5,0.0,0.6666666666666666,0.4,0.4,0.5,1.0,0.6666666666666666,0.2,0.2,0.5,1.0,1.0
feature,tailwindlabs__tailwindcss-463,tailwindlabs/tailwindcss,TypeScript,coderank256_pool100,11,True,3,2,1,10,0.0,0.0,0.0,0.0,0.0,0.3333333333333333,0.3333333333333333,0.3333333333333333,0.0,1.0,0.6666666666666666,0.4,0.4,0.5,1.0,0.6666666666666666,0.2,0.2,0.5,1.0,0.5
feature,tailwindlabs__tailwindcss-463,tailwindlabs/tailwindcss,TypeScript,coderank2048_pool100,11,True,3,2,1,10,0.0,0.0,0.0,0.0,0.0,0.3333333333333333,0.3333333333333333,0.3333333333333333,0.5,0.0,0.3333333333333333,0.2,0.2,0.5,0.0,0.3333333333333333,0.1,0.1,0.5,0.0,0.3333333333333333
feature,tailwindlabs__tailwindcss-463,tailwindlabs/tailwindcss,TypeScript,qwen3-coder:30b/paths,11,True,3,2,1,10,0.0,0.0,0.0,0.0,0.0,0.3333333333333333,0.3333333333333333,0.3333333333333333,0.5,0.0,0.6666666666666666,0.4,0.4,0.5,1.0,1.0,0.3,0.3,1.0,1.0,0.3333333333333333
feature,tailwindlabs__tailwindcss-463,tailwindlabs/tailwindcss,TypeScript,qwen3-coder:30b/content,11,True,3,2,1,10,0.3333333333333333,1.0,1.0,0.5,0.0,0.3333333333333333,0.3333333333333333,0.3333333333333333,0.5,0.0,0.3333333333333333,0.2,0.2,0.5,0.0,0.6666666666666666,0.2,0.2,0.5,1.0,1.0
feature,tailwindlabs__tailwindcss-463,tailwindlabs/tailwindcss,TypeScript,devstral-small-2:24b/paths,11,True,3,2,1,10,0.0,0.0,0.0,0.0,0.0,0.0,0.0,0.0,0.0,0.0,0.3333333333333333,0.2,0.2,0.0,1.0,0.3333333333333333,0.1,0.1,0.0,1.0,0.2
feature,tailwindlabs__tailwindcss-463,tailwindlabs/tailwindcss,TypeScript,devstral-small-2:24b/content,11,True,3,2,1,10,0.3333333333333333,1.0,1.0,0.5,0.0,0.6666666666666666,0.6666666666666666,0.6666666666666666,0.5,1.0,0.6666666666666666,0.4,0.4,0.5,1.0,0.6666666666666666,0.2,0.2,0.5,1.0,1.0
feature,tailwindlabs__tailwindcss-463,tailwindlabs/tailwindcss,TypeScript,navigation/restricted40,11,True,3,2,1,10,0.3333333333333333,1.0,1.0,0.5,0.0,0.6666666666666666,0.6666666666666666,0.6666666666666666,0.5,1.0,1.0,0.6,0.6,1.0,1.0,1.0,0.3,0.3,1.0,1.0,1.0
feature,tailwindlabs__tailwindcss-463,tailwindlabs/tailwindcss,TypeScript,navigation/repository,11,True,3,2,1,10,0.3333333333333333,1.0,1.0,0.5,0.0,0.6666666666666666,0.6666666666666666,0.6666666666666666,0.5,1.0,1.0,0.6,0.6,1.0,1.0,1.0,0.3,0.3,1.0,1.0,1.0
feature,tailwindlabs__tailwindcss-553,tailwindlabs/tailwindcss,TypeScript,path_bm25,11,True,2,1,1,10,0.5,1.0,1.0,1.0,0.0,1.0,0.6666666666666666,0.6666666666666666,1.0,1.0,1.0,0.4,0.4,1.0,1.0,1.0,0.2,0.2,1.0,1.0,1.0
feature,tailwindlabs__tailwindcss-553,tailwindlabs/tailwindcss,TypeScript,content_bm25,11,True,2,1,1,10,0.0,0.0,0.0,0.0,0.0,1.0,0.6666666666666666,0.6666666666666666,1.0,1.0,1.0,0.4,0.4,1.0,1.0,1.0,0.2,0.2,1.0,1.0,0.5
feature,tailwindlabs__tailwindcss-553,tailwindlabs/tailwindcss,TypeScript,dense_minilm,11,True,2,1,1,10,0.0,0.0,0.0,0.0,0.0,0.0,0.0,0.0,0.0,0.0,0.0,0.0,0.0,0.0,0.0,0.5,0.1,0.1,0.0,1.0,0.16666666666666666
feature,tailwindlabs__tailwindcss-553,tailwindlabs/tailwindcss,TypeScript,hybrid_rrf,11,True,2,1,1,10,0.5,1.0,1.0,0.0,1.0,1.0,0.6666666666666666,0.6666666666666666,1.0,1.0,1.0,0.4,0.4,1.0,1.0,1.0,0.2,0.2,1.0,1.0,1.0
feature,tailwindlabs__tailwindcss-553,tailwindlabs/tailwindcss,TypeScript,minilm256_pool100,11,True,2,1,1,10,0.0,0.0,0.0,0.0,0.0,0.0,0.0,0.0,0.0,0.0,0.0,0.0,0.0,0.0,0.0,0.5,0.1,0.1,0.0,1.0,0.16666666666666666
feature,tailwindlabs__tailwindcss-553,tailwindlabs/tailwindcss,TypeScript,coderank256_pool100,11,True,2,1,1,10,0.5,1.0,1.0,0.0,1.0,1.0,0.6666666666666666,0.6666666666666666,1.0,1.0,1.0,0.4,0.4,1.0,1.0,1.0,0.2,0.2,1.0,1.0,1.0
feature,tailwindlabs__tailwindcss-553,tailwindlabs/tailwindcss,TypeScript,coderank2048_pool100,11,True,2,1,1,10,0.5,1.0,1.0,1.0,0.0,1.0,0.6666666666666666,0.6666666666666666,1.0,1.0,1.0,0.4,0.4,1.0,1.0,1.0,0.2,0.2,1.0,1.0,1.0
feature,tailwindlabs__tailwindcss-553,tailwindlabs/tailwindcss,TypeScript,qwen3-coder:30b/paths,11,True,2,1,1,10,0.5,1.0,1.0,1.0,0.0,0.5,0.3333333333333333,0.3333333333333333,1.0,0.0,0.5,0.2,0.2,1.0,0.0,0.5,0.1,0.1,1.0,0.0,1.0
feature,tailwindlabs__tailwindcss-553,tailwindlabs/tailwindcss,TypeScript,qwen3-coder:30b/content,11,True,2,1,1,10,0.5,1.0,1.0,1.0,0.0,1.0,0.6666666666666666,0.6666666666666666,1.0,1.0,1.0,0.4,0.4,1.0,1.0,1.0,0.2,0.2,1.0,1.0,1.0
feature,tailwindlabs__tailwindcss-553,tailwindlabs/tailwindcss,TypeScript,devstral-small-2:24b/paths,11,True,2,1,1,10,0.5,1.0,1.0,0.0,1.0,1.0,0.6666666666666666,0.6666666666666666,1.0,1.0,1.0,0.4,0.4,1.0,1.0,1.0,0.2,0.2,1.0,1.0,1.0
feature,tailwindlabs__tailwindcss-553,tailwindlabs/tailwindcss,TypeScript,devstral-small-2:24b/content,11,True,2,1,1,10,0.5,1.0,1.0,1.0,0.0,1.0,0.6666666666666666,0.6666666666666666,1.0,1.0,1.0,0.4,0.4,1.0,1.0,1.0,0.2,0.2,1.0,1.0,1.0
feature,tailwindlabs__tailwindcss-553,tailwindlabs/tailwindcss,TypeScript,navigation/restricted40,11,True,2,1,1,10,0.5,1.0,1.0,1.0,0.0,1.0,0.6666666666666666,0.6666666666666666,1.0,1.0,1.0,0.4,0.4,1.0,1.0,1.0,0.2,0.2,1.0,1.0,1.0
feature,tailwindlabs__tailwindcss-553,tailwindlabs/tailwindcss,TypeScript,navigation/repository,11,True,2,1,1,10,0.5,1.0,1.0,1.0,0.0,1.0,0.6666666666666666,0.6666666666666666,1.0,1.0,1.0,0.4,0.4,1.0,1.0,1.0,0.2,0.2,1.0,1.0,1.0
feature,tailwindlabs__tailwindcss-849,tailwindlabs/tailwindcss,TypeScript,path_bm25,11,True,2,1,1,10,0.0,0.0,0.0,0.0,0.0,0.0,0.0,0.0,0.0,0.0,0.0,0.0,0.0,0.0,0.0,0.0,0.0,0.0,0.0,0.0,0.0
feature,tailwindlabs__tailwindcss-849,tailwindlabs/tailwindcss,TypeScript,content_bm25,11,True,2,1,1,10,0.0,0.0,0.0,0.0,0.0,0.0,0.0,0.0,0.0,0.0,0.0,0.0,0.0,0.0,0.0,0.0,0.0,0.0,0.0,0.0,0.0
feature,tailwindlabs__tailwindcss-849,tailwindlabs/tailwindcss,TypeScript,dense_minilm,11,True,2,1,1,10,0.5,1.0,1.0,1.0,0.0,1.0,0.6666666666666666,0.6666666666666666,1.0,1.0,1.0,0.4,0.4,1.0,1.0,1.0,0.2,0.2,1.0,1.0,1.0
feature,tailwindlabs__tailwindcss-849,tailwindlabs/tailwindcss,TypeScript,hybrid_rrf,11,True,2,1,1,10,0.0,0.0,0.0,0.0,0.0,0.5,0.3333333333333333,0.3333333333333333,0.0,1.0,1.0,0.4,0.4,1.0,1.0,1.0,0.2,0.2,1.0,1.0,0.5
feature,tailwindlabs__tailwindcss-849,tailwindlabs/tailwindcss,TypeScript,minilm256_pool100,11,True,2,1,1,10,0.5,1.0,1.0,1.0,0.0,1.0,0.6666666666666666,0.6666666666666666,1.0,1.0,1.0,0.4,0.4,1.0,1.0,1.0,0.2,0.2,1.0,1.0,1.0
feature,tailwindlabs__tailwindcss-849,tailwindlabs/tailwindcss,TypeScript,coderank256_pool100,11,True,2,1,1,10,0.0,0.0,0.0,0.0,0.0,1.0,0.6666666666666666,0.6666666666666666,1.0,1.0,1.0,0.4,0.4,1.0,1.0,1.0,0.2,0.2,1.0,1.0,0.5
feature,tailwindlabs__tailwindcss-849,tailwindlabs/tailwindcss,TypeScript,coderank2048_pool100,11,True,2,1,1,10,0.5,1.0,1.0,0.0,1.0,1.0,0.6666666666666666,0.6666666666666666,1.0,1.0,1.0,0.4,0.4,1.0,1.0,1.0,0.2,0.2,1.0,1.0,1.0
feature,tailwindlabs__tailwindcss-849,tailwindlabs/tailwindcss,TypeScript,qwen3-coder:30b/paths,11,True,2,1,1,10,0.0,0.0,0.0,0.0,0.0,0.5,0.3333333333333333,0.3333333333333333,1.0,0.0,1.0,0.4,0.4,1.0,1.0,1.0,0.2,0.2,1.0,1.0,0.5
feature,tailwindlabs__tailwindcss-849,tailwindlabs/tailwindcss,TypeScript,qwen3-coder:30b/content,11,True,2,1,1,10,0.0,0.0,0.0,0.0,0.0,0.5,0.3333333333333333,0.3333333333333333,1.0,0.0,0.5,0.2,0.2,1.0,0.0,0.5,0.1,0.1,1.0,0.0,0.5
feature,tailwindlabs__tailwindcss-849,tailwindlabs/tailwindcss,TypeScript,devstral-small-2:24b/paths,11,True,2,1,1,10,0.5,1.0,1.0,1.0,0.0,0.5,0.3333333333333333,0.3333333333333333,1.0,0.0,0.5,0.2,0.2,1.0,0.0,1.0,0.2,0.2,1.0,1.0,1.0
feature,tailwindlabs__tailwindcss-849,tailwindlabs/tailwindcss,TypeScript,devstral-small-2:24b/content,11,True,2,1,1,10,0.5,1.0,1.0,1.0,0.0,1.0,0.6666666666666666,0.6666666666666666,1.0,1.0,1.0,0.4,0.4,1.0,1.0,1.0,0.2,0.2,1.0,1.0,1.0
feature,tailwindlabs__tailwindcss-849,tailwindlabs/tailwindcss,TypeScript,navigation/restricted40,11,True,2,1,1,10,0.5,1.0,1.0,1.0,0.0,0.5,0.3333333333333333,0.3333333333333333,1.0,0.0,0.5,0.2,0.2,1.0,0.0,1.0,0.2,0.2,1.0,1.0,1.0
feature,tailwindlabs__tailwindcss-849,tailwindlabs/tailwindcss,TypeScript,navigation/restricted40,29,True,2,1,1,10,0.5,1.0,1.0,1.0,0.0,0.5,0.3333333333333333,0.3333333333333333,1.0,0.0,0.5,0.2,0.2,1.0,0.0,1.0,0.2,0.2,1.0,1.0,1.0
feature,tailwindlabs__tailwindcss-849,tailwindlabs/tailwindcss,TypeScript,navigation/restricted40,47,True,2,1,1,10,0.5,1.0,1.0,1.0,0.0,0.5,0.3333333333333333,0.3333333333333333,1.0,0.0,0.5,0.2,0.2,1.0,0.0,1.0,0.2,0.2,1.0,1.0,1.0
feature,tailwindlabs__tailwindcss-849,tailwindlabs/tailwindcss,TypeScript,navigation/repository,11,True,2,1,1,3,0.5,1.0,1.0,1.0,0.0,0.5,0.3333333333333333,0.3333333333333333,1.0,0.0,0.5,0.2,0.3333333333333333,1.0,0.0,0.5,0.1,0.3333333333333333,1.0,0.0,1.0
feature,tailwindlabs__tailwindcss-849,tailwindlabs/tailwindcss,TypeScript,navigation/repository,29,True,2,1,1,3,0.5,1.0,1.0,1.0,0.0,0.5,0.3333333333333333,0.3333333333333333,1.0,0.0,0.5,0.2,0.3333333333333333,1.0,0.0,0.5,0.1,0.3333333333333333,1.0,0.0,1.0
feature,tailwindlabs__tailwindcss-849,tailwindlabs/tailwindcss,TypeScript,navigation/repository,47,True,2,1,1,3,0.5,1.0,1.0,1.0,0.0,0.5,0.3333333333333333,0.3333333333333333,1.0,0.0,0.5,0.2,0.3333333333333333,1.0,0.0,0.5,0.1,0.3333333333333333,1.0,0.0,1.0
feature,coder__code-server-4597,coder/code-server,TypeScript,path_bm25,11,True,8,7,1,10,0.0,0.0,0.0,0.0,0.0,0.0,0.0,0.0,0.0,0.0,0.0,0.0,0.0,0.0,0.0,0.0,0.0,0.0,0.0,0.0,0.0
feature,coder__code-server-4597,coder/code-server,TypeScript,content_bm25,11,True,8,7,1,10,0.0,0.0,0.0,0.0,0.0,0.0,0.0,0.0,0.0,0.0,0.0,0.0,0.0,0.0,0.0,0.0,0.0,0.0,0.0,0.0,0.0
feature,coder__code-server-4597,coder/code-server,TypeScript,dense_minilm,11,True,8,7,1,10,0.0,0.0,0.0,0.0,0.0,0.0,0.0,0.0,0.0,0.0,0.0,0.0,0.0,0.0,0.0,0.0,0.0,0.0,0.0,0.0,0.0
feature,coder__code-server-4597,coder/code-server,TypeScript,hybrid_rrf,11,True,8,7,1,10,0.0,0.0,0.0,0.0,0.0,0.0,0.0,0.0,0.0,0.0,0.0,0.0,0.0,0.0,0.0,0.0,0.0,0.0,0.0,0.0,0.0
feature,coder__code-server-4597,coder/code-server,TypeScript,minilm256_pool100,11,True,8,7,1,10,0.0,0.0,0.0,0.0,0.0,0.0,0.0,0.0,0.0,0.0,0.0,0.0,0.0,0.0,0.0,0.0,0.0,0.0,0.0,0.0,0.0
feature,coder__code-server-4597,coder/code-server,TypeScript,coderank256_pool100,11,True,8,7,1,10,0.0,0.0,0.0,0.0,0.0,0.0,0.0,0.0,0.0,0.0,0.0,0.0,0.0,0.0,0.0,0.0,0.0,0.0,0.0,0.0,0.0
feature,coder__code-server-4597,coder/code-server,TypeScript,coderank2048_pool100,11,True,8,7,1,10,0.0,0.0,0.0,0.0,0.0,0.0,0.0,0.0,0.0,0.0,0.0,0.0,0.0,0.0,0.0,0.0,0.0,0.0,0.0,0.0,0.0
feature,coder__code-server-4597,coder/code-server,TypeScript,qwen3-coder:30b/paths,11,True,8,7,1,10,0.125,1.0,1.0,0.14285714285714285,0.0,0.125,0.3333333333333333,0.3333333333333333,0.14285714285714285,0.0,0.125,0.2,0.2,0.14285714285714285,0.0,0.125,0.1,0.1,0.14285714285714285,0.0,1.0
feature,coder__code-server-4597,coder/code-server,TypeScript,qwen3-coder:30b/content,11,True,8,7,1,10,0.0,0.0,0.0,0.0,0.0,0.0,0.0,0.0,0.0,0.0,0.0,0.0,0.0,0.0,0.0,0.0,0.0,0.0,0.0,0.0,0.0
feature,coder__code-server-4597,coder/code-server,TypeScript,devstral-small-2:24b/paths,11,True,8,7,1,10,0.0,0.0,0.0,0.0,0.0,0.0,0.0,0.0,0.0,0.0,0.0,0.0,0.0,0.0,0.0,0.0,0.0,0.0,0.0,0.0,0.0
feature,coder__code-server-4597,coder/code-server,TypeScript,devstral-small-2:24b/content,11,True,8,7,1,10,0.0,0.0,0.0,0.0,0.0,0.0,0.0,0.0,0.0,0.0,0.0,0.0,0.0,0.0,0.0,0.0,0.0,0.0,0.0,0.0,0.0
feature,coder__code-server-4597,coder/code-server,TypeScript,navigation/restricted40,11,True,8,7,1,10,0.0,0.0,0.0,0.0,0.0,0.0,0.0,0.0,0.0,0.0,0.0,0.0,0.0,0.0,0.0,0.0,0.0,0.0,0.0,0.0,0.0
feature,coder__code-server-4597,coder/code-server,TypeScript,navigation/repository,11,False,8,7,1,0,0.0,0.0,0.0,0.0,0.0,0.0,0.0,0.0,0.0,0.0,0.0,0.0,0.0,0.0,0.0,0.0,0.0,0.0,0.0,0.0,0.0
feature,coder__code-server-4678,coder/code-server,TypeScript,path_bm25,11,True,16,12,4,10,0.0,0.0,0.0,0.0,0.0,0.0,0.0,0.0,0.0,0.0,0.0,0.0,0.0,0.0,0.0,0.0625,0.1,0.1,0.08333333333333333,0.0,0.125
feature,coder__code-server-4678,coder/code-server,TypeScript,content_bm25,11,True,16,12,4,10,0.0,0.0,0.0,0.0,0.0,0.0,0.0,0.0,0.0,0.0,0.0,0.0,0.0,0.0,0.0,0.0,0.0,0.0,0.0,0.0,0.0
feature,coder__code-server-4678,coder/code-server,TypeScript,dense_minilm,11,True,16,12,4,10,0.0,0.0,0.0,0.0,0.0,0.0,0.0,0.0,0.0,0.0,0.0,0.0,0.0,0.0,0.0,0.0,0.0,0.0,0.0,0.0,0.0
feature,coder__code-server-4678,coder/code-server,TypeScript,hybrid_rrf,11,True,16,12,4,10,0.0,0.0,0.0,0.0,0.0,0.0,0.0,0.0,0.0,0.0,0.0,0.0,0.0,0.0,0.0,0.0625,0.1,0.1,0.08333333333333333,0.0,0.1111111111111111
feature,coder__code-server-4678,coder/code-server,TypeScript,minilm256_pool100,11,True,16,12,4,10,0.0,0.0,0.0,0.0,0.0,0.0,0.0,0.0,0.0,0.0,0.0,0.0,0.0,0.0,0.0,0.0,0.0,0.0,0.0,0.0,0.0
feature,coder__code-server-4678,coder/code-server,TypeScript,coderank256_pool100,11,True,16,12,4,10,0.0,0.0,0.0,0.0,0.0,0.0,0.0,0.0,0.0,0.0,0.0,0.0,0.0,0.0,0.0,0.0625,0.1,0.1,0.08333333333333333,0.0,0.125
feature,coder__code-server-4678,coder/code-server,TypeScript,coderank2048_pool100,11,True,16,12,4,10,0.0,0.0,0.0,0.0,0.0,0.0,0.0,0.0,0.0,0.0,0.0,0.0,0.0,0.0,0.0,0.0625,0.1,0.1,0.08333333333333333,0.0,0.125
feature,coder__code-server-4678,coder/code-server,TypeScript,qwen3-coder:30b/paths,11,True,16,12,4,10,0.0625,1.0,1.0,0.08333333333333333,0.0,0.1875,1.0,1.0,0.25,0.0,0.1875,0.6,0.6,0.25,0.0,0.3125,0.5,0.5,0.4166666666666667,0.0,1.0
feature,coder__code-server-4678,coder/code-server,TypeScript,qwen3-coder:30b/content,11,True,16,12,4,10,0.0625,1.0,1.0,0.08333333333333333,0.0,0.1875,1.0,1.0,0.25,0.0,0.1875,0.6,0.6,0.25,0.0,0.25,0.4,0.4,0.3333333333333333,0.0,1.0
feature,coder__code-server-4678,coder/code-server,TypeScript,devstral-small-2:24b/paths,11,True,16,12,4,10,0.0,0.0,0.0,0.0,0.0,0.0625,0.3333333333333333,0.3333333333333333,0.08333333333333333,0.0,0.125,0.4,0.4,0.16666666666666666,0.0,0.1875,0.3,0.3,0.25,0.0,0.3333333333333333
feature,coder__code-server-4678,coder/code-server,TypeScript,devstral-small-2:24b/content,11,True,16,12,4,10,0.0,0.0,0.0,0.0,0.0,0.0625,0.3333333333333333,0.3333333333333333,0.08333333333333333,0.0,0.0625,0.2,0.2,0.08333333333333333,0.0,0.0625,0.1,0.1,0.08333333333333333,0.0,0.3333333333333333
feature,coder__code-server-4678,coder/code-server,TypeScript,navigation/restricted40,11,False,16,12,4,0,0.0,0.0,0.0,0.0,0.0,0.0,0.0,0.0,0.0,0.0,0.0,0.0,0.0,0.0,0.0,0.0,0.0,0.0,0.0,0.0,0.0
feature,coder__code-server-4678,coder/code-server,TypeScript,navigation/restricted40,29,False,16,12,4,0,0.0,0.0,0.0,0.0,0.0,0.0,0.0,0.0,0.0,0.0,0.0,0.0,0.0,0.0,0.0,0.0,0.0,0.0,0.0,0.0,0.0
feature,coder__code-server-4678,coder/code-server,TypeScript,navigation/restricted40,47,False,16,12,4,0,0.0,0.0,0.0,0.0,0.0,0.0,0.0,0.0,0.0,0.0,0.0,0.0,0.0,0.0,0.0,0.0,0.0,0.0,0.0,0.0,0.0
feature,coder__code-server-4678,coder/code-server,TypeScript,navigation/repository,11,False,16,12,4,0,0.0,0.0,0.0,0.0,0.0,0.0,0.0,0.0,0.0,0.0,0.0,0.0,0.0,0.0,0.0,0.0,0.0,0.0,0.0,0.0,0.0
feature,coder__code-server-4678,coder/code-server,TypeScript,navigation/repository,29,False,16,12,4,0,0.0,0.0,0.0,0.0,0.0,0.0,0.0,0.0,0.0,0.0,0.0,0.0,0.0,0.0,0.0,0.0,0.0,0.0,0.0,0.0,0.0
feature,coder__code-server-4678,coder/code-server,TypeScript,navigation/repository,47,False,16,12,4,0,0.0,0.0,0.0,0.0,0.0,0.0,0.0,0.0,0.0,0.0,0.0,0.0,0.0,0.0,0.0,0.0,0.0,0.0,0.0,0.0,0.0
feature,coder__code-server-4923,coder/code-server,TypeScript,path_bm25,11,True,4,2,2,10,0.0,0.0,0.0,0.0,0.0,0.0,0.0,0.0,0.0,0.0,0.0,0.0,0.0,0.0,0.0,0.0,0.0,0.0,0.0,0.0,0.0
feature,coder__code-server-4923,coder/code-server,TypeScript,content_bm25,11,True,4,2,2,10,0.0,0.0,0.0,0.0,0.0,0.25,0.3333333333333333,0.3333333333333333,0.5,0.0,0.25,0.2,0.2,0.5,0.0,0.25,0.1,0.1,0.5,0.0,0.3333333333333333
feature,coder__code-server-4923,coder/code-server,TypeScript,dense_minilm,11,True,4,2,2,10,0.0,0.0,0.0,0.0,0.0,0.0,0.0,0.0,0.0,0.0,0.25,0.2,0.2,0.5,0.0,0.5,0.2,0.2,0.5,0.5,0.2
feature,coder__code-server-4923,coder/code-server,TypeScript,hybrid_rrf,11,True,4,2,2,10,0.25,1.0,1.0,0.5,0.0,0.5,0.6666666666666666,0.6666666666666666,0.5,0.5,0.5,0.4,0.4,0.5,0.5,0.75,0.3,0.3,1.0,0.5,1.0
feature,coder__code-server-4923,coder/code-server,TypeScript,minilm256_pool100,11,True,4,2,2,10,0.0,0.0,0.0,0.0,0.0,0.0,0.0,0.0,0.0,0.0,0.25,0.2,0.2,0.5,0.0,0.5,0.2,0.2,0.5,0.5,0.2
feature,coder__code-server-4923,coder/code-server,TypeScript,coderank256_pool100,11,True,4,2,2,10,0.0,0.0,0.0,0.0,0.0,0.0,0.0,0.0,0.0,0.0,0.25,0.2,0.2,0.5,0.0,0.25,0.1,0.1,0.5,0.0,0.2
feature,coder__code-server-4923,coder/code-server,TypeScript,coderank2048_pool100,11,True,4,2,2,10,0.0,0.0,0.0,0.0,0.0,0.0,0.0,0.0,0.0,0.0,0.0,0.0,0.0,0.0,0.0,0.0,0.0,0.0,0.0,0.0,0.0
feature,coder__code-server-4923,coder/code-server,TypeScript,qwen3-coder:30b/paths,11,True,4,2,2,10,0.0,0.0,0.0,0.0,0.0,0.25,0.3333333333333333,0.3333333333333333,0.5,0.0,0.25,0.2,0.2,0.5,0.0,1.0,0.4,0.4,1.0,1.0,0.5
feature,coder__code-server-4923,coder/code-server,TypeScript,qwen3-coder:30b/content,11,True,4,2,2,10,0.25,1.0,1.0,0.5,0.0,0.5,0.6666666666666666,0.6666666666666666,0.5,0.5,1.0,0.8,0.8,1.0,1.0,1.0,0.4,0.4,1.0,1.0,1.0
feature,coder__code-server-4923,coder/code-server,TypeScript,devstral-small-2:24b/paths,11,True,4,2,2,10,0.25,1.0,1.0,0.5,0.0,0.25,0.3333333333333333,0.3333333333333333,0.5,0.0,0.5,0.4,0.4,0.5,0.5,0.75,0.3,0.3,1.0,0.5,1.0
feature,coder__code-server-4923,coder/code-server,TypeScript,devstral-small-2:24b/content,11,True,4,2,2,5,0.25,1.0,1.0,0.5,0.0,0.5,0.6666666666666666,0.6666666666666666,0.5,0.5,1.0,0.8,0.8,1.0,1.0,1.0,0.4,0.8,1.0,1.0,1.0
feature,coder__code-server-4923,coder/code-server,TypeScript,navigation/restricted40,11,True,4,2,2,10,0.25,1.0,1.0,0.5,0.0,0.5,0.6666666666666666,0.6666666666666666,1.0,0.0,0.75,0.6,0.6,1.0,0.5,0.75,0.3,0.3,1.0,0.5,1.0
feature,coder__code-server-4923,coder/code-server,TypeScript,navigation/restricted40,29,True,4,2,2,10,0.25,1.0,1.0,0.5,0.0,0.75,1.0,1.0,1.0,0.5,0.75,0.6,0.6,1.0,0.5,0.75,0.3,0.3,1.0,0.5,1.0
feature,coder__code-server-4923,coder/code-server,TypeScript,navigation/restricted40,47,True,4,2,2,10,0.25,1.0,1.0,0.5,0.0,0.5,0.6666666666666666,0.6666666666666666,1.0,0.0,0.5,0.4,0.4,1.0,0.0,0.75,0.3,0.3,1.0,0.5,1.0
feature,coder__code-server-4923,coder/code-server,TypeScript,navigation/repository,11,True,4,2,2,6,0.25,1.0,1.0,0.5,0.0,0.5,0.6666666666666666,0.6666666666666666,1.0,0.0,0.75,0.6,0.6,1.0,0.5,0.75,0.3,0.5,1.0,0.5,1.0
feature,coder__code-server-4923,coder/code-server,TypeScript,navigation/repository,29,True,4,2,2,8,0.25,1.0,1.0,0.5,0.0,0.5,0.6666666666666666,0.6666666666666666,1.0,0.0,0.75,0.6,0.6,1.0,0.5,1.0,0.4,0.5,1.0,1.0,1.0
feature,coder__code-server-4923,coder/code-server,TypeScript,navigation/repository,47,True,4,2,2,4,0.25,1.0,1.0,0.5,0.0,0.5,0.6666666666666666,0.6666666666666666,1.0,0.0,0.75,0.6,0.75,1.0,0.5,0.75,0.3,0.75,1.0,0.5,1.0
feature,coder__code-server-5633,coder/code-server,TypeScript,path_bm25,11,True,5,3,2,10,0.0,0.0,0.0,0.0,0.0,0.0,0.0,0.0,0.0,0.0,0.0,0.0,0.0,0.0,0.0,0.2,0.1,0.1,0.3333333333333333,0.0,0.16666666666666666
feature,coder__code-server-5633,coder/code-server,TypeScript,content_bm25,11,True,5,3,2,10,0.0,0.0,0.0,0.0,0.0,0.0,0.0,0.0,0.0,0.0,0.0,0.0,0.0,0.0,0.0,0.0,0.0,0.0,0.0,0.0,0.0
feature,coder__code-server-5633,coder/code-server,TypeScript,dense_minilm,11,True,5,3,2,10,0.0,0.0,0.0,0.0,0.0,0.2,0.3333333333333333,0.3333333333333333,0.3333333333333333,0.0,0.2,0.2,0.2,0.3333333333333333,0.0,0.2,0.1,0.1,0.3333333333333333,0.0,0.5
feature,coder__code-server-5633,coder/code-server,TypeScript,hybrid_rrf,11,True,5,3,2,10,0.0,0.0,0.0,0.0,0.0,0.0,0.0,0.0,0.0,0.0,0.0,0.0,0.0,0.0,0.0,0.0,0.0,0.0,0.0,0.0,0.0
feature,coder__code-server-5633,coder/code-server,TypeScript,minilm256_pool100,11,True,5,3,2,10,0.0,0.0,0.0,0.0,0.0,0.2,0.3333333333333333,0.3333333333333333,0.3333333333333333,0.0,0.2,0.2,0.2,0.3333333333333333,0.0,0.2,0.1,0.1,0.3333333333333333,0.0,0.5
feature,coder__code-server-5633,coder/code-server,TypeScript,coderank256_pool100,11,True,5,3,2,10,0.0,0.0,0.0,0.0,0.0,0.2,0.3333333333333333,0.3333333333333333,0.3333333333333333,0.0,0.2,0.2,0.2,0.3333333333333333,0.0,0.4,0.2,0.2,0.6666666666666666,0.0,0.5
feature,coder__code-server-5633,coder/code-server,TypeScript,coderank2048_pool100,11,True,5,3,2,10,0.2,1.0,1.0,0.3333333333333333,0.0,0.2,0.3333333333333333,0.3333333333333333,0.3333333333333333,0.0,0.2,0.2,0.2,0.3333333333333333,0.0,0.6,0.3,0.3,0.6666666666666666,0.5,1.0
feature,coder__code-server-5633,coder/code-server,TypeScript,qwen3-coder:30b/paths,11,True,5,3,2,10,0.2,1.0,1.0,0.3333333333333333,0.0,0.4,0.6666666666666666,0.6666666666666666,0.6666666666666666,0.0,0.4,0.4,0.4,0.6666666666666666,0.0,0.6,0.3,0.3,1.0,0.0,1.0
feature,coder__code-server-5633,coder/code-server,TypeScript,qwen3-coder:30b/content,11,True,5,3,2,10,0.2,1.0,1.0,0.3333333333333333,0.0,0.4,0.6666666666666666,0.6666666666666666,0.6666666666666666,0.0,0.6,0.6,0.6,1.0,0.0,0.8,0.4,0.4,1.0,0.5,1.0
feature,coder__code-server-5633,coder/code-server,TypeScript,devstral-small-2:24b/paths,11,True,5,3,2,10,0.2,1.0,1.0,0.3333333333333333,0.0,0.4,0.6666666666666666,0.6666666666666666,0.6666666666666666,0.0,0.6,0.6,0.6,1.0,0.0,0.8,0.4,0.4,1.0,0.5,1.0
feature,coder__code-server-5633,coder/code-server,TypeScript,devstral-small-2:24b/content,11,True,5,3,2,10,0.2,1.0,1.0,0.3333333333333333,0.0,0.4,0.6666666666666666,0.6666666666666666,0.6666666666666666,0.0,0.6,0.6,0.6,1.0,0.0,0.6,0.3,0.3,1.0,0.0,1.0
feature,coder__code-server-5633,coder/code-server,TypeScript,navigation/restricted40,11,True,5,3,2,10,0.2,1.0,1.0,0.3333333333333333,0.0,0.2,0.3333333333333333,0.3333333333333333,0.3333333333333333,0.0,0.2,0.2,0.2,0.3333333333333333,0.0,0.2,0.1,0.1,0.3333333333333333,0.0,1.0
feature,coder__code-server-5633,coder/code-server,TypeScript,navigation/repository,11,True,5,3,2,10,0.2,1.0,1.0,0.3333333333333333,0.0,0.2,0.3333333333333333,0.3333333333333333,0.3333333333333333,0.0,0.2,0.2,0.2,0.3333333333333333,0.0,0.2,0.1,0.1,0.3333333333333333,0.0,1.0
feature,coder__code-server-6115,coder/code-server,TypeScript,path_bm25,11,True,2,1,1,10,0.0,0.0,0.0,0.0,0.0,0.0,0.0,0.0,0.0,0.0,0.0,0.0,0.0,0.0,0.0,0.0,0.0,0.0,0.0,0.0,0.0
feature,coder__code-server-6115,coder/code-server,TypeScript,content_bm25,11,True,2,1,1,10,0.0,0.0,0.0,0.0,0.0,0.0,0.0,0.0,0.0,0.0,0.0,0.0,0.0,0.0,0.0,0.0,0.0,0.0,0.0,0.0,0.0
feature,coder__code-server-6115,coder/code-server,TypeScript,dense_minilm,11,True,2,1,1,10,0.0,0.0,0.0,0.0,0.0,0.0,0.0,0.0,0.0,0.0,0.0,0.0,0.0,0.0,0.0,0.0,0.0,0.0,0.0,0.0,0.0
feature,coder__code-server-6115,coder/code-server,TypeScript,hybrid_rrf,11,True,2,1,1,10,0.0,0.0,0.0,0.0,0.0,0.0,0.0,0.0,0.0,0.0,0.0,0.0,0.0,0.0,0.0,0.0,0.0,0.0,0.0,0.0,0.0
feature,coder__code-server-6115,coder/code-server,TypeScript,minilm256_pool100,11,True,2,1,1,10,0.0,0.0,0.0,0.0,0.0,0.0,0.0,0.0,0.0,0.0,0.0,0.0,0.0,0.0,0.0,0.0,0.0,0.0,0.0,0.0,0.0
feature,coder__code-server-6115,coder/code-server,TypeScript,coderank256_pool100,11,True,2,1,1,10,0.0,0.0,0.0,0.0,0.0,0.0,0.0,0.0,0.0,0.0,0.0,0.0,0.0,0.0,0.0,0.0,0.0,0.0,0.0,0.0,0.0
feature,coder__code-server-6115,coder/code-server,TypeScript,coderank2048_pool100,11,True,2,1,1,10,0.0,0.0,0.0,0.0,0.0,0.0,0.0,0.0,0.0,0.0,0.0,0.0,0.0,0.0,0.0,0.0,0.0,0.0,0.0,0.0,0.0
feature,coder__code-server-6115,coder/code-server,TypeScript,qwen3-coder:30b/paths,11,True,2,1,1,10,0.0,0.0,0.0,0.0,0.0,0.0,0.0,0.0,0.0,0.0,0.0,0.0,0.0,0.0,0.0,0.5,0.1,0.1,1.0,0.0,0.14285714285714285
feature,coder__code-server-6115,coder/code-server,TypeScript,qwen3-coder:30b/content,11,True,2,1,1,10,0.0,0.0,0.0,0.0,0.0,0.0,0.0,0.0,0.0,0.0,0.0,0.0,0.0,0.0,0.0,0.0,0.0,0.0,0.0,0.0,0.0
feature,coder__code-server-6115,coder/code-server,TypeScript,devstral-small-2:24b/paths,11,True,2,1,1,10,0.0,0.0,0.0,0.0,0.0,0.5,0.3333333333333333,0.3333333333333333,1.0,0.0,0.5,0.2,0.2,1.0,0.0,0.5,0.1,0.1,1.0,0.0,0.5
feature,coder__code-server-6115,coder/code-server,TypeScript,devstral-small-2:24b/content,11,True,2,1,1,10,0.0,0.0,0.0,0.0,0.0,0.0,0.0,0.0,0.0,0.0,0.0,0.0,0.0,0.0,0.0,0.0,0.0,0.0,0.0,0.0,0.0
feature,coder__code-server-6115,coder/code-server,TypeScript,navigation/restricted40,11,True,2,1,1,10,0.0,0.0,0.0,0.0,0.0,0.0,0.0,0.0,0.0,0.0,0.0,0.0,0.0,0.0,0.0,0.0,0.0,0.0,0.0,0.0,0.0
feature,coder__code-server-6115,coder/code-server,TypeScript,navigation/repository,11,True,2,1,1,10,0.0,0.0,0.0,0.0,0.0,0.0,0.0,0.0,0.0,0.0,0.0,0.0,0.0,0.0,0.0,0.0,0.0,0.0,0.0,0.0,0.0
feature,coder__code-server-6225,coder/code-server,TypeScript,path_bm25,11,True,6,5,1,10,0.16666666666666666,1.0,1.0,0.2,0.0,0.16666666666666666,0.3333333333333333,0.3333333333333333,0.2,0.0,0.3333333333333333,0.4,0.4,0.4,0.0,0.3333333333333333,0.2,0.2,0.4,0.0,1.0
feature,coder__code-server-6225,coder/code-server,TypeScript,content_bm25,11,True,6,5,1,10,0.0,0.0,0.0,0.0,0.0,0.0,0.0,0.0,0.0,0.0,0.0,0.0,0.0,0.0,0.0,0.16666666666666666,0.1,0.1,0.2,0.0,0.14285714285714285
feature,coder__code-server-6225,coder/code-server,TypeScript,dense_minilm,11,True,6,5,1,10,0.16666666666666666,1.0,1.0,0.2,0.0,0.3333333333333333,0.6666666666666666,0.6666666666666666,0.4,0.0,0.3333333333333333,0.4,0.4,0.4,0.0,0.3333333333333333,0.2,0.2,0.4,0.0,1.0
feature,coder__code-server-6225,coder/code-server,TypeScript,hybrid_rrf,11,True,6,5,1,10,0.16666666666666666,1.0,1.0,0.2,0.0,0.16666666666666666,0.3333333333333333,0.3333333333333333,0.2,0.0,0.3333333333333333,0.4,0.4,0.4,0.0,0.3333333333333333,0.2,0.2,0.4,0.0,1.0
feature,coder__code-server-6225,coder/code-server,TypeScript,minilm256_pool100,11,True,6,5,1,10,0.16666666666666666,1.0,1.0,0.2,0.0,0.3333333333333333,0.6666666666666666,0.6666666666666666,0.4,0.0,0.3333333333333333,0.4,0.4,0.4,0.0,0.3333333333333333,0.2,0.2,0.4,0.0,1.0
feature,coder__code-server-6225,coder/code-server,TypeScript,coderank256_pool100,11,True,6,5,1,10,0.16666666666666666,1.0,1.0,0.2,0.0,0.3333333333333333,0.6666666666666666,0.6666666666666666,0.4,0.0,0.3333333333333333,0.4,0.4,0.4,0.0,0.3333333333333333,0.2,0.2,0.4,0.0,1.0
feature,coder__code-server-6225,coder/code-server,TypeScript,coderank2048_pool100,11,True,6,5,1,10,0.16666666666666666,1.0,1.0,0.2,0.0,0.16666666666666666,0.3333333333333333,0.3333333333333333,0.2,0.0,0.16666666666666666,0.2,0.2,0.2,0.0,0.16666666666666666,0.1,0.1,0.2,0.0,1.0
feature,coder__code-server-6225,coder/code-server,TypeScript,qwen3-coder:30b/paths,11,True,6,5,1,10,0.16666666666666666,1.0,1.0,0.2,0.0,0.3333333333333333,0.6666666666666666,0.6666666666666666,0.4,0.0,0.6666666666666666,0.8,0.8,0.8,0.0,1.0,0.6,0.6,1.0,1.0,1.0
feature,coder__code-server-6225,coder/code-server,TypeScript,qwen3-coder:30b/content,11,True,6,5,1,10,0.16666666666666666,1.0,1.0,0.2,0.0,0.5,1.0,1.0,0.4,1.0,0.5,0.6,0.6,0.4,1.0,0.5,0.3,0.3,0.4,1.0,1.0
feature,coder__code-server-6225,coder/code-server,TypeScript,devstral-small-2:24b/paths,11,True,6,5,1,10,0.16666666666666666,1.0,1.0,0.2,0.0,0.16666666666666666,0.3333333333333333,0.3333333333333333,0.2,0.0,0.16666666666666666,0.2,0.2,0.2,0.0,0.5,0.3,0.3,0.4,1.0,1.0
feature,coder__code-server-6225,coder/code-server,TypeScript,devstral-small-2:24b/content,11,True,6,5,1,10,0.16666666666666666,1.0,1.0,0.2,0.0,0.5,1.0,1.0,0.4,1.0,0.5,0.6,0.6,0.4,1.0,0.5,0.3,0.3,0.4,1.0,1.0
feature,coder__code-server-6225,coder/code-server,TypeScript,navigation/restricted40,11,False,6,5,1,0,0.0,0.0,0.0,0.0,0.0,0.0,0.0,0.0,0.0,0.0,0.0,0.0,0.0,0.0,0.0,0.0,0.0,0.0,0.0,0.0,0.0
feature,coder__code-server-6225,coder/code-server,TypeScript,navigation/repository,11,True,6,5,1,9,0.16666666666666666,1.0,1.0,0.2,0.0,0.5,1.0,1.0,0.6,0.0,0.6666666666666666,0.8,0.8,0.6,1.0,0.8333333333333334,0.5,0.5555555555555556,0.8,1.0,1.0
feature,coder__code-server-6423,coder/code-server,TypeScript,path_bm25,11,True,2,1,1,10,0.0,0.0,0.0,0.0,0.0,0.0,0.0,0.0,0.0,0.0,0.0,0.0,0.0,0.0,0.0,0.0,0.0,0.0,0.0,0.0,0.0
feature,coder__code-server-6423,coder/code-server,TypeScript,content_bm25,11,True,2,1,1,10,0.0,0.0,0.0,0.0,0.0,0.0,0.0,0.0,0.0,0.0,0.0,0.0,0.0,0.0,0.0,0.5,0.1,0.1,1.0,0.0,0.1
feature,coder__code-server-6423,coder/code-server,TypeScript,dense_minilm,11,True,2,1,1,10,0.0,0.0,0.0,0.0,0.0,0.0,0.0,0.0,0.0,0.0,0.0,0.0,0.0,0.0,0.0,0.0,0.0,0.0,0.0,0.0,0.0
feature,coder__code-server-6423,coder/code-server,TypeScript,hybrid_rrf,11,True,2,1,1,10,0.0,0.0,0.0,0.0,0.0,0.0,0.0,0.0,0.0,0.0,0.0,0.0,0.0,0.0,0.0,0.0,0.0,0.0,0.0,0.0,0.0
feature,coder__code-server-6423,coder/code-server,TypeScript,minilm256_pool100,11,True,2,1,1,10,0.0,0.0,0.0,0.0,0.0,0.0,0.0,0.0,0.0,0.0,0.0,0.0,0.0,0.0,0.0,0.0,0.0,0.0,0.0,0.0,0.0
feature,coder__code-server-6423,coder/code-server,TypeScript,coderank256_pool100,11,True,2,1,1,10,0.0,0.0,0.0,0.0,0.0,0.0,0.0,0.0,0.0,0.0,0.0,0.0,0.0,0.0,0.0,0.0,0.0,0.0,0.0,0.0,0.0
feature,coder__code-server-6423,coder/code-server,TypeScript,coderank2048_pool100,11,True,2,1,1,10,0.0,0.0,0.0,0.0,0.0,0.0,0.0,0.0,0.0,0.0,0.0,0.0,0.0,0.0,0.0,0.0,0.0,0.0,0.0,0.0,0.0
feature,coder__code-server-6423,coder/code-server,TypeScript,qwen3-coder:30b/paths,11,True,2,1,1,10,0.0,0.0,0.0,0.0,0.0,0.5,0.3333333333333333,0.3333333333333333,1.0,0.0,1.0,0.4,0.4,1.0,1.0,1.0,0.2,0.2,1.0,1.0,0.5
feature,coder__code-server-6423,coder/code-server,TypeScript,qwen3-coder:30b/content,11,True,2,1,1,10,0.5,1.0,1.0,1.0,0.0,0.5,0.3333333333333333,0.3333333333333333,1.0,0.0,1.0,0.4,0.4,1.0,1.0,1.0,0.2,0.2,1.0,1.0,1.0
feature,coder__code-server-6423,coder/code-server,TypeScript,devstral-small-2:24b/paths,11,True,2,1,1,10,0.5,1.0,1.0,1.0,0.0,1.0,0.6666666666666666,0.6666666666666666,1.0,1.0,1.0,0.4,0.4,1.0,1.0,1.0,0.2,0.2,1.0,1.0,1.0
feature,coder__code-server-6423,coder/code-server,TypeScript,devstral-small-2:24b/content,11,True,2,1,1,5,0.5,1.0,1.0,1.0,0.0,1.0,0.6666666666666666,0.6666666666666666,1.0,1.0,1.0,0.4,0.4,1.0,1.0,1.0,0.2,0.4,1.0,1.0,1.0
feature,coder__code-server-6423,coder/code-server,TypeScript,navigation/restricted40,11,True,2,1,1,4,0.5,1.0,1.0,1.0,0.0,1.0,0.6666666666666666,0.6666666666666666,1.0,1.0,1.0,0.4,0.5,1.0,1.0,1.0,0.2,0.5,1.0,1.0,1.0
feature,coder__code-server-6423,coder/code-server,TypeScript,navigation/repository,11,True,2,1,1,6,0.5,1.0,1.0,1.0,0.0,0.5,0.3333333333333333,0.3333333333333333,1.0,0.0,0.5,0.2,0.2,1.0,0.0,0.5,0.1,0.16666666666666666,1.0,0.0,1.0
feature,huggingface__transformers-6744,huggingface/transformers,Python,path_bm25,11,True,4,3,1,10,0.0,0.0,0.0,0.0,0.0,0.0,0.0,0.0,0.0,0.0,0.0,0.0,0.0,0.0,0.0,0.0,0.0,0.0,0.0,0.0,0.0
feature,huggingface__transformers-6744,huggingface/transformers,Python,content_bm25,11,True,4,3,1,10,0.0,0.0,0.0,0.0,0.0,0.0,0.0,0.0,0.0,0.0,0.0,0.0,0.0,0.0,0.0,0.0,0.0,0.0,0.0,0.0,0.0
feature,huggingface__transformers-6744,huggingface/transformers,Python,dense_minilm,11,True,4,3,1,10,0.25,1.0,1.0,0.3333333333333333,0.0,0.25,0.3333333333333333,0.3333333333333333,0.3333333333333333,0.0,0.25,0.2,0.2,0.3333333333333333,0.0,0.25,0.1,0.1,0.3333333333333333,0.0,1.0
feature,huggingface__transformers-6744,huggingface/transformers,Python,hybrid_rrf,11,True,4,3,1,10,0.0,0.0,0.0,0.0,0.0,0.0,0.0,0.0,0.0,0.0,0.0,0.0,0.0,0.0,0.0,0.0,0.0,0.0,0.0,0.0,0.0
feature,huggingface__transformers-6744,huggingface/transformers,Python,minilm256_pool100,11,True,4,3,1,10,0.25,1.0,1.0,0.3333333333333333,0.0,0.25,0.3333333333333333,0.3333333333333333,0.3333333333333333,0.0,0.25,0.2,0.2,0.3333333333333333,0.0,0.25,0.1,0.1,0.3333333333333333,0.0,1.0
feature,huggingface__transformers-6744,huggingface/transformers,Python,coderank256_pool100,11,True,4,3,1,10,0.0,0.0,0.0,0.0,0.0,0.25,0.3333333333333333,0.3333333333333333,0.3333333333333333,0.0,0.25,0.2,0.2,0.3333333333333333,0.0,0.25,0.1,0.1,0.3333333333333333,0.0,0.5
feature,huggingface__transformers-6744,huggingface/transformers,Python,coderank2048_pool100,11,True,4,3,1,10,0.0,0.0,0.0,0.0,0.0,0.0,0.0,0.0,0.0,0.0,0.0,0.0,0.0,0.0,0.0,0.0,0.0,0.0,0.0,0.0,0.0
feature,huggingface__transformers-6744,huggingface/transformers,Python,qwen3-coder:30b/paths,11,True,4,3,1,10,0.25,1.0,1.0,0.3333333333333333,0.0,0.5,0.6666666666666666,0.6666666666666666,0.3333333333333333,1.0,0.5,0.4,0.4,0.3333333333333333,1.0,0.5,0.2,0.2,0.3333333333333333,1.0,1.0
feature,huggingface__transformers-6744,huggingface/transformers,Python,qwen3-coder:30b/content,11,True,4,3,1,10,0.25,1.0,1.0,0.3333333333333333,0.0,0.5,0.6666666666666666,0.6666666666666666,0.3333333333333333,1.0,0.5,0.4,0.4,0.3333333333333333,1.0,0.5,0.2,0.2,0.3333333333333333,1.0,1.0
feature,huggingface__transformers-6744,huggingface/transformers,Python,devstral-small-2:24b/paths,11,True,4,3,1,10,0.25,1.0,1.0,0.0,1.0,0.5,0.6666666666666666,0.6666666666666666,0.3333333333333333,1.0,0.5,0.4,0.4,0.3333333333333333,1.0,0.5,0.2,0.2,0.3333333333333333,1.0,1.0
feature,huggingface__transformers-6744,huggingface/transformers,Python,devstral-small-2:24b/content,11,True,4,3,1,10,0.25,1.0,1.0,0.0,1.0,0.5,0.6666666666666666,0.6666666666666666,0.3333333333333333,1.0,0.5,0.4,0.4,0.3333333333333333,1.0,0.5,0.2,0.2,0.3333333333333333,1.0,1.0
feature,huggingface__transformers-6744,huggingface/transformers,Python,navigation/restricted40,11,True,4,3,1,10,0.25,1.0,1.0,0.0,1.0,0.5,0.6666666666666666,0.6666666666666666,0.3333333333333333,1.0,0.5,0.4,0.4,0.3333333333333333,1.0,0.5,0.2,0.2,0.3333333333333333,1.0,1.0
feature,huggingface__transformers-6744,huggingface/transformers,Python,navigation/repository,11,True,4,3,1,10,0.25,1.0,1.0,0.3333333333333333,0.0,0.25,0.3333333333333333,0.3333333333333333,0.3333333333333333,0.0,0.25,0.2,0.2,0.3333333333333333,0.0,0.25,0.1,0.1,0.3333333333333333,0.0,1.0
feature,huggingface__transformers-7562,huggingface/transformers,Python,path_bm25,11,True,7,3,4,10,0.0,0.0,0.0,0.0,0.0,0.0,0.0,0.0,0.0,0.0,0.0,0.0,0.0,0.0,0.0,0.0,0.0,0.0,0.0,0.0,0.0
feature,huggingface__transformers-7562,huggingface/transformers,Python,content_bm25,11,True,7,3,4,10,0.0,0.0,0.0,0.0,0.0,0.0,0.0,0.0,0.0,0.0,0.0,0.0,0.0,0.0,0.0,0.0,0.0,0.0,0.0,0.0,0.0
feature,huggingface__transformers-7562,huggingface/transformers,Python,dense_minilm,11,True,7,3,4,10,0.0,0.0,0.0,0.0,0.0,0.0,0.0,0.0,0.0,0.0,0.14285714285714285,0.2,0.2,0.3333333333333333,0.0,0.14285714285714285,0.1,0.1,0.3333333333333333,0.0,0.2
feature,huggingface__transformers-7562,huggingface/transformers,Python,hybrid_rrf,11,True,7,3,4,10,0.0,0.0,0.0,0.0,0.0,0.14285714285714285,0.3333333333333333,0.3333333333333333,0.3333333333333333,0.0,0.14285714285714285,0.2,0.2,0.3333333333333333,0.0,0.14285714285714285,0.1,0.1,0.3333333333333333,0.0,0.5
feature,huggingface__transformers-7562,huggingface/transformers,Python,minilm256_pool100,11,True,7,3,4,10,0.0,0.0,0.0,0.0,0.0,0.0,0.0,0.0,0.0,0.0,0.14285714285714285,0.2,0.2,0.3333333333333333,0.0,0.14285714285714285,0.1,0.1,0.3333333333333333,0.0,0.2
feature,huggingface__transformers-7562,huggingface/transformers,Python,coderank256_pool100,11,True,7,3,4,10,0.0,0.0,0.0,0.0,0.0,0.0,0.0,0.0,0.0,0.0,0.14285714285714285,0.2,0.2,0.3333333333333333,0.0,0.14285714285714285,0.1,0.1,0.3333333333333333,0.0,0.2
feature,huggingface__transformers-7562,huggingface/transformers,Python,coderank2048_pool100,11,True,7,3,4,10,0.0,0.0,0.0,0.0,0.0,0.0,0.0,0.0,0.0,0.0,0.0,0.0,0.0,0.0,0.0,0.14285714285714285,0.1,0.1,0.3333333333333333,0.0,0.16666666666666666
feature,huggingface__transformers-7562,huggingface/transformers,Python,qwen3-coder:30b/paths,11,True,7,3,4,10,0.14285714285714285,1.0,1.0,0.3333333333333333,0.0,0.2857142857142857,0.6666666666666666,0.6666666666666666,0.6666666666666666,0.0,0.2857142857142857,0.4,0.4,0.6666666666666666,0.0,0.2857142857142857,0.2,0.2,0.6666666666666666,0.0,1.0
feature,huggingface__transformers-7562,huggingface/transformers,Python,qwen3-coder:30b/content,11,True,7,3,4,10,0.14285714285714285,1.0,1.0,0.3333333333333333,0.0,0.2857142857142857,0.6666666666666666,0.6666666666666666,0.6666666666666666,0.0,0.2857142857142857,0.4,0.4,0.6666666666666666,0.0,0.2857142857142857,0.2,0.2,0.6666666666666666,0.0,1.0
feature,huggingface__transformers-7562,huggingface/transformers,Python,devstral-small-2:24b/paths,11,True,7,3,4,5,0.14285714285714285,1.0,1.0,0.3333333333333333,0.0,0.2857142857142857,0.6666666666666666,0.6666666666666666,0.6666666666666666,0.0,0.2857142857142857,0.4,0.4,0.6666666666666666,0.0,0.2857142857142857,0.2,0.4,0.6666666666666666,0.0,1.0
feature,huggingface__transformers-7562,huggingface/transformers,Python,devstral-small-2:24b/content,11,True,7,3,4,3,0.14285714285714285,1.0,1.0,0.3333333333333333,0.0,0.2857142857142857,0.6666666666666666,0.6666666666666666,0.6666666666666666,0.0,0.2857142857142857,0.4,0.6666666666666666,0.6666666666666666,0.0,0.2857142857142857,0.2,0.6666666666666666,0.6666666666666666,0.0,1.0
feature,huggingface__transformers-7562,huggingface/transformers,Python,navigation/restricted40,11,True,7,3,4,3,0.14285714285714285,1.0,1.0,0.3333333333333333,0.0,0.2857142857142857,0.6666666666666666,0.6666666666666666,0.6666666666666666,0.0,0.2857142857142857,0.4,0.6666666666666666,0.6666666666666666,0.0,0.2857142857142857,0.2,0.6666666666666666,0.6666666666666666,0.0,1.0
feature,huggingface__transformers-7562,huggingface/transformers,Python,navigation/repository,11,True,7,3,4,10,0.14285714285714285,1.0,1.0,0.3333333333333333,0.0,0.42857142857142855,1.0,1.0,0.6666666666666666,0.25,0.42857142857142855,0.6,0.6,0.6666666666666666,0.25,0.7142857142857143,0.5,0.5,1.0,0.5,1.0
feature,huggingface__transformers-13573,huggingface/transformers,Python,path_bm25,11,True,4,3,1,10,0.0,0.0,0.0,0.0,0.0,0.0,0.0,0.0,0.0,0.0,0.0,0.0,0.0,0.0,0.0,0.0,0.0,0.0,0.0,0.0,0.0
feature,huggingface__transformers-13573,huggingface/transformers,Python,content_bm25,11,True,4,3,1,10,0.0,0.0,0.0,0.0,0.0,0.0,0.0,0.0,0.0,0.0,0.0,0.0,0.0,0.0,0.0,0.0,0.0,0.0,0.0,0.0,0.0
feature,huggingface__transformers-13573,huggingface/transformers,Python,dense_minilm,11,True,4,3,1,10,0.0,0.0,0.0,0.0,0.0,0.0,0.0,0.0,0.0,0.0,0.0,0.0,0.0,0.0,0.0,0.0,0.0,0.0,0.0,0.0,0.0
feature,huggingface__transformers-13573,huggingface/transformers,Python,hybrid_rrf,11,True,4,3,1,10,0.0,0.0,0.0,0.0,0.0,0.0,0.0,0.0,0.0,0.0,0.0,0.0,0.0,0.0,0.0,0.0,0.0,0.0,0.0,0.0,0.0
feature,huggingface__transformers-13573,huggingface/transformers,Python,minilm256_pool100,11,True,4,3,1,10,0.0,0.0,0.0,0.0,0.0,0.0,0.0,0.0,0.0,0.0,0.0,0.0,0.0,0.0,0.0,0.0,0.0,0.0,0.0,0.0,0.0
feature,huggingface__transformers-13573,huggingface/transformers,Python,coderank256_pool100,11,True,4,3,1,10,0.25,1.0,1.0,0.3333333333333333,0.0,0.5,0.6666666666666666,0.6666666666666666,0.6666666666666666,0.0,0.5,0.4,0.4,0.6666666666666666,0.0,1.0,0.4,0.4,1.0,1.0,1.0
feature,huggingface__transformers-13573,huggingface/transformers,Python,coderank2048_pool100,11,True,4,3,1,10,0.0,0.0,0.0,0.0,0.0,0.25,0.3333333333333333,0.3333333333333333,0.3333333333333333,0.0,0.25,0.2,0.2,0.3333333333333333,0.0,0.5,0.2,0.2,0.3333333333333333,1.0,0.3333333333333333
feature,huggingface__transformers-13573,huggingface/transformers,Python,qwen3-coder:30b/paths,11,True,4,3,1,10,0.25,1.0,1.0,0.3333333333333333,0.0,0.25,0.3333333333333333,0.3333333333333333,0.3333333333333333,0.0,0.25,0.2,0.2,0.3333333333333333,0.0,0.25,0.1,0.1,0.3333333333333333,0.0,1.0
feature,huggingface__transformers-13573,huggingface/transformers,Python,qwen3-coder:30b/content,11,True,4,3,1,10,0.25,1.0,1.0,0.3333333333333333,0.0,0.25,0.3333333333333333,0.3333333333333333,0.3333333333333333,0.0,0.25,0.2,0.2,0.3333333333333333,0.0,0.25,0.1,0.1,0.3333333333333333,0.0,1.0
feature,huggingface__transformers-13573,huggingface/transformers,Python,devstral-small-2:24b/paths,11,True,4,3,1,5,0.25,1.0,1.0,0.3333333333333333,0.0,0.25,0.3333333333333333,0.3333333333333333,0.3333333333333333,0.0,0.25,0.2,0.2,0.3333333333333333,0.0,0.25,0.1,0.2,0.3333333333333333,0.0,1.0
feature,huggingface__transformers-13573,huggingface/transformers,Python,devstral-small-2:24b/content,11,True,4,3,1,4,0.25,1.0,1.0,0.3333333333333333,0.0,0.25,0.3333333333333333,0.3333333333333333,0.3333333333333333,0.0,0.25,0.2,0.25,0.3333333333333333,0.0,0.25,0.1,0.25,0.3333333333333333,0.0,1.0
feature,huggingface__transformers-13573,huggingface/transformers,Python,navigation/restricted40,11,True,4,3,1,10,0.25,1.0,1.0,0.3333333333333333,0.0,0.25,0.3333333333333333,0.3333333333333333,0.3333333333333333,0.0,0.25,0.2,0.2,0.3333333333333333,0.0,0.25,0.1,0.1,0.3333333333333333,0.0,1.0
feature,huggingface__transformers-13573,huggingface/transformers,Python,navigation/repository,11,True,4,3,1,10,0.25,1.0,1.0,0.3333333333333333,0.0,0.5,0.6666666666666666,0.6666666666666666,0.6666666666666666,0.0,0.5,0.4,0.4,0.6666666666666666,0.0,0.75,0.3,0.3,1.0,0.0,1.0
feature,huggingface__transformers-13989,huggingface/transformers,Python,path_bm25,11,True,8,4,4,10,0.0,0.0,0.0,0.0,0.0,0.0,0.0,0.0,0.0,0.0,0.0,0.0,0.0,0.0,0.0,0.0,0.0,0.0,0.0,0.0,0.0
feature,huggingface__transformers-13989,huggingface/transformers,Python,content_bm25,11,True,8,4,4,10,0.0,0.0,0.0,0.0,0.0,0.0,0.0,0.0,0.0,0.0,0.0,0.0,0.0,0.0,0.0,0.0,0.0,0.0,0.0,0.0,0.0
feature,huggingface__transformers-13989,huggingface/transformers,Python,dense_minilm,11,True,8,4,4,10,0.0,0.0,0.0,0.0,0.0,0.0,0.0,0.0,0.0,0.0,0.0,0.0,0.0,0.0,0.0,0.0,0.0,0.0,0.0,0.0,0.0
feature,huggingface__transformers-13989,huggingface/transformers,Python,hybrid_rrf,11,True,8,4,4,10,0.0,0.0,0.0,0.0,0.0,0.0,0.0,0.0,0.0,0.0,0.0,0.0,0.0,0.0,0.0,0.0,0.0,0.0,0.0,0.0,0.0
feature,huggingface__transformers-13989,huggingface/transformers,Python,minilm256_pool100,11,True,8,4,4,10,0.0,0.0,0.0,0.0,0.0,0.0,0.0,0.0,0.0,0.0,0.0,0.0,0.0,0.0,0.0,0.0,0.0,0.0,0.0,0.0,0.0
feature,huggingface__transformers-13989,huggingface/transformers,Python,coderank256_pool100,11,True,8,4,4,10,0.0,0.0,0.0,0.0,0.0,0.0,0.0,0.0,0.0,0.0,0.0,0.0,0.0,0.0,0.0,0.0,0.0,0.0,0.0,0.0,0.0
feature,huggingface__transformers-13989,huggingface/transformers,Python,coderank2048_pool100,11,True,8,4,4,10,0.0,0.0,0.0,0.0,0.0,0.0,0.0,0.0,0.0,0.0,0.0,0.0,0.0,0.0,0.0,0.0,0.0,0.0,0.0,0.0,0.0
feature,huggingface__transformers-13989,huggingface/transformers,Python,qwen3-coder:30b/paths,11,True,8,4,4,10,0.0,0.0,0.0,0.0,0.0,0.0,0.0,0.0,0.0,0.0,0.0,0.0,0.0,0.0,0.0,0.0,0.0,0.0,0.0,0.0,0.0
feature,huggingface__transformers-13989,huggingface/transformers,Python,qwen3-coder:30b/content,11,True,8,4,4,10,0.0,0.0,0.0,0.0,0.0,0.0,0.0,0.0,0.0,0.0,0.0,0.0,0.0,0.0,0.0,0.0,0.0,0.0,0.0,0.0,0.0
feature,huggingface__transformers-13989,huggingface/transformers,Python,devstral-small-2:24b/paths,11,True,8,4,4,10,0.0,0.0,0.0,0.0,0.0,0.0,0.0,0.0,0.0,0.0,0.0,0.0,0.0,0.0,0.0,0.0,0.0,0.0,0.0,0.0,0.0
feature,huggingface__transformers-13989,huggingface/transformers,Python,devstral-small-2:24b/content,11,True,8,4,4,10,0.0,0.0,0.0,0.0,0.0,0.0,0.0,0.0,0.0,0.0,0.0,0.0,0.0,0.0,0.0,0.0,0.0,0.0,0.0,0.0,0.0
feature,huggingface__transformers-13989,huggingface/transformers,Python,navigation/restricted40,11,True,8,4,4,10,0.0,0.0,0.0,0.0,0.0,0.0,0.0,0.0,0.0,0.0,0.0,0.0,0.0,0.0,0.0,0.0,0.0,0.0,0.0,0.0,0.0
feature,huggingface__transformers-13989,huggingface/transformers,Python,navigation/repository,11,True,8,4,4,10,0.125,1.0,1.0,0.25,0.0,0.125,0.3333333333333333,0.3333333333333333,0.25,0.0,0.25,0.4,0.4,0.5,0.0,0.25,0.2,0.2,0.5,0.0,1.0
feature,huggingface__transformers-15473,huggingface/transformers,Python,path_bm25,11,True,4,3,1,10,0.0,0.0,0.0,0.0,0.0,0.0,0.0,0.0,0.0,0.0,0.0,0.0,0.0,0.0,0.0,0.0,0.0,0.0,0.0,0.0,0.0
feature,huggingface__transformers-15473,huggingface/transformers,Python,content_bm25,11,True,4,3,1,10,0.0,0.0,0.0,0.0,0.0,0.25,0.3333333333333333,0.3333333333333333,0.3333333333333333,0.0,0.25,0.2,0.2,0.3333333333333333,0.0,0.25,0.1,0.1,0.3333333333333333,0.0,0.5
feature,huggingface__transformers-15473,huggingface/transformers,Python,dense_minilm,11,True,4,3,1,10,0.0,0.0,0.0,0.0,0.0,0.0,0.0,0.0,0.0,0.0,0.0,0.0,0.0,0.0,0.0,0.0,0.0,0.0,0.0,0.0,0.0
feature,huggingface__transformers-15473,huggingface/transformers,Python,hybrid_rrf,11,True,4,3,1,10,0.0,0.0,0.0,0.0,0.0,0.0,0.0,0.0,0.0,0.0,0.0,0.0,0.0,0.0,0.0,0.0,0.0,0.0,0.0,0.0,0.0
feature,huggingface__transformers-15473,huggingface/transformers,Python,minilm256_pool100,11,True,4,3,1,10,0.0,0.0,0.0,0.0,0.0,0.0,0.0,0.0,0.0,0.0,0.0,0.0,0.0,0.0,0.0,0.0,0.0,0.0,0.0,0.0,0.0
feature,huggingface__transformers-15473,huggingface/transformers,Python,coderank256_pool100,11,True,4,3,1,10,0.0,0.0,0.0,0.0,0.0,0.0,0.0,0.0,0.0,0.0,0.0,0.0,0.0,0.0,0.0,0.0,0.0,0.0,0.0,0.0,0.0
feature,huggingface__transformers-15473,huggingface/transformers,Python,coderank2048_pool100,11,True,4,3,1,10,0.0,0.0,0.0,0.0,0.0,0.0,0.0,0.0,0.0,0.0,0.0,0.0,0.0,0.0,0.0,0.0,0.0,0.0,0.0,0.0,0.0
feature,huggingface__transformers-15473,huggingface/transformers,Python,qwen3-coder:30b/paths,11,True,4,3,1,10,0.25,1.0,1.0,0.3333333333333333,0.0,0.25,0.3333333333333333,0.3333333333333333,0.3333333333333333,0.0,0.25,0.2,0.2,0.3333333333333333,0.0,0.25,0.1,0.1,0.3333333333333333,0.0,1.0
feature,huggingface__transformers-15473,huggingface/transformers,Python,qwen3-coder:30b/content,11,True,4,3,1,10,0.25,1.0,1.0,0.3333333333333333,0.0,0.25,0.3333333333333333,0.3333333333333333,0.3333333333333333,0.0,0.25,0.2,0.2,0.3333333333333333,0.0,0.25,0.1,0.1,0.3333333333333333,0.0,1.0
feature,huggingface__transformers-15473,huggingface/transformers,Python,devstral-small-2:24b/paths,11,True,4,3,1,10,0.25,1.0,1.0,0.3333333333333333,0.0,0.25,0.3333333333333333,0.3333333333333333,0.3333333333333333,0.0,0.25,0.2,0.2,0.3333333333333333,0.0,0.25,0.1,0.1,0.3333333333333333,0.0,1.0
feature,huggingface__transformers-15473,huggingface/transformers,Python,devstral-small-2:24b/content,11,True,4,3,1,2,0.25,1.0,1.0,0.3333333333333333,0.0,0.25,0.3333333333333333,0.5,0.3333333333333333,0.0,0.25,0.2,0.5,0.3333333333333333,0.0,0.25,0.1,0.5,0.3333333333333333,0.0,1.0
feature,huggingface__transformers-15473,huggingface/transformers,Python,navigation/restricted40,11,True,4,3,1,4,0.25,1.0,1.0,0.3333333333333333,0.0,0.25,0.3333333333333333,0.3333333333333333,0.3333333333333333,0.0,0.25,0.2,0.25,0.3333333333333333,0.0,0.25,0.1,0.25,0.3333333333333333,0.0,1.0
feature,huggingface__transformers-15473,huggingface/transformers,Python,navigation/repository,11,True,4,3,1,10,0.25,1.0,1.0,0.3333333333333333,0.0,0.25,0.3333333333333333,0.3333333333333333,0.3333333333333333,0.0,0.25,0.2,0.2,0.3333333333333333,0.0,0.25,0.1,0.1,0.3333333333333333,0.0,1.0
feature,huggingface__transformers-15795,huggingface/transformers,Python,path_bm25,11,True,2,1,1,10,0.0,0.0,0.0,0.0,0.0,1.0,0.6666666666666666,0.6666666666666666,1.0,1.0,1.0,0.4,0.4,1.0,1.0,1.0,0.2,0.2,1.0,1.0,0.5
feature,huggingface__transformers-15795,huggingface/transformers,Python,content_bm25,11,True,2,1,1,10,0.5,1.0,1.0,1.0,0.0,0.5,0.3333333333333333,0.3333333333333333,1.0,0.0,0.5,0.2,0.2,1.0,0.0,0.5,0.1,0.1,1.0,0.0,1.0
feature,huggingface__transformers-15795,huggingface/transformers,Python,dense_minilm,11,True,2,1,1,10,0.0,0.0,0.0,0.0,0.0,0.0,0.0,0.0,0.0,0.0,0.0,0.0,0.0,0.0,0.0,0.0,0.0,0.0,0.0,0.0,0.0
feature,huggingface__transformers-15795,huggingface/transformers,Python,hybrid_rrf,11,True,2,1,1,10,0.0,0.0,0.0,0.0,0.0,0.5,0.3333333333333333,0.3333333333333333,1.0,0.0,0.5,0.2,0.2,1.0,0.0,0.5,0.1,0.1,1.0,0.0,0.5
feature,huggingface__transformers-15795,huggingface/transformers,Python,minilm256_pool100,11,True,2,1,1,10,0.0,0.0,0.0,0.0,0.0,0.0,0.0,0.0,0.0,0.0,0.0,0.0,0.0,0.0,0.0,0.0,0.0,0.0,0.0,0.0,0.0
feature,huggingface__transformers-15795,huggingface/transformers,Python,coderank256_pool100,11,True,2,1,1,10,0.5,1.0,1.0,1.0,0.0,0.5,0.3333333333333333,0.3333333333333333,1.0,0.0,0.5,0.2,0.2,1.0,0.0,0.5,0.1,0.1,1.0,0.0,1.0
feature,huggingface__transformers-15795,huggingface/transformers,Python,coderank2048_pool100,11,True,2,1,1,10,0.0,0.0,0.0,0.0,0.0,0.0,0.0,0.0,0.0,0.0,0.5,0.2,0.2,1.0,0.0,0.5,0.1,0.1,1.0,0.0,0.2
feature,huggingface__transformers-15795,huggingface/transformers,Python,qwen3-coder:30b/paths,11,True,2,1,1,10,0.5,1.0,1.0,1.0,0.0,0.5,0.3333333333333333,0.3333333333333333,1.0,0.0,0.5,0.2,0.2,1.0,0.0,0.5,0.1,0.1,1.0,0.0,1.0
feature,huggingface__transformers-15795,huggingface/transformers,Python,qwen3-coder:30b/content,11,True,2,1,1,10,0.5,1.0,1.0,1.0,0.0,0.5,0.3333333333333333,0.3333333333333333,1.0,0.0,0.5,0.2,0.2,1.0,0.0,0.5,0.1,0.1,1.0,0.0,1.0
feature,huggingface__transformers-15795,huggingface/transformers,Python,devstral-small-2:24b/paths,11,True,2,1,1,2,0.5,1.0,1.0,1.0,0.0,0.5,0.3333333333333333,0.5,1.0,0.0,0.5,0.2,0.5,1.0,0.0,0.5,0.1,0.5,1.0,0.0,1.0
feature,huggingface__transformers-15795,huggingface/transformers,Python,devstral-small-2:24b/content,11,True,2,1,1,5,0.5,1.0,1.0,1.0,0.0,0.5,0.3333333333333333,0.3333333333333333,1.0,0.0,0.5,0.2,0.2,1.0,0.0,0.5,0.1,0.2,1.0,0.0,1.0
feature,huggingface__transformers-15795,huggingface/transformers,Python,navigation/restricted40,11,True,2,1,1,1,0.5,1.0,1.0,1.0,0.0,0.5,0.3333333333333333,1.0,1.0,0.0,0.5,0.2,1.0,1.0,0.0,0.5,0.1,1.0,1.0,0.0,1.0
feature,huggingface__transformers-15795,huggingface/transformers,Python,navigation/repository,11,True,2,1,1,2,0.5,1.0,1.0,1.0,0.0,1.0,0.6666666666666666,1.0,1.0,1.0,1.0,0.4,1.0,1.0,1.0,1.0,0.2,1.0,1.0,1.0,1.0
feature,huggingface__transformers-15831,huggingface/transformers,Python,path_bm25,11,True,6,4,2,10,0.16666666666666666,1.0,1.0,0.25,0.0,0.16666666666666666,0.3333333333333333,0.3333333333333333,0.25,0.0,0.3333333333333333,0.4,0.4,0.5,0.0,0.3333333333333333,0.2,0.2,0.5,0.0,1.0
feature,huggingface__transformers-15831,huggingface/transformers,Python,content_bm25,11,True,6,4,2,10,0.0,0.0,0.0,0.0,0.0,0.0,0.0,0.0,0.0,0.0,0.0,0.0,0.0,0.0,0.0,0.16666666666666666,0.1,0.1,0.25,0.0,0.1111111111111111
feature,huggingface__transformers-15831,huggingface/transformers,Python,dense_minilm,11,True,6,4,2,10,0.16666666666666666,1.0,1.0,0.25,0.0,0.3333333333333333,0.6666666666666666,0.6666666666666666,0.5,0.0,0.3333333333333333,0.4,0.4,0.5,0.0,0.5,0.3,0.3,0.75,0.0,1.0
feature,huggingface__transformers-15831,huggingface/transformers,Python,hybrid_rrf,11,True,6,4,2,10,0.16666666666666666,1.0,1.0,0.25,0.0,0.5,1.0,1.0,0.75,0.0,0.5,0.6,0.6,0.75,0.0,0.5,0.3,0.3,0.75,0.0,1.0
feature,huggingface__transformers-15831,huggingface/transformers,Python,minilm256_pool100,11,True,6,4,2,10,0.16666666666666666,1.0,1.0,0.25,0.0,0.3333333333333333,0.6666666666666666,0.6666666666666666,0.5,0.0,0.3333333333333333,0.4,0.4,0.5,0.0,0.5,0.3,0.3,0.75,0.0,1.0
feature,huggingface__transformers-15831,huggingface/transformers,Python,coderank256_pool100,11,True,6,4,2,10,0.0,0.0,0.0,0.0,0.0,0.3333333333333333,0.6666666666666666,0.6666666666666666,0.5,0.0,0.6666666666666666,0.8,0.8,0.75,0.5,0.6666666666666666,0.4,0.4,0.75,0.5,0.5
feature,huggingface__transformers-15831,huggingface/transformers,Python,coderank2048_pool100,11,True,6,4,2,10,0.0,0.0,0.0,0.0,0.0,0.0,0.0,0.0,0.0,0.0,0.0,0.0,0.0,0.0,0.0,0.0,0.0,0.0,0.0,0.0,0.0
feature,huggingface__transformers-15831,huggingface/transformers,Python,qwen3-coder:30b/paths,11,True,6,4,2,10,0.16666666666666666,1.0,1.0,0.25,0.0,0.5,1.0,1.0,0.75,0.0,0.6666666666666666,0.8,0.8,0.75,0.5,0.6666666666666666,0.4,0.4,0.75,0.5,1.0
feature,huggingface__transformers-15831,huggingface/transformers,Python,qwen3-coder:30b/content,11,True,6,4,2,10,0.16666666666666666,1.0,1.0,0.25,0.0,0.5,1.0,1.0,0.75,0.0,0.6666666666666666,0.8,0.8,0.75,0.5,0.6666666666666666,0.4,0.4,0.75,0.5,1.0
feature,huggingface__transformers-15831,huggingface/transformers,Python,devstral-small-2:24b/paths,11,True,6,4,2,5,0.16666666666666666,1.0,1.0,0.25,0.0,0.5,1.0,1.0,0.75,0.0,0.6666666666666666,0.8,0.8,0.75,0.5,0.6666666666666666,0.4,0.8,0.75,0.5,1.0
feature,huggingface__transformers-15831,huggingface/transformers,Python,devstral-small-2:24b/content,11,True,6,4,2,10,0.16666666666666666,1.0,1.0,0.25,0.0,0.5,1.0,1.0,0.75,0.0,0.6666666666666666,0.8,0.8,0.75,0.5,0.6666666666666666,0.4,0.4,0.75,0.5,1.0
feature,huggingface__transformers-15831,huggingface/transformers,Python,navigation/restricted40,11,True,6,4,2,10,0.16666666666666666,1.0,1.0,0.25,0.0,0.5,1.0,1.0,0.75,0.0,0.6666666666666666,0.8,0.8,0.75,0.5,0.6666666666666666,0.4,0.4,0.75,0.5,1.0
feature,huggingface__transformers-15831,huggingface/transformers,Python,navigation/repository,11,True,6,4,2,10,0.16666666666666666,1.0,1.0,0.25,0.0,0.5,1.0,1.0,0.75,0.0,0.5,0.6,0.6,0.75,0.0,0.8333333333333334,0.5,0.5,1.0,0.5,1.0
feature,huggingface__transformers-15913,huggingface/transformers,Python,path_bm25,11,True,2,1,1,10,0.0,0.0,0.0,0.0,0.0,0.5,0.3333333333333333,0.3333333333333333,1.0,0.0,0.5,0.2,0.2,1.0,0.0,0.5,0.1,0.1,1.0,0.0,0.3333333333333333
feature,huggingface__transformers-15913,huggingface/transformers,Python,content_bm25,11,True,2,1,1,10,0.0,0.0,0.0,0.0,0.0,0.0,0.0,0.0,0.0,0.0,0.0,0.0,0.0,0.0,0.0,0.0,0.0,0.0,0.0,0.0,0.0
feature,huggingface__transformers-15913,huggingface/transformers,Python,dense_minilm,11,True,2,1,1,10,0.5,1.0,1.0,1.0,0.0,1.0,0.6666666666666666,0.6666666666666666,1.0,1.0,1.0,0.4,0.4,1.0,1.0,1.0,0.2,0.2,1.0,1.0,1.0
feature,huggingface__transformers-15913,huggingface/transformers,Python,hybrid_rrf,11,True,2,1,1,10,0.5,1.0,1.0,1.0,0.0,1.0,0.6666666666666666,0.6666666666666666,1.0,1.0,1.0,0.4,0.4,1.0,1.0,1.0,0.2,0.2,1.0,1.0,1.0
feature,huggingface__transformers-15913,huggingface/transformers,Python,minilm256_pool100,11,True,2,1,1,10,0.5,1.0,1.0,1.0,0.0,1.0,0.6666666666666666,0.6666666666666666,1.0,1.0,1.0,0.4,0.4,1.0,1.0,1.0,0.2,0.2,1.0,1.0,1.0
feature,huggingface__transformers-15913,huggingface/transformers,Python,coderank256_pool100,11,True,2,1,1,10,0.5,1.0,1.0,1.0,0.0,1.0,0.6666666666666666,0.6666666666666666,1.0,1.0,1.0,0.4,0.4,1.0,1.0,1.0,0.2,0.2,1.0,1.0,1.0
feature,huggingface__transformers-15913,huggingface/transformers,Python,coderank2048_pool100,11,True,2,1,1,10,0.5,1.0,1.0,1.0,0.0,0.5,0.3333333333333333,0.3333333333333333,1.0,0.0,1.0,0.4,0.4,1.0,1.0,1.0,0.2,0.2,1.0,1.0,1.0
feature,huggingface__transformers-15913,huggingface/transformers,Python,qwen3-coder:30b/paths,11,True,2,1,1,10,0.5,1.0,1.0,1.0,0.0,1.0,0.6666666666666666,0.6666666666666666,1.0,1.0,1.0,0.4,0.4,1.0,1.0,1.0,0.2,0.2,1.0,1.0,1.0
feature,huggingface__transformers-15913,huggingface/transformers,Python,qwen3-coder:30b/content,11,True,2,1,1,10,0.5,1.0,1.0,1.0,0.0,1.0,0.6666666666666666,0.6666666666666666,1.0,1.0,1.0,0.4,0.4,1.0,1.0,1.0,0.2,0.2,1.0,1.0,1.0
feature,huggingface__transformers-15913,huggingface/transformers,Python,devstral-small-2:24b/paths,11,True,2,1,1,10,0.5,1.0,1.0,1.0,0.0,0.5,0.3333333333333333,0.3333333333333333,1.0,0.0,0.5,0.2,0.2,1.0,0.0,0.5,0.1,0.1,1.0,0.0,1.0
feature,huggingface__transformers-15913,huggingface/transformers,Python,devstral-small-2:24b/content,11,True,2,1,1,7,0.5,1.0,1.0,1.0,0.0,1.0,0.6666666666666666,0.6666666666666666,1.0,1.0,1.0,0.4,0.4,1.0,1.0,1.0,0.2,0.2857142857142857,1.0,1.0,1.0
feature,huggingface__transformers-15913,huggingface/transformers,Python,navigation/restricted40,11,True,2,1,1,4,0.5,1.0,1.0,1.0,0.0,1.0,0.6666666666666666,0.6666666666666666,1.0,1.0,1.0,0.4,0.5,1.0,1.0,1.0,0.2,0.5,1.0,1.0,1.0
feature,huggingface__transformers-15913,huggingface/transformers,Python,navigation/repository,11,True,2,1,1,4,0.5,1.0,1.0,1.0,0.0,1.0,0.6666666666666666,0.6666666666666666,1.0,1.0,1.0,0.4,0.5,1.0,1.0,1.0,0.2,0.5,1.0,1.0,1.0
feature,huggingface__transformers-19219,huggingface/transformers,Python,path_bm25,11,True,2,1,1,10,0.0,0.0,0.0,0.0,0.0,0.0,0.0,0.0,0.0,0.0,0.0,0.0,0.0,0.0,0.0,0.0,0.0,0.0,0.0,0.0,0.0
feature,huggingface__transformers-19219,huggingface/transformers,Python,content_bm25,11,True,2,1,1,10,0.0,0.0,0.0,0.0,0.0,0.0,0.0,0.0,0.0,0.0,0.0,0.0,0.0,0.0,0.0,0.5,0.1,0.1,1.0,0.0,0.14285714285714285
feature,huggingface__transformers-19219,huggingface/transformers,Python,dense_minilm,11,True,2,1,1,10,0.5,1.0,1.0,1.0,0.0,0.5,0.3333333333333333,0.3333333333333333,1.0,0.0,0.5,0.2,0.2,1.0,0.0,0.5,0.1,0.1,1.0,0.0,1.0
feature,huggingface__transformers-19219,huggingface/transformers,Python,hybrid_rrf,11,True,2,1,1,10,0.5,1.0,1.0,1.0,0.0,0.5,0.3333333333333333,0.3333333333333333,1.0,0.0,0.5,0.2,0.2,1.0,0.0,0.5,0.1,0.1,1.0,0.0,1.0
feature,huggingface__transformers-19219,huggingface/transformers,Python,minilm256_pool100,11,True,2,1,1,10,0.5,1.0,1.0,1.0,0.0,0.5,0.3333333333333333,0.3333333333333333,1.0,0.0,0.5,0.2,0.2,1.0,0.0,0.5,0.1,0.1,1.0,0.0,1.0
feature,huggingface__transformers-19219,huggingface/transformers,Python,coderank256_pool100,11,True,2,1,1,10,0.5,1.0,1.0,1.0,0.0,1.0,0.6666666666666666,0.6666666666666666,1.0,1.0,1.0,0.4,0.4,1.0,1.0,1.0,0.2,0.2,1.0,1.0,1.0
feature,huggingface__transformers-19219,huggingface/transformers,Python,coderank2048_pool100,11,True,2,1,1,10,0.5,1.0,1.0,1.0,0.0,1.0,0.6666666666666666,0.6666666666666666,1.0,1.0,1.0,0.4,0.4,1.0,1.0,1.0,0.2,0.2,1.0,1.0,1.0
feature,huggingface__transformers-19219,huggingface/transformers,Python,qwen3-coder:30b/paths,11,True,2,1,1,2,0.5,1.0,1.0,1.0,0.0,0.5,0.3333333333333333,0.5,1.0,0.0,0.5,0.2,0.5,1.0,0.0,0.5,0.1,0.5,1.0,0.0,1.0
feature,huggingface__transformers-19219,huggingface/transformers,Python,qwen3-coder:30b/content,11,True,2,1,1,10,0.5,1.0,1.0,1.0,0.0,0.5,0.3333333333333333,0.3333333333333333,1.0,0.0,0.5,0.2,0.2,1.0,0.0,0.5,0.1,0.1,1.0,0.0,1.0
feature,huggingface__transformers-19219,huggingface/transformers,Python,devstral-small-2:24b/paths,11,True,2,1,1,2,0.5,1.0,1.0,1.0,0.0,0.5,0.3333333333333333,0.5,1.0,0.0,0.5,0.2,0.5,1.0,0.0,0.5,0.1,0.5,1.0,0.0,1.0
feature,huggingface__transformers-19219,huggingface/transformers,Python,devstral-small-2:24b/content,11,True,2,1,1,10,0.5,1.0,1.0,1.0,0.0,0.5,0.3333333333333333,0.3333333333333333,1.0,0.0,0.5,0.2,0.2,1.0,0.0,0.5,0.1,0.1,1.0,0.0,1.0
feature,huggingface__transformers-19219,huggingface/transformers,Python,navigation/restricted40,11,True,2,1,1,10,0.5,1.0,1.0,1.0,0.0,0.5,0.3333333333333333,0.3333333333333333,1.0,0.0,0.5,0.2,0.2,1.0,0.0,0.5,0.1,0.1,1.0,0.0,1.0
feature,huggingface__transformers-19219,huggingface/transformers,Python,navigation/repository,11,True,2,1,1,2,0.5,1.0,1.0,1.0,0.0,1.0,0.6666666666666666,1.0,1.0,1.0,1.0,0.4,1.0,1.0,1.0,1.0,0.2,1.0,1.0,1.0,1.0
feature,huggingface__transformers-19590,huggingface/transformers,Python,path_bm25,11,True,2,1,1,10,0.0,0.0,0.0,0.0,0.0,0.0,0.0,0.0,0.0,0.0,0.0,0.0,0.0,0.0,0.0,0.5,0.1,0.1,1.0,0.0,0.1
feature,huggingface__transformers-19590,huggingface/transformers,Python,content_bm25,11,True,2,1,1,10,0.0,0.0,0.0,0.0,0.0,0.0,0.0,0.0,0.0,0.0,0.0,0.0,0.0,0.0,0.0,0.0,0.0,0.0,0.0,0.0,0.0
feature,huggingface__transformers-19590,huggingface/transformers,Python,dense_minilm,11,True,2,1,1,10,0.5,1.0,1.0,0.0,1.0,1.0,0.6666666666666666,0.6666666666666666,1.0,1.0,1.0,0.4,0.4,1.0,1.0,1.0,0.2,0.2,1.0,1.0,1.0
feature,huggingface__transformers-19590,huggingface/transformers,Python,hybrid_rrf,11,True,2,1,1,10,0.5,1.0,1.0,1.0,0.0,0.5,0.3333333333333333,0.3333333333333333,1.0,0.0,1.0,0.4,0.4,1.0,1.0,1.0,0.2,0.2,1.0,1.0,1.0
feature,huggingface__transformers-19590,huggingface/transformers,Python,minilm256_pool100,11,True,2,1,1,10,0.5,1.0,1.0,0.0,1.0,1.0,0.6666666666666666,0.6666666666666666,1.0,1.0,1.0,0.4,0.4,1.0,1.0,1.0,0.2,0.2,1.0,1.0,1.0
feature,huggingface__transformers-19590,huggingface/transformers,Python,coderank256_pool100,11,True,2,1,1,10,0.5,1.0,1.0,1.0,0.0,1.0,0.6666666666666666,0.6666666666666666,1.0,1.0,1.0,0.4,0.4,1.0,1.0,1.0,0.2,0.2,1.0,1.0,1.0
feature,huggingface__transformers-19590,huggingface/transformers,Python,coderank2048_pool100,11,True,2,1,1,10,0.5,1.0,1.0,0.0,1.0,0.5,0.3333333333333333,0.3333333333333333,0.0,1.0,0.5,0.2,0.2,0.0,1.0,1.0,0.2,0.2,1.0,1.0,1.0
feature,huggingface__transformers-19590,huggingface/transformers,Python,qwen3-coder:30b/paths,11,True,2,1,1,2,0.5,1.0,1.0,1.0,0.0,1.0,0.6666666666666666,1.0,1.0,1.0,1.0,0.4,1.0,1.0,1.0,1.0,0.2,1.0,1.0,1.0,1.0
feature,huggingface__transformers-19590,huggingface/transformers,Python,qwen3-coder:30b/content,11,True,2,1,1,2,0.5,1.0,1.0,1.0,0.0,1.0,0.6666666666666666,1.0,1.0,1.0,1.0,0.4,1.0,1.0,1.0,1.0,0.2,1.0,1.0,1.0,1.0
feature,huggingface__transformers-19590,huggingface/transformers,Python,devstral-small-2:24b/paths,11,True,2,1,1,6,0.5,1.0,1.0,1.0,0.0,1.0,0.6666666666666666,0.6666666666666666,1.0,1.0,1.0,0.4,0.4,1.0,1.0,1.0,0.2,0.3333333333333333,1.0,1.0,1.0
feature,huggingface__transformers-19590,huggingface/transformers,Python,devstral-small-2:24b/content,11,True,2,1,1,10,0.5,1.0,1.0,1.0,0.0,1.0,0.6666666666666666,0.6666666666666666,1.0,1.0,1.0,0.4,0.4,1.0,1.0,1.0,0.2,0.2,1.0,1.0,1.0
feature,huggingface__transformers-19590,huggingface/transformers,Python,navigation/restricted40,11,True,2,1,1,10,0.5,1.0,1.0,1.0,0.0,1.0,0.6666666666666666,0.6666666666666666,1.0,1.0,1.0,0.4,0.4,1.0,1.0,1.0,0.2,0.2,1.0,1.0,1.0
feature,huggingface__transformers-19590,huggingface/transformers,Python,navigation/repository,11,True,2,1,1,2,0.5,1.0,1.0,1.0,0.0,1.0,0.6666666666666666,1.0,1.0,1.0,1.0,0.4,1.0,1.0,1.0,1.0,0.2,1.0,1.0,1.0,1.0
feature,huggingface__transformers-20136,huggingface/transformers,Python,path_bm25,11,True,7,5,2,10,0.0,0.0,0.0,0.0,0.0,0.0,0.0,0.0,0.0,0.0,0.0,0.0,0.0,0.0,0.0,0.0,0.0,0.0,0.0,0.0,0.0
feature,huggingface__transformers-20136,huggingface/transformers,Python,content_bm25,11,True,7,5,2,10,0.14285714285714285,1.0,1.0,0.2,0.0,0.2857142857142857,0.6666666666666666,0.6666666666666666,0.4,0.0,0.2857142857142857,0.4,0.4,0.4,0.0,0.2857142857142857,0.2,0.2,0.4,0.0,1.0
feature,huggingface__transformers-20136,huggingface/transformers,Python,dense_minilm,11,True,7,5,2,10,0.14285714285714285,1.0,1.0,0.2,0.0,0.2857142857142857,0.6666666666666666,0.6666666666666666,0.4,0.0,0.2857142857142857,0.4,0.4,0.4,0.0,0.2857142857142857,0.2,0.2,0.4,0.0,1.0
feature,huggingface__transformers-20136,huggingface/transformers,Python,hybrid_rrf,11,True,7,5,2,10,0.14285714285714285,1.0,1.0,0.2,0.0,0.14285714285714285,0.3333333333333333,0.3333333333333333,0.2,0.0,0.2857142857142857,0.4,0.4,0.4,0.0,0.2857142857142857,0.2,0.2,0.4,0.0,1.0
feature,huggingface__transformers-20136,huggingface/transformers,Python,minilm256_pool100,11,True,7,5,2,10,0.14285714285714285,1.0,1.0,0.2,0.0,0.2857142857142857,0.6666666666666666,0.6666666666666666,0.4,0.0,0.2857142857142857,0.4,0.4,0.4,0.0,0.2857142857142857,0.2,0.2,0.4,0.0,1.0
feature,huggingface__transformers-20136,huggingface/transformers,Python,coderank256_pool100,11,True,7,5,2,10,0.14285714285714285,1.0,1.0,0.2,0.0,0.42857142857142855,1.0,1.0,0.4,0.5,0.5714285714285714,0.8,0.8,0.6,0.5,0.7142857142857143,0.5,0.5,0.6,1.0,1.0
feature,huggingface__transformers-20136,huggingface/transformers,Python,coderank2048_pool100,11,True,7,5,2,10,0.14285714285714285,1.0,1.0,0.2,0.0,0.14285714285714285,0.3333333333333333,0.3333333333333333,0.2,0.0,0.2857142857142857,0.4,0.4,0.4,0.0,0.5714285714285714,0.4,0.4,0.4,1.0,1.0
feature,huggingface__transformers-20136,huggingface/transformers,Python,qwen3-coder:30b/paths,11,True,7,5,2,10,0.14285714285714285,1.0,1.0,0.2,0.0,0.42857142857142855,1.0,1.0,0.4,0.5,0.5714285714285714,0.8,0.8,0.4,1.0,0.8571428571428571,0.6,0.6,0.8,1.0,1.0
feature,huggingface__transformers-20136,huggingface/transformers,Python,qwen3-coder:30b/content,11,True,7,5,2,10,0.14285714285714285,1.0,1.0,0.2,0.0,0.42857142857142855,1.0,1.0,0.4,0.5,0.5714285714285714,0.8,0.8,0.4,1.0,0.5714285714285714,0.4,0.4,0.4,1.0,1.0
feature,huggingface__transformers-20136,huggingface/transformers,Python,devstral-small-2:24b/paths,11,True,7,5,2,10,0.14285714285714285,1.0,1.0,0.2,0.0,0.42857142857142855,1.0,1.0,0.4,0.5,0.7142857142857143,1.0,1.0,0.6,1.0,0.8571428571428571,0.6,0.6,0.8,1.0,1.0
feature,huggingface__transformers-20136,huggingface/transformers,Python,devstral-small-2:24b/content,11,True,7,5,2,10,0.14285714285714285,1.0,1.0,0.2,0.0,0.42857142857142855,1.0,1.0,0.4,0.5,0.5714285714285714,0.8,0.8,0.4,1.0,0.7142857142857143,0.5,0.5,0.6,1.0,1.0
feature,huggingface__transformers-20136,huggingface/transformers,Python,navigation/restricted40,11,True,7,5,2,6,0.14285714285714285,1.0,1.0,0.2,0.0,0.42857142857142855,1.0,1.0,0.4,0.5,0.42857142857142855,0.6,0.6,0.4,0.5,0.42857142857142855,0.3,0.5,0.4,0.5,1.0
feature,huggingface__transformers-20136,huggingface/transformers,Python,navigation/restricted40,29,True,7,5,2,6,0.14285714285714285,1.0,1.0,0.2,0.0,0.42857142857142855,1.0,1.0,0.4,0.5,0.42857142857142855,0.6,0.6,0.4,0.5,0.42857142857142855,0.3,0.5,0.4,0.5,1.0
feature,huggingface__transformers-20136,huggingface/transformers,Python,navigation/restricted40,47,True,7,5,2,6,0.14285714285714285,1.0,1.0,0.2,0.0,0.42857142857142855,1.0,1.0,0.4,0.5,0.42857142857142855,0.6,0.6,0.4,0.5,0.42857142857142855,0.3,0.5,0.4,0.5,1.0
feature,huggingface__transformers-20136,huggingface/transformers,Python,navigation/repository,11,True,7,5,2,10,0.14285714285714285,1.0,1.0,0.2,0.0,0.2857142857142857,0.6666666666666666,0.6666666666666666,0.2,0.5,0.42857142857142855,0.6,0.6,0.4,0.5,0.42857142857142855,0.3,0.3,0.4,0.5,1.0
feature,huggingface__transformers-20136,huggingface/transformers,Python,navigation/repository,29,True,7,5,2,10,0.14285714285714285,1.0,1.0,0.2,0.0,0.2857142857142857,0.6666666666666666,0.6666666666666666,0.2,0.5,0.42857142857142855,0.6,0.6,0.4,0.5,0.42857142857142855,0.3,0.3,0.4,0.5,1.0
feature,huggingface__transformers-20136,huggingface/transformers,Python,navigation/repository,47,True,7,5,2,8,0.14285714285714285,1.0,1.0,0.2,0.0,0.2857142857142857,0.6666666666666666,0.6666666666666666,0.2,0.5,0.42857142857142855,0.6,0.6,0.4,0.5,0.42857142857142855,0.3,0.375,0.4,0.5,1.0
feature,huggingface__transformers-21345,huggingface/transformers,Python,path_bm25,11,True,2,1,1,10,0.0,0.0,0.0,0.0,0.0,0.0,0.0,0.0,0.0,0.0,0.0,0.0,0.0,0.0,0.0,0.0,0.0,0.0,0.0,0.0,0.0
feature,huggingface__transformers-21345,huggingface/transformers,Python,content_bm25,11,True,2,1,1,10,0.0,0.0,0.0,0.0,0.0,0.0,0.0,0.0,0.0,0.0,0.0,0.0,0.0,0.0,0.0,0.0,0.0,0.0,0.0,0.0,0.0
feature,huggingface__transformers-21345,huggingface/transformers,Python,dense_minilm,11,True,2,1,1,10,0.0,0.0,0.0,0.0,0.0,0.5,0.3333333333333333,0.3333333333333333,1.0,0.0,0.5,0.2,0.2,1.0,0.0,0.5,0.1,0.1,1.0,0.0,0.5
feature,huggingface__transformers-21345,huggingface/transformers,Python,hybrid_rrf,11,True,2,1,1,10,0.5,1.0,1.0,1.0,0.0,0.5,0.3333333333333333,0.3333333333333333,1.0,0.0,0.5,0.2,0.2,1.0,0.0,0.5,0.1,0.1,1.0,0.0,1.0
feature,huggingface__transformers-21345,huggingface/transformers,Python,minilm256_pool100,11,True,2,1,1,10,0.0,0.0,0.0,0.0,0.0,0.5,0.3333333333333333,0.3333333333333333,1.0,0.0,0.5,0.2,0.2,1.0,0.0,0.5,0.1,0.1,1.0,0.0,0.5
feature,huggingface__transformers-21345,huggingface/transformers,Python,coderank256_pool100,11,True,2,1,1,10,0.0,0.0,0.0,0.0,0.0,0.5,0.3333333333333333,0.3333333333333333,1.0,0.0,0.5,0.2,0.2,1.0,0.0,0.5,0.1,0.1,1.0,0.0,0.5
feature,huggingface__transformers-21345,huggingface/transformers,Python,coderank2048_pool100,11,True,2,1,1,10,0.5,1.0,1.0,1.0,0.0,0.5,0.3333333333333333,0.3333333333333333,1.0,0.0,0.5,0.2,0.2,1.0,0.0,0.5,0.1,0.1,1.0,0.0,1.0
feature,huggingface__transformers-21345,huggingface/transformers,Python,qwen3-coder:30b/paths,11,True,2,1,1,10,0.5,1.0,1.0,1.0,0.0,0.5,0.3333333333333333,0.3333333333333333,1.0,0.0,0.5,0.2,0.2,1.0,0.0,0.5,0.1,0.1,1.0,0.0,1.0
feature,huggingface__transformers-21345,huggingface/transformers,Python,qwen3-coder:30b/content,11,True,2,1,1,10,0.5,1.0,1.0,1.0,0.0,0.5,0.3333333333333333,0.3333333333333333,1.0,0.0,0.5,0.2,0.2,1.0,0.0,0.5,0.1,0.1,1.0,0.0,1.0
feature,huggingface__transformers-21345,huggingface/transformers,Python,devstral-small-2:24b/paths,11,True,2,1,1,10,0.5,1.0,1.0,1.0,0.0,0.5,0.3333333333333333,0.3333333333333333,1.0,0.0,0.5,0.2,0.2,1.0,0.0,0.5,0.1,0.1,1.0,0.0,1.0
feature,huggingface__transformers-21345,huggingface/transformers,Python,devstral-small-2:24b/content,11,True,2,1,1,2,0.5,1.0,1.0,1.0,0.0,0.5,0.3333333333333333,0.5,1.0,0.0,0.5,0.2,0.5,1.0,0.0,0.5,0.1,0.5,1.0,0.0,1.0
feature,huggingface__transformers-21345,huggingface/transformers,Python,navigation/restricted40,11,True,2,1,1,2,0.5,1.0,1.0,1.0,0.0,0.5,0.3333333333333333,0.5,1.0,0.0,0.5,0.2,0.5,1.0,0.0,0.5,0.1,0.5,1.0,0.0,1.0
feature,huggingface__transformers-21345,huggingface/transformers,Python,navigation/repository,11,True,2,1,1,10,0.5,1.0,1.0,1.0,0.0,1.0,0.6666666666666666,0.6666666666666666,1.0,1.0,1.0,0.4,0.4,1.0,1.0,1.0,0.2,0.2,1.0,1.0,1.0
feature,huggingface__transformers-21768,huggingface/transformers,Python,path_bm25,11,True,2,1,1,10,0.0,0.0,0.0,0.0,0.0,0.0,0.0,0.0,0.0,0.0,0.0,0.0,0.0,0.0,0.0,0.0,0.0,0.0,0.0,0.0,0.0
feature,huggingface__transformers-21768,huggingface/transformers,Python,content_bm25,11,True,2,1,1,10,0.0,0.0,0.0,0.0,0.0,0.0,0.0,0.0,0.0,0.0,0.0,0.0,0.0,0.0,0.0,0.0,0.0,0.0,0.0,0.0,0.0
feature,huggingface__transformers-21768,huggingface/transformers,Python,dense_minilm,11,True,2,1,1,10,0.5,1.0,1.0,0.0,1.0,0.5,0.3333333333333333,0.3333333333333333,0.0,1.0,0.5,0.2,0.2,0.0,1.0,0.5,0.1,0.1,0.0,1.0,1.0
feature,huggingface__transformers-21768,huggingface/transformers,Python,hybrid_rrf,11,True,2,1,1,10,0.0,0.0,0.0,0.0,0.0,0.0,0.0,0.0,0.0,0.0,0.5,0.2,0.2,1.0,0.0,1.0,0.2,0.2,1.0,1.0,0.25
feature,huggingface__transformers-21768,huggingface/transformers,Python,minilm256_pool100,11,True,2,1,1,10,0.5,1.0,1.0,0.0,1.0,0.5,0.3333333333333333,0.3333333333333333,0.0,1.0,0.5,0.2,0.2,0.0,1.0,0.5,0.1,0.1,0.0,1.0,1.0
feature,huggingface__transformers-21768,huggingface/transformers,Python,coderank256_pool100,11,True,2,1,1,10,0.0,0.0,0.0,0.0,0.0,0.0,0.0,0.0,0.0,0.0,0.0,0.0,0.0,0.0,0.0,0.5,0.1,0.1,1.0,0.0,0.14285714285714285
feature,huggingface__transformers-21768,huggingface/transformers,Python,coderank2048_pool100,11,True,2,1,1,10,0.5,1.0,1.0,1.0,0.0,0.5,0.3333333333333333,0.3333333333333333,1.0,0.0,0.5,0.2,0.2,1.0,0.0,0.5,0.1,0.1,1.0,0.0,1.0
feature,huggingface__transformers-21768,huggingface/transformers,Python,qwen3-coder:30b/paths,11,True,2,1,1,2,0.5,1.0,1.0,1.0,0.0,1.0,0.6666666666666666,1.0,1.0,1.0,1.0,0.4,1.0,1.0,1.0,1.0,0.2,1.0,1.0,1.0,1.0
feature,huggingface__transformers-21768,huggingface/transformers,Python,qwen3-coder:30b/content,11,True,2,1,1,2,0.5,1.0,1.0,1.0,0.0,1.0,0.6666666666666666,1.0,1.0,1.0,1.0,0.4,1.0,1.0,1.0,1.0,0.2,1.0,1.0,1.0,1.0
feature,huggingface__transformers-21768,huggingface/transformers,Python,devstral-small-2:24b/paths,11,True,2,1,1,5,0.5,1.0,1.0,1.0,0.0,1.0,0.6666666666666666,0.6666666666666666,1.0,1.0,1.0,0.4,0.4,1.0,1.0,1.0,0.2,0.4,1.0,1.0,1.0
feature,huggingface__transformers-21768,huggingface/transformers,Python,devstral-small-2:24b/content,11,True,2,1,1,2,0.5,1.0,1.0,1.0,0.0,1.0,0.6666666666666666,1.0,1.0,1.0,1.0,0.4,1.0,1.0,1.0,1.0,0.2,1.0,1.0,1.0,1.0
feature,huggingface__transformers-21768,huggingface/transformers,Python,navigation/restricted40,11,True,2,1,1,1,0.5,1.0,1.0,1.0,0.0,0.5,0.3333333333333333,1.0,1.0,0.0,0.5,0.2,1.0,1.0,0.0,0.5,0.1,1.0,1.0,0.0,1.0
feature,huggingface__transformers-21768,huggingface/transformers,Python,navigation/repository,11,True,2,1,1,1,0.5,1.0,1.0,1.0,0.0,0.5,0.3333333333333333,1.0,1.0,0.0,0.5,0.2,1.0,1.0,0.0,0.5,0.1,1.0,1.0,0.0,1.0
feature,huggingface__transformers-23126,huggingface/transformers,Python,path_bm25,11,True,2,1,1,10,0.0,0.0,0.0,0.0,0.0,0.0,0.0,0.0,0.0,0.0,0.0,0.0,0.0,0.0,0.0,0.5,0.1,0.1,1.0,0.0,0.16666666666666666
feature,huggingface__transformers-23126,huggingface/transformers,Python,content_bm25,11,True,2,1,1,10,0.5,1.0,1.0,1.0,0.0,0.5,0.3333333333333333,0.3333333333333333,1.0,0.0,0.5,0.2,0.2,1.0,0.0,0.5,0.1,0.1,1.0,0.0,1.0
feature,huggingface__transformers-23126,huggingface/transformers,Python,dense_minilm,11,True,2,1,1,10,0.0,0.0,0.0,0.0,0.0,0.5,0.3333333333333333,0.3333333333333333,1.0,0.0,1.0,0.4,0.4,1.0,1.0,1.0,0.2,0.2,1.0,1.0,0.3333333333333333
feature,huggingface__transformers-23126,huggingface/transformers,Python,hybrid_rrf,11,True,2,1,1,10,0.5,1.0,1.0,1.0,0.0,1.0,0.6666666666666666,0.6666666666666666,1.0,1.0,1.0,0.4,0.4,1.0,1.0,1.0,0.2,0.2,1.0,1.0,1.0
feature,huggingface__transformers-23126,huggingface/transformers,Python,minilm256_pool100,11,True,2,1,1,10,0.0,0.0,0.0,0.0,0.0,0.5,0.3333333333333333,0.3333333333333333,1.0,0.0,1.0,0.4,0.4,1.0,1.0,1.0,0.2,0.2,1.0,1.0,0.3333333333333333
feature,huggingface__transformers-23126,huggingface/transformers,Python,coderank256_pool100,11,True,2,1,1,10,0.5,1.0,1.0,1.0,0.0,1.0,0.6666666666666666,0.6666666666666666,1.0,1.0,1.0,0.4,0.4,1.0,1.0,1.0,0.2,0.2,1.0,1.0,1.0
feature,huggingface__transformers-23126,huggingface/transformers,Python,coderank2048_pool100,11,True,2,1,1,10,0.5,1.0,1.0,1.0,0.0,1.0,0.6666666666666666,0.6666666666666666,1.0,1.0,1.0,0.4,0.4,1.0,1.0,1.0,0.2,0.2,1.0,1.0,1.0
feature,huggingface__transformers-23126,huggingface/transformers,Python,qwen3-coder:30b/paths,11,True,2,1,1,2,0.5,1.0,1.0,1.0,0.0,1.0,0.6666666666666666,1.0,1.0,1.0,1.0,0.4,1.0,1.0,1.0,1.0,0.2,1.0,1.0,1.0,1.0
feature,huggingface__transformers-23126,huggingface/transformers,Python,qwen3-coder:30b/content,11,True,2,1,1,2,0.5,1.0,1.0,1.0,0.0,1.0,0.6666666666666666,1.0,1.0,1.0,1.0,0.4,1.0,1.0,1.0,1.0,0.2,1.0,1.0,1.0,1.0
feature,huggingface__transformers-23126,huggingface/transformers,Python,devstral-small-2:24b/paths,11,True,2,1,1,2,0.5,1.0,1.0,1.0,0.0,1.0,0.6666666666666666,1.0,1.0,1.0,1.0,0.4,1.0,1.0,1.0,1.0,0.2,1.0,1.0,1.0,1.0
feature,huggingface__transformers-23126,huggingface/transformers,Python,devstral-small-2:24b/content,11,True,2,1,1,2,0.5,1.0,1.0,1.0,0.0,1.0,0.6666666666666666,1.0,1.0,1.0,1.0,0.4,1.0,1.0,1.0,1.0,0.2,1.0,1.0,1.0,1.0
feature,huggingface__transformers-23126,huggingface/transformers,Python,navigation/restricted40,11,True,2,1,1,2,0.5,1.0,1.0,1.0,0.0,1.0,0.6666666666666666,1.0,1.0,1.0,1.0,0.4,1.0,1.0,1.0,1.0,0.2,1.0,1.0,1.0,1.0
feature,huggingface__transformers-23126,huggingface/transformers,Python,navigation/repository,11,True,2,1,1,2,0.5,1.0,1.0,1.0,0.0,1.0,0.6666666666666666,1.0,1.0,1.0,1.0,0.4,1.0,1.0,1.0,1.0,0.2,1.0,1.0,1.0,1.0
feature,huggingface__transformers-24510,huggingface/transformers,Python,path_bm25,11,True,12,10,2,10,0.0,0.0,0.0,0.0,0.0,0.0,0.0,0.0,0.0,0.0,0.0,0.0,0.0,0.0,0.0,0.0,0.0,0.0,0.0,0.0,0.0
feature,huggingface__transformers-24510,huggingface/transformers,Python,content_bm25,11,True,12,10,2,10,0.0,0.0,0.0,0.0,0.0,0.0,0.0,0.0,0.0,0.0,0.0,0.0,0.0,0.0,0.0,0.0,0.0,0.0,0.0,0.0,0.0
feature,huggingface__transformers-24510,huggingface/transformers,Python,dense_minilm,11,True,12,10,2,10,0.0,0.0,0.0,0.0,0.0,0.0,0.0,0.0,0.0,0.0,0.0,0.0,0.0,0.0,0.0,0.0,0.0,0.0,0.0,0.0,0.0
feature,huggingface__transformers-24510,huggingface/transformers,Python,hybrid_rrf,11,True,12,10,2,10,0.0,0.0,0.0,0.0,0.0,0.0,0.0,0.0,0.0,0.0,0.0,0.0,0.0,0.0,0.0,0.0,0.0,0.0,0.0,0.0,0.0
feature,huggingface__transformers-24510,huggingface/transformers,Python,minilm256_pool100,11,True,12,10,2,10,0.0,0.0,0.0,0.0,0.0,0.0,0.0,0.0,0.0,0.0,0.0,0.0,0.0,0.0,0.0,0.0,0.0,0.0,0.0,0.0,0.0
feature,huggingface__transformers-24510,huggingface/transformers,Python,coderank256_pool100,11,True,12,10,2,10,0.0,0.0,0.0,0.0,0.0,0.0,0.0,0.0,0.0,0.0,0.0,0.0,0.0,0.0,0.0,0.0,0.0,0.0,0.0,0.0,0.0
feature,huggingface__transformers-24510,huggingface/transformers,Python,coderank2048_pool100,11,True,12,10,2,10,0.0,0.0,0.0,0.0,0.0,0.0,0.0,0.0,0.0,0.0,0.0,0.0,0.0,0.0,0.0,0.0,0.0,0.0,0.0,0.0,0.0
feature,huggingface__transformers-24510,huggingface/transformers,Python,qwen3-coder:30b/paths,11,True,12,10,2,10,0.08333333333333333,1.0,1.0,0.1,0.0,0.08333333333333333,0.3333333333333333,0.3333333333333333,0.1,0.0,0.08333333333333333,0.2,0.2,0.1,0.0,0.08333333333333333,0.1,0.1,0.1,0.0,1.0
feature,huggingface__transformers-24510,huggingface/transformers,Python,qwen3-coder:30b/content,11,True,12,10,2,10,0.0,0.0,0.0,0.0,0.0,0.0,0.0,0.0,0.0,0.0,0.08333333333333333,0.2,0.2,0.1,0.0,0.08333333333333333,0.1,0.1,0.1,0.0,0.25
feature,huggingface__transformers-24510,huggingface/transformers,Python,devstral-small-2:24b/paths,11,True,12,10,2,6,0.08333333333333333,1.0,1.0,0.1,0.0,0.08333333333333333,0.3333333333333333,0.3333333333333333,0.1,0.0,0.08333333333333333,0.2,0.2,0.1,0.0,0.08333333333333333,0.1,0.16666666666666666,0.1,0.0,1.0
feature,huggingface__transformers-24510,huggingface/transformers,Python,devstral-small-2:24b/content,11,True,12,10,2,4,0.0,0.0,0.0,0.0,0.0,0.0,0.0,0.0,0.0,0.0,0.08333333333333333,0.2,0.25,0.1,0.0,0.08333333333333333,0.1,0.25,0.1,0.0,0.25
feature,huggingface__transformers-24510,huggingface/transformers,Python,navigation/restricted40,11,True,12,10,2,10,0.08333333333333333,1.0,1.0,0.1,0.0,0.08333333333333333,0.3333333333333333,0.3333333333333333,0.1,0.0,0.08333333333333333,0.2,0.2,0.1,0.0,0.08333333333333333,0.1,0.1,0.1,0.0,1.0
feature,huggingface__transformers-24510,huggingface/transformers,Python,navigation/restricted40,29,True,12,10,2,10,0.08333333333333333,1.0,1.0,0.1,0.0,0.08333333333333333,0.3333333333333333,0.3333333333333333,0.1,0.0,0.08333333333333333,0.2,0.2,0.1,0.0,0.08333333333333333,0.1,0.1,0.1,0.0,1.0
feature,huggingface__transformers-24510,huggingface/transformers,Python,navigation/restricted40,47,True,12,10,2,10,0.0,0.0,0.0,0.0,0.0,0.08333333333333333,0.3333333333333333,0.3333333333333333,0.1,0.0,0.08333333333333333,0.2,0.2,0.1,0.0,0.08333333333333333,0.1,0.1,0.1,0.0,0.5
feature,huggingface__transformers-24510,huggingface/transformers,Python,navigation/repository,11,True,12,10,2,10,0.0,0.0,0.0,0.0,0.0,0.16666666666666666,0.6666666666666666,0.6666666666666666,0.2,0.0,0.25,0.6,0.6,0.3,0.0,0.3333333333333333,0.4,0.4,0.4,0.0,0.5
feature,huggingface__transformers-24510,huggingface/transformers,Python,navigation/repository,29,True,12,10,2,10,0.08333333333333333,1.0,1.0,0.1,0.0,0.08333333333333333,0.3333333333333333,0.3333333333333333,0.1,0.0,0.08333333333333333,0.2,0.2,0.1,0.0,0.25,0.3,0.3,0.3,0.0,1.0
feature,huggingface__transformers-24510,huggingface/transformers,Python,navigation/repository,47,True,12,10,2,10,0.08333333333333333,1.0,1.0,0.1,0.0,0.08333333333333333,0.3333333333333333,0.3333333333333333,0.1,0.0,0.08333333333333333,0.2,0.2,0.1,0.0,0.25,0.3,0.3,0.3,0.0,1.0
feature,huggingface__transformers-26386,huggingface/transformers,Python,path_bm25,11,True,2,1,1,10,0.0,0.0,0.0,0.0,0.0,0.0,0.0,0.0,0.0,0.0,0.5,0.2,0.2,1.0,0.0,1.0,0.2,0.2,1.0,1.0,0.25
feature,huggingface__transformers-26386,huggingface/transformers,Python,content_bm25,11,True,2,1,1,10,0.0,0.0,0.0,0.0,0.0,0.0,0.0,0.0,0.0,0.0,0.0,0.0,0.0,0.0,0.0,0.0,0.0,0.0,0.0,0.0,0.0
feature,huggingface__transformers-26386,huggingface/transformers,Python,dense_minilm,11,True,2,1,1,10,0.0,0.0,0.0,0.0,0.0,0.0,0.0,0.0,0.0,0.0,0.0,0.0,0.0,0.0,0.0,0.0,0.0,0.0,0.0,0.0,0.0
feature,huggingface__transformers-26386,huggingface/transformers,Python,hybrid_rrf,11,True,2,1,1,10,0.0,0.0,0.0,0.0,0.0,0.0,0.0,0.0,0.0,0.0,0.5,0.2,0.2,1.0,0.0,0.5,0.1,0.1,1.0,0.0,0.25
feature,huggingface__transformers-26386,huggingface/transformers,Python,minilm256_pool100,11,True,2,1,1,10,0.0,0.0,0.0,0.0,0.0,0.0,0.0,0.0,0.0,0.0,0.0,0.0,0.0,0.0,0.0,0.0,0.0,0.0,0.0,0.0,0.0
feature,huggingface__transformers-26386,huggingface/transformers,Python,coderank256_pool100,11,True,2,1,1,10,0.0,0.0,0.0,0.0,0.0,0.0,0.0,0.0,0.0,0.0,0.5,0.2,0.2,1.0,0.0,0.5,0.1,0.1,1.0,0.0,0.25
feature,huggingface__transformers-26386,huggingface/transformers,Python,coderank2048_pool100,11,True,2,1,1,10,0.0,0.0,0.0,0.0,0.0,0.0,0.0,0.0,0.0,0.0,0.0,0.0,0.0,0.0,0.0,0.0,0.0,0.0,0.0,0.0,0.0
feature,huggingface__transformers-26386,huggingface/transformers,Python,qwen3-coder:30b/paths,11,True,2,1,1,10,0.5,1.0,1.0,1.0,0.0,0.5,0.3333333333333333,0.3333333333333333,1.0,0.0,0.5,0.2,0.2,1.0,0.0,0.5,0.1,0.1,1.0,0.0,1.0
feature,huggingface__transformers-26386,huggingface/transformers,Python,qwen3-coder:30b/content,11,True,2,1,1,10,0.5,1.0,1.0,1.0,0.0,0.5,0.3333333333333333,0.3333333333333333,1.0,0.0,0.5,0.2,0.2,1.0,0.0,0.5,0.1,0.1,1.0,0.0,1.0
feature,huggingface__transformers-26386,huggingface/transformers,Python,devstral-small-2:24b/paths,11,True,2,1,1,5,0.5,1.0,1.0,1.0,0.0,0.5,0.3333333333333333,0.3333333333333333,1.0,0.0,0.5,0.2,0.2,1.0,0.0,0.5,0.1,0.2,1.0,0.0,1.0
feature,huggingface__transformers-26386,huggingface/transformers,Python,devstral-small-2:24b/content,11,True,2,1,1,5,0.5,1.0,1.0,1.0,0.0,0.5,0.3333333333333333,0.3333333333333333,1.0,0.0,0.5,0.2,0.2,1.0,0.0,0.5,0.1,0.2,1.0,0.0,1.0
feature,huggingface__transformers-26386,huggingface/transformers,Python,navigation/restricted40,11,True,2,1,1,8,0.5,1.0,1.0,1.0,0.0,0.5,0.3333333333333333,0.3333333333333333,1.0,0.0,0.5,0.2,0.2,1.0,0.0,0.5,0.1,0.125,1.0,0.0,1.0
feature,huggingface__transformers-26386,huggingface/transformers,Python,navigation/repository,11,True,2,1,1,10,0.5,1.0,1.0,1.0,0.0,0.5,0.3333333333333333,0.3333333333333333,1.0,0.0,0.5,0.2,0.2,1.0,0.0,0.5,0.1,0.1,1.0,0.0,1.0
feature,huggingface__transformers-26568,huggingface/transformers,Python,path_bm25,11,True,3,2,1,10,0.0,0.0,0.0,0.0,0.0,0.0,0.0,0.0,0.0,0.0,0.0,0.0,0.0,0.0,0.0,0.3333333333333333,0.1,0.1,0.5,0.0,0.16666666666666666
feature,huggingface__transformers-26568,huggingface/transformers,Python,content_bm25,11,True,3,2,1,10,0.3333333333333333,1.0,1.0,0.5,0.0,1.0,1.0,1.0,1.0,1.0,1.0,0.6,0.6,1.0,1.0,1.0,0.3,0.3,1.0,1.0,1.0
feature,huggingface__transformers-26568,huggingface/transformers,Python,dense_minilm,11,True,3,2,1,10,0.0,0.0,0.0,0.0,0.0,0.3333333333333333,0.3333333333333333,0.3333333333333333,0.5,0.0,0.3333333333333333,0.2,0.2,0.5,0.0,1.0,0.3,0.3,1.0,1.0,0.5
feature,huggingface__transformers-26568,huggingface/transformers,Python,hybrid_rrf,11,True,3,2,1,10,0.3333333333333333,1.0,1.0,0.5,0.0,1.0,1.0,1.0,1.0,1.0,1.0,0.6,0.6,1.0,1.0,1.0,0.3,0.3,1.0,1.0,1.0
feature,huggingface__transformers-26568,huggingface/transformers,Python,minilm256_pool100,11,True,3,2,1,10,0.0,0.0,0.0,0.0,0.0,0.3333333333333333,0.3333333333333333,0.3333333333333333,0.5,0.0,0.3333333333333333,0.2,0.2,0.5,0.0,1.0,0.3,0.3,1.0,1.0,0.5
feature,huggingface__transformers-26568,huggingface/transformers,Python,coderank256_pool100,11,True,3,2,1,10,0.3333333333333333,1.0,1.0,0.5,0.0,0.3333333333333333,0.3333333333333333,0.3333333333333333,0.5,0.0,0.6666666666666666,0.4,0.4,1.0,0.0,1.0,0.3,0.3,1.0,1.0,1.0
feature,huggingface__transformers-26568,huggingface/transformers,Python,coderank2048_pool100,11,True,3,2,1,10,0.3333333333333333,1.0,1.0,0.5,0.0,0.3333333333333333,0.3333333333333333,0.3333333333333333,0.5,0.0,0.6666666666666666,0.4,0.4,0.5,1.0,1.0,0.3,0.3,1.0,1.0,1.0
feature,huggingface__transformers-26568,huggingface/transformers,Python,qwen3-coder:30b/paths,11,True,3,2,1,10,0.3333333333333333,1.0,1.0,0.5,0.0,1.0,1.0,1.0,1.0,1.0,1.0,0.6,0.6,1.0,1.0,1.0,0.3,0.3,1.0,1.0,1.0
feature,huggingface__transformers-26568,huggingface/transformers,Python,qwen3-coder:30b/content,11,True,3,2,1,10,0.3333333333333333,1.0,1.0,0.5,0.0,1.0,1.0,1.0,1.0,1.0,1.0,0.6,0.6,1.0,1.0,1.0,0.3,0.3,1.0,1.0,1.0
feature,huggingface__transformers-26568,huggingface/transformers,Python,devstral-small-2:24b/paths,11,True,3,2,1,5,0.3333333333333333,1.0,1.0,0.5,0.0,1.0,1.0,1.0,1.0,1.0,1.0,0.6,0.6,1.0,1.0,1.0,0.3,0.6,1.0,1.0,1.0
feature,huggingface__transformers-26568,huggingface/transformers,Python,devstral-small-2:24b/content,11,True,3,2,1,5,0.3333333333333333,1.0,1.0,0.5,0.0,1.0,1.0,1.0,1.0,1.0,1.0,0.6,0.6,1.0,1.0,1.0,0.3,0.6,1.0,1.0,1.0
feature,huggingface__transformers-26568,huggingface/transformers,Python,navigation/restricted40,11,True,3,2,1,10,0.3333333333333333,1.0,1.0,0.5,0.0,1.0,1.0,1.0,1.0,1.0,1.0,0.6,0.6,1.0,1.0,1.0,0.3,0.3,1.0,1.0,1.0
feature,huggingface__transformers-26568,huggingface/transformers,Python,navigation/repository,11,True,3,2,1,2,0.3333333333333333,1.0,1.0,0.5,0.0,0.6666666666666666,0.6666666666666666,1.0,1.0,0.0,0.6666666666666666,0.4,1.0,1.0,0.0,0.6666666666666666,0.2,1.0,1.0,0.0,1.0
feature,huggingface__transformers-27463,huggingface/transformers,Python,path_bm25,11,True,4,3,1,10,0.0,0.0,0.0,0.0,0.0,0.25,0.3333333333333333,0.3333333333333333,0.3333333333333333,0.0,0.25,0.2,0.2,0.3333333333333333,0.0,0.25,0.1,0.1,0.3333333333333333,0.0,0.3333333333333333
feature,huggingface__transformers-27463,huggingface/transformers,Python,content_bm25,11,True,4,3,1,10,0.0,0.0,0.0,0.0,0.0,0.0,0.0,0.0,0.0,0.0,0.0,0.0,0.0,0.0,0.0,0.0,0.0,0.0,0.0,0.0,0.0
feature,huggingface__transformers-27463,huggingface/transformers,Python,dense_minilm,11,True,4,3,1,10,0.0,0.0,0.0,0.0,0.0,0.0,0.0,0.0,0.0,0.0,0.0,0.0,0.0,0.0,0.0,0.0,0.0,0.0,0.0,0.0,0.0
feature,huggingface__transformers-27463,huggingface/transformers,Python,hybrid_rrf,11,True,4,3,1,10,0.25,1.0,1.0,0.3333333333333333,0.0,0.25,0.3333333333333333,0.3333333333333333,0.3333333333333333,0.0,0.25,0.2,0.2,0.3333333333333333,0.0,0.25,0.1,0.1,0.3333333333333333,0.0,1.0
feature,huggingface__transformers-27463,huggingface/transformers,Python,minilm256_pool100,11,True,4,3,1,10,0.0,0.0,0.0,0.0,0.0,0.0,0.0,0.0,0.0,0.0,0.0,0.0,0.0,0.0,0.0,0.0,0.0,0.0,0.0,0.0,0.0
feature,huggingface__transformers-27463,huggingface/transformers,Python,coderank256_pool100,11,True,4,3,1,10,0.0,0.0,0.0,0.0,0.0,0.25,0.3333333333333333,0.3333333333333333,0.3333333333333333,0.0,0.25,0.2,0.2,0.3333333333333333,0.0,0.25,0.1,0.1,0.3333333333333333,0.0,0.3333333333333333
feature,huggingface__transformers-27463,huggingface/transformers,Python,coderank2048_pool100,11,True,4,3,1,10,0.0,0.0,0.0,0.0,0.0,0.0,0.0,0.0,0.0,0.0,0.0,0.0,0.0,0.0,0.0,0.0,0.0,0.0,0.0,0.0,0.0
feature,huggingface__transformers-27463,huggingface/transformers,Python,qwen3-coder:30b/paths,11,True,4,3,1,10,0.25,1.0,1.0,0.3333333333333333,0.0,0.25,0.3333333333333333,0.3333333333333333,0.3333333333333333,0.0,0.25,0.2,0.2,0.3333333333333333,0.0,0.25,0.1,0.1,0.3333333333333333,0.0,1.0
feature,huggingface__transformers-27463,huggingface/transformers,Python,qwen3-coder:30b/content,11,True,4,3,1,10,0.25,1.0,1.0,0.3333333333333333,0.0,0.25,0.3333333333333333,0.3333333333333333,0.3333333333333333,0.0,0.25,0.2,0.2,0.3333333333333333,0.0,0.25,0.1,0.1,0.3333333333333333,0.0,1.0
feature,huggingface__transformers-27463,huggingface/transformers,Python,devstral-small-2:24b/paths,11,True,4,3,1,10,0.25,1.0,1.0,0.3333333333333333,0.0,0.25,0.3333333333333333,0.3333333333333333,0.3333333333333333,0.0,0.25,0.2,0.2,0.3333333333333333,0.0,0.25,0.1,0.1,0.3333333333333333,0.0,1.0
feature,huggingface__transformers-27463,huggingface/transformers,Python,devstral-small-2:24b/content,11,True,4,3,1,5,0.25,1.0,1.0,0.3333333333333333,0.0,0.25,0.3333333333333333,0.3333333333333333,0.3333333333333333,0.0,0.25,0.2,0.2,0.3333333333333333,0.0,0.25,0.1,0.2,0.3333333333333333,0.0,1.0
feature,huggingface__transformers-27463,huggingface/transformers,Python,navigation/restricted40,11,True,4,3,1,10,0.25,1.0,1.0,0.3333333333333333,0.0,0.25,0.3333333333333333,0.3333333333333333,0.3333333333333333,0.0,0.25,0.2,0.2,0.3333333333333333,0.0,0.25,0.1,0.1,0.3333333333333333,0.0,1.0
feature,huggingface__transformers-27463,huggingface/transformers,Python,navigation/repository,11,True,4,3,1,10,0.25,1.0,1.0,0.3333333333333333,0.0,0.75,1.0,1.0,0.6666666666666666,1.0,0.75,0.6,0.6,0.6666666666666666,1.0,0.75,0.3,0.3,0.6666666666666666,1.0,1.0
feature,huggingface__transformers-27561,huggingface/transformers,Python,path_bm25,11,True,4,3,1,10,0.0,0.0,0.0,0.0,0.0,0.25,0.3333333333333333,0.3333333333333333,0.3333333333333333,0.0,0.25,0.2,0.2,0.3333333333333333,0.0,0.5,0.2,0.2,0.3333333333333333,1.0,0.5
feature,huggingface__transformers-27561,huggingface/transformers,Python,content_bm25,11,True,4,3,1,10,0.0,0.0,0.0,0.0,0.0,0.25,0.3333333333333333,0.3333333333333333,0.3333333333333333,0.0,0.25,0.2,0.2,0.3333333333333333,0.0,0.25,0.1,0.1,0.3333333333333333,0.0,0.5
feature,huggingface__transformers-27561,huggingface/transformers,Python,dense_minilm,11,True,4,3,1,10,0.25,1.0,1.0,0.3333333333333333,0.0,0.5,0.6666666666666666,0.6666666666666666,0.3333333333333333,1.0,0.5,0.4,0.4,0.3333333333333333,1.0,0.75,0.3,0.3,0.6666666666666666,1.0,1.0
feature,huggingface__transformers-27561,huggingface/transformers,Python,hybrid_rrf,11,True,4,3,1,10,0.25,1.0,1.0,0.3333333333333333,0.0,0.5,0.6666666666666666,0.6666666666666666,0.3333333333333333,1.0,0.75,0.6,0.6,0.6666666666666666,1.0,0.75,0.3,0.3,0.6666666666666666,1.0,1.0
feature,huggingface__transformers-27561,huggingface/transformers,Python,minilm256_pool100,11,True,4,3,1,10,0.25,1.0,1.0,0.3333333333333333,0.0,0.5,0.6666666666666666,0.6666666666666666,0.3333333333333333,1.0,0.5,0.4,0.4,0.3333333333333333,1.0,0.75,0.3,0.3,0.6666666666666666,1.0,1.0
feature,huggingface__transformers-27561,huggingface/transformers,Python,coderank256_pool100,11,True,4,3,1,10,0.25,1.0,1.0,0.3333333333333333,0.0,0.5,0.6666666666666666,0.6666666666666666,0.6666666666666666,0.0,0.75,0.6,0.6,0.6666666666666666,1.0,0.75,0.3,0.3,0.6666666666666666,1.0,1.0
feature,huggingface__transformers-27561,huggingface/transformers,Python,coderank2048_pool100,11,True,4,3,1,10,0.0,0.0,0.0,0.0,0.0,0.25,0.3333333333333333,0.3333333333333333,0.3333333333333333,0.0,0.5,0.4,0.4,0.6666666666666666,0.0,0.75,0.3,0.3,0.6666666666666666,1.0,0.3333333333333333
feature,huggingface__transformers-27561,huggingface/transformers,Python,qwen3-coder:30b/paths,11,True,4,3,1,10,0.25,1.0,1.0,0.3333333333333333,0.0,0.5,0.6666666666666666,0.6666666666666666,0.3333333333333333,1.0,0.5,0.4,0.4,0.3333333333333333,1.0,0.75,0.3,0.3,0.6666666666666666,1.0,1.0
feature,huggingface__transformers-27561,huggingface/transformers,Python,qwen3-coder:30b/content,11,True,4,3,1,10,0.25,1.0,1.0,0.3333333333333333,0.0,0.5,0.6666666666666666,0.6666666666666666,0.3333333333333333,1.0,0.5,0.4,0.4,0.3333333333333333,1.0,0.5,0.2,0.2,0.3333333333333333,1.0,1.0
feature,huggingface__transformers-27561,huggingface/transformers,Python,devstral-small-2:24b/paths,11,True,4,3,1,6,0.25,1.0,1.0,0.3333333333333333,0.0,0.5,0.6666666666666666,0.6666666666666666,0.3333333333333333,1.0,0.5,0.4,0.4,0.3333333333333333,1.0,0.5,0.2,0.3333333333333333,0.3333333333333333,1.0,1.0
feature,huggingface__transformers-27561,huggingface/transformers,Python,devstral-small-2:24b/content,11,True,4,3,1,2,0.25,1.0,1.0,0.3333333333333333,0.0,0.5,0.6666666666666666,1.0,0.3333333333333333,1.0,0.5,0.4,1.0,0.3333333333333333,1.0,0.5,0.2,1.0,0.3333333333333333,1.0,1.0
feature,huggingface__transformers-27561,huggingface/transformers,Python,navigation/restricted40,11,True,4,3,1,10,0.25,1.0,1.0,0.3333333333333333,0.0,0.5,0.6666666666666666,0.6666666666666666,0.3333333333333333,1.0,0.5,0.4,0.4,0.3333333333333333,1.0,0.5,0.2,0.2,0.3333333333333333,1.0,1.0
feature,huggingface__transformers-27561,huggingface/transformers,Python,navigation/repository,11,True,4,3,1,10,0.25,1.0,1.0,0.3333333333333333,0.0,0.5,0.6666666666666666,0.6666666666666666,0.3333333333333333,1.0,0.5,0.4,0.4,0.3333333333333333,1.0,0.5,0.2,0.2,0.3333333333333333,1.0,1.0
feature,huggingface__transformers-27717,huggingface/transformers,Python,path_bm25,11,True,4,3,1,10,0.0,0.0,0.0,0.0,0.0,0.0,0.0,0.0,0.0,0.0,0.0,0.0,0.0,0.0,0.0,0.0,0.0,0.0,0.0,0.0,0.0
feature,huggingface__transformers-27717,huggingface/transformers,Python,content_bm25,11,True,4,3,1,10,0.0,0.0,0.0,0.0,0.0,0.0,0.0,0.0,0.0,0.0,0.25,0.2,0.2,0.3333333333333333,0.0,0.5,0.2,0.2,0.6666666666666666,0.0,0.2
feature,huggingface__transformers-27717,huggingface/transformers,Python,dense_minilm,11,True,4,3,1,10,0.0,0.0,0.0,0.0,0.0,0.25,0.3333333333333333,0.3333333333333333,0.3333333333333333,0.0,0.5,0.4,0.4,0.3333333333333333,1.0,0.5,0.2,0.2,0.3333333333333333,1.0,0.5
feature,huggingface__transformers-27717,huggingface/transformers,Python,hybrid_rrf,11,True,4,3,1,10,0.25,1.0,1.0,0.3333333333333333,0.0,0.75,1.0,1.0,0.6666666666666666,1.0,0.75,0.6,0.6,0.6666666666666666,1.0,0.75,0.3,0.3,0.6666666666666666,1.0,1.0
feature,huggingface__transformers-27717,huggingface/transformers,Python,minilm256_pool100,11,True,4,3,1,10,0.0,0.0,0.0,0.0,0.0,0.25,0.3333333333333333,0.3333333333333333,0.3333333333333333,0.0,0.5,0.4,0.4,0.3333333333333333,1.0,0.5,0.2,0.2,0.3333333333333333,1.0,0.5
feature,huggingface__transformers-27717,huggingface/transformers,Python,coderank256_pool100,11,True,4,3,1,10,0.0,0.0,0.0,0.0,0.0,0.5,0.6666666666666666,0.6666666666666666,0.6666666666666666,0.0,0.75,0.6,0.6,0.6666666666666666,1.0,0.75,0.3,0.3,0.6666666666666666,1.0,0.5
feature,huggingface__transformers-27717,huggingface/transformers,Python,coderank2048_pool100,11,True,4,3,1,10,0.0,0.0,0.0,0.0,0.0,0.25,0.3333333333333333,0.3333333333333333,0.0,1.0,0.25,0.2,0.2,0.0,1.0,0.25,0.1,0.1,0.0,1.0,0.5
feature,huggingface__transformers-27717,huggingface/transformers,Python,qwen3-coder:30b/paths,11,True,4,3,1,10,0.25,1.0,1.0,0.3333333333333333,0.0,0.75,1.0,1.0,0.6666666666666666,1.0,0.75,0.6,0.6,0.6666666666666666,1.0,1.0,0.4,0.4,1.0,1.0,1.0
feature,huggingface__transformers-27717,huggingface/transformers,Python,qwen3-coder:30b/content,11,True,4,3,1,10,0.25,1.0,1.0,0.3333333333333333,0.0,0.5,0.6666666666666666,0.6666666666666666,0.6666666666666666,0.0,0.5,0.4,0.4,0.6666666666666666,0.0,0.75,0.3,0.3,0.6666666666666666,1.0,1.0
feature,huggingface__transformers-27717,huggingface/transformers,Python,devstral-small-2:24b/paths,11,True,4,3,1,7,0.25,1.0,1.0,0.3333333333333333,0.0,0.75,1.0,1.0,0.6666666666666666,1.0,0.75,0.6,0.6,0.6666666666666666,1.0,0.75,0.3,0.42857142857142855,0.6666666666666666,1.0,1.0
feature,huggingface__transformers-27717,huggingface/transformers,Python,devstral-small-2:24b/content,11,True,4,3,1,10,0.25,1.0,1.0,0.3333333333333333,0.0,0.75,1.0,1.0,0.6666666666666666,1.0,0.75,0.6,0.6,0.6666666666666666,1.0,0.75,0.3,0.3,0.6666666666666666,1.0,1.0
feature,huggingface__transformers-27717,huggingface/transformers,Python,navigation/restricted40,11,True,4,3,1,3,0.25,1.0,1.0,0.3333333333333333,0.0,0.75,1.0,1.0,0.6666666666666666,1.0,0.75,0.6,1.0,0.6666666666666666,1.0,0.75,0.3,1.0,0.6666666666666666,1.0,1.0
feature,huggingface__transformers-27717,huggingface/transformers,Python,navigation/repository,11,True,4,3,1,3,0.25,1.0,1.0,0.3333333333333333,0.0,0.75,1.0,1.0,0.6666666666666666,1.0,0.75,0.6,1.0,0.6666666666666666,1.0,0.75,0.3,1.0,0.6666666666666666,1.0,1.0
feature,huggingface__transformers-28517,huggingface/transformers,Python,path_bm25,11,True,2,1,1,10,0.0,0.0,0.0,0.0,0.0,0.5,0.3333333333333333,0.3333333333333333,1.0,0.0,0.5,0.2,0.2,1.0,0.0,1.0,0.2,0.2,1.0,1.0,0.3333333333333333
feature,huggingface__transformers-28517,huggingface/transformers,Python,content_bm25,11,True,2,1,1,10,0.0,0.0,0.0,0.0,0.0,0.0,0.0,0.0,0.0,0.0,0.0,0.0,0.0,0.0,0.0,0.5,0.1,0.1,1.0,0.0,0.14285714285714285
feature,huggingface__transformers-28517,huggingface/transformers,Python,dense_minilm,11,True,2,1,1,10,0.0,0.0,0.0,0.0,0.0,0.0,0.0,0.0,0.0,0.0,0.0,0.0,0.0,0.0,0.0,0.0,0.0,0.0,0.0,0.0,0.0
feature,huggingface__transformers-28517,huggingface/transformers,Python,hybrid_rrf,11,True,2,1,1,10,0.0,0.0,0.0,0.0,0.0,0.5,0.3333333333333333,0.3333333333333333,1.0,0.0,1.0,0.4,0.4,1.0,1.0,1.0,0.2,0.2,1.0,1.0,0.5
feature,huggingface__transformers-28517,huggingface/transformers,Python,minilm256_pool100,11,True,2,1,1,10,0.0,0.0,0.0,0.0,0.0,0.0,0.0,0.0,0.0,0.0,0.0,0.0,0.0,0.0,0.0,0.0,0.0,0.0,0.0,0.0,0.0
feature,huggingface__transformers-28517,huggingface/transformers,Python,coderank256_pool100,11,True,2,1,1,10,0.0,0.0,0.0,0.0,0.0,0.0,0.0,0.0,0.0,0.0,0.0,0.0,0.0,0.0,0.0,0.5,0.1,0.1,1.0,0.0,0.125
feature,huggingface__transformers-28517,huggingface/transformers,Python,coderank2048_pool100,11,True,2,1,1,10,0.0,0.0,0.0,0.0,0.0,0.0,0.0,0.0,0.0,0.0,0.0,0.0,0.0,0.0,0.0,0.0,0.0,0.0,0.0,0.0,0.0
feature,huggingface__transformers-28517,huggingface/transformers,Python,qwen3-coder:30b/paths,11,True,2,1,1,10,0.5,1.0,1.0,1.0,0.0,1.0,0.6666666666666666,0.6666666666666666,1.0,1.0,1.0,0.4,0.4,1.0,1.0,1.0,0.2,0.2,1.0,1.0,1.0
feature,huggingface__transformers-28517,huggingface/transformers,Python,qwen3-coder:30b/content,11,True,2,1,1,10,0.5,1.0,1.0,1.0,0.0,1.0,0.6666666666666666,0.6666666666666666,1.0,1.0,1.0,0.4,0.4,1.0,1.0,1.0,0.2,0.2,1.0,1.0,1.0
feature,huggingface__transformers-28517,huggingface/transformers,Python,devstral-small-2:24b/paths,11,True,2,1,1,3,0.5,1.0,1.0,1.0,0.0,1.0,0.6666666666666666,0.6666666666666666,1.0,1.0,1.0,0.4,0.6666666666666666,1.0,1.0,1.0,0.2,0.6666666666666666,1.0,1.0,1.0
feature,huggingface__transformers-28517,huggingface/transformers,Python,devstral-small-2:24b/content,11,True,2,1,1,6,0.5,1.0,1.0,1.0,0.0,1.0,0.6666666666666666,0.6666666666666666,1.0,1.0,1.0,0.4,0.4,1.0,1.0,1.0,0.2,0.3333333333333333,1.0,1.0,1.0
feature,huggingface__transformers-28517,huggingface/transformers,Python,navigation/restricted40,11,True,2,1,1,4,0.5,1.0,1.0,1.0,0.0,0.5,0.3333333333333333,0.3333333333333333,1.0,0.0,0.5,0.2,0.25,1.0,0.0,0.5,0.1,0.25,1.0,0.0,1.0
feature,huggingface__transformers-28517,huggingface/transformers,Python,navigation/repository,11,True,2,1,1,5,0.5,1.0,1.0,1.0,0.0,1.0,0.6666666666666666,0.6666666666666666,1.0,1.0,1.0,0.4,0.4,1.0,1.0,1.0,0.2,0.4,1.0,1.0,1.0
feature,huggingface__transformers-28940,huggingface/transformers,Python,path_bm25,11,True,2,1,1,10,0.0,0.0,0.0,0.0,0.0,0.0,0.0,0.0,0.0,0.0,0.0,0.0,0.0,0.0,0.0,0.0,0.0,0.0,0.0,0.0,0.0
feature,huggingface__transformers-28940,huggingface/transformers,Python,content_bm25,11,True,2,1,1,10,0.0,0.0,0.0,0.0,0.0,0.0,0.0,0.0,0.0,0.0,0.0,0.0,0.0,0.0,0.0,0.0,0.0,0.0,0.0,0.0,0.0
feature,huggingface__transformers-28940,huggingface/transformers,Python,dense_minilm,11,True,2,1,1,10,0.0,0.0,0.0,0.0,0.0,0.0,0.0,0.0,0.0,0.0,0.0,0.0,0.0,0.0,0.0,0.0,0.0,0.0,0.0,0.0,0.0
feature,huggingface__transformers-28940,huggingface/transformers,Python,hybrid_rrf,11,True,2,1,1,10,0.0,0.0,0.0,0.0,0.0,0.0,0.0,0.0,0.0,0.0,0.0,0.0,0.0,0.0,0.0,0.0,0.0,0.0,0.0,0.0,0.0
feature,huggingface__transformers-28940,huggingface/transformers,Python,minilm256_pool100,11,True,2,1,1,10,0.0,0.0,0.0,0.0,0.0,0.0,0.0,0.0,0.0,0.0,0.0,0.0,0.0,0.0,0.0,0.0,0.0,0.0,0.0,0.0,0.0
feature,huggingface__transformers-28940,huggingface/transformers,Python,coderank256_pool100,11,True,2,1,1,10,0.0,0.0,0.0,0.0,0.0,0.0,0.0,0.0,0.0,0.0,0.0,0.0,0.0,0.0,0.0,0.0,0.0,0.0,0.0,0.0,0.0
feature,huggingface__transformers-28940,huggingface/transformers,Python,coderank2048_pool100,11,True,2,1,1,10,0.0,0.0,0.0,0.0,0.0,0.0,0.0,0.0,0.0,0.0,0.0,0.0,0.0,0.0,0.0,0.0,0.0,0.0,0.0,0.0,0.0
feature,huggingface__transformers-28940,huggingface/transformers,Python,qwen3-coder:30b/paths,11,True,2,1,1,10,0.5,1.0,1.0,1.0,0.0,0.5,0.3333333333333333,0.3333333333333333,1.0,0.0,0.5,0.2,0.2,1.0,0.0,0.5,0.1,0.1,1.0,0.0,1.0
feature,huggingface__transformers-28940,huggingface/transformers,Python,qwen3-coder:30b/content,11,True,2,1,1,10,0.5,1.0,1.0,1.0,0.0,0.5,0.3333333333333333,0.3333333333333333,1.0,0.0,0.5,0.2,0.2,1.0,0.0,0.5,0.1,0.1,1.0,0.0,1.0
feature,huggingface__transformers-28940,huggingface/transformers,Python,devstral-small-2:24b/paths,11,True,2,1,1,10,0.5,1.0,1.0,1.0,0.0,0.5,0.3333333333333333,0.3333333333333333,1.0,0.0,0.5,0.2,0.2,1.0,0.0,0.5,0.1,0.1,1.0,0.0,1.0
feature,huggingface__transformers-28940,huggingface/transformers,Python,devstral-small-2:24b/content,11,True,2,1,1,10,0.5,1.0,1.0,1.0,0.0,0.5,0.3333333333333333,0.3333333333333333,1.0,0.0,0.5,0.2,0.2,1.0,0.0,0.5,0.1,0.1,1.0,0.0,1.0
feature,huggingface__transformers-28940,huggingface/transformers,Python,navigation/restricted40,11,True,2,1,1,10,0.0,0.0,0.0,0.0,0.0,0.5,0.3333333333333333,0.3333333333333333,1.0,0.0,0.5,0.2,0.2,1.0,0.0,0.5,0.1,0.1,1.0,0.0,0.5
feature,huggingface__transformers-28940,huggingface/transformers,Python,navigation/repository,11,True,2,1,1,10,0.0,0.0,0.0,0.0,0.0,0.5,0.3333333333333333,0.3333333333333333,1.0,0.0,0.5,0.2,0.2,1.0,0.0,0.5,0.1,0.1,1.0,0.0,0.5
feature,huggingface__transformers-29589,huggingface/transformers,Python,path_bm25,11,True,5,3,2,10,0.0,0.0,0.0,0.0,0.0,0.0,0.0,0.0,0.0,0.0,0.0,0.0,0.0,0.0,0.0,0.0,0.0,0.0,0.0,0.0,0.0
feature,huggingface__transformers-29589,huggingface/transformers,Python,content_bm25,11,True,5,3,2,10,0.0,0.0,0.0,0.0,0.0,0.2,0.3333333333333333,0.3333333333333333,0.3333333333333333,0.0,0.2,0.2,0.2,0.3333333333333333,0.0,0.4,0.2,0.2,0.6666666666666666,0.0,0.3333333333333333
feature,huggingface__transformers-29589,huggingface/transformers,Python,dense_minilm,11,True,5,3,2,10,0.0,0.0,0.0,0.0,0.0,0.0,0.0,0.0,0.0,0.0,0.0,0.0,0.0,0.0,0.0,0.0,0.0,0.0,0.0,0.0,0.0
feature,huggingface__transformers-29589,huggingface/transformers,Python,hybrid_rrf,11,True,5,3,2,10,0.0,0.0,0.0,0.0,0.0,0.0,0.0,0.0,0.0,0.0,0.2,0.2,0.2,0.0,0.5,0.2,0.1,0.1,0.0,0.5,0.2
feature,huggingface__transformers-29589,huggingface/transformers,Python,minilm256_pool100,11,True,5,3,2,10,0.0,0.0,0.0,0.0,0.0,0.0,0.0,0.0,0.0,0.0,0.0,0.0,0.0,0.0,0.0,0.0,0.0,0.0,0.0,0.0,0.0
feature,huggingface__transformers-29589,huggingface/transformers,Python,coderank256_pool100,11,True,5,3,2,10,0.0,0.0,0.0,0.0,0.0,0.0,0.0,0.0,0.0,0.0,0.0,0.0,0.0,0.0,0.0,0.0,0.0,0.0,0.0,0.0,0.0
feature,huggingface__transformers-29589,huggingface/transformers,Python,coderank2048_pool100,11,True,5,3,2,10,0.0,0.0,0.0,0.0,0.0,0.0,0.0,0.0,0.0,0.0,0.2,0.2,0.2,0.3333333333333333,0.0,0.4,0.2,0.2,0.6666666666666666,0.0,0.2
feature,huggingface__transformers-29589,huggingface/transformers,Python,qwen3-coder:30b/paths,11,True,5,3,2,10,0.0,0.0,0.0,0.0,0.0,0.2,0.3333333333333333,0.3333333333333333,0.3333333333333333,0.0,0.4,0.4,0.4,0.3333333333333333,0.5,0.4,0.2,0.2,0.3333333333333333,0.5,0.5
feature,huggingface__transformers-29589,huggingface/transformers,Python,qwen3-coder:30b/content,11,True,5,3,2,10,0.0,0.0,0.0,0.0,0.0,0.2,0.3333333333333333,0.3333333333333333,0.3333333333333333,0.0,0.2,0.2,0.2,0.3333333333333333,0.0,0.2,0.1,0.1,0.3333333333333333,0.0,0.5
feature,huggingface__transformers-29589,huggingface/transformers,Python,devstral-small-2:24b/paths,11,True,5,3,2,10,0.2,1.0,1.0,0.3333333333333333,0.0,0.4,0.6666666666666666,0.6666666666666666,0.6666666666666666,0.0,0.6,0.6,0.6,0.6666666666666666,0.5,0.6,0.3,0.3,0.6666666666666666,0.5,1.0
feature,huggingface__transformers-29589,huggingface/transformers,Python,devstral-small-2:24b/content,11,True,5,3,2,3,0.2,1.0,1.0,0.3333333333333333,0.0,0.4,0.6666666666666666,0.6666666666666666,0.6666666666666666,0.0,0.4,0.4,0.6666666666666666,0.6666666666666666,0.0,0.4,0.2,0.6666666666666666,0.6666666666666666,0.0,1.0
feature,huggingface__transformers-29589,huggingface/transformers,Python,navigation/restricted40,11,True,5,3,2,10,0.2,1.0,1.0,0.3333333333333333,0.0,0.2,0.3333333333333333,0.3333333333333333,0.3333333333333333,0.0,0.2,0.2,0.2,0.3333333333333333,0.0,0.2,0.1,0.1,0.3333333333333333,0.0,1.0
feature,huggingface__transformers-29589,huggingface/transformers,Python,navigation/repository,11,True,5,3,2,10,0.2,1.0,1.0,0.3333333333333333,0.0,0.2,0.3333333333333333,0.3333333333333333,0.3333333333333333,0.0,0.2,0.2,0.2,0.3333333333333333,0.0,0.2,0.1,0.1,0.3333333333333333,0.0,1.0
feature,huggingface__transformers-29688,huggingface/transformers,Python,path_bm25,11,True,2,1,1,10,0.0,0.0,0.0,0.0,0.0,0.5,0.3333333333333333,0.3333333333333333,1.0,0.0,0.5,0.2,0.2,1.0,0.0,0.5,0.1,0.1,1.0,0.0,0.3333333333333333
feature,huggingface__transformers-29688,huggingface/transformers,Python,content_bm25,11,True,2,1,1,10,0.0,0.0,0.0,0.0,0.0,0.0,0.0,0.0,0.0,0.0,0.0,0.0,0.0,0.0,0.0,0.0,0.0,0.0,0.0,0.0,0.0
feature,huggingface__transformers-29688,huggingface/transformers,Python,dense_minilm,11,True,2,1,1,10,0.0,0.0,0.0,0.0,0.0,0.0,0.0,0.0,0.0,0.0,0.0,0.0,0.0,0.0,0.0,0.0,0.0,0.0,0.0,0.0,0.0
feature,huggingface__transformers-29688,huggingface/transformers,Python,hybrid_rrf,11,True,2,1,1,10,0.5,1.0,1.0,1.0,0.0,0.5,0.3333333333333333,0.3333333333333333,1.0,0.0,1.0,0.4,0.4,1.0,1.0,1.0,0.2,0.2,1.0,1.0,1.0
feature,huggingface__transformers-29688,huggingface/transformers,Python,minilm256_pool100,11,True,2,1,1,10,0.0,0.0,0.0,0.0,0.0,0.0,0.0,0.0,0.0,0.0,0.0,0.0,0.0,0.0,0.0,0.0,0.0,0.0,0.0,0.0,0.0
feature,huggingface__transformers-29688,huggingface/transformers,Python,coderank256_pool100,11,True,2,1,1,10,0.0,0.0,0.0,0.0,0.0,0.5,0.3333333333333333,0.3333333333333333,1.0,0.0,0.5,0.2,0.2,1.0,0.0,0.5,0.1,0.1,1.0,0.0,0.3333333333333333
feature,huggingface__transformers-29688,huggingface/transformers,Python,coderank2048_pool100,11,True,2,1,1,10,0.0,0.0,0.0,0.0,0.0,0.0,0.0,0.0,0.0,0.0,0.0,0.0,0.0,0.0,0.0,0.5,0.1,0.1,1.0,0.0,0.125
feature,huggingface__transformers-29688,huggingface/transformers,Python,qwen3-coder:30b/paths,11,True,2,1,1,10,0.5,1.0,1.0,1.0,0.0,0.5,0.3333333333333333,0.3333333333333333,1.0,0.0,0.5,0.2,0.2,1.0,0.0,1.0,0.2,0.2,1.0,1.0,1.0
feature,huggingface__transformers-29688,huggingface/transformers,Python,qwen3-coder:30b/content,11,True,2,1,1,10,0.5,1.0,1.0,1.0,0.0,0.5,0.3333333333333333,0.3333333333333333,1.0,0.0,0.5,0.2,0.2,1.0,0.0,1.0,0.2,0.2,1.0,1.0,1.0
feature,huggingface__transformers-29688,huggingface/transformers,Python,devstral-small-2:24b/paths,11,True,2,1,1,5,0.5,1.0,1.0,1.0,0.0,0.5,0.3333333333333333,0.3333333333333333,1.0,0.0,0.5,0.2,0.2,1.0,0.0,0.5,0.1,0.2,1.0,0.0,1.0
feature,huggingface__transformers-29688,huggingface/transformers,Python,devstral-small-2:24b/content,11,True,2,1,1,10,0.5,1.0,1.0,1.0,0.0,0.5,0.3333333333333333,0.3333333333333333,1.0,0.0,1.0,0.4,0.4,1.0,1.0,1.0,0.2,0.2,1.0,1.0,1.0
feature,huggingface__transformers-29688,huggingface/transformers,Python,navigation/restricted40,11,True,2,1,1,9,0.5,1.0,1.0,1.0,0.0,1.0,0.6666666666666666,0.6666666666666666,1.0,1.0,1.0,0.4,0.4,1.0,1.0,1.0,0.2,0.2222222222222222,1.0,1.0,1.0
feature,huggingface__transformers-29688,huggingface/transformers,Python,navigation/repository,11,True,2,1,1,10,0.5,1.0,1.0,1.0,0.0,1.0,0.6666666666666666,0.6666666666666666,1.0,1.0,1.0,0.4,0.4,1.0,1.0,1.0,0.2,0.2,1.0,1.0,1.0
feature,huggingface__transformers-29838,huggingface/transformers,Python,path_bm25,11,True,2,1,1,10,0.0,0.0,0.0,0.0,0.0,0.0,0.0,0.0,0.0,0.0,0.0,0.0,0.0,0.0,0.0,0.0,0.0,0.0,0.0,0.0,0.0
feature,huggingface__transformers-29838,huggingface/transformers,Python,content_bm25,11,True,2,1,1,10,0.0,0.0,0.0,0.0,0.0,0.0,0.0,0.0,0.0,0.0,0.0,0.0,0.0,0.0,0.0,0.0,0.0,0.0,0.0,0.0,0.0
feature,huggingface__transformers-29838,huggingface/transformers,Python,dense_minilm,11,True,2,1,1,10,0.0,0.0,0.0,0.0,0.0,0.0,0.0,0.0,0.0,0.0,0.0,0.0,0.0,0.0,0.0,0.0,0.0,0.0,0.0,0.0,0.0
feature,huggingface__transformers-29838,huggingface/transformers,Python,hybrid_rrf,11,True,2,1,1,10,0.0,0.0,0.0,0.0,0.0,0.0,0.0,0.0,0.0,0.0,0.0,0.0,0.0,0.0,0.0,0.5,0.1,0.1,1.0,0.0,0.16666666666666666
feature,huggingface__transformers-29838,huggingface/transformers,Python,minilm256_pool100,11,True,2,1,1,10,0.0,0.0,0.0,0.0,0.0,0.0,0.0,0.0,0.0,0.0,0.0,0.0,0.0,0.0,0.0,0.0,0.0,0.0,0.0,0.0,0.0
feature,huggingface__transformers-29838,huggingface/transformers,Python,coderank256_pool100,11,True,2,1,1,10,0.0,0.0,0.0,0.0,0.0,0.5,0.3333333333333333,0.3333333333333333,0.0,1.0,0.5,0.2,0.2,0.0,1.0,0.5,0.1,0.1,0.0,1.0,0.5
feature,huggingface__transformers-29838,huggingface/transformers,Python,coderank2048_pool100,11,True,2,1,1,10,0.0,0.0,0.0,0.0,0.0,0.0,0.0,0.0,0.0,0.0,0.0,0.0,0.0,0.0,0.0,0.5,0.1,0.1,1.0,0.0,0.1
feature,huggingface__transformers-29838,huggingface/transformers,Python,qwen3-coder:30b/paths,11,True,2,1,1,10,0.5,1.0,1.0,1.0,0.0,0.5,0.3333333333333333,0.3333333333333333,1.0,0.0,0.5,0.2,0.2,1.0,0.0,1.0,0.2,0.2,1.0,1.0,1.0
feature,huggingface__transformers-29838,huggingface/transformers,Python,qwen3-coder:30b/content,11,True,2,1,1,10,0.5,1.0,1.0,1.0,0.0,0.5,0.3333333333333333,0.3333333333333333,1.0,0.0,0.5,0.2,0.2,1.0,0.0,0.5,0.1,0.1,1.0,0.0,1.0
feature,huggingface__transformers-29838,huggingface/transformers,Python,devstral-small-2:24b/paths,11,True,2,1,1,10,0.5,1.0,1.0,1.0,0.0,0.5,0.3333333333333333,0.3333333333333333,1.0,0.0,1.0,0.4,0.4,1.0,1.0,1.0,0.2,0.2,1.0,1.0,1.0
feature,huggingface__transformers-29838,huggingface/transformers,Python,devstral-small-2:24b/content,11,True,2,1,1,5,0.5,1.0,1.0,1.0,0.0,0.5,0.3333333333333333,0.3333333333333333,1.0,0.0,1.0,0.4,0.4,1.0,1.0,1.0,0.2,0.4,1.0,1.0,1.0
feature,huggingface__transformers-29838,huggingface/transformers,Python,navigation/restricted40,11,True,2,1,1,10,0.5,1.0,1.0,1.0,0.0,0.5,0.3333333333333333,0.3333333333333333,1.0,0.0,0.5,0.2,0.2,1.0,0.0,0.5,0.1,0.1,1.0,0.0,1.0
feature,huggingface__transformers-29838,huggingface/transformers,Python,navigation/repository,11,True,2,1,1,3,0.5,1.0,1.0,1.0,0.0,0.5,0.3333333333333333,0.3333333333333333,1.0,0.0,0.5,0.2,0.3333333333333333,1.0,0.0,0.5,0.1,0.3333333333333333,1.0,0.0,1.0
feature,huggingface__transformers-31095,huggingface/transformers,Python,path_bm25,11,True,3,2,1,10,0.0,0.0,0.0,0.0,0.0,0.0,0.0,0.0,0.0,0.0,0.3333333333333333,0.2,0.2,0.5,0.0,0.6666666666666666,0.2,0.2,0.5,1.0,0.25
feature,huggingface__transformers-31095,huggingface/transformers,Python,content_bm25,11,True,3,2,1,10,0.0,0.0,0.0,0.0,0.0,0.3333333333333333,0.3333333333333333,0.3333333333333333,0.5,0.0,0.3333333333333333,0.2,0.2,0.5,0.0,0.3333333333333333,0.1,0.1,0.5,0.0,0.5
feature,huggingface__transformers-31095,huggingface/transformers,Python,dense_minilm,11,True,3,2,1,10,0.0,0.0,0.0,0.0,0.0,0.0,0.0,0.0,0.0,0.0,0.0,0.0,0.0,0.0,0.0,0.0,0.0,0.0,0.0,0.0,0.0
feature,huggingface__transformers-31095,huggingface/transformers,Python,hybrid_rrf,11,True,3,2,1,10,0.0,0.0,0.0,0.0,0.0,0.0,0.0,0.0,0.0,0.0,0.0,0.0,0.0,0.0,0.0,0.0,0.0,0.0,0.0,0.0,0.0
feature,huggingface__transformers-31095,huggingface/transformers,Python,minilm256_pool100,11,True,3,2,1,10,0.0,0.0,0.0,0.0,0.0,0.0,0.0,0.0,0.0,0.0,0.0,0.0,0.0,0.0,0.0,0.0,0.0,0.0,0.0,0.0,0.0
feature,huggingface__transformers-31095,huggingface/transformers,Python,coderank256_pool100,11,True,3,2,1,10,0.0,0.0,0.0,0.0,0.0,0.0,0.0,0.0,0.0,0.0,0.3333333333333333,0.2,0.2,0.5,0.0,0.3333333333333333,0.1,0.1,0.5,0.0,0.2
feature,huggingface__transformers-31095,huggingface/transformers,Python,coderank2048_pool100,11,True,3,2,1,10,0.0,0.0,0.0,0.0,0.0,0.0,0.0,0.0,0.0,0.0,0.0,0.0,0.0,0.0,0.0,0.0,0.0,0.0,0.0,0.0,0.0
feature,huggingface__transformers-31095,huggingface/transformers,Python,qwen3-coder:30b/paths,11,True,3,2,1,10,0.3333333333333333,1.0,1.0,0.5,0.0,0.6666666666666666,0.6666666666666666,0.6666666666666666,1.0,0.0,0.6666666666666666,0.4,0.4,1.0,0.0,0.6666666666666666,0.2,0.2,1.0,0.0,1.0
feature,huggingface__transformers-31095,huggingface/transformers,Python,qwen3-coder:30b/content,11,True,3,2,1,10,0.3333333333333333,1.0,1.0,0.5,0.0,0.6666666666666666,0.6666666666666666,0.6666666666666666,1.0,0.0,0.6666666666666666,0.4,0.4,1.0,0.0,0.6666666666666666,0.2,0.2,1.0,0.0,1.0
feature,huggingface__transformers-31095,huggingface/transformers,Python,devstral-small-2:24b/paths,11,True,3,2,1,5,0.3333333333333333,1.0,1.0,0.5,0.0,0.6666666666666666,0.6666666666666666,0.6666666666666666,1.0,0.0,0.6666666666666666,0.4,0.4,1.0,0.0,0.6666666666666666,0.2,0.4,1.0,0.0,1.0
feature,huggingface__transformers-31095,huggingface/transformers,Python,devstral-small-2:24b/content,11,True,3,2,1,10,0.3333333333333333,1.0,1.0,0.5,0.0,0.6666666666666666,0.6666666666666666,0.6666666666666666,1.0,0.0,0.6666666666666666,0.4,0.4,1.0,0.0,0.6666666666666666,0.2,0.2,1.0,0.0,1.0
feature,huggingface__transformers-31095,huggingface/transformers,Python,navigation/restricted40,11,False,3,2,1,0,0.0,0.0,0.0,0.0,0.0,0.0,0.0,0.0,0.0,0.0,0.0,0.0,0.0,0.0,0.0,0.0,0.0,0.0,0.0,0.0,0.0
feature,huggingface__transformers-31095,huggingface/transformers,Python,navigation/repository,11,True,3,2,1,10,0.3333333333333333,1.0,1.0,0.5,0.0,0.6666666666666666,0.6666666666666666,0.6666666666666666,1.0,0.0,1.0,0.6,0.6,1.0,1.0,1.0,0.3,0.3,1.0,1.0,1.0
feature,huggingface__transformers-31247,huggingface/transformers,Python,path_bm25,11,True,4,3,1,10,0.0,0.0,0.0,0.0,0.0,0.0,0.0,0.0,0.0,0.0,0.0,0.0,0.0,0.0,0.0,0.0,0.0,0.0,0.0,0.0,0.0
feature,huggingface__transformers-31247,huggingface/transformers,Python,content_bm25,11,True,4,3,1,10,0.0,0.0,0.0,0.0,0.0,0.0,0.0,0.0,0.0,0.0,0.0,0.0,0.0,0.0,0.0,0.0,0.0,0.0,0.0,0.0,0.0
feature,huggingface__transformers-31247,huggingface/transformers,Python,dense_minilm,11,True,4,3,1,10,0.25,1.0,1.0,0.3333333333333333,0.0,0.5,0.6666666666666666,0.6666666666666666,0.3333333333333333,1.0,0.5,0.4,0.4,0.3333333333333333,1.0,0.5,0.2,0.2,0.3333333333333333,1.0,1.0
feature,huggingface__transformers-31247,huggingface/transformers,Python,hybrid_rrf,11,True,4,3,1,10,0.0,0.0,0.0,0.0,0.0,0.0,0.0,0.0,0.0,0.0,0.5,0.4,0.4,0.3333333333333333,1.0,0.5,0.2,0.2,0.3333333333333333,1.0,0.25
feature,huggingface__transformers-31247,huggingface/transformers,Python,minilm256_pool100,11,True,4,3,1,10,0.25,1.0,1.0,0.3333333333333333,0.0,0.5,0.6666666666666666,0.6666666666666666,0.3333333333333333,1.0,0.5,0.4,0.4,0.3333333333333333,1.0,0.5,0.2,0.2,0.3333333333333333,1.0,1.0
feature,huggingface__transformers-31247,huggingface/transformers,Python,coderank256_pool100,11,True,4,3,1,10,0.0,0.0,0.0,0.0,0.0,0.25,0.3333333333333333,0.3333333333333333,0.0,1.0,0.5,0.4,0.4,0.3333333333333333,1.0,0.5,0.2,0.2,0.3333333333333333,1.0,0.5
feature,huggingface__transformers-31247,huggingface/transformers,Python,coderank2048_pool100,11,True,4,3,1,10,0.0,0.0,0.0,0.0,0.0,0.0,0.0,0.0,0.0,0.0,0.0,0.0,0.0,0.0,0.0,0.0,0.0,0.0,0.0,0.0,0.0
feature,huggingface__transformers-31247,huggingface/transformers,Python,qwen3-coder:30b/paths,11,True,4,3,1,10,0.25,1.0,1.0,0.3333333333333333,0.0,0.5,0.6666666666666666,0.6666666666666666,0.3333333333333333,1.0,0.5,0.4,0.4,0.3333333333333333,1.0,0.5,0.2,0.2,0.3333333333333333,1.0,1.0
feature,huggingface__transformers-31247,huggingface/transformers,Python,qwen3-coder:30b/content,11,True,4,3,1,10,0.25,1.0,1.0,0.3333333333333333,0.0,0.5,0.6666666666666666,0.6666666666666666,0.3333333333333333,1.0,0.5,0.4,0.4,0.3333333333333333,1.0,0.5,0.2,0.2,0.3333333333333333,1.0,1.0
feature,huggingface__transformers-31247,huggingface/transformers,Python,devstral-small-2:24b/paths,11,True,4,3,1,10,0.25,1.0,1.0,0.3333333333333333,0.0,0.5,0.6666666666666666,0.6666666666666666,0.3333333333333333,1.0,0.5,0.4,0.4,0.3333333333333333,1.0,0.5,0.2,0.2,0.3333333333333333,1.0,1.0
feature,huggingface__transformers-31247,huggingface/transformers,Python,devstral-small-2:24b/content,11,True,4,3,1,10,0.25,1.0,1.0,0.3333333333333333,0.0,0.5,0.6666666666666666,0.6666666666666666,0.3333333333333333,1.0,0.5,0.4,0.4,0.3333333333333333,1.0,0.5,0.2,0.2,0.3333333333333333,1.0,1.0
feature,huggingface__transformers-31247,huggingface/transformers,Python,navigation/restricted40,11,True,4,3,1,6,0.25,1.0,1.0,0.3333333333333333,0.0,0.5,0.6666666666666666,0.6666666666666666,0.3333333333333333,1.0,0.5,0.4,0.4,0.3333333333333333,1.0,0.5,0.2,0.3333333333333333,0.3333333333333333,1.0,1.0
feature,huggingface__transformers-31247,huggingface/transformers,Python,navigation/repository,11,True,4,3,1,10,0.25,1.0,1.0,0.3333333333333333,0.0,0.5,0.6666666666666666,0.6666666666666666,0.3333333333333333,1.0,0.5,0.4,0.4,0.3333333333333333,1.0,0.5,0.2,0.2,0.3333333333333333,1.0,1.0
feature,langchain-ai__langchain-5450,langchain-ai/langchain,Python,path_bm25,11,True,2,1,1,10,0.0,0.0,0.0,0.0,0.0,0.0,0.0,0.0,0.0,0.0,0.0,0.0,0.0,0.0,0.0,0.5,0.1,0.1,1.0,0.0,0.1
feature,langchain-ai__langchain-5450,langchain-ai/langchain,Python,content_bm25,11,True,2,1,1,10,0.0,0.0,0.0,0.0,0.0,0.0,0.0,0.0,0.0,0.0,0.0,0.0,0.0,0.0,0.0,0.0,0.0,0.0,0.0,0.0,0.0
feature,langchain-ai__langchain-5450,langchain-ai/langchain,Python,dense_minilm,11,True,2,1,1,10,0.0,0.0,0.0,0.0,0.0,0.0,0.0,0.0,0.0,0.0,0.0,0.0,0.0,0.0,0.0,0.0,0.0,0.0,0.0,0.0,0.0
feature,langchain-ai__langchain-5450,langchain-ai/langchain,Python,hybrid_rrf,11,True,2,1,1,10,0.0,0.0,0.0,0.0,0.0,0.5,0.3333333333333333,0.3333333333333333,1.0,0.0,0.5,0.2,0.2,1.0,0.0,0.5,0.1,0.1,1.0,0.0,0.5
feature,langchain-ai__langchain-5450,langchain-ai/langchain,Python,minilm256_pool100,11,True,2,1,1,10,0.0,0.0,0.0,0.0,0.0,0.0,0.0,0.0,0.0,0.0,0.0,0.0,0.0,0.0,0.0,0.0,0.0,0.0,0.0,0.0,0.0
feature,langchain-ai__langchain-5450,langchain-ai/langchain,Python,coderank256_pool100,11,True,2,1,1,10,0.0,0.0,0.0,0.0,0.0,0.5,0.3333333333333333,0.3333333333333333,1.0,0.0,0.5,0.2,0.2,1.0,0.0,0.5,0.1,0.1,1.0,0.0,0.5
feature,langchain-ai__langchain-5450,langchain-ai/langchain,Python,coderank2048_pool100,11,True,2,1,1,10,0.0,0.0,0.0,0.0,0.0,0.5,0.3333333333333333,0.3333333333333333,1.0,0.0,0.5,0.2,0.2,1.0,0.0,0.5,0.1,0.1,1.0,0.0,0.3333333333333333
feature,langchain-ai__langchain-5450,langchain-ai/langchain,Python,qwen3-coder:30b/paths,11,True,2,1,1,10,0.0,0.0,0.0,0.0,0.0,0.5,0.3333333333333333,0.3333333333333333,1.0,0.0,0.5,0.2,0.2,1.0,0.0,0.5,0.1,0.1,1.0,0.0,0.5
feature,langchain-ai__langchain-5450,langchain-ai/langchain,Python,qwen3-coder:30b/content,11,True,2,1,1,10,0.5,1.0,1.0,1.0,0.0,0.5,0.3333333333333333,0.3333333333333333,1.0,0.0,0.5,0.2,0.2,1.0,0.0,0.5,0.1,0.1,1.0,0.0,1.0
feature,langchain-ai__langchain-5450,langchain-ai/langchain,Python,devstral-small-2:24b/paths,11,True,2,1,1,10,0.5,1.0,1.0,1.0,0.0,0.5,0.3333333333333333,0.3333333333333333,1.0,0.0,0.5,0.2,0.2,1.0,0.0,0.5,0.1,0.1,1.0,0.0,1.0
feature,langchain-ai__langchain-5450,langchain-ai/langchain,Python,devstral-small-2:24b/content,11,True,2,1,1,10,0.5,1.0,1.0,1.0,0.0,0.5,0.3333333333333333,0.3333333333333333,1.0,0.0,0.5,0.2,0.2,1.0,0.0,0.5,0.1,0.1,1.0,0.0,1.0
feature,langchain-ai__langchain-5450,langchain-ai/langchain,Python,navigation/restricted40,11,True,2,1,1,10,0.5,1.0,1.0,1.0,0.0,0.5,0.3333333333333333,0.3333333333333333,1.0,0.0,0.5,0.2,0.2,1.0,0.0,0.5,0.1,0.1,1.0,0.0,1.0
feature,langchain-ai__langchain-5450,langchain-ai/langchain,Python,navigation/restricted40,29,True,2,1,1,10,0.5,1.0,1.0,1.0,0.0,0.5,0.3333333333333333,0.3333333333333333,1.0,0.0,0.5,0.2,0.2,1.0,0.0,0.5,0.1,0.1,1.0,0.0,1.0
feature,langchain-ai__langchain-5450,langchain-ai/langchain,Python,navigation/restricted40,47,True,2,1,1,10,0.5,1.0,1.0,1.0,0.0,0.5,0.3333333333333333,0.3333333333333333,1.0,0.0,0.5,0.2,0.2,1.0,0.0,0.5,0.1,0.1,1.0,0.0,1.0
feature,langchain-ai__langchain-5450,langchain-ai/langchain,Python,navigation/repository,11,True,2,1,1,8,0.5,1.0,1.0,1.0,0.0,0.5,0.3333333333333333,0.3333333333333333,1.0,0.0,0.5,0.2,0.2,1.0,0.0,0.5,0.1,0.125,1.0,0.0,1.0
feature,langchain-ai__langchain-5450,langchain-ai/langchain,Python,navigation/repository,29,True,2,1,1,8,0.5,1.0,1.0,1.0,0.0,0.5,0.3333333333333333,0.3333333333333333,1.0,0.0,0.5,0.2,0.2,1.0,0.0,0.5,0.1,0.125,1.0,0.0,1.0
feature,langchain-ai__langchain-5450,langchain-ai/langchain,Python,navigation/repository,47,True,2,1,1,10,0.5,1.0,1.0,1.0,0.0,0.5,0.3333333333333333,0.3333333333333333,1.0,0.0,0.5,0.2,0.2,1.0,0.0,0.5,0.1,0.1,1.0,0.0,1.0
feature,langchain-ai__langchain-19331,langchain-ai/langchain,Python,path_bm25,11,True,1,1,0,10,0.0,0.0,0.0,0.0,,0.0,0.0,0.0,0.0,,0.0,0.0,0.0,0.0,,1.0,0.1,0.1,1.0,,0.1
feature,langchain-ai__langchain-19331,langchain-ai/langchain,Python,content_bm25,11,True,1,1,0,10,0.0,0.0,0.0,0.0,,0.0,0.0,0.0,0.0,,0.0,0.0,0.0,0.0,,0.0,0.0,0.0,0.0,,0.0
feature,langchain-ai__langchain-19331,langchain-ai/langchain,Python,dense_minilm,11,True,1,1,0,10,0.0,0.0,0.0,0.0,,0.0,0.0,0.0,0.0,,0.0,0.0,0.0,0.0,,0.0,0.0,0.0,0.0,,0.0
feature,langchain-ai__langchain-19331,langchain-ai/langchain,Python,hybrid_rrf,11,True,1,1,0,10,0.0,0.0,0.0,0.0,,0.0,0.0,0.0,0.0,,0.0,0.0,0.0,0.0,,1.0,0.1,0.1,1.0,,0.16666666666666666
feature,langchain-ai__langchain-19331,langchain-ai/langchain,Python,minilm256_pool100,11,True,1,1,0,10,0.0,0.0,0.0,0.0,,0.0,0.0,0.0,0.0,,0.0,0.0,0.0,0.0,,0.0,0.0,0.0,0.0,,0.0
feature,langchain-ai__langchain-19331,langchain-ai/langchain,Python,coderank256_pool100,11,True,1,1,0,10,0.0,0.0,0.0,0.0,,0.0,0.0,0.0,0.0,,1.0,0.2,0.2,1.0,,1.0,0.1,0.1,1.0,,0.25
feature,langchain-ai__langchain-19331,langchain-ai/langchain,Python,coderank2048_pool100,11,True,1,1,0,10,0.0,0.0,0.0,0.0,,0.0,0.0,0.0,0.0,,0.0,0.0,0.0,0.0,,0.0,0.0,0.0,0.0,,0.0
feature,langchain-ai__langchain-19331,langchain-ai/langchain,Python,qwen3-coder:30b/paths,11,True,1,1,0,10,1.0,1.0,1.0,1.0,,1.0,0.3333333333333333,0.3333333333333333,1.0,,1.0,0.2,0.2,1.0,,1.0,0.1,0.1,1.0,,1.0
feature,langchain-ai__langchain-19331,langchain-ai/langchain,Python,qwen3-coder:30b/content,11,True,1,1,0,10,1.0,1.0,1.0,1.0,,1.0,0.3333333333333333,0.3333333333333333,1.0,,1.0,0.2,0.2,1.0,,1.0,0.1,0.1,1.0,,1.0
feature,langchain-ai__langchain-19331,langchain-ai/langchain,Python,devstral-small-2:24b/paths,11,True,1,1,0,10,0.0,0.0,0.0,0.0,,1.0,0.3333333333333333,0.3333333333333333,1.0,,1.0,0.2,0.2,1.0,,1.0,0.1,0.1,1.0,,0.5
feature,langchain-ai__langchain-19331,langchain-ai/langchain,Python,devstral-small-2:24b/content,11,True,1,1,0,10,0.0,0.0,0.0,0.0,,1.0,0.3333333333333333,0.3333333333333333,1.0,,1.0,0.2,0.2,1.0,,1.0,0.1,0.1,1.0,,0.5
feature,langchain-ai__langchain-19331,langchain-ai/langchain,Python,navigation/restricted40,11,True,1,1,0,8,1.0,1.0,1.0,1.0,,1.0,0.3333333333333333,0.3333333333333333,1.0,,1.0,0.2,0.2,1.0,,1.0,0.1,0.125,1.0,,1.0
feature,langchain-ai__langchain-19331,langchain-ai/langchain,Python,navigation/restricted40,29,True,1,1,0,8,1.0,1.0,1.0,1.0,,1.0,0.3333333333333333,0.3333333333333333,1.0,,1.0,0.2,0.2,1.0,,1.0,0.1,0.125,1.0,,1.0
feature,langchain-ai__langchain-19331,langchain-ai/langchain,Python,navigation/restricted40,47,True,1,1,0,8,1.0,1.0,1.0,1.0,,1.0,0.3333333333333333,0.3333333333333333,1.0,,1.0,0.2,0.2,1.0,,1.0,0.1,0.125,1.0,,1.0
feature,langchain-ai__langchain-19331,langchain-ai/langchain,Python,navigation/repository,11,True,1,1,0,6,1.0,1.0,1.0,1.0,,1.0,0.3333333333333333,0.3333333333333333,1.0,,1.0,0.2,0.2,1.0,,1.0,0.1,0.16666666666666666,1.0,,1.0
feature,langchain-ai__langchain-19331,langchain-ai/langchain,Python,navigation/repository,29,True,1,1,0,8,1.0,1.0,1.0,1.0,,1.0,0.3333333333333333,0.3333333333333333,1.0,,1.0,0.2,0.2,1.0,,1.0,0.1,0.125,1.0,,1.0
feature,langchain-ai__langchain-19331,langchain-ai/langchain,Python,navigation/repository,47,True,1,1,0,6,1.0,1.0,1.0,1.0,,1.0,0.3333333333333333,0.3333333333333333,1.0,,1.0,0.2,0.2,1.0,,1.0,0.1,0.16666666666666666,1.0,,1.0
feature,yt-dlp__yt-dlp-1649,yt-dlp/yt-dlp,Python,path_bm25,11,True,15,14,1,10,0.0,0.0,0.0,0.0,0.0,0.0,0.0,0.0,0.0,0.0,0.0,0.0,0.0,0.0,0.0,0.06666666666666667,0.1,0.1,0.07142857142857142,0.0,0.125
feature,yt-dlp__yt-dlp-1649,yt-dlp/yt-dlp,Python,content_bm25,11,True,15,14,1,10,0.0,0.0,0.0,0.0,0.0,0.0,0.0,0.0,0.0,0.0,0.0,0.0,0.0,0.0,0.0,0.0,0.0,0.0,0.0,0.0,0.0
feature,yt-dlp__yt-dlp-1649,yt-dlp/yt-dlp,Python,dense_minilm,11,True,15,14,1,10,0.0,0.0,0.0,0.0,0.0,0.0,0.0,0.0,0.0,0.0,0.0,0.0,0.0,0.0,0.0,0.0,0.0,0.0,0.0,0.0,0.0
feature,yt-dlp__yt-dlp-1649,yt-dlp/yt-dlp,Python,hybrid_rrf,11,True,15,14,1,10,0.0,0.0,0.0,0.0,0.0,0.0,0.0,0.0,0.0,0.0,0.0,0.0,0.0,0.0,0.0,0.0,0.0,0.0,0.0,0.0,0.0
feature,yt-dlp__yt-dlp-1649,yt-dlp/yt-dlp,Python,minilm256_pool100,11,True,15,14,1,10,0.0,0.0,0.0,0.0,0.0,0.0,0.0,0.0,0.0,0.0,0.0,0.0,0.0,0.0,0.0,0.0,0.0,0.0,0.0,0.0,0.0
feature,yt-dlp__yt-dlp-1649,yt-dlp/yt-dlp,Python,coderank256_pool100,11,True,15,14,1,10,0.0,0.0,0.0,0.0,0.0,0.0,0.0,0.0,0.0,0.0,0.0,0.0,0.0,0.0,0.0,0.0,0.0,0.0,0.0,0.0,0.0
feature,yt-dlp__yt-dlp-1649,yt-dlp/yt-dlp,Python,coderank2048_pool100,11,True,15,14,1,10,0.0,0.0,0.0,0.0,0.0,0.06666666666666667,0.3333333333333333,0.3333333333333333,0.0,1.0,0.06666666666666667,0.2,0.2,0.0,1.0,0.06666666666666667,0.1,0.1,0.0,1.0,0.3333333333333333
feature,yt-dlp__yt-dlp-1649,yt-dlp/yt-dlp,Python,qwen3-coder:30b/paths,11,True,15,14,1,10,0.06666666666666667,1.0,1.0,0.07142857142857142,0.0,0.2,1.0,1.0,0.21428571428571427,0.0,0.26666666666666666,0.8,0.8,0.2857142857142857,0.0,0.4,0.6,0.6,0.42857142857142855,0.0,1.0
feature,yt-dlp__yt-dlp-1649,yt-dlp/yt-dlp,Python,qwen3-coder:30b/content,11,True,15,14,1,10,0.06666666666666667,1.0,1.0,0.07142857142857142,0.0,0.2,1.0,1.0,0.21428571428571427,0.0,0.26666666666666666,0.8,0.8,0.2857142857142857,0.0,0.26666666666666666,0.4,0.4,0.2857142857142857,0.0,1.0
feature,yt-dlp__yt-dlp-1649,yt-dlp/yt-dlp,Python,devstral-small-2:24b/paths,11,True,15,14,1,5,0.06666666666666667,1.0,1.0,0.07142857142857142,0.0,0.2,1.0,1.0,0.21428571428571427,0.0,0.26666666666666666,0.8,0.8,0.2857142857142857,0.0,0.26666666666666666,0.4,0.8,0.2857142857142857,0.0,1.0
feature,yt-dlp__yt-dlp-1649,yt-dlp/yt-dlp,Python,devstral-small-2:24b/content,11,True,15,14,1,3,0.06666666666666667,1.0,1.0,0.07142857142857142,0.0,0.2,1.0,1.0,0.21428571428571427,0.0,0.2,0.6,1.0,0.21428571428571427,0.0,0.2,0.3,1.0,0.21428571428571427,0.0,1.0
feature,yt-dlp__yt-dlp-1649,yt-dlp/yt-dlp,Python,navigation/restricted40,11,True,15,14,1,10,0.06666666666666667,1.0,1.0,0.07142857142857142,0.0,0.2,1.0,1.0,0.21428571428571427,0.0,0.2,0.6,0.6,0.21428571428571427,0.0,0.4,0.6,0.6,0.42857142857142855,0.0,1.0
feature,yt-dlp__yt-dlp-1649,yt-dlp/yt-dlp,Python,navigation/repository,11,True,15,14,1,5,0.06666666666666667,1.0,1.0,0.07142857142857142,0.0,0.13333333333333333,0.6666666666666666,0.6666666666666666,0.14285714285714285,0.0,0.13333333333333333,0.4,0.4,0.14285714285714285,0.0,0.13333333333333333,0.2,0.4,0.14285714285714285,0.0,1.0
feature,yt-dlp__yt-dlp-3435,yt-dlp/yt-dlp,Python,path_bm25,11,True,6,5,1,10,0.0,0.0,0.0,0.0,0.0,0.0,0.0,0.0,0.0,0.0,0.0,0.0,0.0,0.0,0.0,0.16666666666666666,0.1,0.1,0.2,0.0,0.125
feature,yt-dlp__yt-dlp-3435,yt-dlp/yt-dlp,Python,content_bm25,11,True,6,5,1,10,0.0,0.0,0.0,0.0,0.0,0.0,0.0,0.0,0.0,0.0,0.0,0.0,0.0,0.0,0.0,0.0,0.0,0.0,0.0,0.0,0.0
feature,yt-dlp__yt-dlp-3435,yt-dlp/yt-dlp,Python,dense_minilm,11,True,6,5,1,10,0.0,0.0,0.0,0.0,0.0,0.0,0.0,0.0,0.0,0.0,0.0,0.0,0.0,0.0,0.0,0.0,0.0,0.0,0.0,0.0,0.0
feature,yt-dlp__yt-dlp-3435,yt-dlp/yt-dlp,Python,hybrid_rrf,11,True,6,5,1,10,0.0,0.0,0.0,0.0,0.0,0.0,0.0,0.0,0.0,0.0,0.0,0.0,0.0,0.0,0.0,0.0,0.0,0.0,0.0,0.0,0.0
feature,yt-dlp__yt-dlp-3435,yt-dlp/yt-dlp,Python,minilm256_pool100,11,True,6,5,1,10,0.0,0.0,0.0,0.0,0.0,0.0,0.0,0.0,0.0,0.0,0.0,0.0,0.0,0.0,0.0,0.0,0.0,0.0,0.0,0.0,0.0
feature,yt-dlp__yt-dlp-3435,yt-dlp/yt-dlp,Python,coderank256_pool100,11,True,6,5,1,10,0.0,0.0,0.0,0.0,0.0,0.0,0.0,0.0,0.0,0.0,0.0,0.0,0.0,0.0,0.0,0.0,0.0,0.0,0.0,0.0,0.0
feature,yt-dlp__yt-dlp-3435,yt-dlp/yt-dlp,Python,coderank2048_pool100,11,True,6,5,1,10,0.0,0.0,0.0,0.0,0.0,0.0,0.0,0.0,0.0,0.0,0.0,0.0,0.0,0.0,0.0,0.0,0.0,0.0,0.0,0.0,0.0
feature,yt-dlp__yt-dlp-3435,yt-dlp/yt-dlp,Python,qwen3-coder:30b/paths,11,True,6,5,1,10,0.0,0.0,0.0,0.0,0.0,0.16666666666666666,0.3333333333333333,0.3333333333333333,0.2,0.0,0.16666666666666666,0.2,0.2,0.2,0.0,0.16666666666666666,0.1,0.1,0.2,0.0,0.3333333333333333
feature,yt-dlp__yt-dlp-3435,yt-dlp/yt-dlp,Python,qwen3-coder:30b/content,11,True,6,5,1,10,0.0,0.0,0.0,0.0,0.0,0.0,0.0,0.0,0.0,0.0,0.0,0.0,0.0,0.0,0.0,0.0,0.0,0.0,0.0,0.0,0.0
feature,yt-dlp__yt-dlp-3435,yt-dlp/yt-dlp,Python,devstral-small-2:24b/paths,11,True,6,5,1,4,0.0,0.0,0.0,0.0,0.0,0.16666666666666666,0.3333333333333333,0.3333333333333333,0.2,0.0,0.16666666666666666,0.2,0.25,0.2,0.0,0.16666666666666666,0.1,0.25,0.2,0.0,0.3333333333333333
feature,yt-dlp__yt-dlp-3435,yt-dlp/yt-dlp,Python,devstral-small-2:24b/content,11,True,6,5,1,4,0.0,0.0,0.0,0.0,0.0,0.0,0.0,0.0,0.0,0.0,0.0,0.0,0.0,0.0,0.0,0.0,0.0,0.0,0.0,0.0,0.0
feature,yt-dlp__yt-dlp-3435,yt-dlp/yt-dlp,Python,navigation/restricted40,11,True,6,5,1,10,0.0,0.0,0.0,0.0,0.0,0.16666666666666666,0.3333333333333333,0.3333333333333333,0.2,0.0,0.16666666666666666,0.2,0.2,0.2,0.0,0.16666666666666666,0.1,0.1,0.2,0.0,0.3333333333333333
feature,yt-dlp__yt-dlp-3435,yt-dlp/yt-dlp,Python,navigation/restricted40,29,True,6,5,1,10,0.0,0.0,0.0,0.0,0.0,0.16666666666666666,0.3333333333333333,0.3333333333333333,0.2,0.0,0.16666666666666666,0.2,0.2,0.2,0.0,0.16666666666666666,0.1,0.1,0.2,0.0,0.3333333333333333
feature,yt-dlp__yt-dlp-3435,yt-dlp/yt-dlp,Python,navigation/restricted40,47,True,6,5,1,10,0.0,0.0,0.0,0.0,0.0,0.16666666666666666,0.3333333333333333,0.3333333333333333,0.2,0.0,0.16666666666666666,0.2,0.2,0.2,0.0,0.16666666666666666,0.1,0.1,0.2,0.0,0.3333333333333333
feature,yt-dlp__yt-dlp-3435,yt-dlp/yt-dlp,Python,navigation/repository,11,True,6,5,1,10,0.16666666666666666,1.0,1.0,0.2,0.0,0.16666666666666666,0.3333333333333333,0.3333333333333333,0.2,0.0,0.3333333333333333,0.4,0.4,0.4,0.0,0.3333333333333333,0.2,0.2,0.4,0.0,1.0
feature,yt-dlp__yt-dlp-3435,yt-dlp/yt-dlp,Python,navigation/repository,29,True,6,5,1,10,0.16666666666666666,1.0,1.0,0.2,0.0,0.16666666666666666,0.3333333333333333,0.3333333333333333,0.2,0.0,0.3333333333333333,0.4,0.4,0.4,0.0,0.3333333333333333,0.2,0.2,0.4,0.0,1.0
feature,yt-dlp__yt-dlp-3435,yt-dlp/yt-dlp,Python,navigation/repository,47,True,6,5,1,10,0.16666666666666666,1.0,1.0,0.2,0.0,0.16666666666666666,0.3333333333333333,0.3333333333333333,0.2,0.0,0.16666666666666666,0.2,0.2,0.2,0.0,0.16666666666666666,0.1,0.1,0.2,0.0,1.0
feature,yt-dlp__yt-dlp-4524,yt-dlp/yt-dlp,Python,path_bm25,11,True,4,3,1,10,0.0,0.0,0.0,0.0,0.0,0.0,0.0,0.0,0.0,0.0,0.0,0.0,0.0,0.0,0.0,0.0,0.0,0.0,0.0,0.0,0.0
feature,yt-dlp__yt-dlp-4524,yt-dlp/yt-dlp,Python,content_bm25,11,True,4,3,1,10,0.0,0.0,0.0,0.0,0.0,0.0,0.0,0.0,0.0,0.0,0.0,0.0,0.0,0.0,0.0,0.0,0.0,0.0,0.0,0.0,0.0
feature,yt-dlp__yt-dlp-4524,yt-dlp/yt-dlp,Python,dense_minilm,11,True,4,3,1,10,0.0,0.0,0.0,0.0,0.0,0.0,0.0,0.0,0.0,0.0,0.0,0.0,0.0,0.0,0.0,0.0,0.0,0.0,0.0,0.0,0.0
feature,yt-dlp__yt-dlp-4524,yt-dlp/yt-dlp,Python,hybrid_rrf,11,True,4,3,1,10,0.0,0.0,0.0,0.0,0.0,0.0,0.0,0.0,0.0,0.0,0.0,0.0,0.0,0.0,0.0,0.0,0.0,0.0,0.0,0.0,0.0
feature,yt-dlp__yt-dlp-4524,yt-dlp/yt-dlp,Python,minilm256_pool100,11,True,4,3,1,10,0.0,0.0,0.0,0.0,0.0,0.0,0.0,0.0,0.0,0.0,0.0,0.0,0.0,0.0,0.0,0.0,0.0,0.0,0.0,0.0,0.0
feature,yt-dlp__yt-dlp-4524,yt-dlp/yt-dlp,Python,coderank256_pool100,11,True,4,3,1,10,0.0,0.0,0.0,0.0,0.0,0.0,0.0,0.0,0.0,0.0,0.0,0.0,0.0,0.0,0.0,0.0,0.0,0.0,0.0,0.0,0.0
feature,yt-dlp__yt-dlp-4524,yt-dlp/yt-dlp,Python,coderank2048_pool100,11,True,4,3,1,10,0.0,0.0,0.0,0.0,0.0,0.0,0.0,0.0,0.0,0.0,0.0,0.0,0.0,0.0,0.0,0.0,0.0,0.0,0.0,0.0,0.0
feature,yt-dlp__yt-dlp-4524,yt-dlp/yt-dlp,Python,qwen3-coder:30b/paths,11,True,4,3,1,10,0.25,1.0,1.0,0.3333333333333333,0.0,0.25,0.3333333333333333,0.3333333333333333,0.3333333333333333,0.0,0.25,0.2,0.2,0.3333333333333333,0.0,0.25,0.1,0.1,0.3333333333333333,0.0,1.0
feature,yt-dlp__yt-dlp-4524,yt-dlp/yt-dlp,Python,qwen3-coder:30b/content,11,True,4,3,1,10,0.0,0.0,0.0,0.0,0.0,0.25,0.3333333333333333,0.3333333333333333,0.3333333333333333,0.0,0.25,0.2,0.2,0.3333333333333333,0.0,0.25,0.1,0.1,0.3333333333333333,0.0,0.5
feature,yt-dlp__yt-dlp-4524,yt-dlp/yt-dlp,Python,devstral-small-2:24b/paths,11,True,4,3,1,5,0.0,0.0,0.0,0.0,0.0,0.25,0.3333333333333333,0.3333333333333333,0.3333333333333333,0.0,0.25,0.2,0.2,0.3333333333333333,0.0,0.25,0.1,0.2,0.3333333333333333,0.0,0.3333333333333333
feature,yt-dlp__yt-dlp-4524,yt-dlp/yt-dlp,Python,devstral-small-2:24b/content,11,True,4,3,1,4,0.0,0.0,0.0,0.0,0.0,0.25,0.3333333333333333,0.3333333333333333,0.3333333333333333,0.0,0.25,0.2,0.25,0.3333333333333333,0.0,0.25,0.1,0.25,0.3333333333333333,0.0,0.3333333333333333
feature,yt-dlp__yt-dlp-4524,yt-dlp/yt-dlp,Python,navigation/restricted40,11,True,4,3,1,10,0.0,0.0,0.0,0.0,0.0,0.0,0.0,0.0,0.0,0.0,0.0,0.0,0.0,0.0,0.0,0.0,0.0,0.0,0.0,0.0,0.0
feature,yt-dlp__yt-dlp-4524,yt-dlp/yt-dlp,Python,navigation/repository,11,True,4,3,1,3,0.25,1.0,1.0,0.3333333333333333,0.0,0.5,0.6666666666666666,0.6666666666666666,0.6666666666666666,0.0,0.5,0.4,0.6666666666666666,0.6666666666666666,0.0,0.5,0.2,0.6666666666666666,0.6666666666666666,0.0,1.0
feature,yt-dlp__yt-dlp-8917,yt-dlp/yt-dlp,Python,path_bm25,11,True,7,5,2,10,0.0,0.0,0.0,0.0,0.0,0.0,0.0,0.0,0.0,0.0,0.0,0.0,0.0,0.0,0.0,0.0,0.0,0.0,0.0,0.0,0.0
feature,yt-dlp__yt-dlp-8917,yt-dlp/yt-dlp,Python,content_bm25,11,True,7,5,2,10,0.0,0.0,0.0,0.0,0.0,0.14285714285714285,0.3333333333333333,0.3333333333333333,0.2,0.0,0.14285714285714285,0.2,0.2,0.2,0.0,0.42857142857142855,0.3,0.3,0.6,0.0,0.3333333333333333
feature,yt-dlp__yt-dlp-8917,yt-dlp/yt-dlp,Python,dense_minilm,11,True,7,5,2,10,0.0,0.0,0.0,0.0,0.0,0.0,0.0,0.0,0.0,0.0,0.0,0.0,0.0,0.0,0.0,0.0,0.0,0.0,0.0,0.0,0.0
feature,yt-dlp__yt-dlp-8917,yt-dlp/yt-dlp,Python,hybrid_rrf,11,True,7,5,2,10,0.0,0.0,0.0,0.0,0.0,0.0,0.0,0.0,0.0,0.0,0.0,0.0,0.0,0.0,0.0,0.0,0.0,0.0,0.0,0.0,0.0
feature,yt-dlp__yt-dlp-8917,yt-dlp/yt-dlp,Python,minilm256_pool100,11,True,7,5,2,10,0.0,0.0,0.0,0.0,0.0,0.0,0.0,0.0,0.0,0.0,0.0,0.0,0.0,0.0,0.0,0.0,0.0,0.0,0.0,0.0,0.0
feature,yt-dlp__yt-dlp-8917,yt-dlp/yt-dlp,Python,coderank256_pool100,11,True,7,5,2,10,0.14285714285714285,1.0,1.0,0.0,0.5,0.2857142857142857,0.6666666666666666,0.6666666666666666,0.2,0.5,0.2857142857142857,0.4,0.4,0.2,0.5,0.2857142857142857,0.2,0.2,0.2,0.5,1.0
feature,yt-dlp__yt-dlp-8917,yt-dlp/yt-dlp,Python,coderank2048_pool100,11,True,7,5,2,10,0.0,0.0,0.0,0.0,0.0,0.0,0.0,0.0,0.0,0.0,0.0,0.0,0.0,0.0,0.0,0.14285714285714285,0.1,0.1,0.0,0.5,0.1111111111111111
feature,yt-dlp__yt-dlp-8917,yt-dlp/yt-dlp,Python,qwen3-coder:30b/paths,11,True,7,5,2,10,0.0,0.0,0.0,0.0,0.0,0.2857142857142857,0.6666666666666666,0.6666666666666666,0.4,0.0,0.2857142857142857,0.4,0.4,0.4,0.0,0.42857142857142855,0.3,0.3,0.6,0.0,0.5
feature,yt-dlp__yt-dlp-8917,yt-dlp/yt-dlp,Python,qwen3-coder:30b/content,11,True,7,5,2,10,0.14285714285714285,1.0,1.0,0.2,0.0,0.2857142857142857,0.6666666666666666,0.6666666666666666,0.4,0.0,0.2857142857142857,0.4,0.4,0.4,0.0,0.42857142857142855,0.3,0.3,0.6,0.0,1.0
feature,yt-dlp__yt-dlp-8917,yt-dlp/yt-dlp,Python,devstral-small-2:24b/paths,11,True,7,5,2,5,0.14285714285714285,1.0,1.0,0.2,0.0,0.42857142857142855,1.0,1.0,0.6,0.0,0.42857142857142855,0.6,0.6,0.6,0.0,0.42857142857142855,0.3,0.6,0.6,0.0,1.0
feature,yt-dlp__yt-dlp-8917,yt-dlp/yt-dlp,Python,devstral-small-2:24b/content,11,True,7,5,2,3,0.14285714285714285,1.0,1.0,0.2,0.0,0.2857142857142857,0.6666666666666666,0.6666666666666666,0.4,0.0,0.2857142857142857,0.4,0.6666666666666666,0.4,0.0,0.2857142857142857,0.2,0.6666666666666666,0.4,0.0,1.0
feature,yt-dlp__yt-dlp-8917,yt-dlp/yt-dlp,Python,navigation/restricted40,11,True,7,5,2,10,0.14285714285714285,1.0,1.0,0.2,0.0,0.2857142857142857,0.6666666666666666,0.6666666666666666,0.4,0.0,0.42857142857142855,0.6,0.6,0.6,0.0,0.5714285714285714,0.4,0.4,0.8,0.0,1.0
feature,yt-dlp__yt-dlp-8917,yt-dlp/yt-dlp,Python,navigation/restricted40,29,True,7,5,2,10,0.14285714285714285,1.0,1.0,0.2,0.0,0.2857142857142857,0.6666666666666666,0.6666666666666666,0.4,0.0,0.42857142857142855,0.6,0.6,0.6,0.0,0.5714285714285714,0.4,0.4,0.8,0.0,1.0
feature,yt-dlp__yt-dlp-8917,yt-dlp/yt-dlp,Python,navigation/restricted40,47,True,7,5,2,10,0.14285714285714285,1.0,1.0,0.2,0.0,0.2857142857142857,0.6666666666666666,0.6666666666666666,0.4,0.0,0.42857142857142855,0.6,0.6,0.6,0.0,0.5714285714285714,0.4,0.4,0.8,0.0,1.0
feature,yt-dlp__yt-dlp-8917,yt-dlp/yt-dlp,Python,navigation/repository,11,True,7,5,2,10,0.0,0.0,0.0,0.0,0.0,0.14285714285714285,0.3333333333333333,0.3333333333333333,0.2,0.0,0.2857142857142857,0.4,0.4,0.4,0.0,0.2857142857142857,0.2,0.2,0.4,0.0,0.5
feature,yt-dlp__yt-dlp-8917,yt-dlp/yt-dlp,Python,navigation/repository,29,True,7,5,2,10,0.0,0.0,0.0,0.0,0.0,0.14285714285714285,0.3333333333333333,0.3333333333333333,0.2,0.0,0.2857142857142857,0.4,0.4,0.4,0.0,0.2857142857142857,0.2,0.2,0.4,0.0,0.5
feature,yt-dlp__yt-dlp-8917,yt-dlp/yt-dlp,Python,navigation/repository,47,True,7,5,2,10,0.0,0.0,0.0,0.0,0.0,0.14285714285714285,0.3333333333333333,0.3333333333333333,0.2,0.0,0.14285714285714285,0.2,0.2,0.2,0.0,0.2857142857142857,0.2,0.2,0.4,0.0,0.5
feature,keras-team__keras-3907,keras-team/keras,Python,path_bm25,11,True,3,2,1,10,0.0,0.0,0.0,0.0,0.0,0.0,0.0,0.0,0.0,0.0,0.0,0.0,0.0,0.0,0.0,0.0,0.0,0.0,0.0,0.0,0.0
feature,keras-team__keras-3907,keras-team/keras,Python,content_bm25,11,True,3,2,1,10,0.0,0.0,0.0,0.0,0.0,0.0,0.0,0.0,0.0,0.0,0.3333333333333333,0.2,0.2,0.5,0.0,0.3333333333333333,0.1,0.1,0.5,0.0,0.2
feature,keras-team__keras-3907,keras-team/keras,Python,dense_minilm,11,True,3,2,1,10,0.0,0.0,0.0,0.0,0.0,0.0,0.0,0.0,0.0,0.0,0.3333333333333333,0.2,0.2,0.5,0.0,0.3333333333333333,0.1,0.1,0.5,0.0,0.25
feature,keras-team__keras-3907,keras-team/keras,Python,hybrid_rrf,11,True,3,2,1,10,0.0,0.0,0.0,0.0,0.0,0.3333333333333333,0.3333333333333333,0.3333333333333333,0.5,0.0,0.3333333333333333,0.2,0.2,0.5,0.0,0.3333333333333333,0.1,0.1,0.5,0.0,0.5
feature,keras-team__keras-3907,keras-team/keras,Python,minilm256_pool100,11,True,3,2,1,10,0.0,0.0,0.0,0.0,0.0,0.0,0.0,0.0,0.0,0.0,0.3333333333333333,0.2,0.2,0.5,0.0,0.3333333333333333,0.1,0.1,0.5,0.0,0.25
feature,keras-team__keras-3907,keras-team/keras,Python,coderank256_pool100,11,True,3,2,1,10,0.0,0.0,0.0,0.0,0.0,0.0,0.0,0.0,0.0,0.0,0.0,0.0,0.0,0.0,0.0,0.0,0.0,0.0,0.0,0.0,0.0
feature,keras-team__keras-3907,keras-team/keras,Python,coderank2048_pool100,11,True,3,2,1,10,0.0,0.0,0.0,0.0,0.0,0.0,0.0,0.0,0.0,0.0,0.0,0.0,0.0,0.0,0.0,0.0,0.0,0.0,0.0,0.0,0.0
feature,keras-team__keras-3907,keras-team/keras,Python,qwen3-coder:30b/paths,11,True,3,2,1,10,0.0,0.0,0.0,0.0,0.0,0.3333333333333333,0.3333333333333333,0.3333333333333333,0.0,1.0,0.3333333333333333,0.2,0.2,0.0,1.0,0.6666666666666666,0.2,0.2,0.5,1.0,0.3333333333333333
feature,keras-team__keras-3907,keras-team/keras,Python,qwen3-coder:30b/content,11,True,3,2,1,10,0.0,0.0,0.0,0.0,0.0,0.0,0.0,0.0,0.0,0.0,0.3333333333333333,0.2,0.2,0.0,1.0,0.6666666666666666,0.2,0.2,0.5,1.0,0.25
feature,keras-team__keras-3907,keras-team/keras,Python,devstral-small-2:24b/paths,11,True,3,2,1,5,0.0,0.0,0.0,0.0,0.0,0.3333333333333333,0.3333333333333333,0.3333333333333333,0.5,0.0,0.6666666666666666,0.4,0.4,0.5,1.0,0.6666666666666666,0.2,0.4,0.5,1.0,0.5
feature,keras-team__keras-3907,keras-team/keras,Python,devstral-small-2:24b/content,11,True,3,2,1,5,0.0,0.0,0.0,0.0,0.0,0.3333333333333333,0.3333333333333333,0.3333333333333333,0.5,0.0,0.6666666666666666,0.4,0.4,0.5,1.0,0.6666666666666666,0.2,0.4,0.5,1.0,0.3333333333333333
feature,keras-team__keras-3907,keras-team/keras,Python,navigation/restricted40,11,True,3,2,1,10,0.0,0.0,0.0,0.0,0.0,0.3333333333333333,0.3333333333333333,0.3333333333333333,0.5,0.0,0.3333333333333333,0.2,0.2,0.5,0.0,0.6666666666666666,0.2,0.2,0.5,1.0,0.3333333333333333
feature,keras-team__keras-3907,keras-team/keras,Python,navigation/restricted40,29,True,3,2,1,10,0.0,0.0,0.0,0.0,0.0,0.3333333333333333,0.3333333333333333,0.3333333333333333,0.5,0.0,0.3333333333333333,0.2,0.2,0.5,0.0,0.6666666666666666,0.2,0.2,0.5,1.0,0.3333333333333333
feature,keras-team__keras-3907,keras-team/keras,Python,navigation/restricted40,47,False,3,2,1,0,0.0,0.0,0.0,0.0,0.0,0.0,0.0,0.0,0.0,0.0,0.0,0.0,0.0,0.0,0.0,0.0,0.0,0.0,0.0,0.0,0.0
feature,keras-team__keras-3907,keras-team/keras,Python,navigation/repository,11,False,3,2,1,0,0.0,0.0,0.0,0.0,0.0,0.0,0.0,0.0,0.0,0.0,0.0,0.0,0.0,0.0,0.0,0.0,0.0,0.0,0.0,0.0,0.0
feature,keras-team__keras-3907,keras-team/keras,Python,navigation/repository,29,False,3,2,1,0,0.0,0.0,0.0,0.0,0.0,0.0,0.0,0.0,0.0,0.0,0.0,0.0,0.0,0.0,0.0,0.0,0.0,0.0,0.0,0.0,0.0
feature,keras-team__keras-3907,keras-team/keras,Python,navigation/repository,47,True,3,2,1,10,0.0,0.0,0.0,0.0,0.0,0.3333333333333333,0.3333333333333333,0.3333333333333333,0.5,0.0,0.3333333333333333,0.2,0.2,0.5,0.0,0.3333333333333333,0.1,0.1,0.5,0.0,0.5
feature,keras-team__keras-3983,keras-team/keras,Python,path_bm25,11,True,2,1,1,10,0.5,1.0,1.0,1.0,0.0,0.5,0.3333333333333333,0.3333333333333333,1.0,0.0,0.5,0.2,0.2,1.0,0.0,0.5,0.1,0.1,1.0,0.0,1.0
feature,keras-team__keras-3983,keras-team/keras,Python,content_bm25,11,True,2,1,1,10,0.0,0.0,0.0,0.0,0.0,0.0,0.0,0.0,0.0,0.0,0.0,0.0,0.0,0.0,0.0,0.5,0.1,0.1,1.0,0.0,0.14285714285714285
feature,keras-team__keras-3983,keras-team/keras,Python,dense_minilm,11,True,2,1,1,10,0.0,0.0,0.0,0.0,0.0,0.5,0.3333333333333333,0.3333333333333333,1.0,0.0,0.5,0.2,0.2,1.0,0.0,0.5,0.1,0.1,1.0,0.0,0.5
feature,keras-team__keras-3983,keras-team/keras,Python,hybrid_rrf,11,True,2,1,1,10,0.5,1.0,1.0,1.0,0.0,0.5,0.3333333333333333,0.3333333333333333,1.0,0.0,0.5,0.2,0.2,1.0,0.0,0.5,0.1,0.1,1.0,0.0,1.0
feature,keras-team__keras-3983,keras-team/keras,Python,minilm256_pool100,11,True,2,1,1,10,0.0,0.0,0.0,0.0,0.0,0.5,0.3333333333333333,0.3333333333333333,1.0,0.0,0.5,0.2,0.2,1.0,0.0,0.5,0.1,0.1,1.0,0.0,0.5
feature,keras-team__keras-3983,keras-team/keras,Python,coderank256_pool100,11,True,2,1,1,10,0.5,1.0,1.0,1.0,0.0,0.5,0.3333333333333333,0.3333333333333333,1.0,0.0,0.5,0.2,0.2,1.0,0.0,0.5,0.1,0.1,1.0,0.0,1.0
feature,keras-team__keras-3983,keras-team/keras,Python,coderank2048_pool100,11,True,2,1,1,10,0.5,1.0,1.0,1.0,0.0,0.5,0.3333333333333333,0.3333333333333333,1.0,0.0,0.5,0.2,0.2,1.0,0.0,0.5,0.1,0.1,1.0,0.0,1.0
feature,keras-team__keras-3983,keras-team/keras,Python,qwen3-coder:30b/paths,11,True,2,1,1,10,0.5,1.0,1.0,1.0,0.0,1.0,0.6666666666666666,0.6666666666666666,1.0,1.0,1.0,0.4,0.4,1.0,1.0,1.0,0.2,0.2,1.0,1.0,1.0
feature,keras-team__keras-3983,keras-team/keras,Python,qwen3-coder:30b/content,11,True,2,1,1,10,0.5,1.0,1.0,1.0,0.0,1.0,0.6666666666666666,0.6666666666666666,1.0,1.0,1.0,0.4,0.4,1.0,1.0,1.0,0.2,0.2,1.0,1.0,1.0
feature,keras-team__keras-3983,keras-team/keras,Python,devstral-small-2:24b/paths,11,True,2,1,1,6,0.5,1.0,1.0,1.0,0.0,1.0,0.6666666666666666,0.6666666666666666,1.0,1.0,1.0,0.4,0.4,1.0,1.0,1.0,0.2,0.3333333333333333,1.0,1.0,1.0
feature,keras-team__keras-3983,keras-team/keras,Python,devstral-small-2:24b/content,11,True,2,1,1,4,0.5,1.0,1.0,1.0,0.0,1.0,0.6666666666666666,0.6666666666666666,1.0,1.0,1.0,0.4,0.5,1.0,1.0,1.0,0.2,0.5,1.0,1.0,1.0
feature,keras-team__keras-3983,keras-team/keras,Python,navigation/restricted40,11,True,2,1,1,2,0.5,1.0,1.0,1.0,0.0,1.0,0.6666666666666666,1.0,1.0,1.0,1.0,0.4,1.0,1.0,1.0,1.0,0.2,1.0,1.0,1.0,1.0
feature,keras-team__keras-3983,keras-team/keras,Python,navigation/restricted40,29,True,2,1,1,2,0.5,1.0,1.0,1.0,0.0,1.0,0.6666666666666666,1.0,1.0,1.0,1.0,0.4,1.0,1.0,1.0,1.0,0.2,1.0,1.0,1.0,1.0
feature,keras-team__keras-3983,keras-team/keras,Python,navigation/restricted40,47,True,2,1,1,2,0.5,1.0,1.0,1.0,0.0,1.0,0.6666666666666666,1.0,1.0,1.0,1.0,0.4,1.0,1.0,1.0,1.0,0.2,1.0,1.0,1.0,1.0
feature,keras-team__keras-3983,keras-team/keras,Python,navigation/repository,11,True,2,1,1,2,0.5,1.0,1.0,1.0,0.0,1.0,0.6666666666666666,1.0,1.0,1.0,1.0,0.4,1.0,1.0,1.0,1.0,0.2,1.0,1.0,1.0,1.0
feature,keras-team__keras-3983,keras-team/keras,Python,navigation/repository,29,True,2,1,1,2,0.5,1.0,1.0,1.0,0.0,1.0,0.6666666666666666,1.0,1.0,1.0,1.0,0.4,1.0,1.0,1.0,1.0,0.2,1.0,1.0,1.0,1.0
feature,keras-team__keras-3983,keras-team/keras,Python,navigation/repository,47,True,2,1,1,2,0.5,1.0,1.0,1.0,0.0,1.0,0.6666666666666666,1.0,1.0,1.0,1.0,0.4,1.0,1.0,1.0,1.0,0.2,1.0,1.0,1.0,1.0
feature,keras-team__keras-18649,keras-team/keras,Python,path_bm25,11,True,6,5,1,10,0.0,0.0,0.0,0.0,0.0,0.16666666666666666,0.3333333333333333,0.3333333333333333,0.2,0.0,0.3333333333333333,0.4,0.4,0.4,0.0,0.5,0.3,0.3,0.4,1.0,0.3333333333333333
feature,keras-team__keras-18649,keras-team/keras,Python,content_bm25,11,True,6,5,1,10,0.0,0.0,0.0,0.0,0.0,0.0,0.0,0.0,0.0,0.0,0.0,0.0,0.0,0.0,0.0,0.0,0.0,0.0,0.0,0.0,0.0
feature,keras-team__keras-18649,keras-team/keras,Python,dense_minilm,11,True,6,5,1,10,0.0,0.0,0.0,0.0,0.0,0.0,0.0,0.0,0.0,0.0,0.0,0.0,0.0,0.0,0.0,0.0,0.0,0.0,0.0,0.0,0.0
feature,keras-team__keras-18649,keras-team/keras,Python,hybrid_rrf,11,True,6,5,1,10,0.0,0.0,0.0,0.0,0.0,0.16666666666666666,0.3333333333333333,0.3333333333333333,0.2,0.0,0.16666666666666666,0.2,0.2,0.2,0.0,0.16666666666666666,0.1,0.1,0.2,0.0,0.5
feature,keras-team__keras-18649,keras-team/keras,Python,minilm256_pool100,11,True,6,5,1,10,0.0,0.0,0.0,0.0,0.0,0.0,0.0,0.0,0.0,0.0,0.0,0.0,0.0,0.0,0.0,0.0,0.0,0.0,0.0,0.0,0.0
feature,keras-team__keras-18649,keras-team/keras,Python,coderank256_pool100,11,True,6,5,1,10,0.16666666666666666,1.0,1.0,0.2,0.0,0.3333333333333333,0.6666666666666666,0.6666666666666666,0.4,0.0,0.3333333333333333,0.4,0.4,0.4,0.0,0.3333333333333333,0.2,0.2,0.4,0.0,1.0
feature,keras-team__keras-18649,keras-team/keras,Python,coderank2048_pool100,11,True,6,5,1,10,0.0,0.0,0.0,0.0,0.0,0.0,0.0,0.0,0.0,0.0,0.0,0.0,0.0,0.0,0.0,0.16666666666666666,0.1,0.1,0.2,0.0,0.16666666666666666
feature,keras-team__keras-18649,keras-team/keras,Python,qwen3-coder:30b/paths,11,True,6,5,1,10,0.0,0.0,0.0,0.0,0.0,0.16666666666666666,0.3333333333333333,0.3333333333333333,0.2,0.0,0.16666666666666666,0.2,0.2,0.2,0.0,0.3333333333333333,0.2,0.2,0.4,0.0,0.3333333333333333
feature,keras-team__keras-18649,keras-team/keras,Python,qwen3-coder:30b/content,11,True,6,5,1,10,0.0,0.0,0.0,0.0,0.0,0.0,0.0,0.0,0.0,0.0,0.16666666666666666,0.2,0.2,0.2,0.0,0.16666666666666666,0.1,0.1,0.2,0.0,0.2
feature,keras-team__keras-18649,keras-team/keras,Python,devstral-small-2:24b/paths,11,True,6,5,1,10,0.0,0.0,0.0,0.0,0.0,0.16666666666666666,0.3333333333333333,0.3333333333333333,0.2,0.0,0.16666666666666666,0.2,0.2,0.2,0.0,0.3333333333333333,0.2,0.2,0.4,0.0,0.5
feature,keras-team__keras-18649,keras-team/keras,Python,devstral-small-2:24b/content,11,True,6,5,1,5,0.0,0.0,0.0,0.0,0.0,0.16666666666666666,0.3333333333333333,0.3333333333333333,0.2,0.0,0.16666666666666666,0.2,0.2,0.2,0.0,0.16666666666666666,0.1,0.2,0.2,0.0,0.3333333333333333
feature,keras-team__keras-18649,keras-team/keras,Python,navigation/restricted40,11,True,6,5,1,10,0.0,0.0,0.0,0.0,0.0,0.0,0.0,0.0,0.0,0.0,0.0,0.0,0.0,0.0,0.0,0.0,0.0,0.0,0.0,0.0,0.0
feature,keras-team__keras-18649,keras-team/keras,Python,navigation/repository,11,True,6,5,1,10,0.0,0.0,0.0,0.0,0.0,0.0,0.0,0.0,0.0,0.0,0.0,0.0,0.0,0.0,0.0,0.0,0.0,0.0,0.0,0.0,0.0
feature,keras-team__keras-18852,keras-team/keras,Python,path_bm25,11,True,7,4,3,10,0.0,0.0,0.0,0.0,0.0,0.0,0.0,0.0,0.0,0.0,0.0,0.0,0.0,0.0,0.0,0.0,0.0,0.0,0.0,0.0,0.0
feature,keras-team__keras-18852,keras-team/keras,Python,content_bm25,11,True,7,4,3,10,0.0,0.0,0.0,0.0,0.0,0.0,0.0,0.0,0.0,0.0,0.14285714285714285,0.2,0.2,0.25,0.0,0.14285714285714285,0.1,0.1,0.25,0.0,0.25
feature,keras-team__keras-18852,keras-team/keras,Python,dense_minilm,11,True,7,4,3,10,0.0,0.0,0.0,0.0,0.0,0.0,0.0,0.0,0.0,0.0,0.0,0.0,0.0,0.0,0.0,0.0,0.0,0.0,0.0,0.0,0.0
feature,keras-team__keras-18852,keras-team/keras,Python,hybrid_rrf,11,True,7,4,3,10,0.14285714285714285,1.0,1.0,0.25,0.0,0.14285714285714285,0.3333333333333333,0.3333333333333333,0.25,0.0,0.14285714285714285,0.2,0.2,0.25,0.0,0.14285714285714285,0.1,0.1,0.25,0.0,1.0
feature,keras-team__keras-18852,keras-team/keras,Python,minilm256_pool100,11,True,7,4,3,10,0.0,0.0,0.0,0.0,0.0,0.0,0.0,0.0,0.0,0.0,0.0,0.0,0.0,0.0,0.0,0.0,0.0,0.0,0.0,0.0,0.0
feature,keras-team__keras-18852,keras-team/keras,Python,coderank256_pool100,11,True,7,4,3,10,0.0,0.0,0.0,0.0,0.0,0.0,0.0,0.0,0.0,0.0,0.14285714285714285,0.2,0.2,0.25,0.0,0.14285714285714285,0.1,0.1,0.25,0.0,0.25
feature,keras-team__keras-18852,keras-team/keras,Python,coderank2048_pool100,11,True,7,4,3,10,0.0,0.0,0.0,0.0,0.0,0.14285714285714285,0.3333333333333333,0.3333333333333333,0.25,0.0,0.14285714285714285,0.2,0.2,0.25,0.0,0.14285714285714285,0.1,0.1,0.25,0.0,0.5
feature,keras-team__keras-18852,keras-team/keras,Python,qwen3-coder:30b/paths,11,True,7,4,3,10,0.14285714285714285,1.0,1.0,0.25,0.0,0.14285714285714285,0.3333333333333333,0.3333333333333333,0.25,0.0,0.14285714285714285,0.2,0.2,0.25,0.0,0.14285714285714285,0.1,0.1,0.25,0.0,1.0
feature,keras-team__keras-18852,keras-team/keras,Python,qwen3-coder:30b/content,11,True,7,4,3,10,0.0,0.0,0.0,0.0,0.0,0.14285714285714285,0.3333333333333333,0.3333333333333333,0.25,0.0,0.14285714285714285,0.2,0.2,0.25,0.0,0.14285714285714285,0.1,0.1,0.25,0.0,0.5
feature,keras-team__keras-18852,keras-team/keras,Python,devstral-small-2:24b/paths,11,True,7,4,3,10,0.14285714285714285,1.0,1.0,0.25,0.0,0.14285714285714285,0.3333333333333333,0.3333333333333333,0.25,0.0,0.14285714285714285,0.2,0.2,0.25,0.0,0.14285714285714285,0.1,0.1,0.25,0.0,1.0
feature,keras-team__keras-18852,keras-team/keras,Python,devstral-small-2:24b/content,11,True,7,4,3,3,0.14285714285714285,1.0,1.0,0.25,0.0,0.14285714285714285,0.3333333333333333,0.3333333333333333,0.25,0.0,0.14285714285714285,0.2,0.3333333333333333,0.25,0.0,0.14285714285714285,0.1,0.3333333333333333,0.25,0.0,1.0
feature,keras-team__keras-18852,keras-team/keras,Python,navigation/restricted40,11,True,7,4,3,7,0.14285714285714285,1.0,1.0,0.25,0.0,0.14285714285714285,0.3333333333333333,0.3333333333333333,0.25,0.0,0.14285714285714285,0.2,0.2,0.25,0.0,0.14285714285714285,0.1,0.14285714285714285,0.25,0.0,1.0
feature,keras-team__keras-18852,keras-team/keras,Python,navigation/repository,11,True,7,4,3,10,0.14285714285714285,1.0,1.0,0.25,0.0,0.42857142857142855,1.0,1.0,0.75,0.0,0.42857142857142855,0.6,0.6,0.75,0.0,0.42857142857142855,0.3,0.3,0.75,0.0,1.0
feature,keras-team__keras-19903,keras-team/keras,Python,path_bm25,11,True,8,7,1,10,0.0,0.0,0.0,0.0,0.0,0.0,0.0,0.0,0.0,0.0,0.0,0.0,0.0,0.0,0.0,0.0,0.0,0.0,0.0,0.0,0.0
feature,keras-team__keras-19903,keras-team/keras,Python,content_bm25,11,True,8,7,1,10,0.0,0.0,0.0,0.0,0.0,0.0,0.0,0.0,0.0,0.0,0.125,0.2,0.2,0.14285714285714285,0.0,0.125,0.1,0.1,0.14285714285714285,0.0,0.25
feature,keras-team__keras-19903,keras-team/keras,Python,dense_minilm,11,True,8,7,1,10,0.0,0.0,0.0,0.0,0.0,0.0,0.0,0.0,0.0,0.0,0.0,0.0,0.0,0.0,0.0,0.0,0.0,0.0,0.0,0.0,0.0
feature,keras-team__keras-19903,keras-team/keras,Python,hybrid_rrf,11,True,8,7,1,10,0.0,0.0,0.0,0.0,0.0,0.0,0.0,0.0,0.0,0.0,0.125,0.2,0.2,0.14285714285714285,0.0,0.125,0.1,0.1,0.14285714285714285,0.0,0.2
feature,keras-team__keras-19903,keras-team/keras,Python,minilm256_pool100,11,True,8,7,1,10,0.0,0.0,0.0,0.0,0.0,0.0,0.0,0.0,0.0,0.0,0.0,0.0,0.0,0.0,0.0,0.0,0.0,0.0,0.0,0.0,0.0
feature,keras-team__keras-19903,keras-team/keras,Python,coderank256_pool100,11,True,8,7,1,10,0.0,0.0,0.0,0.0,0.0,0.0,0.0,0.0,0.0,0.0,0.0,0.0,0.0,0.0,0.0,0.0,0.0,0.0,0.0,0.0,0.0
feature,keras-team__keras-19903,keras-team/keras,Python,coderank2048_pool100,11,True,8,7,1,10,0.0,0.0,0.0,0.0,0.0,0.0,0.0,0.0,0.0,0.0,0.0,0.0,0.0,0.0,0.0,0.0,0.0,0.0,0.0,0.0,0.0
feature,keras-team__keras-19903,keras-team/keras,Python,qwen3-coder:30b/paths,11,True,8,7,1,10,0.125,1.0,1.0,0.14285714285714285,0.0,0.25,0.6666666666666666,0.6666666666666666,0.2857142857142857,0.0,0.5,0.8,0.8,0.5714285714285714,0.0,0.625,0.5,0.5,0.7142857142857143,0.0,1.0
feature,keras-team__keras-19903,keras-team/keras,Python,qwen3-coder:30b/content,11,True,8,7,1,10,0.0,0.0,0.0,0.0,0.0,0.25,0.6666666666666666,0.6666666666666666,0.2857142857142857,0.0,0.375,0.6,0.6,0.42857142857142855,0.0,0.375,0.3,0.3,0.42857142857142855,0.0,0.5
feature,keras-team__keras-19903,keras-team/keras,Python,devstral-small-2:24b/paths,11,True,8,7,1,10,0.125,1.0,1.0,0.14285714285714285,0.0,0.125,0.3333333333333333,0.3333333333333333,0.14285714285714285,0.0,0.125,0.2,0.2,0.14285714285714285,0.0,0.25,0.2,0.2,0.2857142857142857,0.0,1.0
feature,keras-team__keras-19903,keras-team/keras,Python,devstral-small-2:24b/content,11,True,8,7,1,10,0.0,0.0,0.0,0.0,0.0,0.0,0.0,0.0,0.0,0.0,0.125,0.2,0.2,0.14285714285714285,0.0,0.25,0.2,0.2,0.2857142857142857,0.0,0.25
feature,keras-team__keras-19903,keras-team/keras,Python,navigation/restricted40,11,True,8,7,1,10,0.125,1.0,1.0,0.14285714285714285,0.0,0.375,1.0,1.0,0.42857142857142855,0.0,0.5,0.8,0.8,0.5714285714285714,0.0,0.625,0.5,0.5,0.7142857142857143,0.0,1.0
feature,keras-team__keras-19903,keras-team/keras,Python,navigation/repository,11,True,8,7,1,10,0.125,1.0,1.0,0.14285714285714285,0.0,0.375,1.0,1.0,0.2857142857142857,1.0,0.625,1.0,1.0,0.5714285714285714,1.0,0.75,0.6,0.6,0.7142857142857143,1.0,1.0
external,oemof__tespy-921,oemof/tespy,Python,path_bm25,11,True,6,5,1,10,0.16666666666666666,1.0,1.0,0.2,0.0,0.16666666666666666,0.3333333333333333,0.3333333333333333,0.2,0.0,0.16666666666666666,0.2,0.2,0.2,0.0,0.3333333333333333,0.2,0.2,0.2,1.0,1.0
external,oemof__tespy-921,oemof/tespy,Python,content_bm25,11,True,6,5,1,10,0.0,0.0,0.0,0.0,0.0,0.0,0.0,0.0,0.0,0.0,0.0,0.0,0.0,0.0,0.0,0.16666666666666666,0.1,0.1,0.0,1.0,0.1
external,oemof__tespy-921,oemof/tespy,Python,dense_minilm,11,True,6,5,1,10,0.0,0.0,0.0,0.0,0.0,0.0,0.0,0.0,0.0,0.0,0.0,0.0,0.0,0.0,0.0,0.0,0.0,0.0,0.0,0.0,0.0
external,oemof__tespy-921,oemof/tespy,Python,hybrid_rrf,11,True,6,5,1,10,0.0,0.0,0.0,0.0,0.0,0.0,0.0,0.0,0.0,0.0,0.0,0.0,0.0,0.0,0.0,0.0,0.0,0.0,0.0,0.0,0.0
external,oemof__tespy-921,oemof/tespy,Python,minilm256_pool100,11,True,6,5,1,10,0.0,0.0,0.0,0.0,0.0,0.0,0.0,0.0,0.0,0.0,0.0,0.0,0.0,0.0,0.0,0.0,0.0,0.0,0.0,0.0,0.0
external,oemof__tespy-921,oemof/tespy,Python,coderank256_pool100,11,True,6,5,1,10,0.0,0.0,0.0,0.0,0.0,0.0,0.0,0.0,0.0,0.0,0.0,0.0,0.0,0.0,0.0,0.16666666666666666,0.1,0.1,0.2,0.0,0.16666666666666666
external,oemof__tespy-921,oemof/tespy,Python,coderank2048_pool100,11,True,6,5,1,10,0.0,0.0,0.0,0.0,0.0,0.0,0.0,0.0,0.0,0.0,0.0,0.0,0.0,0.0,0.0,0.0,0.0,0.0,0.0,0.0,0.0
external,oemof__tespy-921,oemof/tespy,Python,qwen3-coder:30b/paths,11,True,6,5,1,10,0.16666666666666666,1.0,1.0,0.2,0.0,0.16666666666666666,0.3333333333333333,0.3333333333333333,0.2,0.0,0.16666666666666666,0.2,0.2,0.2,0.0,0.16666666666666666,0.1,0.1,0.2,0.0,1.0
external,oemof__tespy-921,oemof/tespy,Python,qwen3-coder:30b/content,11,True,6,5,1,10,0.0,0.0,0.0,0.0,0.0,0.16666666666666666,0.3333333333333333,0.3333333333333333,0.2,0.0,0.16666666666666666,0.2,0.2,0.2,0.0,0.16666666666666666,0.1,0.1,0.2,0.0,0.5
external,oemof__tespy-921,oemof/tespy,Python,devstral-small-2:24b/paths,11,True,6,5,1,10,0.16666666666666666,1.0,1.0,0.2,0.0,0.3333333333333333,0.6666666666666666,0.6666666666666666,0.2,1.0,0.3333333333333333,0.4,0.4,0.2,1.0,0.3333333333333333,0.2,0.2,0.2,1.0,1.0
external,oemof__tespy-921,oemof/tespy,Python,devstral-small-2:24b/content,11,True,6,5,1,10,0.16666666666666666,1.0,1.0,0.2,0.0,0.16666666666666666,0.3333333333333333,0.3333333333333333,0.2,0.0,0.16666666666666666,0.2,0.2,0.2,0.0,0.16666666666666666,0.1,0.1,0.2,0.0,1.0
external,oemof__tespy-921,oemof/tespy,Python,navigation/restricted40,11,True,6,5,1,10,0.16666666666666666,1.0,1.0,0.2,0.0,0.16666666666666666,0.3333333333333333,0.3333333333333333,0.2,0.0,0.16666666666666666,0.2,0.2,0.2,0.0,0.3333333333333333,0.2,0.2,0.2,1.0,1.0
external,oemof__tespy-921,oemof/tespy,Python,navigation/repository,11,True,6,5,1,10,0.16666666666666666,1.0,1.0,0.2,0.0,0.16666666666666666,0.3333333333333333,0.3333333333333333,0.2,0.0,0.16666666666666666,0.2,0.2,0.2,0.0,0.16666666666666666,0.1,0.1,0.2,0.0,1.0
external,hkuds__openharness-217,HKUDS/OpenHarness,Python,path_bm25,11,True,1,1,0,10,0.0,0.0,0.0,0.0,,0.0,0.0,0.0,0.0,,1.0,0.2,0.2,1.0,,1.0,0.1,0.1,1.0,,0.25
external,hkuds__openharness-217,HKUDS/OpenHarness,Python,content_bm25,11,True,1,1,0,10,0.0,0.0,0.0,0.0,,1.0,0.3333333333333333,0.3333333333333333,1.0,,1.0,0.2,0.2,1.0,,1.0,0.1,0.1,1.0,,0.3333333333333333
external,hkuds__openharness-217,HKUDS/OpenHarness,Python,dense_minilm,11,True,1,1,0,10,0.0,0.0,0.0,0.0,,1.0,0.3333333333333333,0.3333333333333333,1.0,,1.0,0.2,0.2,1.0,,1.0,0.1,0.1,1.0,,0.5
external,hkuds__openharness-217,HKUDS/OpenHarness,Python,hybrid_rrf,11,True,1,1,0,10,1.0,1.0,1.0,1.0,,1.0,0.3333333333333333,0.3333333333333333,1.0,,1.0,0.2,0.2,1.0,,1.0,0.1,0.1,1.0,,1.0
external,hkuds__openharness-217,HKUDS/OpenHarness,Python,minilm256_pool100,11,True,1,1,0,10,0.0,0.0,0.0,0.0,,1.0,0.3333333333333333,0.3333333333333333,1.0,,1.0,0.2,0.2,1.0,,1.0,0.1,0.1,1.0,,0.5
external,hkuds__openharness-217,HKUDS/OpenHarness,Python,coderank256_pool100,11,True,1,1,0,10,0.0,0.0,0.0,0.0,,0.0,0.0,0.0,0.0,,0.0,0.0,0.0,0.0,,1.0,0.1,0.1,1.0,,0.16666666666666666
external,hkuds__openharness-217,HKUDS/OpenHarness,Python,coderank2048_pool100,11,True,1,1,0,10,0.0,0.0,0.0,0.0,,0.0,0.0,0.0,0.0,,0.0,0.0,0.0,0.0,,0.0,0.0,0.0,0.0,,0.0
external,hkuds__openharness-217,HKUDS/OpenHarness,Python,qwen3-coder:30b/paths,11,True,1,1,0,10,1.0,1.0,1.0,1.0,,1.0,0.3333333333333333,0.3333333333333333,1.0,,1.0,0.2,0.2,1.0,,1.0,0.1,0.1,1.0,,1.0
external,hkuds__openharness-217,HKUDS/OpenHarness,Python,qwen3-coder:30b/content,11,True,1,1,0,10,1.0,1.0,1.0,1.0,,1.0,0.3333333333333333,0.3333333333333333,1.0,,1.0,0.2,0.2,1.0,,1.0,0.1,0.1,1.0,,1.0
external,hkuds__openharness-217,HKUDS/OpenHarness,Python,devstral-small-2:24b/paths,11,True,1,1,0,5,1.0,1.0,1.0,1.0,,1.0,0.3333333333333333,0.3333333333333333,1.0,,1.0,0.2,0.2,1.0,,1.0,0.1,0.2,1.0,,1.0
external,hkuds__openharness-217,HKUDS/OpenHarness,Python,devstral-small-2:24b/content,11,True,1,1,0,4,1.0,1.0,1.0,1.0,,1.0,0.3333333333333333,0.3333333333333333,1.0,,1.0,0.2,0.25,1.0,,1.0,0.1,0.25,1.0,,1.0
external,hkuds__openharness-217,HKUDS/OpenHarness,Python,navigation/restricted40,11,False,1,1,0,0,0.0,0.0,0.0,0.0,,0.0,0.0,0.0,0.0,,0.0,0.0,0.0,0.0,,0.0,0.0,0.0,0.0,,0.0
external,hkuds__openharness-217,HKUDS/OpenHarness,Python,navigation/repository,11,False,1,1,0,0,0.0,0.0,0.0,0.0,,0.0,0.0,0.0,0.0,,0.0,0.0,0.0,0.0,,0.0,0.0,0.0,0.0,,0.0
external,itsdnns__docsight-437,itsDNNS/docsight,Python,path_bm25,11,True,9,6,3,10,0.1111111111111111,1.0,1.0,0.16666666666666666,0.0,0.2222222222222222,0.6666666666666666,0.6666666666666666,0.3333333333333333,0.0,0.2222222222222222,0.4,0.4,0.3333333333333333,0.0,0.2222222222222222,0.2,0.2,0.3333333333333333,0.0,1.0
external,itsdnns__docsight-437,itsDNNS/docsight,Python,content_bm25,11,True,9,6,3,10,0.0,0.0,0.0,0.0,0.0,0.0,0.0,0.0,0.0,0.0,0.0,0.0,0.0,0.0,0.0,0.0,0.0,0.0,0.0,0.0,0.0
external,itsdnns__docsight-437,itsDNNS/docsight,Python,dense_minilm,11,True,9,6,3,10,0.0,0.0,0.0,0.0,0.0,0.1111111111111111,0.3333333333333333,0.3333333333333333,0.16666666666666666,0.0,0.2222222222222222,0.4,0.4,0.16666666666666666,0.3333333333333333,0.2222222222222222,0.2,0.2,0.16666666666666666,0.3333333333333333,0.3333333333333333
external,itsdnns__docsight-437,itsDNNS/docsight,Python,hybrid_rrf,11,True,9,6,3,10,0.0,0.0,0.0,0.0,0.0,0.1111111111111111,0.3333333333333333,0.3333333333333333,0.16666666666666666,0.0,0.1111111111111111,0.2,0.2,0.16666666666666666,0.0,0.2222222222222222,0.2,0.2,0.3333333333333333,0.0,0.3333333333333333
external,itsdnns__docsight-437,itsDNNS/docsight,Python,minilm256_pool100,11,True,9,6,3,10,0.0,0.0,0.0,0.0,0.0,0.1111111111111111,0.3333333333333333,0.3333333333333333,0.16666666666666666,0.0,0.2222222222222222,0.4,0.4,0.16666666666666666,0.3333333333333333,0.2222222222222222,0.2,0.2,0.16666666666666666,0.3333333333333333,0.3333333333333333
external,itsdnns__docsight-437,itsDNNS/docsight,Python,coderank256_pool100,11,True,9,6,3,10,0.1111111111111111,1.0,1.0,0.16666666666666666,0.0,0.1111111111111111,0.3333333333333333,0.3333333333333333,0.16666666666666666,0.0,0.3333333333333333,0.6,0.6,0.5,0.0,0.4444444444444444,0.4,0.4,0.6666666666666666,0.0,1.0
external,itsdnns__docsight-437,itsDNNS/docsight,Python,coderank2048_pool100,11,True,9,6,3,10,0.1111111111111111,1.0,1.0,0.16666666666666666,0.0,0.1111111111111111,0.3333333333333333,0.3333333333333333,0.16666666666666666,0.0,0.2222222222222222,0.4,0.4,0.16666666666666666,0.3333333333333333,0.4444444444444444,0.4,0.4,0.5,0.3333333333333333,1.0
external,itsdnns__docsight-437,itsDNNS/docsight,Python,qwen3-coder:30b/paths,11,True,9,6,3,10,0.1111111111111111,1.0,1.0,0.16666666666666666,0.0,0.3333333333333333,1.0,1.0,0.3333333333333333,0.3333333333333333,0.5555555555555556,1.0,1.0,0.5,0.6666666666666666,0.5555555555555556,0.5,0.5,0.5,0.6666666666666666,1.0
external,itsdnns__docsight-437,itsDNNS/docsight,Python,qwen3-coder:30b/content,11,True,9,6,3,10,0.1111111111111111,1.0,1.0,0.16666666666666666,0.0,0.3333333333333333,1.0,1.0,0.16666666666666666,0.6666666666666666,0.3333333333333333,0.6,0.6,0.16666666666666666,0.6666666666666666,0.4444444444444444,0.4,0.4,0.3333333333333333,0.6666666666666666,1.0
external,itsdnns__docsight-437,itsDNNS/docsight,Python,devstral-small-2:24b/paths,11,True,9,6,3,10,0.1111111111111111,1.0,1.0,0.16666666666666666,0.0,0.3333333333333333,1.0,1.0,0.3333333333333333,0.3333333333333333,0.4444444444444444,0.8,0.8,0.3333333333333333,0.6666666666666666,0.4444444444444444,0.4,0.4,0.3333333333333333,0.6666666666666666,1.0
external,itsdnns__docsight-437,itsDNNS/docsight,Python,devstral-small-2:24b/content,11,True,9,6,3,6,0.1111111111111111,1.0,1.0,0.16666666666666666,0.0,0.3333333333333333,1.0,1.0,0.3333333333333333,0.3333333333333333,0.3333333333333333,0.6,0.6,0.3333333333333333,0.3333333333333333,0.4444444444444444,0.4,0.6666666666666666,0.3333333333333333,0.6666666666666666,1.0
external,itsdnns__docsight-437,itsDNNS/docsight,Python,navigation/restricted40,11,True,9,6,3,4,0.1111111111111111,1.0,1.0,0.16666666666666666,0.0,0.2222222222222222,0.6666666666666666,0.6666666666666666,0.16666666666666666,0.3333333333333333,0.3333333333333333,0.6,0.75,0.3333333333333333,0.3333333333333333,0.3333333333333333,0.3,0.75,0.3333333333333333,0.3333333333333333,1.0
external,itsdnns__docsight-437,itsDNNS/docsight,Python,navigation/repository,11,True,9,6,3,10,0.1111111111111111,1.0,1.0,0.16666666666666666,0.0,0.2222222222222222,0.6666666666666666,0.6666666666666666,0.3333333333333333,0.0,0.3333333333333333,0.6,0.6,0.5,0.0,0.4444444444444444,0.4,0.4,0.5,0.3333333333333333,1.0
external,youssofal__mtplx-21,youssofal/MTPLX,Python,path_bm25,11,True,2,2,0,10,0.0,0.0,0.0,0.0,,0.0,0.0,0.0,0.0,,0.0,0.0,0.0,0.0,,0.5,0.1,0.1,0.5,,0.14285714285714285
external,youssofal__mtplx-21,youssofal/MTPLX,Python,content_bm25,11,True,2,2,0,10,0.5,1.0,1.0,0.5,,1.0,0.6666666666666666,0.6666666666666666,1.0,,1.0,0.4,0.4,1.0,,1.0,0.2,0.2,1.0,,1.0
external,youssofal__mtplx-21,youssofal/MTPLX,Python,dense_minilm,11,True,2,2,0,10,0.0,0.0,0.0,0.0,,0.0,0.0,0.0,0.0,,0.0,0.0,0.0,0.0,,0.0,0.0,0.0,0.0,,0.0
external,youssofal__mtplx-21,youssofal/MTPLX,Python,hybrid_rrf,11,True,2,2,0,10,0.0,0.0,0.0,0.0,,0.0,0.0,0.0,0.0,,0.0,0.0,0.0,0.0,,0.5,0.1,0.1,0.5,,0.125
external,youssofal__mtplx-21,youssofal/MTPLX,Python,minilm256_pool100,11,True,2,2,0,10,0.0,0.0,0.0,0.0,,0.0,0.0,0.0,0.0,,0.0,0.0,0.0,0.0,,0.0,0.0,0.0,0.0,,0.0
external,youssofal__mtplx-21,youssofal/MTPLX,Python,coderank256_pool100,11,True,2,2,0,10,0.0,0.0,0.0,0.0,,0.0,0.0,0.0,0.0,,0.0,0.0,0.0,0.0,,0.0,0.0,0.0,0.0,,0.0
external,youssofal__mtplx-21,youssofal/MTPLX,Python,coderank2048_pool100,11,True,2,2,0,10,0.0,0.0,0.0,0.0,,0.0,0.0,0.0,0.0,,0.0,0.0,0.0,0.0,,0.5,0.1,0.1,0.5,,0.125
external,youssofal__mtplx-21,youssofal/MTPLX,Python,qwen3-coder:30b/paths,11,True,2,2,0,10,0.5,1.0,1.0,0.5,,0.5,0.3333333333333333,0.3333333333333333,0.5,,0.5,0.2,0.2,0.5,,0.5,0.1,0.1,0.5,,1.0
external,youssofal__mtplx-21,youssofal/MTPLX,Python,qwen3-coder:30b/content,11,True,2,2,0,10,0.5,1.0,1.0,0.5,,0.5,0.3333333333333333,0.3333333333333333,0.5,,0.5,0.2,0.2,0.5,,1.0,0.2,0.2,1.0,,1.0
external,youssofal__mtplx-21,youssofal/MTPLX,Python,devstral-small-2:24b/paths,11,True,2,2,0,5,0.5,1.0,1.0,0.5,,0.5,0.3333333333333333,0.3333333333333333,0.5,,0.5,0.2,0.2,0.5,,0.5,0.1,0.2,0.5,,1.0
external,youssofal__mtplx-21,youssofal/MTPLX,Python,devstral-small-2:24b/content,11,True,2,2,0,3,0.5,1.0,1.0,0.5,,0.5,0.3333333333333333,0.3333333333333333,0.5,,0.5,0.2,0.3333333333333333,0.5,,0.5,0.1,0.3333333333333333,0.5,,1.0
external,youssofal__mtplx-21,youssofal/MTPLX,Python,navigation/restricted40,11,True,2,2,0,10,0.5,1.0,1.0,0.5,,0.5,0.3333333333333333,0.3333333333333333,0.5,,1.0,0.4,0.4,1.0,,1.0,0.2,0.2,1.0,,1.0
external,youssofal__mtplx-21,youssofal/MTPLX,Python,navigation/repository,11,True,2,2,0,10,0.5,1.0,1.0,0.5,,0.5,0.3333333333333333,0.3333333333333333,0.5,,0.5,0.2,0.2,0.5,,1.0,0.2,0.2,1.0,,1.0
external,meltano__meltano-9929,meltano/meltano,Python,path_bm25,11,True,2,1,1,10,0.0,0.0,0.0,0.0,0.0,0.0,0.0,0.0,0.0,0.0,0.0,0.0,0.0,0.0,0.0,0.0,0.0,0.0,0.0,0.0,0.0
external,meltano__meltano-9929,meltano/meltano,Python,content_bm25,11,True,2,1,1,10,0.0,0.0,0.0,0.0,0.0,0.0,0.0,0.0,0.0,0.0,0.0,0.0,0.0,0.0,0.0,0.0,0.0,0.0,0.0,0.0,0.0
external,meltano__meltano-9929,meltano/meltano,Python,dense_minilm,11,True,2,1,1,10,0.0,0.0,0.0,0.0,0.0,0.0,0.0,0.0,0.0,0.0,0.0,0.0,0.0,0.0,0.0,0.0,0.0,0.0,0.0,0.0,0.0
external,meltano__meltano-9929,meltano/meltano,Python,hybrid_rrf,11,True,2,1,1,10,0.0,0.0,0.0,0.0,0.0,0.0,0.0,0.0,0.0,0.0,0.0,0.0,0.0,0.0,0.0,0.5,0.1,0.1,1.0,0.0,0.14285714285714285
external,meltano__meltano-9929,meltano/meltano,Python,minilm256_pool100,11,True,2,1,1,10,0.0,0.0,0.0,0.0,0.0,0.0,0.0,0.0,0.0,0.0,0.0,0.0,0.0,0.0,0.0,0.0,0.0,0.0,0.0,0.0,0.0
external,meltano__meltano-9929,meltano/meltano,Python,coderank256_pool100,11,True,2,1,1,10,0.0,0.0,0.0,0.0,0.0,0.0,0.0,0.0,0.0,0.0,0.0,0.0,0.0,0.0,0.0,0.5,0.1,0.1,1.0,0.0,0.1
external,meltano__meltano-9929,meltano/meltano,Python,coderank2048_pool100,11,True,2,1,1,10,0.0,0.0,0.0,0.0,0.0,0.0,0.0,0.0,0.0,0.0,0.0,0.0,0.0,0.0,0.0,0.0,0.0,0.0,0.0,0.0,0.0
external,meltano__meltano-9929,meltano/meltano,Python,qwen3-coder:30b/paths,11,True,2,1,1,10,0.5,1.0,1.0,1.0,0.0,0.5,0.3333333333333333,0.3333333333333333,1.0,0.0,0.5,0.2,0.2,1.0,0.0,0.5,0.1,0.1,1.0,0.0,1.0
external,meltano__meltano-9929,meltano/meltano,Python,qwen3-coder:30b/content,11,True,2,1,1,10,0.5,1.0,1.0,1.0,0.0,0.5,0.3333333333333333,0.3333333333333333,1.0,0.0,0.5,0.2,0.2,1.0,0.0,0.5,0.1,0.1,1.0,0.0,1.0
external,meltano__meltano-9929,meltano/meltano,Python,devstral-small-2:24b/paths,11,True,2,1,1,10,0.5,1.0,1.0,1.0,0.0,0.5,0.3333333333333333,0.3333333333333333,1.0,0.0,0.5,0.2,0.2,1.0,0.0,0.5,0.1,0.1,1.0,0.0,1.0
external,meltano__meltano-9929,meltano/meltano,Python,devstral-small-2:24b/content,11,True,2,1,1,5,0.5,1.0,1.0,1.0,0.0,0.5,0.3333333333333333,0.3333333333333333,1.0,0.0,0.5,0.2,0.2,1.0,0.0,0.5,0.1,0.2,1.0,0.0,1.0
external,meltano__meltano-9929,meltano/meltano,Python,navigation/restricted40,11,False,2,1,1,0,0.0,0.0,0.0,0.0,0.0,0.0,0.0,0.0,0.0,0.0,0.0,0.0,0.0,0.0,0.0,0.0,0.0,0.0,0.0,0.0,0.0
external,meltano__meltano-9929,meltano/meltano,Python,navigation/repository,11,True,2,1,1,10,0.5,1.0,1.0,1.0,0.0,0.5,0.3333333333333333,0.3333333333333333,1.0,0.0,0.5,0.2,0.2,1.0,0.0,0.5,0.1,0.1,1.0,0.0,1.0
external,pgmpy__pgmpy-3137,pgmpy/pgmpy,Python,path_bm25,11,True,2,1,1,10,0.0,0.0,0.0,0.0,0.0,0.0,0.0,0.0,0.0,0.0,0.0,0.0,0.0,0.0,0.0,1.0,0.2,0.2,1.0,1.0,0.16666666666666666
external,pgmpy__pgmpy-3137,pgmpy/pgmpy,Python,content_bm25,11,True,2,1,1,10,0.0,0.0,0.0,0.0,0.0,0.5,0.3333333333333333,0.3333333333333333,1.0,0.0,1.0,0.4,0.4,1.0,1.0,1.0,0.2,0.2,1.0,1.0,0.5
external,pgmpy__pgmpy-3137,pgmpy/pgmpy,Python,dense_minilm,11,True,2,1,1,10,0.0,0.0,0.0,0.0,0.0,0.0,0.0,0.0,0.0,0.0,0.0,0.0,0.0,0.0,0.0,0.5,0.1,0.1,1.0,0.0,0.14285714285714285
external,pgmpy__pgmpy-3137,pgmpy/pgmpy,Python,hybrid_rrf,11,True,2,1,1,10,0.0,0.0,0.0,0.0,0.0,0.5,0.3333333333333333,0.3333333333333333,1.0,0.0,0.5,0.2,0.2,1.0,0.0,1.0,0.2,0.2,1.0,1.0,0.5
external,pgmpy__pgmpy-3137,pgmpy/pgmpy,Python,minilm256_pool100,11,True,2,1,1,10,0.0,0.0,0.0,0.0,0.0,0.0,0.0,0.0,0.0,0.0,0.0,0.0,0.0,0.0,0.0,0.5,0.1,0.1,1.0,0.0,0.14285714285714285
external,pgmpy__pgmpy-3137,pgmpy/pgmpy,Python,coderank256_pool100,11,True,2,1,1,10,0.0,0.0,0.0,0.0,0.0,0.0,0.0,0.0,0.0,0.0,0.0,0.0,0.0,0.0,0.0,0.0,0.0,0.0,0.0,0.0,0.0
external,pgmpy__pgmpy-3137,pgmpy/pgmpy,Python,coderank2048_pool100,11,True,2,1,1,10,0.0,0.0,0.0,0.0,0.0,0.0,0.0,0.0,0.0,0.0,0.0,0.0,0.0,0.0,0.0,0.0,0.0,0.0,0.0,0.0,0.0
external,pgmpy__pgmpy-3137,pgmpy/pgmpy,Python,qwen3-coder:30b/paths,11,True,2,1,1,5,0.5,1.0,1.0,1.0,0.0,1.0,0.6666666666666666,0.6666666666666666,1.0,1.0,1.0,0.4,0.4,1.0,1.0,1.0,0.2,0.4,1.0,1.0,1.0
external,pgmpy__pgmpy-3137,pgmpy/pgmpy,Python,qwen3-coder:30b/content,11,True,2,1,1,10,0.5,1.0,1.0,1.0,0.0,0.5,0.3333333333333333,0.3333333333333333,1.0,0.0,0.5,0.2,0.2,1.0,0.0,1.0,0.2,0.2,1.0,1.0,1.0
external,pgmpy__pgmpy-3137,pgmpy/pgmpy,Python,devstral-small-2:24b/paths,11,True,2,1,1,4,0.5,1.0,1.0,1.0,0.0,1.0,0.6666666666666666,0.6666666666666666,1.0,1.0,1.0,0.4,0.5,1.0,1.0,1.0,0.2,0.5,1.0,1.0,1.0
external,pgmpy__pgmpy-3137,pgmpy/pgmpy,Python,devstral-small-2:24b/content,11,True,2,1,1,10,0.5,1.0,1.0,1.0,0.0,1.0,0.6666666666666666,0.6666666666666666,1.0,1.0,1.0,0.4,0.4,1.0,1.0,1.0,0.2,0.2,1.0,1.0,1.0
external,pgmpy__pgmpy-3137,pgmpy/pgmpy,Python,navigation/restricted40,11,False,2,1,1,0,0.0,0.0,0.0,0.0,0.0,0.0,0.0,0.0,0.0,0.0,0.0,0.0,0.0,0.0,0.0,0.0,0.0,0.0,0.0,0.0,0.0
external,pgmpy__pgmpy-3137,pgmpy/pgmpy,Python,navigation/repository,11,True,2,1,1,10,0.5,1.0,1.0,1.0,0.0,1.0,0.6666666666666666,0.6666666666666666,1.0,1.0,1.0,0.4,0.4,1.0,1.0,1.0,0.2,0.2,1.0,1.0,1.0
external,tox-dev__tox-3904,tox-dev/tox,Python,path_bm25,11,True,5,3,2,10,0.0,0.0,0.0,0.0,0.0,0.0,0.0,0.0,0.0,0.0,0.0,0.0,0.0,0.0,0.0,0.0,0.0,0.0,0.0,0.0,0.0
external,tox-dev__tox-3904,tox-dev/tox,Python,content_bm25,11,True,5,3,2,10,0.0,0.0,0.0,0.0,0.0,0.0,0.0,0.0,0.0,0.0,0.2,0.2,0.2,0.3333333333333333,0.0,0.2,0.1,0.1,0.3333333333333333,0.0,0.2
external,tox-dev__tox-3904,tox-dev/tox,Python,dense_minilm,11,True,5,3,2,10,0.0,0.0,0.0,0.0,0.0,0.0,0.0,0.0,0.0,0.0,0.0,0.0,0.0,0.0,0.0,0.2,0.1,0.1,0.0,0.5,0.14285714285714285
external,tox-dev__tox-3904,tox-dev/tox,Python,hybrid_rrf,11,True,5,3,2,10,0.0,0.0,0.0,0.0,0.0,0.0,0.0,0.0,0.0,0.0,0.0,0.0,0.0,0.0,0.0,0.4,0.2,0.2,0.0,1.0,0.16666666666666666
external,tox-dev__tox-3904,tox-dev/tox,Python,minilm256_pool100,11,True,5,3,2,10,0.0,0.0,0.0,0.0,0.0,0.0,0.0,0.0,0.0,0.0,0.0,0.0,0.0,0.0,0.0,0.2,0.1,0.1,0.0,0.5,0.14285714285714285
external,tox-dev__tox-3904,tox-dev/tox,Python,coderank256_pool100,11,True,5,3,2,10,0.0,0.0,0.0,0.0,0.0,0.2,0.3333333333333333,0.3333333333333333,0.0,0.5,0.2,0.2,0.2,0.0,0.5,0.2,0.1,0.1,0.0,0.5,0.5
external,tox-dev__tox-3904,tox-dev/tox,Python,coderank2048_pool100,11,True,5,3,2,10,0.0,0.0,0.0,0.0,0.0,0.2,0.3333333333333333,0.3333333333333333,0.0,0.5,0.4,0.4,0.4,0.0,1.0,0.4,0.2,0.2,0.0,1.0,0.5
external,tox-dev__tox-3904,tox-dev/tox,Python,qwen3-coder:30b/paths,11,True,5,3,2,10,0.2,1.0,1.0,0.0,0.5,0.2,0.3333333333333333,0.3333333333333333,0.0,0.5,0.2,0.2,0.2,0.0,0.5,0.2,0.1,0.1,0.0,0.5,1.0
external,tox-dev__tox-3904,tox-dev/tox,Python,qwen3-coder:30b/content,11,True,5,3,2,10,0.2,1.0,1.0,0.0,0.5,0.2,0.3333333333333333,0.3333333333333333,0.0,0.5,0.2,0.2,0.2,0.0,0.5,0.2,0.1,0.1,0.0,0.5,1.0
external,tox-dev__tox-3904,tox-dev/tox,Python,devstral-small-2:24b/paths,11,True,5,3,2,5,0.2,1.0,1.0,0.0,0.5,0.2,0.3333333333333333,0.3333333333333333,0.0,0.5,0.2,0.2,0.2,0.0,0.5,0.2,0.1,0.2,0.0,0.5,1.0
external,tox-dev__tox-3904,tox-dev/tox,Python,devstral-small-2:24b/content,11,True,5,3,2,5,0.2,1.0,1.0,0.0,0.5,0.2,0.3333333333333333,0.3333333333333333,0.0,0.5,0.2,0.2,0.2,0.0,0.5,0.2,0.1,0.2,0.0,0.5,1.0
external,tox-dev__tox-3904,tox-dev/tox,Python,navigation/restricted40,11,True,5,3,2,10,0.2,1.0,1.0,0.0,0.5,0.2,0.3333333333333333,0.3333333333333333,0.0,0.5,0.2,0.2,0.2,0.0,0.5,0.2,0.1,0.1,0.0,0.5,1.0
external,tox-dev__tox-3904,tox-dev/tox,Python,navigation/repository,11,True,5,3,2,2,0.2,1.0,1.0,0.3333333333333333,0.0,0.4,0.6666666666666666,1.0,0.3333333333333333,0.5,0.4,0.4,1.0,0.3333333333333333,0.5,0.4,0.2,1.0,0.3333333333333333,0.5,1.0
external,tobymao__sqlglot-7457,tobymao/sqlglot,Python,path_bm25,11,True,4,3,1,10,0.0,0.0,0.0,0.0,0.0,0.0,0.0,0.0,0.0,0.0,0.0,0.0,0.0,0.0,0.0,0.25,0.1,0.1,0.0,1.0,0.16666666666666666
external,tobymao__sqlglot-7457,tobymao/sqlglot,Python,content_bm25,11,True,4,3,1,10,0.0,0.0,0.0,0.0,0.0,0.25,0.3333333333333333,0.3333333333333333,0.0,1.0,0.25,0.2,0.2,0.0,1.0,0.5,0.2,0.2,0.3333333333333333,1.0,0.3333333333333333
external,tobymao__sqlglot-7457,tobymao/sqlglot,Python,dense_minilm,11,True,4,3,1,10,0.25,1.0,1.0,0.0,1.0,0.5,0.6666666666666666,0.6666666666666666,0.3333333333333333,1.0,0.5,0.4,0.4,0.3333333333333333,1.0,0.5,0.2,0.2,0.3333333333333333,1.0,1.0
external,tobymao__sqlglot-7457,tobymao/sqlglot,Python,hybrid_rrf,11,True,4,3,1,10,0.25,1.0,1.0,0.0,1.0,0.5,0.6666666666666666,0.6666666666666666,0.3333333333333333,1.0,0.5,0.4,0.4,0.3333333333333333,1.0,0.5,0.2,0.2,0.3333333333333333,1.0,1.0
external,tobymao__sqlglot-7457,tobymao/sqlglot,Python,minilm256_pool100,11,True,4,3,1,10,0.25,1.0,1.0,0.0,1.0,0.5,0.6666666666666666,0.6666666666666666,0.3333333333333333,1.0,0.5,0.4,0.4,0.3333333333333333,1.0,0.5,0.2,0.2,0.3333333333333333,1.0,1.0
external,tobymao__sqlglot-7457,tobymao/sqlglot,Python,coderank256_pool100,11,True,4,3,1,10,0.25,1.0,1.0,0.0,1.0,0.5,0.6666666666666666,0.6666666666666666,0.3333333333333333,1.0,0.5,0.4,0.4,0.3333333333333333,1.0,0.5,0.2,0.2,0.3333333333333333,1.0,1.0
external,tobymao__sqlglot-7457,tobymao/sqlglot,Python,coderank2048_pool100,11,True,4,3,1,10,0.25,1.0,1.0,0.0,1.0,0.25,0.3333333333333333,0.3333333333333333,0.0,1.0,0.25,0.2,0.2,0.0,1.0,0.25,0.1,0.1,0.0,1.0,1.0
external,tobymao__sqlglot-7457,tobymao/sqlglot,Python,qwen3-coder:30b/paths,11,True,4,3,1,10,0.25,1.0,1.0,0.3333333333333333,0.0,0.25,0.3333333333333333,0.3333333333333333,0.3333333333333333,0.0,0.5,0.4,0.4,0.3333333333333333,1.0,0.75,0.3,0.3,0.6666666666666666,1.0,1.0
external,tobymao__sqlglot-7457,tobymao/sqlglot,Python,qwen3-coder:30b/content,11,True,4,3,1,10,0.25,1.0,1.0,0.3333333333333333,0.0,0.25,0.3333333333333333,0.3333333333333333,0.3333333333333333,0.0,0.25,0.2,0.2,0.3333333333333333,0.0,0.5,0.2,0.2,0.6666666666666666,0.0,1.0
external,tobymao__sqlglot-7457,tobymao/sqlglot,Python,devstral-small-2:24b/paths,11,True,4,3,1,5,0.25,1.0,1.0,0.3333333333333333,0.0,0.25,0.3333333333333333,0.3333333333333333,0.3333333333333333,0.0,0.5,0.4,0.4,0.3333333333333333,1.0,0.5,0.2,0.4,0.3333333333333333,1.0,1.0
external,tobymao__sqlglot-7457,tobymao/sqlglot,Python,devstral-small-2:24b/content,11,True,4,3,1,5,0.25,1.0,1.0,0.3333333333333333,0.0,0.5,0.6666666666666666,0.6666666666666666,0.3333333333333333,1.0,0.5,0.4,0.4,0.3333333333333333,1.0,0.5,0.2,0.4,0.3333333333333333,1.0,1.0
external,tobymao__sqlglot-7457,tobymao/sqlglot,Python,navigation/restricted40,11,True,4,3,1,10,0.25,1.0,1.0,0.3333333333333333,0.0,0.5,0.6666666666666666,0.6666666666666666,0.3333333333333333,1.0,0.5,0.4,0.4,0.3333333333333333,1.0,0.5,0.2,0.2,0.3333333333333333,1.0,1.0
external,tobymao__sqlglot-7457,tobymao/sqlglot,Python,navigation/repository,11,True,4,3,1,6,0.25,1.0,1.0,0.3333333333333333,0.0,0.5,0.6666666666666666,0.6666666666666666,0.3333333333333333,1.0,0.5,0.4,0.4,0.3333333333333333,1.0,0.75,0.3,0.5,0.6666666666666666,1.0,1.0
external,tox-dev__tox-3931,tox-dev/tox,Python,path_bm25,11,True,3,2,1,10,0.0,0.0,0.0,0.0,0.0,0.3333333333333333,0.3333333333333333,0.3333333333333333,0.5,0.0,0.3333333333333333,0.2,0.2,0.5,0.0,0.3333333333333333,0.1,0.1,0.5,0.0,0.5
external,tox-dev__tox-3931,tox-dev/tox,Python,content_bm25,11,True,3,2,1,10,0.0,0.0,0.0,0.0,0.0,0.0,0.0,0.0,0.0,0.0,0.0,0.0,0.0,0.0,0.0,0.6666666666666666,0.2,0.2,1.0,0.0,0.16666666666666666
external,tox-dev__tox-3931,tox-dev/tox,Python,dense_minilm,11,True,3,2,1,10,0.3333333333333333,1.0,1.0,0.5,0.0,0.6666666666666666,0.6666666666666666,0.6666666666666666,1.0,0.0,0.6666666666666666,0.4,0.4,1.0,0.0,0.6666666666666666,0.2,0.2,1.0,0.0,1.0
external,tox-dev__tox-3931,tox-dev/tox,Python,hybrid_rrf,11,True,3,2,1,10,0.3333333333333333,1.0,1.0,0.5,0.0,0.6666666666666666,0.6666666666666666,0.6666666666666666,1.0,0.0,0.6666666666666666,0.4,0.4,1.0,0.0,0.6666666666666666,0.2,0.2,1.0,0.0,1.0
external,tox-dev__tox-3931,tox-dev/tox,Python,minilm256_pool100,11,True,3,2,1,10,0.3333333333333333,1.0,1.0,0.5,0.0,0.6666666666666666,0.6666666666666666,0.6666666666666666,1.0,0.0,0.6666666666666666,0.4,0.4,1.0,0.0,0.6666666666666666,0.2,0.2,1.0,0.0,1.0
external,tox-dev__tox-3931,tox-dev/tox,Python,coderank256_pool100,11,True,3,2,1,10,0.0,0.0,0.0,0.0,0.0,0.0,0.0,0.0,0.0,0.0,0.0,0.0,0.0,0.0,0.0,0.0,0.0,0.0,0.0,0.0,0.0
external,tox-dev__tox-3931,tox-dev/tox,Python,coderank2048_pool100,11,True,3,2,1,10,0.0,0.0,0.0,0.0,0.0,0.0,0.0,0.0,0.0,0.0,0.0,0.0,0.0,0.0,0.0,0.3333333333333333,0.1,0.1,0.0,1.0,0.16666666666666666
external,tox-dev__tox-3931,tox-dev/tox,Python,qwen3-coder:30b/paths,11,True,3,2,1,10,0.3333333333333333,1.0,1.0,0.5,0.0,0.3333333333333333,0.3333333333333333,0.3333333333333333,0.5,0.0,0.3333333333333333,0.2,0.2,0.5,0.0,0.6666666666666666,0.2,0.2,1.0,0.0,1.0
external,tox-dev__tox-3931,tox-dev/tox,Python,qwen3-coder:30b/content,11,True,3,2,1,10,0.3333333333333333,1.0,1.0,0.5,0.0,0.6666666666666666,0.6666666666666666,0.6666666666666666,1.0,0.0,0.6666666666666666,0.4,0.4,1.0,0.0,0.6666666666666666,0.2,0.2,1.0,0.0,1.0
external,tox-dev__tox-3931,tox-dev/tox,Python,devstral-small-2:24b/paths,11,True,3,2,1,4,0.3333333333333333,1.0,1.0,0.5,0.0,0.3333333333333333,0.3333333333333333,0.3333333333333333,0.5,0.0,0.3333333333333333,0.2,0.25,0.5,0.0,0.3333333333333333,0.1,0.25,0.5,0.0,1.0
external,tox-dev__tox-3931,tox-dev/tox,Python,devstral-small-2:24b/content,11,True,3,2,1,5,0.3333333333333333,1.0,1.0,0.5,0.0,0.6666666666666666,0.6666666666666666,0.6666666666666666,1.0,0.0,0.6666666666666666,0.4,0.4,1.0,0.0,0.6666666666666666,0.2,0.4,1.0,0.0,1.0
external,tox-dev__tox-3931,tox-dev/tox,Python,navigation/restricted40,11,True,3,2,1,2,0.3333333333333333,1.0,1.0,0.5,0.0,0.6666666666666666,0.6666666666666666,1.0,1.0,0.0,0.6666666666666666,0.4,1.0,1.0,0.0,0.6666666666666666,0.2,1.0,1.0,0.0,1.0
external,tox-dev__tox-3931,tox-dev/tox,Python,navigation/repository,11,True,3,2,1,10,0.3333333333333333,1.0,1.0,0.5,0.0,1.0,1.0,1.0,1.0,1.0,1.0,0.6,0.6,1.0,1.0,1.0,0.3,0.3,1.0,1.0,1.0
external,scikit-learn__scikit-learn-33565,scikit-learn/scikit-learn,Python,path_bm25,11,True,2,1,1,10,0.0,0.0,0.0,0.0,0.0,0.0,0.0,0.0,0.0,0.0,0.0,0.0,0.0,0.0,0.0,0.5,0.1,0.1,0.0,1.0,0.1
external,scikit-learn__scikit-learn-33565,scikit-learn/scikit-learn,Python,content_bm25,11,True,2,1,1,10,0.0,0.0,0.0,0.0,0.0,0.0,0.0,0.0,0.0,0.0,0.0,0.0,0.0,0.0,0.0,0.0,0.0,0.0,0.0,0.0,0.0
external,scikit-learn__scikit-learn-33565,scikit-learn/scikit-learn,Python,dense_minilm,11,True,2,1,1,10,0.0,0.0,0.0,0.0,0.0,0.0,0.0,0.0,0.0,0.0,0.0,0.0,0.0,0.0,0.0,0.5,0.1,0.1,0.0,1.0,0.1
external,scikit-learn__scikit-learn-33565,scikit-learn/scikit-learn,Python,hybrid_rrf,11,True,2,1,1,10,0.5,1.0,1.0,1.0,0.0,0.5,0.3333333333333333,0.3333333333333333,1.0,0.0,0.5,0.2,0.2,1.0,0.0,1.0,0.2,0.2,1.0,1.0,1.0
external,scikit-learn__scikit-learn-33565,scikit-learn/scikit-learn,Python,minilm256_pool100,11,True,2,1,1,10,0.0,0.0,0.0,0.0,0.0,0.0,0.0,0.0,0.0,0.0,0.0,0.0,0.0,0.0,0.0,0.5,0.1,0.1,0.0,1.0,0.1
external,scikit-learn__scikit-learn-33565,scikit-learn/scikit-learn,Python,coderank256_pool100,11,True,2,1,1,10,0.0,0.0,0.0,0.0,0.0,0.0,0.0,0.0,0.0,0.0,0.0,0.0,0.0,0.0,0.0,1.0,0.2,0.2,1.0,1.0,0.16666666666666666
external,scikit-learn__scikit-learn-33565,scikit-learn/scikit-learn,Python,coderank2048_pool100,11,True,2,1,1,10,0.0,0.0,0.0,0.0,0.0,0.0,0.0,0.0,0.0,0.0,0.5,0.2,0.2,0.0,1.0,1.0,0.2,0.2,1.0,1.0,0.25
external,scikit-learn__scikit-learn-33565,scikit-learn/scikit-learn,Python,qwen3-coder:30b/paths,11,True,2,1,1,2,0.5,1.0,1.0,1.0,0.0,1.0,0.6666666666666666,1.0,1.0,1.0,1.0,0.4,1.0,1.0,1.0,1.0,0.2,1.0,1.0,1.0,1.0
external,scikit-learn__scikit-learn-33565,scikit-learn/scikit-learn,Python,qwen3-coder:30b/content,11,True,2,1,1,10,0.5,1.0,1.0,1.0,0.0,1.0,0.6666666666666666,0.6666666666666666,1.0,1.0,1.0,0.4,0.4,1.0,1.0,1.0,0.2,0.2,1.0,1.0,1.0
external,scikit-learn__scikit-learn-33565,scikit-learn/scikit-learn,Python,devstral-small-2:24b/paths,11,True,2,1,1,4,0.5,1.0,1.0,1.0,0.0,1.0,0.6666666666666666,0.6666666666666666,1.0,1.0,1.0,0.4,0.5,1.0,1.0,1.0,0.2,0.5,1.0,1.0,1.0
external,scikit-learn__scikit-learn-33565,scikit-learn/scikit-learn,Python,devstral-small-2:24b/content,11,True,2,1,1,10,0.5,1.0,1.0,0.0,1.0,1.0,0.6666666666666666,0.6666666666666666,1.0,1.0,1.0,0.4,0.4,1.0,1.0,1.0,0.2,0.2,1.0,1.0,1.0
external,scikit-learn__scikit-learn-33565,scikit-learn/scikit-learn,Python,navigation/restricted40,11,True,2,1,1,10,0.5,1.0,1.0,1.0,0.0,1.0,0.6666666666666666,0.6666666666666666,1.0,1.0,1.0,0.4,0.4,1.0,1.0,1.0,0.2,0.2,1.0,1.0,1.0
external,scikit-learn__scikit-learn-33565,scikit-learn/scikit-learn,Python,navigation/repository,11,True,2,1,1,10,0.5,1.0,1.0,1.0,0.0,1.0,0.6666666666666666,0.6666666666666666,1.0,1.0,1.0,0.4,0.4,1.0,1.0,1.0,0.2,0.2,1.0,1.0,1.0
external,koxudaxi__datamodel-code-generator-3070,koxudaxi/datamodel-code-generator,Python,path_bm25,11,True,2,1,1,10,0.0,0.0,0.0,0.0,0.0,0.0,0.0,0.0,0.0,0.0,0.0,0.0,0.0,0.0,0.0,0.0,0.0,0.0,0.0,0.0,0.0
external,koxudaxi__datamodel-code-generator-3070,koxudaxi/datamodel-code-generator,Python,content_bm25,11,True,2,1,1,10,0.0,0.0,0.0,0.0,0.0,0.0,0.0,0.0,0.0,0.0,0.0,0.0,0.0,0.0,0.0,0.0,0.0,0.0,0.0,0.0,0.0
external,koxudaxi__datamodel-code-generator-3070,koxudaxi/datamodel-code-generator,Python,dense_minilm,11,True,2,1,1,10,0.0,0.0,0.0,0.0,0.0,0.0,0.0,0.0,0.0,0.0,0.0,0.0,0.0,0.0,0.0,0.0,0.0,0.0,0.0,0.0,0.0
external,koxudaxi__datamodel-code-generator-3070,koxudaxi/datamodel-code-generator,Python,hybrid_rrf,11,True,2,1,1,10,0.0,0.0,0.0,0.0,0.0,0.0,0.0,0.0,0.0,0.0,0.0,0.0,0.0,0.0,0.0,0.0,0.0,0.0,0.0,0.0,0.0
external,koxudaxi__datamodel-code-generator-3070,koxudaxi/datamodel-code-generator,Python,minilm256_pool100,11,True,2,1,1,10,0.0,0.0,0.0,0.0,0.0,0.0,0.0,0.0,0.0,0.0,0.0,0.0,0.0,0.0,0.0,0.0,0.0,0.0,0.0,0.0,0.0
external,koxudaxi__datamodel-code-generator-3070,koxudaxi/datamodel-code-generator,Python,coderank256_pool100,11,True,2,1,1,10,0.0,0.0,0.0,0.0,0.0,0.0,0.0,0.0,0.0,0.0,0.0,0.0,0.0,0.0,0.0,0.0,0.0,0.0,0.0,0.0,0.0
external,koxudaxi__datamodel-code-generator-3070,koxudaxi/datamodel-code-generator,Python,coderank2048_pool100,11,True,2,1,1,10,0.0,0.0,0.0,0.0,0.0,0.0,0.0,0.0,0.0,0.0,0.0,0.0,0.0,0.0,0.0,0.0,0.0,0.0,0.0,0.0,0.0
external,koxudaxi__datamodel-code-generator-3070,koxudaxi/datamodel-code-generator,Python,qwen3-coder:30b/paths,11,True,2,1,1,10,0.0,0.0,0.0,0.0,0.0,0.5,0.3333333333333333,0.3333333333333333,0.0,1.0,0.5,0.2,0.2,0.0,1.0,0.5,0.1,0.1,0.0,1.0,0.3333333333333333
external,koxudaxi__datamodel-code-generator-3070,koxudaxi/datamodel-code-generator,Python,qwen3-coder:30b/content,11,True,2,1,1,10,0.0,0.0,0.0,0.0,0.0,0.5,0.3333333333333333,0.3333333333333333,0.0,1.0,0.5,0.2,0.2,0.0,1.0,0.5,0.1,0.1,0.0,1.0,0.5
external,koxudaxi__datamodel-code-generator-3070,koxudaxi/datamodel-code-generator,Python,devstral-small-2:24b/paths,11,True,2,1,1,10,0.0,0.0,0.0,0.0,0.0,0.5,0.3333333333333333,0.3333333333333333,0.0,1.0,0.5,0.2,0.2,0.0,1.0,0.5,0.1,0.1,0.0,1.0,0.5
external,koxudaxi__datamodel-code-generator-3070,koxudaxi/datamodel-code-generator,Python,devstral-small-2:24b/content,11,True,2,1,1,10,0.0,0.0,0.0,0.0,0.0,0.5,0.3333333333333333,0.3333333333333333,0.0,1.0,0.5,0.2,0.2,0.0,1.0,0.5,0.1,0.1,0.0,1.0,0.5
external,koxudaxi__datamodel-code-generator-3070,koxudaxi/datamodel-code-generator,Python,navigation/restricted40,11,True,2,1,1,3,0.0,0.0,0.0,0.0,0.0,0.5,0.3333333333333333,0.3333333333333333,0.0,1.0,0.5,0.2,0.3333333333333333,0.0,1.0,0.5,0.1,0.3333333333333333,0.0,1.0,0.5
external,koxudaxi__datamodel-code-generator-3070,koxudaxi/datamodel-code-generator,Python,navigation/repository,11,True,2,1,1,10,0.0,0.0,0.0,0.0,0.0,0.5,0.3333333333333333,0.3333333333333333,0.0,1.0,0.5,0.2,0.2,0.0,1.0,0.5,0.1,0.1,0.0,1.0,0.5
external,schemathesis__schemathesis-3933,schemathesis/schemathesis,Python,path_bm25,11,True,3,1,2,10,0.0,0.0,0.0,0.0,0.0,0.0,0.0,0.0,0.0,0.0,0.0,0.0,0.0,0.0,0.0,0.0,0.0,0.0,0.0,0.0,0.0
external,schemathesis__schemathesis-3933,schemathesis/schemathesis,Python,content_bm25,11,True,3,1,2,10,0.3333333333333333,1.0,1.0,1.0,0.0,0.3333333333333333,0.3333333333333333,0.3333333333333333,1.0,0.0,0.6666666666666666,0.4,0.4,1.0,0.5,1.0,0.3,0.3,1.0,1.0,1.0
external,schemathesis__schemathesis-3933,schemathesis/schemathesis,Python,dense_minilm,11,True,3,1,2,10,0.0,0.0,0.0,0.0,0.0,0.0,0.0,0.0,0.0,0.0,0.0,0.0,0.0,0.0,0.0,0.0,0.0,0.0,0.0,0.0,0.0
external,schemathesis__schemathesis-3933,schemathesis/schemathesis,Python,hybrid_rrf,11,True,3,1,2,10,0.0,0.0,0.0,0.0,0.0,0.0,0.0,0.0,0.0,0.0,0.0,0.0,0.0,0.0,0.0,0.3333333333333333,0.1,0.1,0.0,0.5,0.14285714285714285
external,schemathesis__schemathesis-3933,schemathesis/schemathesis,Python,minilm256_pool100,11,True,3,1,2,10,0.0,0.0,0.0,0.0,0.0,0.0,0.0,0.0,0.0,0.0,0.0,0.0,0.0,0.0,0.0,0.0,0.0,0.0,0.0,0.0,0.0
external,schemathesis__schemathesis-3933,schemathesis/schemathesis,Python,coderank256_pool100,11,True,3,1,2,10,0.0,0.0,0.0,0.0,0.0,0.0,0.0,0.0,0.0,0.0,0.0,0.0,0.0,0.0,0.0,0.0,0.0,0.0,0.0,0.0,0.0
external,schemathesis__schemathesis-3933,schemathesis/schemathesis,Python,coderank2048_pool100,11,True,3,1,2,10,0.0,0.0,0.0,0.0,0.0,0.0,0.0,0.0,0.0,0.0,0.0,0.0,0.0,0.0,0.0,0.0,0.0,0.0,0.0,0.0,0.0
external,schemathesis__schemathesis-3933,schemathesis/schemathesis,Python,qwen3-coder:30b/paths,11,True,3,1,2,10,0.0,0.0,0.0,0.0,0.0,0.3333333333333333,0.3333333333333333,0.3333333333333333,0.0,0.5,0.3333333333333333,0.2,0.2,0.0,0.5,0.3333333333333333,0.1,0.1,0.0,0.5,0.5
external,schemathesis__schemathesis-3933,schemathesis/schemathesis,Python,qwen3-coder:30b/content,11,True,3,1,2,10,0.3333333333333333,1.0,1.0,0.0,0.5,0.3333333333333333,0.3333333333333333,0.3333333333333333,0.0,0.5,0.6666666666666666,0.4,0.4,0.0,1.0,0.6666666666666666,0.2,0.2,0.0,1.0,1.0
external,schemathesis__schemathesis-3933,schemathesis/schemathesis,Python,devstral-small-2:24b/paths,11,True,3,1,2,10,0.3333333333333333,1.0,1.0,0.0,0.5,0.3333333333333333,0.3333333333333333,0.3333333333333333,0.0,0.5,0.3333333333333333,0.2,0.2,0.0,0.5,0.3333333333333333,0.1,0.1,0.0,0.5,1.0
external,schemathesis__schemathesis-3933,schemathesis/schemathesis,Python,devstral-small-2:24b/content,11,True,3,1,2,10,0.3333333333333333,1.0,1.0,0.0,0.5,0.3333333333333333,0.3333333333333333,0.3333333333333333,0.0,0.5,0.3333333333333333,0.2,0.2,0.0,0.5,0.3333333333333333,0.1,0.1,0.0,0.5,1.0
external,schemathesis__schemathesis-3933,schemathesis/schemathesis,Python,navigation/restricted40,11,True,3,1,2,10,0.0,0.0,0.0,0.0,0.0,0.3333333333333333,0.3333333333333333,0.3333333333333333,0.0,0.5,0.3333333333333333,0.2,0.2,0.0,0.5,0.6666666666666666,0.2,0.2,0.0,1.0,0.3333333333333333
external,schemathesis__schemathesis-3933,schemathesis/schemathesis,Python,navigation/repository,11,True,3,1,2,10,0.0,0.0,0.0,0.0,0.0,0.0,0.0,0.0,0.0,0.0,0.3333333333333333,0.2,0.2,0.0,0.5,0.3333333333333333,0.1,0.1,0.0,0.5,0.2
external,alibaba__opensandbox-816,alibaba/OpenSandbox,Python,path_bm25,11,True,2,1,1,10,0.0,0.0,0.0,0.0,0.0,0.0,0.0,0.0,0.0,0.0,0.0,0.0,0.0,0.0,0.0,0.0,0.0,0.0,0.0,0.0,0.0
external,alibaba__opensandbox-816,alibaba/OpenSandbox,Python,content_bm25,11,True,2,1,1,10,0.0,0.0,0.0,0.0,0.0,0.5,0.3333333333333333,0.3333333333333333,1.0,0.0,0.5,0.2,0.2,1.0,0.0,0.5,0.1,0.1,1.0,0.0,0.5
external,alibaba__opensandbox-816,alibaba/OpenSandbox,Python,dense_minilm,11,True,2,1,1,10,0.0,0.0,0.0,0.0,0.0,0.0,0.0,0.0,0.0,0.0,0.0,0.0,0.0,0.0,0.0,0.0,0.0,0.0,0.0,0.0,0.0
external,alibaba__opensandbox-816,alibaba/OpenSandbox,Python,hybrid_rrf,11,True,2,1,1,10,0.0,0.0,0.0,0.0,0.0,0.0,0.0,0.0,0.0,0.0,0.0,0.0,0.0,0.0,0.0,0.0,0.0,0.0,0.0,0.0,0.0
external,alibaba__opensandbox-816,alibaba/OpenSandbox,Python,minilm256_pool100,11,True,2,1,1,10,0.0,0.0,0.0,0.0,0.0,0.0,0.0,0.0,0.0,0.0,0.0,0.0,0.0,0.0,0.0,0.0,0.0,0.0,0.0,0.0,0.0
external,alibaba__opensandbox-816,alibaba/OpenSandbox,Python,coderank256_pool100,11,True,2,1,1,10,0.0,0.0,0.0,0.0,0.0,0.0,0.0,0.0,0.0,0.0,0.0,0.0,0.0,0.0,0.0,0.0,0.0,0.0,0.0,0.0,0.0
external,alibaba__opensandbox-816,alibaba/OpenSandbox,Python,coderank2048_pool100,11,True,2,1,1,10,0.0,0.0,0.0,0.0,0.0,0.0,0.0,0.0,0.0,0.0,0.0,0.0,0.0,0.0,0.0,0.0,0.0,0.0,0.0,0.0,0.0
external,alibaba__opensandbox-816,alibaba/OpenSandbox,Python,qwen3-coder:30b/paths,11,True,2,1,1,10,0.0,0.0,0.0,0.0,0.0,0.5,0.3333333333333333,0.3333333333333333,1.0,0.0,1.0,0.4,0.4,1.0,1.0,1.0,0.2,0.2,1.0,1.0,0.5
external,alibaba__opensandbox-816,alibaba/OpenSandbox,Python,qwen3-coder:30b/content,11,True,2,1,1,10,0.5,1.0,1.0,1.0,0.0,1.0,0.6666666666666666,0.6666666666666666,1.0,1.0,1.0,0.4,0.4,1.0,1.0,1.0,0.2,0.2,1.0,1.0,1.0
external,alibaba__opensandbox-816,alibaba/OpenSandbox,Python,devstral-small-2:24b/paths,11,True,2,1,1,10,0.0,0.0,0.0,0.0,0.0,1.0,0.6666666666666666,0.6666666666666666,1.0,1.0,1.0,0.4,0.4,1.0,1.0,1.0,0.2,0.2,1.0,1.0,0.5
external,alibaba__opensandbox-816,alibaba/OpenSandbox,Python,devstral-small-2:24b/content,11,True,2,1,1,2,0.5,1.0,1.0,1.0,0.0,1.0,0.6666666666666666,1.0,1.0,1.0,1.0,0.4,1.0,1.0,1.0,1.0,0.2,1.0,1.0,1.0,1.0
external,alibaba__opensandbox-816,alibaba/OpenSandbox,Python,navigation/restricted40,11,True,2,1,1,10,0.5,1.0,1.0,1.0,0.0,0.5,0.3333333333333333,0.3333333333333333,1.0,0.0,1.0,0.4,0.4,1.0,1.0,1.0,0.2,0.2,1.0,1.0,1.0
external,alibaba__opensandbox-816,alibaba/OpenSandbox,Python,navigation/repository,11,False,2,1,1,0,0.0,0.0,0.0,0.0,0.0,0.0,0.0,0.0,0.0,0.0,0.0,0.0,0.0,0.0,0.0,0.0,0.0,0.0,0.0,0.0,0.0
external,pdm-project__pdm-3759,pdm-project/pdm,Python,path_bm25,11,True,2,1,1,10,0.0,0.0,0.0,0.0,0.0,0.0,0.0,0.0,0.0,0.0,0.0,0.0,0.0,0.0,0.0,0.0,0.0,0.0,0.0,0.0,0.0
external,pdm-project__pdm-3759,pdm-project/pdm,Python,content_bm25,11,True,2,1,1,10,0.0,0.0,0.0,0.0,0.0,0.0,0.0,0.0,0.0,0.0,0.0,0.0,0.0,0.0,0.0,0.0,0.0,0.0,0.0,0.0,0.0
external,pdm-project__pdm-3759,pdm-project/pdm,Python,dense_minilm,11,True,2,1,1,10,0.0,0.0,0.0,0.0,0.0,0.0,0.0,0.0,0.0,0.0,0.0,0.0,0.0,0.0,0.0,0.0,0.0,0.0,0.0,0.0,0.0
external,pdm-project__pdm-3759,pdm-project/pdm,Python,hybrid_rrf,11,True,2,1,1,10,0.0,0.0,0.0,0.0,0.0,0.0,0.0,0.0,0.0,0.0,0.0,0.0,0.0,0.0,0.0,0.0,0.0,0.0,0.0,0.0,0.0
external,pdm-project__pdm-3759,pdm-project/pdm,Python,minilm256_pool100,11,True,2,1,1,10,0.0,0.0,0.0,0.0,0.0,0.0,0.0,0.0,0.0,0.0,0.0,0.0,0.0,0.0,0.0,0.0,0.0,0.0,0.0,0.0,0.0
external,pdm-project__pdm-3759,pdm-project/pdm,Python,coderank256_pool100,11,True,2,1,1,10,0.0,0.0,0.0,0.0,0.0,0.0,0.0,0.0,0.0,0.0,0.0,0.0,0.0,0.0,0.0,0.0,0.0,0.0,0.0,0.0,0.0
external,pdm-project__pdm-3759,pdm-project/pdm,Python,coderank2048_pool100,11,True,2,1,1,10,0.0,0.0,0.0,0.0,0.0,0.0,0.0,0.0,0.0,0.0,0.0,0.0,0.0,0.0,0.0,0.0,0.0,0.0,0.0,0.0,0.0
external,pdm-project__pdm-3759,pdm-project/pdm,Python,qwen3-coder:30b/paths,11,True,2,1,1,10,0.0,0.0,0.0,0.0,0.0,0.0,0.0,0.0,0.0,0.0,0.0,0.0,0.0,0.0,0.0,0.0,0.0,0.0,0.0,0.0,0.0
external,pdm-project__pdm-3759,pdm-project/pdm,Python,qwen3-coder:30b/content,11,True,2,1,1,10,0.0,0.0,0.0,0.0,0.0,0.0,0.0,0.0,0.0,0.0,0.0,0.0,0.0,0.0,0.0,0.0,0.0,0.0,0.0,0.0,0.0
external,pdm-project__pdm-3759,pdm-project/pdm,Python,devstral-small-2:24b/paths,11,True,2,1,1,10,0.0,0.0,0.0,0.0,0.0,0.0,0.0,0.0,0.0,0.0,0.0,0.0,0.0,0.0,0.0,0.0,0.0,0.0,0.0,0.0,0.0
external,pdm-project__pdm-3759,pdm-project/pdm,Python,devstral-small-2:24b/content,11,True,2,1,1,5,0.0,0.0,0.0,0.0,0.0,0.0,0.0,0.0,0.0,0.0,0.0,0.0,0.0,0.0,0.0,0.0,0.0,0.0,0.0,0.0,0.0
external,pdm-project__pdm-3759,pdm-project/pdm,Python,navigation/restricted40,11,True,2,1,1,10,0.0,0.0,0.0,0.0,0.0,0.0,0.0,0.0,0.0,0.0,0.0,0.0,0.0,0.0,0.0,0.0,0.0,0.0,0.0,0.0,0.0
external,pdm-project__pdm-3759,pdm-project/pdm,Python,navigation/repository,11,True,2,1,1,10,0.5,1.0,1.0,1.0,0.0,0.5,0.3333333333333333,0.3333333333333333,1.0,0.0,0.5,0.2,0.2,1.0,0.0,0.5,0.1,0.1,1.0,0.0,1.0
external,graphistry__pygraphistry-1277,graphistry/pygraphistry,Python,path_bm25,11,True,3,2,1,10,0.3333333333333333,1.0,1.0,0.0,1.0,0.6666666666666666,0.6666666666666666,0.6666666666666666,0.5,1.0,0.6666666666666666,0.4,0.4,0.5,1.0,0.6666666666666666,0.2,0.2,0.5,1.0,1.0
external,graphistry__pygraphistry-1277,graphistry/pygraphistry,Python,content_bm25,11,True,3,2,1,10,0.3333333333333333,1.0,1.0,0.5,0.0,0.6666666666666666,0.6666666666666666,0.6666666666666666,0.5,1.0,1.0,0.6,0.6,1.0,1.0,1.0,0.3,0.3,1.0,1.0,1.0
external,graphistry__pygraphistry-1277,graphistry/pygraphistry,Python,dense_minilm,11,True,3,2,1,10,0.0,0.0,0.0,0.0,0.0,0.0,0.0,0.0,0.0,0.0,0.0,0.0,0.0,0.0,0.0,0.3333333333333333,0.1,0.1,0.5,0.0,0.14285714285714285
external,graphistry__pygraphistry-1277,graphistry/pygraphistry,Python,hybrid_rrf,11,True,3,2,1,10,0.3333333333333333,1.0,1.0,0.5,0.0,0.6666666666666666,0.6666666666666666,0.6666666666666666,0.5,1.0,0.6666666666666666,0.4,0.4,0.5,1.0,0.6666666666666666,0.2,0.2,0.5,1.0,1.0
external,graphistry__pygraphistry-1277,graphistry/pygraphistry,Python,minilm256_pool100,11,True,3,2,1,10,0.0,0.0,0.0,0.0,0.0,0.0,0.0,0.0,0.0,0.0,0.0,0.0,0.0,0.0,0.0,0.3333333333333333,0.1,0.1,0.5,0.0,0.14285714285714285
external,graphistry__pygraphistry-1277,graphistry/pygraphistry,Python,coderank256_pool100,11,True,3,2,1,10,0.0,0.0,0.0,0.0,0.0,0.0,0.0,0.0,0.0,0.0,0.0,0.0,0.0,0.0,0.0,0.3333333333333333,0.1,0.1,0.5,0.0,0.1
external,graphistry__pygraphistry-1277,graphistry/pygraphistry,Python,coderank2048_pool100,11,True,3,2,1,10,0.0,0.0,0.0,0.0,0.0,0.0,0.0,0.0,0.0,0.0,0.0,0.0,0.0,0.0,0.0,0.0,0.0,0.0,0.0,0.0,0.0
external,graphistry__pygraphistry-1277,graphistry/pygraphistry,Python,qwen3-coder:30b/paths,11,True,3,2,1,10,0.3333333333333333,1.0,1.0,0.5,0.0,0.6666666666666666,0.6666666666666666,0.6666666666666666,0.5,1.0,0.6666666666666666,0.4,0.4,0.5,1.0,0.6666666666666666,0.2,0.2,0.5,1.0,1.0
external,graphistry__pygraphistry-1277,graphistry/pygraphistry,Python,qwen3-coder:30b/content,11,True,3,2,1,10,0.3333333333333333,1.0,1.0,0.5,0.0,0.6666666666666666,0.6666666666666666,0.6666666666666666,0.5,1.0,0.6666666666666666,0.4,0.4,0.5,1.0,1.0,0.3,0.3,1.0,1.0,1.0
external,graphistry__pygraphistry-1277,graphistry/pygraphistry,Python,devstral-small-2:24b/paths,11,True,3,2,1,10,0.3333333333333333,1.0,1.0,0.5,0.0,0.6666666666666666,0.6666666666666666,0.6666666666666666,0.5,1.0,0.6666666666666666,0.4,0.4,0.5,1.0,0.6666666666666666,0.2,0.2,0.5,1.0,1.0
external,graphistry__pygraphistry-1277,graphistry/pygraphistry,Python,devstral-small-2:24b/content,11,True,3,2,1,10,0.3333333333333333,1.0,1.0,0.5,0.0,0.6666666666666666,0.6666666666666666,0.6666666666666666,0.5,1.0,0.6666666666666666,0.4,0.4,0.5,1.0,0.6666666666666666,0.2,0.2,0.5,1.0,1.0
external,graphistry__pygraphistry-1277,graphistry/pygraphistry,Python,navigation/restricted40,11,True,3,2,1,10,0.3333333333333333,1.0,1.0,0.5,0.0,0.6666666666666666,0.6666666666666666,0.6666666666666666,0.5,1.0,0.6666666666666666,0.4,0.4,0.5,1.0,1.0,0.3,0.3,1.0,1.0,1.0
external,graphistry__pygraphistry-1277,graphistry/pygraphistry,Python,navigation/repository,11,True,3,2,1,10,0.3333333333333333,1.0,1.0,0.0,1.0,0.6666666666666666,0.6666666666666666,0.6666666666666666,0.5,1.0,0.6666666666666666,0.4,0.4,0.5,1.0,0.6666666666666666,0.2,0.2,0.5,1.0,1.0
external,holoviz__param-1117,holoviz/param,Python,path_bm25,11,True,2,1,1,10,0.0,0.0,0.0,0.0,0.0,0.0,0.0,0.0,0.0,0.0,0.5,0.2,0.2,1.0,0.0,0.5,0.1,0.1,1.0,0.0,0.2
external,holoviz__param-1117,holoviz/param,Python,content_bm25,11,True,2,1,1,10,0.0,0.0,0.0,0.0,0.0,0.5,0.3333333333333333,0.3333333333333333,1.0,0.0,0.5,0.2,0.2,1.0,0.0,0.5,0.1,0.1,1.0,0.0,0.3333333333333333
external,holoviz__param-1117,holoviz/param,Python,dense_minilm,11,True,2,1,1,10,0.5,1.0,1.0,1.0,0.0,0.5,0.3333333333333333,0.3333333333333333,1.0,0.0,1.0,0.4,0.4,1.0,1.0,1.0,0.2,0.2,1.0,1.0,1.0
external,holoviz__param-1117,holoviz/param,Python,hybrid_rrf,11,True,2,1,1,10,0.0,0.0,0.0,0.0,0.0,0.5,0.3333333333333333,0.3333333333333333,1.0,0.0,0.5,0.2,0.2,1.0,0.0,1.0,0.2,0.2,1.0,1.0,0.5
external,holoviz__param-1117,holoviz/param,Python,minilm256_pool100,11,True,2,1,1,10,0.5,1.0,1.0,1.0,0.0,0.5,0.3333333333333333,0.3333333333333333,1.0,0.0,1.0,0.4,0.4,1.0,1.0,1.0,0.2,0.2,1.0,1.0,1.0
external,holoviz__param-1117,holoviz/param,Python,coderank256_pool100,11,True,2,1,1,10,0.5,1.0,1.0,1.0,0.0,0.5,0.3333333333333333,0.3333333333333333,1.0,0.0,1.0,0.4,0.4,1.0,1.0,1.0,0.2,0.2,1.0,1.0,1.0
external,holoviz__param-1117,holoviz/param,Python,coderank2048_pool100,11,True,2,1,1,10,0.5,1.0,1.0,1.0,0.0,1.0,0.6666666666666666,0.6666666666666666,1.0,1.0,1.0,0.4,0.4,1.0,1.0,1.0,0.2,0.2,1.0,1.0,1.0
external,holoviz__param-1117,holoviz/param,Python,qwen3-coder:30b/paths,11,True,2,1,1,10,0.5,1.0,1.0,1.0,0.0,1.0,0.6666666666666666,0.6666666666666666,1.0,1.0,1.0,0.4,0.4,1.0,1.0,1.0,0.2,0.2,1.0,1.0,1.0
external,holoviz__param-1117,holoviz/param,Python,qwen3-coder:30b/content,11,True,2,1,1,2,0.5,1.0,1.0,1.0,0.0,1.0,0.6666666666666666,1.0,1.0,1.0,1.0,0.4,1.0,1.0,1.0,1.0,0.2,1.0,1.0,1.0,1.0
external,holoviz__param-1117,holoviz/param,Python,devstral-small-2:24b/paths,11,True,2,1,1,10,0.5,1.0,1.0,1.0,0.0,1.0,0.6666666666666666,0.6666666666666666,1.0,1.0,1.0,0.4,0.4,1.0,1.0,1.0,0.2,0.2,1.0,1.0,1.0
external,holoviz__param-1117,holoviz/param,Python,devstral-small-2:24b/content,11,True,2,1,1,5,0.5,1.0,1.0,1.0,0.0,1.0,0.6666666666666666,0.6666666666666666,1.0,1.0,1.0,0.4,0.4,1.0,1.0,1.0,0.2,0.4,1.0,1.0,1.0
external,holoviz__param-1117,holoviz/param,Python,navigation/restricted40,11,True,2,1,1,10,0.5,1.0,1.0,1.0,0.0,1.0,0.6666666666666666,0.6666666666666666,1.0,1.0,1.0,0.4,0.4,1.0,1.0,1.0,0.2,0.2,1.0,1.0,1.0
external,holoviz__param-1117,holoviz/param,Python,navigation/repository,11,True,2,1,1,10,0.5,1.0,1.0,1.0,0.0,1.0,0.6666666666666666,0.6666666666666666,1.0,1.0,1.0,0.4,0.4,1.0,1.0,1.0,0.2,0.2,1.0,1.0,1.0
external,tobymao__sqlglot-7187,tobymao/sqlglot,Python,path_bm25,11,True,4,3,1,10,0.0,0.0,0.0,0.0,0.0,0.0,0.0,0.0,0.0,0.0,0.25,0.2,0.2,0.3333333333333333,0.0,0.25,0.1,0.1,0.3333333333333333,0.0,0.2
external,tobymao__sqlglot-7187,tobymao/sqlglot,Python,content_bm25,11,True,4,3,1,10,0.0,0.0,0.0,0.0,0.0,0.0,0.0,0.0,0.0,0.0,0.5,0.4,0.4,0.3333333333333333,1.0,0.75,0.3,0.3,0.6666666666666666,1.0,0.25
external,tobymao__sqlglot-7187,tobymao/sqlglot,Python,dense_minilm,11,True,4,3,1,10,0.25,1.0,1.0,0.3333333333333333,0.0,0.25,0.3333333333333333,0.3333333333333333,0.3333333333333333,0.0,0.25,0.2,0.2,0.3333333333333333,0.0,0.75,0.3,0.3,0.6666666666666666,1.0,1.0
external,tobymao__sqlglot-7187,tobymao/sqlglot,Python,hybrid_rrf,11,True,4,3,1,10,0.25,1.0,1.0,0.3333333333333333,0.0,0.5,0.6666666666666666,0.6666666666666666,0.3333333333333333,1.0,0.75,0.6,0.6,0.6666666666666666,1.0,0.75,0.3,0.3,0.6666666666666666,1.0,1.0
external,tobymao__sqlglot-7187,tobymao/sqlglot,Python,minilm256_pool100,11,True,4,3,1,10,0.25,1.0,1.0,0.3333333333333333,0.0,0.25,0.3333333333333333,0.3333333333333333,0.3333333333333333,0.0,0.25,0.2,0.2,0.3333333333333333,0.0,0.75,0.3,0.3,0.6666666666666666,1.0,1.0
external,tobymao__sqlglot-7187,tobymao/sqlglot,Python,coderank256_pool100,11,True,4,3,1,10,0.0,0.0,0.0,0.0,0.0,0.5,0.6666666666666666,0.6666666666666666,0.3333333333333333,1.0,0.5,0.4,0.4,0.3333333333333333,1.0,0.5,0.2,0.2,0.3333333333333333,1.0,0.5
external,tobymao__sqlglot-7187,tobymao/sqlglot,Python,coderank2048_pool100,11,True,4,3,1,10,0.0,0.0,0.0,0.0,0.0,0.0,0.0,0.0,0.0,0.0,0.25,0.2,0.2,0.0,1.0,0.25,0.1,0.1,0.0,1.0,0.2
external,tobymao__sqlglot-7187,tobymao/sqlglot,Python,qwen3-coder:30b/paths,11,True,4,3,1,10,0.25,1.0,1.0,0.3333333333333333,0.0,0.75,1.0,1.0,0.6666666666666666,1.0,0.75,0.6,0.6,0.6666666666666666,1.0,1.0,0.4,0.4,1.0,1.0,1.0
external,tobymao__sqlglot-7187,tobymao/sqlglot,Python,qwen3-coder:30b/content,11,True,4,3,1,10,0.25,1.0,1.0,0.3333333333333333,0.0,0.5,0.6666666666666666,0.6666666666666666,0.3333333333333333,1.0,0.75,0.6,0.6,0.6666666666666666,1.0,0.75,0.3,0.3,0.6666666666666666,1.0,1.0
external,tobymao__sqlglot-7187,tobymao/sqlglot,Python,devstral-small-2:24b/paths,11,True,4,3,1,10,0.25,1.0,1.0,0.3333333333333333,0.0,0.25,0.3333333333333333,0.3333333333333333,0.3333333333333333,0.0,0.5,0.4,0.4,0.6666666666666666,0.0,0.75,0.3,0.3,1.0,0.0,1.0
external,tobymao__sqlglot-7187,tobymao/sqlglot,Python,devstral-small-2:24b/content,11,True,4,3,1,10,0.25,1.0,1.0,0.3333333333333333,0.0,0.5,0.6666666666666666,0.6666666666666666,0.3333333333333333,1.0,0.5,0.4,0.4,0.3333333333333333,1.0,1.0,0.4,0.4,1.0,1.0,1.0
external,tobymao__sqlglot-7187,tobymao/sqlglot,Python,navigation/restricted40,11,True,4,3,1,10,0.25,1.0,1.0,0.0,1.0,0.75,1.0,1.0,0.6666666666666666,1.0,0.75,0.6,0.6,0.6666666666666666,1.0,1.0,0.4,0.4,1.0,1.0,1.0
external,tobymao__sqlglot-7187,tobymao/sqlglot,Python,navigation/repository,11,True,4,3,1,10,0.25,1.0,1.0,0.0,1.0,0.75,1.0,1.0,0.6666666666666666,1.0,0.75,0.6,0.6,0.6666666666666666,1.0,1.0,0.4,0.4,1.0,1.0,1.0
external,cs-si__eodag-2176,CS-SI/eodag,Python,path_bm25,11,True,3,1,2,10,0.0,0.0,0.0,0.0,0.0,0.0,0.0,0.0,0.0,0.0,0.0,0.0,0.0,0.0,0.0,0.0,0.0,0.0,0.0,0.0,0.0
external,cs-si__eodag-2176,CS-SI/eodag,Python,content_bm25,11,True,3,1,2,10,0.0,0.0,0.0,0.0,0.0,0.0,0.0,0.0,0.0,0.0,0.6666666666666666,0.4,0.4,1.0,0.5,0.6666666666666666,0.2,0.2,1.0,0.5,0.25
external,cs-si__eodag-2176,CS-SI/eodag,Python,dense_minilm,11,True,3,1,2,10,0.0,0.0,0.0,0.0,0.0,0.0,0.0,0.0,0.0,0.0,0.0,0.0,0.0,0.0,0.0,0.0,0.0,0.0,0.0,0.0,0.0
external,cs-si__eodag-2176,CS-SI/eodag,Python,hybrid_rrf,11,True,3,1,2,10,0.0,0.0,0.0,0.0,0.0,0.0,0.0,0.0,0.0,0.0,0.0,0.0,0.0,0.0,0.0,0.0,0.0,0.0,0.0,0.0,0.0
external,cs-si__eodag-2176,CS-SI/eodag,Python,minilm256_pool100,11,True,3,1,2,10,0.0,0.0,0.0,0.0,0.0,0.0,0.0,0.0,0.0,0.0,0.0,0.0,0.0,0.0,0.0,0.0,0.0,0.0,0.0,0.0,0.0
external,cs-si__eodag-2176,CS-SI/eodag,Python,coderank256_pool100,11,True,3,1,2,10,0.0,0.0,0.0,0.0,0.0,0.0,0.0,0.0,0.0,0.0,0.0,0.0,0.0,0.0,0.0,0.0,0.0,0.0,0.0,0.0,0.0
external,cs-si__eodag-2176,CS-SI/eodag,Python,coderank2048_pool100,11,True,3,1,2,10,0.0,0.0,0.0,0.0,0.0,0.0,0.0,0.0,0.0,0.0,0.0,0.0,0.0,0.0,0.0,0.0,0.0,0.0,0.0,0.0,0.0
external,cs-si__eodag-2176,CS-SI/eodag,Python,qwen3-coder:30b/paths,11,True,3,1,2,10,0.3333333333333333,1.0,1.0,1.0,0.0,0.3333333333333333,0.3333333333333333,0.3333333333333333,1.0,0.0,0.3333333333333333,0.2,0.2,1.0,0.0,0.6666666666666666,0.2,0.2,1.0,0.5,1.0
external,cs-si__eodag-2176,CS-SI/eodag,Python,qwen3-coder:30b/content,11,True,3,1,2,2,0.3333333333333333,1.0,1.0,1.0,0.0,0.3333333333333333,0.3333333333333333,0.5,1.0,0.0,0.3333333333333333,0.2,0.5,1.0,0.0,0.3333333333333333,0.1,0.5,1.0,0.0,1.0
external,cs-si__eodag-2176,CS-SI/eodag,Python,devstral-small-2:24b/paths,11,True,3,1,2,10,0.3333333333333333,1.0,1.0,1.0,0.0,0.6666666666666666,0.6666666666666666,0.6666666666666666,1.0,0.5,0.6666666666666666,0.4,0.4,1.0,0.5,0.6666666666666666,0.2,0.2,1.0,0.5,1.0
external,cs-si__eodag-2176,CS-SI/eodag,Python,devstral-small-2:24b/content,11,True,3,1,2,3,0.3333333333333333,1.0,1.0,1.0,0.0,0.3333333333333333,0.3333333333333333,0.3333333333333333,1.0,0.0,0.3333333333333333,0.2,0.3333333333333333,1.0,0.0,0.3333333333333333,0.1,0.3333333333333333,1.0,0.0,1.0
external,cs-si__eodag-2176,CS-SI/eodag,Python,navigation/restricted40,11,True,3,1,2,10,0.3333333333333333,1.0,1.0,1.0,0.0,0.3333333333333333,0.3333333333333333,0.3333333333333333,1.0,0.0,0.6666666666666666,0.4,0.4,1.0,0.5,0.6666666666666666,0.2,0.2,1.0,0.5,1.0
external,cs-si__eodag-2176,CS-SI/eodag,Python,navigation/repository,11,True,3,1,2,10,0.3333333333333333,1.0,1.0,1.0,0.0,0.3333333333333333,0.3333333333333333,0.3333333333333333,1.0,0.0,0.3333333333333333,0.2,0.2,1.0,0.0,0.6666666666666666,0.2,0.2,1.0,0.5,1.0
external,psd-tools__psd-tools-593,psd-tools/psd-tools,Python,path_bm25,11,True,3,1,2,10,0.0,0.0,0.0,0.0,0.0,0.0,0.0,0.0,0.0,0.0,0.3333333333333333,0.2,0.2,1.0,0.0,0.6666666666666666,0.2,0.2,1.0,0.5,0.2
external,psd-tools__psd-tools-593,psd-tools/psd-tools,Python,content_bm25,11,True,3,1,2,10,0.0,0.0,0.0,0.0,0.0,0.0,0.0,0.0,0.0,0.0,0.0,0.0,0.0,0.0,0.0,0.3333333333333333,0.1,0.1,0.0,0.5,0.14285714285714285
external,psd-tools__psd-tools-593,psd-tools/psd-tools,Python,dense_minilm,11,True,3,1,2,10,0.0,0.0,0.0,0.0,0.0,0.3333333333333333,0.3333333333333333,0.3333333333333333,0.0,0.5,0.3333333333333333,0.2,0.2,0.0,0.5,0.3333333333333333,0.1,0.1,0.0,0.5,0.3333333333333333
external,psd-tools__psd-tools-593,psd-tools/psd-tools,Python,hybrid_rrf,11,True,3,1,2,10,0.3333333333333333,1.0,1.0,0.0,0.5,0.3333333333333333,0.3333333333333333,0.3333333333333333,0.0,0.5,0.3333333333333333,0.2,0.2,0.0,0.5,1.0,0.3,0.3,1.0,1.0,1.0
external,psd-tools__psd-tools-593,psd-tools/psd-tools,Python,minilm256_pool100,11,True,3,1,2,10,0.0,0.0,0.0,0.0,0.0,0.3333333333333333,0.3333333333333333,0.3333333333333333,0.0,0.5,0.3333333333333333,0.2,0.2,0.0,0.5,0.3333333333333333,0.1,0.1,0.0,0.5,0.3333333333333333
external,psd-tools__psd-tools-593,psd-tools/psd-tools,Python,coderank256_pool100,11,True,3,1,2,10,0.3333333333333333,1.0,1.0,0.0,0.5,0.3333333333333333,0.3333333333333333,0.3333333333333333,0.0,0.5,0.6666666666666666,0.4,0.4,1.0,0.5,0.6666666666666666,0.2,0.2,1.0,0.5,1.0
external,psd-tools__psd-tools-593,psd-tools/psd-tools,Python,coderank2048_pool100,11,True,3,1,2,10,0.0,0.0,0.0,0.0,0.0,0.0,0.0,0.0,0.0,0.0,0.0,0.0,0.0,0.0,0.0,0.0,0.0,0.0,0.0,0.0,0.0
external,psd-tools__psd-tools-593,psd-tools/psd-tools,Python,qwen3-coder:30b/paths,11,True,3,1,2,10,0.0,0.0,0.0,0.0,0.0,0.3333333333333333,0.3333333333333333,0.3333333333333333,1.0,0.0,0.3333333333333333,0.2,0.2,1.0,0.0,1.0,0.3,0.3,1.0,1.0,0.5
external,psd-tools__psd-tools-593,psd-tools/psd-tools,Python,qwen3-coder:30b/content,11,True,3,1,2,10,0.3333333333333333,1.0,1.0,1.0,0.0,0.3333333333333333,0.3333333333333333,0.3333333333333333,1.0,0.0,0.6666666666666666,0.4,0.4,1.0,0.5,1.0,0.3,0.3,1.0,1.0,1.0
external,psd-tools__psd-tools-593,psd-tools/psd-tools,Python,devstral-small-2:24b/paths,11,True,3,1,2,10,0.0,0.0,0.0,0.0,0.0,0.6666666666666666,0.6666666666666666,0.6666666666666666,1.0,0.5,0.6666666666666666,0.4,0.4,1.0,0.5,0.6666666666666666,0.2,0.2,1.0,0.5,0.5
external,psd-tools__psd-tools-593,psd-tools/psd-tools,Python,devstral-small-2:24b/content,11,True,3,1,2,10,0.3333333333333333,1.0,1.0,1.0,0.0,0.3333333333333333,0.3333333333333333,0.3333333333333333,1.0,0.0,0.6666666666666666,0.4,0.4,1.0,0.5,1.0,0.3,0.3,1.0,1.0,1.0
external,psd-tools__psd-tools-593,psd-tools/psd-tools,Python,navigation/restricted40,11,True,3,1,2,10,0.3333333333333333,1.0,1.0,1.0,0.0,0.3333333333333333,0.3333333333333333,0.3333333333333333,1.0,0.0,1.0,0.6,0.6,1.0,1.0,1.0,0.3,0.3,1.0,1.0,1.0
external,psd-tools__psd-tools-593,psd-tools/psd-tools,Python,navigation/repository,11,True,3,1,2,10,0.3333333333333333,1.0,1.0,1.0,0.0,0.3333333333333333,0.3333333333333333,0.3333333333333333,1.0,0.0,1.0,0.6,0.6,1.0,1.0,1.0,0.3,0.3,1.0,1.0,1.0
external,getmoto__moto-9903,getmoto/moto,Python,path_bm25,11,True,2,1,1,10,0.0,0.0,0.0,0.0,0.0,0.0,0.0,0.0,0.0,0.0,0.0,0.0,0.0,0.0,0.0,0.0,0.0,0.0,0.0,0.0,0.0
external,getmoto__moto-9903,getmoto/moto,Python,content_bm25,11,True,2,1,1,10,0.5,1.0,1.0,0.0,1.0,0.5,0.3333333333333333,0.3333333333333333,0.0,1.0,1.0,0.4,0.4,1.0,1.0,1.0,0.2,0.2,1.0,1.0,1.0
external,getmoto__moto-9903,getmoto/moto,Python,dense_minilm,11,True,2,1,1,10,0.0,0.0,0.0,0.0,0.0,0.0,0.0,0.0,0.0,0.0,0.0,0.0,0.0,0.0,0.0,0.0,0.0,0.0,0.0,0.0,0.0
external,getmoto__moto-9903,getmoto/moto,Python,hybrid_rrf,11,True,2,1,1,10,0.0,0.0,0.0,0.0,0.0,0.0,0.0,0.0,0.0,0.0,0.5,0.2,0.2,0.0,1.0,0.5,0.1,0.1,0.0,1.0,0.25
external,getmoto__moto-9903,getmoto/moto,Python,minilm256_pool100,11,True,2,1,1,10,0.0,0.0,0.0,0.0,0.0,0.0,0.0,0.0,0.0,0.0,0.0,0.0,0.0,0.0,0.0,0.0,0.0,0.0,0.0,0.0,0.0
external,getmoto__moto-9903,getmoto/moto,Python,coderank256_pool100,11,True,2,1,1,10,0.0,0.0,0.0,0.0,0.0,0.0,0.0,0.0,0.0,0.0,0.0,0.0,0.0,0.0,0.0,0.0,0.0,0.0,0.0,0.0,0.0
external,getmoto__moto-9903,getmoto/moto,Python,coderank2048_pool100,11,True,2,1,1,10,0.0,0.0,0.0,0.0,0.0,0.0,0.0,0.0,0.0,0.0,0.0,0.0,0.0,0.0,0.0,0.0,0.0,0.0,0.0,0.0,0.0
external,getmoto__moto-9903,getmoto/moto,Python,qwen3-coder:30b/paths,11,True,2,1,1,10,0.0,0.0,0.0,0.0,0.0,0.5,0.3333333333333333,0.3333333333333333,1.0,0.0,1.0,0.4,0.4,1.0,1.0,1.0,0.2,0.2,1.0,1.0,0.5
external,getmoto__moto-9903,getmoto/moto,Python,qwen3-coder:30b/content,11,True,2,1,1,10,0.5,1.0,1.0,1.0,0.0,0.5,0.3333333333333333,0.3333333333333333,1.0,0.0,0.5,0.2,0.2,1.0,0.0,0.5,0.1,0.1,1.0,0.0,1.0
external,getmoto__moto-9903,getmoto/moto,Python,devstral-small-2:24b/paths,11,True,2,1,1,5,0.0,0.0,0.0,0.0,0.0,0.5,0.3333333333333333,0.3333333333333333,1.0,0.0,0.5,0.2,0.2,1.0,0.0,0.5,0.1,0.2,1.0,0.0,0.5
external,getmoto__moto-9903,getmoto/moto,Python,devstral-small-2:24b/content,11,True,2,1,1,5,0.5,1.0,1.0,1.0,0.0,0.5,0.3333333333333333,0.3333333333333333,1.0,0.0,0.5,0.2,0.2,1.0,0.0,0.5,0.1,0.2,1.0,0.0,1.0
external,getmoto__moto-9903,getmoto/moto,Python,navigation/restricted40,11,True,2,1,1,5,0.5,1.0,1.0,1.0,0.0,0.5,0.3333333333333333,0.3333333333333333,1.0,0.0,1.0,0.4,0.4,1.0,1.0,1.0,0.2,0.4,1.0,1.0,1.0
external,getmoto__moto-9903,getmoto/moto,Python,navigation/repository,11,True,2,1,1,5,0.0,0.0,0.0,0.0,0.0,1.0,0.6666666666666666,0.6666666666666666,1.0,1.0,1.0,0.4,0.4,1.0,1.0,1.0,0.2,0.4,1.0,1.0,0.5
external,copier-org__copier-2646,copier-org/copier,Python,path_bm25,11,True,3,2,1,10,0.0,0.0,0.0,0.0,0.0,0.0,0.0,0.0,0.0,0.0,0.0,0.0,0.0,0.0,0.0,0.6666666666666666,0.2,0.2,1.0,0.0,0.14285714285714285
external,copier-org__copier-2646,copier-org/copier,Python,content_bm25,11,True,3,2,1,10,0.0,0.0,0.0,0.0,0.0,0.0,0.0,0.0,0.0,0.0,0.3333333333333333,0.2,0.2,0.5,0.0,0.3333333333333333,0.1,0.1,0.5,0.0,0.2
external,copier-org__copier-2646,copier-org/copier,Python,dense_minilm,11,True,3,2,1,10,0.3333333333333333,1.0,1.0,0.0,1.0,0.3333333333333333,0.3333333333333333,0.3333333333333333,0.0,1.0,0.3333333333333333,0.2,0.2,0.0,1.0,0.6666666666666666,0.2,0.2,0.5,1.0,1.0
external,copier-org__copier-2646,copier-org/copier,Python,hybrid_rrf,11,True,3,2,1,10,0.0,0.0,0.0,0.0,0.0,0.3333333333333333,0.3333333333333333,0.3333333333333333,0.5,0.0,0.3333333333333333,0.2,0.2,0.5,0.0,1.0,0.3,0.3,1.0,1.0,0.3333333333333333
external,copier-org__copier-2646,copier-org/copier,Python,minilm256_pool100,11,True,3,2,1,10,0.3333333333333333,1.0,1.0,0.0,1.0,0.3333333333333333,0.3333333333333333,0.3333333333333333,0.0,1.0,0.3333333333333333,0.2,0.2,0.0,1.0,0.6666666666666666,0.2,0.2,0.5,1.0,1.0
external,copier-org__copier-2646,copier-org/copier,Python,coderank256_pool100,11,True,3,2,1,10,0.3333333333333333,1.0,1.0,0.5,0.0,0.3333333333333333,0.3333333333333333,0.3333333333333333,0.5,0.0,0.3333333333333333,0.2,0.2,0.5,0.0,0.6666666666666666,0.2,0.2,1.0,0.0,1.0
external,copier-org__copier-2646,copier-org/copier,Python,coderank2048_pool100,11,True,3,2,1,10,0.0,0.0,0.0,0.0,0.0,0.3333333333333333,0.3333333333333333,0.3333333333333333,0.0,1.0,0.3333333333333333,0.2,0.2,0.0,1.0,0.6666666666666666,0.2,0.2,0.5,1.0,0.3333333333333333
external,copier-org__copier-2646,copier-org/copier,Python,qwen3-coder:30b/paths,11,True,3,2,1,10,0.3333333333333333,1.0,1.0,0.5,0.0,0.3333333333333333,0.3333333333333333,0.3333333333333333,0.5,0.0,0.3333333333333333,0.2,0.2,0.5,0.0,0.6666666666666666,0.2,0.2,1.0,0.0,1.0
external,copier-org__copier-2646,copier-org/copier,Python,qwen3-coder:30b/content,11,True,3,2,1,10,0.3333333333333333,1.0,1.0,0.5,0.0,0.6666666666666666,0.6666666666666666,0.6666666666666666,1.0,0.0,0.6666666666666666,0.4,0.4,1.0,0.0,1.0,0.3,0.3,1.0,1.0,1.0
external,copier-org__copier-2646,copier-org/copier,Python,devstral-small-2:24b/paths,11,True,3,2,1,5,0.3333333333333333,1.0,1.0,0.5,0.0,0.6666666666666666,0.6666666666666666,0.6666666666666666,0.5,1.0,0.6666666666666666,0.4,0.4,0.5,1.0,0.6666666666666666,0.2,0.4,0.5,1.0,1.0
external,copier-org__copier-2646,copier-org/copier,Python,devstral-small-2:24b/content,11,True,3,2,1,10,0.3333333333333333,1.0,1.0,0.5,0.0,0.6666666666666666,0.6666666666666666,0.6666666666666666,0.5,1.0,0.6666666666666666,0.4,0.4,0.5,1.0,0.6666666666666666,0.2,0.2,0.5,1.0,1.0
external,copier-org__copier-2646,copier-org/copier,Python,navigation/restricted40,11,True,3,2,1,10,0.3333333333333333,1.0,1.0,0.5,0.0,0.3333333333333333,0.3333333333333333,0.3333333333333333,0.5,0.0,0.6666666666666666,0.4,0.4,0.5,1.0,1.0,0.3,0.3,1.0,1.0,1.0
external,copier-org__copier-2646,copier-org/copier,Python,navigation/repository,11,True,3,2,1,10,0.3333333333333333,1.0,1.0,0.5,0.0,0.6666666666666666,0.6666666666666666,0.6666666666666666,0.5,1.0,0.6666666666666666,0.4,0.4,0.5,1.0,0.6666666666666666,0.2,0.2,0.5,1.0,1.0
external,getmoto__moto-9841,getmoto/moto,Python,path_bm25,11,True,4,2,2,10,0.0,0.0,0.0,0.0,0.0,0.0,0.0,0.0,0.0,0.0,0.0,0.0,0.0,0.0,0.0,0.0,0.0,0.0,0.0,0.0,0.0
external,getmoto__moto-9841,getmoto/moto,Python,content_bm25,11,True,4,2,2,10,0.0,0.0,0.0,0.0,0.0,0.0,0.0,0.0,0.0,0.0,0.25,0.2,0.2,0.5,0.0,0.25,0.1,0.1,0.5,0.0,0.2
external,getmoto__moto-9841,getmoto/moto,Python,dense_minilm,11,True,4,2,2,10,0.25,1.0,1.0,0.0,0.5,0.25,0.3333333333333333,0.3333333333333333,0.0,0.5,0.25,0.2,0.2,0.0,0.5,0.25,0.1,0.1,0.0,0.5,1.0
external,getmoto__moto-9841,getmoto/moto,Python,hybrid_rrf,11,True,4,2,2,10,0.0,0.0,0.0,0.0,0.0,0.0,0.0,0.0,0.0,0.0,0.25,0.2,0.2,0.5,0.0,0.5,0.2,0.2,0.5,0.5,0.2
external,getmoto__moto-9841,getmoto/moto,Python,minilm256_pool100,11,True,4,2,2,10,0.25,1.0,1.0,0.0,0.5,0.25,0.3333333333333333,0.3333333333333333,0.0,0.5,0.25,0.2,0.2,0.0,0.5,0.25,0.1,0.1,0.0,0.5,1.0
external,getmoto__moto-9841,getmoto/moto,Python,coderank256_pool100,11,True,4,2,2,10,0.25,1.0,1.0,0.0,0.5,0.5,0.6666666666666666,0.6666666666666666,0.5,0.5,0.5,0.4,0.4,0.5,0.5,0.5,0.2,0.2,0.5,0.5,1.0
external,getmoto__moto-9841,getmoto/moto,Python,coderank2048_pool100,11,True,4,2,2,10,0.25,1.0,1.0,0.0,0.5,0.5,0.6666666666666666,0.6666666666666666,0.5,0.5,0.5,0.4,0.4,0.5,0.5,0.75,0.3,0.3,1.0,0.5,1.0
external,getmoto__moto-9841,getmoto/moto,Python,qwen3-coder:30b/paths,11,True,4,2,2,10,0.25,1.0,1.0,0.5,0.0,0.5,0.6666666666666666,0.6666666666666666,0.5,0.5,0.5,0.4,0.4,0.5,0.5,0.5,0.2,0.2,0.5,0.5,1.0
external,getmoto__moto-9841,getmoto/moto,Python,qwen3-coder:30b/content,11,True,4,2,2,10,0.25,1.0,1.0,0.5,0.0,0.5,0.6666666666666666,0.6666666666666666,0.5,0.5,0.5,0.4,0.4,0.5,0.5,0.5,0.2,0.2,0.5,0.5,1.0
external,getmoto__moto-9841,getmoto/moto,Python,devstral-small-2:24b/paths,11,True,4,2,2,3,0.25,1.0,1.0,0.5,0.0,0.5,0.6666666666666666,0.6666666666666666,0.5,0.5,0.5,0.4,0.6666666666666666,0.5,0.5,0.5,0.2,0.6666666666666666,0.5,0.5,1.0
external,getmoto__moto-9841,getmoto/moto,Python,devstral-small-2:24b/content,11,True,4,2,2,2,0.25,1.0,1.0,0.5,0.0,0.5,0.6666666666666666,1.0,0.5,0.5,0.5,0.4,1.0,0.5,0.5,0.5,0.2,1.0,0.5,0.5,1.0
external,getmoto__moto-9841,getmoto/moto,Python,navigation/restricted40,11,True,4,2,2,2,0.25,1.0,1.0,0.5,0.0,0.5,0.6666666666666666,1.0,0.5,0.5,0.5,0.4,1.0,0.5,0.5,0.5,0.2,1.0,0.5,0.5,1.0
external,getmoto__moto-9841,getmoto/moto,Python,navigation/repository,11,True,4,2,2,2,0.25,1.0,1.0,0.5,0.0,0.5,0.6666666666666666,1.0,0.5,0.5,0.5,0.4,1.0,0.5,0.5,0.5,0.2,1.0,0.5,0.5,1.0
external,ultraplot__ultraplot-696,Ultraplot/UltraPlot,Python,path_bm25,11,True,2,1,1,10,0.0,0.0,0.0,0.0,0.0,0.0,0.0,0.0,0.0,0.0,0.0,0.0,0.0,0.0,0.0,0.5,0.1,0.1,1.0,0.0,0.14285714285714285
external,ultraplot__ultraplot-696,Ultraplot/UltraPlot,Python,content_bm25,11,True,2,1,1,10,0.0,0.0,0.0,0.0,0.0,0.5,0.3333333333333333,0.3333333333333333,1.0,0.0,0.5,0.2,0.2,1.0,0.0,0.5,0.1,0.1,1.0,0.0,0.5
external,ultraplot__ultraplot-696,Ultraplot/UltraPlot,Python,dense_minilm,11,True,2,1,1,10,0.0,0.0,0.0,0.0,0.0,0.5,0.3333333333333333,0.3333333333333333,0.0,1.0,0.5,0.2,0.2,0.0,1.0,0.5,0.1,0.1,0.0,1.0,0.3333333333333333
external,ultraplot__ultraplot-696,Ultraplot/UltraPlot,Python,hybrid_rrf,11,True,2,1,1,10,0.5,1.0,1.0,0.0,1.0,0.5,0.3333333333333333,0.3333333333333333,0.0,1.0,0.5,0.2,0.2,0.0,1.0,0.5,0.1,0.1,0.0,1.0,1.0
external,ultraplot__ultraplot-696,Ultraplot/UltraPlot,Python,minilm256_pool100,11,True,2,1,1,10,0.0,0.0,0.0,0.0,0.0,0.5,0.3333333333333333,0.3333333333333333,0.0,1.0,0.5,0.2,0.2,0.0,1.0,0.5,0.1,0.1,0.0,1.0,0.3333333333333333
external,ultraplot__ultraplot-696,Ultraplot/UltraPlot,Python,coderank256_pool100,11,True,2,1,1,10,0.0,0.0,0.0,0.0,0.0,0.0,0.0,0.0,0.0,0.0,0.0,0.0,0.0,0.0,0.0,0.0,0.0,0.0,0.0,0.0,0.0
external,ultraplot__ultraplot-696,Ultraplot/UltraPlot,Python,coderank2048_pool100,11,True,2,1,1,10,0.0,0.0,0.0,0.0,0.0,0.0,0.0,0.0,0.0,0.0,0.0,0.0,0.0,0.0,0.0,0.0,0.0,0.0,0.0,0.0,0.0
external,ultraplot__ultraplot-696,Ultraplot/UltraPlot,Python,qwen3-coder:30b/paths,11,True,2,1,1,10,0.0,0.0,0.0,0.0,0.0,0.0,0.0,0.0,0.0,0.0,0.5,0.2,0.2,1.0,0.0,1.0,0.2,0.2,1.0,1.0,0.25
external,ultraplot__ultraplot-696,Ultraplot/UltraPlot,Python,qwen3-coder:30b/content,11,True,2,1,1,10,0.5,1.0,1.0,1.0,0.0,0.5,0.3333333333333333,0.3333333333333333,1.0,0.0,0.5,0.2,0.2,1.0,0.0,0.5,0.1,0.1,1.0,0.0,1.0
external,ultraplot__ultraplot-696,Ultraplot/UltraPlot,Python,devstral-small-2:24b/paths,11,True,2,1,1,10,0.0,0.0,0.0,0.0,0.0,0.0,0.0,0.0,0.0,0.0,0.5,0.2,0.2,0.0,1.0,1.0,0.2,0.2,1.0,1.0,0.25
external,ultraplot__ultraplot-696,Ultraplot/UltraPlot,Python,devstral-small-2:24b/content,11,True,2,1,1,10,0.0,0.0,0.0,0.0,0.0,0.5,0.3333333333333333,0.3333333333333333,1.0,0.0,0.5,0.2,0.2,1.0,0.0,1.0,0.2,0.2,1.0,1.0,0.5
external,ultraplot__ultraplot-696,Ultraplot/UltraPlot,Python,navigation/restricted40,11,True,2,1,1,10,0.5,1.0,1.0,1.0,0.0,0.5,0.3333333333333333,0.3333333333333333,1.0,0.0,1.0,0.4,0.4,1.0,1.0,1.0,0.2,0.2,1.0,1.0,1.0
external,ultraplot__ultraplot-696,Ultraplot/UltraPlot,Python,navigation/repository,11,True,2,1,1,10,0.0,0.0,0.0,0.0,0.0,1.0,0.6666666666666666,0.6666666666666666,1.0,1.0,1.0,0.4,0.4,1.0,1.0,1.0,0.2,0.2,1.0,1.0,0.5
external,schemathesis__schemathesis-4087,schemathesis/schemathesis,Python,path_bm25,11,True,3,1,2,10,0.0,0.0,0.0,0.0,0.0,0.0,0.0,0.0,0.0,0.0,0.0,0.0,0.0,0.0,0.0,0.0,0.0,0.0,0.0,0.0,0.0
external,schemathesis__schemathesis-4087,schemathesis/schemathesis,Python,content_bm25,11,True,3,1,2,10,0.0,0.0,0.0,0.0,0.0,0.3333333333333333,0.3333333333333333,0.3333333333333333,1.0,0.0,0.3333333333333333,0.2,0.2,1.0,0.0,0.6666666666666666,0.2,0.2,1.0,0.5,0.3333333333333333
external,schemathesis__schemathesis-4087,schemathesis/schemathesis,Python,dense_minilm,11,True,3,1,2,10,0.3333333333333333,1.0,1.0,1.0,0.0,0.3333333333333333,0.3333333333333333,0.3333333333333333,1.0,0.0,0.3333333333333333,0.2,0.2,1.0,0.0,0.3333333333333333,0.1,0.1,1.0,0.0,1.0
external,schemathesis__schemathesis-4087,schemathesis/schemathesis,Python,hybrid_rrf,11,True,3,1,2,10,0.3333333333333333,1.0,1.0,1.0,0.0,0.3333333333333333,0.3333333333333333,0.3333333333333333,1.0,0.0,0.3333333333333333,0.2,0.2,1.0,0.0,0.6666666666666666,0.2,0.2,1.0,0.5,1.0
external,schemathesis__schemathesis-4087,schemathesis/schemathesis,Python,minilm256_pool100,11,True,3,1,2,10,0.3333333333333333,1.0,1.0,1.0,0.0,0.3333333333333333,0.3333333333333333,0.3333333333333333,1.0,0.0,0.3333333333333333,0.2,0.2,1.0,0.0,0.3333333333333333,0.1,0.1,1.0,0.0,1.0
external,schemathesis__schemathesis-4087,schemathesis/schemathesis,Python,coderank256_pool100,11,True,3,1,2,10,0.0,0.0,0.0,0.0,0.0,0.0,0.0,0.0,0.0,0.0,0.0,0.0,0.0,0.0,0.0,0.3333333333333333,0.1,0.1,1.0,0.0,0.125
external,schemathesis__schemathesis-4087,schemathesis/schemathesis,Python,coderank2048_pool100,11,True,3,1,2,10,0.0,0.0,0.0,0.0,0.0,0.0,0.0,0.0,0.0,0.0,0.0,0.0,0.0,0.0,0.0,0.0,0.0,0.0,0.0,0.0,0.0
external,schemathesis__schemathesis-4087,schemathesis/schemathesis,Python,qwen3-coder:30b/paths,11,True,3,1,2,10,0.3333333333333333,1.0,1.0,0.0,0.5,0.6666666666666666,0.6666666666666666,0.6666666666666666,0.0,1.0,0.6666666666666666,0.4,0.4,0.0,1.0,0.6666666666666666,0.2,0.2,0.0,1.0,1.0
external,schemathesis__schemathesis-4087,schemathesis/schemathesis,Python,qwen3-coder:30b/content,11,True,3,1,2,10,0.3333333333333333,1.0,1.0,0.0,0.5,0.6666666666666666,0.6666666666666666,0.6666666666666666,0.0,1.0,0.6666666666666666,0.4,0.4,0.0,1.0,0.6666666666666666,0.2,0.2,0.0,1.0,1.0
external,schemathesis__schemathesis-4087,schemathesis/schemathesis,Python,devstral-small-2:24b/paths,11,True,3,1,2,10,0.3333333333333333,1.0,1.0,0.0,0.5,0.6666666666666666,0.6666666666666666,0.6666666666666666,0.0,1.0,0.6666666666666666,0.4,0.4,0.0,1.0,0.6666666666666666,0.2,0.2,0.0,1.0,1.0
external,schemathesis__schemathesis-4087,schemathesis/schemathesis,Python,devstral-small-2:24b/content,11,True,3,1,2,10,0.3333333333333333,1.0,1.0,0.0,0.5,0.3333333333333333,0.3333333333333333,0.3333333333333333,0.0,0.5,0.3333333333333333,0.2,0.2,0.0,0.5,0.3333333333333333,0.1,0.1,0.0,0.5,1.0
external,schemathesis__schemathesis-4087,schemathesis/schemathesis,Python,navigation/restricted40,11,False,3,1,2,0,0.0,0.0,0.0,0.0,0.0,0.0,0.0,0.0,0.0,0.0,0.0,0.0,0.0,0.0,0.0,0.0,0.0,0.0,0.0,0.0,0.0
external,schemathesis__schemathesis-4087,schemathesis/schemathesis,Python,navigation/repository,11,True,3,1,2,10,0.3333333333333333,1.0,1.0,0.0,0.5,0.3333333333333333,0.3333333333333333,0.3333333333333333,0.0,0.5,0.3333333333333333,0.2,0.2,0.0,0.5,0.6666666666666666,0.2,0.2,0.0,1.0,1.0
