all_precision_at_10,all_recall_at_10,basename_all_recall_at_10,candidate_path_count,code_f1_at_5,code_precision_at_5,code_recall_at_10,code_recall_at_5,condition,elapsed_sec,gold_code_files,gold_test_files,language,model,parse_ok,predicted_code_files,predicted_test_files,repo,returncode,task_category,task_id,test_f1_at_5,test_precision_at_5,test_recall_at_10,test_recall_at_5
0.0,0.0,0.0,132,0.0,0.0,0.0,0.0,issue_only,2.482,1,1,Java,qwen2.5-coder:3b,1,2,2,apache/dubbo,0,Feature,apache__dubbo-2750,0.0,0.0,0.0,0.0
0.0,0.0,0.0,132,0.0,0.0,0.0,0.0,issue_plus_inventory,2.092,1,1,Java,qwen2.5-coder:3b,1,2,2,apache/dubbo,0,Feature,apache__dubbo-2750,0.0,0.0,0.0,0.0
0.0,0.0,0.0,132,0.0,0.0,0.0,0.0,issue_plus_hints,1.174,1,1,Java,qwen2.5-coder:3b,1,2,2,apache/dubbo,0,Feature,apache__dubbo-2750,0.0,0.0,0.0,0.0
0.0,0.0,0.0,258,0.0,0.0,0.0,0.0,issue_only,0.867,1,1,Java,qwen2.5-coder:3b,1,2,1,trinodb/trino,0,Feature,trinodb__trino-117,0.0,0.0,0.0,0.0
0.5,1.0,1.0,258,0.6666666666666666,0.5,1.0,1.0,issue_plus_inventory,2.487,1,1,Java,qwen2.5-coder:3b,1,2,2,trinodb/trino,0,Feature,trinodb__trino-117,0.6666666666666666,0.5,1.0,1.0
0.5,1.0,1.0,258,0.6666666666666666,0.5,1.0,1.0,issue_plus_hints,1.158,1,1,Java,qwen2.5-coder:3b,1,2,2,trinodb/trino,0,Feature,trinodb__trino-117,0.6666666666666666,0.5,1.0,1.0
0.3333333333333333,0.25,0.25,258,0.5,1.0,0.3333333333333333,0.3333333333333333,issue_only,1.414,3,1,Java,qwen2.5-coder:3b,1,1,2,trinodb/trino,0,Feature,trinodb__trino-741,0.0,0.0,0.0,0.0
1.0,0.5,0.5,258,0.5,1.0,0.3333333333333333,0.3333333333333333,issue_plus_inventory,2.295,3,1,Java,qwen2.5-coder:3b,1,1,1,trinodb/trino,0,Feature,trinodb__trino-741,1.0,1.0,1.0,1.0
1.0,0.75,0.75,258,0.8,1.0,0.6666666666666666,0.6666666666666666,issue_plus_hints,1.217,3,1,Java,qwen2.5-coder:3b,1,2,1,trinodb/trino,0,Feature,trinodb__trino-741,1.0,1.0,1.0,1.0
0.0,0.0,0.0,258,0.0,0.0,0.0,0.0,issue_only,1.177,2,1,Java,qwen2.5-coder:3b,1,2,2,trinodb/trino,0,Feature,trinodb__trino-748,0.0,0.0,0.0,0.0
0.5,0.6666666666666666,0.6666666666666666,258,0.5,0.5,0.5,0.5,issue_plus_inventory,2.463,2,1,Java,qwen2.5-coder:3b,1,2,2,trinodb/trino,0,Feature,trinodb__trino-748,0.0,0.0,0.0,0.0
0.4,0.6666666666666666,0.6666666666666666,258,0.5,0.5,0.5,0.5,issue_plus_hints,1.726,2,1,Java,qwen2.5-coder:3b,1,2,3,trinodb/trino,0,Feature,trinodb__trino-748,0.0,0.0,0.0,0.0
0.0,0.0,0.0,258,0.0,0.0,0.0,0.0,issue_only,1.246,5,2,Java,qwen2.5-coder:3b,1,2,1,trinodb/trino,0,Feature,trinodb__trino-799,0.0,0.0,0.0,0.0
0.0,0.0,0.0,258,0.0,0.0,0.0,0.0,issue_plus_inventory,3.106,5,2,Java,qwen2.5-coder:3b,1,5,5,trinodb/trino,0,Feature,trinodb__trino-799,0.0,0.0,0.0,0.0
0.0,0.0,0.0,258,0.0,0.0,0.0,0.0,issue_plus_hints,2.336,5,2,Java,qwen2.5-coder:3b,1,5,5,trinodb/trino,0,Feature,trinodb__trino-799,0.0,0.0,0.0,0.0
0.0,0.0,0.0,258,0.0,0.0,0.0,0.0,issue_only,1.542,3,10,Java,qwen2.5-coder:3b,1,4,2,trinodb/trino,0,Feature,trinodb__trino-1090,0.0,0.0,0.0,0.0
0.5,0.23076923076923078,0.23076923076923078,258,0.0,0.0,0.0,0.0,issue_plus_inventory,2.667,3,10,Java,qwen2.5-coder:3b,1,3,3,trinodb/trino,0,Feature,trinodb__trino-1090,0.4615384615384615,1.0,0.3,0.3
0.5,0.23076923076923078,0.23076923076923078,258,0.0,0.0,0.0,0.0,issue_plus_hints,1.418,3,10,Java,qwen2.5-coder:3b,1,3,3,trinodb/trino,0,Feature,trinodb__trino-1090,0.4615384615384615,1.0,0.3,0.3
0.3333333333333333,0.06666666666666667,0.06666666666666667,258,0.14285714285714288,1.0,0.07692307692307693,0.07692307692307693,issue_only,1.154,13,2,Java,qwen2.5-coder:3b,1,1,2,trinodb/trino,0,Feature,trinodb__trino-1174,0.0,0.0,0.0,0.0
0.75,0.2,0.2,258,0.2666666666666667,1.0,0.15384615384615385,0.15384615384615385,issue_plus_inventory,2.579,13,2,Java,qwen2.5-coder:3b,1,2,2,trinodb/trino,0,Feature,trinodb__trino-1174,0.5,0.5,0.5,0.5
0.3333333333333333,0.13333333333333333,0.13333333333333333,258,0.14285714285714288,1.0,0.07692307692307693,0.07692307692307693,issue_plus_hints,1.538,13,2,Java,qwen2.5-coder:3b,1,1,5,trinodb/trino,0,Feature,trinodb__trino-1174,0.28571428571428575,0.2,0.5,0.5
0.0,0.0,0.0,258,0.0,0.0,0.0,0.0,issue_only,0.966,2,1,Java,qwen2.5-coder:3b,1,2,1,trinodb/trino,0,Feature,trinodb__trino-1848,0.0,0.0,0.0,0.0
0.0,0.0,0.0,258,0.0,0.0,0.0,0.0,issue_plus_inventory,2.601,2,1,Java,qwen2.5-coder:3b,1,3,2,trinodb/trino,0,Feature,trinodb__trino-1848,0.0,0.0,0.0,0.0
0.0,0.0,0.0,258,0.0,0.0,0.0,0.0,issue_plus_hints,1.376,2,1,Java,qwen2.5-coder:3b,1,3,2,trinodb/trino,0,Feature,trinodb__trino-1848,0.0,0.0,0.0,0.0
0.0,0.0,0.0,258,0.0,0.0,0.0,0.0,issue_only,1.216,3,5,Java,qwen2.5-coder:3b,1,2,2,trinodb/trino,0,Feature,trinodb__trino-1872,0.0,0.0,0.0,0.0
0.0,0.0,0.0,258,0.0,0.0,0.0,0.0,issue_plus_inventory,2.631,3,5,Java,qwen2.5-coder:3b,1,2,3,trinodb/trino,0,Feature,trinodb__trino-1872,0.0,0.0,0.0,0.0
0.0,0.0,0.0,258,0.0,0.0,0.0,0.0,issue_plus_hints,1.548,3,5,Java,qwen2.5-coder:3b,1,2,3,trinodb/trino,0,Feature,trinodb__trino-1872,0.0,0.0,0.0,0.0
0.0,0.0,0.25,258,0.0,0.0,0.0,0.0,issue_only,1.462,3,1,Java,qwen2.5-coder:3b,1,2,1,trinodb/trino,0,Feature,trinodb__trino-3392,0.0,0.0,0.0,0.0
0.5,0.5,0.5,258,0.4,0.5,0.3333333333333333,0.3333333333333333,issue_plus_inventory,2.251,3,1,Java,qwen2.5-coder:3b,1,2,3,trinodb/trino,0,Feature,trinodb__trino-3392,0.5,0.3333333333333333,1.0,1.0
0.5,0.5,0.5,258,0.4,0.5,0.3333333333333333,0.3333333333333333,issue_plus_hints,1.257,3,1,Java,qwen2.5-coder:3b,1,2,3,trinodb/trino,0,Feature,trinodb__trino-3392,0.5,0.3333333333333333,1.0,1.0
0.0,0.0,0.0,258,0.0,0.0,0.0,0.0,issue_only,1.516,3,3,Java,qwen2.5-coder:3b,1,3,3,trinodb/trino,0,Feature,trinodb__trino-3638,0.0,0.0,0.0,0.0
0.25,0.3333333333333333,0.5,258,0.0,0.0,0.0,0.0,issue_plus_inventory,3.641,3,3,Java,qwen2.5-coder:3b,1,5,5,trinodb/trino,0,Feature,trinodb__trino-3638,0.5,0.4,0.6666666666666666,0.6666666666666666
0.25,0.3333333333333333,0.5,258,0.0,0.0,0.0,0.0,issue_plus_hints,2.406,3,3,Java,qwen2.5-coder:3b,1,5,5,trinodb/trino,0,Feature,trinodb__trino-3638,0.5,0.4,0.6666666666666666,0.6666666666666666
0.0,0.0,0.0,258,0.0,0.0,0.0,0.0,issue_only,1.041,3,1,Java,qwen2.5-coder:3b,1,2,1,trinodb/trino,0,Feature,trinodb__trino-3771,0.0,0.0,0.0,0.0
0.0,0.0,0.0,258,0.0,0.0,0.0,0.0,issue_plus_inventory,2.609,3,1,Java,qwen2.5-coder:3b,1,2,2,trinodb/trino,0,Feature,trinodb__trino-3771,0.0,0.0,0.0,0.0
0.0,0.0,0.0,258,0.0,0.0,0.0,0.0,issue_plus_hints,1.33,3,1,Java,qwen2.5-coder:3b,1,2,2,trinodb/trino,0,Feature,trinodb__trino-3771,0.0,0.0,0.0,0.0
0.0,0.0,0.25,258,0.0,0.0,0.0,0.0,issue_only,1.237,2,2,Java,qwen2.5-coder:3b,1,2,2,trinodb/trino,0,Feature,trinodb__trino-4458,0.0,0.0,0.0,0.0
0.4,0.5,0.5,258,0.5,0.5,0.5,0.5,issue_plus_inventory,2.659,2,2,Java,qwen2.5-coder:3b,1,2,3,trinodb/trino,0,Feature,trinodb__trino-4458,0.0,0.0,0.0,0.0
0.4,0.5,0.5,258,0.5,0.5,0.5,0.5,issue_plus_hints,1.521,2,2,Java,qwen2.5-coder:3b,1,2,3,trinodb/trino,0,Feature,trinodb__trino-4458,0.0,0.0,0.0,0.0
0.0,0.0,0.0,23,0.0,0.0,0.0,0.0,issue_only,1.102,2,2,Java,qwen2.5-coder:3b,1,1,2,google/guava,0,Feature,google__guava-3971,0.0,0.0,0.0,0.0
1.0,1.0,1.0,23,1.0,1.0,1.0,1.0,issue_plus_inventory,1.105,2,2,Java,qwen2.5-coder:3b,1,1,1,google/guava,0,Feature,google__guava-3971,1.0,1.0,1.0,1.0
1.0,1.0,1.0,23,1.0,1.0,1.0,1.0,issue_plus_hints,1.02,2,2,Java,qwen2.5-coder:3b,1,1,1,google/guava,0,Feature,google__guava-3971,1.0,1.0,1.0,1.0
0.0,0.0,0.25,258,0.0,0.0,0.0,0.0,issue_only,1.021,3,1,Java,qwen2.5-coder:3b,1,2,2,trinodb/trino,0,Feature,trinodb__trino-4600,0.0,0.0,0.0,0.0
0.25,0.25,0.25,258,0.4,0.5,0.3333333333333333,0.3333333333333333,issue_plus_inventory,2.04,3,1,Java,qwen2.5-coder:3b,1,2,2,trinodb/trino,0,Feature,trinodb__trino-4600,0.0,0.0,0.0,0.0
0.25,0.25,0.25,258,0.4,0.5,0.3333333333333333,0.3333333333333333,issue_plus_hints,1.114,3,1,Java,qwen2.5-coder:3b,1,2,2,trinodb/trino,0,Feature,trinodb__trino-4600,0.0,0.0,0.0,0.0
0.0,0.0,0.0,258,0.0,0.0,0.0,0.0,issue_only,1.571,3,3,Java,qwen2.5-coder:3b,1,5,4,trinodb/trino,0,Feature,trinodb__trino-5507,0.0,0.0,0.0,0.0
0.4,0.3333333333333333,0.3333333333333333,258,0.3333333333333333,0.3333333333333333,0.3333333333333333,0.3333333333333333,issue_plus_inventory,2.471,3,3,Java,qwen2.5-coder:3b,1,3,2,trinodb/trino,0,Feature,trinodb__trino-5507,0.4,0.5,0.3333333333333333,0.3333333333333333
0.4,0.3333333333333333,0.3333333333333333,258,0.3333333333333333,0.3333333333333333,0.3333333333333333,0.3333333333333333,issue_plus_hints,1.289,3,3,Java,qwen2.5-coder:3b,1,3,2,trinodb/trino,0,Feature,trinodb__trino-5507,0.4,0.5,0.3333333333333333,0.3333333333333333
0.0,0.0,0.0,258,0.0,0.0,0.0,0.0,issue_only,1.217,2,3,Java,qwen2.5-coder:3b,1,2,2,trinodb/trino,0,Feature,trinodb__trino-6074,0.0,0.0,0.0,0.0
1.0,1.0,1.0,258,1.0,1.0,1.0,1.0,issue_plus_inventory,2.547,2,3,Java,qwen2.5-coder:3b,1,2,3,trinodb/trino,0,Feature,trinodb__trino-6074,1.0,1.0,1.0,1.0
1.0,1.0,1.0,258,1.0,1.0,1.0,1.0,issue_plus_hints,1.562,2,3,Java,qwen2.5-coder:3b,1,2,3,trinodb/trino,0,Feature,trinodb__trino-6074,1.0,1.0,1.0,1.0
0.2,0.14285714285714285,0.14285714285714285,80,0.33333333333333337,1.0,0.2,0.2,issue_only,1.139,5,2,Java,qwen2.5-coder:3b,1,1,4,google/gson,0,Feature,google__gson-1904,0.0,0.0,0.0,0.0
0.6666666666666666,0.2857142857142857,0.2857142857142857,80,0.33333333333333337,1.0,0.2,0.2,issue_plus_inventory,1.797,5,2,Java,qwen2.5-coder:3b,1,1,2,google/gson,0,Feature,google__gson-1904,0.5,0.5,0.5,0.5
0.6,0.42857142857142855,0.42857142857142855,80,0.28571428571428575,0.5,0.2,0.2,issue_plus_hints,1.316,5,2,Java,qwen2.5-coder:3b,1,2,3,google/gson,0,Feature,google__gson-1904,0.4,0.3333333333333333,0.5,0.5
0.0,0.0,0.0,132,0.0,0.0,0.0,0.0,issue_only,1.082,3,1,Java,qwen2.5-coder:3b,1,2,1,apache/dubbo,0,Feature,apache__dubbo-8032,0.0,0.0,0.0,0.0
0.0,0.0,0.25,132,0.0,0.0,0.0,0.0,issue_plus_inventory,2.506,3,1,Java,qwen2.5-coder:3b,1,1,2,apache/dubbo,0,Feature,apache__dubbo-8032,0.0,0.0,0.0,0.0
0.5,0.25,0.5,132,0.0,0.0,0.0,0.0,issue_plus_hints,1.188,3,1,Java,qwen2.5-coder:3b,1,2,1,apache/dubbo,0,Feature,apache__dubbo-8032,1.0,1.0,1.0,1.0
0.0,0.0,0.0,45,0.0,0.0,0.0,0.0,issue_only,1.017,11,5,Java,qwen2.5-coder:3b,1,2,1,apolloconfig/apollo,0,Feature,apolloconfig__apollo-4119,0.0,0.0,0.0,0.0
0.75,0.1875,0.25,45,0.28571428571428575,0.6666666666666666,0.18181818181818182,0.18181818181818182,issue_plus_inventory,1.659,11,5,Java,qwen2.5-coder:3b,1,3,1,apolloconfig/apollo,0,Feature,apolloconfig__apollo-4119,0.33333333333333337,1.0,0.2,0.2
0.5714285714285714,0.25,0.3125,45,0.39999999999999997,0.75,0.2727272727272727,0.2727272727272727,issue_plus_hints,1.485,11,5,Java,qwen2.5-coder:3b,1,4,3,apolloconfig/apollo,0,Feature,apolloconfig__apollo-4119,0.25,0.3333333333333333,0.2,0.2
0.0,0.0,0.0,45,0.0,0.0,0.0,0.0,issue_only,1.01,4,2,Java,qwen2.5-coder:3b,1,2,1,apolloconfig/apollo,0,Feature,apolloconfig__apollo-4199,0.0,0.0,0.0,0.0
0.5,0.3333333333333333,0.3333333333333333,45,0.3333333333333333,0.5,0.25,0.25,issue_plus_inventory,1.783,4,2,Java,qwen2.5-coder:3b,1,2,2,apolloconfig/apollo,0,Feature,apolloconfig__apollo-4199,0.5,0.5,0.5,0.5
0.4,0.3333333333333333,0.3333333333333333,45,0.28571428571428575,0.3333333333333333,0.25,0.25,issue_plus_hints,1.406,4,2,Java,qwen2.5-coder:3b,1,3,2,apolloconfig/apollo,0,Feature,apolloconfig__apollo-4199,0.5,0.5,0.5,0.5
0.3333333333333333,0.25,0.5,45,0.5,1.0,0.3333333333333333,0.3333333333333333,issue_only,1.148,3,1,Java,qwen2.5-coder:3b,1,1,2,apolloconfig/apollo,0,Feature,apolloconfig__apollo-4207,0.0,0.0,0.0,0.0
0.5,0.25,0.5,45,0.5,1.0,0.3333333333333333,0.3333333333333333,issue_plus_inventory,1.561,3,1,Java,qwen2.5-coder:3b,1,1,1,apolloconfig/apollo,0,Feature,apolloconfig__apollo-4207,0.0,0.0,0.0,0.0
0.5,0.25,0.5,45,0.5,1.0,0.3333333333333333,0.3333333333333333,issue_plus_hints,1.052,3,1,Java,qwen2.5-coder:3b,1,1,1,apolloconfig/apollo,0,Feature,apolloconfig__apollo-4207,0.0,0.0,0.0,0.0
0.0,0.0,0.0,157,0.0,0.0,0.0,0.0,issue_only,1.195,1,1,Java,qwen2.5-coder:3b,1,3,3,apache/rocketmq,0,Feature,apache__rocketmq-3862,0.0,0.0,0.0,0.0
0.0,0.0,0.0,157,0.0,0.0,0.0,0.0,issue_plus_inventory,2.366,1,1,Java,qwen2.5-coder:3b,1,2,3,apache/rocketmq,0,Feature,apache__rocketmq-3862,0.0,0.0,0.0,0.0
0.0,0.0,0.0,157,0.0,0.0,0.0,0.0,issue_plus_hints,1.262,1,1,Java,qwen2.5-coder:3b,1,2,3,apache/rocketmq,0,Feature,apache__rocketmq-3862,0.0,0.0,0.0,0.0
0.0,0.0,0.0,157,0.0,0.0,0.0,0.0,issue_only,1.64,2,1,Java,qwen2.5-coder:3b,1,3,3,apache/rocketmq,0,Feature,apache__rocketmq-4122,0.0,0.0,0.0,0.0
0.25,0.3333333333333333,0.3333333333333333,157,0.0,0.0,0.0,0.0,issue_plus_inventory,2.607,2,1,Java,qwen2.5-coder:3b,1,3,3,apache/rocketmq,0,Feature,apache__rocketmq-4122,0.5,0.3333333333333333,1.0,1.0
0.25,0.3333333333333333,0.3333333333333333,157,0.0,0.0,0.0,0.0,issue_plus_hints,1.451,2,1,Java,qwen2.5-coder:3b,1,3,3,apache/rocketmq,0,Feature,apache__rocketmq-4122,0.5,0.3333333333333333,1.0,1.0
0.3333333333333333,0.5,1.0,80,1.0,1.0,1.0,1.0,issue_only,0.869,1,1,Java,qwen2.5-coder:3b,1,1,2,google/gson,0,Feature,google__gson-2130,0.0,0.0,0.0,0.0
0.6666666666666666,1.0,1.0,80,1.0,1.0,1.0,1.0,issue_plus_inventory,1.834,1,1,Java,qwen2.5-coder:3b,1,1,2,google/gson,0,Feature,google__gson-2130,0.6666666666666666,0.5,1.0,1.0
0.6666666666666666,1.0,1.0,80,1.0,1.0,1.0,1.0,issue_plus_hints,1.037,1,1,Java,qwen2.5-coder:3b,1,1,2,google/gson,0,Feature,google__gson-2130,0.6666666666666666,0.5,1.0,1.0
0.0,0.0,0.0625,45,0.0,0.0,0.0,0.0,issue_only,1.135,15,1,Java,qwen2.5-coder:3b,1,2,2,apolloconfig/apollo,0,Feature,apolloconfig__apollo-4464,0.0,0.0,0.0,0.0
0.8,0.25,0.25,45,0.33333333333333337,1.0,0.2,0.2,issue_plus_inventory,1.944,15,1,Java,qwen2.5-coder:3b,1,3,2,apolloconfig/apollo,0,Feature,apolloconfig__apollo-4464,0.6666666666666666,0.5,1.0,1.0
0.5,0.1875,0.25,45,0.2222222222222222,0.6666666666666666,0.13333333333333333,0.13333333333333333,issue_plus_hints,1.535,15,1,Java,qwen2.5-coder:3b,1,3,3,apolloconfig/apollo,0,Feature,apolloconfig__apollo-4464,0.5,0.3333333333333333,1.0,1.0
0.0,0.0,0.0,157,0.0,0.0,0.0,0.0,issue_only,1.465,4,5,Java,qwen2.5-coder:3b,1,5,5,apache/rocketmq,0,Feature,apache__rocketmq-5062,0.0,0.0,0.0,0.0
0.8333333333333334,0.5555555555555556,0.5555555555555556,157,0.8571428571428571,1.0,0.75,0.75,issue_plus_inventory,2.748,4,5,Java,qwen2.5-coder:3b,1,3,3,apache/rocketmq,0,Feature,apache__rocketmq-5062,0.5,0.6666666666666666,0.4,0.4
0.8333333333333334,0.5555555555555556,0.5555555555555556,157,0.8571428571428571,1.0,0.75,0.75,issue_plus_hints,1.598,4,5,Java,qwen2.5-coder:3b,1,3,3,apache/rocketmq,0,Feature,apache__rocketmq-5062,0.5,0.6666666666666666,0.4,0.4
0.0,0.0,0.0,157,0.0,0.0,0.0,0.0,issue_only,1.209,3,1,Java,qwen2.5-coder:3b,1,2,2,apache/rocketmq,0,Feature,apache__rocketmq-5286,0.0,0.0,0.0,0.0
0.25,0.25,0.25,157,0.4,0.5,0.3333333333333333,0.3333333333333333,issue_plus_inventory,2.222,3,1,Java,qwen2.5-coder:3b,1,2,2,apache/rocketmq,0,Feature,apache__rocketmq-5286,0.0,0.0,0.0,0.0
0.16666666666666666,0.25,0.25,157,0.3333333333333333,0.3333333333333333,0.3333333333333333,0.3333333333333333,issue_plus_hints,1.316,3,1,Java,qwen2.5-coder:3b,1,3,3,apache/rocketmq,0,Feature,apache__rocketmq-5286,0.0,0.0,0.0,0.0
0.0,0.0,0.0,132,0.0,0.0,0.0,0.0,issue_only,0.901,1,3,Java,qwen2.5-coder:3b,1,1,1,apache/dubbo,0,Feature,apache__dubbo-10846,0.0,0.0,0.0,0.0
0.25,0.25,0.25,132,0.6666666666666666,0.5,1.0,1.0,issue_plus_inventory,2.581,1,3,Java,qwen2.5-coder:3b,1,2,2,apache/dubbo,0,Feature,apache__dubbo-10846,0.0,0.0,0.0,0.0
0.25,0.25,0.25,132,0.6666666666666666,0.5,1.0,1.0,issue_plus_hints,1.184,1,3,Java,qwen2.5-coder:3b,1,2,2,apache/dubbo,0,Feature,apache__dubbo-10846,0.0,0.0,0.0,0.0
0.0,0.0,0.2,157,0.0,0.0,0.0,0.0,issue_only,1.994,3,2,Java,qwen2.5-coder:3b,1,3,3,apache/rocketmq,0,Feature,apache__rocketmq-5706,0.0,0.0,0.0,0.0
0.6,0.6,0.8,157,0.3333333333333333,0.3333333333333333,0.3333333333333333,0.3333333333333333,issue_plus_inventory,2.569,3,2,Java,qwen2.5-coder:3b,1,3,2,apache/rocketmq,0,Feature,apache__rocketmq-5706,0.0,0.0,0.0,0.0
1.0,1.0,1.0,157,0.7499999999999999,0.6,1.0,1.0,issue_plus_hints,1.905,3,2,Java,qwen2.5-coder:3b,1,5,3,apache/rocketmq,0,Feature,apache__rocketmq-5706,0.8,0.6666666666666666,1.0,1.0
0.0,0.0,0.0,132,0.0,0.0,0.0,0.0,issue_only,1.66,1,1,Java,qwen2.5-coder:3b,1,3,1,apache/dubbo,0,Feature,apache__dubbo-11255,0.0,0.0,0.0,0.0
0.2,0.5,0.5,132,0.0,0.0,0.0,0.0,issue_plus_inventory,2.867,1,1,Java,qwen2.5-coder:3b,1,3,3,apache/dubbo,0,Feature,apache__dubbo-11255,0.5,0.3333333333333333,1.0,1.0
0.2,0.5,0.5,132,0.0,0.0,0.0,0.0,issue_plus_hints,1.615,1,1,Java,qwen2.5-coder:3b,1,3,3,apache/dubbo,0,Feature,apache__dubbo-11255,0.5,0.3333333333333333,1.0,1.0
0.0,0.0,0.0,132,0.0,0.0,0.0,0.0,issue_only,2.41,8,2,Java,qwen2.5-coder:3b,1,4,4,apache/dubbo,0,Feature,apache__dubbo-11420,0.0,0.0,0.0,0.0
1.0,0.4,0.4,132,0.2,0.5,0.125,0.125,issue_plus_inventory,2.662,8,2,Java,qwen2.5-coder:3b,1,2,2,apache/dubbo,0,Feature,apache__dubbo-11420,0.5,0.5,0.5,0.5
1.0,0.4,0.4,132,0.2,0.5,0.125,0.125,issue_plus_hints,1.352,8,2,Java,qwen2.5-coder:3b,1,2,2,apache/dubbo,0,Feature,apache__dubbo-11420,0.5,0.5,0.5,0.5
0.3333333333333333,0.14285714285714285,0.42857142857142855,80,0.4,1.0,0.25,0.25,issue_only,1.024,4,3,Java,qwen2.5-coder:3b,1,1,2,google/gson,0,Feature,google__gson-2345,0.0,0.0,0.0,0.0
0.4,0.2857142857142857,0.2857142857142857,80,0.4,1.0,0.25,0.25,issue_plus_inventory,1.954,4,3,Java,qwen2.5-coder:3b,1,1,4,google/gson,0,Feature,google__gson-2345,0.28571428571428575,0.25,0.3333333333333333,0.3333333333333333
0.4,0.2857142857142857,0.2857142857142857,80,0.4,1.0,0.25,0.25,issue_plus_hints,1.077,4,3,Java,qwen2.5-coder:3b,1,1,4,google/gson,0,Feature,google__gson-2345,0.28571428571428575,0.25,0.3333333333333333,0.3333333333333333
0.0,0.0,0.05555555555555555,157,0.0,0.0,0.0,0.0,issue_only,1.01,17,1,Java,qwen2.5-coder:3b,1,2,1,apache/rocketmq,0,Feature,apache__rocketmq-6522,0.0,0.0,0.0,0.0
0.6,0.16666666666666666,0.16666666666666666,157,0.21052631578947367,1.0,0.11764705882352941,0.11764705882352941,issue_plus_inventory,2.502,17,1,Java,qwen2.5-coder:3b,1,2,3,apache/rocketmq,0,Feature,apache__rocketmq-6522,0.5,0.3333333333333333,1.0,1.0
0.3333333333333333,0.1111111111111111,0.1111111111111111,157,0.2,0.6666666666666666,0.11764705882352941,0.11764705882352941,issue_plus_hints,1.457,17,1,Java,qwen2.5-coder:3b,1,3,3,apache/rocketmq,0,Feature,apache__rocketmq-6522,0.0,0.0,0.0,0.0
0.0,0.0,0.0,157,0.0,0.0,0.0,0.0,issue_only,1.046,9,4,Java,qwen2.5-coder:3b,1,2,1,apache/rocketmq,0,Feature,apache__rocketmq-6755,0.0,0.0,0.0,0.0
0.2,0.15384615384615385,0.15384615384615385,157,0.14285714285714285,0.2,0.1111111111111111,0.1111111111111111,issue_plus_inventory,3.242,9,4,Java,qwen2.5-coder:3b,1,5,5,apache/rocketmq,0,Feature,apache__rocketmq-6755,0.0,0.0,0.0,0.0
0.2,0.15384615384615385,0.15384615384615385,157,0.14285714285714285,0.2,0.1111111111111111,0.1111111111111111,issue_plus_hints,2.148,9,4,Java,qwen2.5-coder:3b,1,5,5,apache/rocketmq,0,Feature,apache__rocketmq-6755,0.0,0.0,0.0,0.0
0.0,0.0,0.0,80,0.0,0.0,0.0,0.0,issue_only,1.471,9,3,Java,qwen2.5-coder:3b,1,2,2,google/gson,0,Feature,google__gson-2420,0.0,0.0,0.0,0.0
0.0,0.0,0.0,80,0.0,0.0,0.0,0.0,issue_plus_inventory,2.058,9,3,Java,qwen2.5-coder:3b,1,2,3,google/gson,0,Feature,google__gson-2420,0.0,0.0,0.0,0.0
0.0,0.0,0.0,80,0.0,0.0,0.0,0.0,issue_plus_hints,1.332,9,3,Java,qwen2.5-coder:3b,1,3,3,google/gson,0,Feature,google__gson-2420,0.0,0.0,0.0,0.0
0.25,0.25,0.25,80,0.6666666666666666,1.0,0.5,0.5,issue_only,1.185,2,2,Java,qwen2.5-coder:3b,1,1,3,google/gson,0,Feature,google__gson-2479,0.0,0.0,0.0,0.0
0.5,0.5,0.5,80,0.6666666666666666,1.0,0.5,0.5,issue_plus_inventory,1.955,2,2,Java,qwen2.5-coder:3b,1,1,3,google/gson,0,Feature,google__gson-2479,0.4,0.3333333333333333,0.5,0.5
0.75,0.75,0.75,80,0.5,0.5,0.5,0.5,issue_plus_hints,1.139,2,2,Java,qwen2.5-coder:3b,1,2,2,google/gson,0,Feature,google__gson-2479,1.0,1.0,1.0,1.0
0.0,0.0,0.0,80,0.0,0.0,0.0,0.0,issue_only,1.126,3,5,Java,qwen2.5-coder:3b,1,2,1,google/gson,0,Feature,google__gson-2498,0.0,0.0,0.0,0.0
0.0,0.0,0.0,80,0.0,0.0,0.0,0.0,issue_plus_inventory,1.915,3,5,Java,qwen2.5-coder:3b,1,2,3,google/gson,0,Feature,google__gson-2498,0.0,0.0,0.0,0.0
0.0,0.0,0.0,80,0.0,0.0,0.0,0.0,issue_plus_hints,1.255,3,5,Java,qwen2.5-coder:3b,1,2,3,google/gson,0,Feature,google__gson-2498,0.0,0.0,0.0,0.0
0.0,0.0,0.0,157,0.0,0.0,0.0,0.0,issue_only,1.094,2,1,Java,qwen2.5-coder:3b,1,2,1,apache/rocketmq,0,Feature,apache__rocketmq-7455,0.0,0.0,0.0,0.0
0.0,0.0,0.0,157,0.0,0.0,0.0,0.0,issue_plus_inventory,2.508,2,1,Java,qwen2.5-coder:3b,1,4,2,apache/rocketmq,0,Feature,apache__rocketmq-7455,0.0,0.0,0.0,0.0
0.0,0.0,0.0,157,0.0,0.0,0.0,0.0,issue_plus_hints,1.437,2,1,Java,qwen2.5-coder:3b,1,4,2,apache/rocketmq,0,Feature,apache__rocketmq-7455,0.0,0.0,0.0,0.0
0.0,0.0,0.0,157,0.0,0.0,0.0,0.0,issue_only,1.359,14,1,Java,qwen2.5-coder:3b,1,2,1,apache/rocketmq,0,Feature,apache__rocketmq-7544,0.0,0.0,0.0,0.0
0.4,0.13333333333333333,0.13333333333333333,157,0.25,1.0,0.14285714285714285,0.14285714285714285,issue_plus_inventory,2.441,14,1,Java,qwen2.5-coder:3b,1,2,3,apache/rocketmq,0,Feature,apache__rocketmq-7544,0.0,0.0,0.0,0.0
0.4,0.13333333333333333,0.13333333333333333,157,0.25,1.0,0.14285714285714285,0.14285714285714285,issue_plus_hints,1.251,14,1,Java,qwen2.5-coder:3b,1,2,3,apache/rocketmq,0,Feature,apache__rocketmq-7544,0.0,0.0,0.0,0.0
0.0,0.0,0.0,157,0.0,0.0,0.0,0.0,issue_only,1.036,1,1,Java,qwen2.5-coder:3b,1,2,1,apache/rocketmq,0,Feature,apache__rocketmq-7655,0.0,0.0,0.0,0.0
0.0,0.0,0.0,157,0.0,0.0,0.0,0.0,issue_plus_inventory,2.476,1,1,Java,qwen2.5-coder:3b,1,2,3,apache/rocketmq,0,Feature,apache__rocketmq-7655,0.0,0.0,0.0,0.0
0.0,0.0,0.0,157,0.0,0.0,0.0,0.0,issue_plus_hints,1.255,1,1,Java,qwen2.5-coder:3b,1,2,3,apache/rocketmq,0,Feature,apache__rocketmq-7655,0.0,0.0,0.0,0.0
0.0,0.0,0.0,132,0.0,0.0,0.0,0.0,issue_only,1.12,2,2,Java,qwen2.5-coder:3b,1,2,2,apache/dubbo,0,Feature,apache__dubbo-13869,0.0,0.0,0.0,0.0
0.0,0.0,0.0,132,0.0,0.0,0.0,0.0,issue_plus_inventory,2.329,2,2,Java,qwen2.5-coder:3b,1,2,1,apache/dubbo,0,Feature,apache__dubbo-13869,0.0,0.0,0.0,0.0
1.0,1.0,1.0,132,1.0,1.0,1.0,1.0,issue_plus_hints,1.547,2,2,Java,qwen2.5-coder:3b,1,2,2,apache/dubbo,0,Feature,apache__dubbo-13869,1.0,1.0,1.0,1.0
0.0,0.0,0.0,157,0.0,0.0,0.0,0.0,issue_only,1.394,1,1,Java,qwen2.5-coder:3b,1,2,2,apache/rocketmq,0,Feature,apache__rocketmq-7964,0.0,0.0,0.0,0.0
0.2,0.5,0.5,157,0.0,0.0,0.0,0.0,issue_plus_inventory,2.454,1,1,Java,qwen2.5-coder:3b,1,2,3,apache/rocketmq,0,Feature,apache__rocketmq-7964,0.5,0.3333333333333333,1.0,1.0
0.2,0.5,0.5,157,0.0,0.0,0.0,0.0,issue_plus_hints,1.344,1,1,Java,qwen2.5-coder:3b,1,2,3,apache/rocketmq,0,Feature,apache__rocketmq-7964,0.5,0.3333333333333333,1.0,1.0
0.5,0.3333333333333333,0.3333333333333333,80,0.6666666666666666,0.5,1.0,1.0,issue_only,1.337,1,2,Java,qwen2.5-coder:3b,1,2,1,google/gson,0,Feature,google__gson-2701,0.0,0.0,0.0,0.0
0.2,0.3333333333333333,0.6666666666666666,80,0.0,0.0,0.0,0.0,issue_plus_inventory,2.075,1,2,Java,qwen2.5-coder:3b,1,2,3,google/gson,0,Feature,google__gson-2701,0.4,0.3333333333333333,0.5,0.5
0.2,0.3333333333333333,0.6666666666666666,80,0.0,0.0,0.0,0.0,issue_plus_hints,1.285,1,2,Java,qwen2.5-coder:3b,1,2,3,google/gson,0,Feature,google__gson-2701,0.4,0.3333333333333333,0.5,0.5
0.0,0.0,0.0,76,0.0,0.0,0.0,0.0,issue_only,0.822,1,1,JavaScript,qwen2.5-coder:3b,1,1,1,serverless/serverless,0,Feature,serverless__serverless-2624,0.0,0.0,0.0,0.0
0.14285714285714285,0.5,0.5,76,0.33333333333333337,0.2,1.0,1.0,issue_plus_inventory,1.585,1,1,JavaScript,qwen2.5-coder:3b,1,5,2,serverless/serverless,0,Feature,serverless__serverless-2624,0.0,0.0,0.0,0.0
0.14285714285714285,0.5,0.5,76,0.33333333333333337,0.2,1.0,1.0,issue_plus_hints,0.973,1,1,JavaScript,qwen2.5-coder:3b,1,5,2,serverless/serverless,0,Feature,serverless__serverless-2624,0.0,0.0,0.0,0.0
0.0,0.0,0.0,76,0.0,0.0,0.0,0.0,issue_only,1.002,2,1,JavaScript,qwen2.5-coder:3b,1,2,2,serverless/serverless,0,Feature,serverless__serverless-2748,0.0,0.0,0.0,0.0
0.0,0.0,0.0,76,0.0,0.0,0.0,0.0,issue_plus_inventory,1.45,2,1,JavaScript,qwen2.5-coder:3b,1,3,3,serverless/serverless,0,Feature,serverless__serverless-2748,0.0,0.0,0.0,0.0
0.14285714285714285,0.3333333333333333,0.3333333333333333,76,0.3333333333333333,0.25,0.5,0.5,issue_plus_hints,1.141,2,1,JavaScript,qwen2.5-coder:3b,1,4,3,serverless/serverless,0,Feature,serverless__serverless-2748,0.0,0.0,0.0,0.0
0.0,0.0,0.3333333333333333,76,0.0,0.0,0.0,0.0,issue_only,0.933,2,1,JavaScript,qwen2.5-coder:3b,1,2,2,serverless/serverless,0,Feature,serverless__serverless-2910,0.0,0.0,0.0,0.0
0.5,0.6666666666666666,0.6666666666666666,76,0.5,0.5,0.5,0.5,issue_plus_inventory,1.526,2,1,JavaScript,qwen2.5-coder:3b,1,2,2,serverless/serverless,0,Feature,serverless__serverless-2910,0.6666666666666666,0.5,1.0,1.0
0.5,0.6666666666666666,0.6666666666666666,76,0.5,0.5,0.5,0.5,issue_plus_hints,0.965,2,1,JavaScript,qwen2.5-coder:3b,1,2,2,serverless/serverless,0,Feature,serverless__serverless-2910,0.6666666666666666,0.5,1.0,1.0
0.0,0.0,0.0,76,0.0,0.0,0.0,0.0,issue_only,0.906,2,1,JavaScript,qwen2.5-coder:3b,1,2,2,serverless/serverless,0,Feature,serverless__serverless-3217,0.0,0.0,0.0,0.0
0.3333333333333333,0.6666666666666666,0.6666666666666666,76,0.4,0.3333333333333333,0.5,0.5,issue_plus_inventory,1.5,2,1,JavaScript,qwen2.5-coder:3b,1,3,3,serverless/serverless,0,Feature,serverless__serverless-3217,0.5,0.3333333333333333,1.0,1.0
0.3333333333333333,0.6666666666666666,0.6666666666666666,76,0.4,0.3333333333333333,0.5,0.5,issue_plus_hints,1.12,2,1,JavaScript,qwen2.5-coder:3b,1,3,3,serverless/serverless,0,Feature,serverless__serverless-3217,0.5,0.3333333333333333,1.0,1.0
0.0,0.0,0.0,335,0.0,0.0,0.0,0.0,issue_only,0.749,5,3,JavaScript,qwen2.5-coder:3b,1,2,1,prettier/prettier,0,Feature,prettier__prettier-661,0.0,0.0,0.0,0.0
0.5,0.25,0.375,335,0.0,0.0,0.0,0.0,issue_plus_inventory,1.274,5,3,JavaScript,qwen2.5-coder:3b,1,2,2,prettier/prettier,0,Feature,prettier__prettier-661,0.4,0.5,0.3333333333333333,0.3333333333333333
0.5,0.25,0.375,335,0.0,0.0,0.0,0.0,issue_plus_hints,0.999,5,3,JavaScript,qwen2.5-coder:3b,1,2,2,prettier/prettier,0,Feature,prettier__prettier-661,0.4,0.5,0.3333333333333333,0.3333333333333333
0.0,0.0,0.0,335,0.0,0.0,0.0,0.0,issue_only,1.309,1,3,JavaScript,qwen2.5-coder:3b,1,2,2,prettier/prettier,0,Feature,prettier__prettier-842,0.0,0.0,0.0,0.0
0.2,0.25,0.25,335,0.0,0.0,0.0,0.0,issue_plus_inventory,1.662,1,3,JavaScript,qwen2.5-coder:3b,1,1,4,prettier/prettier,0,Feature,prettier__prettier-842,0.28571428571428575,0.25,0.3333333333333333,0.3333333333333333
0.1111111111111111,0.25,0.5,335,0.0,0.0,0.0,0.0,issue_plus_hints,1.606,1,3,JavaScript,qwen2.5-coder:3b,1,5,5,prettier/prettier,0,Feature,prettier__prettier-842,0.25,0.2,0.3333333333333333,0.3333333333333333
0.0,0.0,0.0,76,0.0,0.0,0.0,0.0,issue_only,0.968,3,1,JavaScript,qwen2.5-coder:3b,1,2,2,serverless/serverless,0,Feature,serverless__serverless-3548,0.0,0.0,0.0,0.0
0.0,0.0,0.5,76,0.0,0.0,0.0,0.0,issue_plus_inventory,1.938,3,1,JavaScript,qwen2.5-coder:3b,1,4,5,serverless/serverless,0,Feature,serverless__serverless-3548,0.0,0.0,0.0,0.0
0.0,0.0,0.5,76,0.0,0.0,0.0,0.0,issue_plus_hints,1.373,3,1,JavaScript,qwen2.5-coder:3b,1,4,5,serverless/serverless,0,Feature,serverless__serverless-3548,0.0,0.0,0.0,0.0
0.0,0.0,0.0,76,0.0,0.0,0.0,0.0,issue_only,1.058,3,1,JavaScript,qwen2.5-coder:3b,1,2,2,serverless/serverless,0,Feature,serverless__serverless-3609,0.0,0.0,0.0,0.0
0.0,0.0,0.5,76,0.0,0.0,0.0,0.0,issue_plus_inventory,1.444,3,1,JavaScript,qwen2.5-coder:3b,1,2,2,serverless/serverless,0,Feature,serverless__serverless-3609,0.0,0.0,0.0,0.0
0.0,0.0,0.5,76,0.0,0.0,0.0,0.0,issue_plus_hints,1.056,3,1,JavaScript,qwen2.5-coder:3b,1,2,2,serverless/serverless,0,Feature,serverless__serverless-3609,0.0,0.0,0.0,0.0
0.0,0.0,0.3333333333333333,76,0.0,0.0,0.0,0.0,issue_only,1.028,2,1,JavaScript,qwen2.5-coder:3b,1,2,2,serverless/serverless,0,Feature,serverless__serverless-3642,0.0,0.0,0.0,0.0
0.5,0.6666666666666666,0.6666666666666666,76,0.5,0.5,0.5,0.5,issue_plus_inventory,1.418,2,1,JavaScript,qwen2.5-coder:3b,1,2,2,serverless/serverless,0,Feature,serverless__serverless-3642,0.6666666666666666,0.5,1.0,1.0
0.5,0.6666666666666666,0.6666666666666666,76,0.5,0.5,0.5,0.5,issue_plus_hints,0.874,2,1,JavaScript,qwen2.5-coder:3b,1,2,2,serverless/serverless,0,Feature,serverless__serverless-3642,0.6666666666666666,0.5,1.0,1.0
0.0,0.0,0.0,76,0.0,0.0,0.0,0.0,issue_only,0.836,4,2,JavaScript,qwen2.5-coder:3b,1,2,1,serverless/serverless,0,Feature,serverless__serverless-4097,0.0,0.0,0.0,0.0
0.4,0.3333333333333333,0.3333333333333333,76,0.3333333333333333,0.5,0.25,0.25,issue_plus_inventory,1.386,4,2,JavaScript,qwen2.5-coder:3b,1,2,3,serverless/serverless,0,Feature,serverless__serverless-4097,0.4,0.3333333333333333,0.5,0.5
0.4,0.3333333333333333,0.3333333333333333,76,0.3333333333333333,0.5,0.25,0.25,issue_plus_hints,0.832,4,2,JavaScript,qwen2.5-coder:3b,1,2,3,serverless/serverless,0,Feature,serverless__serverless-4097,0.4,0.3333333333333333,0.5,0.5
0.0,0.0,0.1111111111111111,334,0.0,0.0,0.0,0.0,issue_only,0.833,4,5,JavaScript,qwen2.5-coder:3b,1,2,1,sveltejs/svelte,0,Feature,sveltejs__svelte-778,0.0,0.0,0.0,0.0
0.0,0.0,0.2222222222222222,334,0.0,0.0,0.0,0.0,issue_plus_inventory,1.587,4,5,JavaScript,qwen2.5-coder:3b,1,2,2,sveltejs/svelte,0,Feature,sveltejs__svelte-778,0.0,0.0,0.0,0.0
0.6,0.3333333333333333,0.4444444444444444,334,0.0,0.0,0.0,0.0,issue_plus_hints,1.007,4,5,JavaScript,qwen2.5-coder:3b,1,2,3,sveltejs/svelte,0,Feature,sveltejs__svelte-778,0.7499999999999999,1.0,0.6,0.6
0.0,0.0,0.0,334,0.0,0.0,0.0,0.0,issue_only,0.768,1,24,JavaScript,qwen2.5-coder:3b,1,2,2,sveltejs/svelte,0,Feature,sveltejs__svelte-785,0.0,0.0,0.0,0.0
0.0,0.0,0.04,334,0.0,0.0,0.0,0.0,issue_plus_inventory,1.682,1,24,JavaScript,qwen2.5-coder:3b,1,2,2,sveltejs/svelte,0,Feature,sveltejs__svelte-785,0.0,0.0,0.0,0.0
0.0,0.0,0.04,334,0.0,0.0,0.0,0.0,issue_plus_hints,1.393,1,24,JavaScript,qwen2.5-coder:3b,1,5,5,sveltejs/svelte,0,Feature,sveltejs__svelte-785,0.0,0.0,0.0,0.0
0.0,0.0,0.13333333333333333,335,0.0,0.0,0.0,0.0,issue_only,0.937,8,7,JavaScript,qwen2.5-coder:3b,1,3,3,prettier/prettier,0,Feature,prettier__prettier-3775,0.0,0.0,0.0,0.0
1.0,0.4,0.4,335,0.6666666666666666,1.0,0.5,0.5,issue_plus_inventory,1.432,8,7,JavaScript,qwen2.5-coder:3b,1,4,2,prettier/prettier,0,Feature,prettier__prettier-3775,0.4444444444444445,1.0,0.2857142857142857,0.2857142857142857
0.8333333333333334,0.3333333333333333,0.3333333333333333,335,0.3333333333333333,0.5,0.25,0.25,issue_plus_hints,1.104,8,7,JavaScript,qwen2.5-coder:3b,1,4,2,prettier/prettier,0,Feature,prettier__prettier-3775,0.22222222222222224,0.5,0.14285714285714285,0.14285714285714285
0.0,0.0,0.0,334,0.0,0.0,0.0,0.0,issue_only,0.779,4,7,JavaScript,qwen2.5-coder:3b,1,2,1,sveltejs/svelte,0,Feature,sveltejs__svelte-1148,0.0,0.0,0.0,0.0
0.75,0.2727272727272727,0.36363636363636365,334,0.5714285714285715,0.6666666666666666,0.5,0.5,issue_plus_inventory,1.497,4,7,JavaScript,qwen2.5-coder:3b,1,3,1,sveltejs/svelte,0,Feature,sveltejs__svelte-1148,0.25,1.0,0.14285714285714285,0.14285714285714285
0.4,0.18181818181818182,0.2727272727272727,334,0.28571428571428575,0.3333333333333333,0.25,0.25,issue_plus_hints,1.329,4,7,JavaScript,qwen2.5-coder:3b,1,3,2,sveltejs/svelte,0,Feature,sveltejs__svelte-1148,0.22222222222222224,0.5,0.14285714285714285,0.14285714285714285
0.0,0.0,0.0,335,0.0,0.0,0.0,0.0,issue_only,1.286,2,101,JavaScript,qwen2.5-coder:3b,1,2,1,prettier/prettier,0,Feature,prettier__prettier-3903,0.0,0.0,0.0,0.0
0.16666666666666666,0.009708737864077669,0.019417475728155338,335,0.0,0.0,0.0,0.0,issue_plus_inventory,1.574,2,101,JavaScript,qwen2.5-coder:3b,1,1,5,prettier/prettier,0,Feature,prettier__prettier-3903,0.018867924528301886,0.2,0.009900990099009901,0.009900990099009901
0.2222222222222222,0.019417475728155338,0.019417475728155338,335,0.0,0.0,0.0,0.0,issue_plus_hints,1.409,2,101,JavaScript,qwen2.5-coder:3b,1,5,4,prettier/prettier,0,Feature,prettier__prettier-3903,0.019047619047619046,0.25,0.009900990099009901,0.009900990099009901
0.0,0.0,0.0,335,0.0,0.0,0.0,0.0,issue_only,0.749,1,2,JavaScript,qwen2.5-coder:3b,1,2,2,prettier/prettier,0,Feature,prettier__prettier-4667,0.0,0.0,0.0,0.0
0.5,0.6666666666666666,0.6666666666666666,335,0.6666666666666666,0.5,1.0,1.0,issue_plus_inventory,1.499,1,2,JavaScript,qwen2.5-coder:3b,1,2,2,prettier/prettier,0,Feature,prettier__prettier-4667,0.5,0.5,0.5,0.5
0.4,0.6666666666666666,0.6666666666666666,335,0.5,0.3333333333333333,1.0,1.0,issue_plus_hints,0.996,1,2,JavaScript,qwen2.5-coder:3b,1,3,2,prettier/prettier,0,Feature,prettier__prettier-4667,0.0,0.0,0.0,0.0
0.0,0.0,0.0,77,0.0,0.0,0.0,0.0,issue_only,0.915,4,1,JavaScript,qwen2.5-coder:3b,1,2,2,mrdoob/three.js,0,Feature,mrdoob__three.js-14566,0.0,0.0,0.0,0.0
0.5,0.4,0.4,77,0.3333333333333333,0.5,0.25,0.25,issue_plus_inventory,1.352,4,1,JavaScript,qwen2.5-coder:3b,1,2,2,mrdoob/three.js,0,Feature,mrdoob__three.js-14566,0.0,0.0,0.0,0.0
0.4,0.4,0.4,77,0.3333333333333333,0.5,0.25,0.25,issue_plus_hints,0.899,4,1,JavaScript,qwen2.5-coder:3b,1,2,3,mrdoob/three.js,0,Feature,mrdoob__three.js-14566,0.0,0.0,0.0,0.0
0.0,0.0,0.09090909090909091,334,0.0,0.0,0.0,0.0,issue_only,0.688,2,20,JavaScript,qwen2.5-coder:3b,1,2,1,sveltejs/svelte,0,Feature,sveltejs__svelte-1811,0.0,0.0,0.0,0.0
0.3333333333333333,0.09090909090909091,0.7727272727272727,334,0.0,0.0,0.0,0.0,issue_plus_inventory,1.857,2,20,JavaScript,qwen2.5-coder:3b,1,4,2,sveltejs/svelte,0,Feature,sveltejs__svelte-1811,0.0,0.0,0.0,0.0
0.3333333333333333,0.09090909090909091,0.7727272727272727,334,0.0,0.0,0.0,0.0,issue_plus_hints,1.065,2,20,JavaScript,qwen2.5-coder:3b,1,4,2,sveltejs/svelte,0,Feature,sveltejs__svelte-1811,0.0,0.0,0.0,0.0
0.5,0.2,0.4,76,0.4,1.0,0.25,0.25,issue_only,0.896,4,1,JavaScript,qwen2.5-coder:3b,1,1,1,serverless/serverless,0,Feature,serverless__serverless-5509,0.0,0.0,0.0,0.0
1.0,0.4,0.4,76,0.4,1.0,0.25,0.25,issue_plus_inventory,1.379,4,1,JavaScript,qwen2.5-coder:3b,1,1,1,serverless/serverless,0,Feature,serverless__serverless-5509,1.0,1.0,1.0,1.0
1.0,0.4,0.4,76,0.4,1.0,0.25,0.25,issue_plus_hints,0.786,4,1,JavaScript,qwen2.5-coder:3b,1,1,1,serverless/serverless,0,Feature,serverless__serverless-5509,1.0,1.0,1.0,1.0
0.0,0.0,0.0,76,0.0,0.0,0.0,0.0,issue_only,0.765,3,2,JavaScript,qwen2.5-coder:3b,1,2,1,serverless/serverless,0,Feature,serverless__serverless-5579,0.0,0.0,0.0,0.0
0.0,0.0,0.0,76,0.0,0.0,0.0,0.0,issue_plus_inventory,1.424,3,2,JavaScript,qwen2.5-coder:3b,1,2,2,serverless/serverless,0,Feature,serverless__serverless-5579,0.0,0.0,0.0,0.0
0.0,0.0,0.0,76,0.0,0.0,0.0,0.0,issue_plus_hints,1.176,3,2,JavaScript,qwen2.5-coder:3b,1,5,3,serverless/serverless,0,Feature,serverless__serverless-5579,0.0,0.0,0.0,0.0
0.0,0.0,0.0,334,0.0,0.0,0.0,0.0,issue_only,0.825,4,15,JavaScript,qwen2.5-coder:3b,1,2,1,sveltejs/svelte,0,Feature,sveltejs__svelte-2187,0.0,0.0,0.0,0.0
0.75,0.15789473684210525,0.3157894736842105,334,0.0,0.0,0.0,0.0,issue_plus_inventory,1.617,4,15,JavaScript,qwen2.5-coder:3b,1,2,2,sveltejs/svelte,0,Feature,sveltejs__svelte-2187,0.23529411764705882,1.0,0.13333333333333333,0.13333333333333333
0.75,0.15789473684210525,0.3157894736842105,334,0.0,0.0,0.0,0.0,issue_plus_hints,0.891,4,15,JavaScript,qwen2.5-coder:3b,1,2,2,sveltejs/svelte,0,Feature,sveltejs__svelte-2187,0.23529411764705882,1.0,0.13333333333333333,0.13333333333333333
0.0,0.0,0.0,76,0.0,0.0,0.0,0.0,issue_only,0.91,5,4,JavaScript,qwen2.5-coder:3b,1,2,1,serverless/serverless,0,Feature,serverless__serverless-5982,0.0,0.0,0.0,0.0
0.0,0.0,0.0,76,0.0,0.0,0.0,0.0,issue_plus_inventory,1.589,5,4,JavaScript,qwen2.5-coder:3b,1,2,2,serverless/serverless,0,Feature,serverless__serverless-5982,0.0,0.0,0.0,0.0
0.0,0.0,0.0,76,0.0,0.0,0.0,0.0,issue_plus_hints,1.033,5,4,JavaScript,qwen2.5-coder:3b,1,2,2,serverless/serverless,0,Feature,serverless__serverless-5982,0.0,0.0,0.0,0.0
0.0,0.0,0.0,76,0.0,0.0,0.0,0.0,issue_only,1.23,3,1,JavaScript,qwen2.5-coder:3b,1,3,3,serverless/serverless,0,Feature,serverless__serverless-6051,0.0,0.0,0.0,0.0
0.0,0.0,0.5,76,0.0,0.0,0.0,0.0,issue_plus_inventory,1.826,3,1,JavaScript,qwen2.5-coder:3b,1,3,3,serverless/serverless,0,Feature,serverless__serverless-6051,0.0,0.0,0.0,0.0
0.0,0.0,0.5,76,0.0,0.0,0.0,0.0,issue_plus_hints,1.433,3,1,JavaScript,qwen2.5-coder:3b,1,3,3,serverless/serverless,0,Feature,serverless__serverless-6051,0.0,0.0,0.0,0.0
0.0,0.0,0.0,76,0.0,0.0,0.0,0.0,issue_only,0.813,3,1,JavaScript,qwen2.5-coder:3b,1,2,2,serverless/serverless,0,Feature,serverless__serverless-6063,0.0,0.0,0.0,0.0
0.2,0.5,0.5,76,0.25,0.2,0.3333333333333333,0.3333333333333333,issue_plus_inventory,2.26,3,1,JavaScript,qwen2.5-coder:3b,1,5,5,serverless/serverless,0,Feature,serverless__serverless-6063,0.33333333333333337,0.2,1.0,1.0
0.2,0.5,0.5,76,0.25,0.2,0.3333333333333333,0.3333333333333333,issue_plus_hints,1.952,3,1,JavaScript,qwen2.5-coder:3b,1,5,5,serverless/serverless,0,Feature,serverless__serverless-6063,0.33333333333333337,0.2,1.0,1.0
0.0,0.0,0.0,76,0.0,0.0,0.0,0.0,issue_only,0.855,2,1,JavaScript,qwen2.5-coder:3b,1,2,1,serverless/serverless,0,Feature,serverless__serverless-6345,0.0,0.0,0.0,0.0
0.0,0.0,0.0,76,0.0,0.0,0.0,0.0,issue_plus_inventory,1.683,2,1,JavaScript,qwen2.5-coder:3b,1,2,3,serverless/serverless,0,Feature,serverless__serverless-6345,0.0,0.0,0.0,0.0
0.14285714285714285,0.3333333333333333,0.3333333333333333,76,0.0,0.0,0.0,0.0,issue_plus_hints,1.028,2,1,JavaScript,qwen2.5-coder:3b,1,2,5,serverless/serverless,0,Feature,serverless__serverless-6345,0.33333333333333337,0.2,1.0,1.0
0.0,0.0,0.1111111111111111,77,0.0,0.0,0.0,0.0,issue_only,1.175,17,1,JavaScript,qwen2.5-coder:3b,1,2,2,mrdoob/three.js,0,Feature,mrdoob__three.js-17649,0.0,0.0,0.0,0.0
0.5,0.1111111111111111,0.16666666666666666,77,0.21052631578947367,1.0,0.11764705882352941,0.11764705882352941,issue_plus_inventory,1.384,17,1,JavaScript,qwen2.5-coder:3b,1,2,2,mrdoob/three.js,0,Feature,mrdoob__three.js-17649,0.0,0.0,0.0,0.0
0.5,0.1111111111111111,0.16666666666666666,77,0.21052631578947367,1.0,0.11764705882352941,0.11764705882352941,issue_plus_hints,0.988,17,1,JavaScript,qwen2.5-coder:3b,1,2,2,mrdoob/three.js,0,Feature,mrdoob__three.js-17649,0.0,0.0,0.0,0.0
0.0,0.0,0.0,76,0.0,0.0,0.0,0.0,issue_only,0.894,3,1,JavaScript,qwen2.5-coder:3b,1,2,2,serverless/serverless,0,Feature,serverless__serverless-6945,0.0,0.0,0.0,0.0
0.5,0.5,0.5,76,0.4,0.5,0.3333333333333333,0.3333333333333333,issue_plus_inventory,1.322,3,1,JavaScript,qwen2.5-coder:3b,1,2,2,serverless/serverless,0,Feature,serverless__serverless-6945,0.6666666666666666,0.5,1.0,1.0
0.5,0.5,0.5,76,0.4,0.5,0.3333333333333333,0.3333333333333333,issue_plus_hints,0.771,3,1,JavaScript,qwen2.5-coder:3b,1,2,2,serverless/serverless,0,Feature,serverless__serverless-6945,0.6666666666666666,0.5,1.0,1.0
0.0,0.0,0.3333333333333333,76,0.0,0.0,0.0,0.0,issue_only,1.023,2,1,JavaScript,qwen2.5-coder:3b,1,3,2,serverless/serverless,0,Feature,serverless__serverless-7024,0.0,0.0,0.0,0.0
0.0,0.0,0.0,76,0.0,0.0,0.0,0.0,issue_plus_inventory,1.498,2,1,JavaScript,qwen2.5-coder:3b,1,4,2,serverless/serverless,0,Feature,serverless__serverless-7024,0.0,0.0,0.0,0.0
0.0,0.0,0.6666666666666666,76,0.0,0.0,0.0,0.0,issue_plus_hints,1.19,2,1,JavaScript,qwen2.5-coder:3b,1,5,3,serverless/serverless,0,Feature,serverless__serverless-7024,0.0,0.0,0.0,0.0
0.5,0.5,1.0,76,0.6666666666666666,0.5,1.0,1.0,issue_only,0.975,1,1,JavaScript,qwen2.5-coder:3b,1,2,1,serverless/serverless,0,Feature,serverless__serverless-7031,0.0,0.0,0.0,0.0
0.5,1.0,1.0,76,0.6666666666666666,0.5,1.0,1.0,issue_plus_inventory,1.41,1,1,JavaScript,qwen2.5-coder:3b,1,2,2,serverless/serverless,0,Feature,serverless__serverless-7031,0.6666666666666666,0.5,1.0,1.0
0.5,1.0,1.0,76,0.6666666666666666,0.5,1.0,1.0,issue_plus_hints,0.812,1,1,JavaScript,qwen2.5-coder:3b,1,2,2,serverless/serverless,0,Feature,serverless__serverless-7031,0.6666666666666666,0.5,1.0,1.0
0.0,0.0,0.0,76,0.0,0.0,0.0,0.0,issue_only,0.961,3,1,JavaScript,qwen2.5-coder:3b,1,2,2,serverless/serverless,0,Feature,serverless__serverless-7623,0.0,0.0,0.0,0.0
0.3333333333333333,0.5,0.5,76,0.3333333333333333,0.3333333333333333,0.3333333333333333,0.3333333333333333,issue_plus_inventory,1.782,3,1,JavaScript,qwen2.5-coder:3b,1,3,3,serverless/serverless,0,Feature,serverless__serverless-7623,0.5,0.3333333333333333,1.0,1.0
0.3333333333333333,0.5,0.5,76,0.3333333333333333,0.3333333333333333,0.3333333333333333,0.3333333333333333,issue_plus_hints,1.226,3,1,JavaScript,qwen2.5-coder:3b,1,3,3,serverless/serverless,0,Feature,serverless__serverless-7623,0.5,0.3333333333333333,1.0,1.0
0.0,0.0,0.0,335,0.0,0.0,0.0,0.0,issue_only,1.213,11,9,JavaScript,qwen2.5-coder:3b,1,2,2,prettier/prettier,0,Feature,prettier__prettier-8381,0.0,0.0,0.0,0.0
1.0,0.15,0.25,335,0.15384615384615385,0.5,0.09090909090909091,0.09090909090909091,issue_plus_inventory,1.362,11,9,JavaScript,qwen2.5-coder:3b,1,2,1,prettier/prettier,0,Feature,prettier__prettier-8381,0.19999999999999998,1.0,0.1111111111111111,0.1111111111111111
1.0,0.15,0.25,335,0.15384615384615385,0.5,0.09090909090909091,0.09090909090909091,issue_plus_hints,0.843,11,9,JavaScript,qwen2.5-coder:3b,1,2,1,prettier/prettier,0,Feature,prettier__prettier-8381,0.19999999999999998,1.0,0.1111111111111111,0.1111111111111111
0.0,0.0,0.0,335,0.0,0.0,0.0,0.0,issue_only,0.878,4,13,JavaScript,qwen2.5-coder:3b,1,2,1,prettier/prettier,0,Feature,prettier__prettier-8465,0.0,0.0,0.0,0.0
0.6,0.17647058823529413,0.23529411764705882,335,0.0,0.0,0.0,0.0,issue_plus_inventory,1.506,4,13,JavaScript,qwen2.5-coder:3b,1,3,2,prettier/prettier,0,Feature,prettier__prettier-8465,0.2666666666666667,1.0,0.15384615384615385,0.15384615384615385
0.4444444444444444,0.23529411764705882,0.23529411764705882,335,0.0,0.0,0.0,0.0,issue_plus_hints,1.405,4,13,JavaScript,qwen2.5-coder:3b,1,4,5,prettier/prettier,0,Feature,prettier__prettier-8465,0.33333333333333337,0.6,0.23076923076923078,0.23076923076923078
0.0,0.0,0.0,334,0.0,0.0,0.0,0.0,issue_only,0.828,5,5,JavaScript,qwen2.5-coder:3b,1,2,1,sveltejs/svelte,0,Feature,sveltejs__svelte-5442,0.0,0.0,0.0,0.0
0.5,0.2,0.3,334,0.28571428571428575,0.5,0.2,0.2,issue_plus_inventory,1.695,5,5,JavaScript,qwen2.5-coder:3b,1,2,2,sveltejs/svelte,0,Feature,sveltejs__svelte-5442,0.28571428571428575,0.5,0.2,0.2
0.5,0.2,0.3,334,0.28571428571428575,0.5,0.2,0.2,issue_plus_hints,0.909,5,5,JavaScript,qwen2.5-coder:3b,1,2,2,sveltejs/svelte,0,Feature,sveltejs__svelte-5442,0.28571428571428575,0.5,0.2,0.2
0.0,0.0,0.25,77,0.0,0.0,0.0,0.0,issue_only,0.915,3,1,JavaScript,qwen2.5-coder:3b,1,1,2,mrdoob/three.js,0,Feature,mrdoob__three.js-20478,0.0,0.0,0.0,0.0
0.6666666666666666,0.5,0.5,77,0.5,1.0,0.3333333333333333,0.3333333333333333,issue_plus_inventory,1.254,3,1,JavaScript,qwen2.5-coder:3b,1,1,2,mrdoob/three.js,0,Feature,mrdoob__three.js-20478,0.6666666666666666,0.5,1.0,1.0
0.6666666666666666,0.5,0.5,77,0.5,1.0,0.3333333333333333,0.3333333333333333,issue_plus_hints,0.83,3,1,JavaScript,qwen2.5-coder:3b,1,1,2,mrdoob/three.js,0,Feature,mrdoob__three.js-20478,0.6666666666666666,0.5,1.0,1.0
0.0,0.0,0.0,76,0.0,0.0,0.0,0.0,issue_only,1.389,4,1,JavaScript,qwen2.5-coder:3b,1,2,2,serverless/serverless,0,Feature,serverless__serverless-8638,0.0,0.0,0.0,0.0
0.0,0.0,0.0,76,0.0,0.0,0.0,0.0,issue_plus_inventory,1.683,4,1,JavaScript,qwen2.5-coder:3b,1,2,3,serverless/serverless,0,Feature,serverless__serverless-8638,0.0,0.0,0.0,0.0
0.0,0.0,0.0,76,0.0,0.0,0.0,0.0,issue_plus_hints,1.292,4,1,JavaScript,qwen2.5-coder:3b,1,2,3,serverless/serverless,0,Feature,serverless__serverless-8638,0.0,0.0,0.0,0.0
0.0,0.0,0.0,335,0.0,0.0,0.0,0.0,issue_only,1.266,2,4,JavaScript,qwen2.5-coder:3b,1,1,2,prettier/prettier,0,Feature,prettier__prettier-10109,0.0,0.0,0.0,0.0
0.3333333333333333,0.3333333333333333,0.6666666666666666,335,0.6666666666666666,1.0,0.5,0.5,issue_plus_inventory,1.914,2,4,JavaScript,qwen2.5-coder:3b,1,1,5,prettier/prettier,0,Feature,prettier__prettier-10109,0.22222222222222224,0.2,0.25,0.25
0.5,0.5,0.5,335,0.6666666666666666,1.0,0.5,0.5,issue_plus_hints,1.207,2,4,JavaScript,qwen2.5-coder:3b,1,1,5,prettier/prettier,0,Feature,prettier__prettier-10109,0.4444444444444445,0.4,0.5,0.5
0.5,0.2,0.2,77,0.4,1.0,0.25,0.25,issue_only,0.749,4,1,JavaScript,qwen2.5-coder:3b,1,1,1,mrdoob/three.js,0,Feature,mrdoob__three.js-21532,0.0,0.0,0.0,0.0
1.0,0.4,0.4,77,0.4,1.0,0.25,0.25,issue_plus_inventory,1.23,4,1,JavaScript,qwen2.5-coder:3b,1,1,1,mrdoob/three.js,0,Feature,mrdoob__three.js-21532,1.0,1.0,1.0,1.0
1.0,0.4,0.4,77,0.4,1.0,0.25,0.25,issue_plus_hints,0.893,4,1,JavaScript,qwen2.5-coder:3b,1,1,1,mrdoob/three.js,0,Feature,mrdoob__three.js-21532,1.0,1.0,1.0,1.0
0.0,0.0,0.0,334,0.0,0.0,0.0,0.0,issue_only,0.953,1,8,JavaScript,qwen2.5-coder:3b,1,2,1,sveltejs/svelte,0,Feature,sveltejs__svelte-6223,0.0,0.0,0.0,0.0
0.2,0.1111111111111111,0.4444444444444444,334,0.5,0.3333333333333333,1.0,1.0,issue_plus_inventory,1.748,1,8,JavaScript,qwen2.5-coder:3b,1,3,2,sveltejs/svelte,0,Feature,sveltejs__svelte-6223,0.0,0.0,0.0,0.0
0.16666666666666666,0.1111111111111111,0.4444444444444444,334,0.0,0.0,0.0,0.0,issue_plus_hints,1.035,1,8,JavaScript,qwen2.5-coder:3b,1,4,2,sveltejs/svelte,0,Feature,sveltejs__svelte-6223,0.2,0.5,0.125,0.125
0.0,0.0,0.2,77,0.0,0.0,0.0,0.0,issue_only,0.774,4,1,JavaScript,qwen2.5-coder:3b,1,1,2,mrdoob/three.js,0,Feature,mrdoob__three.js-21826,0.0,0.0,0.0,0.0
0.6666666666666666,0.4,0.4,77,0.4,1.0,0.25,0.25,issue_plus_inventory,1.285,4,1,JavaScript,qwen2.5-coder:3b,1,1,2,mrdoob/three.js,0,Feature,mrdoob__three.js-21826,0.6666666666666666,0.5,1.0,1.0
0.6666666666666666,0.4,0.4,77,0.4,1.0,0.25,0.25,issue_plus_hints,0.958,4,1,JavaScript,qwen2.5-coder:3b,1,1,2,mrdoob/three.js,0,Feature,mrdoob__three.js-21826,0.6666666666666666,0.5,1.0,1.0
0.0,0.0,0.058823529411764705,335,0.0,0.0,0.0,0.0,issue_only,1.35,8,9,JavaScript,qwen2.5-coder:3b,1,2,4,prettier/prettier,0,Feature,prettier__prettier-10910,0.0,0.0,0.0,0.0
0.1,0.058823529411764705,0.29411764705882354,335,0.15384615384615385,0.2,0.125,0.125,issue_plus_inventory,1.757,8,9,JavaScript,qwen2.5-coder:3b,1,5,5,prettier/prettier,0,Feature,prettier__prettier-10910,0.0,0.0,0.0,0.0
0.1,0.058823529411764705,0.29411764705882354,335,0.15384615384615385,0.2,0.125,0.125,issue_plus_hints,1.29,8,9,JavaScript,qwen2.5-coder:3b,1,5,5,prettier/prettier,0,Feature,prettier__prettier-10910,0.0,0.0,0.0,0.0
0.0,0.0,0.0,334,0.0,0.0,0.0,0.0,issue_only,0.899,4,4,JavaScript,qwen2.5-coder:3b,1,2,2,sveltejs/svelte,0,Feature,sveltejs__svelte-6528,0.0,0.0,0.0,0.0
0.8,0.5,0.5,334,0.0,0.0,0.0,0.0,issue_plus_inventory,1.705,4,4,JavaScript,qwen2.5-coder:3b,1,2,3,sveltejs/svelte,0,Feature,sveltejs__svelte-6528,0.8571428571428571,1.0,0.75,0.75
0.75,0.375,0.375,334,0.0,0.0,0.0,0.0,issue_plus_hints,0.883,4,4,JavaScript,qwen2.5-coder:3b,1,2,2,sveltejs/svelte,0,Feature,sveltejs__svelte-6528,0.6666666666666666,1.0,0.5,0.5
0.0,0.0,0.0,334,0.0,0.0,0.0,0.0,issue_only,0.731,1,4,JavaScript,qwen2.5-coder:3b,1,1,1,sveltejs/svelte,0,Feature,sveltejs__svelte-6564,0.0,0.0,0.0,0.0
0.3333333333333333,0.4,0.6,334,0.6666666666666666,0.5,1.0,1.0,issue_plus_inventory,1.914,1,4,JavaScript,qwen2.5-coder:3b,1,2,4,sveltejs/svelte,0,Feature,sveltejs__svelte-6564,0.25,0.25,0.25,0.25
0.6666666666666666,0.4,0.8,334,0.0,0.0,0.0,0.0,issue_plus_hints,0.969,1,4,JavaScript,qwen2.5-coder:3b,1,2,1,sveltejs/svelte,0,Feature,sveltejs__svelte-6564,0.4,1.0,0.25,0.25
0.0,0.0,0.0,334,0.0,0.0,0.0,0.0,issue_only,1.039,1,3,JavaScript,qwen2.5-coder:3b,1,2,1,sveltejs/svelte,0,Feature,sveltejs__svelte-6613,0.0,0.0,0.0,0.0
0.0,0.0,0.25,334,0.0,0.0,0.0,0.0,issue_plus_inventory,1.526,1,3,JavaScript,qwen2.5-coder:3b,1,2,2,sveltejs/svelte,0,Feature,sveltejs__svelte-6613,0.0,0.0,0.0,0.0
0.0,0.0,0.25,334,0.0,0.0,0.0,0.0,issue_plus_hints,0.917,1,3,JavaScript,qwen2.5-coder:3b,1,2,2,sveltejs/svelte,0,Feature,sveltejs__svelte-6613,0.0,0.0,0.0,0.0
0.0,0.0,0.0,334,0.0,0.0,0.0,0.0,issue_only,1.04,2,1,JavaScript,qwen2.5-coder:3b,1,2,2,sveltejs/svelte,0,Feature,sveltejs__svelte-6838,0.0,0.0,0.0,0.0
0.2,0.3333333333333333,0.3333333333333333,334,0.0,0.0,0.0,0.0,issue_plus_inventory,1.879,2,1,JavaScript,qwen2.5-coder:3b,1,3,2,sveltejs/svelte,0,Feature,sveltejs__svelte-6838,0.6666666666666666,0.5,1.0,1.0
0.14285714285714285,0.3333333333333333,0.3333333333333333,334,0.0,0.0,0.0,0.0,issue_plus_hints,1.347,2,1,JavaScript,qwen2.5-coder:3b,1,3,4,sveltejs/svelte,0,Feature,sveltejs__svelte-6838,0.4,0.25,1.0,1.0
0.0,0.0,0.0,76,0.0,0.0,0.0,0.0,issue_only,1.28,1,1,JavaScript,qwen2.5-coder:3b,1,2,2,serverless/serverless,0,Feature,serverless__serverless-10120,0.0,0.0,0.0,0.0
0.5,1.0,1.0,76,0.6666666666666666,0.5,1.0,1.0,issue_plus_inventory,1.588,1,1,JavaScript,qwen2.5-coder:3b,1,2,2,serverless/serverless,0,Feature,serverless__serverless-10120,0.6666666666666666,0.5,1.0,1.0
0.5,1.0,1.0,76,0.6666666666666666,0.5,1.0,1.0,issue_plus_hints,1.066,1,1,JavaScript,qwen2.5-coder:3b,1,2,2,serverless/serverless,0,Feature,serverless__serverless-10120,0.6666666666666666,0.5,1.0,1.0
0.0,0.0,0.25,77,0.0,0.0,0.0,0.0,issue_only,0.686,2,2,JavaScript,qwen2.5-coder:3b,1,1,1,mrdoob/three.js,0,Feature,mrdoob__three.js-23596,0.0,0.0,0.0,0.0
1.0,0.5,0.5,77,0.6666666666666666,1.0,0.5,0.5,issue_plus_inventory,1.223,2,2,JavaScript,qwen2.5-coder:3b,1,1,1,mrdoob/three.js,0,Feature,mrdoob__three.js-23596,0.6666666666666666,1.0,0.5,0.5
1.0,0.5,0.5,77,0.6666666666666666,1.0,0.5,0.5,issue_plus_hints,0.697,2,2,JavaScript,qwen2.5-coder:3b,1,1,1,mrdoob/three.js,0,Feature,mrdoob__three.js-23596,0.6666666666666666,1.0,0.5,0.5
0.5,0.2,0.2,77,0.5,1.0,0.3333333333333333,0.3333333333333333,issue_only,1.064,9,6,JavaScript,qwen2.5-coder:3b,1,3,3,mrdoob/three.js,0,Feature,mrdoob__three.js-23796,0.0,0.0,0.0,0.0
1.0,0.4,0.4,77,0.5,1.0,0.3333333333333333,0.3333333333333333,issue_plus_inventory,1.504,9,6,JavaScript,qwen2.5-coder:3b,1,3,3,mrdoob/three.js,0,Feature,mrdoob__three.js-23796,0.6666666666666666,1.0,0.5,0.5
1.0,0.4,0.4,77,0.5,1.0,0.3333333333333333,0.3333333333333333,issue_plus_hints,0.947,9,6,JavaScript,qwen2.5-coder:3b,1,3,3,mrdoob/three.js,0,Feature,mrdoob__three.js-23796,0.6666666666666666,1.0,0.5,0.5
0.0,0.0,0.0,335,0.0,0.0,0.0,0.0,issue_only,0.798,3,1,JavaScript,qwen2.5-coder:3b,1,2,2,prettier/prettier,0,Feature,prettier__prettier-14108,0.0,0.0,0.0,0.0
0.1,0.25,0.25,335,0.25,0.2,0.3333333333333333,0.3333333333333333,issue_plus_inventory,1.799,3,1,JavaScript,qwen2.5-coder:3b,1,5,5,prettier/prettier,0,Feature,prettier__prettier-14108,0.0,0.0,0.0,0.0
0.1,0.25,0.25,335,0.25,0.2,0.3333333333333333,0.3333333333333333,issue_plus_hints,1.216,3,1,JavaScript,qwen2.5-coder:3b,1,5,5,prettier/prettier,0,Feature,prettier__prettier-14108,0.0,0.0,0.0,0.0
0.0,0.0,0.0,335,0.0,0.0,0.0,0.0,issue_only,0.752,4,1,JavaScript,qwen2.5-coder:3b,1,2,1,prettier/prettier,0,Feature,prettier__prettier-14317,0.0,0.0,0.0,0.0
0.0,0.0,0.0,335,0.0,0.0,0.0,0.0,issue_plus_inventory,1.821,4,1,JavaScript,qwen2.5-coder:3b,1,2,5,prettier/prettier,0,Feature,prettier__prettier-14317,0.0,0.0,0.0,0.0
0.0,0.0,0.0,335,0.0,0.0,0.0,0.0,issue_plus_hints,1.165,4,1,JavaScript,qwen2.5-coder:3b,1,2,5,prettier/prettier,0,Feature,prettier__prettier-14317,0.0,0.0,0.0,0.0
0.0,0.0,0.0,335,0.0,0.0,0.0,0.0,issue_only,1.144,2,3,JavaScript,qwen2.5-coder:3b,1,2,2,prettier/prettier,0,Feature,prettier__prettier-16765,0.0,0.0,0.0,0.0
0.3333333333333333,0.4,0.6,335,0.6666666666666666,1.0,0.5,0.5,issue_plus_inventory,1.734,2,3,JavaScript,qwen2.5-coder:3b,1,1,5,prettier/prettier,0,Feature,prettier__prettier-16765,0.25,0.2,0.3333333333333333,0.3333333333333333
0.3333333333333333,0.4,0.4,335,0.6666666666666666,1.0,0.5,0.5,issue_plus_hints,1.26,2,3,JavaScript,qwen2.5-coder:3b,1,1,5,prettier/prettier,0,Feature,prettier__prettier-16765,0.25,0.2,0.3333333333333333,0.3333333333333333
0.0,0.0,0.0,89,0.0,0.0,0.0,0.0,issue_only,0.649,2,1,Python,qwen2.5-coder:3b,1,1,1,keras-team/keras,0,Feature,keras-team__keras-3907,0.0,0.0,0.0,0.0
0.0,0.0,0.0,89,0.0,0.0,0.0,0.0,issue_plus_inventory,1.343,2,1,Python,qwen2.5-coder:3b,1,2,2,keras-team/keras,0,Feature,keras-team__keras-3907,0.0,0.0,0.0,0.0
0.0,0.0,0.0,89,0.0,0.0,0.0,0.0,issue_plus_hints,0.843,2,1,Python,qwen2.5-coder:3b,1,2,2,keras-team/keras,0,Feature,keras-team__keras-3907,0.0,0.0,0.0,0.0
0.5,0.5,0.5,89,1.0,1.0,1.0,1.0,issue_only,0.758,1,1,Python,qwen2.5-coder:3b,1,1,1,keras-team/keras,0,Feature,keras-team__keras-3983,0.0,0.0,0.0,0.0
0.6666666666666666,1.0,1.0,89,1.0,1.0,1.0,1.0,issue_plus_inventory,1.366,1,1,Python,qwen2.5-coder:3b,1,1,2,keras-team/keras,0,Feature,keras-team__keras-3983,0.6666666666666666,0.5,1.0,1.0
0.6666666666666666,1.0,1.0,89,1.0,1.0,1.0,1.0,issue_plus_hints,0.867,1,1,Python,qwen2.5-coder:3b,1,1,2,keras-team/keras,0,Feature,keras-team__keras-3983,0.6666666666666666,0.5,1.0,1.0
0.0,0.0,0.0,212,0.0,0.0,0.0,0.0,issue_only,0.877,3,1,Python,qwen2.5-coder:3b,1,2,1,huggingface/transformers,0,Feature,huggingface__transformers-6744,0.0,0.0,0.0,0.0
0.5,0.5,0.5,212,0.4,0.5,0.3333333333333333,0.3333333333333333,issue_plus_inventory,1.554,3,1,Python,qwen2.5-coder:3b,1,2,2,huggingface/transformers,0,Feature,huggingface__transformers-6744,0.6666666666666666,0.5,1.0,1.0
0.5,0.5,0.5,212,0.4,0.5,0.3333333333333333,0.3333333333333333,issue_plus_hints,1.001,3,1,Python,qwen2.5-coder:3b,1,2,2,huggingface/transformers,0,Feature,huggingface__transformers-6744,0.6666666666666666,0.5,1.0,1.0
0.0,0.0,0.14285714285714285,212,0.0,0.0,0.0,0.0,issue_only,0.975,3,4,Python,qwen2.5-coder:3b,1,2,1,huggingface/transformers,0,Feature,huggingface__transformers-7562,0.0,0.0,0.0,0.0
1.0,0.2857142857142857,0.2857142857142857,212,0.4,0.5,0.3333333333333333,0.3333333333333333,issue_plus_inventory,1.297,3,4,Python,qwen2.5-coder:3b,1,2,1,huggingface/transformers,0,Feature,huggingface__transformers-7562,0.4,1.0,0.25,0.25
1.0,0.2857142857142857,0.2857142857142857,212,0.4,0.5,0.3333333333333333,0.3333333333333333,issue_plus_hints,0.93,3,4,Python,qwen2.5-coder:3b,1,2,1,huggingface/transformers,0,Feature,huggingface__transformers-7562,0.4,1.0,0.25,0.25
0.0,0.0,0.5,212,0.0,0.0,0.0,0.0,issue_only,0.998,3,1,Python,qwen2.5-coder:3b,1,1,2,huggingface/transformers,0,Feature,huggingface__transformers-13573,0.0,0.0,0.0,0.0
0.6666666666666666,0.5,0.5,212,0.5,1.0,0.3333333333333333,0.3333333333333333,issue_plus_inventory,1.691,3,1,Python,qwen2.5-coder:3b,1,1,2,huggingface/transformers,0,Feature,huggingface__transformers-13573,0.6666666666666666,0.5,1.0,1.0
0.75,0.75,0.75,212,0.8,1.0,0.6666666666666666,0.6666666666666666,issue_plus_hints,1.139,3,1,Python,qwen2.5-coder:3b,1,2,2,huggingface/transformers,0,Feature,huggingface__transformers-13573,0.6666666666666666,0.5,1.0,1.0
0.5,0.125,0.125,212,0.3333333333333333,0.5,0.25,0.25,issue_only,1.068,4,4,Python,qwen2.5-coder:3b,1,2,1,huggingface/transformers,0,Feature,huggingface__transformers-13989,0.0,0.0,0.0,0.0
0.6666666666666666,0.25,0.375,212,0.4,1.0,0.25,0.25,issue_plus_inventory,1.409,4,4,Python,qwen2.5-coder:3b,1,1,2,huggingface/transformers,0,Feature,huggingface__transformers-13989,0.3333333333333333,0.5,0.25,0.25
0.6666666666666666,0.25,0.375,212,0.4,1.0,0.25,0.25,issue_plus_hints,0.859,4,4,Python,qwen2.5-coder:3b,1,1,2,huggingface/transformers,0,Feature,huggingface__transformers-13989,0.3333333333333333,0.5,0.25,0.25
0.0,0.0,0.06666666666666667,36,0.0,0.0,0.0,0.0,issue_only,1.27,14,1,Python,qwen2.5-coder:3b,1,2,2,yt-dlp/yt-dlp,0,Feature,yt-dlp__yt-dlp-1649,0.0,0.0,0.0,0.0
1.0,0.13333333333333333,0.13333333333333333,36,0.13333333333333333,1.0,0.07142857142857142,0.07142857142857142,issue_plus_inventory,0.84,14,1,Python,qwen2.5-coder:3b,1,1,1,yt-dlp/yt-dlp,0,Feature,yt-dlp__yt-dlp-1649,1.0,1.0,1.0,1.0
0.6666666666666666,0.13333333333333333,0.13333333333333333,36,0.13333333333333333,1.0,0.07142857142857142,0.07142857142857142,issue_plus_hints,0.741,14,1,Python,qwen2.5-coder:3b,1,1,2,yt-dlp/yt-dlp,0,Feature,yt-dlp__yt-dlp-1649,0.6666666666666666,0.5,1.0,1.0
0.0,0.0,0.5,212,0.0,0.0,0.0,0.0,issue_only,1.237,3,1,Python,qwen2.5-coder:3b,1,1,3,huggingface/transformers,0,Feature,huggingface__transformers-15473,0.0,0.0,0.0,0.0
1.0,0.5,0.5,212,0.5,1.0,0.3333333333333333,0.3333333333333333,issue_plus_inventory,1.509,3,1,Python,qwen2.5-coder:3b,1,1,1,huggingface/transformers,0,Feature,huggingface__transformers-15473,1.0,1.0,1.0,1.0
0.6666666666666666,0.5,0.5,212,0.5,1.0,0.3333333333333333,0.3333333333333333,issue_plus_hints,0.82,3,1,Python,qwen2.5-coder:3b,1,1,2,huggingface/transformers,0,Feature,huggingface__transformers-15473,0.6666666666666666,0.5,1.0,1.0
1.0,0.5,0.5,212,1.0,1.0,1.0,1.0,issue_only,0.652,1,1,Python,qwen2.5-coder:3b,1,1,0,huggingface/transformers,0,Feature,huggingface__transformers-15795,0.0,0.0,0.0,0.0
0.5,0.5,1.0,212,1.0,1.0,1.0,1.0,issue_plus_inventory,1.368,1,1,Python,qwen2.5-coder:3b,1,1,1,huggingface/transformers,0,Feature,huggingface__transformers-15795,0.0,0.0,0.0,0.0
0.25,0.5,1.0,212,0.5,0.3333333333333333,1.0,1.0,issue_plus_hints,1.038,1,1,Python,qwen2.5-coder:3b,1,3,1,huggingface/transformers,0,Feature,huggingface__transformers-15795,0.0,0.0,0.0,0.0
1.0,0.3333333333333333,0.3333333333333333,212,0.6666666666666666,1.0,0.5,0.5,issue_only,0.928,4,2,Python,qwen2.5-coder:3b,1,2,0,huggingface/transformers,0,Feature,huggingface__transformers-15831,0.0,0.0,0.0,0.0
1.0,0.3333333333333333,0.3333333333333333,212,0.6666666666666666,1.0,0.5,0.5,issue_plus_inventory,1.537,4,2,Python,qwen2.5-coder:3b,1,2,0,huggingface/transformers,0,Feature,huggingface__transformers-15831,0.0,0.0,0.0,0.0
1.0,0.3333333333333333,0.3333333333333333,212,0.6666666666666666,1.0,0.5,0.5,issue_plus_hints,0.941,4,2,Python,qwen2.5-coder:3b,1,2,0,huggingface/transformers,0,Feature,huggingface__transformers-15831,0.0,0.0,0.0,0.0
0.3333333333333333,0.5,0.5,212,1.0,1.0,1.0,1.0,issue_only,0.799,1,1,Python,qwen2.5-coder:3b,1,1,2,huggingface/transformers,0,Feature,huggingface__transformers-15913,0.0,0.0,0.0,0.0
0.3333333333333333,0.5,0.5,212,1.0,1.0,1.0,1.0,issue_plus_inventory,1.48,1,1,Python,qwen2.5-coder:3b,1,1,2,huggingface/transformers,0,Feature,huggingface__transformers-15913,0.0,0.0,0.0,0.0
0.3333333333333333,0.5,0.5,212,1.0,1.0,1.0,1.0,issue_plus_hints,0.755,1,1,Python,qwen2.5-coder:3b,1,1,2,huggingface/transformers,0,Feature,huggingface__transformers-15913,0.0,0.0,0.0,0.0
0.0,0.0,0.0,36,0.0,0.0,0.0,0.0,issue_only,0.896,5,11,Python,qwen2.5-coder:3b,1,2,1,yt-dlp/yt-dlp,0,Feature,yt-dlp__yt-dlp-3435,0.0,0.0,0.0,0.0
0.5,0.0625,0.0625,36,0.33333333333333337,1.0,0.2,0.2,issue_plus_inventory,0.748,5,11,Python,qwen2.5-coder:3b,1,1,1,yt-dlp/yt-dlp,0,Feature,yt-dlp__yt-dlp-3435,0.0,0.0,0.0,0.0
0.5,0.125,0.125,36,0.5714285714285715,1.0,0.4,0.4,issue_plus_hints,0.727,5,11,Python,qwen2.5-coder:3b,1,2,2,yt-dlp/yt-dlp,0,Feature,yt-dlp__yt-dlp-3435,0.0,0.0,0.0,0.0
0.0,0.0,0.0,36,0.0,0.0,0.0,0.0,issue_only,1.258,3,1,Python,qwen2.5-coder:3b,1,2,1,yt-dlp/yt-dlp,0,Feature,yt-dlp__yt-dlp-4524,0.0,0.0,0.0,0.0
0.6666666666666666,0.5,0.5,36,0.5,1.0,0.3333333333333333,0.3333333333333333,issue_plus_inventory,0.885,3,1,Python,qwen2.5-coder:3b,1,1,2,yt-dlp/yt-dlp,0,Feature,yt-dlp__yt-dlp-4524,0.6666666666666666,0.5,1.0,1.0
0.25,0.25,0.25,36,0.4,0.5,0.3333333333333333,0.3333333333333333,issue_plus_hints,1.032,3,1,Python,qwen2.5-coder:3b,1,2,2,yt-dlp/yt-dlp,0,Feature,yt-dlp__yt-dlp-4524,0.0,0.0,0.0,0.0
0.0,0.0,0.0,212,0.0,0.0,0.0,0.0,issue_only,0.818,1,1,Python,qwen2.5-coder:3b,1,2,1,huggingface/transformers,0,Feature,huggingface__transformers-19219,0.0,0.0,0.0,0.0
0.0,0.0,0.5,212,0.0,0.0,0.0,0.0,issue_plus_inventory,1.448,1,1,Python,qwen2.5-coder:3b,1,2,3,huggingface/transformers,0,Feature,huggingface__transformers-19219,0.0,0.0,0.0,0.0
0.0,0.0,1.0,212,0.0,0.0,0.0,0.0,issue_plus_hints,1.015,1,1,Python,qwen2.5-coder:3b,1,1,2,huggingface/transformers,0,Feature,huggingface__transformers-19219,0.0,0.0,0.0,0.0
1.0,0.5,0.5,212,1.0,1.0,1.0,1.0,issue_only,0.993,1,1,Python,qwen2.5-coder:3b,1,1,0,huggingface/transformers,0,Feature,huggingface__transformers-19590,0.0,0.0,0.0,0.0
1.0,1.0,1.0,212,1.0,1.0,1.0,1.0,issue_plus_inventory,1.539,1,1,Python,qwen2.5-coder:3b,1,1,1,huggingface/transformers,0,Feature,huggingface__transformers-19590,1.0,1.0,1.0,1.0
1.0,1.0,1.0,212,1.0,1.0,1.0,1.0,issue_plus_hints,0.805,1,1,Python,qwen2.5-coder:3b,1,1,1,huggingface/transformers,0,Feature,huggingface__transformers-19590,1.0,1.0,1.0,1.0
0.25,0.14285714285714285,0.14285714285714285,212,0.28571428571428575,0.5,0.2,0.2,issue_only,1.045,5,2,Python,qwen2.5-coder:3b,1,2,2,huggingface/transformers,0,Feature,huggingface__transformers-20136,0.0,0.0,0.0,0.0
0.5,0.2857142857142857,0.2857142857142857,212,0.5714285714285715,1.0,0.4,0.4,issue_plus_inventory,1.586,5,2,Python,qwen2.5-coder:3b,1,2,2,huggingface/transformers,0,Feature,huggingface__transformers-20136,0.0,0.0,0.0,0.0
0.6666666666666666,0.2857142857142857,0.2857142857142857,212,0.5714285714285715,1.0,0.4,0.4,issue_plus_hints,1.048,5,2,Python,qwen2.5-coder:3b,1,2,1,huggingface/transformers,0,Feature,huggingface__transformers-20136,0.0,0.0,0.0,0.0
0.25,0.5,0.5,212,0.6666666666666666,0.5,1.0,1.0,issue_only,1.464,1,1,Python,qwen2.5-coder:3b,1,2,2,huggingface/transformers,0,Feature,huggingface__transformers-21345,0.0,0.0,0.0,0.0
0.0,0.0,0.0,212,0.0,0.0,0.0,0.0,issue_plus_inventory,2.061,1,1,Python,qwen2.5-coder:3b,1,3,3,huggingface/transformers,0,Feature,huggingface__transformers-21345,0.0,0.0,0.0,0.0
0.0,0.0,0.0,212,0.0,0.0,0.0,0.0,issue_plus_hints,1.291,1,1,Python,qwen2.5-coder:3b,1,3,3,huggingface/transformers,0,Feature,huggingface__transformers-21345,0.0,0.0,0.0,0.0
0.0,0.0,0.0,212,0.0,0.0,0.0,0.0,issue_only,1.181,1,1,Python,qwen2.5-coder:3b,1,2,2,huggingface/transformers,0,Feature,huggingface__transformers-21768,0.0,0.0,0.0,0.0
0.0,0.0,0.0,212,0.0,0.0,0.0,0.0,issue_plus_inventory,1.505,1,1,Python,qwen2.5-coder:3b,1,2,2,huggingface/transformers,0,Feature,huggingface__transformers-21768,0.0,0.0,0.0,0.0
0.0,0.0,0.0,212,0.0,0.0,0.0,0.0,issue_plus_hints,0.858,1,1,Python,qwen2.5-coder:3b,1,2,2,huggingface/transformers,0,Feature,huggingface__transformers-21768,0.0,0.0,0.0,0.0
1.0,0.5,0.5,212,1.0,1.0,1.0,1.0,issue_only,0.985,1,1,Python,qwen2.5-coder:3b,1,1,0,huggingface/transformers,0,Feature,huggingface__transformers-23126,0.0,0.0,0.0,0.0
0.5,0.5,1.0,212,1.0,1.0,1.0,1.0,issue_plus_inventory,1.307,1,1,Python,qwen2.5-coder:3b,1,1,1,huggingface/transformers,0,Feature,huggingface__transformers-23126,0.0,0.0,0.0,0.0
0.5,0.5,1.0,212,1.0,1.0,1.0,1.0,issue_plus_hints,0.871,1,1,Python,qwen2.5-coder:3b,1,1,1,huggingface/transformers,0,Feature,huggingface__transformers-23126,0.0,0.0,0.0,0.0
0.0,0.0,1.0,43,0.0,0.0,0.0,0.0,issue_only,0.948,1,1,Python,qwen2.5-coder:3b,1,2,2,langchain-ai/langchain,0,Feature,langchain-ai__langchain-5450,0.0,0.0,0.0,0.0
0.5,1.0,1.0,43,0.6666666666666666,0.5,1.0,1.0,issue_plus_inventory,1.214,1,1,Python,qwen2.5-coder:3b,1,2,2,langchain-ai/langchain,0,Feature,langchain-ai__langchain-5450,0.6666666666666666,0.5,1.0,1.0
0.5,1.0,1.0,43,0.6666666666666666,0.5,1.0,1.0,issue_plus_hints,0.876,1,1,Python,qwen2.5-coder:3b,1,2,2,langchain-ai/langchain,0,Feature,langchain-ai__langchain-5450,0.6666666666666666,0.5,1.0,1.0
0.0,0.0,0.16666666666666666,212,0.0,0.0,0.0,0.0,issue_only,0.92,10,2,Python,qwen2.5-coder:3b,1,1,1,huggingface/transformers,0,Feature,huggingface__transformers-24510,0.0,0.0,0.0,0.0
0.0,0.0,0.16666666666666666,212,0.0,0.0,0.0,0.0,issue_plus_inventory,1.39,10,2,Python,qwen2.5-coder:3b,1,1,2,huggingface/transformers,0,Feature,huggingface__transformers-24510,0.0,0.0,0.0,0.0
0.0,0.0,0.08333333333333333,212,0.0,0.0,0.0,0.0,issue_plus_hints,0.912,10,2,Python,qwen2.5-coder:3b,1,1,2,huggingface/transformers,0,Feature,huggingface__transformers-24510,0.0,0.0,0.0,0.0
0.5,0.5,0.5,212,1.0,1.0,1.0,1.0,issue_only,0.676,1,1,Python,qwen2.5-coder:3b,1,1,1,huggingface/transformers,0,Feature,huggingface__transformers-26386,0.0,0.0,0.0,0.0
0.6666666666666666,1.0,1.0,212,1.0,1.0,1.0,1.0,issue_plus_inventory,1.553,1,1,Python,qwen2.5-coder:3b,1,1,2,huggingface/transformers,0,Feature,huggingface__transformers-26386,0.6666666666666666,0.5,1.0,1.0
0.6666666666666666,1.0,1.0,212,1.0,1.0,1.0,1.0,issue_plus_hints,1.049,1,1,Python,qwen2.5-coder:3b,1,1,2,huggingface/transformers,0,Feature,huggingface__transformers-26386,0.6666666666666666,0.5,1.0,1.0
0.3333333333333333,0.3333333333333333,0.3333333333333333,212,0.6666666666666666,1.0,0.5,0.5,issue_only,1.267,2,1,Python,qwen2.5-coder:3b,1,1,2,huggingface/transformers,0,Feature,huggingface__transformers-26568,0.0,0.0,0.0,0.0
1.0,0.6666666666666666,0.6666666666666666,212,0.6666666666666666,1.0,0.5,0.5,issue_plus_inventory,1.567,2,1,Python,qwen2.5-coder:3b,1,1,1,huggingface/transformers,0,Feature,huggingface__transformers-26568,1.0,1.0,1.0,1.0
1.0,0.6666666666666666,0.6666666666666666,212,0.6666666666666666,1.0,0.5,0.5,issue_plus_hints,0.839,2,1,Python,qwen2.5-coder:3b,1,1,1,huggingface/transformers,0,Feature,huggingface__transformers-26568,1.0,1.0,1.0,1.0
0.0,0.0,0.0,89,0.0,0.0,0.0,0.0,issue_only,0.683,5,1,Python,qwen2.5-coder:3b,1,1,1,keras-team/keras,0,Feature,keras-team__keras-18649,0.0,0.0,0.0,0.0
1.0,0.3333333333333333,1.0,89,0.28571428571428575,0.5,0.2,0.2,issue_plus_inventory,1.267,5,1,Python,qwen2.5-coder:3b,1,2,1,keras-team/keras,0,Feature,keras-team__keras-18649,1.0,1.0,1.0,1.0
0.5,0.3333333333333333,1.0,89,0.28571428571428575,0.5,0.2,0.2,issue_plus_hints,0.87,5,1,Python,qwen2.5-coder:3b,1,2,2,keras-team/keras,0,Feature,keras-team__keras-18649,0.6666666666666666,0.5,1.0,1.0
0.5,0.25,0.25,212,0.4,0.5,0.3333333333333333,0.3333333333333333,issue_only,1.111,3,1,Python,qwen2.5-coder:3b,1,2,1,huggingface/transformers,0,Feature,huggingface__transformers-27463,0.0,0.0,0.0,0.0
1.0,0.5,0.5,212,0.5,1.0,0.3333333333333333,0.3333333333333333,issue_plus_inventory,1.384,3,1,Python,qwen2.5-coder:3b,1,1,1,huggingface/transformers,0,Feature,huggingface__transformers-27463,1.0,1.0,1.0,1.0
1.0,0.5,0.5,212,0.5,1.0,0.3333333333333333,0.3333333333333333,issue_plus_hints,0.726,3,1,Python,qwen2.5-coder:3b,1,1,1,huggingface/transformers,0,Feature,huggingface__transformers-27463,1.0,1.0,1.0,1.0
1.0,0.25,0.25,212,0.5,1.0,0.3333333333333333,0.3333333333333333,issue_only,0.712,3,1,Python,qwen2.5-coder:3b,1,1,0,huggingface/transformers,0,Feature,huggingface__transformers-27561,0.0,0.0,0.0,0.0
1.0,0.5,0.5,212,0.5,1.0,0.3333333333333333,0.3333333333333333,issue_plus_inventory,1.5,3,1,Python,qwen2.5-coder:3b,1,1,1,huggingface/transformers,0,Feature,huggingface__transformers-27561,1.0,1.0,1.0,1.0
1.0,0.5,0.5,212,0.5,1.0,0.3333333333333333,0.3333333333333333,issue_plus_hints,1.005,3,1,Python,qwen2.5-coder:3b,1,1,1,huggingface/transformers,0,Feature,huggingface__transformers-27561,1.0,1.0,1.0,1.0
0.5,0.25,0.25,212,0.4,0.5,0.3333333333333333,0.3333333333333333,issue_only,1.16,3,1,Python,qwen2.5-coder:3b,1,2,1,huggingface/transformers,0,Feature,huggingface__transformers-27717,0.0,0.0,0.0,0.0
1.0,0.5,0.5,212,0.5,1.0,0.3333333333333333,0.3333333333333333,issue_plus_inventory,1.465,3,1,Python,qwen2.5-coder:3b,1,1,1,huggingface/transformers,0,Feature,huggingface__transformers-27717,1.0,1.0,1.0,1.0
1.0,0.5,0.5,212,0.5,1.0,0.3333333333333333,0.3333333333333333,issue_plus_hints,0.894,3,1,Python,qwen2.5-coder:3b,1,1,1,huggingface/transformers,0,Feature,huggingface__transformers-27717,1.0,1.0,1.0,1.0
0.0,0.0,0.14285714285714285,89,0.0,0.0,0.0,0.0,issue_only,0.93,4,3,Python,qwen2.5-coder:3b,1,1,2,keras-team/keras,0,Feature,keras-team__keras-18852,0.0,0.0,0.0,0.0
0.25,0.14285714285714285,0.2857142857142857,89,0.3333333333333333,0.5,0.25,0.25,issue_plus_inventory,1.375,4,3,Python,qwen2.5-coder:3b,1,2,2,keras-team/keras,0,Feature,keras-team__keras-18852,0.0,0.0,0.0,0.0
0.2,0.14285714285714285,0.2857142857142857,89,0.3333333333333333,0.5,0.25,0.25,issue_plus_hints,0.973,4,3,Python,qwen2.5-coder:3b,1,2,3,keras-team/keras,0,Feature,keras-team__keras-18852,0.0,0.0,0.0,0.0
0.0,0.0,0.14285714285714285,36,0.0,0.0,0.0,0.0,issue_only,1.245,5,2,Python,qwen2.5-coder:3b,1,2,1,yt-dlp/yt-dlp,0,Feature,yt-dlp__yt-dlp-8917,0.0,0.0,0.0,0.0
0.3333333333333333,0.14285714285714285,0.14285714285714285,36,0.33333333333333337,1.0,0.2,0.2,issue_plus_inventory,0.946,5,2,Python,qwen2.5-coder:3b,1,1,2,yt-dlp/yt-dlp,0,Feature,yt-dlp__yt-dlp-8917,0.0,0.0,0.0,0.0
0.3333333333333333,0.14285714285714285,0.14285714285714285,36,0.33333333333333337,1.0,0.2,0.2,issue_plus_hints,0.883,5,2,Python,qwen2.5-coder:3b,1,1,2,yt-dlp/yt-dlp,0,Feature,yt-dlp__yt-dlp-8917,0.0,0.0,0.0,0.0
0.3333333333333333,0.5,0.5,212,1.0,1.0,1.0,1.0,issue_only,0.929,1,1,Python,qwen2.5-coder:3b,1,1,2,huggingface/transformers,0,Feature,huggingface__transformers-28517,0.0,0.0,0.0,0.0
1.0,1.0,1.0,212,1.0,1.0,1.0,1.0,issue_plus_inventory,1.453,1,1,Python,qwen2.5-coder:3b,1,1,1,huggingface/transformers,0,Feature,huggingface__transformers-28517,1.0,1.0,1.0,1.0
1.0,1.0,1.0,212,1.0,1.0,1.0,1.0,issue_plus_hints,0.886,1,1,Python,qwen2.5-coder:3b,1,1,1,huggingface/transformers,0,Feature,huggingface__transformers-28517,1.0,1.0,1.0,1.0
0.0,0.0,0.0,212,0.0,0.0,0.0,0.0,issue_only,0.943,1,1,Python,qwen2.5-coder:3b,1,2,2,huggingface/transformers,0,Feature,huggingface__transformers-28940,0.0,0.0,0.0,0.0
0.5,0.5,0.5,212,1.0,1.0,1.0,1.0,issue_plus_inventory,1.183,1,1,Python,qwen2.5-coder:3b,1,1,1,huggingface/transformers,0,Feature,huggingface__transformers-28940,0.0,0.0,0.0,0.0
0.25,0.5,0.5,212,0.6666666666666666,0.5,1.0,1.0,issue_plus_hints,0.871,1,1,Python,qwen2.5-coder:3b,1,2,2,huggingface/transformers,0,Feature,huggingface__transformers-28940,0.0,0.0,0.0,0.0
0.25,0.2,0.4,212,0.4,0.5,0.3333333333333333,0.3333333333333333,issue_only,1.132,3,2,Python,qwen2.5-coder:3b,1,2,2,huggingface/transformers,0,Feature,huggingface__transformers-29589,0.0,0.0,0.0,0.0
0.6666666666666666,0.4,0.4,212,0.5,1.0,0.3333333333333333,0.3333333333333333,issue_plus_inventory,1.538,3,2,Python,qwen2.5-coder:3b,1,1,2,huggingface/transformers,0,Feature,huggingface__transformers-29589,0.5,0.5,0.5,0.5
0.25,0.2,0.2,212,0.4,0.5,0.3333333333333333,0.3333333333333333,issue_plus_hints,1.128,3,2,Python,qwen2.5-coder:3b,1,2,2,huggingface/transformers,0,Feature,huggingface__transformers-29589,0.0,0.0,0.0,0.0
0.3333333333333333,0.5,1.0,212,1.0,1.0,1.0,1.0,issue_only,0.961,1,1,Python,qwen2.5-coder:3b,1,1,2,huggingface/transformers,0,Feature,huggingface__transformers-29688,0.0,0.0,0.0,0.0
0.25,0.5,0.5,212,0.6666666666666666,0.5,1.0,1.0,issue_plus_inventory,1.61,1,1,Python,qwen2.5-coder:3b,1,2,2,huggingface/transformers,0,Feature,huggingface__transformers-29688,0.0,0.0,0.0,0.0
0.25,0.5,0.5,212,0.6666666666666666,0.5,1.0,1.0,issue_plus_hints,0.916,1,1,Python,qwen2.5-coder:3b,1,2,2,huggingface/transformers,0,Feature,huggingface__transformers-29688,0.0,0.0,0.0,0.0
0.25,0.5,0.5,43,0.6666666666666666,0.5,1.0,1.0,issue_only,1.092,1,1,Python,qwen2.5-coder:3b,1,2,2,langchain-ai/langchain,0,Feature,langchain-ai__langchain-19331,0.0,0.0,0.0,0.0
0.6666666666666666,1.0,1.0,43,1.0,1.0,1.0,1.0,issue_plus_inventory,1.061,1,1,Python,qwen2.5-coder:3b,1,1,2,langchain-ai/langchain,0,Feature,langchain-ai__langchain-19331,0.6666666666666666,0.5,1.0,1.0
1.0,1.0,1.0,43,1.0,1.0,1.0,1.0,issue_plus_hints,0.81,1,1,Python,qwen2.5-coder:3b,1,1,1,langchain-ai/langchain,0,Feature,langchain-ai__langchain-19331,1.0,1.0,1.0,1.0
0.0,0.0,1.0,212,0.0,0.0,0.0,0.0,issue_only,0.773,1,1,Python,qwen2.5-coder:3b,1,1,2,huggingface/transformers,0,Feature,huggingface__transformers-29838,0.0,0.0,0.0,0.0
0.3333333333333333,0.5,1.0,212,1.0,1.0,1.0,1.0,issue_plus_inventory,1.345,1,1,Python,qwen2.5-coder:3b,1,1,2,huggingface/transformers,0,Feature,huggingface__transformers-29838,0.0,0.0,0.0,0.0
0.3333333333333333,0.5,1.0,212,1.0,1.0,1.0,1.0,issue_plus_hints,0.854,1,1,Python,qwen2.5-coder:3b,1,1,2,huggingface/transformers,0,Feature,huggingface__transformers-29838,0.0,0.0,0.0,0.0
0.25,0.3333333333333333,0.3333333333333333,212,0.6666666666666666,1.0,0.5,0.5,issue_only,1.07,2,1,Python,qwen2.5-coder:3b,1,1,3,huggingface/transformers,0,Feature,huggingface__transformers-31095,0.0,0.0,0.0,0.0
0.6666666666666666,0.6666666666666666,0.6666666666666666,212,0.5,0.5,0.5,0.5,issue_plus_inventory,1.347,2,1,Python,qwen2.5-coder:3b,1,2,1,huggingface/transformers,0,Feature,huggingface__transformers-31095,1.0,1.0,1.0,1.0
0.6666666666666666,0.6666666666666666,0.6666666666666666,212,0.5,0.5,0.5,0.5,issue_plus_hints,0.761,2,1,Python,qwen2.5-coder:3b,1,2,1,huggingface/transformers,0,Feature,huggingface__transformers-31095,1.0,1.0,1.0,1.0
0.0,0.0,0.0,212,0.0,0.0,0.0,0.0,issue_only,0.807,3,1,Python,qwen2.5-coder:3b,1,2,1,huggingface/transformers,0,Feature,huggingface__transformers-31247,0.0,0.0,0.0,0.0
0.25,0.25,0.5,212,0.4,0.5,0.3333333333333333,0.3333333333333333,issue_plus_inventory,1.376,3,1,Python,qwen2.5-coder:3b,1,2,2,huggingface/transformers,0,Feature,huggingface__transformers-31247,0.0,0.0,0.0,0.0
0.5,0.25,0.5,212,0.4,0.5,0.3333333333333333,0.3333333333333333,issue_plus_hints,0.848,3,1,Python,qwen2.5-coder:3b,1,2,1,huggingface/transformers,0,Feature,huggingface__transformers-31247,0.0,0.0,0.0,0.0
0.0,0.0,0.625,89,0.0,0.0,0.0,0.0,issue_only,0.845,7,1,Python,qwen2.5-coder:3b,1,2,2,keras-team/keras,0,Feature,keras-team__keras-19903,0.0,0.0,0.0,0.0
0.0,0.0,0.625,89,0.0,0.0,0.0,0.0,issue_plus_inventory,1.329,7,1,Python,qwen2.5-coder:3b,1,2,2,keras-team/keras,0,Feature,keras-team__keras-19903,0.0,0.0,0.0,0.0
0.2,0.125,0.875,89,0.0,0.0,0.0,0.0,issue_plus_hints,1.184,7,1,Python,qwen2.5-coder:3b,1,3,3,keras-team/keras,0,Feature,keras-team__keras-19903,0.0,0.0,0.0,0.0
0.0,0.0,0.0,28,0.0,0.0,0.0,0.0,issue_only,1.193,2,3,TypeScript,qwen2.5-coder:3b,1,2,1,tailwindlabs/tailwindcss,0,Feature,tailwindlabs__tailwindcss-88,0.0,0.0,0.0,0.0
0.0,0.0,0.0,28,0.0,0.0,0.0,0.0,issue_plus_inventory,0.86,2,3,TypeScript,qwen2.5-coder:3b,1,2,1,tailwindlabs/tailwindcss,0,Feature,tailwindlabs__tailwindcss-88,0.0,0.0,0.0,0.0
0.0,0.0,0.0,28,0.0,0.0,0.0,0.0,issue_plus_hints,0.92,2,3,TypeScript,qwen2.5-coder:3b,1,2,2,tailwindlabs/tailwindcss,0,Feature,tailwindlabs__tailwindcss-88,0.0,0.0,0.0,0.0
0.0,0.0,0.0,28,0.0,0.0,0.0,0.0,issue_only,0.815,1,1,TypeScript,qwen2.5-coder:3b,1,2,2,tailwindlabs/tailwindcss,0,Feature,tailwindlabs__tailwindcss-165,0.0,0.0,0.0,0.0
0.3333333333333333,1.0,1.0,28,1.0,1.0,1.0,1.0,issue_plus_inventory,1.04,1,1,TypeScript,qwen2.5-coder:3b,1,1,5,tailwindlabs/tailwindcss,0,Feature,tailwindlabs__tailwindcss-165,0.33333333333333337,0.2,1.0,1.0
0.3333333333333333,1.0,1.0,28,1.0,1.0,1.0,1.0,issue_plus_hints,1.062,1,1,TypeScript,qwen2.5-coder:3b,1,1,5,tailwindlabs/tailwindcss,0,Feature,tailwindlabs__tailwindcss-165,0.33333333333333337,0.2,1.0,1.0
0.0,0.0,0.0,28,0.0,0.0,0.0,0.0,issue_only,0.985,1,1,TypeScript,qwen2.5-coder:3b,1,2,2,tailwindlabs/tailwindcss,0,Feature,tailwindlabs__tailwindcss-236,0.0,0.0,0.0,0.0
0.0,0.0,0.0,28,0.0,0.0,0.0,0.0,issue_plus_inventory,1.23,1,1,TypeScript,qwen2.5-coder:3b,1,2,5,tailwindlabs/tailwindcss,0,Feature,tailwindlabs__tailwindcss-236,0.0,0.0,0.0,0.0
0.0,0.0,0.0,28,0.0,0.0,0.0,0.0,issue_plus_hints,1.08,1,1,TypeScript,qwen2.5-coder:3b,1,2,5,tailwindlabs/tailwindcss,0,Feature,tailwindlabs__tailwindcss-236,0.0,0.0,0.0,0.0
0.0,0.0,0.0,28,0.0,0.0,0.0,0.0,issue_only,0.892,1,1,TypeScript,qwen2.5-coder:3b,1,2,2,tailwindlabs/tailwindcss,0,Feature,tailwindlabs__tailwindcss-417,0.0,0.0,0.0,0.0
0.2857142857142857,1.0,1.0,28,0.5,0.3333333333333333,1.0,1.0,issue_plus_inventory,1.202,1,1,TypeScript,qwen2.5-coder:3b,1,3,4,tailwindlabs/tailwindcss,0,Feature,tailwindlabs__tailwindcss-417,0.4,0.25,1.0,1.0
0.4,1.0,1.0,28,0.5,0.3333333333333333,1.0,1.0,issue_plus_hints,0.937,1,1,TypeScript,qwen2.5-coder:3b,1,3,2,tailwindlabs/tailwindcss,0,Feature,tailwindlabs__tailwindcss-417,0.6666666666666666,0.5,1.0,1.0
0.0,0.0,0.0,28,0.0,0.0,0.0,0.0,issue_only,0.683,1,1,TypeScript,qwen2.5-coder:3b,1,2,1,tailwindlabs/tailwindcss,0,Feature,tailwindlabs__tailwindcss-445,0.0,0.0,0.0,0.0
0.16666666666666666,0.5,0.5,28,0.6666666666666666,0.5,1.0,1.0,issue_plus_inventory,1.09,1,1,TypeScript,qwen2.5-coder:3b,1,2,4,tailwindlabs/tailwindcss,0,Feature,tailwindlabs__tailwindcss-445,0.0,0.0,0.0,0.0
0.14285714285714285,0.5,0.5,28,0.6666666666666666,0.5,1.0,1.0,issue_plus_hints,1.148,1,1,TypeScript,qwen2.5-coder:3b,1,2,5,tailwindlabs/tailwindcss,0,Feature,tailwindlabs__tailwindcss-445,0.0,0.0,0.0,0.0
0.0,0.0,0.0,28,0.0,0.0,0.0,0.0,issue_only,0.818,2,1,TypeScript,qwen2.5-coder:3b,1,2,2,tailwindlabs/tailwindcss,0,Feature,tailwindlabs__tailwindcss-463,0.0,0.0,0.0,0.0
0.5,0.6666666666666666,0.6666666666666666,28,0.5,0.5,0.5,0.5,issue_plus_inventory,0.985,2,1,TypeScript,qwen2.5-coder:3b,1,2,2,tailwindlabs/tailwindcss,0,Feature,tailwindlabs__tailwindcss-463,0.6666666666666666,0.5,1.0,1.0
0.5,0.6666666666666666,0.6666666666666666,28,0.5,0.5,0.5,0.5,issue_plus_hints,0.919,2,1,TypeScript,qwen2.5-coder:3b,1,2,2,tailwindlabs/tailwindcss,0,Feature,tailwindlabs__tailwindcss-463,0.6666666666666666,0.5,1.0,1.0
0.0,0.0,0.0,407,0.0,0.0,0.0,0.0,issue_only,1.155,3,1,TypeScript,qwen2.5-coder:3b,1,2,2,mui/material-ui,0,Feature,mui__material-ui-11446,0.0,0.0,0.0,0.0
0.5,0.5,0.5,407,0.4,0.5,0.3333333333333333,0.3333333333333333,issue_plus_inventory,1.552,3,1,TypeScript,qwen2.5-coder:3b,1,2,2,mui/material-ui,0,Feature,mui__material-ui-11446,0.6666666666666666,0.5,1.0,1.0
0.5,0.5,0.5,407,0.4,0.5,0.3333333333333333,0.3333333333333333,issue_plus_hints,1.161,3,1,TypeScript,qwen2.5-coder:3b,1,2,2,mui/material-ui,0,Feature,mui__material-ui-11446,0.6666666666666666,0.5,1.0,1.0
0.3333333333333333,0.5,0.5,28,1.0,1.0,1.0,1.0,issue_only,0.787,1,1,TypeScript,qwen2.5-coder:3b,1,1,2,tailwindlabs/tailwindcss,0,Feature,tailwindlabs__tailwindcss-553,0.0,0.0,0.0,0.0
0.2857142857142857,1.0,1.0,28,1.0,1.0,1.0,1.0,issue_plus_inventory,1.144,1,1,TypeScript,qwen2.5-coder:3b,1,1,6,tailwindlabs/tailwindcss,0,Feature,tailwindlabs__tailwindcss-553,0.33333333333333337,0.2,1.0,1.0
0.2857142857142857,1.0,1.0,28,1.0,1.0,1.0,1.0,issue_plus_hints,1.017,1,1,TypeScript,qwen2.5-coder:3b,1,1,6,tailwindlabs/tailwindcss,0,Feature,tailwindlabs__tailwindcss-553,0.33333333333333337,0.2,1.0,1.0
0.0,0.0,0.0,407,0.0,0.0,0.0,0.0,issue_only,1.011,3,1,TypeScript,qwen2.5-coder:3b,1,2,1,mui/material-ui,0,Feature,mui__material-ui-13828,0.0,0.0,0.0,0.0
0.0,0.0,0.25,407,0.0,0.0,0.0,0.0,issue_plus_inventory,1.302,3,1,TypeScript,qwen2.5-coder:3b,1,1,1,mui/material-ui,0,Feature,mui__material-ui-13828,0.0,0.0,0.0,0.0
0.5,0.25,0.5,407,0.5,1.0,0.3333333333333333,0.3333333333333333,issue_plus_hints,0.784,3,1,TypeScript,qwen2.5-coder:3b,1,1,1,mui/material-ui,0,Feature,mui__material-ui-13828,0.0,0.0,0.0,0.0
0.5,0.2857142857142857,0.2857142857142857,407,0.28571428571428575,0.5,0.2,0.2,issue_only,0.867,5,2,TypeScript,qwen2.5-coder:3b,1,2,2,mui/material-ui,0,Feature,mui__material-ui-13899,0.5,0.5,0.5,0.5
0.2,0.14285714285714285,0.14285714285714285,407,0.0,0.0,0.0,0.0,issue_plus_inventory,1.483,5,2,TypeScript,qwen2.5-coder:3b,1,3,2,mui/material-ui,0,Feature,mui__material-ui-13899,0.5,0.5,0.5,0.5
0.2,0.14285714285714285,0.14285714285714285,407,0.0,0.0,0.0,0.0,issue_plus_hints,1.062,5,2,TypeScript,qwen2.5-coder:3b,1,3,2,mui/material-ui,0,Feature,mui__material-ui-13899,0.5,0.5,0.5,0.5
0.0,0.0,0.0,407,0.0,0.0,0.0,0.0,issue_only,1.051,10,3,TypeScript,qwen2.5-coder:3b,1,2,2,mui/material-ui,0,Feature,mui__material-ui-14465,0.0,0.0,0.0,0.0
0.0,0.0,0.0,407,0.0,0.0,0.0,0.0,issue_plus_inventory,1.593,10,3,TypeScript,qwen2.5-coder:3b,1,2,2,mui/material-ui,0,Feature,mui__material-ui-14465,0.0,0.0,0.0,0.0
0.0,0.0,0.0,407,0.0,0.0,0.0,0.0,issue_plus_hints,1.038,10,3,TypeScript,qwen2.5-coder:3b,1,2,2,mui/material-ui,0,Feature,mui__material-ui-14465,0.0,0.0,0.0,0.0
0.0,0.0,0.0,28,0.0,0.0,0.0,0.0,issue_only,0.894,1,1,TypeScript,qwen2.5-coder:3b,1,2,2,tailwindlabs/tailwindcss,0,Feature,tailwindlabs__tailwindcss-849,0.0,0.0,0.0,0.0
0.5,1.0,1.0,28,1.0,1.0,1.0,1.0,issue_plus_inventory,0.908,1,1,TypeScript,qwen2.5-coder:3b,1,1,3,tailwindlabs/tailwindcss,0,Feature,tailwindlabs__tailwindcss-849,0.5,0.3333333333333333,1.0,1.0
0.4,1.0,1.0,28,0.6666666666666666,0.5,1.0,1.0,issue_plus_hints,0.838,1,1,TypeScript,qwen2.5-coder:3b,1,2,3,tailwindlabs/tailwindcss,0,Feature,tailwindlabs__tailwindcss-849,0.5,0.3333333333333333,1.0,1.0
0.0,0.0,0.0,407,0.0,0.0,0.0,0.0,issue_only,1.134,3,1,TypeScript,qwen2.5-coder:3b,1,2,2,mui/material-ui,0,Feature,mui__material-ui-15495,0.0,0.0,0.0,0.0
0.25,0.25,0.25,407,0.0,0.0,0.0,0.0,issue_plus_inventory,1.536,3,1,TypeScript,qwen2.5-coder:3b,1,2,2,mui/material-ui,0,Feature,mui__material-ui-15495,0.6666666666666666,0.5,1.0,1.0
0.25,0.25,0.25,407,0.0,0.0,0.0,0.0,issue_plus_hints,1.106,3,1,TypeScript,qwen2.5-coder:3b,1,2,2,mui/material-ui,0,Feature,mui__material-ui-15495,0.6666666666666666,0.5,1.0,1.0
0.6666666666666666,1.0,1.0,407,0.6666666666666666,0.5,1.0,1.0,issue_only,0.767,1,1,TypeScript,qwen2.5-coder:3b,1,2,1,mui/material-ui,0,Feature,mui__material-ui-17005,1.0,1.0,1.0,1.0
0.5,1.0,1.0,407,0.6666666666666666,0.5,1.0,1.0,issue_plus_inventory,1.454,1,1,TypeScript,qwen2.5-coder:3b,1,2,2,mui/material-ui,0,Feature,mui__material-ui-17005,0.6666666666666666,0.5,1.0,1.0
0.6666666666666666,1.0,1.0,407,0.6666666666666666,0.5,1.0,1.0,issue_plus_hints,0.954,1,1,TypeScript,qwen2.5-coder:3b,1,2,1,mui/material-ui,0,Feature,mui__material-ui-17005,1.0,1.0,1.0,1.0
0.3333333333333333,0.2,0.2,407,0.4,0.5,0.3333333333333333,0.3333333333333333,issue_only,0.989,3,2,TypeScript,qwen2.5-coder:3b,1,2,1,mui/material-ui,0,Feature,mui__material-ui-17640,0.0,0.0,0.0,0.0
1.0,0.4,0.4,407,0.4,0.5,0.3333333333333333,0.3333333333333333,issue_plus_inventory,1.301,3,2,TypeScript,qwen2.5-coder:3b,1,2,1,mui/material-ui,0,Feature,mui__material-ui-17640,0.6666666666666666,1.0,0.5,0.5
1.0,0.4,0.4,407,0.4,0.5,0.3333333333333333,0.3333333333333333,issue_plus_hints,0.888,3,2,TypeScript,qwen2.5-coder:3b,1,2,1,mui/material-ui,0,Feature,mui__material-ui-17640,0.6666666666666666,1.0,0.5,0.5
0.0,0.0,0.0,407,0.0,0.0,0.0,0.0,issue_only,0.879,5,4,TypeScript,qwen2.5-coder:3b,1,2,1,mui/material-ui,0,Feature,mui__material-ui-17691,0.0,0.0,0.0,0.0
0.5,0.2222222222222222,0.2222222222222222,407,0.5714285714285715,1.0,0.4,0.4,issue_plus_inventory,1.483,5,4,TypeScript,qwen2.5-coder:3b,1,2,2,mui/material-ui,0,Feature,mui__material-ui-17691,0.0,0.0,0.0,0.0
0.5,0.2222222222222222,0.2222222222222222,407,0.5714285714285715,1.0,0.4,0.4,issue_plus_hints,1.044,5,4,TypeScript,qwen2.5-coder:3b,1,2,2,mui/material-ui,0,Feature,mui__material-ui-17691,0.0,0.0,0.0,0.0
0.0,0.0,0.0,407,0.0,0.0,0.0,0.0,issue_only,1.017,2,1,TypeScript,qwen2.5-coder:3b,1,2,2,mui/material-ui,0,Feature,mui__material-ui-17829,0.0,0.0,0.0,0.0
0.3333333333333333,0.6666666666666666,0.6666666666666666,407,0.4,0.3333333333333333,0.5,0.5,issue_plus_inventory,1.62,2,1,TypeScript,qwen2.5-coder:3b,1,3,3,mui/material-ui,0,Feature,mui__material-ui-17829,0.5,0.3333333333333333,1.0,1.0
0.3333333333333333,0.6666666666666666,0.6666666666666666,407,0.4,0.3333333333333333,0.5,0.5,issue_plus_hints,1.022,2,1,TypeScript,qwen2.5-coder:3b,1,3,3,mui/material-ui,0,Feature,mui__material-ui-17829,0.5,0.3333333333333333,1.0,1.0
0.0,0.0,0.0,407,0.0,0.0,0.0,0.0,issue_only,0.856,6,1,TypeScript,qwen2.5-coder:3b,1,2,2,mui/material-ui,0,Feature,mui__material-ui-18744,0.0,0.0,0.0,0.0
0.0,0.0,0.0,407,0.0,0.0,0.0,0.0,issue_plus_inventory,1.488,6,1,TypeScript,qwen2.5-coder:3b,1,1,3,mui/material-ui,0,Feature,mui__material-ui-18744,0.0,0.0,0.0,0.0
0.5,0.2857142857142857,0.2857142857142857,407,0.25,0.5,0.16666666666666666,0.16666666666666666,issue_plus_hints,1.021,6,1,TypeScript,qwen2.5-coder:3b,1,2,2,mui/material-ui,0,Feature,mui__material-ui-18744,0.6666666666666666,0.5,1.0,1.0
0.0,0.0,0.18181818181818182,407,0.0,0.0,0.0,0.0,issue_only,1.008,9,2,TypeScript,qwen2.5-coder:3b,1,2,2,mui/material-ui,0,Feature,mui__material-ui-20133,0.0,0.0,0.0,0.0
0.0,0.0,0.18181818181818182,407,0.0,0.0,0.0,0.0,issue_plus_inventory,1.349,9,2,TypeScript,qwen2.5-coder:3b,1,2,1,mui/material-ui,0,Feature,mui__material-ui-20133,0.0,0.0,0.0,0.0
0.0,0.0,0.2727272727272727,407,0.0,0.0,0.0,0.0,issue_plus_hints,0.776,9,2,TypeScript,qwen2.5-coder:3b,1,2,1,mui/material-ui,0,Feature,mui__material-ui-20133,0.0,0.0,0.0,0.0
0.25,0.25,0.75,407,0.4,0.5,0.3333333333333333,0.3333333333333333,issue_only,0.981,3,1,TypeScript,qwen2.5-coder:3b,1,2,2,mui/material-ui,0,Feature,mui__material-ui-20781,0.0,0.0,0.0,0.0
0.6666666666666666,0.5,0.5,407,0.4,0.5,0.3333333333333333,0.3333333333333333,issue_plus_inventory,1.397,3,1,TypeScript,qwen2.5-coder:3b,1,2,1,mui/material-ui,0,Feature,mui__material-ui-20781,0.0,0.0,0.0,0.0
1.0,0.5,0.5,407,0.4,0.5,0.3333333333333333,0.3333333333333333,issue_plus_hints,0.958,3,1,TypeScript,qwen2.5-coder:3b,1,2,1,mui/material-ui,0,Feature,mui__material-ui-20781,1.0,1.0,1.0,1.0
0.25,0.16666666666666666,0.3333333333333333,407,0.3333333333333333,0.5,0.25,0.25,issue_only,1.203,4,2,TypeScript,qwen2.5-coder:3b,1,2,2,mui/material-ui,0,Feature,mui__material-ui-21192,0.0,0.0,0.0,0.0
0.25,0.16666666666666666,0.16666666666666666,407,0.3333333333333333,0.5,0.25,0.25,issue_plus_inventory,1.561,4,2,TypeScript,qwen2.5-coder:3b,1,2,2,mui/material-ui,0,Feature,mui__material-ui-21192,0.0,0.0,0.0,0.0
0.25,0.16666666666666666,0.16666666666666666,407,0.3333333333333333,0.5,0.25,0.25,issue_plus_hints,1.131,4,2,TypeScript,qwen2.5-coder:3b,1,2,2,mui/material-ui,0,Feature,mui__material-ui-21192,0.0,0.0,0.0,0.0
0.0,0.0,0.0,407,0.0,0.0,0.0,0.0,issue_only,1.059,3,4,TypeScript,qwen2.5-coder:3b,1,1,1,mui/material-ui,0,Feature,mui__material-ui-23364,0.0,0.0,0.0,0.0
0.0,0.0,0.0,407,0.0,0.0,0.0,0.0,issue_plus_inventory,1.464,3,4,TypeScript,qwen2.5-coder:3b,1,2,2,mui/material-ui,0,Feature,mui__material-ui-23364,0.0,0.0,0.0,0.0
0.0,0.0,0.0,407,0.0,0.0,0.0,0.0,issue_plus_hints,1.056,3,4,TypeScript,qwen2.5-coder:3b,1,2,2,mui/material-ui,0,Feature,mui__material-ui-23364,0.0,0.0,0.0,0.0
0.0,0.0,0.0,133,0.0,0.0,0.0,0.0,issue_only,0.883,1,1,TypeScript,qwen2.5-coder:3b,1,1,1,microsoft/vscode,0,Feature,microsoft__vscode-114208,0.0,0.0,0.0,0.0
0.0,0.0,0.0,133,0.0,0.0,0.0,0.0,issue_plus_inventory,1.753,1,1,TypeScript,qwen2.5-coder:3b,1,2,2,microsoft/vscode,0,Feature,microsoft__vscode-114208,0.0,0.0,0.0,0.0
0.25,0.5,0.5,133,0.6666666666666666,0.5,1.0,1.0,issue_plus_hints,1.194,1,1,TypeScript,qwen2.5-coder:3b,1,2,2,microsoft/vscode,0,Feature,microsoft__vscode-114208,0.0,0.0,0.0,0.0
0.0,0.0,0.0,407,0.0,0.0,0.0,0.0,issue_only,0.9,6,5,TypeScript,qwen2.5-coder:3b,1,2,2,mui/material-ui,0,Feature,mui__material-ui-26746,0.0,0.0,0.0,0.0
0.375,0.2727272727272727,0.2727272727272727,407,0.2,0.25,0.16666666666666666,0.16666666666666666,issue_plus_inventory,1.836,6,5,TypeScript,qwen2.5-coder:3b,1,4,4,mui/material-ui,0,Feature,mui__material-ui-26746,0.4444444444444445,0.5,0.4,0.4
0.375,0.2727272727272727,0.2727272727272727,407,0.2,0.25,0.16666666666666666,0.16666666666666666,issue_plus_hints,1.597,6,5,TypeScript,qwen2.5-coder:3b,1,4,4,mui/material-ui,0,Feature,mui__material-ui-26746,0.4444444444444445,0.5,0.4,0.4
0.0,0.0,0.0,133,0.0,0.0,0.0,0.0,issue_only,0.969,2,1,TypeScript,qwen2.5-coder:3b,1,3,3,microsoft/vscode,0,Feature,microsoft__vscode-127257,0.0,0.0,0.0,0.0
0.0,0.0,0.3333333333333333,133,0.0,0.0,0.0,0.0,issue_plus_inventory,1.656,2,1,TypeScript,qwen2.5-coder:3b,1,2,1,microsoft/vscode,0,Feature,microsoft__vscode-127257,0.0,0.0,0.0,0.0
0.2,0.3333333333333333,0.3333333333333333,133,0.5,0.5,0.5,0.5,issue_plus_hints,1.14,2,1,TypeScript,qwen2.5-coder:3b,1,2,3,microsoft/vscode,0,Feature,microsoft__vscode-127257,0.0,0.0,0.0,0.0
0.0,0.0,0.0,133,0.0,0.0,0.0,0.0,issue_only,1.16,2,1,TypeScript,qwen2.5-coder:3b,1,2,2,microsoft/vscode,0,Feature,microsoft__vscode-128931,0.0,0.0,0.0,0.0
1.0,0.6666666666666666,0.6666666666666666,133,0.5,0.5,0.5,0.5,issue_plus_inventory,1.701,2,1,TypeScript,qwen2.5-coder:3b,1,2,1,microsoft/vscode,0,Feature,microsoft__vscode-128931,1.0,1.0,1.0,1.0
1.0,0.6666666666666666,0.6666666666666666,133,0.5,0.5,0.5,0.5,issue_plus_hints,0.949,2,1,TypeScript,qwen2.5-coder:3b,1,2,1,microsoft/vscode,0,Feature,microsoft__vscode-128931,1.0,1.0,1.0,1.0
0.0,0.0,0.5,407,0.0,0.0,0.0,0.0,issue_only,1.497,3,1,TypeScript,qwen2.5-coder:3b,1,5,5,mui/material-ui,0,Feature,mui__material-ui-28813,0.0,0.0,0.0,0.0
0.2857142857142857,0.5,0.5,407,0.28571428571428575,0.25,0.3333333333333333,0.3333333333333333,issue_plus_inventory,1.761,3,1,TypeScript,qwen2.5-coder:3b,1,4,3,mui/material-ui,0,Feature,mui__material-ui-28813,0.5,0.3333333333333333,1.0,1.0
0.2222222222222222,0.5,0.75,407,0.28571428571428575,0.25,0.3333333333333333,0.3333333333333333,issue_plus_hints,1.529,3,1,TypeScript,qwen2.5-coder:3b,1,4,5,mui/material-ui,0,Feature,mui__material-ui-28813,0.33333333333333337,0.2,1.0,1.0
0.0,0.0,0.0,27,0.0,0.0,0.0,0.0,issue_only,0.818,7,1,TypeScript,qwen2.5-coder:3b,1,3,3,coder/code-server,0,Feature,coder__code-server-4597,0.0,0.0,0.0,0.0
0.0,0.0,0.0,27,0.0,0.0,0.0,0.0,issue_plus_inventory,0.964,7,1,TypeScript,qwen2.5-coder:3b,1,4,2,coder/code-server,0,Feature,coder__code-server-4597,0.0,0.0,0.0,0.0
0.0,0.0,0.0,27,0.0,0.0,0.0,0.0,issue_plus_hints,1.257,7,1,TypeScript,qwen2.5-coder:3b,1,5,5,coder/code-server,0,Feature,coder__code-server-4597,0.0,0.0,0.0,0.0
0.0,0.0,0.0,27,0.0,0.0,0.0,0.0,issue_only,0.822,12,4,TypeScript,qwen2.5-coder:3b,1,3,3,coder/code-server,0,Feature,coder__code-server-4678,0.0,0.0,0.0,0.0
0.0,0.0,0.0,27,0.0,0.0,0.0,0.0,issue_plus_inventory,0.943,12,4,TypeScript,qwen2.5-coder:3b,1,4,2,coder/code-server,0,Feature,coder__code-server-4678,0.0,0.0,0.0,0.0
0.0,0.0,0.0,27,0.0,0.0,0.0,0.0,issue_plus_hints,0.868,12,4,TypeScript,qwen2.5-coder:3b,1,4,2,coder/code-server,0,Feature,coder__code-server-4678,0.0,0.0,0.0,0.0
0.0,0.0,0.5,27,0.0,0.0,0.0,0.0,issue_only,0.771,2,2,TypeScript,qwen2.5-coder:3b,1,2,2,coder/code-server,0,Feature,coder__code-server-4923,0.0,0.0,0.0,0.0
0.6666666666666666,1.0,1.0,27,0.8,0.6666666666666666,1.0,1.0,issue_plus_inventory,0.965,2,2,TypeScript,qwen2.5-coder:3b,1,3,3,coder/code-server,0,Feature,coder__code-server-4923,0.8,0.6666666666666666,1.0,1.0
0.8,1.0,1.0,27,0.8,0.6666666666666666,1.0,1.0,issue_plus_hints,0.917,2,2,TypeScript,qwen2.5-coder:3b,1,3,2,coder/code-server,0,Feature,coder__code-server-4923,1.0,1.0,1.0,1.0
0.0,0.0,0.0,133,0.0,0.0,0.0,0.0,issue_only,0.937,8,3,TypeScript,qwen2.5-coder:3b,1,2,2,microsoft/vscode,0,Feature,microsoft__vscode-146962,0.0,0.0,0.0,0.0
0.25,0.09090909090909091,0.09090909090909091,133,0.0,0.0,0.0,0.0,issue_plus_inventory,1.733,8,3,TypeScript,qwen2.5-coder:3b,1,2,2,microsoft/vscode,0,Feature,microsoft__vscode-146962,0.4,0.5,0.3333333333333333,0.3333333333333333
0.2,0.09090909090909091,0.09090909090909091,133,0.0,0.0,0.0,0.0,issue_plus_hints,1.275,8,3,TypeScript,qwen2.5-coder:3b,1,3,2,microsoft/vscode,0,Feature,microsoft__vscode-146962,0.4,0.5,0.3333333333333333,0.3333333333333333
0.25,0.2,0.2,133,0.3333333333333333,0.5,0.25,0.25,issue_only,1.083,4,1,TypeScript,qwen2.5-coder:3b,1,2,2,microsoft/vscode,0,Feature,microsoft__vscode-152802,0.0,0.0,0.0,0.0
0.2,0.2,0.6,133,0.3333333333333333,0.5,0.25,0.25,issue_plus_inventory,2.036,4,1,TypeScript,qwen2.5-coder:3b,1,2,3,microsoft/vscode,0,Feature,microsoft__vscode-152802,0.0,0.0,0.0,0.0
0.2,0.2,0.6,133,0.3333333333333333,0.5,0.25,0.25,issue_plus_hints,1.175,4,1,TypeScript,qwen2.5-coder:3b,1,2,3,microsoft/vscode,0,Feature,microsoft__vscode-152802,0.0,0.0,0.0,0.0
0.0,0.0,0.1,407,0.0,0.0,0.0,0.0,issue_only,1.054,9,1,TypeScript,qwen2.5-coder:3b,1,2,1,mui/material-ui,0,Feature,mui__material-ui-33312,0.0,0.0,0.0,0.0
0.25,0.1,0.3,407,0.0,0.0,0.0,0.0,issue_plus_inventory,1.586,9,1,TypeScript,qwen2.5-coder:3b,1,2,2,mui/material-ui,0,Feature,mui__material-ui-33312,0.6666666666666666,0.5,1.0,1.0
0.25,0.1,0.3,407,0.0,0.0,0.0,0.0,issue_plus_hints,0.93,9,1,TypeScript,qwen2.5-coder:3b,1,2,2,mui/material-ui,0,Feature,mui__material-ui-33312,0.6666666666666666,0.5,1.0,1.0
0.0,0.0,0.0,133,0.0,0.0,0.0,0.0,issue_only,0.941,2,1,TypeScript,qwen2.5-coder:3b,1,2,1,microsoft/vscode,0,Feature,microsoft__vscode-155261,0.0,0.0,0.0,0.0
1.0,0.6666666666666666,0.6666666666666666,133,0.6666666666666666,1.0,0.5,0.5,issue_plus_inventory,1.446,2,1,TypeScript,qwen2.5-coder:3b,1,1,1,microsoft/vscode,0,Feature,microsoft__vscode-155261,1.0,1.0,1.0,1.0
1.0,0.6666666666666666,0.6666666666666666,133,0.6666666666666666,1.0,0.5,0.5,issue_plus_hints,0.749,2,1,TypeScript,qwen2.5-coder:3b,1,1,1,microsoft/vscode,0,Feature,microsoft__vscode-155261,1.0,1.0,1.0,1.0
0.0,0.0,0.0,133,0.0,0.0,0.0,0.0,issue_only,0.718,6,1,TypeScript,qwen2.5-coder:3b,1,2,2,microsoft/vscode,0,Feature,microsoft__vscode-156733,0.0,0.0,0.0,0.0
0.5714285714285714,0.5714285714285714,0.5714285714285714,133,0.5454545454545454,0.6,0.5,0.5,issue_plus_inventory,2.034,6,1,TypeScript,qwen2.5-coder:3b,1,5,2,microsoft/vscode,0,Feature,microsoft__vscode-156733,0.6666666666666666,0.5,1.0,1.0
0.4,0.5714285714285714,0.5714285714285714,133,0.5454545454545454,0.6,0.5,0.5,issue_plus_hints,1.628,6,1,TypeScript,qwen2.5-coder:3b,1,5,5,microsoft/vscode,0,Feature,microsoft__vscode-156733,0.33333333333333337,0.2,1.0,1.0
0.0,0.0,0.08333333333333333,407,0.0,0.0,0.0,0.0,issue_only,1.434,10,2,TypeScript,qwen2.5-coder:3b,1,2,2,mui/material-ui,0,Feature,mui__material-ui-34138,0.0,0.0,0.0,0.0
0.5,0.25,0.25,407,0.15384615384615383,0.3333333333333333,0.1,0.1,issue_plus_inventory,1.804,10,2,TypeScript,qwen2.5-coder:3b,1,3,3,mui/material-ui,0,Feature,mui__material-ui-34138,0.4,0.3333333333333333,0.5,0.5
0.5,0.25,0.25,407,0.15384615384615383,0.3333333333333333,0.1,0.1,issue_plus_hints,1.166,10,2,TypeScript,qwen2.5-coder:3b,1,3,3,mui/material-ui,0,Feature,mui__material-ui-34138,0.4,0.3333333333333333,0.5,0.5
0.0,0.0,0.08,407,0.0,0.0,0.0,0.0,issue_only,1.101,20,5,TypeScript,qwen2.5-coder:3b,1,2,2,mui/material-ui,0,Feature,mui__material-ui-34158,0.0,0.0,0.0,0.0
0.4,0.08,0.08,407,0.0,0.0,0.0,0.0,issue_plus_inventory,1.67,20,5,TypeScript,qwen2.5-coder:3b,1,2,3,mui/material-ui,0,Feature,mui__material-ui-34158,0.0,0.0,0.0,0.0
0.0,0.0,0.0,407,0.0,0.0,0.0,0.0,issue_plus_hints,1.207,20,5,TypeScript,qwen2.5-coder:3b,1,5,2,mui/material-ui,0,Feature,mui__material-ui-34158,0.0,0.0,0.0,0.0
0.0,0.0,0.0,407,0.0,0.0,0.0,0.0,issue_only,1.027,11,1,TypeScript,qwen2.5-coder:3b,1,2,2,mui/material-ui,0,Feature,mui__material-ui-34207,0.0,0.0,0.0,0.0
0.3333333333333333,0.08333333333333333,0.25,407,0.15384615384615385,0.5,0.09090909090909091,0.09090909090909091,issue_plus_inventory,1.49,11,1,TypeScript,qwen2.5-coder:3b,1,2,1,mui/material-ui,0,Feature,mui__material-ui-34207,0.0,0.0,0.0,0.0
0.3333333333333333,0.08333333333333333,0.25,407,0.15384615384615385,0.5,0.09090909090909091,0.09090909090909091,issue_plus_hints,0.843,11,1,TypeScript,qwen2.5-coder:3b,1,2,1,mui/material-ui,0,Feature,mui__material-ui-34207,0.0,0.0,0.0,0.0
0.0,0.0,0.0,27,0.0,0.0,0.0,0.0,issue_only,0.683,3,2,TypeScript,qwen2.5-coder:3b,1,2,1,coder/code-server,0,Feature,coder__code-server-5633,0.0,0.0,0.0,0.0
0.6666666666666666,0.8,0.8,27,0.5714285714285715,0.5,0.6666666666666666,0.6666666666666666,issue_plus_inventory,0.977,3,2,TypeScript,qwen2.5-coder:3b,1,4,2,coder/code-server,0,Feature,coder__code-server-5633,1.0,1.0,1.0,1.0
0.6666666666666666,0.8,0.8,27,0.5714285714285715,0.5,0.6666666666666666,0.6666666666666666,issue_plus_hints,0.892,3,2,TypeScript,qwen2.5-coder:3b,1,4,2,coder/code-server,0,Feature,coder__code-server-5633,1.0,1.0,1.0,1.0
0.0,0.0,0.0,133,0.0,0.0,0.0,0.0,issue_only,0.809,4,1,TypeScript,qwen2.5-coder:3b,1,2,2,microsoft/vscode,0,Feature,microsoft__vscode-165197,0.0,0.0,0.0,0.0
0.3333333333333333,0.4,0.4,133,0.28571428571428575,0.3333333333333333,0.25,0.25,issue_plus_inventory,2.088,4,1,TypeScript,qwen2.5-coder:3b,1,3,3,microsoft/vscode,0,Feature,microsoft__vscode-165197,0.5,0.3333333333333333,1.0,1.0
0.3333333333333333,0.4,0.4,133,0.28571428571428575,0.3333333333333333,0.25,0.25,issue_plus_hints,1.31,4,1,TypeScript,qwen2.5-coder:3b,1,3,3,microsoft/vscode,0,Feature,microsoft__vscode-165197,0.5,0.3333333333333333,1.0,1.0
0.0,0.0,0.0,133,0.0,0.0,0.0,0.0,issue_only,0.862,3,1,TypeScript,qwen2.5-coder:3b,1,2,1,microsoft/vscode,0,Feature,microsoft__vscode-168788,0.0,0.0,0.0,0.0
0.0,0.0,0.0,133,0.0,0.0,0.0,0.0,issue_plus_inventory,1.849,3,1,TypeScript,qwen2.5-coder:3b,1,3,2,microsoft/vscode,0,Feature,microsoft__vscode-168788,0.0,0.0,0.0,0.0
0.25,0.25,0.25,133,0.4,0.5,0.3333333333333333,0.3333333333333333,issue_plus_hints,1.14,3,1,TypeScript,qwen2.5-coder:3b,1,2,2,microsoft/vscode,0,Feature,microsoft__vscode-168788,0.0,0.0,0.0,0.0
0.0,0.0,0.0,133,0.0,0.0,0.0,0.0,issue_only,0.73,1,1,TypeScript,qwen2.5-coder:3b,1,1,0,microsoft/vscode,0,Feature,microsoft__vscode-178291,0.0,0.0,0.0,0.0
0.0,0.0,0.0,133,0.0,0.0,0.0,0.0,issue_plus_inventory,2.07,1,1,TypeScript,qwen2.5-coder:3b,1,4,3,microsoft/vscode,0,Feature,microsoft__vscode-178291,0.0,0.0,0.0,0.0
0.0,0.0,0.0,133,0.0,0.0,0.0,0.0,issue_plus_hints,1.277,1,1,TypeScript,qwen2.5-coder:3b,1,2,2,microsoft/vscode,0,Feature,microsoft__vscode-178291,0.0,0.0,0.0,0.0
0.0,0.0,0.0,133,0.0,0.0,0.0,0.0,issue_only,0.951,1,1,TypeScript,qwen2.5-coder:3b,1,2,2,microsoft/vscode,0,Feature,microsoft__vscode-178513,0.0,0.0,0.0,0.0
0.0,0.0,0.0,133,0.0,0.0,0.0,0.0,issue_plus_inventory,1.556,1,1,TypeScript,qwen2.5-coder:3b,1,2,2,microsoft/vscode,0,Feature,microsoft__vscode-178513,0.0,0.0,0.0,0.0
0.0,0.0,0.0,133,0.0,0.0,0.0,0.0,issue_plus_hints,1.806,1,1,TypeScript,qwen2.5-coder:3b,1,5,5,microsoft/vscode,0,Feature,microsoft__vscode-178513,0.0,0.0,0.0,0.0
0.0,0.0,0.0,27,0.0,0.0,0.0,0.0,issue_only,0.756,1,1,TypeScript,qwen2.5-coder:3b,1,2,2,coder/code-server,0,Feature,coder__code-server-6115,0.0,0.0,0.0,0.0
0.16666666666666666,0.5,0.5,27,0.0,0.0,0.0,0.0,issue_plus_inventory,1.225,1,1,TypeScript,qwen2.5-coder:3b,1,5,5,coder/code-server,0,Feature,coder__code-server-6115,0.33333333333333337,0.2,1.0,1.0
0.125,0.5,0.5,27,0.0,0.0,0.0,0.0,issue_plus_hints,1.115,1,1,TypeScript,qwen2.5-coder:3b,1,5,3,coder/code-server,0,Feature,coder__code-server-6115,0.0,0.0,0.0,0.0
0.0,0.0,0.0,133,0.0,0.0,0.0,0.0,issue_only,1.367,1,1,TypeScript,qwen2.5-coder:3b,1,2,2,microsoft/vscode,0,Feature,microsoft__vscode-178694,0.0,0.0,0.0,0.0
0.0,0.0,0.0,133,0.0,0.0,0.0,0.0,issue_plus_inventory,1.884,1,1,TypeScript,qwen2.5-coder:3b,1,2,3,microsoft/vscode,0,Feature,microsoft__vscode-178694,0.0,0.0,0.0,0.0
0.0,0.0,0.0,133,0.0,0.0,0.0,0.0,issue_plus_hints,1.63,1,1,TypeScript,qwen2.5-coder:3b,1,5,5,microsoft/vscode,0,Feature,microsoft__vscode-178694,0.0,0.0,0.0,0.0
0.0,0.0,0.0,133,0.0,0.0,0.0,0.0,issue_only,0.953,5,4,TypeScript,qwen2.5-coder:3b,1,2,2,microsoft/vscode,0,Feature,microsoft__vscode-182669,0.0,0.0,0.0,0.0
0.5,0.5555555555555556,0.5555555555555556,133,1.0,1.0,1.0,1.0,issue_plus_inventory,2.358,5,4,TypeScript,qwen2.5-coder:3b,1,5,5,microsoft/vscode,0,Feature,microsoft__vscode-182669,0.0,0.0,0.0,0.0
1.0,1.0,1.0,133,1.0,1.0,1.0,1.0,issue_plus_hints,1.522,5,4,TypeScript,qwen2.5-coder:3b,1,5,4,microsoft/vscode,0,Feature,microsoft__vscode-182669,1.0,1.0,1.0,1.0
0.5,0.16666666666666666,0.16666666666666666,27,0.33333333333333337,1.0,0.2,0.2,issue_only,0.836,5,1,TypeScript,qwen2.5-coder:3b,1,1,1,coder/code-server,0,Feature,coder__code-server-6225,0.0,0.0,0.0,0.0
0.75,0.5,0.5,27,0.5714285714285715,1.0,0.4,0.4,issue_plus_inventory,0.863,5,1,TypeScript,qwen2.5-coder:3b,1,2,2,coder/code-server,0,Feature,coder__code-server-6225,0.6666666666666666,0.5,1.0,1.0
0.4,0.3333333333333333,0.3333333333333333,27,0.28571428571428575,0.5,0.2,0.2,issue_plus_hints,0.921,5,1,TypeScript,qwen2.5-coder:3b,1,2,3,coder/code-server,0,Feature,coder__code-server-6225,0.5,0.3333333333333333,1.0,1.0
0.0,0.0,0.0,407,0.0,0.0,0.0,0.0,issue_only,1.156,18,1,TypeScript,qwen2.5-coder:3b,1,2,2,mui/material-ui,0,Feature,mui__material-ui-37908,0.0,0.0,0.0,0.0
0.0,0.0,0.0,407,0.0,0.0,0.0,0.0,issue_plus_inventory,1.692,18,1,TypeScript,qwen2.5-coder:3b,1,1,5,mui/material-ui,0,Feature,mui__material-ui-37908,0.0,0.0,0.0,0.0
0.0,0.0,0.0,407,0.0,0.0,0.0,0.0,issue_plus_hints,1.244,18,1,TypeScript,qwen2.5-coder:3b,1,2,2,mui/material-ui,0,Feature,mui__material-ui-37908,0.0,0.0,0.0,0.0
0.0,0.0,0.13043478260869565,407,0.0,0.0,0.0,0.0,issue_only,0.962,21,2,TypeScript,qwen2.5-coder:3b,1,2,2,mui/material-ui,0,Feature,mui__material-ui-38167,0.0,0.0,0.0,0.0
0.0,0.0,0.0,407,0.0,0.0,0.0,0.0,issue_plus_inventory,1.669,21,2,TypeScript,qwen2.5-coder:3b,1,3,2,mui/material-ui,0,Feature,mui__material-ui-38167,0.0,0.0,0.0,0.0
0.0,0.0,0.0,407,0.0,0.0,0.0,0.0,issue_plus_hints,1.127,21,2,TypeScript,qwen2.5-coder:3b,1,3,2,mui/material-ui,0,Feature,mui__material-ui-38167,0.0,0.0,0.0,0.0
0.0,0.0,0.0,133,0.0,0.0,0.0,0.0,issue_only,1.044,1,1,TypeScript,qwen2.5-coder:3b,1,2,1,microsoft/vscode,0,Feature,microsoft__vscode-190351,0.0,0.0,0.0,0.0
0.0,0.0,0.0,133,0.0,0.0,0.0,0.0,issue_plus_inventory,2.594,1,1,TypeScript,qwen2.5-coder:3b,1,5,5,microsoft/vscode,0,Feature,microsoft__vscode-190351,0.0,0.0,0.0,0.0
0.0,0.0,0.0,133,0.0,0.0,0.0,0.0,issue_plus_hints,1.759,1,1,TypeScript,qwen2.5-coder:3b,1,5,5,microsoft/vscode,0,Feature,microsoft__vscode-190351,0.0,0.0,0.0,0.0
0.0,0.0,0.0,133,0.0,0.0,0.0,0.0,issue_only,0.997,1,1,TypeScript,qwen2.5-coder:3b,1,2,1,microsoft/vscode,0,Feature,microsoft__vscode-191602,0.0,0.0,0.0,0.0
0.0,0.0,0.0,133,0.0,0.0,0.0,0.0,issue_plus_inventory,2.619,1,1,TypeScript,qwen2.5-coder:3b,1,5,5,microsoft/vscode,0,Feature,microsoft__vscode-191602,0.0,0.0,0.0,0.0
0.0,0.0,0.0,133,0.0,0.0,0.0,0.0,issue_plus_hints,1.77,1,1,TypeScript,qwen2.5-coder:3b,1,5,5,microsoft/vscode,0,Feature,microsoft__vscode-191602,0.0,0.0,0.0,0.0
0.0,0.0,0.0,27,0.0,0.0,0.0,0.0,issue_only,0.816,1,1,TypeScript,qwen2.5-coder:3b,1,2,2,coder/code-server,0,Feature,coder__code-server-6423,0.0,0.0,0.0,0.0
0.3333333333333333,1.0,1.0,27,0.5,0.3333333333333333,1.0,1.0,issue_plus_inventory,0.968,1,1,TypeScript,qwen2.5-coder:3b,1,3,3,coder/code-server,0,Feature,coder__code-server-6423,0.5,0.3333333333333333,1.0,1.0
0.3333333333333333,1.0,1.0,27,0.5,0.3333333333333333,1.0,1.0,issue_plus_hints,0.821,1,1,TypeScript,qwen2.5-coder:3b,1,3,3,coder/code-server,0,Feature,coder__code-server-6423,0.5,0.3333333333333333,1.0,1.0
