cohort,task_id,repo,method,seed,query_tokens,document_tokens,n_gold,n_code,n_test,n_returned_10,recall_1,precision_1,returned_precision_1,code_recall_1,test_recall_1,recall_3,precision_3,returned_precision_3,code_recall_3,test_recall_3,recall_5,precision_5,returned_precision_5,code_recall_5,test_recall_5,recall_10,precision_10,returned_precision_10,code_recall_10,test_recall_10,mrr_10
feature,google__gson-2498,google/gson,q256_d256,11,256,256,8,3,5,10,0.0,0.0,0.0,0.0,0.0,0.0,0.0,0.0,0.0,0.0,0.0,0.0,0.0,0.0,0.0,0.0,0.0,0.0,0.0,0.0,0.0
feature,google__gson-2498,google/gson,q256_d2048,11,256,2048,8,3,5,10,0.0,0.0,0.0,0.0,0.0,0.0,0.0,0.0,0.0,0.0,0.0,0.0,0.0,0.0,0.0,0.0,0.0,0.0,0.0,0.0,0.0
feature,google__gson-2498,google/gson,q2048_d256,11,2048,256,8,3,5,10,0.0,0.0,0.0,0.0,0.0,0.0,0.0,0.0,0.0,0.0,0.0,0.0,0.0,0.0,0.0,0.0,0.0,0.0,0.0,0.0,0.0
feature,google__gson-2498,google/gson,q2048_d2048,11,2048,2048,8,3,5,10,0.0,0.0,0.0,0.0,0.0,0.0,0.0,0.0,0.0,0.0,0.0,0.0,0.0,0.0,0.0,0.0,0.0,0.0,0.0,0.0,0.0
feature,apolloconfig__apollo-4207,apolloconfig/apollo,q256_d256,11,256,256,4,3,1,10,0.25,1.0,1.0,0.0,1.0,0.5,0.6666666666666666,0.6666666666666666,0.3333333333333333,1.0,0.5,0.4,0.4,0.3333333333333333,1.0,0.5,0.2,0.2,0.3333333333333333,1.0,1.0
feature,apolloconfig__apollo-4207,apolloconfig/apollo,q256_d2048,11,256,2048,4,3,1,10,0.25,1.0,1.0,0.3333333333333333,0.0,0.5,0.6666666666666666,0.6666666666666666,0.3333333333333333,1.0,0.5,0.4,0.4,0.3333333333333333,1.0,0.5,0.2,0.2,0.3333333333333333,1.0,1.0
feature,apolloconfig__apollo-4207,apolloconfig/apollo,q2048_d256,11,2048,256,4,3,1,10,0.25,1.0,1.0,0.3333333333333333,0.0,0.5,0.6666666666666666,0.6666666666666666,0.3333333333333333,1.0,0.5,0.4,0.4,0.3333333333333333,1.0,0.5,0.2,0.2,0.3333333333333333,1.0,1.0
feature,apolloconfig__apollo-4207,apolloconfig/apollo,q2048_d2048,11,2048,2048,4,3,1,10,0.25,1.0,1.0,0.3333333333333333,0.0,0.5,0.6666666666666666,0.6666666666666666,0.3333333333333333,1.0,0.5,0.4,0.4,0.3333333333333333,1.0,0.5,0.2,0.2,0.3333333333333333,1.0,1.0
feature,google__gson-1904,google/gson,q256_d256,11,256,256,7,5,2,10,0.14285714285714285,1.0,1.0,0.2,0.0,0.14285714285714285,0.3333333333333333,0.3333333333333333,0.2,0.0,0.14285714285714285,0.2,0.2,0.2,0.0,0.2857142857142857,0.2,0.2,0.4,0.0,1.0
feature,google__gson-1904,google/gson,q256_d2048,11,256,2048,7,5,2,10,0.14285714285714285,1.0,1.0,0.2,0.0,0.14285714285714285,0.3333333333333333,0.3333333333333333,0.2,0.0,0.2857142857142857,0.4,0.4,0.2,0.5,0.7142857142857143,0.5,0.5,0.6,1.0,1.0
feature,google__gson-1904,google/gson,q2048_d256,11,2048,256,7,5,2,10,0.14285714285714285,1.0,1.0,0.2,0.0,0.14285714285714285,0.3333333333333333,0.3333333333333333,0.2,0.0,0.14285714285714285,0.2,0.2,0.2,0.0,0.2857142857142857,0.2,0.2,0.4,0.0,1.0
feature,google__gson-1904,google/gson,q2048_d2048,11,2048,2048,7,5,2,10,0.14285714285714285,1.0,1.0,0.2,0.0,0.14285714285714285,0.3333333333333333,0.3333333333333333,0.2,0.0,0.2857142857142857,0.4,0.4,0.2,0.5,0.7142857142857143,0.5,0.5,0.6,1.0,1.0
feature,google__gson-2345,google/gson,q256_d256,11,256,256,7,4,3,10,0.14285714285714285,1.0,1.0,0.25,0.0,0.2857142857142857,0.6666666666666666,0.6666666666666666,0.25,0.3333333333333333,0.2857142857142857,0.4,0.4,0.25,0.3333333333333333,0.2857142857142857,0.2,0.2,0.25,0.3333333333333333,1.0
feature,google__gson-2345,google/gson,q256_d2048,11,256,2048,7,4,3,10,0.14285714285714285,1.0,1.0,0.25,0.0,0.2857142857142857,0.6666666666666666,0.6666666666666666,0.25,0.3333333333333333,0.2857142857142857,0.4,0.4,0.25,0.3333333333333333,0.2857142857142857,0.2,0.2,0.25,0.3333333333333333,1.0
feature,google__gson-2345,google/gson,q2048_d256,11,2048,256,7,4,3,10,0.14285714285714285,1.0,1.0,0.25,0.0,0.2857142857142857,0.6666666666666666,0.6666666666666666,0.25,0.3333333333333333,0.2857142857142857,0.4,0.4,0.25,0.3333333333333333,0.2857142857142857,0.2,0.2,0.25,0.3333333333333333,1.0
feature,google__gson-2345,google/gson,q2048_d2048,11,2048,2048,7,4,3,10,0.14285714285714285,1.0,1.0,0.25,0.0,0.2857142857142857,0.6666666666666666,0.6666666666666666,0.25,0.3333333333333333,0.2857142857142857,0.4,0.4,0.25,0.3333333333333333,0.2857142857142857,0.2,0.2,0.25,0.3333333333333333,1.0
feature,google__gson-2479,google/gson,q256_d256,11,256,256,4,2,2,10,0.0,0.0,0.0,0.0,0.0,0.0,0.0,0.0,0.0,0.0,0.0,0.0,0.0,0.0,0.0,0.0,0.0,0.0,0.0,0.0,0.0
feature,google__gson-2479,google/gson,q256_d2048,11,256,2048,4,2,2,10,0.0,0.0,0.0,0.0,0.0,0.0,0.0,0.0,0.0,0.0,0.0,0.0,0.0,0.0,0.0,0.0,0.0,0.0,0.0,0.0,0.0
feature,google__gson-2479,google/gson,q2048_d256,11,2048,256,4,2,2,10,0.0,0.0,0.0,0.0,0.0,0.0,0.0,0.0,0.0,0.0,0.0,0.0,0.0,0.0,0.0,0.0,0.0,0.0,0.0,0.0,0.0
feature,google__gson-2479,google/gson,q2048_d2048,11,2048,2048,4,2,2,10,0.0,0.0,0.0,0.0,0.0,0.0,0.0,0.0,0.0,0.0,0.0,0.0,0.0,0.0,0.0,0.0,0.0,0.0,0.0,0.0,0.0
feature,google__guava-3971,google/guava,q256_d256,11,256,256,4,2,2,10,0.25,1.0,1.0,0.0,0.5,0.5,0.6666666666666666,0.6666666666666666,0.0,1.0,0.75,0.6,0.6,0.5,1.0,1.0,0.4,0.4,1.0,1.0,1.0
feature,google__guava-3971,google/guava,q256_d2048,11,256,2048,4,2,2,10,0.0,0.0,0.0,0.0,0.0,0.0,0.0,0.0,0.0,0.0,0.0,0.0,0.0,0.0,0.0,0.25,0.1,0.1,0.0,0.5,0.1111111111111111
feature,google__guava-3971,google/guava,q2048_d256,11,2048,256,4,2,2,10,0.25,1.0,1.0,0.0,0.5,0.5,0.6666666666666666,0.6666666666666666,0.0,1.0,0.75,0.6,0.6,0.5,1.0,1.0,0.4,0.4,1.0,1.0,1.0
feature,google__guava-3971,google/guava,q2048_d2048,11,2048,2048,4,2,2,10,0.0,0.0,0.0,0.0,0.0,0.0,0.0,0.0,0.0,0.0,0.0,0.0,0.0,0.0,0.0,0.25,0.1,0.1,0.0,0.5,0.125
feature,google__gson-2701,google/gson,q256_d256,11,256,256,2,1,1,10,0.0,0.0,0.0,0.0,0.0,0.0,0.0,0.0,0.0,0.0,0.0,0.0,0.0,0.0,0.0,0.5,0.1,0.1,1.0,0.0,0.14285714285714285
feature,google__gson-2701,google/gson,q256_d2048,11,256,2048,2,1,1,10,0.0,0.0,0.0,0.0,0.0,0.0,0.0,0.0,0.0,0.0,0.0,0.0,0.0,0.0,0.0,0.0,0.0,0.0,0.0,0.0,0.0
feature,google__gson-2701,google/gson,q2048_d256,11,2048,256,2,1,1,10,0.0,0.0,0.0,0.0,0.0,0.0,0.0,0.0,0.0,0.0,0.5,0.2,0.2,1.0,0.0,0.5,0.1,0.1,1.0,0.0,0.2
feature,google__gson-2701,google/gson,q2048_d2048,11,2048,2048,2,1,1,10,0.5,1.0,1.0,1.0,0.0,0.5,0.3333333333333333,0.3333333333333333,1.0,0.0,0.5,0.2,0.2,1.0,0.0,0.5,0.1,0.1,1.0,0.0,1.0
feature,apache__rocketmq-7455,apache/rocketmq,q256_d256,11,256,256,3,2,1,10,0.0,0.0,0.0,0.0,0.0,0.0,0.0,0.0,0.0,0.0,0.0,0.0,0.0,0.0,0.0,0.0,0.0,0.0,0.0,0.0,0.0
feature,apache__rocketmq-7455,apache/rocketmq,q256_d2048,11,256,2048,3,2,1,10,0.0,0.0,0.0,0.0,0.0,0.0,0.0,0.0,0.0,0.0,0.0,0.0,0.0,0.0,0.0,0.0,0.0,0.0,0.0,0.0,0.0
feature,apache__rocketmq-7455,apache/rocketmq,q2048_d256,11,2048,256,3,2,1,10,0.0,0.0,0.0,0.0,0.0,0.0,0.0,0.0,0.0,0.0,0.0,0.0,0.0,0.0,0.0,0.0,0.0,0.0,0.0,0.0,0.0
feature,apache__rocketmq-7455,apache/rocketmq,q2048_d2048,11,2048,2048,3,2,1,10,0.0,0.0,0.0,0.0,0.0,0.0,0.0,0.0,0.0,0.0,0.0,0.0,0.0,0.0,0.0,0.0,0.0,0.0,0.0,0.0,0.0
feature,apolloconfig__apollo-4464,apolloconfig/apollo,q256_d256,11,256,256,16,15,1,10,0.0625,1.0,1.0,0.06666666666666667,0.0,0.125,0.6666666666666666,0.6666666666666666,0.13333333333333333,0.0,0.125,0.4,0.4,0.13333333333333333,0.0,0.25,0.4,0.4,0.26666666666666666,0.0,1.0
feature,apolloconfig__apollo-4464,apolloconfig/apollo,q256_d2048,11,256,2048,16,15,1,10,0.0625,1.0,1.0,0.06666666666666667,0.0,0.1875,1.0,1.0,0.2,0.0,0.1875,0.6,0.6,0.2,0.0,0.1875,0.3,0.3,0.2,0.0,1.0
feature,apolloconfig__apollo-4464,apolloconfig/apollo,q2048_d256,11,2048,256,16,15,1,10,0.0625,1.0,1.0,0.06666666666666667,0.0,0.125,0.6666666666666666,0.6666666666666666,0.13333333333333333,0.0,0.1875,0.6,0.6,0.2,0.0,0.25,0.4,0.4,0.26666666666666666,0.0,1.0
feature,apolloconfig__apollo-4464,apolloconfig/apollo,q2048_d2048,11,2048,2048,16,15,1,10,0.0625,1.0,1.0,0.06666666666666667,0.0,0.1875,1.0,1.0,0.2,0.0,0.1875,0.6,0.6,0.2,0.0,0.1875,0.3,0.3,0.2,0.0,1.0
feature,apache__rocketmq-7655,apache/rocketmq,q256_d256,11,256,256,2,1,1,10,0.0,0.0,0.0,0.0,0.0,0.0,0.0,0.0,0.0,0.0,0.0,0.0,0.0,0.0,0.0,0.0,0.0,0.0,0.0,0.0,0.0
feature,apache__rocketmq-7655,apache/rocketmq,q256_d2048,11,256,2048,2,1,1,10,0.0,0.0,0.0,0.0,0.0,0.0,0.0,0.0,0.0,0.0,0.0,0.0,0.0,0.0,0.0,0.0,0.0,0.0,0.0,0.0,0.0
feature,apache__rocketmq-7655,apache/rocketmq,q2048_d256,11,2048,256,2,1,1,10,0.0,0.0,0.0,0.0,0.0,0.0,0.0,0.0,0.0,0.0,0.0,0.0,0.0,0.0,0.0,0.0,0.0,0.0,0.0,0.0,0.0
feature,apache__rocketmq-7655,apache/rocketmq,q2048_d2048,11,2048,2048,2,1,1,10,0.0,0.0,0.0,0.0,0.0,0.0,0.0,0.0,0.0,0.0,0.0,0.0,0.0,0.0,0.0,0.0,0.0,0.0,0.0,0.0,0.0
feature,google__gson-2130,google/gson,q256_d256,11,256,256,2,1,1,10,0.5,1.0,1.0,0.0,1.0,1.0,0.6666666666666666,0.6666666666666666,1.0,1.0,1.0,0.4,0.4,1.0,1.0,1.0,0.2,0.2,1.0,1.0,1.0
feature,google__gson-2130,google/gson,q256_d2048,11,256,2048,2,1,1,10,0.5,1.0,1.0,0.0,1.0,0.5,0.3333333333333333,0.3333333333333333,0.0,1.0,0.5,0.2,0.2,0.0,1.0,1.0,0.2,0.2,1.0,1.0,1.0
feature,google__gson-2130,google/gson,q2048_d256,11,2048,256,2,1,1,10,0.5,1.0,1.0,0.0,1.0,1.0,0.6666666666666666,0.6666666666666666,1.0,1.0,1.0,0.4,0.4,1.0,1.0,1.0,0.2,0.2,1.0,1.0,1.0
feature,google__gson-2130,google/gson,q2048_d2048,11,2048,2048,2,1,1,10,0.5,1.0,1.0,0.0,1.0,0.5,0.3333333333333333,0.3333333333333333,0.0,1.0,0.5,0.2,0.2,0.0,1.0,1.0,0.2,0.2,1.0,1.0,1.0
feature,google__gson-2420,google/gson,q256_d256,11,256,256,12,9,3,10,0.08333333333333333,1.0,1.0,0.1111111111111111,0.0,0.25,1.0,1.0,0.3333333333333333,0.0,0.3333333333333333,0.8,0.8,0.4444444444444444,0.0,0.5,0.6,0.6,0.6666666666666666,0.0,1.0
feature,google__gson-2420,google/gson,q256_d2048,11,256,2048,12,9,3,10,0.08333333333333333,1.0,1.0,0.1111111111111111,0.0,0.25,1.0,1.0,0.3333333333333333,0.0,0.3333333333333333,0.8,0.8,0.4444444444444444,0.0,0.4166666666666667,0.5,0.5,0.5555555555555556,0.0,1.0
feature,google__gson-2420,google/gson,q2048_d256,11,2048,256,12,9,3,10,0.08333333333333333,1.0,1.0,0.1111111111111111,0.0,0.25,1.0,1.0,0.3333333333333333,0.0,0.3333333333333333,0.8,0.8,0.4444444444444444,0.0,0.5,0.6,0.6,0.6666666666666666,0.0,1.0
feature,google__gson-2420,google/gson,q2048_d2048,11,2048,2048,12,9,3,10,0.08333333333333333,1.0,1.0,0.1111111111111111,0.0,0.25,1.0,1.0,0.3333333333333333,0.0,0.3333333333333333,0.8,0.8,0.4444444444444444,0.0,0.4166666666666667,0.5,0.5,0.5555555555555556,0.0,1.0
feature,apache__dubbo-10846,apache/dubbo,q256_d256,11,256,256,4,1,3,10,0.0,0.0,0.0,0.0,0.0,0.25,0.3333333333333333,0.3333333333333333,1.0,0.0,0.25,0.2,0.2,1.0,0.0,0.25,0.1,0.1,1.0,0.0,0.5
feature,apache__dubbo-10846,apache/dubbo,q256_d2048,11,256,2048,4,1,3,10,0.0,0.0,0.0,0.0,0.0,0.0,0.0,0.0,0.0,0.0,0.0,0.0,0.0,0.0,0.0,0.0,0.0,0.0,0.0,0.0,0.0
feature,apache__dubbo-10846,apache/dubbo,q2048_d256,11,2048,256,4,1,3,10,0.0,0.0,0.0,0.0,0.0,0.25,0.3333333333333333,0.3333333333333333,1.0,0.0,0.25,0.2,0.2,1.0,0.0,0.25,0.1,0.1,1.0,0.0,0.5
feature,apache__dubbo-10846,apache/dubbo,q2048_d2048,11,2048,2048,4,1,3,10,0.0,0.0,0.0,0.0,0.0,0.0,0.0,0.0,0.0,0.0,0.0,0.0,0.0,0.0,0.0,0.0,0.0,0.0,0.0,0.0,0.0
feature,apache__rocketmq-6755,apache/rocketmq,q256_d256,11,256,256,13,9,4,10,0.0,0.0,0.0,0.0,0.0,0.0,0.0,0.0,0.0,0.0,0.0,0.0,0.0,0.0,0.0,0.0,0.0,0.0,0.0,0.0,0.0
feature,apache__rocketmq-6755,apache/rocketmq,q256_d2048,11,256,2048,13,9,4,10,0.0,0.0,0.0,0.0,0.0,0.0,0.0,0.0,0.0,0.0,0.0,0.0,0.0,0.0,0.0,0.0,0.0,0.0,0.0,0.0,0.0
feature,apache__rocketmq-6755,apache/rocketmq,q2048_d256,11,2048,256,13,9,4,10,0.0,0.0,0.0,0.0,0.0,0.0,0.0,0.0,0.0,0.0,0.0,0.0,0.0,0.0,0.0,0.0,0.0,0.0,0.0,0.0,0.0
feature,apache__rocketmq-6755,apache/rocketmq,q2048_d2048,11,2048,2048,13,9,4,10,0.0,0.0,0.0,0.0,0.0,0.0,0.0,0.0,0.0,0.0,0.0,0.0,0.0,0.0,0.0,0.0,0.0,0.0,0.0,0.0,0.0
feature,apache__rocketmq-7964,apache/rocketmq,q256_d256,11,256,256,2,1,1,10,0.0,0.0,0.0,0.0,0.0,0.0,0.0,0.0,0.0,0.0,0.0,0.0,0.0,0.0,0.0,0.0,0.0,0.0,0.0,0.0,0.0
feature,apache__rocketmq-7964,apache/rocketmq,q256_d2048,11,256,2048,2,1,1,10,0.0,0.0,0.0,0.0,0.0,0.0,0.0,0.0,0.0,0.0,0.0,0.0,0.0,0.0,0.0,0.0,0.0,0.0,0.0,0.0,0.0
feature,apache__rocketmq-7964,apache/rocketmq,q2048_d256,11,2048,256,2,1,1,10,0.0,0.0,0.0,0.0,0.0,0.0,0.0,0.0,0.0,0.0,0.0,0.0,0.0,0.0,0.0,0.0,0.0,0.0,0.0,0.0,0.0
feature,apache__rocketmq-7964,apache/rocketmq,q2048_d2048,11,2048,2048,2,1,1,10,0.0,0.0,0.0,0.0,0.0,0.0,0.0,0.0,0.0,0.0,0.0,0.0,0.0,0.0,0.0,0.0,0.0,0.0,0.0,0.0,0.0
feature,apache__dubbo-11420,apache/dubbo,q256_d256,11,256,256,10,8,2,10,0.0,0.0,0.0,0.0,0.0,0.0,0.0,0.0,0.0,0.0,0.0,0.0,0.0,0.0,0.0,0.0,0.0,0.0,0.0,0.0,0.0
feature,apache__dubbo-11420,apache/dubbo,q256_d2048,11,256,2048,10,8,2,10,0.0,0.0,0.0,0.0,0.0,0.0,0.0,0.0,0.0,0.0,0.0,0.0,0.0,0.0,0.0,0.0,0.0,0.0,0.0,0.0,0.0
feature,apache__dubbo-11420,apache/dubbo,q2048_d256,11,2048,256,10,8,2,10,0.0,0.0,0.0,0.0,0.0,0.0,0.0,0.0,0.0,0.0,0.0,0.0,0.0,0.0,0.0,0.0,0.0,0.0,0.0,0.0,0.0
feature,apache__dubbo-11420,apache/dubbo,q2048_d2048,11,2048,2048,10,8,2,10,0.0,0.0,0.0,0.0,0.0,0.0,0.0,0.0,0.0,0.0,0.0,0.0,0.0,0.0,0.0,0.0,0.0,0.0,0.0,0.0,0.0
feature,apache__rocketmq-5286,apache/rocketmq,q256_d256,11,256,256,4,3,1,10,0.0,0.0,0.0,0.0,0.0,0.0,0.0,0.0,0.0,0.0,0.0,0.0,0.0,0.0,0.0,0.0,0.0,0.0,0.0,0.0,0.0
feature,apache__rocketmq-5286,apache/rocketmq,q256_d2048,11,256,2048,4,3,1,10,0.0,0.0,0.0,0.0,0.0,0.0,0.0,0.0,0.0,0.0,0.0,0.0,0.0,0.0,0.0,0.0,0.0,0.0,0.0,0.0,0.0
feature,apache__rocketmq-5286,apache/rocketmq,q2048_d256,11,2048,256,4,3,1,10,0.0,0.0,0.0,0.0,0.0,0.0,0.0,0.0,0.0,0.0,0.0,0.0,0.0,0.0,0.0,0.0,0.0,0.0,0.0,0.0,0.0
feature,apache__rocketmq-5286,apache/rocketmq,q2048_d2048,11,2048,2048,4,3,1,10,0.0,0.0,0.0,0.0,0.0,0.0,0.0,0.0,0.0,0.0,0.0,0.0,0.0,0.0,0.0,0.0,0.0,0.0,0.0,0.0,0.0
feature,apache__rocketmq-5706,apache/rocketmq,q256_d256,11,256,256,5,3,2,10,0.0,0.0,0.0,0.0,0.0,0.2,0.3333333333333333,0.3333333333333333,0.3333333333333333,0.0,0.2,0.2,0.2,0.3333333333333333,0.0,0.6,0.3,0.3,0.6666666666666666,0.5,0.5
feature,apache__rocketmq-5706,apache/rocketmq,q256_d2048,11,256,2048,5,3,2,10,0.0,0.0,0.0,0.0,0.0,0.2,0.3333333333333333,0.3333333333333333,0.3333333333333333,0.0,0.2,0.2,0.2,0.3333333333333333,0.0,0.6,0.3,0.3,0.6666666666666666,0.5,0.5
feature,apache__rocketmq-5706,apache/rocketmq,q2048_d256,11,2048,256,5,3,2,10,0.2,1.0,1.0,0.3333333333333333,0.0,0.2,0.3333333333333333,0.3333333333333333,0.3333333333333333,0.0,0.6,0.6,0.6,0.6666666666666666,0.5,0.8,0.4,0.4,1.0,0.5,1.0
feature,apache__rocketmq-5706,apache/rocketmq,q2048_d2048,11,2048,2048,5,3,2,10,0.2,1.0,1.0,0.0,0.5,0.6,1.0,1.0,0.6666666666666666,0.5,0.6,0.6,0.6,0.6666666666666666,0.5,0.8,0.4,0.4,1.0,0.5,1.0
feature,apache__dubbo-13869,apache/dubbo,q256_d256,11,256,256,4,2,2,10,0.0,0.0,0.0,0.0,0.0,0.0,0.0,0.0,0.0,0.0,0.0,0.0,0.0,0.0,0.0,0.0,0.0,0.0,0.0,0.0,0.0
feature,apache__dubbo-13869,apache/dubbo,q256_d2048,11,256,2048,4,2,2,10,0.0,0.0,0.0,0.0,0.0,0.0,0.0,0.0,0.0,0.0,0.0,0.0,0.0,0.0,0.0,0.0,0.0,0.0,0.0,0.0,0.0
feature,apache__dubbo-13869,apache/dubbo,q2048_d256,11,2048,256,4,2,2,10,0.0,0.0,0.0,0.0,0.0,0.0,0.0,0.0,0.0,0.0,0.0,0.0,0.0,0.0,0.0,0.0,0.0,0.0,0.0,0.0,0.0
feature,apache__dubbo-13869,apache/dubbo,q2048_d2048,11,2048,2048,4,2,2,10,0.0,0.0,0.0,0.0,0.0,0.0,0.0,0.0,0.0,0.0,0.0,0.0,0.0,0.0,0.0,0.0,0.0,0.0,0.0,0.0,0.0
feature,apache__dubbo-11255,apache/dubbo,q256_d256,11,256,256,2,1,1,10,0.0,0.0,0.0,0.0,0.0,0.0,0.0,0.0,0.0,0.0,0.0,0.0,0.0,0.0,0.0,0.0,0.0,0.0,0.0,0.0,0.0
feature,apache__dubbo-11255,apache/dubbo,q256_d2048,11,256,2048,2,1,1,10,0.0,0.0,0.0,0.0,0.0,0.0,0.0,0.0,0.0,0.0,0.0,0.0,0.0,0.0,0.0,0.0,0.0,0.0,0.0,0.0,0.0
feature,apache__dubbo-11255,apache/dubbo,q2048_d256,11,2048,256,2,1,1,10,0.0,0.0,0.0,0.0,0.0,0.0,0.0,0.0,0.0,0.0,0.0,0.0,0.0,0.0,0.0,0.5,0.1,0.1,1.0,0.0,0.16666666666666666
feature,apache__dubbo-11255,apache/dubbo,q2048_d2048,11,2048,2048,2,1,1,10,0.0,0.0,0.0,0.0,0.0,0.0,0.0,0.0,0.0,0.0,0.0,0.0,0.0,0.0,0.0,0.0,0.0,0.0,0.0,0.0,0.0
feature,apache__rocketmq-5062,apache/rocketmq,q256_d256,11,256,256,6,4,2,10,0.0,0.0,0.0,0.0,0.0,0.16666666666666666,0.3333333333333333,0.3333333333333333,0.25,0.0,0.3333333333333333,0.4,0.4,0.5,0.0,0.3333333333333333,0.2,0.2,0.5,0.0,0.3333333333333333
feature,apache__rocketmq-5062,apache/rocketmq,q256_d2048,11,256,2048,6,4,2,10,0.0,0.0,0.0,0.0,0.0,0.16666666666666666,0.3333333333333333,0.3333333333333333,0.25,0.0,0.16666666666666666,0.2,0.2,0.25,0.0,0.3333333333333333,0.2,0.2,0.5,0.0,0.5
feature,apache__rocketmq-5062,apache/rocketmq,q2048_d256,11,2048,256,6,4,2,10,0.0,0.0,0.0,0.0,0.0,0.16666666666666666,0.3333333333333333,0.3333333333333333,0.25,0.0,0.3333333333333333,0.4,0.4,0.5,0.0,0.3333333333333333,0.2,0.2,0.5,0.0,0.3333333333333333
feature,apache__rocketmq-5062,apache/rocketmq,q2048_d2048,11,2048,2048,6,4,2,10,0.0,0.0,0.0,0.0,0.0,0.16666666666666666,0.3333333333333333,0.3333333333333333,0.25,0.0,0.16666666666666666,0.2,0.2,0.25,0.0,0.3333333333333333,0.2,0.2,0.5,0.0,0.5
feature,apache__dubbo-8032,apache/dubbo,q256_d256,11,256,256,4,3,1,10,0.0,0.0,0.0,0.0,0.0,0.0,0.0,0.0,0.0,0.0,0.0,0.0,0.0,0.0,0.0,0.0,0.0,0.0,0.0,0.0,0.0
feature,apache__dubbo-8032,apache/dubbo,q256_d2048,11,256,2048,4,3,1,10,0.0,0.0,0.0,0.0,0.0,0.0,0.0,0.0,0.0,0.0,0.0,0.0,0.0,0.0,0.0,0.0,0.0,0.0,0.0,0.0,0.0
feature,apache__dubbo-8032,apache/dubbo,q2048_d256,11,2048,256,4,3,1,10,0.0,0.0,0.0,0.0,0.0,0.0,0.0,0.0,0.0,0.0,0.0,0.0,0.0,0.0,0.0,0.0,0.0,0.0,0.0,0.0,0.0
feature,apache__dubbo-8032,apache/dubbo,q2048_d2048,11,2048,2048,4,3,1,10,0.0,0.0,0.0,0.0,0.0,0.0,0.0,0.0,0.0,0.0,0.0,0.0,0.0,0.0,0.0,0.0,0.0,0.0,0.0,0.0,0.0
feature,apache__dubbo-2750,apache/dubbo,q256_d256,11,256,256,2,1,1,10,0.0,0.0,0.0,0.0,0.0,0.0,0.0,0.0,0.0,0.0,0.0,0.0,0.0,0.0,0.0,0.0,0.0,0.0,0.0,0.0,0.0
feature,apache__dubbo-2750,apache/dubbo,q256_d2048,11,256,2048,2,1,1,10,0.0,0.0,0.0,0.0,0.0,0.0,0.0,0.0,0.0,0.0,0.0,0.0,0.0,0.0,0.0,0.0,0.0,0.0,0.0,0.0,0.0
feature,apache__dubbo-2750,apache/dubbo,q2048_d256,11,2048,256,2,1,1,10,0.0,0.0,0.0,0.0,0.0,0.0,0.0,0.0,0.0,0.0,0.0,0.0,0.0,0.0,0.0,0.0,0.0,0.0,0.0,0.0,0.0
feature,apache__dubbo-2750,apache/dubbo,q2048_d2048,11,2048,2048,2,1,1,10,0.0,0.0,0.0,0.0,0.0,0.0,0.0,0.0,0.0,0.0,0.0,0.0,0.0,0.0,0.0,0.0,0.0,0.0,0.0,0.0,0.0
feature,apache__rocketmq-6522,apache/rocketmq,q256_d256,11,256,256,18,17,1,10,0.05555555555555555,1.0,1.0,0.058823529411764705,0.0,0.05555555555555555,0.3333333333333333,0.3333333333333333,0.058823529411764705,0.0,0.1111111111111111,0.4,0.4,0.11764705882352941,0.0,0.2777777777777778,0.5,0.5,0.23529411764705882,1.0,1.0
feature,apache__rocketmq-6522,apache/rocketmq,q256_d2048,11,256,2048,18,17,1,10,0.05555555555555555,1.0,1.0,0.058823529411764705,0.0,0.05555555555555555,0.3333333333333333,0.3333333333333333,0.058823529411764705,0.0,0.1111111111111111,0.4,0.4,0.11764705882352941,0.0,0.1111111111111111,0.2,0.2,0.11764705882352941,0.0,1.0
feature,apache__rocketmq-6522,apache/rocketmq,q2048_d256,11,2048,256,18,17,1,10,0.05555555555555555,1.0,1.0,0.058823529411764705,0.0,0.05555555555555555,0.3333333333333333,0.3333333333333333,0.058823529411764705,0.0,0.1111111111111111,0.4,0.4,0.11764705882352941,0.0,0.2777777777777778,0.5,0.5,0.23529411764705882,1.0,1.0
feature,apache__rocketmq-6522,apache/rocketmq,q2048_d2048,11,2048,2048,18,17,1,10,0.05555555555555555,1.0,1.0,0.058823529411764705,0.0,0.05555555555555555,0.3333333333333333,0.3333333333333333,0.058823529411764705,0.0,0.1111111111111111,0.4,0.4,0.11764705882352941,0.0,0.1111111111111111,0.2,0.2,0.11764705882352941,0.0,1.0
feature,apolloconfig__apollo-4199,apolloconfig/apollo,q256_d256,11,256,256,5,4,1,10,0.0,0.0,0.0,0.0,0.0,0.0,0.0,0.0,0.0,0.0,0.0,0.0,0.0,0.0,0.0,0.0,0.0,0.0,0.0,0.0,0.0
feature,apolloconfig__apollo-4199,apolloconfig/apollo,q256_d2048,11,256,2048,5,4,1,10,0.0,0.0,0.0,0.0,0.0,0.0,0.0,0.0,0.0,0.0,0.0,0.0,0.0,0.0,0.0,0.0,0.0,0.0,0.0,0.0,0.0
feature,apolloconfig__apollo-4199,apolloconfig/apollo,q2048_d256,11,2048,256,5,4,1,10,0.0,0.0,0.0,0.0,0.0,0.0,0.0,0.0,0.0,0.0,0.0,0.0,0.0,0.0,0.0,0.0,0.0,0.0,0.0,0.0,0.0
feature,apolloconfig__apollo-4199,apolloconfig/apollo,q2048_d2048,11,2048,2048,5,4,1,10,0.0,0.0,0.0,0.0,0.0,0.0,0.0,0.0,0.0,0.0,0.0,0.0,0.0,0.0,0.0,0.0,0.0,0.0,0.0,0.0,0.0
feature,apache__rocketmq-4122,apache/rocketmq,q256_d256,11,256,256,2,2,0,10,0.0,0.0,0.0,0.0,,0.0,0.0,0.0,0.0,,0.0,0.0,0.0,0.0,,0.5,0.1,0.1,0.5,,0.14285714285714285
feature,apache__rocketmq-4122,apache/rocketmq,q256_d2048,11,256,2048,2,2,0,10,0.0,0.0,0.0,0.0,,0.0,0.0,0.0,0.0,,0.0,0.0,0.0,0.0,,0.5,0.1,0.1,0.5,,0.125
feature,apache__rocketmq-4122,apache/rocketmq,q2048_d256,11,2048,256,2,2,0,10,0.0,0.0,0.0,0.0,,0.0,0.0,0.0,0.0,,0.0,0.0,0.0,0.0,,0.5,0.1,0.1,0.5,,0.16666666666666666
feature,apache__rocketmq-4122,apache/rocketmq,q2048_d2048,11,2048,2048,2,2,0,10,0.0,0.0,0.0,0.0,,0.0,0.0,0.0,0.0,,0.0,0.0,0.0,0.0,,0.5,0.1,0.1,0.5,,0.1111111111111111
feature,apache__rocketmq-3862,apache/rocketmq,q256_d256,11,256,256,2,1,1,10,0.0,0.0,0.0,0.0,0.0,0.0,0.0,0.0,0.0,0.0,0.0,0.0,0.0,0.0,0.0,0.0,0.0,0.0,0.0,0.0,0.0
feature,apache__rocketmq-3862,apache/rocketmq,q256_d2048,11,256,2048,2,1,1,10,0.0,0.0,0.0,0.0,0.0,0.0,0.0,0.0,0.0,0.0,0.0,0.0,0.0,0.0,0.0,0.0,0.0,0.0,0.0,0.0,0.0
feature,apache__rocketmq-3862,apache/rocketmq,q2048_d256,11,2048,256,2,1,1,10,0.0,0.0,0.0,0.0,0.0,0.0,0.0,0.0,0.0,0.0,0.0,0.0,0.0,0.0,0.0,0.0,0.0,0.0,0.0,0.0,0.0
feature,apache__rocketmq-3862,apache/rocketmq,q2048_d2048,11,2048,2048,2,1,1,10,0.0,0.0,0.0,0.0,0.0,0.0,0.0,0.0,0.0,0.0,0.0,0.0,0.0,0.0,0.0,0.0,0.0,0.0,0.0,0.0,0.0
feature,apache__rocketmq-7544,apache/rocketmq,q256_d256,11,256,256,14,14,0,10,0.0,0.0,0.0,0.0,,0.07142857142857142,0.3333333333333333,0.3333333333333333,0.07142857142857142,,0.07142857142857142,0.2,0.2,0.07142857142857142,,0.07142857142857142,0.1,0.1,0.07142857142857142,,0.5
feature,apache__rocketmq-7544,apache/rocketmq,q256_d2048,11,256,2048,14,14,0,10,0.0,0.0,0.0,0.0,,0.0,0.0,0.0,0.0,,0.0,0.0,0.0,0.0,,0.0,0.0,0.0,0.0,,0.0
feature,apache__rocketmq-7544,apache/rocketmq,q2048_d256,11,2048,256,14,14,0,10,0.0,0.0,0.0,0.0,,0.07142857142857142,0.3333333333333333,0.3333333333333333,0.07142857142857142,,0.07142857142857142,0.2,0.2,0.07142857142857142,,0.07142857142857142,0.1,0.1,0.07142857142857142,,0.5
feature,apache__rocketmq-7544,apache/rocketmq,q2048_d2048,11,2048,2048,14,14,0,10,0.0,0.0,0.0,0.0,,0.0,0.0,0.0,0.0,,0.0,0.0,0.0,0.0,,0.0,0.0,0.0,0.0,,0.0
feature,apolloconfig__apollo-4119,apolloconfig/apollo,q256_d256,11,256,256,12,8,4,10,0.0,0.0,0.0,0.0,0.0,0.0,0.0,0.0,0.0,0.0,0.0,0.0,0.0,0.0,0.0,0.08333333333333333,0.1,0.1,0.125,0.0,0.1111111111111111
feature,apolloconfig__apollo-4119,apolloconfig/apollo,q256_d2048,11,256,2048,12,8,4,10,0.0,0.0,0.0,0.0,0.0,0.0,0.0,0.0,0.0,0.0,0.0,0.0,0.0,0.0,0.0,0.08333333333333333,0.1,0.1,0.125,0.0,0.1
feature,apolloconfig__apollo-4119,apolloconfig/apollo,q2048_d256,11,2048,256,12,8,4,10,0.0,0.0,0.0,0.0,0.0,0.0,0.0,0.0,0.0,0.0,0.0,0.0,0.0,0.0,0.0,0.08333333333333333,0.1,0.1,0.125,0.0,0.1111111111111111
feature,apolloconfig__apollo-4119,apolloconfig/apollo,q2048_d2048,11,2048,2048,12,8,4,10,0.0,0.0,0.0,0.0,0.0,0.0,0.0,0.0,0.0,0.0,0.0,0.0,0.0,0.0,0.0,0.08333333333333333,0.1,0.1,0.125,0.0,0.1
feature,trinodb__trino-741,trinodb/trino,q256_d256,11,256,256,4,3,1,10,0.25,1.0,1.0,0.3333333333333333,0.0,0.75,1.0,1.0,0.6666666666666666,1.0,0.75,0.6,0.6,0.6666666666666666,1.0,0.75,0.3,0.3,0.6666666666666666,1.0,1.0
feature,trinodb__trino-741,trinodb/trino,q256_d2048,11,256,2048,4,3,1,10,0.0,0.0,0.0,0.0,0.0,0.0,0.0,0.0,0.0,0.0,0.0,0.0,0.0,0.0,0.0,0.0,0.0,0.0,0.0,0.0,0.0
feature,trinodb__trino-741,trinodb/trino,q2048_d256,11,2048,256,4,3,1,10,0.25,1.0,1.0,0.3333333333333333,0.0,0.75,1.0,1.0,0.6666666666666666,1.0,0.75,0.6,0.6,0.6666666666666666,1.0,1.0,0.4,0.4,1.0,1.0,1.0
feature,trinodb__trino-741,trinodb/trino,q2048_d2048,11,2048,2048,4,3,1,10,0.0,0.0,0.0,0.0,0.0,0.0,0.0,0.0,0.0,0.0,0.0,0.0,0.0,0.0,0.0,0.25,0.1,0.1,0.3333333333333333,0.0,0.14285714285714285
feature,trinodb__trino-1872,trinodb/trino,q256_d256,11,256,256,8,3,5,10,0.0,0.0,0.0,0.0,0.0,0.0,0.0,0.0,0.0,0.0,0.0,0.0,0.0,0.0,0.0,0.0,0.0,0.0,0.0,0.0,0.0
feature,trinodb__trino-1872,trinodb/trino,q256_d2048,11,256,2048,8,3,5,10,0.0,0.0,0.0,0.0,0.0,0.0,0.0,0.0,0.0,0.0,0.0,0.0,0.0,0.0,0.0,0.0,0.0,0.0,0.0,0.0,0.0
feature,trinodb__trino-1872,trinodb/trino,q2048_d256,11,2048,256,8,3,5,10,0.0,0.0,0.0,0.0,0.0,0.0,0.0,0.0,0.0,0.0,0.0,0.0,0.0,0.0,0.0,0.0,0.0,0.0,0.0,0.0,0.0
feature,trinodb__trino-1872,trinodb/trino,q2048_d2048,11,2048,2048,8,3,5,10,0.0,0.0,0.0,0.0,0.0,0.0,0.0,0.0,0.0,0.0,0.0,0.0,0.0,0.0,0.0,0.0,0.0,0.0,0.0,0.0,0.0
feature,trinodb__trino-1174,trinodb/trino,q256_d256,11,256,256,15,13,2,10,0.0,0.0,0.0,0.0,0.0,0.0,0.0,0.0,0.0,0.0,0.0,0.0,0.0,0.0,0.0,0.2,0.3,0.3,0.15384615384615385,0.5,0.16666666666666666
feature,trinodb__trino-1174,trinodb/trino,q256_d2048,11,256,2048,15,13,2,10,0.06666666666666667,1.0,1.0,0.07692307692307693,0.0,0.13333333333333333,0.6666666666666666,0.6666666666666666,0.07692307692307693,0.5,0.13333333333333333,0.4,0.4,0.07692307692307693,0.5,0.13333333333333333,0.2,0.2,0.07692307692307693,0.5,1.0
feature,trinodb__trino-1174,trinodb/trino,q2048_d256,11,2048,256,15,13,2,10,0.0,0.0,0.0,0.0,0.0,0.0,0.0,0.0,0.0,0.0,0.0,0.0,0.0,0.0,0.0,0.2,0.3,0.3,0.15384615384615385,0.5,0.16666666666666666
feature,trinodb__trino-1174,trinodb/trino,q2048_d2048,11,2048,2048,15,13,2,10,0.06666666666666667,1.0,1.0,0.07692307692307693,0.0,0.13333333333333333,0.6666666666666666,0.6666666666666666,0.07692307692307693,0.5,0.13333333333333333,0.4,0.4,0.07692307692307693,0.5,0.13333333333333333,0.2,0.2,0.07692307692307693,0.5,1.0
feature,trinodb__trino-117,trinodb/trino,q256_d256,11,256,256,2,1,1,10,0.0,0.0,0.0,0.0,0.0,0.0,0.0,0.0,0.0,0.0,0.5,0.2,0.2,1.0,0.0,0.5,0.1,0.1,1.0,0.0,0.25
feature,trinodb__trino-117,trinodb/trino,q256_d2048,11,256,2048,2,1,1,10,0.0,0.0,0.0,0.0,0.0,0.0,0.0,0.0,0.0,0.0,0.0,0.0,0.0,0.0,0.0,0.0,0.0,0.0,0.0,0.0,0.0
feature,trinodb__trino-117,trinodb/trino,q2048_d256,11,2048,256,2,1,1,10,0.0,0.0,0.0,0.0,0.0,0.0,0.0,0.0,0.0,0.0,0.5,0.2,0.2,1.0,0.0,0.5,0.1,0.1,1.0,0.0,0.25
feature,trinodb__trino-117,trinodb/trino,q2048_d2048,11,2048,2048,2,1,1,10,0.0,0.0,0.0,0.0,0.0,0.0,0.0,0.0,0.0,0.0,0.0,0.0,0.0,0.0,0.0,0.0,0.0,0.0,0.0,0.0,0.0
feature,trinodb__trino-5507,trinodb/trino,q256_d256,11,256,256,5,3,2,10,0.0,0.0,0.0,0.0,0.0,0.0,0.0,0.0,0.0,0.0,0.0,0.0,0.0,0.0,0.0,0.0,0.0,0.0,0.0,0.0,0.0
feature,trinodb__trino-5507,trinodb/trino,q256_d2048,11,256,2048,5,3,2,10,0.0,0.0,0.0,0.0,0.0,0.0,0.0,0.0,0.0,0.0,0.0,0.0,0.0,0.0,0.0,0.0,0.0,0.0,0.0,0.0,0.0
feature,trinodb__trino-5507,trinodb/trino,q2048_d256,11,2048,256,5,3,2,10,0.0,0.0,0.0,0.0,0.0,0.0,0.0,0.0,0.0,0.0,0.0,0.0,0.0,0.0,0.0,0.0,0.0,0.0,0.0,0.0,0.0
feature,trinodb__trino-5507,trinodb/trino,q2048_d2048,11,2048,2048,5,3,2,10,0.0,0.0,0.0,0.0,0.0,0.0,0.0,0.0,0.0,0.0,0.0,0.0,0.0,0.0,0.0,0.0,0.0,0.0,0.0,0.0,0.0
feature,trinodb__trino-4458,trinodb/trino,q256_d256,11,256,256,4,2,2,10,0.25,1.0,1.0,0.5,0.0,0.5,0.6666666666666666,0.6666666666666666,0.5,0.5,0.5,0.4,0.4,0.5,0.5,0.5,0.2,0.2,0.5,0.5,1.0
feature,trinodb__trino-4458,trinodb/trino,q256_d2048,11,256,2048,4,2,2,10,0.0,0.0,0.0,0.0,0.0,0.0,0.0,0.0,0.0,0.0,0.0,0.0,0.0,0.0,0.0,0.0,0.0,0.0,0.0,0.0,0.0
feature,trinodb__trino-4458,trinodb/trino,q2048_d256,11,2048,256,4,2,2,10,0.25,1.0,1.0,0.5,0.0,0.5,0.6666666666666666,0.6666666666666666,0.5,0.5,0.5,0.4,0.4,0.5,0.5,0.5,0.2,0.2,0.5,0.5,1.0
feature,trinodb__trino-4458,trinodb/trino,q2048_d2048,11,2048,2048,4,2,2,10,0.0,0.0,0.0,0.0,0.0,0.0,0.0,0.0,0.0,0.0,0.0,0.0,0.0,0.0,0.0,0.0,0.0,0.0,0.0,0.0,0.0
feature,trinodb__trino-799,trinodb/trino,q256_d256,11,256,256,7,5,2,10,0.0,0.0,0.0,0.0,0.0,0.0,0.0,0.0,0.0,0.0,0.0,0.0,0.0,0.0,0.0,0.0,0.0,0.0,0.0,0.0,0.0
feature,trinodb__trino-799,trinodb/trino,q256_d2048,11,256,2048,7,5,2,10,0.0,0.0,0.0,0.0,0.0,0.0,0.0,0.0,0.0,0.0,0.0,0.0,0.0,0.0,0.0,0.0,0.0,0.0,0.0,0.0,0.0
feature,trinodb__trino-799,trinodb/trino,q2048_d256,11,2048,256,7,5,2,10,0.0,0.0,0.0,0.0,0.0,0.0,0.0,0.0,0.0,0.0,0.0,0.0,0.0,0.0,0.0,0.0,0.0,0.0,0.0,0.0,0.0
feature,trinodb__trino-799,trinodb/trino,q2048_d2048,11,2048,2048,7,5,2,10,0.0,0.0,0.0,0.0,0.0,0.0,0.0,0.0,0.0,0.0,0.0,0.0,0.0,0.0,0.0,0.0,0.0,0.0,0.0,0.0,0.0
feature,trinodb__trino-4600,trinodb/trino,q256_d256,11,256,256,4,3,1,10,0.0,0.0,0.0,0.0,0.0,0.0,0.0,0.0,0.0,0.0,0.0,0.0,0.0,0.0,0.0,0.0,0.0,0.0,0.0,0.0,0.0
feature,trinodb__trino-4600,trinodb/trino,q256_d2048,11,256,2048,4,3,1,10,0.0,0.0,0.0,0.0,0.0,0.0,0.0,0.0,0.0,0.0,0.0,0.0,0.0,0.0,0.0,0.0,0.0,0.0,0.0,0.0,0.0
feature,trinodb__trino-4600,trinodb/trino,q2048_d256,11,2048,256,4,3,1,10,0.0,0.0,0.0,0.0,0.0,0.0,0.0,0.0,0.0,0.0,0.0,0.0,0.0,0.0,0.0,0.0,0.0,0.0,0.0,0.0,0.0
feature,trinodb__trino-4600,trinodb/trino,q2048_d2048,11,2048,2048,4,3,1,10,0.0,0.0,0.0,0.0,0.0,0.0,0.0,0.0,0.0,0.0,0.0,0.0,0.0,0.0,0.0,0.0,0.0,0.0,0.0,0.0,0.0
feature,trinodb__trino-3392,trinodb/trino,q256_d256,11,256,256,4,3,1,10,0.0,0.0,0.0,0.0,0.0,0.25,0.3333333333333333,0.3333333333333333,0.3333333333333333,0.0,0.25,0.2,0.2,0.3333333333333333,0.0,0.25,0.1,0.1,0.3333333333333333,0.0,0.5
feature,trinodb__trino-3392,trinodb/trino,q256_d2048,11,256,2048,4,3,1,10,0.0,0.0,0.0,0.0,0.0,0.0,0.0,0.0,0.0,0.0,0.0,0.0,0.0,0.0,0.0,0.0,0.0,0.0,0.0,0.0,0.0
feature,trinodb__trino-3392,trinodb/trino,q2048_d256,11,2048,256,4,3,1,10,0.0,0.0,0.0,0.0,0.0,0.0,0.0,0.0,0.0,0.0,0.25,0.2,0.2,0.3333333333333333,0.0,0.25,0.1,0.1,0.3333333333333333,0.0,0.25
feature,trinodb__trino-3392,trinodb/trino,q2048_d2048,11,2048,2048,4,3,1,10,0.0,0.0,0.0,0.0,0.0,0.0,0.0,0.0,0.0,0.0,0.0,0.0,0.0,0.0,0.0,0.0,0.0,0.0,0.0,0.0,0.0
feature,trinodb__trino-748,trinodb/trino,q256_d256,11,256,256,3,2,1,10,0.0,0.0,0.0,0.0,0.0,0.3333333333333333,0.3333333333333333,0.3333333333333333,0.5,0.0,0.3333333333333333,0.2,0.2,0.5,0.0,0.3333333333333333,0.1,0.1,0.5,0.0,0.3333333333333333
feature,trinodb__trino-748,trinodb/trino,q256_d2048,11,256,2048,3,2,1,10,0.0,0.0,0.0,0.0,0.0,0.0,0.0,0.0,0.0,0.0,0.3333333333333333,0.2,0.2,0.5,0.0,0.3333333333333333,0.1,0.1,0.5,0.0,0.2
feature,trinodb__trino-748,trinodb/trino,q2048_d256,11,2048,256,3,2,1,10,0.0,0.0,0.0,0.0,0.0,0.3333333333333333,0.3333333333333333,0.3333333333333333,0.5,0.0,0.3333333333333333,0.2,0.2,0.5,0.0,0.3333333333333333,0.1,0.1,0.5,0.0,0.3333333333333333
feature,trinodb__trino-748,trinodb/trino,q2048_d2048,11,2048,2048,3,2,1,10,0.0,0.0,0.0,0.0,0.0,0.0,0.0,0.0,0.0,0.0,0.3333333333333333,0.2,0.2,0.5,0.0,0.3333333333333333,0.1,0.1,0.5,0.0,0.2
feature,trinodb__trino-3638,trinodb/trino,q256_d256,11,256,256,6,3,3,10,0.0,0.0,0.0,0.0,0.0,0.0,0.0,0.0,0.0,0.0,0.0,0.0,0.0,0.0,0.0,0.0,0.0,0.0,0.0,0.0,0.0
feature,trinodb__trino-3638,trinodb/trino,q256_d2048,11,256,2048,6,3,3,10,0.0,0.0,0.0,0.0,0.0,0.0,0.0,0.0,0.0,0.0,0.0,0.0,0.0,0.0,0.0,0.0,0.0,0.0,0.0,0.0,0.0
feature,trinodb__trino-3638,trinodb/trino,q2048_d256,11,2048,256,6,3,3,10,0.0,0.0,0.0,0.0,0.0,0.0,0.0,0.0,0.0,0.0,0.0,0.0,0.0,0.0,0.0,0.0,0.0,0.0,0.0,0.0,0.0
feature,trinodb__trino-3638,trinodb/trino,q2048_d2048,11,2048,2048,6,3,3,10,0.0,0.0,0.0,0.0,0.0,0.0,0.0,0.0,0.0,0.0,0.0,0.0,0.0,0.0,0.0,0.0,0.0,0.0,0.0,0.0,0.0
feature,trinodb__trino-3771,trinodb/trino,q256_d256,11,256,256,4,3,1,10,0.0,0.0,0.0,0.0,0.0,0.0,0.0,0.0,0.0,0.0,0.0,0.0,0.0,0.0,0.0,0.0,0.0,0.0,0.0,0.0,0.0
feature,trinodb__trino-3771,trinodb/trino,q256_d2048,11,256,2048,4,3,1,10,0.0,0.0,0.0,0.0,0.0,0.0,0.0,0.0,0.0,0.0,0.0,0.0,0.0,0.0,0.0,0.0,0.0,0.0,0.0,0.0,0.0
feature,trinodb__trino-3771,trinodb/trino,q2048_d256,11,2048,256,4,3,1,10,0.0,0.0,0.0,0.0,0.0,0.0,0.0,0.0,0.0,0.0,0.0,0.0,0.0,0.0,0.0,0.0,0.0,0.0,0.0,0.0,0.0
feature,trinodb__trino-3771,trinodb/trino,q2048_d2048,11,2048,2048,4,3,1,10,0.0,0.0,0.0,0.0,0.0,0.0,0.0,0.0,0.0,0.0,0.0,0.0,0.0,0.0,0.0,0.0,0.0,0.0,0.0,0.0,0.0
feature,trinodb__trino-6074,trinodb/trino,q256_d256,11,256,256,5,2,3,10,0.2,1.0,1.0,0.5,0.0,0.2,0.3333333333333333,0.3333333333333333,0.5,0.0,0.4,0.4,0.4,1.0,0.0,0.6,0.3,0.3,1.0,0.3333333333333333,1.0
feature,trinodb__trino-6074,trinodb/trino,q256_d2048,11,256,2048,5,2,3,10,0.2,1.0,1.0,0.5,0.0,0.2,0.3333333333333333,0.3333333333333333,0.5,0.0,0.4,0.4,0.4,1.0,0.0,0.6,0.3,0.3,1.0,0.3333333333333333,1.0
feature,trinodb__trino-6074,trinodb/trino,q2048_d256,11,2048,256,5,2,3,10,0.2,1.0,1.0,0.5,0.0,0.2,0.3333333333333333,0.3333333333333333,0.5,0.0,0.4,0.4,0.4,1.0,0.0,0.6,0.3,0.3,1.0,0.3333333333333333,1.0
feature,trinodb__trino-6074,trinodb/trino,q2048_d2048,11,2048,2048,5,2,3,10,0.2,1.0,1.0,0.5,0.0,0.2,0.3333333333333333,0.3333333333333333,0.5,0.0,0.4,0.4,0.4,1.0,0.0,0.6,0.3,0.3,1.0,0.3333333333333333,1.0
feature,trinodb__trino-1848,trinodb/trino,q256_d256,11,256,256,3,2,1,10,0.0,0.0,0.0,0.0,0.0,0.0,0.0,0.0,0.0,0.0,0.0,0.0,0.0,0.0,0.0,0.0,0.0,0.0,0.0,0.0,0.0
feature,trinodb__trino-1848,trinodb/trino,q256_d2048,11,256,2048,3,2,1,10,0.0,0.0,0.0,0.0,0.0,0.0,0.0,0.0,0.0,0.0,0.0,0.0,0.0,0.0,0.0,0.0,0.0,0.0,0.0,0.0,0.0
feature,trinodb__trino-1848,trinodb/trino,q2048_d256,11,2048,256,3,2,1,10,0.0,0.0,0.0,0.0,0.0,0.0,0.0,0.0,0.0,0.0,0.0,0.0,0.0,0.0,0.0,0.0,0.0,0.0,0.0,0.0,0.0
feature,trinodb__trino-1848,trinodb/trino,q2048_d2048,11,2048,2048,3,2,1,10,0.0,0.0,0.0,0.0,0.0,0.0,0.0,0.0,0.0,0.0,0.0,0.0,0.0,0.0,0.0,0.0,0.0,0.0,0.0,0.0,0.0
feature,trinodb__trino-1090,trinodb/trino,q256_d256,11,256,256,6,3,3,10,0.0,0.0,0.0,0.0,0.0,0.0,0.0,0.0,0.0,0.0,0.0,0.0,0.0,0.0,0.0,0.0,0.0,0.0,0.0,0.0,0.0
feature,trinodb__trino-1090,trinodb/trino,q256_d2048,11,256,2048,6,3,3,10,0.0,0.0,0.0,0.0,0.0,0.0,0.0,0.0,0.0,0.0,0.0,0.0,0.0,0.0,0.0,0.0,0.0,0.0,0.0,0.0,0.0
feature,trinodb__trino-1090,trinodb/trino,q2048_d256,11,2048,256,6,3,3,10,0.0,0.0,0.0,0.0,0.0,0.0,0.0,0.0,0.0,0.0,0.0,0.0,0.0,0.0,0.0,0.0,0.0,0.0,0.0,0.0,0.0
feature,trinodb__trino-1090,trinodb/trino,q2048_d2048,11,2048,2048,6,3,3,10,0.0,0.0,0.0,0.0,0.0,0.0,0.0,0.0,0.0,0.0,0.0,0.0,0.0,0.0,0.0,0.0,0.0,0.0,0.0,0.0,0.0
feature,mrdoob__three.js-14566,mrdoob/three.js,q256_d256,11,256,256,5,4,1,10,0.2,1.0,1.0,0.25,0.0,0.2,0.3333333333333333,0.3333333333333333,0.25,0.0,0.2,0.2,0.2,0.25,0.0,0.2,0.1,0.1,0.25,0.0,1.0
feature,mrdoob__three.js-14566,mrdoob/three.js,q256_d2048,11,256,2048,5,4,1,10,0.2,1.0,1.0,0.25,0.0,0.2,0.3333333333333333,0.3333333333333333,0.25,0.0,0.2,0.2,0.2,0.25,0.0,0.2,0.1,0.1,0.25,0.0,1.0
feature,mrdoob__three.js-14566,mrdoob/three.js,q2048_d256,11,2048,256,5,4,1,10,0.2,1.0,1.0,0.25,0.0,0.2,0.3333333333333333,0.3333333333333333,0.25,0.0,0.2,0.2,0.2,0.25,0.0,0.2,0.1,0.1,0.25,0.0,1.0
feature,mrdoob__three.js-14566,mrdoob/three.js,q2048_d2048,11,2048,2048,5,4,1,10,0.2,1.0,1.0,0.25,0.0,0.2,0.3333333333333333,0.3333333333333333,0.25,0.0,0.2,0.2,0.2,0.25,0.0,0.2,0.1,0.1,0.25,0.0,1.0
feature,mrdoob__three.js-17649,mrdoob/three.js,q256_d256,11,256,256,18,17,1,10,0.05555555555555555,1.0,1.0,0.058823529411764705,0.0,0.16666666666666666,1.0,1.0,0.17647058823529413,0.0,0.16666666666666666,0.6,0.6,0.17647058823529413,0.0,0.16666666666666666,0.3,0.3,0.17647058823529413,0.0,1.0
feature,mrdoob__three.js-17649,mrdoob/three.js,q256_d2048,11,256,2048,18,17,1,10,0.05555555555555555,1.0,1.0,0.058823529411764705,0.0,0.1111111111111111,0.6666666666666666,0.6666666666666666,0.11764705882352941,0.0,0.1111111111111111,0.4,0.4,0.11764705882352941,0.0,0.1111111111111111,0.2,0.2,0.11764705882352941,0.0,1.0
feature,mrdoob__three.js-17649,mrdoob/three.js,q2048_d256,11,2048,256,18,17,1,10,0.05555555555555555,1.0,1.0,0.058823529411764705,0.0,0.16666666666666666,1.0,1.0,0.17647058823529413,0.0,0.16666666666666666,0.6,0.6,0.17647058823529413,0.0,0.16666666666666666,0.3,0.3,0.17647058823529413,0.0,1.0
feature,mrdoob__three.js-17649,mrdoob/three.js,q2048_d2048,11,2048,2048,18,17,1,10,0.05555555555555555,1.0,1.0,0.058823529411764705,0.0,0.1111111111111111,0.6666666666666666,0.6666666666666666,0.11764705882352941,0.0,0.1111111111111111,0.4,0.4,0.11764705882352941,0.0,0.1111111111111111,0.2,0.2,0.11764705882352941,0.0,1.0
feature,mrdoob__three.js-20478,mrdoob/three.js,q256_d256,11,256,256,4,3,1,10,0.0,0.0,0.0,0.0,0.0,0.0,0.0,0.0,0.0,0.0,0.0,0.0,0.0,0.0,0.0,0.5,0.2,0.2,0.6666666666666666,0.0,0.14285714285714285
feature,mrdoob__three.js-20478,mrdoob/three.js,q256_d2048,11,256,2048,4,3,1,10,0.0,0.0,0.0,0.0,0.0,0.0,0.0,0.0,0.0,0.0,0.0,0.0,0.0,0.0,0.0,0.0,0.0,0.0,0.0,0.0,0.0
feature,mrdoob__three.js-20478,mrdoob/three.js,q2048_d256,11,2048,256,4,3,1,10,0.0,0.0,0.0,0.0,0.0,0.0,0.0,0.0,0.0,0.0,0.0,0.0,0.0,0.0,0.0,0.5,0.2,0.2,0.6666666666666666,0.0,0.14285714285714285
feature,mrdoob__three.js-20478,mrdoob/three.js,q2048_d2048,11,2048,2048,4,3,1,10,0.0,0.0,0.0,0.0,0.0,0.0,0.0,0.0,0.0,0.0,0.0,0.0,0.0,0.0,0.0,0.0,0.0,0.0,0.0,0.0,0.0
feature,mrdoob__three.js-21532,mrdoob/three.js,q256_d256,11,256,256,5,4,1,10,0.2,1.0,1.0,0.25,0.0,0.2,0.3333333333333333,0.3333333333333333,0.25,0.0,0.2,0.2,0.2,0.25,0.0,0.4,0.2,0.2,0.25,1.0,1.0
feature,mrdoob__three.js-21532,mrdoob/three.js,q256_d2048,11,256,2048,5,4,1,10,0.0,0.0,0.0,0.0,0.0,0.0,0.0,0.0,0.0,0.0,0.0,0.0,0.0,0.0,0.0,0.0,0.0,0.0,0.0,0.0,0.0
feature,mrdoob__three.js-21532,mrdoob/three.js,q2048_d256,11,2048,256,5,4,1,10,0.2,1.0,1.0,0.25,0.0,0.2,0.3333333333333333,0.3333333333333333,0.25,0.0,0.2,0.2,0.2,0.25,0.0,0.4,0.2,0.2,0.25,1.0,1.0
feature,mrdoob__three.js-21532,mrdoob/three.js,q2048_d2048,11,2048,2048,5,4,1,10,0.0,0.0,0.0,0.0,0.0,0.0,0.0,0.0,0.0,0.0,0.0,0.0,0.0,0.0,0.0,0.0,0.0,0.0,0.0,0.0,0.0
feature,mrdoob__three.js-21826,mrdoob/three.js,q256_d256,11,256,256,5,4,1,10,0.0,0.0,0.0,0.0,0.0,0.0,0.0,0.0,0.0,0.0,0.2,0.2,0.2,0.25,0.0,0.4,0.2,0.2,0.5,0.0,0.2
feature,mrdoob__three.js-21826,mrdoob/three.js,q256_d2048,11,256,2048,5,4,1,10,0.0,0.0,0.0,0.0,0.0,0.0,0.0,0.0,0.0,0.0,0.0,0.0,0.0,0.0,0.0,0.0,0.0,0.0,0.0,0.0,0.0
feature,mrdoob__three.js-21826,mrdoob/three.js,q2048_d256,11,2048,256,5,4,1,10,0.0,0.0,0.0,0.0,0.0,0.0,0.0,0.0,0.0,0.0,0.2,0.2,0.2,0.25,0.0,0.4,0.2,0.2,0.5,0.0,0.2
feature,mrdoob__three.js-21826,mrdoob/three.js,q2048_d2048,11,2048,2048,5,4,1,10,0.0,0.0,0.0,0.0,0.0,0.0,0.0,0.0,0.0,0.0,0.0,0.0,0.0,0.0,0.0,0.0,0.0,0.0,0.0,0.0,0.0
feature,mrdoob__three.js-23596,mrdoob/three.js,q256_d256,11,256,256,3,2,1,10,0.3333333333333333,1.0,1.0,0.5,0.0,0.6666666666666666,0.6666666666666666,0.6666666666666666,1.0,0.0,0.6666666666666666,0.4,0.4,1.0,0.0,0.6666666666666666,0.2,0.2,1.0,0.0,1.0
feature,mrdoob__three.js-23596,mrdoob/three.js,q256_d2048,11,256,2048,3,2,1,10,0.3333333333333333,1.0,1.0,0.5,0.0,0.6666666666666666,0.6666666666666666,0.6666666666666666,1.0,0.0,0.6666666666666666,0.4,0.4,1.0,0.0,0.6666666666666666,0.2,0.2,1.0,0.0,1.0
feature,mrdoob__three.js-23596,mrdoob/three.js,q2048_d256,11,2048,256,3,2,1,10,0.3333333333333333,1.0,1.0,0.5,0.0,0.6666666666666666,0.6666666666666666,0.6666666666666666,1.0,0.0,0.6666666666666666,0.4,0.4,1.0,0.0,0.6666666666666666,0.2,0.2,1.0,0.0,1.0
feature,mrdoob__three.js-23596,mrdoob/three.js,q2048_d2048,11,2048,2048,3,2,1,10,0.3333333333333333,1.0,1.0,0.5,0.0,0.6666666666666666,0.6666666666666666,0.6666666666666666,1.0,0.0,0.6666666666666666,0.4,0.4,1.0,0.0,0.6666666666666666,0.2,0.2,1.0,0.0,1.0
feature,mrdoob__three.js-23796,mrdoob/three.js,q256_d256,11,256,256,15,9,6,10,0.06666666666666667,1.0,1.0,0.1111111111111111,0.0,0.2,1.0,1.0,0.1111111111111111,0.3333333333333333,0.26666666666666666,0.8,0.8,0.2222222222222222,0.3333333333333333,0.4666666666666667,0.7,0.7,0.4444444444444444,0.5,1.0
feature,mrdoob__three.js-23796,mrdoob/three.js,q256_d2048,11,256,2048,15,9,6,10,0.06666666666666667,1.0,1.0,0.1111111111111111,0.0,0.06666666666666667,0.3333333333333333,0.3333333333333333,0.1111111111111111,0.0,0.06666666666666667,0.2,0.2,0.1111111111111111,0.0,0.13333333333333333,0.2,0.2,0.1111111111111111,0.16666666666666666,1.0
feature,mrdoob__three.js-23796,mrdoob/three.js,q2048_d256,11,2048,256,15,9,6,10,0.06666666666666667,1.0,1.0,0.1111111111111111,0.0,0.2,1.0,1.0,0.1111111111111111,0.3333333333333333,0.26666666666666666,0.8,0.8,0.2222222222222222,0.3333333333333333,0.4666666666666667,0.7,0.7,0.4444444444444444,0.5,1.0
feature,mrdoob__three.js-23796,mrdoob/three.js,q2048_d2048,11,2048,2048,15,9,6,10,0.06666666666666667,1.0,1.0,0.1111111111111111,0.0,0.06666666666666667,0.3333333333333333,0.3333333333333333,0.1111111111111111,0.0,0.06666666666666667,0.2,0.2,0.1111111111111111,0.0,0.13333333333333333,0.2,0.2,0.1111111111111111,0.16666666666666666,1.0
feature,sveltejs__svelte-778,sveltejs/svelte,q256_d256,11,256,256,5,4,1,10,0.0,0.0,0.0,0.0,0.0,0.0,0.0,0.0,0.0,0.0,0.0,0.0,0.0,0.0,0.0,0.0,0.0,0.0,0.0,0.0,0.0
feature,sveltejs__svelte-778,sveltejs/svelte,q256_d2048,11,256,2048,5,4,1,10,0.0,0.0,0.0,0.0,0.0,0.0,0.0,0.0,0.0,0.0,0.0,0.0,0.0,0.0,0.0,0.0,0.0,0.0,0.0,0.0,0.0
feature,sveltejs__svelte-778,sveltejs/svelte,q2048_d256,11,2048,256,5,4,1,10,0.0,0.0,0.0,0.0,0.0,0.0,0.0,0.0,0.0,0.0,0.0,0.0,0.0,0.0,0.0,0.0,0.0,0.0,0.0,0.0,0.0
feature,sveltejs__svelte-778,sveltejs/svelte,q2048_d2048,11,2048,2048,5,4,1,10,0.0,0.0,0.0,0.0,0.0,0.0,0.0,0.0,0.0,0.0,0.0,0.0,0.0,0.0,0.0,0.0,0.0,0.0,0.0,0.0,0.0
feature,sveltejs__svelte-785,sveltejs/svelte,q256_d256,11,256,256,25,1,24,10,0.0,0.0,0.0,0.0,0.0,0.0,0.0,0.0,0.0,0.0,0.0,0.0,0.0,0.0,0.0,0.04,0.1,0.1,0.0,0.041666666666666664,0.1
feature,sveltejs__svelte-785,sveltejs/svelte,q256_d2048,11,256,2048,25,1,24,10,0.0,0.0,0.0,0.0,0.0,0.0,0.0,0.0,0.0,0.0,0.0,0.0,0.0,0.0,0.0,0.0,0.0,0.0,0.0,0.0,0.0
feature,sveltejs__svelte-785,sveltejs/svelte,q2048_d256,11,2048,256,25,1,24,10,0.0,0.0,0.0,0.0,0.0,0.0,0.0,0.0,0.0,0.0,0.0,0.0,0.0,0.0,0.0,0.04,0.1,0.1,0.0,0.041666666666666664,0.1
feature,sveltejs__svelte-785,sveltejs/svelte,q2048_d2048,11,2048,2048,25,1,24,10,0.0,0.0,0.0,0.0,0.0,0.0,0.0,0.0,0.0,0.0,0.0,0.0,0.0,0.0,0.0,0.0,0.0,0.0,0.0,0.0,0.0
feature,sveltejs__svelte-1148,sveltejs/svelte,q256_d256,11,256,256,9,4,5,10,0.1111111111111111,1.0,1.0,0.0,0.2,0.3333333333333333,1.0,1.0,0.0,0.6,0.5555555555555556,1.0,1.0,0.25,0.8,0.6666666666666666,0.6,0.6,0.5,0.8,1.0
feature,sveltejs__svelte-1148,sveltejs/svelte,q256_d2048,11,256,2048,9,4,5,10,0.1111111111111111,1.0,1.0,0.0,0.2,0.3333333333333333,1.0,1.0,0.0,0.6,0.4444444444444444,0.8,0.8,0.0,0.8,0.4444444444444444,0.4,0.4,0.0,0.8,1.0
feature,sveltejs__svelte-1148,sveltejs/svelte,q2048_d256,11,2048,256,9,4,5,10,0.1111111111111111,1.0,1.0,0.0,0.2,0.3333333333333333,1.0,1.0,0.0,0.6,0.5555555555555556,1.0,1.0,0.25,0.8,0.6666666666666666,0.6,0.6,0.5,0.8,1.0
feature,sveltejs__svelte-1148,sveltejs/svelte,q2048_d2048,11,2048,2048,9,4,5,10,0.1111111111111111,1.0,1.0,0.0,0.2,0.3333333333333333,1.0,1.0,0.0,0.6,0.4444444444444444,0.8,0.8,0.0,0.8,0.4444444444444444,0.4,0.4,0.0,0.8,1.0
feature,sveltejs__svelte-1811,sveltejs/svelte,q256_d256,11,256,256,20,2,18,10,0.05,1.0,1.0,0.0,0.05555555555555555,0.1,0.6666666666666666,0.6666666666666666,0.0,0.1111111111111111,0.15,0.6,0.6,0.0,0.16666666666666666,0.2,0.4,0.4,0.0,0.2222222222222222,1.0
feature,sveltejs__svelte-1811,sveltejs/svelte,q256_d2048,11,256,2048,20,2,18,10,0.05,1.0,1.0,0.0,0.05555555555555555,0.1,0.6666666666666666,0.6666666666666666,0.0,0.1111111111111111,0.15,0.6,0.6,0.0,0.16666666666666666,0.2,0.4,0.4,0.0,0.2222222222222222,1.0
feature,sveltejs__svelte-1811,sveltejs/svelte,q2048_d256,11,2048,256,20,2,18,10,0.05,1.0,1.0,0.0,0.05555555555555555,0.1,0.6666666666666666,0.6666666666666666,0.0,0.1111111111111111,0.15,0.6,0.6,0.0,0.16666666666666666,0.2,0.4,0.4,0.0,0.2222222222222222,1.0
feature,sveltejs__svelte-1811,sveltejs/svelte,q2048_d2048,11,2048,2048,20,2,18,10,0.05,1.0,1.0,0.0,0.05555555555555555,0.1,0.6666666666666666,0.6666666666666666,0.0,0.1111111111111111,0.15,0.6,0.6,0.0,0.16666666666666666,0.2,0.4,0.4,0.0,0.2222222222222222,1.0
feature,sveltejs__svelte-2187,sveltejs/svelte,q256_d256,11,256,256,12,4,8,10,0.08333333333333333,1.0,1.0,0.0,0.125,0.25,1.0,1.0,0.0,0.375,0.25,0.6,0.6,0.0,0.375,0.3333333333333333,0.4,0.4,0.0,0.5,1.0
feature,sveltejs__svelte-2187,sveltejs/svelte,q256_d2048,11,256,2048,12,4,8,10,0.08333333333333333,1.0,1.0,0.0,0.125,0.25,1.0,1.0,0.0,0.375,0.25,0.6,0.6,0.0,0.375,0.3333333333333333,0.4,0.4,0.0,0.5,1.0
feature,sveltejs__svelte-2187,sveltejs/svelte,q2048_d256,11,2048,256,12,4,8,10,0.08333333333333333,1.0,1.0,0.0,0.125,0.25,1.0,1.0,0.0,0.375,0.25,0.6,0.6,0.0,0.375,0.3333333333333333,0.4,0.4,0.0,0.5,1.0
feature,sveltejs__svelte-2187,sveltejs/svelte,q2048_d2048,11,2048,2048,12,4,8,10,0.08333333333333333,1.0,1.0,0.0,0.125,0.25,1.0,1.0,0.0,0.375,0.25,0.6,0.6,0.0,0.375,0.3333333333333333,0.4,0.4,0.0,0.5,1.0
feature,sveltejs__svelte-5442,sveltejs/svelte,q256_d256,11,256,256,8,5,3,10,0.0,0.0,0.0,0.0,0.0,0.0,0.0,0.0,0.0,0.0,0.0,0.0,0.0,0.0,0.0,0.125,0.1,0.1,0.0,0.3333333333333333,0.16666666666666666
feature,sveltejs__svelte-5442,sveltejs/svelte,q256_d2048,11,256,2048,8,5,3,10,0.0,0.0,0.0,0.0,0.0,0.0,0.0,0.0,0.0,0.0,0.0,0.0,0.0,0.0,0.0,0.125,0.1,0.1,0.0,0.3333333333333333,0.16666666666666666
feature,sveltejs__svelte-5442,sveltejs/svelte,q2048_d256,11,2048,256,8,5,3,10,0.0,0.0,0.0,0.0,0.0,0.0,0.0,0.0,0.0,0.0,0.0,0.0,0.0,0.0,0.0,0.125,0.1,0.1,0.0,0.3333333333333333,0.16666666666666666
feature,sveltejs__svelte-5442,sveltejs/svelte,q2048_d2048,11,2048,2048,8,5,3,10,0.0,0.0,0.0,0.0,0.0,0.0,0.0,0.0,0.0,0.0,0.0,0.0,0.0,0.0,0.0,0.125,0.1,0.1,0.0,0.3333333333333333,0.16666666666666666
feature,sveltejs__svelte-6223,sveltejs/svelte,q256_d256,11,256,256,5,1,4,10,0.0,0.0,0.0,0.0,0.0,0.0,0.0,0.0,0.0,0.0,0.0,0.0,0.0,0.0,0.0,0.2,0.1,0.1,0.0,0.25,0.1
feature,sveltejs__svelte-6223,sveltejs/svelte,q256_d2048,11,256,2048,5,1,4,10,0.0,0.0,0.0,0.0,0.0,0.0,0.0,0.0,0.0,0.0,0.0,0.0,0.0,0.0,0.0,0.2,0.1,0.1,0.0,0.25,0.1
feature,sveltejs__svelte-6223,sveltejs/svelte,q2048_d256,11,2048,256,5,1,4,10,0.0,0.0,0.0,0.0,0.0,0.0,0.0,0.0,0.0,0.0,0.0,0.0,0.0,0.0,0.0,0.2,0.1,0.1,0.0,0.25,0.125
feature,sveltejs__svelte-6223,sveltejs/svelte,q2048_d2048,11,2048,2048,5,1,4,10,0.0,0.0,0.0,0.0,0.0,0.0,0.0,0.0,0.0,0.0,0.0,0.0,0.0,0.0,0.0,0.2,0.1,0.1,0.0,0.25,0.125
feature,sveltejs__svelte-6528,sveltejs/svelte,q256_d256,11,256,256,4,4,0,10,0.0,0.0,0.0,0.0,,0.0,0.0,0.0,0.0,,0.0,0.0,0.0,0.0,,0.25,0.1,0.1,0.25,,0.14285714285714285
feature,sveltejs__svelte-6528,sveltejs/svelte,q256_d2048,11,256,2048,4,4,0,10,0.0,0.0,0.0,0.0,,0.0,0.0,0.0,0.0,,0.25,0.2,0.2,0.25,,0.25,0.1,0.1,0.25,,0.25
feature,sveltejs__svelte-6528,sveltejs/svelte,q2048_d256,11,2048,256,4,4,0,10,0.0,0.0,0.0,0.0,,0.0,0.0,0.0,0.0,,0.0,0.0,0.0,0.0,,0.25,0.1,0.1,0.25,,0.14285714285714285
feature,sveltejs__svelte-6528,sveltejs/svelte,q2048_d2048,11,2048,2048,4,4,0,10,0.0,0.0,0.0,0.0,,0.0,0.0,0.0,0.0,,0.25,0.2,0.2,0.25,,0.25,0.1,0.1,0.25,,0.25
feature,sveltejs__svelte-6564,sveltejs/svelte,q256_d256,11,256,256,1,1,0,10,0.0,0.0,0.0,0.0,,0.0,0.0,0.0,0.0,,0.0,0.0,0.0,0.0,,0.0,0.0,0.0,0.0,,0.0
feature,sveltejs__svelte-6564,sveltejs/svelte,q256_d2048,11,256,2048,1,1,0,10,0.0,0.0,0.0,0.0,,0.0,0.0,0.0,0.0,,0.0,0.0,0.0,0.0,,0.0,0.0,0.0,0.0,,0.0
feature,sveltejs__svelte-6564,sveltejs/svelte,q2048_d256,11,2048,256,1,1,0,10,0.0,0.0,0.0,0.0,,0.0,0.0,0.0,0.0,,0.0,0.0,0.0,0.0,,0.0,0.0,0.0,0.0,,0.0
feature,sveltejs__svelte-6564,sveltejs/svelte,q2048_d2048,11,2048,2048,1,1,0,10,0.0,0.0,0.0,0.0,,0.0,0.0,0.0,0.0,,0.0,0.0,0.0,0.0,,0.0,0.0,0.0,0.0,,0.0
feature,sveltejs__svelte-6613,sveltejs/svelte,q256_d256,11,256,256,2,1,1,10,0.0,0.0,0.0,0.0,0.0,0.0,0.0,0.0,0.0,0.0,0.0,0.0,0.0,0.0,0.0,0.0,0.0,0.0,0.0,0.0,0.0
feature,sveltejs__svelte-6613,sveltejs/svelte,q256_d2048,11,256,2048,2,1,1,10,0.0,0.0,0.0,0.0,0.0,0.0,0.0,0.0,0.0,0.0,0.0,0.0,0.0,0.0,0.0,0.0,0.0,0.0,0.0,0.0,0.0
feature,sveltejs__svelte-6613,sveltejs/svelte,q2048_d256,11,2048,256,2,1,1,10,0.0,0.0,0.0,0.0,0.0,0.0,0.0,0.0,0.0,0.0,0.0,0.0,0.0,0.0,0.0,0.0,0.0,0.0,0.0,0.0,0.0
feature,sveltejs__svelte-6613,sveltejs/svelte,q2048_d2048,11,2048,2048,2,1,1,10,0.0,0.0,0.0,0.0,0.0,0.0,0.0,0.0,0.0,0.0,0.0,0.0,0.0,0.0,0.0,0.0,0.0,0.0,0.0,0.0,0.0
feature,sveltejs__svelte-6838,sveltejs/svelte,q256_d256,11,256,256,3,2,1,10,0.3333333333333333,1.0,1.0,0.0,1.0,0.3333333333333333,0.3333333333333333,0.3333333333333333,0.0,1.0,0.3333333333333333,0.2,0.2,0.0,1.0,0.3333333333333333,0.1,0.1,0.0,1.0,1.0
feature,sveltejs__svelte-6838,sveltejs/svelte,q256_d2048,11,256,2048,3,2,1,10,0.3333333333333333,1.0,1.0,0.0,1.0,0.3333333333333333,0.3333333333333333,0.3333333333333333,0.0,1.0,0.3333333333333333,0.2,0.2,0.0,1.0,0.3333333333333333,0.1,0.1,0.0,1.0,1.0
feature,sveltejs__svelte-6838,sveltejs/svelte,q2048_d256,11,2048,256,3,2,1,10,0.3333333333333333,1.0,1.0,0.0,1.0,0.3333333333333333,0.3333333333333333,0.3333333333333333,0.0,1.0,0.3333333333333333,0.2,0.2,0.0,1.0,0.3333333333333333,0.1,0.1,0.0,1.0,1.0
feature,sveltejs__svelte-6838,sveltejs/svelte,q2048_d2048,11,2048,2048,3,2,1,10,0.3333333333333333,1.0,1.0,0.0,1.0,0.3333333333333333,0.3333333333333333,0.3333333333333333,0.0,1.0,0.3333333333333333,0.2,0.2,0.0,1.0,0.3333333333333333,0.1,0.1,0.0,1.0,1.0
feature,prettier__prettier-16765,prettier/prettier,q256_d256,11,256,256,1,1,0,10,0.0,0.0,0.0,0.0,,0.0,0.0,0.0,0.0,,0.0,0.0,0.0,0.0,,0.0,0.0,0.0,0.0,,0.0
feature,prettier__prettier-16765,prettier/prettier,q256_d2048,11,256,2048,1,1,0,10,0.0,0.0,0.0,0.0,,0.0,0.0,0.0,0.0,,0.0,0.0,0.0,0.0,,0.0,0.0,0.0,0.0,,0.0
feature,prettier__prettier-16765,prettier/prettier,q2048_d256,11,2048,256,1,1,0,10,0.0,0.0,0.0,0.0,,0.0,0.0,0.0,0.0,,0.0,0.0,0.0,0.0,,0.0,0.0,0.0,0.0,,0.0
feature,prettier__prettier-16765,prettier/prettier,q2048_d2048,11,2048,2048,1,1,0,10,0.0,0.0,0.0,0.0,,0.0,0.0,0.0,0.0,,0.0,0.0,0.0,0.0,,0.0,0.0,0.0,0.0,,0.0
feature,prettier__prettier-14317,prettier/prettier,q256_d256,11,256,256,4,3,1,10,0.25,1.0,1.0,0.3333333333333333,0.0,0.5,0.6666666666666666,0.6666666666666666,0.6666666666666666,0.0,0.5,0.4,0.4,0.6666666666666666,0.0,0.5,0.2,0.2,0.6666666666666666,0.0,1.0
feature,prettier__prettier-14317,prettier/prettier,q256_d2048,11,256,2048,4,3,1,10,0.25,1.0,1.0,0.3333333333333333,0.0,0.5,0.6666666666666666,0.6666666666666666,0.6666666666666666,0.0,0.5,0.4,0.4,0.6666666666666666,0.0,0.5,0.2,0.2,0.6666666666666666,0.0,1.0
feature,prettier__prettier-14317,prettier/prettier,q2048_d256,11,2048,256,4,3,1,10,0.25,1.0,1.0,0.3333333333333333,0.0,0.5,0.6666666666666666,0.6666666666666666,0.6666666666666666,0.0,0.5,0.4,0.4,0.6666666666666666,0.0,0.5,0.2,0.2,0.6666666666666666,0.0,1.0
feature,prettier__prettier-14317,prettier/prettier,q2048_d2048,11,2048,2048,4,3,1,10,0.25,1.0,1.0,0.3333333333333333,0.0,0.5,0.6666666666666666,0.6666666666666666,0.6666666666666666,0.0,0.5,0.4,0.4,0.6666666666666666,0.0,0.5,0.2,0.2,0.6666666666666666,0.0,1.0
feature,prettier__prettier-14108,prettier/prettier,q256_d256,11,256,256,3,2,1,10,0.3333333333333333,1.0,1.0,0.5,0.0,0.3333333333333333,0.3333333333333333,0.3333333333333333,0.5,0.0,0.6666666666666666,0.4,0.4,0.5,1.0,0.6666666666666666,0.2,0.2,0.5,1.0,1.0
feature,prettier__prettier-14108,prettier/prettier,q256_d2048,11,256,2048,3,2,1,10,0.3333333333333333,1.0,1.0,0.5,0.0,0.3333333333333333,0.3333333333333333,0.3333333333333333,0.5,0.0,0.3333333333333333,0.2,0.2,0.5,0.0,0.3333333333333333,0.1,0.1,0.5,0.0,1.0
feature,prettier__prettier-14108,prettier/prettier,q2048_d256,11,2048,256,3,2,1,10,0.3333333333333333,1.0,1.0,0.5,0.0,0.3333333333333333,0.3333333333333333,0.3333333333333333,0.5,0.0,0.6666666666666666,0.4,0.4,0.5,1.0,0.6666666666666666,0.2,0.2,0.5,1.0,1.0
feature,prettier__prettier-14108,prettier/prettier,q2048_d2048,11,2048,2048,3,2,1,10,0.3333333333333333,1.0,1.0,0.5,0.0,0.3333333333333333,0.3333333333333333,0.3333333333333333,0.5,0.0,0.3333333333333333,0.2,0.2,0.5,0.0,0.3333333333333333,0.1,0.1,0.5,0.0,1.0
feature,prettier__prettier-10910,prettier/prettier,q256_d256,11,256,256,17,8,9,10,0.0,0.0,0.0,0.0,0.0,0.0,0.0,0.0,0.0,0.0,0.0,0.0,0.0,0.0,0.0,0.11764705882352941,0.2,0.2,0.25,0.0,0.14285714285714285
feature,prettier__prettier-10910,prettier/prettier,q256_d2048,11,256,2048,17,8,9,10,0.0,0.0,0.0,0.0,0.0,0.0,0.0,0.0,0.0,0.0,0.0,0.0,0.0,0.0,0.0,0.0,0.0,0.0,0.0,0.0,0.0
feature,prettier__prettier-10910,prettier/prettier,q2048_d256,11,2048,256,17,8,9,10,0.0,0.0,0.0,0.0,0.0,0.0,0.0,0.0,0.0,0.0,0.0,0.0,0.0,0.0,0.0,0.11764705882352941,0.2,0.2,0.25,0.0,0.14285714285714285
feature,prettier__prettier-10910,prettier/prettier,q2048_d2048,11,2048,2048,17,8,9,10,0.0,0.0,0.0,0.0,0.0,0.0,0.0,0.0,0.0,0.0,0.0,0.0,0.0,0.0,0.0,0.0,0.0,0.0,0.0,0.0,0.0
feature,prettier__prettier-10109,prettier/prettier,q256_d256,11,256,256,3,1,2,10,0.0,0.0,0.0,0.0,0.0,0.3333333333333333,0.3333333333333333,0.3333333333333333,0.0,0.5,0.3333333333333333,0.2,0.2,0.0,0.5,0.3333333333333333,0.1,0.1,0.0,0.5,0.5
feature,prettier__prettier-10109,prettier/prettier,q256_d2048,11,256,2048,3,1,2,10,0.3333333333333333,1.0,1.0,0.0,0.5,0.3333333333333333,0.3333333333333333,0.3333333333333333,0.0,0.5,0.3333333333333333,0.2,0.2,0.0,0.5,0.3333333333333333,0.1,0.1,0.0,0.5,1.0
feature,prettier__prettier-10109,prettier/prettier,q2048_d256,11,2048,256,3,1,2,10,0.0,0.0,0.0,0.0,0.0,0.3333333333333333,0.3333333333333333,0.3333333333333333,0.0,0.5,0.3333333333333333,0.2,0.2,0.0,0.5,0.3333333333333333,0.1,0.1,0.0,0.5,0.5
feature,prettier__prettier-10109,prettier/prettier,q2048_d2048,11,2048,2048,3,1,2,10,0.3333333333333333,1.0,1.0,0.0,0.5,0.3333333333333333,0.3333333333333333,0.3333333333333333,0.0,0.5,0.3333333333333333,0.2,0.2,0.0,0.5,0.3333333333333333,0.1,0.1,0.0,0.5,1.0
feature,prettier__prettier-8465,prettier/prettier,q256_d256,11,256,256,7,4,3,10,0.0,0.0,0.0,0.0,0.0,0.0,0.0,0.0,0.0,0.0,0.0,0.0,0.0,0.0,0.0,0.14285714285714285,0.1,0.1,0.25,0.0,0.1
feature,prettier__prettier-8465,prettier/prettier,q256_d2048,11,256,2048,7,4,3,10,0.0,0.0,0.0,0.0,0.0,0.0,0.0,0.0,0.0,0.0,0.0,0.0,0.0,0.0,0.0,0.14285714285714285,0.1,0.1,0.25,0.0,0.1111111111111111
feature,prettier__prettier-8465,prettier/prettier,q2048_d256,11,2048,256,7,4,3,10,0.0,0.0,0.0,0.0,0.0,0.0,0.0,0.0,0.0,0.0,0.0,0.0,0.0,0.0,0.0,0.14285714285714285,0.1,0.1,0.25,0.0,0.125
feature,prettier__prettier-8465,prettier/prettier,q2048_d2048,11,2048,2048,7,4,3,10,0.0,0.0,0.0,0.0,0.0,0.0,0.0,0.0,0.0,0.0,0.0,0.0,0.0,0.0,0.0,0.14285714285714285,0.1,0.1,0.25,0.0,0.16666666666666666
feature,prettier__prettier-8381,prettier/prettier,q256_d256,11,256,256,10,10,0,10,0.0,0.0,0.0,0.0,,0.0,0.0,0.0,0.0,,0.0,0.0,0.0,0.0,,0.0,0.0,0.0,0.0,,0.0
feature,prettier__prettier-8381,prettier/prettier,q256_d2048,11,256,2048,10,10,0,10,0.0,0.0,0.0,0.0,,0.0,0.0,0.0,0.0,,0.0,0.0,0.0,0.0,,0.0,0.0,0.0,0.0,,0.0
feature,prettier__prettier-8381,prettier/prettier,q2048_d256,11,2048,256,10,10,0,10,0.0,0.0,0.0,0.0,,0.0,0.0,0.0,0.0,,0.0,0.0,0.0,0.0,,0.0,0.0,0.0,0.0,,0.0
feature,prettier__prettier-8381,prettier/prettier,q2048_d2048,11,2048,2048,10,10,0,10,0.0,0.0,0.0,0.0,,0.0,0.0,0.0,0.0,,0.0,0.0,0.0,0.0,,0.0,0.0,0.0,0.0,,0.0
feature,prettier__prettier-4667,prettier/prettier,q256_d256,11,256,256,2,1,1,10,0.0,0.0,0.0,0.0,0.0,0.0,0.0,0.0,0.0,0.0,0.0,0.0,0.0,0.0,0.0,0.5,0.1,0.1,0.0,1.0,0.1111111111111111
feature,prettier__prettier-4667,prettier/prettier,q256_d2048,11,256,2048,2,1,1,10,0.0,0.0,0.0,0.0,0.0,0.0,0.0,0.0,0.0,0.0,0.0,0.0,0.0,0.0,0.0,0.0,0.0,0.0,0.0,0.0,0.0
feature,prettier__prettier-4667,prettier/prettier,q2048_d256,11,2048,256,2,1,1,10,0.0,0.0,0.0,0.0,0.0,0.0,0.0,0.0,0.0,0.0,0.0,0.0,0.0,0.0,0.0,0.5,0.1,0.1,0.0,1.0,0.1111111111111111
feature,prettier__prettier-4667,prettier/prettier,q2048_d2048,11,2048,2048,2,1,1,10,0.0,0.0,0.0,0.0,0.0,0.0,0.0,0.0,0.0,0.0,0.0,0.0,0.0,0.0,0.0,0.0,0.0,0.0,0.0,0.0,0.0
feature,prettier__prettier-3903,prettier/prettier,q256_d256,11,256,256,99,1,98,10,0.0,0.0,0.0,0.0,0.0,0.0,0.0,0.0,0.0,0.0,0.0,0.0,0.0,0.0,0.0,0.0,0.0,0.0,0.0,0.0,0.0
feature,prettier__prettier-3903,prettier/prettier,q256_d2048,11,256,2048,99,1,98,10,0.0,0.0,0.0,0.0,0.0,0.0,0.0,0.0,0.0,0.0,0.0,0.0,0.0,0.0,0.0,0.0,0.0,0.0,0.0,0.0,0.0
feature,prettier__prettier-3903,prettier/prettier,q2048_d256,11,2048,256,99,1,98,10,0.0,0.0,0.0,0.0,0.0,0.0,0.0,0.0,0.0,0.0,0.0,0.0,0.0,0.0,0.0,0.0,0.0,0.0,0.0,0.0,0.0
feature,prettier__prettier-3903,prettier/prettier,q2048_d2048,11,2048,2048,99,1,98,10,0.0,0.0,0.0,0.0,0.0,0.0,0.0,0.0,0.0,0.0,0.0,0.0,0.0,0.0,0.0,0.010101010101010102,0.1,0.1,1.0,0.0,0.16666666666666666
feature,prettier__prettier-3775,prettier/prettier,q256_d256,11,256,256,11,8,3,10,0.09090909090909091,1.0,1.0,0.125,0.0,0.18181818181818182,0.6666666666666666,0.6666666666666666,0.25,0.0,0.18181818181818182,0.4,0.4,0.25,0.0,0.18181818181818182,0.2,0.2,0.25,0.0,1.0
feature,prettier__prettier-3775,prettier/prettier,q256_d2048,11,256,2048,11,8,3,10,0.09090909090909091,1.0,1.0,0.125,0.0,0.09090909090909091,0.3333333333333333,0.3333333333333333,0.125,0.0,0.09090909090909091,0.2,0.2,0.125,0.0,0.09090909090909091,0.1,0.1,0.125,0.0,1.0
feature,prettier__prettier-3775,prettier/prettier,q2048_d256,11,2048,256,11,8,3,10,0.09090909090909091,1.0,1.0,0.125,0.0,0.18181818181818182,0.6666666666666666,0.6666666666666666,0.25,0.0,0.18181818181818182,0.4,0.4,0.25,0.0,0.18181818181818182,0.2,0.2,0.25,0.0,1.0
feature,prettier__prettier-3775,prettier/prettier,q2048_d2048,11,2048,2048,11,8,3,10,0.09090909090909091,1.0,1.0,0.125,0.0,0.09090909090909091,0.3333333333333333,0.3333333333333333,0.125,0.0,0.09090909090909091,0.2,0.2,0.125,0.0,0.09090909090909091,0.1,0.1,0.125,0.0,1.0
feature,prettier__prettier-842,prettier/prettier,q256_d256,11,256,256,1,1,0,10,0.0,0.0,0.0,0.0,,0.0,0.0,0.0,0.0,,0.0,0.0,0.0,0.0,,0.0,0.0,0.0,0.0,,0.0
feature,prettier__prettier-842,prettier/prettier,q256_d2048,11,256,2048,1,1,0,10,0.0,0.0,0.0,0.0,,0.0,0.0,0.0,0.0,,0.0,0.0,0.0,0.0,,0.0,0.0,0.0,0.0,,0.0
feature,prettier__prettier-842,prettier/prettier,q2048_d256,11,2048,256,1,1,0,10,0.0,0.0,0.0,0.0,,0.0,0.0,0.0,0.0,,0.0,0.0,0.0,0.0,,0.0,0.0,0.0,0.0,,0.0
feature,prettier__prettier-842,prettier/prettier,q2048_d2048,11,2048,2048,1,1,0,10,0.0,0.0,0.0,0.0,,0.0,0.0,0.0,0.0,,0.0,0.0,0.0,0.0,,0.0,0.0,0.0,0.0,,0.0
feature,prettier__prettier-661,prettier/prettier,q256_d256,11,256,256,5,5,0,10,0.0,0.0,0.0,0.0,,0.0,0.0,0.0,0.0,,0.0,0.0,0.0,0.0,,0.0,0.0,0.0,0.0,,0.0
feature,prettier__prettier-661,prettier/prettier,q256_d2048,11,256,2048,5,5,0,10,0.0,0.0,0.0,0.0,,0.0,0.0,0.0,0.0,,0.0,0.0,0.0,0.0,,0.0,0.0,0.0,0.0,,0.0
feature,prettier__prettier-661,prettier/prettier,q2048_d256,11,2048,256,5,5,0,10,0.0,0.0,0.0,0.0,,0.0,0.0,0.0,0.0,,0.0,0.0,0.0,0.0,,0.0,0.0,0.0,0.0,,0.0
feature,prettier__prettier-661,prettier/prettier,q2048_d2048,11,2048,2048,5,5,0,10,0.0,0.0,0.0,0.0,,0.0,0.0,0.0,0.0,,0.0,0.0,0.0,0.0,,0.0,0.0,0.0,0.0,,0.0
feature,serverless__serverless-10120,serverless/serverless,q256_d256,11,256,256,2,1,1,10,0.0,0.0,0.0,0.0,0.0,0.0,0.0,0.0,0.0,0.0,0.0,0.0,0.0,0.0,0.0,0.5,0.1,0.1,1.0,0.0,0.125
feature,serverless__serverless-10120,serverless/serverless,q256_d2048,11,256,2048,2,1,1,10,0.0,0.0,0.0,0.0,0.0,0.0,0.0,0.0,0.0,0.0,0.0,0.0,0.0,0.0,0.0,0.0,0.0,0.0,0.0,0.0,0.0
feature,serverless__serverless-10120,serverless/serverless,q2048_d256,11,2048,256,2,1,1,10,0.0,0.0,0.0,0.0,0.0,0.0,0.0,0.0,0.0,0.0,0.0,0.0,0.0,0.0,0.0,1.0,0.2,0.2,1.0,1.0,0.14285714285714285
feature,serverless__serverless-10120,serverless/serverless,q2048_d2048,11,2048,2048,2,1,1,10,0.0,0.0,0.0,0.0,0.0,0.0,0.0,0.0,0.0,0.0,0.0,0.0,0.0,0.0,0.0,0.0,0.0,0.0,0.0,0.0,0.0
feature,serverless__serverless-8638,serverless/serverless,q256_d256,11,256,256,5,4,1,10,0.0,0.0,0.0,0.0,0.0,0.0,0.0,0.0,0.0,0.0,0.0,0.0,0.0,0.0,0.0,0.0,0.0,0.0,0.0,0.0,0.0
feature,serverless__serverless-8638,serverless/serverless,q256_d2048,11,256,2048,5,4,1,10,0.0,0.0,0.0,0.0,0.0,0.0,0.0,0.0,0.0,0.0,0.0,0.0,0.0,0.0,0.0,0.0,0.0,0.0,0.0,0.0,0.0
feature,serverless__serverless-8638,serverless/serverless,q2048_d256,11,2048,256,5,4,1,10,0.0,0.0,0.0,0.0,0.0,0.0,0.0,0.0,0.0,0.0,0.0,0.0,0.0,0.0,0.0,0.2,0.1,0.1,0.0,1.0,0.1111111111111111
feature,serverless__serverless-8638,serverless/serverless,q2048_d2048,11,2048,2048,5,4,1,10,0.2,1.0,1.0,0.0,1.0,0.2,0.3333333333333333,0.3333333333333333,0.0,1.0,0.2,0.2,0.2,0.0,1.0,0.6,0.3,0.3,0.5,1.0,1.0
feature,serverless__serverless-7623,serverless/serverless,q256_d256,11,256,256,4,3,1,10,0.0,0.0,0.0,0.0,0.0,0.25,0.3333333333333333,0.3333333333333333,0.3333333333333333,0.0,0.25,0.2,0.2,0.3333333333333333,0.0,0.25,0.1,0.1,0.3333333333333333,0.0,0.5
feature,serverless__serverless-7623,serverless/serverless,q256_d2048,11,256,2048,4,3,1,10,0.0,0.0,0.0,0.0,0.0,0.0,0.0,0.0,0.0,0.0,0.0,0.0,0.0,0.0,0.0,0.25,0.1,0.1,0.3333333333333333,0.0,0.1
feature,serverless__serverless-7623,serverless/serverless,q2048_d256,11,2048,256,4,3,1,10,0.0,0.0,0.0,0.0,0.0,0.25,0.3333333333333333,0.3333333333333333,0.3333333333333333,0.0,0.25,0.2,0.2,0.3333333333333333,0.0,0.25,0.1,0.1,0.3333333333333333,0.0,0.5
feature,serverless__serverless-7623,serverless/serverless,q2048_d2048,11,2048,2048,4,3,1,10,0.0,0.0,0.0,0.0,0.0,0.0,0.0,0.0,0.0,0.0,0.0,0.0,0.0,0.0,0.0,0.25,0.1,0.1,0.3333333333333333,0.0,0.1
feature,serverless__serverless-7031,serverless/serverless,q256_d256,11,256,256,2,1,1,10,0.0,0.0,0.0,0.0,0.0,0.5,0.3333333333333333,0.3333333333333333,1.0,0.0,1.0,0.4,0.4,1.0,1.0,1.0,0.2,0.2,1.0,1.0,0.5
feature,serverless__serverless-7031,serverless/serverless,q256_d2048,11,256,2048,2,1,1,10,0.0,0.0,0.0,0.0,0.0,0.0,0.0,0.0,0.0,0.0,0.0,0.0,0.0,0.0,0.0,0.0,0.0,0.0,0.0,0.0,0.0
feature,serverless__serverless-7031,serverless/serverless,q2048_d256,11,2048,256,2,1,1,10,0.0,0.0,0.0,0.0,0.0,1.0,0.6666666666666666,0.6666666666666666,1.0,1.0,1.0,0.4,0.4,1.0,1.0,1.0,0.2,0.2,1.0,1.0,0.5
feature,serverless__serverless-7031,serverless/serverless,q2048_d2048,11,2048,2048,2,1,1,10,0.0,0.0,0.0,0.0,0.0,0.0,0.0,0.0,0.0,0.0,0.0,0.0,0.0,0.0,0.0,0.0,0.0,0.0,0.0,0.0,0.0
feature,serverless__serverless-7024,serverless/serverless,q256_d256,11,256,256,3,2,1,10,0.3333333333333333,1.0,1.0,0.5,0.0,0.3333333333333333,0.3333333333333333,0.3333333333333333,0.5,0.0,0.6666666666666666,0.4,0.4,1.0,0.0,1.0,0.3,0.3,1.0,1.0,1.0
feature,serverless__serverless-7024,serverless/serverless,q256_d2048,11,256,2048,3,2,1,10,0.0,0.0,0.0,0.0,0.0,0.3333333333333333,0.3333333333333333,0.3333333333333333,0.5,0.0,0.3333333333333333,0.2,0.2,0.5,0.0,0.3333333333333333,0.1,0.1,0.5,0.0,0.5
feature,serverless__serverless-7024,serverless/serverless,q2048_d256,11,2048,256,3,2,1,10,0.3333333333333333,1.0,1.0,0.5,0.0,0.3333333333333333,0.3333333333333333,0.3333333333333333,0.5,0.0,0.6666666666666666,0.4,0.4,1.0,0.0,1.0,0.3,0.3,1.0,1.0,1.0
feature,serverless__serverless-7024,serverless/serverless,q2048_d2048,11,2048,2048,3,2,1,10,0.0,0.0,0.0,0.0,0.0,0.3333333333333333,0.3333333333333333,0.3333333333333333,0.5,0.0,0.3333333333333333,0.2,0.2,0.5,0.0,0.3333333333333333,0.1,0.1,0.5,0.0,0.5
feature,serverless__serverless-6945,serverless/serverless,q256_d256,11,256,256,4,3,1,10,0.0,0.0,0.0,0.0,0.0,0.0,0.0,0.0,0.0,0.0,0.0,0.0,0.0,0.0,0.0,0.25,0.1,0.1,0.3333333333333333,0.0,0.14285714285714285
feature,serverless__serverless-6945,serverless/serverless,q256_d2048,11,256,2048,4,3,1,10,0.0,0.0,0.0,0.0,0.0,0.0,0.0,0.0,0.0,0.0,0.0,0.0,0.0,0.0,0.0,0.25,0.1,0.1,0.3333333333333333,0.0,0.1111111111111111
feature,serverless__serverless-6945,serverless/serverless,q2048_d256,11,2048,256,4,3,1,10,0.0,0.0,0.0,0.0,0.0,0.0,0.0,0.0,0.0,0.0,0.0,0.0,0.0,0.0,0.0,0.25,0.1,0.1,0.3333333333333333,0.0,0.14285714285714285
feature,serverless__serverless-6945,serverless/serverless,q2048_d2048,11,2048,2048,4,3,1,10,0.0,0.0,0.0,0.0,0.0,0.0,0.0,0.0,0.0,0.0,0.0,0.0,0.0,0.0,0.0,0.25,0.1,0.1,0.3333333333333333,0.0,0.1111111111111111
feature,serverless__serverless-6345,serverless/serverless,q256_d256,11,256,256,3,2,1,10,0.0,0.0,0.0,0.0,0.0,0.0,0.0,0.0,0.0,0.0,0.0,0.0,0.0,0.0,0.0,0.0,0.0,0.0,0.0,0.0,0.0
feature,serverless__serverless-6345,serverless/serverless,q256_d2048,11,256,2048,3,2,1,10,0.0,0.0,0.0,0.0,0.0,0.0,0.0,0.0,0.0,0.0,0.0,0.0,0.0,0.0,0.0,0.0,0.0,0.0,0.0,0.0,0.0
feature,serverless__serverless-6345,serverless/serverless,q2048_d256,11,2048,256,3,2,1,10,0.0,0.0,0.0,0.0,0.0,0.0,0.0,0.0,0.0,0.0,0.0,0.0,0.0,0.0,0.0,0.0,0.0,0.0,0.0,0.0,0.0
feature,serverless__serverless-6345,serverless/serverless,q2048_d2048,11,2048,2048,3,2,1,10,0.0,0.0,0.0,0.0,0.0,0.0,0.0,0.0,0.0,0.0,0.0,0.0,0.0,0.0,0.0,0.0,0.0,0.0,0.0,0.0,0.0
feature,serverless__serverless-6063,serverless/serverless,q256_d256,11,256,256,4,3,1,10,0.0,0.0,0.0,0.0,0.0,0.0,0.0,0.0,0.0,0.0,0.0,0.0,0.0,0.0,0.0,0.0,0.0,0.0,0.0,0.0,0.0
feature,serverless__serverless-6063,serverless/serverless,q256_d2048,11,256,2048,4,3,1,10,0.0,0.0,0.0,0.0,0.0,0.0,0.0,0.0,0.0,0.0,0.0,0.0,0.0,0.0,0.0,0.0,0.0,0.0,0.0,0.0,0.0
feature,serverless__serverless-6063,serverless/serverless,q2048_d256,11,2048,256,4,3,1,10,0.0,0.0,0.0,0.0,0.0,0.0,0.0,0.0,0.0,0.0,0.0,0.0,0.0,0.0,0.0,0.0,0.0,0.0,0.0,0.0,0.0
feature,serverless__serverless-6063,serverless/serverless,q2048_d2048,11,2048,2048,4,3,1,10,0.0,0.0,0.0,0.0,0.0,0.0,0.0,0.0,0.0,0.0,0.0,0.0,0.0,0.0,0.0,0.0,0.0,0.0,0.0,0.0,0.0
feature,serverless__serverless-6051,serverless/serverless,q256_d256,11,256,256,4,3,1,10,0.0,0.0,0.0,0.0,0.0,0.25,0.3333333333333333,0.3333333333333333,0.3333333333333333,0.0,0.25,0.2,0.2,0.3333333333333333,0.0,0.25,0.1,0.1,0.3333333333333333,0.0,0.5
feature,serverless__serverless-6051,serverless/serverless,q256_d2048,11,256,2048,4,3,1,10,0.0,0.0,0.0,0.0,0.0,0.0,0.0,0.0,0.0,0.0,0.0,0.0,0.0,0.0,0.0,0.0,0.0,0.0,0.0,0.0,0.0
feature,serverless__serverless-6051,serverless/serverless,q2048_d256,11,2048,256,4,3,1,10,0.0,0.0,0.0,0.0,0.0,0.25,0.3333333333333333,0.3333333333333333,0.3333333333333333,0.0,0.25,0.2,0.2,0.3333333333333333,0.0,0.25,0.1,0.1,0.3333333333333333,0.0,0.5
feature,serverless__serverless-6051,serverless/serverless,q2048_d2048,11,2048,2048,4,3,1,10,0.0,0.0,0.0,0.0,0.0,0.0,0.0,0.0,0.0,0.0,0.0,0.0,0.0,0.0,0.0,0.0,0.0,0.0,0.0,0.0,0.0
feature,serverless__serverless-5982,serverless/serverless,q256_d256,11,256,256,9,5,4,10,0.1111111111111111,1.0,1.0,0.2,0.0,0.3333333333333333,1.0,1.0,0.6,0.0,0.4444444444444444,0.8,0.8,0.6,0.25,0.5555555555555556,0.5,0.5,0.8,0.25,1.0
feature,serverless__serverless-5982,serverless/serverless,q256_d2048,11,256,2048,9,5,4,10,0.1111111111111111,1.0,1.0,0.2,0.0,0.3333333333333333,1.0,1.0,0.6,0.0,0.3333333333333333,0.6,0.6,0.6,0.0,0.3333333333333333,0.3,0.3,0.6,0.0,1.0
feature,serverless__serverless-5982,serverless/serverless,q2048_d256,11,2048,256,9,5,4,10,0.1111111111111111,1.0,1.0,0.2,0.0,0.3333333333333333,1.0,1.0,0.6,0.0,0.4444444444444444,0.8,0.8,0.6,0.25,0.5555555555555556,0.5,0.5,0.8,0.25,1.0
feature,serverless__serverless-5982,serverless/serverless,q2048_d2048,11,2048,2048,9,5,4,10,0.1111111111111111,1.0,1.0,0.2,0.0,0.3333333333333333,1.0,1.0,0.6,0.0,0.3333333333333333,0.6,0.6,0.6,0.0,0.3333333333333333,0.3,0.3,0.6,0.0,1.0
feature,serverless__serverless-5579,serverless/serverless,q256_d256,11,256,256,5,3,2,10,0.0,0.0,0.0,0.0,0.0,0.0,0.0,0.0,0.0,0.0,0.0,0.0,0.0,0.0,0.0,0.0,0.0,0.0,0.0,0.0,0.0
feature,serverless__serverless-5579,serverless/serverless,q256_d2048,11,256,2048,5,3,2,10,0.0,0.0,0.0,0.0,0.0,0.0,0.0,0.0,0.0,0.0,0.0,0.0,0.0,0.0,0.0,0.0,0.0,0.0,0.0,0.0,0.0
feature,serverless__serverless-5579,serverless/serverless,q2048_d256,11,2048,256,5,3,2,10,0.0,0.0,0.0,0.0,0.0,0.0,0.0,0.0,0.0,0.0,0.0,0.0,0.0,0.0,0.0,0.0,0.0,0.0,0.0,0.0,0.0
feature,serverless__serverless-5579,serverless/serverless,q2048_d2048,11,2048,2048,5,3,2,10,0.0,0.0,0.0,0.0,0.0,0.0,0.0,0.0,0.0,0.0,0.0,0.0,0.0,0.0,0.0,0.0,0.0,0.0,0.0,0.0,0.0
feature,serverless__serverless-5509,serverless/serverless,q256_d256,11,256,256,5,4,1,10,0.2,1.0,1.0,0.25,0.0,0.4,0.6666666666666666,0.6666666666666666,0.25,1.0,0.4,0.4,0.4,0.25,1.0,0.6,0.3,0.3,0.5,1.0,1.0
feature,serverless__serverless-5509,serverless/serverless,q256_d2048,11,256,2048,5,4,1,10,0.2,1.0,1.0,0.25,0.0,0.4,0.6666666666666666,0.6666666666666666,0.25,1.0,0.4,0.4,0.4,0.25,1.0,0.4,0.2,0.2,0.25,1.0,1.0
feature,serverless__serverless-5509,serverless/serverless,q2048_d256,11,2048,256,5,4,1,10,0.2,1.0,1.0,0.25,0.0,0.4,0.6666666666666666,0.6666666666666666,0.25,1.0,0.4,0.4,0.4,0.25,1.0,0.6,0.3,0.3,0.5,1.0,1.0
feature,serverless__serverless-5509,serverless/serverless,q2048_d2048,11,2048,2048,5,4,1,10,0.2,1.0,1.0,0.25,0.0,0.4,0.6666666666666666,0.6666666666666666,0.25,1.0,0.4,0.4,0.4,0.25,1.0,0.4,0.2,0.2,0.25,1.0,1.0
feature,serverless__serverless-4097,serverless/serverless,q256_d256,11,256,256,6,4,2,10,0.0,0.0,0.0,0.0,0.0,0.0,0.0,0.0,0.0,0.0,0.0,0.0,0.0,0.0,0.0,0.16666666666666666,0.1,0.1,0.25,0.0,0.14285714285714285
feature,serverless__serverless-4097,serverless/serverless,q256_d2048,11,256,2048,6,4,2,10,0.0,0.0,0.0,0.0,0.0,0.0,0.0,0.0,0.0,0.0,0.0,0.0,0.0,0.0,0.0,0.0,0.0,0.0,0.0,0.0,0.0
feature,serverless__serverless-4097,serverless/serverless,q2048_d256,11,2048,256,6,4,2,10,0.0,0.0,0.0,0.0,0.0,0.0,0.0,0.0,0.0,0.0,0.0,0.0,0.0,0.0,0.0,0.16666666666666666,0.1,0.1,0.25,0.0,0.14285714285714285
feature,serverless__serverless-4097,serverless/serverless,q2048_d2048,11,2048,2048,6,4,2,10,0.0,0.0,0.0,0.0,0.0,0.0,0.0,0.0,0.0,0.0,0.0,0.0,0.0,0.0,0.0,0.0,0.0,0.0,0.0,0.0,0.0
feature,serverless__serverless-3642,serverless/serverless,q256_d256,11,256,256,3,2,1,10,0.3333333333333333,1.0,1.0,0.5,0.0,1.0,1.0,1.0,1.0,1.0,1.0,0.6,0.6,1.0,1.0,1.0,0.3,0.3,1.0,1.0,1.0
feature,serverless__serverless-3642,serverless/serverless,q256_d2048,11,256,2048,3,2,1,10,0.3333333333333333,1.0,1.0,0.5,0.0,0.3333333333333333,0.3333333333333333,0.3333333333333333,0.5,0.0,0.3333333333333333,0.2,0.2,0.5,0.0,1.0,0.3,0.3,1.0,1.0,1.0
feature,serverless__serverless-3642,serverless/serverless,q2048_d256,11,2048,256,3,2,1,10,0.3333333333333333,1.0,1.0,0.5,0.0,1.0,1.0,1.0,1.0,1.0,1.0,0.6,0.6,1.0,1.0,1.0,0.3,0.3,1.0,1.0,1.0
feature,serverless__serverless-3642,serverless/serverless,q2048_d2048,11,2048,2048,3,2,1,10,0.3333333333333333,1.0,1.0,0.5,0.0,0.3333333333333333,0.3333333333333333,0.3333333333333333,0.5,0.0,0.6666666666666666,0.4,0.4,1.0,0.0,1.0,0.3,0.3,1.0,1.0,1.0
feature,serverless__serverless-3609,serverless/serverless,q256_d256,11,256,256,4,3,1,10,0.0,0.0,0.0,0.0,0.0,0.0,0.0,0.0,0.0,0.0,0.0,0.0,0.0,0.0,0.0,0.0,0.0,0.0,0.0,0.0,0.0
feature,serverless__serverless-3609,serverless/serverless,q256_d2048,11,256,2048,4,3,1,10,0.0,0.0,0.0,0.0,0.0,0.0,0.0,0.0,0.0,0.0,0.0,0.0,0.0,0.0,0.0,0.0,0.0,0.0,0.0,0.0,0.0
feature,serverless__serverless-3609,serverless/serverless,q2048_d256,11,2048,256,4,3,1,10,0.0,0.0,0.0,0.0,0.0,0.0,0.0,0.0,0.0,0.0,0.0,0.0,0.0,0.0,0.0,0.0,0.0,0.0,0.0,0.0,0.0
feature,serverless__serverless-3609,serverless/serverless,q2048_d2048,11,2048,2048,4,3,1,10,0.0,0.0,0.0,0.0,0.0,0.0,0.0,0.0,0.0,0.0,0.0,0.0,0.0,0.0,0.0,0.0,0.0,0.0,0.0,0.0,0.0
feature,serverless__serverless-3548,serverless/serverless,q256_d256,11,256,256,4,3,1,10,0.0,0.0,0.0,0.0,0.0,0.25,0.3333333333333333,0.3333333333333333,0.3333333333333333,0.0,0.25,0.2,0.2,0.3333333333333333,0.0,0.25,0.1,0.1,0.3333333333333333,0.0,0.3333333333333333
feature,serverless__serverless-3548,serverless/serverless,q256_d2048,11,256,2048,4,3,1,10,0.0,0.0,0.0,0.0,0.0,0.0,0.0,0.0,0.0,0.0,0.0,0.0,0.0,0.0,0.0,0.0,0.0,0.0,0.0,0.0,0.0
feature,serverless__serverless-3548,serverless/serverless,q2048_d256,11,2048,256,4,3,1,10,0.0,0.0,0.0,0.0,0.0,0.25,0.3333333333333333,0.3333333333333333,0.3333333333333333,0.0,0.25,0.2,0.2,0.3333333333333333,0.0,0.25,0.1,0.1,0.3333333333333333,0.0,0.3333333333333333
feature,serverless__serverless-3548,serverless/serverless,q2048_d2048,11,2048,2048,4,3,1,10,0.0,0.0,0.0,0.0,0.0,0.0,0.0,0.0,0.0,0.0,0.0,0.0,0.0,0.0,0.0,0.0,0.0,0.0,0.0,0.0,0.0
feature,serverless__serverless-3217,serverless/serverless,q256_d256,11,256,256,3,2,1,10,0.0,0.0,0.0,0.0,0.0,0.0,0.0,0.0,0.0,0.0,0.0,0.0,0.0,0.0,0.0,0.0,0.0,0.0,0.0,0.0,0.0
feature,serverless__serverless-3217,serverless/serverless,q256_d2048,11,256,2048,3,2,1,10,0.0,0.0,0.0,0.0,0.0,0.0,0.0,0.0,0.0,0.0,0.0,0.0,0.0,0.0,0.0,0.0,0.0,0.0,0.0,0.0,0.0
feature,serverless__serverless-3217,serverless/serverless,q2048_d256,11,2048,256,3,2,1,10,0.0,0.0,0.0,0.0,0.0,0.0,0.0,0.0,0.0,0.0,0.0,0.0,0.0,0.0,0.0,0.0,0.0,0.0,0.0,0.0,0.0
feature,serverless__serverless-3217,serverless/serverless,q2048_d2048,11,2048,2048,3,2,1,10,0.0,0.0,0.0,0.0,0.0,0.0,0.0,0.0,0.0,0.0,0.0,0.0,0.0,0.0,0.0,0.0,0.0,0.0,0.0,0.0,0.0
feature,serverless__serverless-2910,serverless/serverless,q256_d256,11,256,256,3,2,1,10,0.3333333333333333,1.0,1.0,0.5,0.0,0.6666666666666666,0.6666666666666666,0.6666666666666666,0.5,1.0,1.0,0.6,0.6,1.0,1.0,1.0,0.3,0.3,1.0,1.0,1.0
feature,serverless__serverless-2910,serverless/serverless,q256_d2048,11,256,2048,3,2,1,10,0.3333333333333333,1.0,1.0,0.5,0.0,0.6666666666666666,0.6666666666666666,0.6666666666666666,1.0,0.0,0.6666666666666666,0.4,0.4,1.0,0.0,0.6666666666666666,0.2,0.2,1.0,0.0,1.0
feature,serverless__serverless-2910,serverless/serverless,q2048_d256,11,2048,256,3,2,1,10,0.3333333333333333,1.0,1.0,0.5,0.0,0.6666666666666666,0.6666666666666666,0.6666666666666666,0.5,1.0,1.0,0.6,0.6,1.0,1.0,1.0,0.3,0.3,1.0,1.0,1.0
feature,serverless__serverless-2910,serverless/serverless,q2048_d2048,11,2048,2048,3,2,1,10,0.3333333333333333,1.0,1.0,0.5,0.0,0.6666666666666666,0.6666666666666666,0.6666666666666666,1.0,0.0,0.6666666666666666,0.4,0.4,1.0,0.0,0.6666666666666666,0.2,0.2,1.0,0.0,1.0
feature,serverless__serverless-2748,serverless/serverless,q256_d256,11,256,256,3,2,1,10,0.0,0.0,0.0,0.0,0.0,0.0,0.0,0.0,0.0,0.0,0.0,0.0,0.0,0.0,0.0,0.0,0.0,0.0,0.0,0.0,0.0
feature,serverless__serverless-2748,serverless/serverless,q256_d2048,11,256,2048,3,2,1,10,0.0,0.0,0.0,0.0,0.0,0.0,0.0,0.0,0.0,0.0,0.0,0.0,0.0,0.0,0.0,0.0,0.0,0.0,0.0,0.0,0.0
feature,serverless__serverless-2748,serverless/serverless,q2048_d256,11,2048,256,3,2,1,10,0.0,0.0,0.0,0.0,0.0,0.0,0.0,0.0,0.0,0.0,0.0,0.0,0.0,0.0,0.0,0.0,0.0,0.0,0.0,0.0,0.0
feature,serverless__serverless-2748,serverless/serverless,q2048_d2048,11,2048,2048,3,2,1,10,0.0,0.0,0.0,0.0,0.0,0.0,0.0,0.0,0.0,0.0,0.0,0.0,0.0,0.0,0.0,0.0,0.0,0.0,0.0,0.0,0.0
feature,serverless__serverless-2624,serverless/serverless,q256_d256,11,256,256,2,1,1,10,0.0,0.0,0.0,0.0,0.0,0.0,0.0,0.0,0.0,0.0,0.0,0.0,0.0,0.0,0.0,0.0,0.0,0.0,0.0,0.0,0.0
feature,serverless__serverless-2624,serverless/serverless,q256_d2048,11,256,2048,2,1,1,10,0.0,0.0,0.0,0.0,0.0,0.0,0.0,0.0,0.0,0.0,0.0,0.0,0.0,0.0,0.0,0.0,0.0,0.0,0.0,0.0,0.0
feature,serverless__serverless-2624,serverless/serverless,q2048_d256,11,2048,256,2,1,1,10,0.0,0.0,0.0,0.0,0.0,0.0,0.0,0.0,0.0,0.0,0.0,0.0,0.0,0.0,0.0,0.0,0.0,0.0,0.0,0.0,0.0
feature,serverless__serverless-2624,serverless/serverless,q2048_d2048,11,2048,2048,2,1,1,10,0.0,0.0,0.0,0.0,0.0,0.0,0.0,0.0,0.0,0.0,0.0,0.0,0.0,0.0,0.0,0.0,0.0,0.0,0.0,0.0,0.0
feature,microsoft__vscode-114208,microsoft/vscode,q256_d256,11,256,256,2,1,1,10,0.0,0.0,0.0,0.0,0.0,0.0,0.0,0.0,0.0,0.0,0.5,0.2,0.2,0.0,1.0,0.5,0.1,0.1,0.0,1.0,0.25
feature,microsoft__vscode-114208,microsoft/vscode,q256_d2048,11,256,2048,2,1,1,10,0.0,0.0,0.0,0.0,0.0,0.0,0.0,0.0,0.0,0.0,0.0,0.0,0.0,0.0,0.0,0.0,0.0,0.0,0.0,0.0,0.0
feature,microsoft__vscode-114208,microsoft/vscode,q2048_d256,11,2048,256,2,1,1,10,0.0,0.0,0.0,0.0,0.0,0.0,0.0,0.0,0.0,0.0,0.5,0.2,0.2,0.0,1.0,0.5,0.1,0.1,0.0,1.0,0.25
feature,microsoft__vscode-114208,microsoft/vscode,q2048_d2048,11,2048,2048,2,1,1,10,0.0,0.0,0.0,0.0,0.0,0.0,0.0,0.0,0.0,0.0,0.0,0.0,0.0,0.0,0.0,0.5,0.1,0.1,0.0,1.0,0.1111111111111111
feature,microsoft__vscode-127257,microsoft/vscode,q256_d256,11,256,256,3,2,1,10,0.0,0.0,0.0,0.0,0.0,0.3333333333333333,0.3333333333333333,0.3333333333333333,0.5,0.0,0.3333333333333333,0.2,0.2,0.5,0.0,0.6666666666666666,0.2,0.2,1.0,0.0,0.3333333333333333
feature,microsoft__vscode-127257,microsoft/vscode,q256_d2048,11,256,2048,3,2,1,10,0.0,0.0,0.0,0.0,0.0,0.3333333333333333,0.3333333333333333,0.3333333333333333,0.5,0.0,0.3333333333333333,0.2,0.2,0.5,0.0,0.3333333333333333,0.1,0.1,0.5,0.0,0.3333333333333333
feature,microsoft__vscode-127257,microsoft/vscode,q2048_d256,11,2048,256,3,2,1,10,0.0,0.0,0.0,0.0,0.0,0.3333333333333333,0.3333333333333333,0.3333333333333333,0.5,0.0,0.3333333333333333,0.2,0.2,0.5,0.0,0.6666666666666666,0.2,0.2,1.0,0.0,0.3333333333333333
feature,microsoft__vscode-127257,microsoft/vscode,q2048_d2048,11,2048,2048,3,2,1,10,0.0,0.0,0.0,0.0,0.0,0.3333333333333333,0.3333333333333333,0.3333333333333333,0.5,0.0,0.3333333333333333,0.2,0.2,0.5,0.0,0.3333333333333333,0.1,0.1,0.5,0.0,0.3333333333333333
feature,microsoft__vscode-128931,microsoft/vscode,q256_d256,11,256,256,3,2,1,10,0.0,0.0,0.0,0.0,0.0,0.3333333333333333,0.3333333333333333,0.3333333333333333,0.5,0.0,0.3333333333333333,0.2,0.2,0.5,0.0,0.3333333333333333,0.1,0.1,0.5,0.0,0.5
feature,microsoft__vscode-128931,microsoft/vscode,q256_d2048,11,256,2048,3,2,1,10,0.0,0.0,0.0,0.0,0.0,0.0,0.0,0.0,0.0,0.0,0.0,0.0,0.0,0.0,0.0,0.3333333333333333,0.1,0.1,0.5,0.0,0.16666666666666666
feature,microsoft__vscode-128931,microsoft/vscode,q2048_d256,11,2048,256,3,2,1,10,0.0,0.0,0.0,0.0,0.0,0.3333333333333333,0.3333333333333333,0.3333333333333333,0.5,0.0,0.3333333333333333,0.2,0.2,0.5,0.0,0.3333333333333333,0.1,0.1,0.5,0.0,0.5
feature,microsoft__vscode-128931,microsoft/vscode,q2048_d2048,11,2048,2048,3,2,1,10,0.0,0.0,0.0,0.0,0.0,0.0,0.0,0.0,0.0,0.0,0.0,0.0,0.0,0.0,0.0,0.3333333333333333,0.1,0.1,0.5,0.0,0.16666666666666666
feature,microsoft__vscode-146962,microsoft/vscode,q256_d256,11,256,256,11,8,3,10,0.09090909090909091,1.0,1.0,0.0,0.3333333333333333,0.18181818181818182,0.6666666666666666,0.6666666666666666,0.125,0.3333333333333333,0.18181818181818182,0.4,0.4,0.125,0.3333333333333333,0.18181818181818182,0.2,0.2,0.125,0.3333333333333333,1.0
feature,microsoft__vscode-146962,microsoft/vscode,q256_d2048,11,256,2048,11,8,3,10,0.0,0.0,0.0,0.0,0.0,0.09090909090909091,0.3333333333333333,0.3333333333333333,0.125,0.0,0.09090909090909091,0.2,0.2,0.125,0.0,0.18181818181818182,0.2,0.2,0.125,0.3333333333333333,0.5
feature,microsoft__vscode-146962,microsoft/vscode,q2048_d256,11,2048,256,11,8,3,10,0.09090909090909091,1.0,1.0,0.0,0.3333333333333333,0.18181818181818182,0.6666666666666666,0.6666666666666666,0.125,0.3333333333333333,0.18181818181818182,0.4,0.4,0.125,0.3333333333333333,0.18181818181818182,0.2,0.2,0.125,0.3333333333333333,1.0
feature,microsoft__vscode-146962,microsoft/vscode,q2048_d2048,11,2048,2048,11,8,3,10,0.0,0.0,0.0,0.0,0.0,0.09090909090909091,0.3333333333333333,0.3333333333333333,0.125,0.0,0.09090909090909091,0.2,0.2,0.125,0.0,0.18181818181818182,0.2,0.2,0.125,0.3333333333333333,0.5
feature,microsoft__vscode-152802,microsoft/vscode,q256_d256,11,256,256,5,4,1,10,0.2,1.0,1.0,0.25,0.0,0.4,0.6666666666666666,0.6666666666666666,0.5,0.0,0.4,0.4,0.4,0.5,0.0,0.4,0.2,0.2,0.5,0.0,1.0
feature,microsoft__vscode-152802,microsoft/vscode,q256_d2048,11,256,2048,5,4,1,10,0.2,1.0,1.0,0.25,0.0,0.2,0.3333333333333333,0.3333333333333333,0.25,0.0,0.2,0.2,0.2,0.25,0.0,0.2,0.1,0.1,0.25,0.0,1.0
feature,microsoft__vscode-152802,microsoft/vscode,q2048_d256,11,2048,256,5,4,1,10,0.2,1.0,1.0,0.25,0.0,0.4,0.6666666666666666,0.6666666666666666,0.5,0.0,0.4,0.4,0.4,0.5,0.0,0.4,0.2,0.2,0.5,0.0,1.0
feature,microsoft__vscode-152802,microsoft/vscode,q2048_d2048,11,2048,2048,5,4,1,10,0.2,1.0,1.0,0.25,0.0,0.2,0.3333333333333333,0.3333333333333333,0.25,0.0,0.2,0.2,0.2,0.25,0.0,0.2,0.1,0.1,0.25,0.0,1.0
feature,microsoft__vscode-155261,microsoft/vscode,q256_d256,11,256,256,3,2,1,10,0.0,0.0,0.0,0.0,0.0,0.3333333333333333,0.3333333333333333,0.3333333333333333,0.5,0.0,0.3333333333333333,0.2,0.2,0.5,0.0,0.6666666666666666,0.2,0.2,0.5,1.0,0.5
feature,microsoft__vscode-155261,microsoft/vscode,q256_d2048,11,256,2048,3,2,1,10,0.0,0.0,0.0,0.0,0.0,0.0,0.0,0.0,0.0,0.0,0.0,0.0,0.0,0.0,0.0,0.3333333333333333,0.1,0.1,0.5,0.0,0.16666666666666666
feature,microsoft__vscode-155261,microsoft/vscode,q2048_d256,11,2048,256,3,2,1,10,0.0,0.0,0.0,0.0,0.0,0.3333333333333333,0.3333333333333333,0.3333333333333333,0.5,0.0,0.3333333333333333,0.2,0.2,0.5,0.0,0.6666666666666666,0.2,0.2,0.5,1.0,0.5
feature,microsoft__vscode-155261,microsoft/vscode,q2048_d2048,11,2048,2048,3,2,1,10,0.0,0.0,0.0,0.0,0.0,0.0,0.0,0.0,0.0,0.0,0.0,0.0,0.0,0.0,0.0,0.3333333333333333,0.1,0.1,0.5,0.0,0.16666666666666666
feature,microsoft__vscode-156733,microsoft/vscode,q256_d256,11,256,256,7,6,1,10,0.0,0.0,0.0,0.0,0.0,0.0,0.0,0.0,0.0,0.0,0.0,0.0,0.0,0.0,0.0,0.0,0.0,0.0,0.0,0.0,0.0
feature,microsoft__vscode-156733,microsoft/vscode,q256_d2048,11,256,2048,7,6,1,10,0.0,0.0,0.0,0.0,0.0,0.0,0.0,0.0,0.0,0.0,0.0,0.0,0.0,0.0,0.0,0.0,0.0,0.0,0.0,0.0,0.0
feature,microsoft__vscode-156733,microsoft/vscode,q2048_d256,11,2048,256,7,6,1,10,0.0,0.0,0.0,0.0,0.0,0.0,0.0,0.0,0.0,0.0,0.0,0.0,0.0,0.0,0.0,0.0,0.0,0.0,0.0,0.0,0.0
feature,microsoft__vscode-156733,microsoft/vscode,q2048_d2048,11,2048,2048,7,6,1,10,0.0,0.0,0.0,0.0,0.0,0.0,0.0,0.0,0.0,0.0,0.0,0.0,0.0,0.0,0.0,0.0,0.0,0.0,0.0,0.0,0.0
feature,microsoft__vscode-165197,microsoft/vscode,q256_d256,11,256,256,5,4,1,10,0.2,1.0,1.0,0.25,0.0,0.6,1.0,1.0,0.5,1.0,0.6,0.6,0.6,0.5,1.0,0.6,0.3,0.3,0.5,1.0,1.0
feature,microsoft__vscode-165197,microsoft/vscode,q256_d2048,11,256,2048,5,4,1,10,0.0,0.0,0.0,0.0,0.0,0.0,0.0,0.0,0.0,0.0,0.0,0.0,0.0,0.0,0.0,0.0,0.0,0.0,0.0,0.0,0.0
feature,microsoft__vscode-165197,microsoft/vscode,q2048_d256,11,2048,256,5,4,1,10,0.2,1.0,1.0,0.25,0.0,0.6,1.0,1.0,0.5,1.0,0.6,0.6,0.6,0.5,1.0,0.6,0.3,0.3,0.5,1.0,1.0
feature,microsoft__vscode-165197,microsoft/vscode,q2048_d2048,11,2048,2048,5,4,1,10,0.0,0.0,0.0,0.0,0.0,0.0,0.0,0.0,0.0,0.0,0.0,0.0,0.0,0.0,0.0,0.0,0.0,0.0,0.0,0.0,0.0
feature,microsoft__vscode-168788,microsoft/vscode,q256_d256,11,256,256,4,3,1,10,0.0,0.0,0.0,0.0,0.0,0.0,0.0,0.0,0.0,0.0,0.0,0.0,0.0,0.0,0.0,0.0,0.0,0.0,0.0,0.0,0.0
feature,microsoft__vscode-168788,microsoft/vscode,q256_d2048,11,256,2048,4,3,1,10,0.0,0.0,0.0,0.0,0.0,0.0,0.0,0.0,0.0,0.0,0.0,0.0,0.0,0.0,0.0,0.0,0.0,0.0,0.0,0.0,0.0
feature,microsoft__vscode-168788,microsoft/vscode,q2048_d256,11,2048,256,4,3,1,10,0.0,0.0,0.0,0.0,0.0,0.0,0.0,0.0,0.0,0.0,0.0,0.0,0.0,0.0,0.0,0.0,0.0,0.0,0.0,0.0,0.0
feature,microsoft__vscode-168788,microsoft/vscode,q2048_d2048,11,2048,2048,4,3,1,10,0.0,0.0,0.0,0.0,0.0,0.0,0.0,0.0,0.0,0.0,0.0,0.0,0.0,0.0,0.0,0.0,0.0,0.0,0.0,0.0,0.0
feature,microsoft__vscode-178291,microsoft/vscode,q256_d256,11,256,256,2,1,1,10,0.0,0.0,0.0,0.0,0.0,0.0,0.0,0.0,0.0,0.0,0.0,0.0,0.0,0.0,0.0,0.0,0.0,0.0,0.0,0.0,0.0
feature,microsoft__vscode-178291,microsoft/vscode,q256_d2048,11,256,2048,2,1,1,10,0.0,0.0,0.0,0.0,0.0,0.0,0.0,0.0,0.0,0.0,0.0,0.0,0.0,0.0,0.0,0.0,0.0,0.0,0.0,0.0,0.0
feature,microsoft__vscode-178291,microsoft/vscode,q2048_d256,11,2048,256,2,1,1,10,0.0,0.0,0.0,0.0,0.0,0.0,0.0,0.0,0.0,0.0,0.0,0.0,0.0,0.0,0.0,0.0,0.0,0.0,0.0,0.0,0.0
feature,microsoft__vscode-178291,microsoft/vscode,q2048_d2048,11,2048,2048,2,1,1,10,0.0,0.0,0.0,0.0,0.0,0.0,0.0,0.0,0.0,0.0,0.0,0.0,0.0,0.0,0.0,0.5,0.1,0.1,1.0,0.0,0.1
feature,microsoft__vscode-178513,microsoft/vscode,q256_d256,11,256,256,2,1,1,10,0.0,0.0,0.0,0.0,0.0,0.0,0.0,0.0,0.0,0.0,0.0,0.0,0.0,0.0,0.0,0.0,0.0,0.0,0.0,0.0,0.0
feature,microsoft__vscode-178513,microsoft/vscode,q256_d2048,11,256,2048,2,1,1,10,0.0,0.0,0.0,0.0,0.0,0.0,0.0,0.0,0.0,0.0,0.0,0.0,0.0,0.0,0.0,0.0,0.0,0.0,0.0,0.0,0.0
feature,microsoft__vscode-178513,microsoft/vscode,q2048_d256,11,2048,256,2,1,1,10,0.0,0.0,0.0,0.0,0.0,0.0,0.0,0.0,0.0,0.0,0.0,0.0,0.0,0.0,0.0,0.0,0.0,0.0,0.0,0.0,0.0
feature,microsoft__vscode-178513,microsoft/vscode,q2048_d2048,11,2048,2048,2,1,1,10,0.0,0.0,0.0,0.0,0.0,0.0,0.0,0.0,0.0,0.0,0.0,0.0,0.0,0.0,0.0,0.0,0.0,0.0,0.0,0.0,0.0
feature,microsoft__vscode-178694,microsoft/vscode,q256_d256,11,256,256,2,1,1,10,0.0,0.0,0.0,0.0,0.0,0.0,0.0,0.0,0.0,0.0,0.0,0.0,0.0,0.0,0.0,0.0,0.0,0.0,0.0,0.0,0.0
feature,microsoft__vscode-178694,microsoft/vscode,q256_d2048,11,256,2048,2,1,1,10,0.0,0.0,0.0,0.0,0.0,0.0,0.0,0.0,0.0,0.0,0.0,0.0,0.0,0.0,0.0,0.0,0.0,0.0,0.0,0.0,0.0
feature,microsoft__vscode-178694,microsoft/vscode,q2048_d256,11,2048,256,2,1,1,10,0.0,0.0,0.0,0.0,0.0,0.0,0.0,0.0,0.0,0.0,0.0,0.0,0.0,0.0,0.0,0.0,0.0,0.0,0.0,0.0,0.0
feature,microsoft__vscode-178694,microsoft/vscode,q2048_d2048,11,2048,2048,2,1,1,10,0.0,0.0,0.0,0.0,0.0,0.0,0.0,0.0,0.0,0.0,0.0,0.0,0.0,0.0,0.0,0.0,0.0,0.0,0.0,0.0,0.0
feature,microsoft__vscode-182669,microsoft/vscode,q256_d256,11,256,256,9,5,4,10,0.0,0.0,0.0,0.0,0.0,0.0,0.0,0.0,0.0,0.0,0.0,0.0,0.0,0.0,0.0,0.0,0.0,0.0,0.0,0.0,0.0
feature,microsoft__vscode-182669,microsoft/vscode,q256_d2048,11,256,2048,9,5,4,10,0.0,0.0,0.0,0.0,0.0,0.0,0.0,0.0,0.0,0.0,0.0,0.0,0.0,0.0,0.0,0.0,0.0,0.0,0.0,0.0,0.0
feature,microsoft__vscode-182669,microsoft/vscode,q2048_d256,11,2048,256,9,5,4,10,0.0,0.0,0.0,0.0,0.0,0.0,0.0,0.0,0.0,0.0,0.0,0.0,0.0,0.0,0.0,0.0,0.0,0.0,0.0,0.0,0.0
feature,microsoft__vscode-182669,microsoft/vscode,q2048_d2048,11,2048,2048,9,5,4,10,0.0,0.0,0.0,0.0,0.0,0.0,0.0,0.0,0.0,0.0,0.0,0.0,0.0,0.0,0.0,0.0,0.0,0.0,0.0,0.0,0.0
feature,microsoft__vscode-190351,microsoft/vscode,q256_d256,11,256,256,2,1,1,10,0.0,0.0,0.0,0.0,0.0,0.0,0.0,0.0,0.0,0.0,0.0,0.0,0.0,0.0,0.0,0.0,0.0,0.0,0.0,0.0,0.0
feature,microsoft__vscode-190351,microsoft/vscode,q256_d2048,11,256,2048,2,1,1,10,0.0,0.0,0.0,0.0,0.0,0.0,0.0,0.0,0.0,0.0,0.0,0.0,0.0,0.0,0.0,0.0,0.0,0.0,0.0,0.0,0.0
feature,microsoft__vscode-190351,microsoft/vscode,q2048_d256,11,2048,256,2,1,1,10,0.0,0.0,0.0,0.0,0.0,0.0,0.0,0.0,0.0,0.0,0.0,0.0,0.0,0.0,0.0,0.0,0.0,0.0,0.0,0.0,0.0
feature,microsoft__vscode-190351,microsoft/vscode,q2048_d2048,11,2048,2048,2,1,1,10,0.0,0.0,0.0,0.0,0.0,0.0,0.0,0.0,0.0,0.0,0.0,0.0,0.0,0.0,0.0,0.0,0.0,0.0,0.0,0.0,0.0
feature,microsoft__vscode-191602,microsoft/vscode,q256_d256,11,256,256,2,1,1,10,0.0,0.0,0.0,0.0,0.0,0.0,0.0,0.0,0.0,0.0,0.0,0.0,0.0,0.0,0.0,0.0,0.0,0.0,0.0,0.0,0.0
feature,microsoft__vscode-191602,microsoft/vscode,q256_d2048,11,256,2048,2,1,1,10,0.0,0.0,0.0,0.0,0.0,0.0,0.0,0.0,0.0,0.0,0.0,0.0,0.0,0.0,0.0,0.0,0.0,0.0,0.0,0.0,0.0
feature,microsoft__vscode-191602,microsoft/vscode,q2048_d256,11,2048,256,2,1,1,10,0.0,0.0,0.0,0.0,0.0,0.0,0.0,0.0,0.0,0.0,0.0,0.0,0.0,0.0,0.0,0.0,0.0,0.0,0.0,0.0,0.0
feature,microsoft__vscode-191602,microsoft/vscode,q2048_d2048,11,2048,2048,2,1,1,10,0.0,0.0,0.0,0.0,0.0,0.0,0.0,0.0,0.0,0.0,0.0,0.0,0.0,0.0,0.0,0.0,0.0,0.0,0.0,0.0,0.0
feature,mui__material-ui-11446,mui/material-ui,q256_d256,11,256,256,4,3,1,10,0.0,0.0,0.0,0.0,0.0,0.0,0.0,0.0,0.0,0.0,0.5,0.4,0.4,0.6666666666666666,0.0,0.75,0.3,0.3,0.6666666666666666,1.0,0.25
feature,mui__material-ui-11446,mui/material-ui,q256_d2048,11,256,2048,4,3,1,10,0.0,0.0,0.0,0.0,0.0,0.0,0.0,0.0,0.0,0.0,0.5,0.4,0.4,0.6666666666666666,0.0,0.5,0.2,0.2,0.6666666666666666,0.0,0.25
feature,mui__material-ui-11446,mui/material-ui,q2048_d256,11,2048,256,4,3,1,10,0.0,0.0,0.0,0.0,0.0,0.25,0.3333333333333333,0.3333333333333333,0.3333333333333333,0.0,0.5,0.4,0.4,0.3333333333333333,1.0,0.75,0.3,0.3,0.6666666666666666,1.0,0.5
feature,mui__material-ui-11446,mui/material-ui,q2048_d2048,11,2048,2048,4,3,1,10,0.0,0.0,0.0,0.0,0.0,0.25,0.3333333333333333,0.3333333333333333,0.3333333333333333,0.0,0.25,0.2,0.2,0.3333333333333333,0.0,0.5,0.2,0.2,0.6666666666666666,0.0,0.3333333333333333
feature,mui__material-ui-13828,mui/material-ui,q256_d256,11,256,256,4,3,1,10,0.25,1.0,1.0,0.3333333333333333,0.0,0.25,0.3333333333333333,0.3333333333333333,0.3333333333333333,0.0,0.5,0.4,0.4,0.6666666666666666,0.0,1.0,0.4,0.4,1.0,1.0,1.0
feature,mui__material-ui-13828,mui/material-ui,q256_d2048,11,256,2048,4,3,1,10,0.0,0.0,0.0,0.0,0.0,0.0,0.0,0.0,0.0,0.0,0.25,0.2,0.2,0.3333333333333333,0.0,0.5,0.2,0.2,0.6666666666666666,0.0,0.25
feature,mui__material-ui-13828,mui/material-ui,q2048_d256,11,2048,256,4,3,1,10,0.25,1.0,1.0,0.3333333333333333,0.0,0.5,0.6666666666666666,0.6666666666666666,0.6666666666666666,0.0,0.5,0.4,0.4,0.6666666666666666,0.0,1.0,0.4,0.4,1.0,1.0,1.0
feature,mui__material-ui-13828,mui/material-ui,q2048_d2048,11,2048,2048,4,3,1,10,0.0,0.0,0.0,0.0,0.0,0.25,0.3333333333333333,0.3333333333333333,0.3333333333333333,0.0,0.25,0.2,0.2,0.3333333333333333,0.0,0.5,0.2,0.2,0.6666666666666666,0.0,0.5
feature,mui__material-ui-13899,mui/material-ui,q256_d256,11,256,256,7,5,2,10,0.0,0.0,0.0,0.0,0.0,0.14285714285714285,0.3333333333333333,0.3333333333333333,0.0,0.5,0.14285714285714285,0.2,0.2,0.0,0.5,0.2857142857142857,0.2,0.2,0.2,0.5,0.5
feature,mui__material-ui-13899,mui/material-ui,q256_d2048,11,256,2048,7,5,2,10,0.0,0.0,0.0,0.0,0.0,0.14285714285714285,0.3333333333333333,0.3333333333333333,0.0,0.5,0.14285714285714285,0.2,0.2,0.0,0.5,0.14285714285714285,0.1,0.1,0.0,0.5,0.5
feature,mui__material-ui-13899,mui/material-ui,q2048_d256,11,2048,256,7,5,2,10,0.0,0.0,0.0,0.0,0.0,0.14285714285714285,0.3333333333333333,0.3333333333333333,0.0,0.5,0.14285714285714285,0.2,0.2,0.0,0.5,0.2857142857142857,0.2,0.2,0.2,0.5,0.5
feature,mui__material-ui-13899,mui/material-ui,q2048_d2048,11,2048,2048,7,5,2,10,0.0,0.0,0.0,0.0,0.0,0.14285714285714285,0.3333333333333333,0.3333333333333333,0.0,0.5,0.14285714285714285,0.2,0.2,0.0,0.5,0.14285714285714285,0.1,0.1,0.0,0.5,0.5
feature,mui__material-ui-14465,mui/material-ui,q256_d256,11,256,256,13,10,3,10,0.0,0.0,0.0,0.0,0.0,0.0,0.0,0.0,0.0,0.0,0.0,0.0,0.0,0.0,0.0,0.0,0.0,0.0,0.0,0.0,0.0
feature,mui__material-ui-14465,mui/material-ui,q256_d2048,11,256,2048,13,10,3,10,0.0,0.0,0.0,0.0,0.0,0.0,0.0,0.0,0.0,0.0,0.0,0.0,0.0,0.0,0.0,0.0,0.0,0.0,0.0,0.0,0.0
feature,mui__material-ui-14465,mui/material-ui,q2048_d256,11,2048,256,13,10,3,10,0.0,0.0,0.0,0.0,0.0,0.0,0.0,0.0,0.0,0.0,0.0,0.0,0.0,0.0,0.0,0.0,0.0,0.0,0.0,0.0,0.0
feature,mui__material-ui-14465,mui/material-ui,q2048_d2048,11,2048,2048,13,10,3,10,0.0,0.0,0.0,0.0,0.0,0.0,0.0,0.0,0.0,0.0,0.0,0.0,0.0,0.0,0.0,0.0,0.0,0.0,0.0,0.0,0.0
feature,mui__material-ui-15495,mui/material-ui,q256_d256,11,256,256,4,3,1,10,0.0,0.0,0.0,0.0,0.0,0.0,0.0,0.0,0.0,0.0,0.0,0.0,0.0,0.0,0.0,0.0,0.0,0.0,0.0,0.0,0.0
feature,mui__material-ui-15495,mui/material-ui,q256_d2048,11,256,2048,4,3,1,10,0.0,0.0,0.0,0.0,0.0,0.0,0.0,0.0,0.0,0.0,0.0,0.0,0.0,0.0,0.0,0.0,0.0,0.0,0.0,0.0,0.0
feature,mui__material-ui-15495,mui/material-ui,q2048_d256,11,2048,256,4,3,1,10,0.0,0.0,0.0,0.0,0.0,0.0,0.0,0.0,0.0,0.0,0.0,0.0,0.0,0.0,0.0,0.0,0.0,0.0,0.0,0.0,0.0
feature,mui__material-ui-15495,mui/material-ui,q2048_d2048,11,2048,2048,4,3,1,10,0.0,0.0,0.0,0.0,0.0,0.0,0.0,0.0,0.0,0.0,0.0,0.0,0.0,0.0,0.0,0.0,0.0,0.0,0.0,0.0,0.0
feature,mui__material-ui-17005,mui/material-ui,q256_d256,11,256,256,2,1,1,10,0.0,0.0,0.0,0.0,0.0,0.0,0.0,0.0,0.0,0.0,0.0,0.0,0.0,0.0,0.0,0.0,0.0,0.0,0.0,0.0,0.0
feature,mui__material-ui-17005,mui/material-ui,q256_d2048,11,256,2048,2,1,1,10,0.0,0.0,0.0,0.0,0.0,0.0,0.0,0.0,0.0,0.0,0.0,0.0,0.0,0.0,0.0,0.0,0.0,0.0,0.0,0.0,0.0
feature,mui__material-ui-17005,mui/material-ui,q2048_d256,11,2048,256,2,1,1,10,0.0,0.0,0.0,0.0,0.0,0.0,0.0,0.0,0.0,0.0,0.0,0.0,0.0,0.0,0.0,0.0,0.0,0.0,0.0,0.0,0.0
feature,mui__material-ui-17005,mui/material-ui,q2048_d2048,11,2048,2048,2,1,1,10,0.0,0.0,0.0,0.0,0.0,0.0,0.0,0.0,0.0,0.0,0.0,0.0,0.0,0.0,0.0,0.0,0.0,0.0,0.0,0.0,0.0
feature,mui__material-ui-17640,mui/material-ui,q256_d256,11,256,256,5,3,2,10,0.0,0.0,0.0,0.0,0.0,0.0,0.0,0.0,0.0,0.0,0.0,0.0,0.0,0.0,0.0,0.0,0.0,0.0,0.0,0.0,0.0
feature,mui__material-ui-17640,mui/material-ui,q256_d2048,11,256,2048,5,3,2,10,0.0,0.0,0.0,0.0,0.0,0.0,0.0,0.0,0.0,0.0,0.0,0.0,0.0,0.0,0.0,0.0,0.0,0.0,0.0,0.0,0.0
feature,mui__material-ui-17640,mui/material-ui,q2048_d256,11,2048,256,5,3,2,10,0.0,0.0,0.0,0.0,0.0,0.0,0.0,0.0,0.0,0.0,0.0,0.0,0.0,0.0,0.0,0.0,0.0,0.0,0.0,0.0,0.0
feature,mui__material-ui-17640,mui/material-ui,q2048_d2048,11,2048,2048,5,3,2,10,0.0,0.0,0.0,0.0,0.0,0.0,0.0,0.0,0.0,0.0,0.0,0.0,0.0,0.0,0.0,0.0,0.0,0.0,0.0,0.0,0.0
feature,mui__material-ui-17691,mui/material-ui,q256_d256,11,256,256,9,5,4,10,0.0,0.0,0.0,0.0,0.0,0.0,0.0,0.0,0.0,0.0,0.0,0.0,0.0,0.0,0.0,0.1111111111111111,0.1,0.1,0.2,0.0,0.125
feature,mui__material-ui-17691,mui/material-ui,q256_d2048,11,256,2048,9,5,4,10,0.0,0.0,0.0,0.0,0.0,0.0,0.0,0.0,0.0,0.0,0.0,0.0,0.0,0.0,0.0,0.2222222222222222,0.2,0.2,0.4,0.0,0.16666666666666666
feature,mui__material-ui-17691,mui/material-ui,q2048_d256,11,2048,256,9,5,4,10,0.0,0.0,0.0,0.0,0.0,0.0,0.0,0.0,0.0,0.0,0.0,0.0,0.0,0.0,0.0,0.1111111111111111,0.1,0.1,0.2,0.0,0.16666666666666666
feature,mui__material-ui-17691,mui/material-ui,q2048_d2048,11,2048,2048,9,5,4,10,0.0,0.0,0.0,0.0,0.0,0.0,0.0,0.0,0.0,0.0,0.0,0.0,0.0,0.0,0.0,0.2222222222222222,0.2,0.2,0.4,0.0,0.16666666666666666
feature,mui__material-ui-17829,mui/material-ui,q256_d256,11,256,256,3,2,1,10,0.0,0.0,0.0,0.0,0.0,0.0,0.0,0.0,0.0,0.0,0.0,0.0,0.0,0.0,0.0,0.0,0.0,0.0,0.0,0.0,0.0
feature,mui__material-ui-17829,mui/material-ui,q256_d2048,11,256,2048,3,2,1,10,0.0,0.0,0.0,0.0,0.0,0.0,0.0,0.0,0.0,0.0,0.0,0.0,0.0,0.0,0.0,0.0,0.0,0.0,0.0,0.0,0.0
feature,mui__material-ui-17829,mui/material-ui,q2048_d256,11,2048,256,3,2,1,10,0.0,0.0,0.0,0.0,0.0,0.0,0.0,0.0,0.0,0.0,0.0,0.0,0.0,0.0,0.0,0.0,0.0,0.0,0.0,0.0,0.0
feature,mui__material-ui-17829,mui/material-ui,q2048_d2048,11,2048,2048,3,2,1,10,0.0,0.0,0.0,0.0,0.0,0.0,0.0,0.0,0.0,0.0,0.0,0.0,0.0,0.0,0.0,0.0,0.0,0.0,0.0,0.0,0.0
feature,mui__material-ui-18744,mui/material-ui,q256_d256,11,256,256,5,4,1,10,0.0,0.0,0.0,0.0,0.0,0.0,0.0,0.0,0.0,0.0,0.0,0.0,0.0,0.0,0.0,0.0,0.0,0.0,0.0,0.0,0.0
feature,mui__material-ui-18744,mui/material-ui,q256_d2048,11,256,2048,5,4,1,10,0.0,0.0,0.0,0.0,0.0,0.0,0.0,0.0,0.0,0.0,0.0,0.0,0.0,0.0,0.0,0.0,0.0,0.0,0.0,0.0,0.0
feature,mui__material-ui-18744,mui/material-ui,q2048_d256,11,2048,256,5,4,1,10,0.0,0.0,0.0,0.0,0.0,0.0,0.0,0.0,0.0,0.0,0.0,0.0,0.0,0.0,0.0,0.0,0.0,0.0,0.0,0.0,0.0
feature,mui__material-ui-18744,mui/material-ui,q2048_d2048,11,2048,2048,5,4,1,10,0.0,0.0,0.0,0.0,0.0,0.0,0.0,0.0,0.0,0.0,0.0,0.0,0.0,0.0,0.0,0.0,0.0,0.0,0.0,0.0,0.0
feature,mui__material-ui-20133,mui/material-ui,q256_d256,11,256,256,9,7,2,10,0.1111111111111111,1.0,1.0,0.14285714285714285,0.0,0.1111111111111111,0.3333333333333333,0.3333333333333333,0.14285714285714285,0.0,0.2222222222222222,0.4,0.4,0.2857142857142857,0.0,0.6666666666666666,0.6,0.6,0.5714285714285714,1.0,1.0
feature,mui__material-ui-20133,mui/material-ui,q256_d2048,11,256,2048,9,7,2,10,0.0,0.0,0.0,0.0,0.0,0.1111111111111111,0.3333333333333333,0.3333333333333333,0.14285714285714285,0.0,0.2222222222222222,0.4,0.4,0.2857142857142857,0.0,0.2222222222222222,0.2,0.2,0.2857142857142857,0.0,0.5
feature,mui__material-ui-20133,mui/material-ui,q2048_d256,11,2048,256,9,7,2,10,0.0,0.0,0.0,0.0,0.0,0.1111111111111111,0.3333333333333333,0.3333333333333333,0.14285714285714285,0.0,0.2222222222222222,0.4,0.4,0.2857142857142857,0.0,0.4444444444444444,0.4,0.4,0.5714285714285714,0.0,0.5
feature,mui__material-ui-20133,mui/material-ui,q2048_d2048,11,2048,2048,9,7,2,10,0.0,0.0,0.0,0.0,0.0,0.1111111111111111,0.3333333333333333,0.3333333333333333,0.14285714285714285,0.0,0.1111111111111111,0.2,0.2,0.14285714285714285,0.0,0.4444444444444444,0.4,0.4,0.5714285714285714,0.0,0.3333333333333333
feature,mui__material-ui-20781,mui/material-ui,q256_d256,11,256,256,4,3,1,10,0.0,0.0,0.0,0.0,0.0,0.0,0.0,0.0,0.0,0.0,0.0,0.0,0.0,0.0,0.0,0.0,0.0,0.0,0.0,0.0,0.0
feature,mui__material-ui-20781,mui/material-ui,q256_d2048,11,256,2048,4,3,1,10,0.0,0.0,0.0,0.0,0.0,0.0,0.0,0.0,0.0,0.0,0.0,0.0,0.0,0.0,0.0,0.0,0.0,0.0,0.0,0.0,0.0
feature,mui__material-ui-20781,mui/material-ui,q2048_d256,11,2048,256,4,3,1,10,0.0,0.0,0.0,0.0,0.0,0.0,0.0,0.0,0.0,0.0,0.0,0.0,0.0,0.0,0.0,0.25,0.1,0.1,0.3333333333333333,0.0,0.16666666666666666
feature,mui__material-ui-20781,mui/material-ui,q2048_d2048,11,2048,2048,4,3,1,10,0.0,0.0,0.0,0.0,0.0,0.0,0.0,0.0,0.0,0.0,0.0,0.0,0.0,0.0,0.0,0.0,0.0,0.0,0.0,0.0,0.0
feature,mui__material-ui-21192,mui/material-ui,q256_d256,11,256,256,6,4,2,10,0.16666666666666666,1.0,1.0,0.25,0.0,0.3333333333333333,0.6666666666666666,0.6666666666666666,0.5,0.0,0.3333333333333333,0.4,0.4,0.5,0.0,0.3333333333333333,0.2,0.2,0.5,0.0,1.0
feature,mui__material-ui-21192,mui/material-ui,q256_d2048,11,256,2048,6,4,2,10,0.0,0.0,0.0,0.0,0.0,0.0,0.0,0.0,0.0,0.0,0.16666666666666666,0.2,0.2,0.25,0.0,0.16666666666666666,0.1,0.1,0.25,0.0,0.2
feature,mui__material-ui-21192,mui/material-ui,q2048_d256,11,2048,256,6,4,2,10,0.16666666666666666,1.0,1.0,0.25,0.0,0.3333333333333333,0.6666666666666666,0.6666666666666666,0.5,0.0,0.3333333333333333,0.4,0.4,0.5,0.0,0.3333333333333333,0.2,0.2,0.5,0.0,1.0
feature,mui__material-ui-21192,mui/material-ui,q2048_d2048,11,2048,2048,6,4,2,10,0.0,0.0,0.0,0.0,0.0,0.16666666666666666,0.3333333333333333,0.3333333333333333,0.25,0.0,0.16666666666666666,0.2,0.2,0.25,0.0,0.16666666666666666,0.1,0.1,0.25,0.0,0.3333333333333333
feature,mui__material-ui-23364,mui/material-ui,q256_d256,11,256,256,5,3,2,10,0.0,0.0,0.0,0.0,0.0,0.0,0.0,0.0,0.0,0.0,0.0,0.0,0.0,0.0,0.0,0.0,0.0,0.0,0.0,0.0,0.0
feature,mui__material-ui-23364,mui/material-ui,q256_d2048,11,256,2048,5,3,2,10,0.0,0.0,0.0,0.0,0.0,0.0,0.0,0.0,0.0,0.0,0.0,0.0,0.0,0.0,0.0,0.0,0.0,0.0,0.0,0.0,0.0
feature,mui__material-ui-23364,mui/material-ui,q2048_d256,11,2048,256,5,3,2,10,0.0,0.0,0.0,0.0,0.0,0.2,0.3333333333333333,0.3333333333333333,0.3333333333333333,0.0,0.2,0.2,0.2,0.3333333333333333,0.0,0.2,0.1,0.1,0.3333333333333333,0.0,0.3333333333333333
feature,mui__material-ui-23364,mui/material-ui,q2048_d2048,11,2048,2048,5,3,2,10,0.0,0.0,0.0,0.0,0.0,0.0,0.0,0.0,0.0,0.0,0.0,0.0,0.0,0.0,0.0,0.0,0.0,0.0,0.0,0.0,0.0
feature,mui__material-ui-26746,mui/material-ui,q256_d256,11,256,256,11,6,5,10,0.09090909090909091,1.0,1.0,0.16666666666666666,0.0,0.18181818181818182,0.6666666666666666,0.6666666666666666,0.3333333333333333,0.0,0.18181818181818182,0.4,0.4,0.3333333333333333,0.0,0.36363636363636365,0.4,0.4,0.5,0.2,1.0
feature,mui__material-ui-26746,mui/material-ui,q256_d2048,11,256,2048,11,6,5,10,0.09090909090909091,1.0,1.0,0.16666666666666666,0.0,0.2727272727272727,1.0,1.0,0.3333333333333333,0.2,0.2727272727272727,0.6,0.6,0.3333333333333333,0.2,0.2727272727272727,0.3,0.3,0.3333333333333333,0.2,1.0
feature,mui__material-ui-26746,mui/material-ui,q2048_d256,11,2048,256,11,6,5,10,0.09090909090909091,1.0,1.0,0.16666666666666666,0.0,0.18181818181818182,0.6666666666666666,0.6666666666666666,0.3333333333333333,0.0,0.18181818181818182,0.4,0.4,0.3333333333333333,0.0,0.36363636363636365,0.4,0.4,0.5,0.2,1.0
feature,mui__material-ui-26746,mui/material-ui,q2048_d2048,11,2048,2048,11,6,5,10,0.09090909090909091,1.0,1.0,0.16666666666666666,0.0,0.2727272727272727,1.0,1.0,0.3333333333333333,0.2,0.2727272727272727,0.6,0.6,0.3333333333333333,0.2,0.2727272727272727,0.3,0.3,0.3333333333333333,0.2,1.0
feature,mui__material-ui-28813,mui/material-ui,q256_d256,11,256,256,4,3,1,10,0.0,0.0,0.0,0.0,0.0,0.0,0.0,0.0,0.0,0.0,0.25,0.2,0.2,0.3333333333333333,0.0,0.25,0.1,0.1,0.3333333333333333,0.0,0.25
feature,mui__material-ui-28813,mui/material-ui,q256_d2048,11,256,2048,4,3,1,10,0.0,0.0,0.0,0.0,0.0,0.0,0.0,0.0,0.0,0.0,0.25,0.2,0.2,0.3333333333333333,0.0,0.25,0.1,0.1,0.3333333333333333,0.0,0.2
feature,mui__material-ui-28813,mui/material-ui,q2048_d256,11,2048,256,4,3,1,10,0.25,1.0,1.0,0.3333333333333333,0.0,0.25,0.3333333333333333,0.3333333333333333,0.3333333333333333,0.0,0.25,0.2,0.2,0.3333333333333333,0.0,0.25,0.1,0.1,0.3333333333333333,0.0,1.0
feature,mui__material-ui-28813,mui/material-ui,q2048_d2048,11,2048,2048,4,3,1,10,0.0,0.0,0.0,0.0,0.0,0.25,0.3333333333333333,0.3333333333333333,0.3333333333333333,0.0,0.25,0.2,0.2,0.3333333333333333,0.0,0.25,0.1,0.1,0.3333333333333333,0.0,0.5
feature,mui__material-ui-33312,mui/material-ui,q256_d256,11,256,256,10,9,1,10,0.0,0.0,0.0,0.0,0.0,0.1,0.3333333333333333,0.3333333333333333,0.1111111111111111,0.0,0.2,0.4,0.4,0.2222222222222222,0.0,0.3,0.3,0.3,0.3333333333333333,0.0,0.5
feature,mui__material-ui-33312,mui/material-ui,q256_d2048,11,256,2048,10,9,1,10,0.0,0.0,0.0,0.0,0.0,0.1,0.3333333333333333,0.3333333333333333,0.1111111111111111,0.0,0.1,0.2,0.2,0.1111111111111111,0.0,0.1,0.1,0.1,0.1111111111111111,0.0,0.5
feature,mui__material-ui-33312,mui/material-ui,q2048_d256,11,2048,256,10,9,1,10,0.0,0.0,0.0,0.0,0.0,0.1,0.3333333333333333,0.3333333333333333,0.1111111111111111,0.0,0.2,0.4,0.4,0.2222222222222222,0.0,0.2,0.2,0.2,0.2222222222222222,0.0,0.5
feature,mui__material-ui-33312,mui/material-ui,q2048_d2048,11,2048,2048,10,9,1,10,0.0,0.0,0.0,0.0,0.0,0.1,0.3333333333333333,0.3333333333333333,0.1111111111111111,0.0,0.1,0.2,0.2,0.1111111111111111,0.0,0.1,0.1,0.1,0.1111111111111111,0.0,0.5
feature,mui__material-ui-34138,mui/material-ui,q256_d256,11,256,256,10,8,2,10,0.0,0.0,0.0,0.0,0.0,0.2,0.6666666666666666,0.6666666666666666,0.125,0.5,0.4,0.8,0.8,0.25,1.0,0.5,0.5,0.5,0.375,1.0,0.5
feature,mui__material-ui-34138,mui/material-ui,q256_d2048,11,256,2048,10,8,2,10,0.0,0.0,0.0,0.0,0.0,0.1,0.3333333333333333,0.3333333333333333,0.0,0.5,0.2,0.4,0.4,0.125,0.5,0.4,0.4,0.4,0.375,0.5,0.5
feature,mui__material-ui-34138,mui/material-ui,q2048_d256,11,2048,256,10,8,2,10,0.1,1.0,1.0,0.0,0.5,0.3,1.0,1.0,0.25,0.5,0.5,1.0,1.0,0.375,1.0,0.6,0.6,0.6,0.5,1.0,1.0
feature,mui__material-ui-34138,mui/material-ui,q2048_d2048,11,2048,2048,10,8,2,10,0.1,1.0,1.0,0.125,0.0,0.3,1.0,1.0,0.25,0.5,0.3,0.6,0.6,0.25,0.5,0.3,0.3,0.3,0.25,0.5,1.0
feature,mui__material-ui-34158,mui/material-ui,q256_d256,11,256,256,25,19,6,10,0.04,1.0,1.0,0.05263157894736842,0.0,0.12,1.0,1.0,0.10526315789473684,0.16666666666666666,0.16,0.8,0.8,0.15789473684210525,0.16666666666666666,0.2,0.5,0.5,0.21052631578947367,0.16666666666666666,1.0
feature,mui__material-ui-34158,mui/material-ui,q256_d2048,11,256,2048,25,19,6,10,0.04,1.0,1.0,0.05263157894736842,0.0,0.08,0.6666666666666666,0.6666666666666666,0.10526315789473684,0.0,0.08,0.4,0.4,0.10526315789473684,0.0,0.08,0.2,0.2,0.10526315789473684,0.0,1.0
feature,mui__material-ui-34158,mui/material-ui,q2048_d256,11,2048,256,25,19,6,10,0.04,1.0,1.0,0.05263157894736842,0.0,0.12,1.0,1.0,0.10526315789473684,0.16666666666666666,0.16,0.8,0.8,0.15789473684210525,0.16666666666666666,0.2,0.5,0.5,0.21052631578947367,0.16666666666666666,1.0
feature,mui__material-ui-34158,mui/material-ui,q2048_d2048,11,2048,2048,25,19,6,10,0.04,1.0,1.0,0.05263157894736842,0.0,0.08,0.6666666666666666,0.6666666666666666,0.10526315789473684,0.0,0.08,0.4,0.4,0.10526315789473684,0.0,0.08,0.2,0.2,0.10526315789473684,0.0,1.0
feature,mui__material-ui-34207,mui/material-ui,q256_d256,11,256,256,12,11,1,10,0.08333333333333333,1.0,1.0,0.0,1.0,0.25,1.0,1.0,0.18181818181818182,1.0,0.3333333333333333,0.8,0.8,0.2727272727272727,1.0,0.5833333333333334,0.7,0.7,0.5454545454545454,1.0,1.0
feature,mui__material-ui-34207,mui/material-ui,q256_d2048,11,256,2048,12,11,1,10,0.08333333333333333,1.0,1.0,0.09090909090909091,0.0,0.25,1.0,1.0,0.2727272727272727,0.0,0.3333333333333333,0.8,0.8,0.36363636363636365,0.0,0.5833333333333334,0.7,0.7,0.6363636363636364,0.0,1.0
feature,mui__material-ui-34207,mui/material-ui,q2048_d256,11,2048,256,12,11,1,10,0.08333333333333333,1.0,1.0,0.0,1.0,0.25,1.0,1.0,0.18181818181818182,1.0,0.3333333333333333,0.8,0.8,0.2727272727272727,1.0,0.5833333333333334,0.7,0.7,0.5454545454545454,1.0,1.0
feature,mui__material-ui-34207,mui/material-ui,q2048_d2048,11,2048,2048,12,11,1,10,0.08333333333333333,1.0,1.0,0.09090909090909091,0.0,0.25,1.0,1.0,0.2727272727272727,0.0,0.3333333333333333,0.8,0.8,0.36363636363636365,0.0,0.5833333333333334,0.7,0.7,0.6363636363636364,0.0,1.0
feature,mui__material-ui-37908,mui/material-ui,q256_d256,11,256,256,5,4,1,10,0.0,0.0,0.0,0.0,0.0,0.0,0.0,0.0,0.0,0.0,0.0,0.0,0.0,0.0,0.0,0.0,0.0,0.0,0.0,0.0,0.0
feature,mui__material-ui-37908,mui/material-ui,q256_d2048,11,256,2048,5,4,1,10,0.0,0.0,0.0,0.0,0.0,0.0,0.0,0.0,0.0,0.0,0.0,0.0,0.0,0.0,0.0,0.0,0.0,0.0,0.0,0.0,0.0
feature,mui__material-ui-37908,mui/material-ui,q2048_d256,11,2048,256,5,4,1,10,0.0,0.0,0.0,0.0,0.0,0.0,0.0,0.0,0.0,0.0,0.0,0.0,0.0,0.0,0.0,0.0,0.0,0.0,0.0,0.0,0.0
feature,mui__material-ui-37908,mui/material-ui,q2048_d2048,11,2048,2048,5,4,1,10,0.0,0.0,0.0,0.0,0.0,0.0,0.0,0.0,0.0,0.0,0.0,0.0,0.0,0.0,0.0,0.0,0.0,0.0,0.0,0.0,0.0
feature,mui__material-ui-38167,mui/material-ui,q256_d256,11,256,256,21,19,2,10,0.0,0.0,0.0,0.0,0.0,0.0,0.0,0.0,0.0,0.0,0.047619047619047616,0.2,0.2,0.05263157894736842,0.0,0.09523809523809523,0.2,0.2,0.10526315789473684,0.0,0.2
feature,mui__material-ui-38167,mui/material-ui,q256_d2048,11,256,2048,21,19,2,10,0.0,0.0,0.0,0.0,0.0,0.0,0.0,0.0,0.0,0.0,0.0,0.0,0.0,0.0,0.0,0.0,0.0,0.0,0.0,0.0,0.0
feature,mui__material-ui-38167,mui/material-ui,q2048_d256,11,2048,256,21,19,2,10,0.0,0.0,0.0,0.0,0.0,0.0,0.0,0.0,0.0,0.0,0.047619047619047616,0.2,0.2,0.05263157894736842,0.0,0.09523809523809523,0.2,0.2,0.10526315789473684,0.0,0.2
feature,mui__material-ui-38167,mui/material-ui,q2048_d2048,11,2048,2048,21,19,2,10,0.0,0.0,0.0,0.0,0.0,0.0,0.0,0.0,0.0,0.0,0.0,0.0,0.0,0.0,0.0,0.0,0.0,0.0,0.0,0.0,0.0
feature,tailwindlabs__tailwindcss-88,tailwindlabs/tailwindcss,q256_d256,11,256,256,3,2,1,10,0.0,0.0,0.0,0.0,0.0,0.0,0.0,0.0,0.0,0.0,0.0,0.0,0.0,0.0,0.0,0.0,0.0,0.0,0.0,0.0,0.0
feature,tailwindlabs__tailwindcss-88,tailwindlabs/tailwindcss,q256_d2048,11,256,2048,3,2,1,10,0.0,0.0,0.0,0.0,0.0,0.0,0.0,0.0,0.0,0.0,0.0,0.0,0.0,0.0,0.0,0.0,0.0,0.0,0.0,0.0,0.0
feature,tailwindlabs__tailwindcss-88,tailwindlabs/tailwindcss,q2048_d256,11,2048,256,3,2,1,10,0.0,0.0,0.0,0.0,0.0,0.0,0.0,0.0,0.0,0.0,0.0,0.0,0.0,0.0,0.0,0.3333333333333333,0.1,0.1,0.0,1.0,0.14285714285714285
feature,tailwindlabs__tailwindcss-88,tailwindlabs/tailwindcss,q2048_d2048,11,2048,2048,3,2,1,10,0.0,0.0,0.0,0.0,0.0,0.0,0.0,0.0,0.0,0.0,0.0,0.0,0.0,0.0,0.0,0.0,0.0,0.0,0.0,0.0,0.0
feature,tailwindlabs__tailwindcss-165,tailwindlabs/tailwindcss,q256_d256,11,256,256,2,1,1,10,0.0,0.0,0.0,0.0,0.0,0.0,0.0,0.0,0.0,0.0,0.0,0.0,0.0,0.0,0.0,1.0,0.2,0.2,1.0,1.0,0.125
feature,tailwindlabs__tailwindcss-165,tailwindlabs/tailwindcss,q256_d2048,11,256,2048,2,1,1,10,0.0,0.0,0.0,0.0,0.0,0.0,0.0,0.0,0.0,0.0,0.0,0.0,0.0,0.0,0.0,0.5,0.1,0.1,1.0,0.0,0.125
feature,tailwindlabs__tailwindcss-165,tailwindlabs/tailwindcss,q2048_d256,11,2048,256,2,1,1,10,0.0,0.0,0.0,0.0,0.0,0.0,0.0,0.0,0.0,0.0,0.0,0.0,0.0,0.0,0.0,1.0,0.2,0.2,1.0,1.0,0.125
feature,tailwindlabs__tailwindcss-165,tailwindlabs/tailwindcss,q2048_d2048,11,2048,2048,2,1,1,10,0.0,0.0,0.0,0.0,0.0,0.0,0.0,0.0,0.0,0.0,0.0,0.0,0.0,0.0,0.0,0.5,0.1,0.1,1.0,0.0,0.125
feature,tailwindlabs__tailwindcss-236,tailwindlabs/tailwindcss,q256_d256,11,256,256,2,1,1,10,0.5,1.0,1.0,0.0,1.0,0.5,0.3333333333333333,0.3333333333333333,0.0,1.0,0.5,0.2,0.2,0.0,1.0,0.5,0.1,0.1,0.0,1.0,1.0
feature,tailwindlabs__tailwindcss-236,tailwindlabs/tailwindcss,q256_d2048,11,256,2048,2,1,1,10,0.0,0.0,0.0,0.0,0.0,0.0,0.0,0.0,0.0,0.0,0.0,0.0,0.0,0.0,0.0,0.0,0.0,0.0,0.0,0.0,0.0
feature,tailwindlabs__tailwindcss-236,tailwindlabs/tailwindcss,q2048_d256,11,2048,256,2,1,1,10,0.5,1.0,1.0,0.0,1.0,0.5,0.3333333333333333,0.3333333333333333,0.0,1.0,0.5,0.2,0.2,0.0,1.0,0.5,0.1,0.1,0.0,1.0,1.0
feature,tailwindlabs__tailwindcss-236,tailwindlabs/tailwindcss,q2048_d2048,11,2048,2048,2,1,1,10,0.0,0.0,0.0,0.0,0.0,0.0,0.0,0.0,0.0,0.0,0.0,0.0,0.0,0.0,0.0,0.0,0.0,0.0,0.0,0.0,0.0
feature,tailwindlabs__tailwindcss-417,tailwindlabs/tailwindcss,q256_d256,11,256,256,2,1,1,10,0.0,0.0,0.0,0.0,0.0,0.5,0.3333333333333333,0.3333333333333333,1.0,0.0,1.0,0.4,0.4,1.0,1.0,1.0,0.2,0.2,1.0,1.0,0.5
feature,tailwindlabs__tailwindcss-417,tailwindlabs/tailwindcss,q256_d2048,11,256,2048,2,1,1,10,0.5,1.0,1.0,1.0,0.0,1.0,0.6666666666666666,0.6666666666666666,1.0,1.0,1.0,0.4,0.4,1.0,1.0,1.0,0.2,0.2,1.0,1.0,1.0
feature,tailwindlabs__tailwindcss-417,tailwindlabs/tailwindcss,q2048_d256,11,2048,256,2,1,1,10,0.0,0.0,0.0,0.0,0.0,0.5,0.3333333333333333,0.3333333333333333,1.0,0.0,1.0,0.4,0.4,1.0,1.0,1.0,0.2,0.2,1.0,1.0,0.5
feature,tailwindlabs__tailwindcss-417,tailwindlabs/tailwindcss,q2048_d2048,11,2048,2048,2,1,1,10,0.5,1.0,1.0,1.0,0.0,1.0,0.6666666666666666,0.6666666666666666,1.0,1.0,1.0,0.4,0.4,1.0,1.0,1.0,0.2,0.2,1.0,1.0,1.0
feature,tailwindlabs__tailwindcss-445,tailwindlabs/tailwindcss,q256_d256,11,256,256,2,1,1,10,0.5,1.0,1.0,1.0,0.0,0.5,0.3333333333333333,0.3333333333333333,1.0,0.0,0.5,0.2,0.2,1.0,0.0,0.5,0.1,0.1,1.0,0.0,1.0
feature,tailwindlabs__tailwindcss-445,tailwindlabs/tailwindcss,q256_d2048,11,256,2048,2,1,1,10,0.5,1.0,1.0,1.0,0.0,0.5,0.3333333333333333,0.3333333333333333,1.0,0.0,0.5,0.2,0.2,1.0,0.0,0.5,0.1,0.1,1.0,0.0,1.0
feature,tailwindlabs__tailwindcss-445,tailwindlabs/tailwindcss,q2048_d256,11,2048,256,2,1,1,10,0.5,1.0,1.0,1.0,0.0,0.5,0.3333333333333333,0.3333333333333333,1.0,0.0,0.5,0.2,0.2,1.0,0.0,0.5,0.1,0.1,1.0,0.0,1.0
feature,tailwindlabs__tailwindcss-445,tailwindlabs/tailwindcss,q2048_d2048,11,2048,2048,2,1,1,10,0.5,1.0,1.0,1.0,0.0,0.5,0.3333333333333333,0.3333333333333333,1.0,0.0,0.5,0.2,0.2,1.0,0.0,0.5,0.1,0.1,1.0,0.0,1.0
feature,tailwindlabs__tailwindcss-463,tailwindlabs/tailwindcss,q256_d256,11,256,256,3,2,1,10,0.0,0.0,0.0,0.0,0.0,0.3333333333333333,0.3333333333333333,0.3333333333333333,0.0,1.0,0.6666666666666666,0.4,0.4,0.5,1.0,0.6666666666666666,0.2,0.2,0.5,1.0,0.5
feature,tailwindlabs__tailwindcss-463,tailwindlabs/tailwindcss,q256_d2048,11,256,2048,3,2,1,10,0.0,0.0,0.0,0.0,0.0,0.3333333333333333,0.3333333333333333,0.3333333333333333,0.5,0.0,0.3333333333333333,0.2,0.2,0.5,0.0,0.3333333333333333,0.1,0.1,0.5,0.0,0.3333333333333333
feature,tailwindlabs__tailwindcss-463,tailwindlabs/tailwindcss,q2048_d256,11,2048,256,3,2,1,10,0.0,0.0,0.0,0.0,0.0,0.3333333333333333,0.3333333333333333,0.3333333333333333,0.0,1.0,0.6666666666666666,0.4,0.4,0.5,1.0,0.6666666666666666,0.2,0.2,0.5,1.0,0.5
feature,tailwindlabs__tailwindcss-463,tailwindlabs/tailwindcss,q2048_d2048,11,2048,2048,3,2,1,10,0.0,0.0,0.0,0.0,0.0,0.3333333333333333,0.3333333333333333,0.3333333333333333,0.5,0.0,0.3333333333333333,0.2,0.2,0.5,0.0,0.3333333333333333,0.1,0.1,0.5,0.0,0.3333333333333333
feature,tailwindlabs__tailwindcss-553,tailwindlabs/tailwindcss,q256_d256,11,256,256,2,1,1,10,0.5,1.0,1.0,0.0,1.0,1.0,0.6666666666666666,0.6666666666666666,1.0,1.0,1.0,0.4,0.4,1.0,1.0,1.0,0.2,0.2,1.0,1.0,1.0
feature,tailwindlabs__tailwindcss-553,tailwindlabs/tailwindcss,q256_d2048,11,256,2048,2,1,1,10,0.5,1.0,1.0,1.0,0.0,1.0,0.6666666666666666,0.6666666666666666,1.0,1.0,1.0,0.4,0.4,1.0,1.0,1.0,0.2,0.2,1.0,1.0,1.0
feature,tailwindlabs__tailwindcss-553,tailwindlabs/tailwindcss,q2048_d256,11,2048,256,2,1,1,10,0.5,1.0,1.0,0.0,1.0,1.0,0.6666666666666666,0.6666666666666666,1.0,1.0,1.0,0.4,0.4,1.0,1.0,1.0,0.2,0.2,1.0,1.0,1.0
feature,tailwindlabs__tailwindcss-553,tailwindlabs/tailwindcss,q2048_d2048,11,2048,2048,2,1,1,10,0.5,1.0,1.0,1.0,0.0,1.0,0.6666666666666666,0.6666666666666666,1.0,1.0,1.0,0.4,0.4,1.0,1.0,1.0,0.2,0.2,1.0,1.0,1.0
feature,tailwindlabs__tailwindcss-849,tailwindlabs/tailwindcss,q256_d256,11,256,256,2,1,1,10,0.0,0.0,0.0,0.0,0.0,1.0,0.6666666666666666,0.6666666666666666,1.0,1.0,1.0,0.4,0.4,1.0,1.0,1.0,0.2,0.2,1.0,1.0,0.5
feature,tailwindlabs__tailwindcss-849,tailwindlabs/tailwindcss,q256_d2048,11,256,2048,2,1,1,10,0.5,1.0,1.0,0.0,1.0,1.0,0.6666666666666666,0.6666666666666666,1.0,1.0,1.0,0.4,0.4,1.0,1.0,1.0,0.2,0.2,1.0,1.0,1.0
feature,tailwindlabs__tailwindcss-849,tailwindlabs/tailwindcss,q2048_d256,11,2048,256,2,1,1,10,0.0,0.0,0.0,0.0,0.0,1.0,0.6666666666666666,0.6666666666666666,1.0,1.0,1.0,0.4,0.4,1.0,1.0,1.0,0.2,0.2,1.0,1.0,0.5
feature,tailwindlabs__tailwindcss-849,tailwindlabs/tailwindcss,q2048_d2048,11,2048,2048,2,1,1,10,0.5,1.0,1.0,0.0,1.0,1.0,0.6666666666666666,0.6666666666666666,1.0,1.0,1.0,0.4,0.4,1.0,1.0,1.0,0.2,0.2,1.0,1.0,1.0
feature,coder__code-server-4597,coder/code-server,q256_d256,11,256,256,8,7,1,10,0.0,0.0,0.0,0.0,0.0,0.0,0.0,0.0,0.0,0.0,0.0,0.0,0.0,0.0,0.0,0.0,0.0,0.0,0.0,0.0,0.0
feature,coder__code-server-4597,coder/code-server,q256_d2048,11,256,2048,8,7,1,10,0.0,0.0,0.0,0.0,0.0,0.0,0.0,0.0,0.0,0.0,0.0,0.0,0.0,0.0,0.0,0.0,0.0,0.0,0.0,0.0,0.0
feature,coder__code-server-4597,coder/code-server,q2048_d256,11,2048,256,8,7,1,10,0.0,0.0,0.0,0.0,0.0,0.0,0.0,0.0,0.0,0.0,0.0,0.0,0.0,0.0,0.0,0.0,0.0,0.0,0.0,0.0,0.0
feature,coder__code-server-4597,coder/code-server,q2048_d2048,11,2048,2048,8,7,1,10,0.0,0.0,0.0,0.0,0.0,0.0,0.0,0.0,0.0,0.0,0.0,0.0,0.0,0.0,0.0,0.0,0.0,0.0,0.0,0.0,0.0
feature,coder__code-server-4678,coder/code-server,q256_d256,11,256,256,16,12,4,10,0.0,0.0,0.0,0.0,0.0,0.0,0.0,0.0,0.0,0.0,0.0,0.0,0.0,0.0,0.0,0.0625,0.1,0.1,0.08333333333333333,0.0,0.125
feature,coder__code-server-4678,coder/code-server,q256_d2048,11,256,2048,16,12,4,10,0.0,0.0,0.0,0.0,0.0,0.0,0.0,0.0,0.0,0.0,0.0,0.0,0.0,0.0,0.0,0.0625,0.1,0.1,0.08333333333333333,0.0,0.125
feature,coder__code-server-4678,coder/code-server,q2048_d256,11,2048,256,16,12,4,10,0.0,0.0,0.0,0.0,0.0,0.0,0.0,0.0,0.0,0.0,0.0,0.0,0.0,0.0,0.0,0.0625,0.1,0.1,0.08333333333333333,0.0,0.125
feature,coder__code-server-4678,coder/code-server,q2048_d2048,11,2048,2048,16,12,4,10,0.0,0.0,0.0,0.0,0.0,0.0,0.0,0.0,0.0,0.0,0.0,0.0,0.0,0.0,0.0,0.0625,0.1,0.1,0.08333333333333333,0.0,0.125
feature,coder__code-server-4923,coder/code-server,q256_d256,11,256,256,4,2,2,10,0.0,0.0,0.0,0.0,0.0,0.0,0.0,0.0,0.0,0.0,0.25,0.2,0.2,0.5,0.0,0.25,0.1,0.1,0.5,0.0,0.2
feature,coder__code-server-4923,coder/code-server,q256_d2048,11,256,2048,4,2,2,10,0.0,0.0,0.0,0.0,0.0,0.0,0.0,0.0,0.0,0.0,0.0,0.0,0.0,0.0,0.0,0.0,0.0,0.0,0.0,0.0,0.0
feature,coder__code-server-4923,coder/code-server,q2048_d256,11,2048,256,4,2,2,10,0.0,0.0,0.0,0.0,0.0,0.0,0.0,0.0,0.0,0.0,0.25,0.2,0.2,0.5,0.0,0.25,0.1,0.1,0.5,0.0,0.2
feature,coder__code-server-4923,coder/code-server,q2048_d2048,11,2048,2048,4,2,2,10,0.0,0.0,0.0,0.0,0.0,0.0,0.0,0.0,0.0,0.0,0.0,0.0,0.0,0.0,0.0,0.0,0.0,0.0,0.0,0.0,0.0
feature,coder__code-server-5633,coder/code-server,q256_d256,11,256,256,5,3,2,10,0.0,0.0,0.0,0.0,0.0,0.2,0.3333333333333333,0.3333333333333333,0.3333333333333333,0.0,0.2,0.2,0.2,0.3333333333333333,0.0,0.4,0.2,0.2,0.6666666666666666,0.0,0.5
feature,coder__code-server-5633,coder/code-server,q256_d2048,11,256,2048,5,3,2,10,0.2,1.0,1.0,0.3333333333333333,0.0,0.2,0.3333333333333333,0.3333333333333333,0.3333333333333333,0.0,0.2,0.2,0.2,0.3333333333333333,0.0,0.6,0.3,0.3,0.6666666666666666,0.5,1.0
feature,coder__code-server-5633,coder/code-server,q2048_d256,11,2048,256,5,3,2,10,0.0,0.0,0.0,0.0,0.0,0.2,0.3333333333333333,0.3333333333333333,0.3333333333333333,0.0,0.2,0.2,0.2,0.3333333333333333,0.0,0.4,0.2,0.2,0.6666666666666666,0.0,0.5
feature,coder__code-server-5633,coder/code-server,q2048_d2048,11,2048,2048,5,3,2,10,0.2,1.0,1.0,0.3333333333333333,0.0,0.2,0.3333333333333333,0.3333333333333333,0.3333333333333333,0.0,0.2,0.2,0.2,0.3333333333333333,0.0,0.6,0.3,0.3,0.6666666666666666,0.5,1.0
feature,coder__code-server-6115,coder/code-server,q256_d256,11,256,256,2,1,1,10,0.0,0.0,0.0,0.0,0.0,0.0,0.0,0.0,0.0,0.0,0.0,0.0,0.0,0.0,0.0,0.0,0.0,0.0,0.0,0.0,0.0
feature,coder__code-server-6115,coder/code-server,q256_d2048,11,256,2048,2,1,1,10,0.0,0.0,0.0,0.0,0.0,0.0,0.0,0.0,0.0,0.0,0.0,0.0,0.0,0.0,0.0,0.0,0.0,0.0,0.0,0.0,0.0
feature,coder__code-server-6115,coder/code-server,q2048_d256,11,2048,256,2,1,1,10,0.0,0.0,0.0,0.0,0.0,0.0,0.0,0.0,0.0,0.0,0.0,0.0,0.0,0.0,0.0,0.0,0.0,0.0,0.0,0.0,0.0
feature,coder__code-server-6115,coder/code-server,q2048_d2048,11,2048,2048,2,1,1,10,0.0,0.0,0.0,0.0,0.0,0.0,0.0,0.0,0.0,0.0,0.0,0.0,0.0,0.0,0.0,0.0,0.0,0.0,0.0,0.0,0.0
feature,coder__code-server-6225,coder/code-server,q256_d256,11,256,256,6,5,1,10,0.16666666666666666,1.0,1.0,0.2,0.0,0.3333333333333333,0.6666666666666666,0.6666666666666666,0.4,0.0,0.3333333333333333,0.4,0.4,0.4,0.0,0.3333333333333333,0.2,0.2,0.4,0.0,1.0
feature,coder__code-server-6225,coder/code-server,q256_d2048,11,256,2048,6,5,1,10,0.16666666666666666,1.0,1.0,0.2,0.0,0.16666666666666666,0.3333333333333333,0.3333333333333333,0.2,0.0,0.16666666666666666,0.2,0.2,0.2,0.0,0.16666666666666666,0.1,0.1,0.2,0.0,1.0
feature,coder__code-server-6225,coder/code-server,q2048_d256,11,2048,256,6,5,1,10,0.16666666666666666,1.0,1.0,0.2,0.0,0.3333333333333333,0.6666666666666666,0.6666666666666666,0.4,0.0,0.3333333333333333,0.4,0.4,0.4,0.0,0.3333333333333333,0.2,0.2,0.4,0.0,1.0
feature,coder__code-server-6225,coder/code-server,q2048_d2048,11,2048,2048,6,5,1,10,0.16666666666666666,1.0,1.0,0.2,0.0,0.16666666666666666,0.3333333333333333,0.3333333333333333,0.2,0.0,0.16666666666666666,0.2,0.2,0.2,0.0,0.16666666666666666,0.1,0.1,0.2,0.0,1.0
feature,coder__code-server-6423,coder/code-server,q256_d256,11,256,256,2,1,1,10,0.0,0.0,0.0,0.0,0.0,0.0,0.0,0.0,0.0,0.0,0.0,0.0,0.0,0.0,0.0,0.0,0.0,0.0,0.0,0.0,0.0
feature,coder__code-server-6423,coder/code-server,q256_d2048,11,256,2048,2,1,1,10,0.0,0.0,0.0,0.0,0.0,0.0,0.0,0.0,0.0,0.0,0.0,0.0,0.0,0.0,0.0,0.0,0.0,0.0,0.0,0.0,0.0
feature,coder__code-server-6423,coder/code-server,q2048_d256,11,2048,256,2,1,1,10,0.0,0.0,0.0,0.0,0.0,0.0,0.0,0.0,0.0,0.0,0.0,0.0,0.0,0.0,0.0,0.0,0.0,0.0,0.0,0.0,0.0
feature,coder__code-server-6423,coder/code-server,q2048_d2048,11,2048,2048,2,1,1,10,0.0,0.0,0.0,0.0,0.0,0.0,0.0,0.0,0.0,0.0,0.0,0.0,0.0,0.0,0.0,0.0,0.0,0.0,0.0,0.0,0.0
feature,huggingface__transformers-6744,huggingface/transformers,q256_d256,11,256,256,4,3,1,10,0.0,0.0,0.0,0.0,0.0,0.25,0.3333333333333333,0.3333333333333333,0.3333333333333333,0.0,0.25,0.2,0.2,0.3333333333333333,0.0,0.25,0.1,0.1,0.3333333333333333,0.0,0.5
feature,huggingface__transformers-6744,huggingface/transformers,q256_d2048,11,256,2048,4,3,1,10,0.0,0.0,0.0,0.0,0.0,0.0,0.0,0.0,0.0,0.0,0.0,0.0,0.0,0.0,0.0,0.0,0.0,0.0,0.0,0.0,0.0
feature,huggingface__transformers-6744,huggingface/transformers,q2048_d256,11,2048,256,4,3,1,10,0.0,0.0,0.0,0.0,0.0,0.25,0.3333333333333333,0.3333333333333333,0.3333333333333333,0.0,0.25,0.2,0.2,0.3333333333333333,0.0,0.25,0.1,0.1,0.3333333333333333,0.0,0.5
feature,huggingface__transformers-6744,huggingface/transformers,q2048_d2048,11,2048,2048,4,3,1,10,0.0,0.0,0.0,0.0,0.0,0.0,0.0,0.0,0.0,0.0,0.0,0.0,0.0,0.0,0.0,0.0,0.0,0.0,0.0,0.0,0.0
feature,huggingface__transformers-7562,huggingface/transformers,q256_d256,11,256,256,7,3,4,10,0.0,0.0,0.0,0.0,0.0,0.0,0.0,0.0,0.0,0.0,0.14285714285714285,0.2,0.2,0.3333333333333333,0.0,0.14285714285714285,0.1,0.1,0.3333333333333333,0.0,0.2
feature,huggingface__transformers-7562,huggingface/transformers,q256_d2048,11,256,2048,7,3,4,10,0.0,0.0,0.0,0.0,0.0,0.0,0.0,0.0,0.0,0.0,0.0,0.0,0.0,0.0,0.0,0.0,0.0,0.0,0.0,0.0,0.0
feature,huggingface__transformers-7562,huggingface/transformers,q2048_d256,11,2048,256,7,3,4,10,0.0,0.0,0.0,0.0,0.0,0.0,0.0,0.0,0.0,0.0,0.14285714285714285,0.2,0.2,0.3333333333333333,0.0,0.5714285714285714,0.4,0.4,1.0,0.25,0.2
feature,huggingface__transformers-7562,huggingface/transformers,q2048_d2048,11,2048,2048,7,3,4,10,0.0,0.0,0.0,0.0,0.0,0.0,0.0,0.0,0.0,0.0,0.0,0.0,0.0,0.0,0.0,0.14285714285714285,0.1,0.1,0.3333333333333333,0.0,0.16666666666666666
feature,huggingface__transformers-13573,huggingface/transformers,q256_d256,11,256,256,4,3,1,10,0.25,1.0,1.0,0.3333333333333333,0.0,0.5,0.6666666666666666,0.6666666666666666,0.6666666666666666,0.0,0.5,0.4,0.4,0.6666666666666666,0.0,1.0,0.4,0.4,1.0,1.0,1.0
feature,huggingface__transformers-13573,huggingface/transformers,q256_d2048,11,256,2048,4,3,1,10,0.0,0.0,0.0,0.0,0.0,0.25,0.3333333333333333,0.3333333333333333,0.3333333333333333,0.0,0.25,0.2,0.2,0.3333333333333333,0.0,0.5,0.2,0.2,0.3333333333333333,1.0,0.3333333333333333
feature,huggingface__transformers-13573,huggingface/transformers,q2048_d256,11,2048,256,4,3,1,10,0.25,1.0,1.0,0.3333333333333333,0.0,0.5,0.6666666666666666,0.6666666666666666,0.6666666666666666,0.0,0.5,0.4,0.4,0.6666666666666666,0.0,1.0,0.4,0.4,1.0,1.0,1.0
feature,huggingface__transformers-13573,huggingface/transformers,q2048_d2048,11,2048,2048,4,3,1,10,0.0,0.0,0.0,0.0,0.0,0.25,0.3333333333333333,0.3333333333333333,0.3333333333333333,0.0,0.25,0.2,0.2,0.3333333333333333,0.0,0.5,0.2,0.2,0.3333333333333333,1.0,0.3333333333333333
feature,huggingface__transformers-13989,huggingface/transformers,q256_d256,11,256,256,8,4,4,10,0.0,0.0,0.0,0.0,0.0,0.0,0.0,0.0,0.0,0.0,0.0,0.0,0.0,0.0,0.0,0.0,0.0,0.0,0.0,0.0,0.0
feature,huggingface__transformers-13989,huggingface/transformers,q256_d2048,11,256,2048,8,4,4,10,0.0,0.0,0.0,0.0,0.0,0.0,0.0,0.0,0.0,0.0,0.0,0.0,0.0,0.0,0.0,0.0,0.0,0.0,0.0,0.0,0.0
feature,huggingface__transformers-13989,huggingface/transformers,q2048_d256,11,2048,256,8,4,4,10,0.0,0.0,0.0,0.0,0.0,0.0,0.0,0.0,0.0,0.0,0.0,0.0,0.0,0.0,0.0,0.125,0.1,0.1,0.25,0.0,0.1111111111111111
feature,huggingface__transformers-13989,huggingface/transformers,q2048_d2048,11,2048,2048,8,4,4,10,0.0,0.0,0.0,0.0,0.0,0.0,0.0,0.0,0.0,0.0,0.0,0.0,0.0,0.0,0.0,0.0,0.0,0.0,0.0,0.0,0.0
feature,huggingface__transformers-15473,huggingface/transformers,q256_d256,11,256,256,4,3,1,10,0.0,0.0,0.0,0.0,0.0,0.0,0.0,0.0,0.0,0.0,0.0,0.0,0.0,0.0,0.0,0.0,0.0,0.0,0.0,0.0,0.0
feature,huggingface__transformers-15473,huggingface/transformers,q256_d2048,11,256,2048,4,3,1,10,0.0,0.0,0.0,0.0,0.0,0.0,0.0,0.0,0.0,0.0,0.0,0.0,0.0,0.0,0.0,0.0,0.0,0.0,0.0,0.0,0.0
feature,huggingface__transformers-15473,huggingface/transformers,q2048_d256,11,2048,256,4,3,1,10,0.0,0.0,0.0,0.0,0.0,0.0,0.0,0.0,0.0,0.0,0.0,0.0,0.0,0.0,0.0,0.0,0.0,0.0,0.0,0.0,0.0
feature,huggingface__transformers-15473,huggingface/transformers,q2048_d2048,11,2048,2048,4,3,1,10,0.0,0.0,0.0,0.0,0.0,0.0,0.0,0.0,0.0,0.0,0.0,0.0,0.0,0.0,0.0,0.0,0.0,0.0,0.0,0.0,0.0
feature,huggingface__transformers-15795,huggingface/transformers,q256_d256,11,256,256,2,1,1,10,0.5,1.0,1.0,1.0,0.0,0.5,0.3333333333333333,0.3333333333333333,1.0,0.0,0.5,0.2,0.2,1.0,0.0,0.5,0.1,0.1,1.0,0.0,1.0
feature,huggingface__transformers-15795,huggingface/transformers,q256_d2048,11,256,2048,2,1,1,10,0.0,0.0,0.0,0.0,0.0,0.0,0.0,0.0,0.0,0.0,0.5,0.2,0.2,1.0,0.0,0.5,0.1,0.1,1.0,0.0,0.2
feature,huggingface__transformers-15795,huggingface/transformers,q2048_d256,11,2048,256,2,1,1,10,0.5,1.0,1.0,1.0,0.0,0.5,0.3333333333333333,0.3333333333333333,1.0,0.0,0.5,0.2,0.2,1.0,0.0,0.5,0.1,0.1,1.0,0.0,1.0
feature,huggingface__transformers-15795,huggingface/transformers,q2048_d2048,11,2048,2048,2,1,1,10,0.0,0.0,0.0,0.0,0.0,0.0,0.0,0.0,0.0,0.0,0.5,0.2,0.2,1.0,0.0,0.5,0.1,0.1,1.0,0.0,0.2
feature,huggingface__transformers-15831,huggingface/transformers,q256_d256,11,256,256,6,4,2,10,0.0,0.0,0.0,0.0,0.0,0.3333333333333333,0.6666666666666666,0.6666666666666666,0.5,0.0,0.6666666666666666,0.8,0.8,0.75,0.5,0.6666666666666666,0.4,0.4,0.75,0.5,0.5
feature,huggingface__transformers-15831,huggingface/transformers,q256_d2048,11,256,2048,6,4,2,10,0.0,0.0,0.0,0.0,0.0,0.0,0.0,0.0,0.0,0.0,0.0,0.0,0.0,0.0,0.0,0.0,0.0,0.0,0.0,0.0,0.0
feature,huggingface__transformers-15831,huggingface/transformers,q2048_d256,11,2048,256,6,4,2,10,0.0,0.0,0.0,0.0,0.0,0.3333333333333333,0.6666666666666666,0.6666666666666666,0.5,0.0,0.5,0.6,0.6,0.5,0.5,0.6666666666666666,0.4,0.4,0.75,0.5,0.5
feature,huggingface__transformers-15831,huggingface/transformers,q2048_d2048,11,2048,2048,6,4,2,10,0.0,0.0,0.0,0.0,0.0,0.0,0.0,0.0,0.0,0.0,0.0,0.0,0.0,0.0,0.0,0.0,0.0,0.0,0.0,0.0,0.0
feature,huggingface__transformers-15913,huggingface/transformers,q256_d256,11,256,256,2,1,1,10,0.5,1.0,1.0,1.0,0.0,1.0,0.6666666666666666,0.6666666666666666,1.0,1.0,1.0,0.4,0.4,1.0,1.0,1.0,0.2,0.2,1.0,1.0,1.0
feature,huggingface__transformers-15913,huggingface/transformers,q256_d2048,11,256,2048,2,1,1,10,0.5,1.0,1.0,1.0,0.0,0.5,0.3333333333333333,0.3333333333333333,1.0,0.0,1.0,0.4,0.4,1.0,1.0,1.0,0.2,0.2,1.0,1.0,1.0
feature,huggingface__transformers-15913,huggingface/transformers,q2048_d256,11,2048,256,2,1,1,10,0.5,1.0,1.0,1.0,0.0,1.0,0.6666666666666666,0.6666666666666666,1.0,1.0,1.0,0.4,0.4,1.0,1.0,1.0,0.2,0.2,1.0,1.0,1.0
feature,huggingface__transformers-15913,huggingface/transformers,q2048_d2048,11,2048,2048,2,1,1,10,0.5,1.0,1.0,1.0,0.0,0.5,0.3333333333333333,0.3333333333333333,1.0,0.0,1.0,0.4,0.4,1.0,1.0,1.0,0.2,0.2,1.0,1.0,1.0
feature,huggingface__transformers-19219,huggingface/transformers,q256_d256,11,256,256,2,1,1,10,0.5,1.0,1.0,1.0,0.0,1.0,0.6666666666666666,0.6666666666666666,1.0,1.0,1.0,0.4,0.4,1.0,1.0,1.0,0.2,0.2,1.0,1.0,1.0
feature,huggingface__transformers-19219,huggingface/transformers,q256_d2048,11,256,2048,2,1,1,10,0.5,1.0,1.0,1.0,0.0,1.0,0.6666666666666666,0.6666666666666666,1.0,1.0,1.0,0.4,0.4,1.0,1.0,1.0,0.2,0.2,1.0,1.0,1.0
feature,huggingface__transformers-19219,huggingface/transformers,q2048_d256,11,2048,256,2,1,1,10,0.5,1.0,1.0,1.0,0.0,1.0,0.6666666666666666,0.6666666666666666,1.0,1.0,1.0,0.4,0.4,1.0,1.0,1.0,0.2,0.2,1.0,1.0,1.0
feature,huggingface__transformers-19219,huggingface/transformers,q2048_d2048,11,2048,2048,2,1,1,10,0.5,1.0,1.0,1.0,0.0,1.0,0.6666666666666666,0.6666666666666666,1.0,1.0,1.0,0.4,0.4,1.0,1.0,1.0,0.2,0.2,1.0,1.0,1.0
feature,huggingface__transformers-19590,huggingface/transformers,q256_d256,11,256,256,2,1,1,10,0.5,1.0,1.0,1.0,0.0,1.0,0.6666666666666666,0.6666666666666666,1.0,1.0,1.0,0.4,0.4,1.0,1.0,1.0,0.2,0.2,1.0,1.0,1.0
feature,huggingface__transformers-19590,huggingface/transformers,q256_d2048,11,256,2048,2,1,1,10,0.0,0.0,0.0,0.0,0.0,0.5,0.3333333333333333,0.3333333333333333,0.0,1.0,0.5,0.2,0.2,0.0,1.0,0.5,0.1,0.1,0.0,1.0,0.3333333333333333
feature,huggingface__transformers-19590,huggingface/transformers,q2048_d256,11,2048,256,2,1,1,10,0.5,1.0,1.0,1.0,0.0,1.0,0.6666666666666666,0.6666666666666666,1.0,1.0,1.0,0.4,0.4,1.0,1.0,1.0,0.2,0.2,1.0,1.0,1.0
feature,huggingface__transformers-19590,huggingface/transformers,q2048_d2048,11,2048,2048,2,1,1,10,0.5,1.0,1.0,0.0,1.0,0.5,0.3333333333333333,0.3333333333333333,0.0,1.0,0.5,0.2,0.2,0.0,1.0,1.0,0.2,0.2,1.0,1.0,1.0
feature,huggingface__transformers-20136,huggingface/transformers,q256_d256,11,256,256,7,5,2,10,0.14285714285714285,1.0,1.0,0.2,0.0,0.42857142857142855,1.0,1.0,0.4,0.5,0.5714285714285714,0.8,0.8,0.6,0.5,0.7142857142857143,0.5,0.5,0.6,1.0,1.0
feature,huggingface__transformers-20136,huggingface/transformers,q256_d2048,11,256,2048,7,5,2,10,0.14285714285714285,1.0,1.0,0.2,0.0,0.14285714285714285,0.3333333333333333,0.3333333333333333,0.2,0.0,0.14285714285714285,0.2,0.2,0.2,0.0,0.14285714285714285,0.1,0.1,0.2,0.0,1.0
feature,huggingface__transformers-20136,huggingface/transformers,q2048_d256,11,2048,256,7,5,2,10,0.14285714285714285,1.0,1.0,0.0,0.5,0.42857142857142855,1.0,1.0,0.4,0.5,0.7142857142857143,1.0,1.0,0.6,1.0,0.8571428571428571,0.6,0.6,0.8,1.0,1.0
feature,huggingface__transformers-20136,huggingface/transformers,q2048_d2048,11,2048,2048,7,5,2,10,0.14285714285714285,1.0,1.0,0.2,0.0,0.14285714285714285,0.3333333333333333,0.3333333333333333,0.2,0.0,0.2857142857142857,0.4,0.4,0.4,0.0,0.5714285714285714,0.4,0.4,0.4,1.0,1.0
feature,huggingface__transformers-21345,huggingface/transformers,q256_d256,11,256,256,2,1,1,10,0.0,0.0,0.0,0.0,0.0,0.5,0.3333333333333333,0.3333333333333333,1.0,0.0,0.5,0.2,0.2,1.0,0.0,0.5,0.1,0.1,1.0,0.0,0.5
feature,huggingface__transformers-21345,huggingface/transformers,q256_d2048,11,256,2048,2,1,1,10,0.5,1.0,1.0,1.0,0.0,0.5,0.3333333333333333,0.3333333333333333,1.0,0.0,0.5,0.2,0.2,1.0,0.0,0.5,0.1,0.1,1.0,0.0,1.0
feature,huggingface__transformers-21345,huggingface/transformers,q2048_d256,11,2048,256,2,1,1,10,0.5,1.0,1.0,1.0,0.0,0.5,0.3333333333333333,0.3333333333333333,1.0,0.0,0.5,0.2,0.2,1.0,0.0,0.5,0.1,0.1,1.0,0.0,1.0
feature,huggingface__transformers-21345,huggingface/transformers,q2048_d2048,11,2048,2048,2,1,1,10,0.5,1.0,1.0,1.0,0.0,0.5,0.3333333333333333,0.3333333333333333,1.0,0.0,0.5,0.2,0.2,1.0,0.0,0.5,0.1,0.1,1.0,0.0,1.0
feature,huggingface__transformers-21768,huggingface/transformers,q256_d256,11,256,256,2,1,1,10,0.0,0.0,0.0,0.0,0.0,0.0,0.0,0.0,0.0,0.0,0.0,0.0,0.0,0.0,0.0,0.5,0.1,0.1,1.0,0.0,0.14285714285714285
feature,huggingface__transformers-21768,huggingface/transformers,q256_d2048,11,256,2048,2,1,1,10,0.0,0.0,0.0,0.0,0.0,0.0,0.0,0.0,0.0,0.0,0.5,0.2,0.2,1.0,0.0,1.0,0.2,0.2,1.0,1.0,0.25
feature,huggingface__transformers-21768,huggingface/transformers,q2048_d256,11,2048,256,2,1,1,10,0.5,1.0,1.0,0.0,1.0,0.5,0.3333333333333333,0.3333333333333333,0.0,1.0,0.5,0.2,0.2,0.0,1.0,1.0,0.2,0.2,1.0,1.0,1.0
feature,huggingface__transformers-21768,huggingface/transformers,q2048_d2048,11,2048,2048,2,1,1,10,0.5,1.0,1.0,1.0,0.0,0.5,0.3333333333333333,0.3333333333333333,1.0,0.0,0.5,0.2,0.2,1.0,0.0,0.5,0.1,0.1,1.0,0.0,1.0
feature,huggingface__transformers-23126,huggingface/transformers,q256_d256,11,256,256,2,1,1,10,0.5,1.0,1.0,1.0,0.0,1.0,0.6666666666666666,0.6666666666666666,1.0,1.0,1.0,0.4,0.4,1.0,1.0,1.0,0.2,0.2,1.0,1.0,1.0
feature,huggingface__transformers-23126,huggingface/transformers,q256_d2048,11,256,2048,2,1,1,10,0.5,1.0,1.0,1.0,0.0,1.0,0.6666666666666666,0.6666666666666666,1.0,1.0,1.0,0.4,0.4,1.0,1.0,1.0,0.2,0.2,1.0,1.0,1.0
feature,huggingface__transformers-23126,huggingface/transformers,q2048_d256,11,2048,256,2,1,1,10,0.5,1.0,1.0,1.0,0.0,1.0,0.6666666666666666,0.6666666666666666,1.0,1.0,1.0,0.4,0.4,1.0,1.0,1.0,0.2,0.2,1.0,1.0,1.0
feature,huggingface__transformers-23126,huggingface/transformers,q2048_d2048,11,2048,2048,2,1,1,10,0.5,1.0,1.0,1.0,0.0,1.0,0.6666666666666666,0.6666666666666666,1.0,1.0,1.0,0.4,0.4,1.0,1.0,1.0,0.2,0.2,1.0,1.0,1.0
feature,huggingface__transformers-24510,huggingface/transformers,q256_d256,11,256,256,12,10,2,10,0.0,0.0,0.0,0.0,0.0,0.0,0.0,0.0,0.0,0.0,0.0,0.0,0.0,0.0,0.0,0.0,0.0,0.0,0.0,0.0,0.0
feature,huggingface__transformers-24510,huggingface/transformers,q256_d2048,11,256,2048,12,10,2,10,0.0,0.0,0.0,0.0,0.0,0.0,0.0,0.0,0.0,0.0,0.0,0.0,0.0,0.0,0.0,0.0,0.0,0.0,0.0,0.0,0.0
feature,huggingface__transformers-24510,huggingface/transformers,q2048_d256,11,2048,256,12,10,2,10,0.0,0.0,0.0,0.0,0.0,0.0,0.0,0.0,0.0,0.0,0.0,0.0,0.0,0.0,0.0,0.0,0.0,0.0,0.0,0.0,0.0
feature,huggingface__transformers-24510,huggingface/transformers,q2048_d2048,11,2048,2048,12,10,2,10,0.0,0.0,0.0,0.0,0.0,0.0,0.0,0.0,0.0,0.0,0.0,0.0,0.0,0.0,0.0,0.0,0.0,0.0,0.0,0.0,0.0
feature,huggingface__transformers-26386,huggingface/transformers,q256_d256,11,256,256,2,1,1,10,0.0,0.0,0.0,0.0,0.0,0.0,0.0,0.0,0.0,0.0,0.5,0.2,0.2,1.0,0.0,0.5,0.1,0.1,1.0,0.0,0.25
feature,huggingface__transformers-26386,huggingface/transformers,q256_d2048,11,256,2048,2,1,1,10,0.0,0.0,0.0,0.0,0.0,0.0,0.0,0.0,0.0,0.0,0.0,0.0,0.0,0.0,0.0,0.0,0.0,0.0,0.0,0.0,0.0
feature,huggingface__transformers-26386,huggingface/transformers,q2048_d256,11,2048,256,2,1,1,10,0.0,0.0,0.0,0.0,0.0,0.0,0.0,0.0,0.0,0.0,0.5,0.2,0.2,1.0,0.0,0.5,0.1,0.1,1.0,0.0,0.25
feature,huggingface__transformers-26386,huggingface/transformers,q2048_d2048,11,2048,2048,2,1,1,10,0.0,0.0,0.0,0.0,0.0,0.0,0.0,0.0,0.0,0.0,0.0,0.0,0.0,0.0,0.0,0.0,0.0,0.0,0.0,0.0,0.0
feature,huggingface__transformers-26568,huggingface/transformers,q256_d256,11,256,256,3,2,1,10,0.3333333333333333,1.0,1.0,0.5,0.0,0.3333333333333333,0.3333333333333333,0.3333333333333333,0.5,0.0,0.6666666666666666,0.4,0.4,1.0,0.0,1.0,0.3,0.3,1.0,1.0,1.0
feature,huggingface__transformers-26568,huggingface/transformers,q256_d2048,11,256,2048,3,2,1,10,0.0,0.0,0.0,0.0,0.0,0.0,0.0,0.0,0.0,0.0,0.3333333333333333,0.2,0.2,0.5,0.0,0.3333333333333333,0.1,0.1,0.5,0.0,0.2
feature,huggingface__transformers-26568,huggingface/transformers,q2048_d256,11,2048,256,3,2,1,10,0.3333333333333333,1.0,1.0,0.5,0.0,0.6666666666666666,0.6666666666666666,0.6666666666666666,0.5,1.0,1.0,0.6,0.6,1.0,1.0,1.0,0.3,0.3,1.0,1.0,1.0
feature,huggingface__transformers-26568,huggingface/transformers,q2048_d2048,11,2048,2048,3,2,1,10,0.3333333333333333,1.0,1.0,0.5,0.0,0.3333333333333333,0.3333333333333333,0.3333333333333333,0.5,0.0,0.6666666666666666,0.4,0.4,0.5,1.0,1.0,0.3,0.3,1.0,1.0,1.0
feature,huggingface__transformers-27463,huggingface/transformers,q256_d256,11,256,256,4,3,1,10,0.0,0.0,0.0,0.0,0.0,0.25,0.3333333333333333,0.3333333333333333,0.3333333333333333,0.0,0.25,0.2,0.2,0.3333333333333333,0.0,0.25,0.1,0.1,0.3333333333333333,0.0,0.3333333333333333
feature,huggingface__transformers-27463,huggingface/transformers,q256_d2048,11,256,2048,4,3,1,10,0.0,0.0,0.0,0.0,0.0,0.0,0.0,0.0,0.0,0.0,0.0,0.0,0.0,0.0,0.0,0.0,0.0,0.0,0.0,0.0,0.0
feature,huggingface__transformers-27463,huggingface/transformers,q2048_d256,11,2048,256,4,3,1,10,0.0,0.0,0.0,0.0,0.0,0.25,0.3333333333333333,0.3333333333333333,0.3333333333333333,0.0,0.25,0.2,0.2,0.3333333333333333,0.0,0.25,0.1,0.1,0.3333333333333333,0.0,0.5
feature,huggingface__transformers-27463,huggingface/transformers,q2048_d2048,11,2048,2048,4,3,1,10,0.0,0.0,0.0,0.0,0.0,0.0,0.0,0.0,0.0,0.0,0.0,0.0,0.0,0.0,0.0,0.0,0.0,0.0,0.0,0.0,0.0
feature,huggingface__transformers-27561,huggingface/transformers,q256_d256,11,256,256,4,3,1,10,0.25,1.0,1.0,0.3333333333333333,0.0,0.5,0.6666666666666666,0.6666666666666666,0.6666666666666666,0.0,0.75,0.6,0.6,0.6666666666666666,1.0,0.75,0.3,0.3,0.6666666666666666,1.0,1.0
feature,huggingface__transformers-27561,huggingface/transformers,q256_d2048,11,256,2048,4,3,1,10,0.0,0.0,0.0,0.0,0.0,0.25,0.3333333333333333,0.3333333333333333,0.3333333333333333,0.0,0.5,0.4,0.4,0.6666666666666666,0.0,0.75,0.3,0.3,0.6666666666666666,1.0,0.3333333333333333
feature,huggingface__transformers-27561,huggingface/transformers,q2048_d256,11,2048,256,4,3,1,10,0.25,1.0,1.0,0.3333333333333333,0.0,0.5,0.6666666666666666,0.6666666666666666,0.6666666666666666,0.0,0.75,0.6,0.6,0.6666666666666666,1.0,0.75,0.3,0.3,0.6666666666666666,1.0,1.0
feature,huggingface__transformers-27561,huggingface/transformers,q2048_d2048,11,2048,2048,4,3,1,10,0.0,0.0,0.0,0.0,0.0,0.25,0.3333333333333333,0.3333333333333333,0.3333333333333333,0.0,0.5,0.4,0.4,0.6666666666666666,0.0,0.75,0.3,0.3,0.6666666666666666,1.0,0.3333333333333333
feature,huggingface__transformers-27717,huggingface/transformers,q256_d256,11,256,256,4,3,1,10,0.0,0.0,0.0,0.0,0.0,0.5,0.6666666666666666,0.6666666666666666,0.6666666666666666,0.0,0.75,0.6,0.6,0.6666666666666666,1.0,0.75,0.3,0.3,0.6666666666666666,1.0,0.5
feature,huggingface__transformers-27717,huggingface/transformers,q256_d2048,11,256,2048,4,3,1,10,0.0,0.0,0.0,0.0,0.0,0.0,0.0,0.0,0.0,0.0,0.25,0.2,0.2,0.0,1.0,0.25,0.1,0.1,0.0,1.0,0.25
feature,huggingface__transformers-27717,huggingface/transformers,q2048_d256,11,2048,256,4,3,1,10,0.25,1.0,1.0,0.3333333333333333,0.0,0.75,1.0,1.0,0.6666666666666666,1.0,0.75,0.6,0.6,0.6666666666666666,1.0,0.75,0.3,0.3,0.6666666666666666,1.0,1.0
feature,huggingface__transformers-27717,huggingface/transformers,q2048_d2048,11,2048,2048,4,3,1,10,0.0,0.0,0.0,0.0,0.0,0.25,0.3333333333333333,0.3333333333333333,0.0,1.0,0.25,0.2,0.2,0.0,1.0,0.25,0.1,0.1,0.0,1.0,0.5
feature,huggingface__transformers-28517,huggingface/transformers,q256_d256,11,256,256,2,1,1,10,0.0,0.0,0.0,0.0,0.0,0.0,0.0,0.0,0.0,0.0,0.0,0.0,0.0,0.0,0.0,0.5,0.1,0.1,1.0,0.0,0.125
feature,huggingface__transformers-28517,huggingface/transformers,q256_d2048,11,256,2048,2,1,1,10,0.0,0.0,0.0,0.0,0.0,0.0,0.0,0.0,0.0,0.0,0.0,0.0,0.0,0.0,0.0,0.0,0.0,0.0,0.0,0.0,0.0
feature,huggingface__transformers-28517,huggingface/transformers,q2048_d256,11,2048,256,2,1,1,10,0.0,0.0,0.0,0.0,0.0,0.0,0.0,0.0,0.0,0.0,0.0,0.0,0.0,0.0,0.0,0.5,0.1,0.1,1.0,0.0,0.125
feature,huggingface__transformers-28517,huggingface/transformers,q2048_d2048,11,2048,2048,2,1,1,10,0.0,0.0,0.0,0.0,0.0,0.0,0.0,0.0,0.0,0.0,0.0,0.0,0.0,0.0,0.0,0.0,0.0,0.0,0.0,0.0,0.0
feature,huggingface__transformers-28940,huggingface/transformers,q256_d256,11,256,256,2,1,1,10,0.0,0.0,0.0,0.0,0.0,0.0,0.0,0.0,0.0,0.0,0.0,0.0,0.0,0.0,0.0,0.0,0.0,0.0,0.0,0.0,0.0
feature,huggingface__transformers-28940,huggingface/transformers,q256_d2048,11,256,2048,2,1,1,10,0.0,0.0,0.0,0.0,0.0,0.0,0.0,0.0,0.0,0.0,0.0,0.0,0.0,0.0,0.0,0.0,0.0,0.0,0.0,0.0,0.0
feature,huggingface__transformers-28940,huggingface/transformers,q2048_d256,11,2048,256,2,1,1,10,0.0,0.0,0.0,0.0,0.0,0.0,0.0,0.0,0.0,0.0,0.0,0.0,0.0,0.0,0.0,0.5,0.1,0.1,1.0,0.0,0.1
feature,huggingface__transformers-28940,huggingface/transformers,q2048_d2048,11,2048,2048,2,1,1,10,0.0,0.0,0.0,0.0,0.0,0.0,0.0,0.0,0.0,0.0,0.0,0.0,0.0,0.0,0.0,0.0,0.0,0.0,0.0,0.0,0.0
feature,huggingface__transformers-29589,huggingface/transformers,q256_d256,11,256,256,5,3,2,10,0.0,0.0,0.0,0.0,0.0,0.0,0.0,0.0,0.0,0.0,0.0,0.0,0.0,0.0,0.0,0.0,0.0,0.0,0.0,0.0,0.0
feature,huggingface__transformers-29589,huggingface/transformers,q256_d2048,11,256,2048,5,3,2,10,0.0,0.0,0.0,0.0,0.0,0.0,0.0,0.0,0.0,0.0,0.0,0.0,0.0,0.0,0.0,0.2,0.1,0.1,0.3333333333333333,0.0,0.1
feature,huggingface__transformers-29589,huggingface/transformers,q2048_d256,11,2048,256,5,3,2,10,0.0,0.0,0.0,0.0,0.0,0.0,0.0,0.0,0.0,0.0,0.2,0.2,0.2,0.3333333333333333,0.0,0.2,0.1,0.1,0.3333333333333333,0.0,0.25
feature,huggingface__transformers-29589,huggingface/transformers,q2048_d2048,11,2048,2048,5,3,2,10,0.0,0.0,0.0,0.0,0.0,0.0,0.0,0.0,0.0,0.0,0.2,0.2,0.2,0.3333333333333333,0.0,0.4,0.2,0.2,0.6666666666666666,0.0,0.2
feature,huggingface__transformers-29688,huggingface/transformers,q256_d256,11,256,256,2,1,1,10,0.0,0.0,0.0,0.0,0.0,0.5,0.3333333333333333,0.3333333333333333,1.0,0.0,0.5,0.2,0.2,1.0,0.0,0.5,0.1,0.1,1.0,0.0,0.3333333333333333
feature,huggingface__transformers-29688,huggingface/transformers,q256_d2048,11,256,2048,2,1,1,10,0.0,0.0,0.0,0.0,0.0,0.0,0.0,0.0,0.0,0.0,0.0,0.0,0.0,0.0,0.0,0.5,0.1,0.1,1.0,0.0,0.125
feature,huggingface__transformers-29688,huggingface/transformers,q2048_d256,11,2048,256,2,1,1,10,0.0,0.0,0.0,0.0,0.0,0.5,0.3333333333333333,0.3333333333333333,1.0,0.0,0.5,0.2,0.2,1.0,0.0,0.5,0.1,0.1,1.0,0.0,0.5
feature,huggingface__transformers-29688,huggingface/transformers,q2048_d2048,11,2048,2048,2,1,1,10,0.0,0.0,0.0,0.0,0.0,0.0,0.0,0.0,0.0,0.0,0.0,0.0,0.0,0.0,0.0,0.5,0.1,0.1,1.0,0.0,0.125
feature,huggingface__transformers-29838,huggingface/transformers,q256_d256,11,256,256,2,1,1,10,0.0,0.0,0.0,0.0,0.0,0.5,0.3333333333333333,0.3333333333333333,0.0,1.0,0.5,0.2,0.2,0.0,1.0,0.5,0.1,0.1,0.0,1.0,0.5
feature,huggingface__transformers-29838,huggingface/transformers,q256_d2048,11,256,2048,2,1,1,10,0.0,0.0,0.0,0.0,0.0,0.0,0.0,0.0,0.0,0.0,0.0,0.0,0.0,0.0,0.0,0.5,0.1,0.1,1.0,0.0,0.1
feature,huggingface__transformers-29838,huggingface/transformers,q2048_d256,11,2048,256,2,1,1,10,0.0,0.0,0.0,0.0,0.0,0.5,0.3333333333333333,0.3333333333333333,0.0,1.0,0.5,0.2,0.2,0.0,1.0,0.5,0.1,0.1,0.0,1.0,0.5
feature,huggingface__transformers-29838,huggingface/transformers,q2048_d2048,11,2048,2048,2,1,1,10,0.0,0.0,0.0,0.0,0.0,0.0,0.0,0.0,0.0,0.0,0.0,0.0,0.0,0.0,0.0,0.5,0.1,0.1,1.0,0.0,0.1
feature,huggingface__transformers-31095,huggingface/transformers,q256_d256,11,256,256,3,2,1,10,0.0,0.0,0.0,0.0,0.0,0.0,0.0,0.0,0.0,0.0,0.3333333333333333,0.2,0.2,0.5,0.0,0.3333333333333333,0.1,0.1,0.5,0.0,0.2
feature,huggingface__transformers-31095,huggingface/transformers,q256_d2048,11,256,2048,3,2,1,10,0.0,0.0,0.0,0.0,0.0,0.0,0.0,0.0,0.0,0.0,0.0,0.0,0.0,0.0,0.0,0.0,0.0,0.0,0.0,0.0,0.0
feature,huggingface__transformers-31095,huggingface/transformers,q2048_d256,11,2048,256,3,2,1,10,0.0,0.0,0.0,0.0,0.0,0.0,0.0,0.0,0.0,0.0,0.3333333333333333,0.2,0.2,0.5,0.0,0.3333333333333333,0.1,0.1,0.5,0.0,0.2
feature,huggingface__transformers-31095,huggingface/transformers,q2048_d2048,11,2048,2048,3,2,1,10,0.0,0.0,0.0,0.0,0.0,0.0,0.0,0.0,0.0,0.0,0.0,0.0,0.0,0.0,0.0,0.0,0.0,0.0,0.0,0.0,0.0
feature,huggingface__transformers-31247,huggingface/transformers,q256_d256,11,256,256,4,3,1,10,0.0,0.0,0.0,0.0,0.0,0.25,0.3333333333333333,0.3333333333333333,0.0,1.0,0.5,0.4,0.4,0.3333333333333333,1.0,0.5,0.2,0.2,0.3333333333333333,1.0,0.5
feature,huggingface__transformers-31247,huggingface/transformers,q256_d2048,11,256,2048,4,3,1,10,0.0,0.0,0.0,0.0,0.0,0.0,0.0,0.0,0.0,0.0,0.0,0.0,0.0,0.0,0.0,0.0,0.0,0.0,0.0,0.0,0.0
feature,huggingface__transformers-31247,huggingface/transformers,q2048_d256,11,2048,256,4,3,1,10,0.0,0.0,0.0,0.0,0.0,0.25,0.3333333333333333,0.3333333333333333,0.0,1.0,0.5,0.4,0.4,0.3333333333333333,1.0,0.5,0.2,0.2,0.3333333333333333,1.0,0.5
feature,huggingface__transformers-31247,huggingface/transformers,q2048_d2048,11,2048,2048,4,3,1,10,0.0,0.0,0.0,0.0,0.0,0.0,0.0,0.0,0.0,0.0,0.0,0.0,0.0,0.0,0.0,0.0,0.0,0.0,0.0,0.0,0.0
feature,langchain-ai__langchain-5450,langchain-ai/langchain,q256_d256,11,256,256,2,1,1,10,0.0,0.0,0.0,0.0,0.0,0.5,0.3333333333333333,0.3333333333333333,1.0,0.0,0.5,0.2,0.2,1.0,0.0,0.5,0.1,0.1,1.0,0.0,0.5
feature,langchain-ai__langchain-5450,langchain-ai/langchain,q256_d2048,11,256,2048,2,1,1,10,0.0,0.0,0.0,0.0,0.0,0.5,0.3333333333333333,0.3333333333333333,1.0,0.0,0.5,0.2,0.2,1.0,0.0,0.5,0.1,0.1,1.0,0.0,0.3333333333333333
feature,langchain-ai__langchain-5450,langchain-ai/langchain,q2048_d256,11,2048,256,2,1,1,10,0.0,0.0,0.0,0.0,0.0,0.5,0.3333333333333333,0.3333333333333333,1.0,0.0,0.5,0.2,0.2,1.0,0.0,0.5,0.1,0.1,1.0,0.0,0.5
feature,langchain-ai__langchain-5450,langchain-ai/langchain,q2048_d2048,11,2048,2048,2,1,1,10,0.0,0.0,0.0,0.0,0.0,0.5,0.3333333333333333,0.3333333333333333,1.0,0.0,0.5,0.2,0.2,1.0,0.0,0.5,0.1,0.1,1.0,0.0,0.3333333333333333
feature,langchain-ai__langchain-19331,langchain-ai/langchain,q256_d256,11,256,256,1,1,0,10,0.0,0.0,0.0,0.0,,0.0,0.0,0.0,0.0,,1.0,0.2,0.2,1.0,,1.0,0.1,0.1,1.0,,0.25
feature,langchain-ai__langchain-19331,langchain-ai/langchain,q256_d2048,11,256,2048,1,1,0,10,0.0,0.0,0.0,0.0,,0.0,0.0,0.0,0.0,,0.0,0.0,0.0,0.0,,0.0,0.0,0.0,0.0,,0.0
feature,langchain-ai__langchain-19331,langchain-ai/langchain,q2048_d256,11,2048,256,1,1,0,10,0.0,0.0,0.0,0.0,,0.0,0.0,0.0,0.0,,0.0,0.0,0.0,0.0,,1.0,0.1,0.1,1.0,,0.16666666666666666
feature,langchain-ai__langchain-19331,langchain-ai/langchain,q2048_d2048,11,2048,2048,1,1,0,10,0.0,0.0,0.0,0.0,,0.0,0.0,0.0,0.0,,0.0,0.0,0.0,0.0,,0.0,0.0,0.0,0.0,,0.0
feature,yt-dlp__yt-dlp-1649,yt-dlp/yt-dlp,q256_d256,11,256,256,15,14,1,10,0.0,0.0,0.0,0.0,0.0,0.0,0.0,0.0,0.0,0.0,0.0,0.0,0.0,0.0,0.0,0.0,0.0,0.0,0.0,0.0,0.0
feature,yt-dlp__yt-dlp-1649,yt-dlp/yt-dlp,q256_d2048,11,256,2048,15,14,1,10,0.0,0.0,0.0,0.0,0.0,0.0,0.0,0.0,0.0,0.0,0.0,0.0,0.0,0.0,0.0,0.0,0.0,0.0,0.0,0.0,0.0
feature,yt-dlp__yt-dlp-1649,yt-dlp/yt-dlp,q2048_d256,11,2048,256,15,14,1,10,0.06666666666666667,1.0,1.0,0.07142857142857142,0.0,0.13333333333333333,0.6666666666666666,0.6666666666666666,0.07142857142857142,1.0,0.2,0.6,0.6,0.14285714285714285,1.0,0.2,0.3,0.3,0.14285714285714285,1.0,1.0
feature,yt-dlp__yt-dlp-1649,yt-dlp/yt-dlp,q2048_d2048,11,2048,2048,15,14,1,10,0.0,0.0,0.0,0.0,0.0,0.06666666666666667,0.3333333333333333,0.3333333333333333,0.0,1.0,0.06666666666666667,0.2,0.2,0.0,1.0,0.06666666666666667,0.1,0.1,0.0,1.0,0.3333333333333333
feature,yt-dlp__yt-dlp-3435,yt-dlp/yt-dlp,q256_d256,11,256,256,6,5,1,10,0.0,0.0,0.0,0.0,0.0,0.0,0.0,0.0,0.0,0.0,0.0,0.0,0.0,0.0,0.0,0.0,0.0,0.0,0.0,0.0,0.0
feature,yt-dlp__yt-dlp-3435,yt-dlp/yt-dlp,q256_d2048,11,256,2048,6,5,1,10,0.0,0.0,0.0,0.0,0.0,0.0,0.0,0.0,0.0,0.0,0.0,0.0,0.0,0.0,0.0,0.0,0.0,0.0,0.0,0.0,0.0
feature,yt-dlp__yt-dlp-3435,yt-dlp/yt-dlp,q2048_d256,11,2048,256,6,5,1,10,0.0,0.0,0.0,0.0,0.0,0.0,0.0,0.0,0.0,0.0,0.0,0.0,0.0,0.0,0.0,0.0,0.0,0.0,0.0,0.0,0.0
feature,yt-dlp__yt-dlp-3435,yt-dlp/yt-dlp,q2048_d2048,11,2048,2048,6,5,1,10,0.0,0.0,0.0,0.0,0.0,0.0,0.0,0.0,0.0,0.0,0.0,0.0,0.0,0.0,0.0,0.0,0.0,0.0,0.0,0.0,0.0
feature,yt-dlp__yt-dlp-4524,yt-dlp/yt-dlp,q256_d256,11,256,256,4,3,1,10,0.0,0.0,0.0,0.0,0.0,0.0,0.0,0.0,0.0,0.0,0.0,0.0,0.0,0.0,0.0,0.0,0.0,0.0,0.0,0.0,0.0
feature,yt-dlp__yt-dlp-4524,yt-dlp/yt-dlp,q256_d2048,11,256,2048,4,3,1,10,0.0,0.0,0.0,0.0,0.0,0.0,0.0,0.0,0.0,0.0,0.0,0.0,0.0,0.0,0.0,0.0,0.0,0.0,0.0,0.0,0.0
feature,yt-dlp__yt-dlp-4524,yt-dlp/yt-dlp,q2048_d256,11,2048,256,4,3,1,10,0.0,0.0,0.0,0.0,0.0,0.0,0.0,0.0,0.0,0.0,0.0,0.0,0.0,0.0,0.0,0.0,0.0,0.0,0.0,0.0,0.0
feature,yt-dlp__yt-dlp-4524,yt-dlp/yt-dlp,q2048_d2048,11,2048,2048,4,3,1,10,0.0,0.0,0.0,0.0,0.0,0.0,0.0,0.0,0.0,0.0,0.0,0.0,0.0,0.0,0.0,0.0,0.0,0.0,0.0,0.0,0.0
feature,yt-dlp__yt-dlp-8917,yt-dlp/yt-dlp,q256_d256,11,256,256,7,5,2,10,0.14285714285714285,1.0,1.0,0.0,0.5,0.2857142857142857,0.6666666666666666,0.6666666666666666,0.2,0.5,0.2857142857142857,0.4,0.4,0.2,0.5,0.2857142857142857,0.2,0.2,0.2,0.5,1.0
feature,yt-dlp__yt-dlp-8917,yt-dlp/yt-dlp,q256_d2048,11,256,2048,7,5,2,10,0.0,0.0,0.0,0.0,0.0,0.0,0.0,0.0,0.0,0.0,0.0,0.0,0.0,0.0,0.0,0.0,0.0,0.0,0.0,0.0,0.0
feature,yt-dlp__yt-dlp-8917,yt-dlp/yt-dlp,q2048_d256,11,2048,256,7,5,2,10,0.14285714285714285,1.0,1.0,0.2,0.0,0.42857142857142855,1.0,1.0,0.4,0.5,0.42857142857142855,0.6,0.6,0.4,0.5,0.42857142857142855,0.3,0.3,0.4,0.5,1.0
feature,yt-dlp__yt-dlp-8917,yt-dlp/yt-dlp,q2048_d2048,11,2048,2048,7,5,2,10,0.0,0.0,0.0,0.0,0.0,0.0,0.0,0.0,0.0,0.0,0.0,0.0,0.0,0.0,0.0,0.14285714285714285,0.1,0.1,0.0,0.5,0.1111111111111111
feature,keras-team__keras-3907,keras-team/keras,q256_d256,11,256,256,3,2,1,10,0.0,0.0,0.0,0.0,0.0,0.0,0.0,0.0,0.0,0.0,0.0,0.0,0.0,0.0,0.0,0.0,0.0,0.0,0.0,0.0,0.0
feature,keras-team__keras-3907,keras-team/keras,q256_d2048,11,256,2048,3,2,1,10,0.0,0.0,0.0,0.0,0.0,0.0,0.0,0.0,0.0,0.0,0.0,0.0,0.0,0.0,0.0,0.0,0.0,0.0,0.0,0.0,0.0
feature,keras-team__keras-3907,keras-team/keras,q2048_d256,11,2048,256,3,2,1,10,0.0,0.0,0.0,0.0,0.0,0.0,0.0,0.0,0.0,0.0,0.0,0.0,0.0,0.0,0.0,0.0,0.0,0.0,0.0,0.0,0.0
feature,keras-team__keras-3907,keras-team/keras,q2048_d2048,11,2048,2048,3,2,1,10,0.0,0.0,0.0,0.0,0.0,0.0,0.0,0.0,0.0,0.0,0.0,0.0,0.0,0.0,0.0,0.0,0.0,0.0,0.0,0.0,0.0
feature,keras-team__keras-3983,keras-team/keras,q256_d256,11,256,256,2,1,1,10,0.5,1.0,1.0,1.0,0.0,0.5,0.3333333333333333,0.3333333333333333,1.0,0.0,0.5,0.2,0.2,1.0,0.0,0.5,0.1,0.1,1.0,0.0,1.0
feature,keras-team__keras-3983,keras-team/keras,q256_d2048,11,256,2048,2,1,1,10,0.5,1.0,1.0,1.0,0.0,0.5,0.3333333333333333,0.3333333333333333,1.0,0.0,0.5,0.2,0.2,1.0,0.0,0.5,0.1,0.1,1.0,0.0,1.0
feature,keras-team__keras-3983,keras-team/keras,q2048_d256,11,2048,256,2,1,1,10,0.5,1.0,1.0,1.0,0.0,0.5,0.3333333333333333,0.3333333333333333,1.0,0.0,0.5,0.2,0.2,1.0,0.0,0.5,0.1,0.1,1.0,0.0,1.0
feature,keras-team__keras-3983,keras-team/keras,q2048_d2048,11,2048,2048,2,1,1,10,0.5,1.0,1.0,1.0,0.0,0.5,0.3333333333333333,0.3333333333333333,1.0,0.0,0.5,0.2,0.2,1.0,0.0,0.5,0.1,0.1,1.0,0.0,1.0
feature,keras-team__keras-18649,keras-team/keras,q256_d256,11,256,256,6,5,1,10,0.16666666666666666,1.0,1.0,0.2,0.0,0.3333333333333333,0.6666666666666666,0.6666666666666666,0.4,0.0,0.3333333333333333,0.4,0.4,0.4,0.0,0.3333333333333333,0.2,0.2,0.4,0.0,1.0
feature,keras-team__keras-18649,keras-team/keras,q256_d2048,11,256,2048,6,5,1,10,0.0,0.0,0.0,0.0,0.0,0.0,0.0,0.0,0.0,0.0,0.0,0.0,0.0,0.0,0.0,0.16666666666666666,0.1,0.1,0.2,0.0,0.16666666666666666
feature,keras-team__keras-18649,keras-team/keras,q2048_d256,11,2048,256,6,5,1,10,0.16666666666666666,1.0,1.0,0.2,0.0,0.3333333333333333,0.6666666666666666,0.6666666666666666,0.4,0.0,0.3333333333333333,0.4,0.4,0.4,0.0,0.3333333333333333,0.2,0.2,0.4,0.0,1.0
feature,keras-team__keras-18649,keras-team/keras,q2048_d2048,11,2048,2048,6,5,1,10,0.0,0.0,0.0,0.0,0.0,0.0,0.0,0.0,0.0,0.0,0.0,0.0,0.0,0.0,0.0,0.16666666666666666,0.1,0.1,0.2,0.0,0.16666666666666666
feature,keras-team__keras-18852,keras-team/keras,q256_d256,11,256,256,7,4,3,10,0.0,0.0,0.0,0.0,0.0,0.0,0.0,0.0,0.0,0.0,0.14285714285714285,0.2,0.2,0.25,0.0,0.14285714285714285,0.1,0.1,0.25,0.0,0.25
feature,keras-team__keras-18852,keras-team/keras,q256_d2048,11,256,2048,7,4,3,10,0.0,0.0,0.0,0.0,0.0,0.14285714285714285,0.3333333333333333,0.3333333333333333,0.25,0.0,0.14285714285714285,0.2,0.2,0.25,0.0,0.14285714285714285,0.1,0.1,0.25,0.0,0.5
feature,keras-team__keras-18852,keras-team/keras,q2048_d256,11,2048,256,7,4,3,10,0.0,0.0,0.0,0.0,0.0,0.14285714285714285,0.3333333333333333,0.3333333333333333,0.25,0.0,0.14285714285714285,0.2,0.2,0.25,0.0,0.14285714285714285,0.1,0.1,0.25,0.0,0.5
feature,keras-team__keras-18852,keras-team/keras,q2048_d2048,11,2048,2048,7,4,3,10,0.0,0.0,0.0,0.0,0.0,0.14285714285714285,0.3333333333333333,0.3333333333333333,0.25,0.0,0.14285714285714285,0.2,0.2,0.25,0.0,0.14285714285714285,0.1,0.1,0.25,0.0,0.5
feature,keras-team__keras-19903,keras-team/keras,q256_d256,11,256,256,8,7,1,10,0.0,0.0,0.0,0.0,0.0,0.0,0.0,0.0,0.0,0.0,0.0,0.0,0.0,0.0,0.0,0.0,0.0,0.0,0.0,0.0,0.0
feature,keras-team__keras-19903,keras-team/keras,q256_d2048,11,256,2048,8,7,1,10,0.0,0.0,0.0,0.0,0.0,0.0,0.0,0.0,0.0,0.0,0.0,0.0,0.0,0.0,0.0,0.0,0.0,0.0,0.0,0.0,0.0
feature,keras-team__keras-19903,keras-team/keras,q2048_d256,11,2048,256,8,7,1,10,0.0,0.0,0.0,0.0,0.0,0.0,0.0,0.0,0.0,0.0,0.0,0.0,0.0,0.0,0.0,0.0,0.0,0.0,0.0,0.0,0.0
feature,keras-team__keras-19903,keras-team/keras,q2048_d2048,11,2048,2048,8,7,1,10,0.0,0.0,0.0,0.0,0.0,0.0,0.0,0.0,0.0,0.0,0.0,0.0,0.0,0.0,0.0,0.0,0.0,0.0,0.0,0.0,0.0
external,oemof__tespy-921,oemof/tespy,q256_d256,11,256,256,6,5,1,10,0.0,0.0,0.0,0.0,0.0,0.0,0.0,0.0,0.0,0.0,0.0,0.0,0.0,0.0,0.0,0.16666666666666666,0.1,0.1,0.2,0.0,0.16666666666666666
external,oemof__tespy-921,oemof/tespy,q256_d2048,11,256,2048,6,5,1,10,0.0,0.0,0.0,0.0,0.0,0.0,0.0,0.0,0.0,0.0,0.0,0.0,0.0,0.0,0.0,0.0,0.0,0.0,0.0,0.0,0.0
external,oemof__tespy-921,oemof/tespy,q2048_d256,11,2048,256,6,5,1,10,0.0,0.0,0.0,0.0,0.0,0.0,0.0,0.0,0.0,0.0,0.0,0.0,0.0,0.0,0.0,0.16666666666666666,0.1,0.1,0.2,0.0,0.14285714285714285
external,oemof__tespy-921,oemof/tespy,q2048_d2048,11,2048,2048,6,5,1,10,0.0,0.0,0.0,0.0,0.0,0.0,0.0,0.0,0.0,0.0,0.0,0.0,0.0,0.0,0.0,0.0,0.0,0.0,0.0,0.0,0.0
external,hkuds__openharness-217,HKUDS/OpenHarness,q256_d256,11,256,256,1,1,0,10,0.0,0.0,0.0,0.0,,0.0,0.0,0.0,0.0,,0.0,0.0,0.0,0.0,,1.0,0.1,0.1,1.0,,0.16666666666666666
external,hkuds__openharness-217,HKUDS/OpenHarness,q256_d2048,11,256,2048,1,1,0,10,0.0,0.0,0.0,0.0,,0.0,0.0,0.0,0.0,,0.0,0.0,0.0,0.0,,0.0,0.0,0.0,0.0,,0.0
external,hkuds__openharness-217,HKUDS/OpenHarness,q2048_d256,11,2048,256,1,1,0,10,0.0,0.0,0.0,0.0,,0.0,0.0,0.0,0.0,,0.0,0.0,0.0,0.0,,1.0,0.1,0.1,1.0,,0.16666666666666666
external,hkuds__openharness-217,HKUDS/OpenHarness,q2048_d2048,11,2048,2048,1,1,0,10,0.0,0.0,0.0,0.0,,0.0,0.0,0.0,0.0,,0.0,0.0,0.0,0.0,,0.0,0.0,0.0,0.0,,0.0
external,itsdnns__docsight-437,itsDNNS/docsight,q256_d256,11,256,256,9,6,3,10,0.1111111111111111,1.0,1.0,0.16666666666666666,0.0,0.1111111111111111,0.3333333333333333,0.3333333333333333,0.16666666666666666,0.0,0.3333333333333333,0.6,0.6,0.5,0.0,0.4444444444444444,0.4,0.4,0.6666666666666666,0.0,1.0
external,itsdnns__docsight-437,itsDNNS/docsight,q256_d2048,11,256,2048,9,6,3,10,0.1111111111111111,1.0,1.0,0.16666666666666666,0.0,0.1111111111111111,0.3333333333333333,0.3333333333333333,0.16666666666666666,0.0,0.2222222222222222,0.4,0.4,0.16666666666666666,0.3333333333333333,0.4444444444444444,0.4,0.4,0.5,0.3333333333333333,1.0
external,itsdnns__docsight-437,itsDNNS/docsight,q2048_d256,11,2048,256,9,6,3,10,0.1111111111111111,1.0,1.0,0.16666666666666666,0.0,0.2222222222222222,0.6666666666666666,0.6666666666666666,0.3333333333333333,0.0,0.3333333333333333,0.6,0.6,0.5,0.0,0.5555555555555556,0.5,0.5,0.6666666666666666,0.3333333333333333,1.0
external,itsdnns__docsight-437,itsDNNS/docsight,q2048_d2048,11,2048,2048,9,6,3,10,0.1111111111111111,1.0,1.0,0.16666666666666666,0.0,0.1111111111111111,0.3333333333333333,0.3333333333333333,0.16666666666666666,0.0,0.2222222222222222,0.4,0.4,0.16666666666666666,0.3333333333333333,0.4444444444444444,0.4,0.4,0.5,0.3333333333333333,1.0
external,youssofal__mtplx-21,youssofal/MTPLX,q256_d256,11,256,256,2,2,0,10,0.0,0.0,0.0,0.0,,0.0,0.0,0.0,0.0,,0.0,0.0,0.0,0.0,,0.0,0.0,0.0,0.0,,0.0
external,youssofal__mtplx-21,youssofal/MTPLX,q256_d2048,11,256,2048,2,2,0,10,0.0,0.0,0.0,0.0,,0.0,0.0,0.0,0.0,,0.0,0.0,0.0,0.0,,0.0,0.0,0.0,0.0,,0.0
external,youssofal__mtplx-21,youssofal/MTPLX,q2048_d256,11,2048,256,2,2,0,10,0.0,0.0,0.0,0.0,,0.0,0.0,0.0,0.0,,0.0,0.0,0.0,0.0,,0.0,0.0,0.0,0.0,,0.0
external,youssofal__mtplx-21,youssofal/MTPLX,q2048_d2048,11,2048,2048,2,2,0,10,0.0,0.0,0.0,0.0,,0.0,0.0,0.0,0.0,,0.0,0.0,0.0,0.0,,0.5,0.1,0.1,0.5,,0.125
external,meltano__meltano-9929,meltano/meltano,q256_d256,11,256,256,2,1,1,10,0.0,0.0,0.0,0.0,0.0,0.0,0.0,0.0,0.0,0.0,0.0,0.0,0.0,0.0,0.0,0.5,0.1,0.1,1.0,0.0,0.1
external,meltano__meltano-9929,meltano/meltano,q256_d2048,11,256,2048,2,1,1,10,0.0,0.0,0.0,0.0,0.0,0.0,0.0,0.0,0.0,0.0,0.0,0.0,0.0,0.0,0.0,0.0,0.0,0.0,0.0,0.0,0.0
external,meltano__meltano-9929,meltano/meltano,q2048_d256,11,2048,256,2,1,1,10,0.5,1.0,1.0,1.0,0.0,0.5,0.3333333333333333,0.3333333333333333,1.0,0.0,0.5,0.2,0.2,1.0,0.0,0.5,0.1,0.1,1.0,0.0,1.0
external,meltano__meltano-9929,meltano/meltano,q2048_d2048,11,2048,2048,2,1,1,10,0.0,0.0,0.0,0.0,0.0,0.0,0.0,0.0,0.0,0.0,0.0,0.0,0.0,0.0,0.0,0.0,0.0,0.0,0.0,0.0,0.0
external,pgmpy__pgmpy-3137,pgmpy/pgmpy,q256_d256,11,256,256,2,1,1,10,0.0,0.0,0.0,0.0,0.0,0.0,0.0,0.0,0.0,0.0,0.0,0.0,0.0,0.0,0.0,0.0,0.0,0.0,0.0,0.0,0.0
external,pgmpy__pgmpy-3137,pgmpy/pgmpy,q256_d2048,11,256,2048,2,1,1,10,0.0,0.0,0.0,0.0,0.0,0.0,0.0,0.0,0.0,0.0,0.0,0.0,0.0,0.0,0.0,0.0,0.0,0.0,0.0,0.0,0.0
external,pgmpy__pgmpy-3137,pgmpy/pgmpy,q2048_d256,11,2048,256,2,1,1,10,0.0,0.0,0.0,0.0,0.0,0.0,0.0,0.0,0.0,0.0,0.5,0.2,0.2,0.0,1.0,0.5,0.1,0.1,0.0,1.0,0.25
external,pgmpy__pgmpy-3137,pgmpy/pgmpy,q2048_d2048,11,2048,2048,2,1,1,10,0.0,0.0,0.0,0.0,0.0,0.0,0.0,0.0,0.0,0.0,0.0,0.0,0.0,0.0,0.0,0.0,0.0,0.0,0.0,0.0,0.0
external,tox-dev__tox-3904,tox-dev/tox,q256_d256,11,256,256,5,3,2,10,0.0,0.0,0.0,0.0,0.0,0.2,0.3333333333333333,0.3333333333333333,0.0,0.5,0.2,0.2,0.2,0.0,0.5,0.2,0.1,0.1,0.0,0.5,0.5
external,tox-dev__tox-3904,tox-dev/tox,q256_d2048,11,256,2048,5,3,2,10,0.0,0.0,0.0,0.0,0.0,0.0,0.0,0.0,0.0,0.0,0.0,0.0,0.0,0.0,0.0,0.0,0.0,0.0,0.0,0.0,0.0
external,tox-dev__tox-3904,tox-dev/tox,q2048_d256,11,2048,256,5,3,2,10,0.2,1.0,1.0,0.0,0.5,0.2,0.3333333333333333,0.3333333333333333,0.0,0.5,0.2,0.2,0.2,0.0,0.5,0.4,0.2,0.2,0.0,1.0,1.0
external,tox-dev__tox-3904,tox-dev/tox,q2048_d2048,11,2048,2048,5,3,2,10,0.0,0.0,0.0,0.0,0.0,0.2,0.3333333333333333,0.3333333333333333,0.0,0.5,0.4,0.4,0.4,0.0,1.0,0.4,0.2,0.2,0.0,1.0,0.5
external,tobymao__sqlglot-7457,tobymao/sqlglot,q256_d256,11,256,256,4,3,1,10,0.25,1.0,1.0,0.0,1.0,0.5,0.6666666666666666,0.6666666666666666,0.3333333333333333,1.0,0.5,0.4,0.4,0.3333333333333333,1.0,0.5,0.2,0.2,0.3333333333333333,1.0,1.0
external,tobymao__sqlglot-7457,tobymao/sqlglot,q256_d2048,11,256,2048,4,3,1,10,0.25,1.0,1.0,0.0,1.0,0.25,0.3333333333333333,0.3333333333333333,0.0,1.0,0.25,0.2,0.2,0.0,1.0,0.25,0.1,0.1,0.0,1.0,1.0
external,tobymao__sqlglot-7457,tobymao/sqlglot,q2048_d256,11,2048,256,4,3,1,10,0.25,1.0,1.0,0.0,1.0,0.5,0.6666666666666666,0.6666666666666666,0.3333333333333333,1.0,0.5,0.4,0.4,0.3333333333333333,1.0,0.5,0.2,0.2,0.3333333333333333,1.0,1.0
external,tobymao__sqlglot-7457,tobymao/sqlglot,q2048_d2048,11,2048,2048,4,3,1,10,0.25,1.0,1.0,0.0,1.0,0.25,0.3333333333333333,0.3333333333333333,0.0,1.0,0.25,0.2,0.2,0.0,1.0,0.25,0.1,0.1,0.0,1.0,1.0
external,tox-dev__tox-3931,tox-dev/tox,q256_d256,11,256,256,3,2,1,10,0.0,0.0,0.0,0.0,0.0,0.0,0.0,0.0,0.0,0.0,0.0,0.0,0.0,0.0,0.0,0.0,0.0,0.0,0.0,0.0,0.0
external,tox-dev__tox-3931,tox-dev/tox,q256_d2048,11,256,2048,3,2,1,10,0.0,0.0,0.0,0.0,0.0,0.0,0.0,0.0,0.0,0.0,0.0,0.0,0.0,0.0,0.0,0.3333333333333333,0.1,0.1,0.0,1.0,0.1
external,tox-dev__tox-3931,tox-dev/tox,q2048_d256,11,2048,256,3,2,1,10,0.0,0.0,0.0,0.0,0.0,0.0,0.0,0.0,0.0,0.0,0.0,0.0,0.0,0.0,0.0,0.3333333333333333,0.1,0.1,0.5,0.0,0.1111111111111111
external,tox-dev__tox-3931,tox-dev/tox,q2048_d2048,11,2048,2048,3,2,1,10,0.0,0.0,0.0,0.0,0.0,0.0,0.0,0.0,0.0,0.0,0.0,0.0,0.0,0.0,0.0,0.3333333333333333,0.1,0.1,0.0,1.0,0.16666666666666666
external,scikit-learn__scikit-learn-33565,scikit-learn/scikit-learn,q256_d256,11,256,256,2,1,1,10,0.0,0.0,0.0,0.0,0.0,0.0,0.0,0.0,0.0,0.0,0.0,0.0,0.0,0.0,0.0,1.0,0.2,0.2,1.0,1.0,0.16666666666666666
external,scikit-learn__scikit-learn-33565,scikit-learn/scikit-learn,q256_d2048,11,256,2048,2,1,1,10,0.0,0.0,0.0,0.0,0.0,0.0,0.0,0.0,0.0,0.0,0.5,0.2,0.2,0.0,1.0,1.0,0.2,0.2,1.0,1.0,0.25
external,scikit-learn__scikit-learn-33565,scikit-learn/scikit-learn,q2048_d256,11,2048,256,2,1,1,10,0.0,0.0,0.0,0.0,0.0,1.0,0.6666666666666666,0.6666666666666666,1.0,1.0,1.0,0.4,0.4,1.0,1.0,1.0,0.2,0.2,1.0,1.0,0.5
external,scikit-learn__scikit-learn-33565,scikit-learn/scikit-learn,q2048_d2048,11,2048,2048,2,1,1,10,0.0,0.0,0.0,0.0,0.0,0.0,0.0,0.0,0.0,0.0,0.5,0.2,0.2,0.0,1.0,1.0,0.2,0.2,1.0,1.0,0.25
external,koxudaxi__datamodel-code-generator-3070,koxudaxi/datamodel-code-generator,q256_d256,11,256,256,2,1,1,10,0.0,0.0,0.0,0.0,0.0,0.0,0.0,0.0,0.0,0.0,0.0,0.0,0.0,0.0,0.0,0.0,0.0,0.0,0.0,0.0,0.0
external,koxudaxi__datamodel-code-generator-3070,koxudaxi/datamodel-code-generator,q256_d2048,11,256,2048,2,1,1,10,0.0,0.0,0.0,0.0,0.0,0.0,0.0,0.0,0.0,0.0,0.0,0.0,0.0,0.0,0.0,0.0,0.0,0.0,0.0,0.0,0.0
external,koxudaxi__datamodel-code-generator-3070,koxudaxi/datamodel-code-generator,q2048_d256,11,2048,256,2,1,1,10,0.0,0.0,0.0,0.0,0.0,0.0,0.0,0.0,0.0,0.0,0.0,0.0,0.0,0.0,0.0,0.0,0.0,0.0,0.0,0.0,0.0
external,koxudaxi__datamodel-code-generator-3070,koxudaxi/datamodel-code-generator,q2048_d2048,11,2048,2048,2,1,1,10,0.0,0.0,0.0,0.0,0.0,0.0,0.0,0.0,0.0,0.0,0.0,0.0,0.0,0.0,0.0,0.0,0.0,0.0,0.0,0.0,0.0
external,schemathesis__schemathesis-3933,schemathesis/schemathesis,q256_d256,11,256,256,3,1,2,10,0.0,0.0,0.0,0.0,0.0,0.0,0.0,0.0,0.0,0.0,0.0,0.0,0.0,0.0,0.0,0.0,0.0,0.0,0.0,0.0,0.0
external,schemathesis__schemathesis-3933,schemathesis/schemathesis,q256_d2048,11,256,2048,3,1,2,10,0.0,0.0,0.0,0.0,0.0,0.0,0.0,0.0,0.0,0.0,0.0,0.0,0.0,0.0,0.0,0.0,0.0,0.0,0.0,0.0,0.0
external,schemathesis__schemathesis-3933,schemathesis/schemathesis,q2048_d256,11,2048,256,3,1,2,10,0.0,0.0,0.0,0.0,0.0,0.0,0.0,0.0,0.0,0.0,0.0,0.0,0.0,0.0,0.0,0.0,0.0,0.0,0.0,0.0,0.0
external,schemathesis__schemathesis-3933,schemathesis/schemathesis,q2048_d2048,11,2048,2048,3,1,2,10,0.0,0.0,0.0,0.0,0.0,0.0,0.0,0.0,0.0,0.0,0.0,0.0,0.0,0.0,0.0,0.0,0.0,0.0,0.0,0.0,0.0
external,alibaba__opensandbox-816,alibaba/OpenSandbox,q256_d256,11,256,256,2,1,1,10,0.0,0.0,0.0,0.0,0.0,0.0,0.0,0.0,0.0,0.0,0.0,0.0,0.0,0.0,0.0,0.0,0.0,0.0,0.0,0.0,0.0
external,alibaba__opensandbox-816,alibaba/OpenSandbox,q256_d2048,11,256,2048,2,1,1,10,0.0,0.0,0.0,0.0,0.0,0.0,0.0,0.0,0.0,0.0,0.0,0.0,0.0,0.0,0.0,0.0,0.0,0.0,0.0,0.0,0.0
external,alibaba__opensandbox-816,alibaba/OpenSandbox,q2048_d256,11,2048,256,2,1,1,10,0.0,0.0,0.0,0.0,0.0,0.0,0.0,0.0,0.0,0.0,0.0,0.0,0.0,0.0,0.0,0.0,0.0,0.0,0.0,0.0,0.0
external,alibaba__opensandbox-816,alibaba/OpenSandbox,q2048_d2048,11,2048,2048,2,1,1,10,0.0,0.0,0.0,0.0,0.0,0.0,0.0,0.0,0.0,0.0,0.0,0.0,0.0,0.0,0.0,0.0,0.0,0.0,0.0,0.0,0.0
external,pdm-project__pdm-3759,pdm-project/pdm,q256_d256,11,256,256,2,1,1,10,0.0,0.0,0.0,0.0,0.0,0.0,0.0,0.0,0.0,0.0,0.0,0.0,0.0,0.0,0.0,0.0,0.0,0.0,0.0,0.0,0.0
external,pdm-project__pdm-3759,pdm-project/pdm,q256_d2048,11,256,2048,2,1,1,10,0.0,0.0,0.0,0.0,0.0,0.0,0.0,0.0,0.0,0.0,0.0,0.0,0.0,0.0,0.0,0.0,0.0,0.0,0.0,0.0,0.0
external,pdm-project__pdm-3759,pdm-project/pdm,q2048_d256,11,2048,256,2,1,1,10,0.0,0.0,0.0,0.0,0.0,0.0,0.0,0.0,0.0,0.0,0.0,0.0,0.0,0.0,0.0,0.0,0.0,0.0,0.0,0.0,0.0
external,pdm-project__pdm-3759,pdm-project/pdm,q2048_d2048,11,2048,2048,2,1,1,10,0.0,0.0,0.0,0.0,0.0,0.0,0.0,0.0,0.0,0.0,0.0,0.0,0.0,0.0,0.0,0.0,0.0,0.0,0.0,0.0,0.0
external,graphistry__pygraphistry-1277,graphistry/pygraphistry,q256_d256,11,256,256,3,2,1,10,0.0,0.0,0.0,0.0,0.0,0.0,0.0,0.0,0.0,0.0,0.0,0.0,0.0,0.0,0.0,0.3333333333333333,0.1,0.1,0.5,0.0,0.1
external,graphistry__pygraphistry-1277,graphistry/pygraphistry,q256_d2048,11,256,2048,3,2,1,10,0.0,0.0,0.0,0.0,0.0,0.0,0.0,0.0,0.0,0.0,0.0,0.0,0.0,0.0,0.0,0.0,0.0,0.0,0.0,0.0,0.0
external,graphistry__pygraphistry-1277,graphistry/pygraphistry,q2048_d256,11,2048,256,3,2,1,10,0.0,0.0,0.0,0.0,0.0,0.0,0.0,0.0,0.0,0.0,0.0,0.0,0.0,0.0,0.0,0.6666666666666666,0.2,0.2,0.5,1.0,0.14285714285714285
external,graphistry__pygraphistry-1277,graphistry/pygraphistry,q2048_d2048,11,2048,2048,3,2,1,10,0.0,0.0,0.0,0.0,0.0,0.0,0.0,0.0,0.0,0.0,0.0,0.0,0.0,0.0,0.0,0.0,0.0,0.0,0.0,0.0,0.0
external,holoviz__param-1117,holoviz/param,q256_d256,11,256,256,2,1,1,10,0.5,1.0,1.0,1.0,0.0,0.5,0.3333333333333333,0.3333333333333333,1.0,0.0,1.0,0.4,0.4,1.0,1.0,1.0,0.2,0.2,1.0,1.0,1.0
external,holoviz__param-1117,holoviz/param,q256_d2048,11,256,2048,2,1,1,10,0.0,0.0,0.0,0.0,0.0,0.5,0.3333333333333333,0.3333333333333333,1.0,0.0,1.0,0.4,0.4,1.0,1.0,1.0,0.2,0.2,1.0,1.0,0.5
external,holoviz__param-1117,holoviz/param,q2048_d256,11,2048,256,2,1,1,10,0.5,1.0,1.0,1.0,0.0,0.5,0.3333333333333333,0.3333333333333333,1.0,0.0,1.0,0.4,0.4,1.0,1.0,1.0,0.2,0.2,1.0,1.0,1.0
external,holoviz__param-1117,holoviz/param,q2048_d2048,11,2048,2048,2,1,1,10,0.5,1.0,1.0,1.0,0.0,1.0,0.6666666666666666,0.6666666666666666,1.0,1.0,1.0,0.4,0.4,1.0,1.0,1.0,0.2,0.2,1.0,1.0,1.0
external,tobymao__sqlglot-7187,tobymao/sqlglot,q256_d256,11,256,256,4,3,1,10,0.0,0.0,0.0,0.0,0.0,0.5,0.6666666666666666,0.6666666666666666,0.3333333333333333,1.0,0.5,0.4,0.4,0.3333333333333333,1.0,0.5,0.2,0.2,0.3333333333333333,1.0,0.5
external,tobymao__sqlglot-7187,tobymao/sqlglot,q256_d2048,11,256,2048,4,3,1,10,0.0,0.0,0.0,0.0,0.0,0.0,0.0,0.0,0.0,0.0,0.25,0.2,0.2,0.0,1.0,0.25,0.1,0.1,0.0,1.0,0.2
external,tobymao__sqlglot-7187,tobymao/sqlglot,q2048_d256,11,2048,256,4,3,1,10,0.25,1.0,1.0,0.3333333333333333,0.0,0.5,0.6666666666666666,0.6666666666666666,0.3333333333333333,1.0,0.5,0.4,0.4,0.3333333333333333,1.0,0.75,0.3,0.3,0.6666666666666666,1.0,1.0
external,tobymao__sqlglot-7187,tobymao/sqlglot,q2048_d2048,11,2048,2048,4,3,1,10,0.0,0.0,0.0,0.0,0.0,0.0,0.0,0.0,0.0,0.0,0.25,0.2,0.2,0.0,1.0,0.25,0.1,0.1,0.0,1.0,0.2
external,cs-si__eodag-2176,CS-SI/eodag,q256_d256,11,256,256,3,1,2,10,0.0,0.0,0.0,0.0,0.0,0.0,0.0,0.0,0.0,0.0,0.0,0.0,0.0,0.0,0.0,0.0,0.0,0.0,0.0,0.0,0.0
external,cs-si__eodag-2176,CS-SI/eodag,q256_d2048,11,256,2048,3,1,2,10,0.0,0.0,0.0,0.0,0.0,0.0,0.0,0.0,0.0,0.0,0.0,0.0,0.0,0.0,0.0,0.0,0.0,0.0,0.0,0.0,0.0
external,cs-si__eodag-2176,CS-SI/eodag,q2048_d256,11,2048,256,3,1,2,10,0.0,0.0,0.0,0.0,0.0,0.0,0.0,0.0,0.0,0.0,0.0,0.0,0.0,0.0,0.0,0.0,0.0,0.0,0.0,0.0,0.0
external,cs-si__eodag-2176,CS-SI/eodag,q2048_d2048,11,2048,2048,3,1,2,10,0.0,0.0,0.0,0.0,0.0,0.0,0.0,0.0,0.0,0.0,0.0,0.0,0.0,0.0,0.0,0.0,0.0,0.0,0.0,0.0,0.0
external,psd-tools__psd-tools-593,psd-tools/psd-tools,q256_d256,11,256,256,3,1,2,10,0.3333333333333333,1.0,1.0,0.0,0.5,0.3333333333333333,0.3333333333333333,0.3333333333333333,0.0,0.5,0.6666666666666666,0.4,0.4,1.0,0.5,0.6666666666666666,0.2,0.2,1.0,0.5,1.0
external,psd-tools__psd-tools-593,psd-tools/psd-tools,q256_d2048,11,256,2048,3,1,2,10,0.0,0.0,0.0,0.0,0.0,0.0,0.0,0.0,0.0,0.0,0.0,0.0,0.0,0.0,0.0,0.0,0.0,0.0,0.0,0.0,0.0
external,psd-tools__psd-tools-593,psd-tools/psd-tools,q2048_d256,11,2048,256,3,1,2,10,0.3333333333333333,1.0,1.0,0.0,0.5,0.3333333333333333,0.3333333333333333,0.3333333333333333,0.0,0.5,0.6666666666666666,0.4,0.4,1.0,0.5,0.6666666666666666,0.2,0.2,1.0,0.5,1.0
external,psd-tools__psd-tools-593,psd-tools/psd-tools,q2048_d2048,11,2048,2048,3,1,2,10,0.0,0.0,0.0,0.0,0.0,0.0,0.0,0.0,0.0,0.0,0.0,0.0,0.0,0.0,0.0,0.0,0.0,0.0,0.0,0.0,0.0
external,getmoto__moto-9903,getmoto/moto,q256_d256,11,256,256,2,1,1,10,0.0,0.0,0.0,0.0,0.0,0.0,0.0,0.0,0.0,0.0,0.0,0.0,0.0,0.0,0.0,0.0,0.0,0.0,0.0,0.0,0.0
external,getmoto__moto-9903,getmoto/moto,q256_d2048,11,256,2048,2,1,1,10,0.0,0.0,0.0,0.0,0.0,0.0,0.0,0.0,0.0,0.0,0.0,0.0,0.0,0.0,0.0,0.0,0.0,0.0,0.0,0.0,0.0
external,getmoto__moto-9903,getmoto/moto,q2048_d256,11,2048,256,2,1,1,10,0.0,0.0,0.0,0.0,0.0,0.0,0.0,0.0,0.0,0.0,0.0,0.0,0.0,0.0,0.0,0.0,0.0,0.0,0.0,0.0,0.0
external,getmoto__moto-9903,getmoto/moto,q2048_d2048,11,2048,2048,2,1,1,10,0.0,0.0,0.0,0.0,0.0,0.0,0.0,0.0,0.0,0.0,0.0,0.0,0.0,0.0,0.0,0.0,0.0,0.0,0.0,0.0,0.0
external,copier-org__copier-2646,copier-org/copier,q256_d256,11,256,256,3,2,1,10,0.3333333333333333,1.0,1.0,0.5,0.0,0.3333333333333333,0.3333333333333333,0.3333333333333333,0.5,0.0,0.3333333333333333,0.2,0.2,0.5,0.0,0.6666666666666666,0.2,0.2,1.0,0.0,1.0
external,copier-org__copier-2646,copier-org/copier,q256_d2048,11,256,2048,3,2,1,10,0.0,0.0,0.0,0.0,0.0,0.3333333333333333,0.3333333333333333,0.3333333333333333,0.0,1.0,0.3333333333333333,0.2,0.2,0.0,1.0,0.3333333333333333,0.1,0.1,0.0,1.0,0.3333333333333333
external,copier-org__copier-2646,copier-org/copier,q2048_d256,11,2048,256,3,2,1,10,0.3333333333333333,1.0,1.0,0.5,0.0,0.3333333333333333,0.3333333333333333,0.3333333333333333,0.5,0.0,0.3333333333333333,0.2,0.2,0.5,0.0,0.6666666666666666,0.2,0.2,1.0,0.0,1.0
external,copier-org__copier-2646,copier-org/copier,q2048_d2048,11,2048,2048,3,2,1,10,0.0,0.0,0.0,0.0,0.0,0.3333333333333333,0.3333333333333333,0.3333333333333333,0.0,1.0,0.3333333333333333,0.2,0.2,0.0,1.0,0.6666666666666666,0.2,0.2,0.5,1.0,0.3333333333333333
external,getmoto__moto-9841,getmoto/moto,q256_d256,11,256,256,4,2,2,10,0.25,1.0,1.0,0.0,0.5,0.5,0.6666666666666666,0.6666666666666666,0.5,0.5,0.5,0.4,0.4,0.5,0.5,0.5,0.2,0.2,0.5,0.5,1.0
external,getmoto__moto-9841,getmoto/moto,q256_d2048,11,256,2048,4,2,2,10,0.25,1.0,1.0,0.0,0.5,0.5,0.6666666666666666,0.6666666666666666,0.5,0.5,0.5,0.4,0.4,0.5,0.5,0.75,0.3,0.3,1.0,0.5,1.0
external,getmoto__moto-9841,getmoto/moto,q2048_d256,11,2048,256,4,2,2,10,0.25,1.0,1.0,0.0,0.5,0.5,0.6666666666666666,0.6666666666666666,0.5,0.5,0.5,0.4,0.4,0.5,0.5,0.5,0.2,0.2,0.5,0.5,1.0
external,getmoto__moto-9841,getmoto/moto,q2048_d2048,11,2048,2048,4,2,2,10,0.25,1.0,1.0,0.0,0.5,0.5,0.6666666666666666,0.6666666666666666,0.5,0.5,0.5,0.4,0.4,0.5,0.5,0.75,0.3,0.3,1.0,0.5,1.0
external,ultraplot__ultraplot-696,Ultraplot/UltraPlot,q256_d256,11,256,256,2,1,1,10,0.0,0.0,0.0,0.0,0.0,0.0,0.0,0.0,0.0,0.0,0.0,0.0,0.0,0.0,0.0,0.0,0.0,0.0,0.0,0.0,0.0
external,ultraplot__ultraplot-696,Ultraplot/UltraPlot,q256_d2048,11,256,2048,2,1,1,10,0.0,0.0,0.0,0.0,0.0,0.0,0.0,0.0,0.0,0.0,0.0,0.0,0.0,0.0,0.0,0.0,0.0,0.0,0.0,0.0,0.0
external,ultraplot__ultraplot-696,Ultraplot/UltraPlot,q2048_d256,11,2048,256,2,1,1,10,0.0,0.0,0.0,0.0,0.0,0.0,0.0,0.0,0.0,0.0,0.0,0.0,0.0,0.0,0.0,0.5,0.1,0.1,0.0,1.0,0.14285714285714285
external,ultraplot__ultraplot-696,Ultraplot/UltraPlot,q2048_d2048,11,2048,2048,2,1,1,10,0.0,0.0,0.0,0.0,0.0,0.0,0.0,0.0,0.0,0.0,0.0,0.0,0.0,0.0,0.0,0.0,0.0,0.0,0.0,0.0,0.0
external,schemathesis__schemathesis-4087,schemathesis/schemathesis,q256_d256,11,256,256,3,1,2,10,0.0,0.0,0.0,0.0,0.0,0.0,0.0,0.0,0.0,0.0,0.0,0.0,0.0,0.0,0.0,0.3333333333333333,0.1,0.1,1.0,0.0,0.125
external,schemathesis__schemathesis-4087,schemathesis/schemathesis,q256_d2048,11,256,2048,3,1,2,10,0.0,0.0,0.0,0.0,0.0,0.0,0.0,0.0,0.0,0.0,0.0,0.0,0.0,0.0,0.0,0.0,0.0,0.0,0.0,0.0,0.0
external,schemathesis__schemathesis-4087,schemathesis/schemathesis,q2048_d256,11,2048,256,3,1,2,10,0.0,0.0,0.0,0.0,0.0,0.0,0.0,0.0,0.0,0.0,0.0,0.0,0.0,0.0,0.0,0.3333333333333333,0.1,0.1,1.0,0.0,0.125
external,schemathesis__schemathesis-4087,schemathesis/schemathesis,q2048_d2048,11,2048,2048,3,1,2,10,0.0,0.0,0.0,0.0,0.0,0.0,0.0,0.0,0.0,0.0,0.0,0.0,0.0,0.0,0.0,0.0,0.0,0.0,0.0,0.0,0.0
