task_id,repo,language,task_category,created_at,gold_code_files,gold_test_files,gold_all_files,candidate_path_count,test_command
apache__dubbo-2750,apache/dubbo,Java,Feature,2018-11-07 08:22:39+00:00,"[""dubbo-config/dubbo-config-api/src/main/java/com/alibaba/dubbo/config/ServiceConfig.java""]","[""dubbo-config/dubbo-config-api/src/test/java/com/alibaba/dubbo/config/ServiceConfigTest.java""]","[""dubbo-config/dubbo-config-api/src/main/java/com/alibaba/dubbo/config/ServiceConfig.java"", ""dubbo-config/dubbo-config-api/src/test/java/com/alibaba/dubbo/config/ServiceConfigTest.java""]",132,"find /testbed -path ""*/target/surefire-reports/TEST-*.xml"" -delete; export JAVA_HOME=/usr/lib/jvm/java-1.8.0-amazon-corretto.x86_64/ && update-alternatives --set java /usr/lib/jvm/java-1.8.0-amazon-corretto.x86_64/jre/bin/java && if [ -e mvnw ]; then ./mvnw test -am -Dtest=ServiceConfigTest -DfailIfNoTests=false -fae surefire-report:report -Dsurefire.failIfNoSpecifiedTests=false; else mvn test -am -Dtest=ServiceConfigTest -DfailIfNoTests=false -fae surefire-report:report -Dsurefire.failIfNoSpecifiedTests=false; fi; find /testbed -path ""*/target/surefire-reports/TEST-*.xml"" | while read -r file; do cat ""$file""; done"
trinodb__trino-117,trinodb/trino,Java,Feature,2019-01-31 07:25:17+00:00,"[""presto-cli/src/main/java/io/prestosql/cli/ClientOptions.java""]","[""presto-cli/src/test/java/io/prestosql/cli/TestClientOptions.java""]","[""presto-cli/src/main/java/io/prestosql/cli/ClientOptions.java"", ""presto-cli/src/test/java/io/prestosql/cli/TestClientOptions.java""]",258,"find /testbed -path ""*/target/surefire-reports/TEST-*.xml"" -delete; export JAVA_HOME=/usr/lib/jvm/java-11-amazon-corretto.x86_64/ && update-alternatives --set java /usr/lib/jvm/java-11-amazon-corretto.x86_64/bin/java && sed -i '/<properties>/a \    <air.check.skip-all>true</air.check.skip-all>\n    <checkstyle.skip>true</checkstyle.skip>' pom.xml && sed -i 's/<module>presto-server-rpm<\/module>/ /g' pom.xml && ./mvnw clean test -am -Dtest=TestClientOptions -DfailIfNoTests=false -fae surefire-report:report -Dsurefire.failIfNoSpecifiedTests=false -B; find /testbed -path ""*/target/surefire-reports/TEST-*.xml"" | while read -r file; do cat ""$file""; done"
trinodb__trino-741,trinodb/trino,Java,Feature,2019-05-10 17:26:14+00:00,"[""presto-hive/src/main/java/io/prestosql/plugin/hive/metastore/glue/GlueHiveMetastore.java"", ""presto-hive/src/main/java/io/prestosql/plugin/hive/s3/PrestoS3ClientFactory.java"", ""presto-hive/src/main/java/io/prestosql/plugin/hive/s3/PrestoS3FileSystem.java""]","[""presto-hive/src/test/java/io/prestosql/plugin/hive/s3/TestPrestoS3FileSystem.java""]","[""presto-hive/src/main/java/io/prestosql/plugin/hive/metastore/glue/GlueHiveMetastore.java"", ""presto-hive/src/main/java/io/prestosql/plugin/hive/s3/PrestoS3ClientFactory.java"", ""presto-hive/src/main/java/io/prestosql/plugin/hive/s3/PrestoS3FileSystem.java"", ""presto-hive/src/test/java/io/prestosql/plugin/hive/s3/TestPrestoS3FileSystem.java""]",258,"find /testbed -path ""*/target/surefire-reports/TEST-*.xml"" -delete; export JAVA_HOME=/usr/lib/jvm/java-11-amazon-corretto.x86_64/ && update-alternatives --set java /usr/lib/jvm/java-11-amazon-corretto.x86_64/bin/java && sed -i '/<properties>/a \    <air.check.skip-all>true</air.check.skip-all>\n    <checkstyle.skip>true</checkstyle.skip>' pom.xml && sed -i 's/<module>presto-server-rpm<\/module>/ /g' pom.xml && ./mvnw clean test -am -Dtest=TestPrestoS3FileSystem -DfailIfNoTests=false -fae surefire-report:report -Dsurefire.failIfNoSpecifiedTests=false -B; find /testbed -path ""*/target/surefire-reports/TEST-*.xml"" | while read -r file; do cat ""$file""; done"
trinodb__trino-748,trinodb/trino,Java,Feature,2019-05-11 20:31:24+00:00,"[""presto-hive/src/main/java/io/prestosql/plugin/hive/metastore/glue/GlueHiveMetastore.java"", ""presto-hive/src/main/java/io/prestosql/plugin/hive/metastore/glue/GlueHiveMetastoreConfig.java""]","[""presto-hive/src/test/java/io/prestosql/plugin/hive/metastore/glue/TestGlueHiveMetastoreConfig.java""]","[""presto-hive/src/main/java/io/prestosql/plugin/hive/metastore/glue/GlueHiveMetastore.java"", ""presto-hive/src/main/java/io/prestosql/plugin/hive/metastore/glue/GlueHiveMetastoreConfig.java"", ""presto-hive/src/test/java/io/prestosql/plugin/hive/metastore/glue/TestGlueHiveMetastoreConfig.java""]",258,"find /testbed -path ""*/target/surefire-reports/TEST-*.xml"" -delete; export JAVA_HOME=/usr/lib/jvm/java-11-amazon-corretto.x86_64/ && update-alternatives --set java /usr/lib/jvm/java-11-amazon-corretto.x86_64/bin/java && sed -i '/<properties>/a \    <air.check.skip-all>true</air.check.skip-all>\n    <checkstyle.skip>true</checkstyle.skip>' pom.xml && sed -i 's/<module>presto-server-rpm<\/module>/ /g' pom.xml && ./mvnw clean test -am -Dtest=TestGlueHiveMetastoreConfig -DfailIfNoTests=false -fae surefire-report:report -Dsurefire.failIfNoSpecifiedTests=false -B; find /testbed -path ""*/target/surefire-reports/TEST-*.xml"" | while read -r file; do cat ""$file""; done"
trinodb__trino-799,trinodb/trino,Java,Feature,2019-05-21 07:05:10+00:00,"[""presto-main/src/main/java/io/prestosql/execution/resourcegroups/IndexedPriorityQueue.java"", ""presto-main/src/main/java/io/prestosql/execution/scheduler/NodeAssignmentStats.java"", ""presto-main/src/main/java/io/prestosql/execution/scheduler/NodeScheduler.java"", ""presto-main/src/main/java/io/prestosql/execution/scheduler/NodeSchedulerConfig.java"", ""presto-main/src/main/java/io/prestosql/execution/scheduler/SimpleNodeSelector.java""]","[""presto-main/src/test/java/io/prestosql/execution/TestNodeScheduler.java"", ""presto-main/src/test/java/io/prestosql/execution/TestNodeSchedulerConfig.java""]","[""presto-main/src/main/java/io/prestosql/execution/resourcegroups/IndexedPriorityQueue.java"", ""presto-main/src/main/java/io/prestosql/execution/scheduler/NodeAssignmentStats.java"", ""presto-main/src/main/java/io/prestosql/execution/scheduler/NodeScheduler.java"", ""presto-main/src/main/java/io/prestosql/execution/scheduler/NodeSchedulerConfig.java"", ""presto-main/src/main/java/io/prestosql/execution/scheduler/SimpleNodeSelector.java"", ""presto-main/src/test/java/io/prestosql/execution/TestNodeScheduler.java"", ""presto-main/src/test/java/io/prestosql/execution/TestNodeSchedulerConfig.java""]",258,"find /testbed -path ""*/target/surefire-reports/TEST-*.xml"" -delete; export JAVA_HOME=/usr/lib/jvm/java-11-amazon-corretto.x86_64/ && update-alternatives --set java /usr/lib/jvm/java-11-amazon-corretto.x86_64/bin/java && sed -i '/<properties>/a \    <air.check.skip-all>true</air.check.skip-all>\n    <checkstyle.skip>true</checkstyle.skip>' pom.xml && sed -i 's/<module>presto-server-rpm<\/module>/ /g' pom.xml && ./mvnw clean test -am -Dtest=TestNodeScheduler,TestNodeSchedulerConfig -DfailIfNoTests=false -fae surefire-report:report -Dsurefire.failIfNoSpecifiedTests=false -B; find /testbed -path ""*/target/surefire-reports/TEST-*.xml"" | while read -r file; do cat ""$file""; done"
trinodb__trino-1090,trinodb/trino,Java,Feature,2019-07-06 14:23:28+00:00,"[""presto-hive/src/main/java/io/prestosql/plugin/hive/HiveMetadata.java"", ""presto-hive/src/main/java/io/prestosql/plugin/hive/HiveTableProperties.java"", ""presto-hive/src/main/java/io/prestosql/plugin/hive/util/HiveUtil.java""]","[""presto-hive/src/test/java/io/prestosql/plugin/hive/TestBackgroundHiveSplitLoader.java"", ""presto-hive/src/test/java/io/prestosql/plugin/hive/TestHiveIntegrationSmokeTest.java"", ""presto-product-tests/src/main/java/io/prestosql/tests/hive/TestTextFileHiveTable.java"", ""presto-product-tests/src/main/resources/sql-tests/datasets/csv_with_footer.data"", ""presto-product-tests/src/main/resources/sql-tests/datasets/csv_with_footer.ddl"", ""presto-product-tests/src/main/resources/sql-tests/datasets/csv_with_header.data"", ""presto-product-tests/src/main/resources/sql-tests/datasets/csv_with_header.ddl"", ""presto-product-tests/src/main/resources/sql-tests/datasets/csv_with_header_and_footer.data"", ""presto-product-tests/src/main/resources/sql-tests/datasets/csv_with_header_and_footer.ddl"", ""presto-product-tests/src/main/resources/sql-tests/testcases/csv_tables_with_header_and_footer.sql""]","[""presto-hive/src/main/java/io/prestosql/plugin/hive/HiveMetadata.java"", ""presto-hive/src/main/java/io/prestosql/plugin/hive/HiveTableProperties.java"", ""presto-hive/src/main/java/io/prestosql/plugin/hive/util/HiveUtil.java"", ""presto-hive/src/test/java/io/prestosql/plugin/hive/TestBackgroundHiveSplitLoader.java"", ""presto-hive/src/test/java/io/prestosql/plugin/hive/TestHiveIntegrationSmokeTest.java"", ""presto-product-tests/src/main/java/io/prestosql/tests/hive/TestTextFileHiveTable.java"", ""presto-product-tests/src/main/resources/sql-tests/datasets/csv_with_footer.data"", ""presto-product-tests/src/main/resources/sql-tests/datasets/csv_with_footer.ddl"", ""presto-product-tests/src/main/resources/sql-tests/datasets/csv_with_header.data"", ""presto-product-tests/src/main/resources/sql-tests/datasets/csv_with_header.ddl"", ""presto-product-tests/src/main/resources/sql-tests/datasets/csv_with_header_and_footer.data"", ""presto-product-tests/src/main/resources/sql-tests/datasets/csv_with_header_and_footer.ddl"", ""presto-product-tests/src/main/resources/sql-tests/testcases/csv_tables_with_header_and_footer.sql""]",258,"find /testbed -path ""*/target/surefire-reports/TEST-*.xml"" -delete; export JAVA_HOME=/usr/lib/jvm/java-11-amazon-corretto.x86_64/ && update-alternatives --set java /usr/lib/jvm/java-11-amazon-corretto.x86_64/bin/java && sed -i '/<properties>/a \    <air.check.skip-all>true</air.check.skip-all>\n    <checkstyle.skip>true</checkstyle.skip>' pom.xml && sed -i 's/<module>presto-server-rpm<\/module>/ /g' pom.xml && ./mvnw clean test -am -Dtest=TestHiveIntegrationSmokeTest,TestTextFileHiveTable,TestBackgroundHiveSplitLoader,csv_with_footer.data,csv_with_header_and_footer.data,csv_with_header_and_footer.ddl,csv_tables_with_header_and_footer.sql,csv_with_header.data,csv_with_footer.ddl,csv_with_header.ddl -DfailIfNoTests=false -fae surefire-report:report -Dsurefire.failIfNoSpecifiedTests=false -B; find /testbed -path ""*/target/surefire-reports/TEST-*.xml"" | while read -r file; do cat ""$file""; done"
trinodb__trino-1174,trinodb/trino,Java,Feature,2019-07-24 23:10:49+00:00,"[""presto-base-jdbc/src/main/java/io/prestosql/plugin/jdbc/BaseJdbcClient.java"", ""presto-base-jdbc/src/main/java/io/prestosql/plugin/jdbc/ColumnMapping.java"", ""presto-base-jdbc/src/main/java/io/prestosql/plugin/jdbc/ForwardingJdbcClient.java"", ""presto-base-jdbc/src/main/java/io/prestosql/plugin/jdbc/JdbcClient.java"", ""presto-base-jdbc/src/main/java/io/prestosql/plugin/jdbc/JdbcMetadata.java"", ""presto-base-jdbc/src/main/java/io/prestosql/plugin/jdbc/JdbcOutputTableHandle.java"", ""presto-base-jdbc/src/main/java/io/prestosql/plugin/jdbc/JdbcPageSink.java"", ""presto-base-jdbc/src/main/java/io/prestosql/plugin/jdbc/WriteMapping.java"", ""presto-base-jdbc/src/main/java/io/prestosql/plugin/jdbc/WriteNullFunction.java"", ""presto-base-jdbc/src/main/java/io/prestosql/plugin/jdbc/jmx/StatisticsAwareJdbcClient.java"", ""presto-phoenix/src/main/java/io/prestosql/plugin/phoenix/PhoenixMetadata.java"", ""presto-phoenix/src/main/java/io/prestosql/plugin/phoenix/PhoenixOutputTableHandle.java"", ""presto-sqlserver/src/main/java/io/prestosql/plugin/sqlserver/SqlServerClient.java""]","[""presto-base-jdbc/src/test/java/io/prestosql/plugin/jdbc/TestJdbcOutputTableHandle.java"", ""presto-sqlserver/src/test/java/io/prestosql/plugin/sqlserver/TestSqlServerIntegrationSmokeTest.java""]","[""presto-base-jdbc/src/main/java/io/prestosql/plugin/jdbc/BaseJdbcClient.java"", ""presto-base-jdbc/src/main/java/io/prestosql/plugin/jdbc/ColumnMapping.java"", ""presto-base-jdbc/src/main/java/io/prestosql/plugin/jdbc/ForwardingJdbcClient.java"", ""presto-base-jdbc/src/main/java/io/prestosql/plugin/jdbc/JdbcClient.java"", ""presto-base-jdbc/src/main/java/io/prestosql/plugin/jdbc/JdbcMetadata.java"", ""presto-base-jdbc/src/main/java/io/prestosql/plugin/jdbc/JdbcOutputTableHandle.java"", ""presto-base-jdbc/src/main/java/io/prestosql/plugin/jdbc/JdbcPageSink.java"", ""presto-base-jdbc/src/main/java/io/prestosql/plugin/jdbc/WriteMapping.java"", ""presto-base-jdbc/src/main/java/io/prestosql/plugin/jdbc/WriteNullFunction.java"", ""presto-base-jdbc/src/main/java/io/prestosql/plugin/jdbc/jmx/StatisticsAwareJdbcClient.java"", ""presto-base-jdbc/src/test/java/io/prestosql/plugin/jdbc/TestJdbcOutputTableHandle.java"", ""presto-phoenix/src/main/java/io/prestosql/plugin/phoenix/PhoenixMetadata.java"", ""presto-phoenix/src/main/java/io/prestosql/plugin/phoenix/PhoenixOutputTableHandle.java"", ""presto-sqlserver/src/main/java/io/prestosql/plugin/sqlserver/SqlServerClient.java"", ""presto-sqlserver/src/test/java/io/prestosql/plugin/sqlserver/TestSqlServerIntegrationSmokeTest.java""]",258,"find /testbed -path ""*/target/surefire-reports/TEST-*.xml"" -delete; export JAVA_HOME=/usr/lib/jvm/java-11-amazon-corretto.x86_64/ && update-alternatives --set java /usr/lib/jvm/java-11-amazon-corretto.x86_64/bin/java && sed -i '/<properties>/a \    <air.check.skip-all>true</air.check.skip-all>\n    <checkstyle.skip>true</checkstyle.skip>' pom.xml && sed -i 's/<module>presto-server-rpm<\/module>/ /g' pom.xml && ./mvnw clean test -am -Dtest=TestJdbcOutputTableHandle,TestSqlServerIntegrationSmokeTest -DfailIfNoTests=false -fae surefire-report:report -Dsurefire.failIfNoSpecifiedTests=false -B; find /testbed -path ""*/target/surefire-reports/TEST-*.xml"" | while read -r file; do cat ""$file""; done"
trinodb__trino-1848,trinodb/trino,Java,Feature,2019-10-24 00:03:48+00:00,"[""presto-docs/src/main/sphinx/functions/math.rst"", ""presto-main/src/main/java/io/prestosql/operator/scalar/MathFunctions.java""]","[""presto-main/src/test/java/io/prestosql/operator/scalar/TestMathFunctions.java""]","[""presto-docs/src/main/sphinx/functions/math.rst"", ""presto-main/src/main/java/io/prestosql/operator/scalar/MathFunctions.java"", ""presto-main/src/test/java/io/prestosql/operator/scalar/TestMathFunctions.java""]",258,"find /testbed -path ""*/target/surefire-reports/TEST-*.xml"" -delete; export JAVA_HOME=/usr/lib/jvm/java-11-amazon-corretto.x86_64/ && update-alternatives --set java /usr/lib/jvm/java-11-amazon-corretto.x86_64/bin/java && sed -i '/<properties>/a \    <air.check.skip-all>true</air.check.skip-all>\n    <checkstyle.skip>true</checkstyle.skip>' pom.xml && sed -i 's/<module>presto-server-rpm<\/module>/ /g' pom.xml && ./mvnw clean test -am -Dtest=TestMathFunctions -DfailIfNoTests=false -fae surefire-report:report -Dsurefire.failIfNoSpecifiedTests=false -B; find /testbed -path ""*/target/surefire-reports/TEST-*.xml"" | while read -r file; do cat ""$file""; done"
trinodb__trino-1872,trinodb/trino,Java,Feature,2019-10-26 10:09:49+00:00,"[""presto-main/src/main/java/io/prestosql/SystemSessionProperties.java"", ""presto-main/src/main/java/io/prestosql/sql/analyzer/FeaturesConfig.java"", ""presto-main/src/main/java/io/prestosql/sql/planner/optimizations/AddExchanges.java""]","[""presto-main/src/test/java/io/prestosql/sql/analyzer/TestFeaturesConfig.java"", ""presto-main/src/test/java/io/prestosql/sql/planner/assertions/ExchangeMatcher.java"", ""presto-main/src/test/java/io/prestosql/sql/planner/assertions/PlanMatchPattern.java"", ""presto-main/src/test/java/io/prestosql/sql/planner/optimizations/TestAddExchangesPlans.java"", ""presto-testing/src/main/java/io/prestosql/testing/AbstractTestQueries.java""]","[""presto-main/src/main/java/io/prestosql/SystemSessionProperties.java"", ""presto-main/src/main/java/io/prestosql/sql/analyzer/FeaturesConfig.java"", ""presto-main/src/main/java/io/prestosql/sql/planner/optimizations/AddExchanges.java"", ""presto-main/src/test/java/io/prestosql/sql/analyzer/TestFeaturesConfig.java"", ""presto-main/src/test/java/io/prestosql/sql/planner/assertions/ExchangeMatcher.java"", ""presto-main/src/test/java/io/prestosql/sql/planner/assertions/PlanMatchPattern.java"", ""presto-main/src/test/java/io/prestosql/sql/planner/optimizations/TestAddExchangesPlans.java"", ""presto-testing/src/main/java/io/prestosql/testing/AbstractTestQueries.java""]",258,"find /testbed -path ""*/target/surefire-reports/TEST-*.xml"" -delete; export JAVA_HOME=/usr/lib/jvm/java-11-amazon-corretto.x86_64/ && update-alternatives --set java /usr/lib/jvm/java-11-amazon-corretto.x86_64/bin/java && sed -i '/<properties>/a \    <air.check.skip-all>true</air.check.skip-all>\n    <checkstyle.skip>true</checkstyle.skip>' pom.xml && sed -i 's/<module>presto-server-rpm<\/module>/ /g' pom.xml && ./mvnw clean test -am -Dtest=PlanMatchPattern,TestAddExchangesPlans,TestFeaturesConfig,AbstractTestQueries,ExchangeMatcher -DfailIfNoTests=false -fae surefire-report:report -Dsurefire.failIfNoSpecifiedTests=false -B; find /testbed -path ""*/target/surefire-reports/TEST-*.xml"" | while read -r file; do cat ""$file""; done"
trinodb__trino-3392,trinodb/trino,Java,Feature,2020-04-09 11:45:50+00:00,"[""presto-docs/src/main/sphinx/functions/list.rst"", ""presto-docs/src/main/sphinx/functions/string.rst"", ""presto-main/src/main/java/io/prestosql/operator/scalar/StringFunctions.java""]","[""presto-main/src/test/java/io/prestosql/operator/scalar/TestStringFunctions.java""]","[""presto-docs/src/main/sphinx/functions/list.rst"", ""presto-docs/src/main/sphinx/functions/string.rst"", ""presto-main/src/main/java/io/prestosql/operator/scalar/StringFunctions.java"", ""presto-main/src/test/java/io/prestosql/operator/scalar/TestStringFunctions.java""]",258,"find /testbed -path ""*/target/surefire-reports/TEST-*.xml"" -delete; export JAVA_HOME=/usr/lib/jvm/java-11-amazon-corretto.x86_64/ && update-alternatives --set java /usr/lib/jvm/java-11-amazon-corretto.x86_64/bin/java && sed -i '/<properties>/a \    <air.check.skip-all>true</air.check.skip-all>\n    <checkstyle.skip>true</checkstyle.skip>' pom.xml && sed -i 's/<module>presto-server-rpm<\/module>/ /g' pom.xml && ./mvnw clean test -am -Dtest=TestStringFunctions -DfailIfNoTests=false -fae surefire-report:report -Dsurefire.failIfNoSpecifiedTests=false -B; find /testbed -path ""*/target/surefire-reports/TEST-*.xml"" | while read -r file; do cat ""$file""; done"
trinodb__trino-3638,trinodb/trino,Java,Feature,2020-05-06 05:51:22+00:00,"[""presto-hive/src/main/java/io/prestosql/plugin/hive/HiveConfig.java"", ""presto-hive/src/main/java/io/prestosql/plugin/hive/HiveMetadataFactory.java"", ""presto-hive/src/main/java/io/prestosql/plugin/hive/metastore/SemiTransactionalHiveMetastore.java""]","[""presto-hive/src/test/java/io/prestosql/plugin/hive/AbstractTestHive.java"", ""presto-hive/src/test/java/io/prestosql/plugin/hive/TestHiveConfig.java"", ""presto-hive/src/test/java/io/prestosql/plugin/hive/metastore/TestSemiTransactionalHiveMetastore.java""]","[""presto-hive/src/main/java/io/prestosql/plugin/hive/HiveConfig.java"", ""presto-hive/src/main/java/io/prestosql/plugin/hive/HiveMetadataFactory.java"", ""presto-hive/src/main/java/io/prestosql/plugin/hive/metastore/SemiTransactionalHiveMetastore.java"", ""presto-hive/src/test/java/io/prestosql/plugin/hive/AbstractTestHive.java"", ""presto-hive/src/test/java/io/prestosql/plugin/hive/TestHiveConfig.java"", ""presto-hive/src/test/java/io/prestosql/plugin/hive/metastore/TestSemiTransactionalHiveMetastore.java""]",258,"find /testbed -path ""*/target/surefire-reports/TEST-*.xml"" -delete; export JAVA_HOME=/usr/lib/jvm/java-11-amazon-corretto.x86_64/ && update-alternatives --set java /usr/lib/jvm/java-11-amazon-corretto.x86_64/bin/java && sed -i '/<properties>/a \    <air.check.skip-all>true</air.check.skip-all>\n    <checkstyle.skip>true</checkstyle.skip>' pom.xml && sed -i 's/<module>presto-server-rpm<\/module>/ /g' pom.xml && ./mvnw clean test -am -Dtest=TestHiveConfig,AbstractTestHive,TestSemiTransactionalHiveMetastore -DfailIfNoTests=false -fae surefire-report:report -Dsurefire.failIfNoSpecifiedTests=false -B; find /testbed -path ""*/target/surefire-reports/TEST-*.xml"" | while read -r file; do cat ""$file""; done"
trinodb__trino-3771,trinodb/trino,Java,Feature,2020-05-18 13:17:30+00:00,"[""presto-docs/src/main/sphinx/connector/hive.rst"", ""presto-hive/src/main/java/io/prestosql/plugin/hive/metastore/thrift/ThriftHiveMetastore.java"", ""presto-hive/src/main/java/io/prestosql/plugin/hive/metastore/thrift/ThriftMetastoreConfig.java""]","[""presto-hive/src/test/java/io/prestosql/plugin/hive/metastore/thrift/TestThriftMetastoreConfig.java""]","[""presto-docs/src/main/sphinx/connector/hive.rst"", ""presto-hive/src/main/java/io/prestosql/plugin/hive/metastore/thrift/ThriftHiveMetastore.java"", ""presto-hive/src/main/java/io/prestosql/plugin/hive/metastore/thrift/ThriftMetastoreConfig.java"", ""presto-hive/src/test/java/io/prestosql/plugin/hive/metastore/thrift/TestThriftMetastoreConfig.java""]",258,"find /testbed -path ""*/target/surefire-reports/TEST-*.xml"" -delete; export JAVA_HOME=/usr/lib/jvm/java-11-amazon-corretto.x86_64/ && update-alternatives --set java /usr/lib/jvm/java-11-amazon-corretto.x86_64/bin/java && sed -i '/<properties>/a \    <air.check.skip-all>true</air.check.skip-all>\n    <checkstyle.skip>true</checkstyle.skip>' pom.xml && sed -i 's/<module>presto-server-rpm<\/module>/ /g' pom.xml && ./mvnw clean test -am -Dtest=TestThriftMetastoreConfig -DfailIfNoTests=false -fae surefire-report:report -Dsurefire.failIfNoSpecifiedTests=false -B; find /testbed -path ""*/target/surefire-reports/TEST-*.xml"" | while read -r file; do cat ""$file""; done"
trinodb__trino-4458,trinodb/trino,Java,Feature,2020-07-15 15:28:20+00:00,"[""presto-hive/pom.xml"", ""presto-hive/src/main/java/io/prestosql/plugin/hive/metastore/cache/CachingHiveMetastore.java""]","[""presto-hive/src/test/java/io/prestosql/plugin/hive/AbstractTestHiveFileSystem.java"", ""presto-hive/src/test/java/io/prestosql/plugin/hive/metastore/cache/TestCachingHiveMetastore.java""]","[""presto-hive/pom.xml"", ""presto-hive/src/main/java/io/prestosql/plugin/hive/metastore/cache/CachingHiveMetastore.java"", ""presto-hive/src/test/java/io/prestosql/plugin/hive/AbstractTestHiveFileSystem.java"", ""presto-hive/src/test/java/io/prestosql/plugin/hive/metastore/cache/TestCachingHiveMetastore.java""]",258,"find /testbed -path ""*/target/surefire-reports/TEST-*.xml"" -delete; export JAVA_HOME=/usr/lib/jvm/java-11-amazon-corretto.x86_64/ && update-alternatives --set java /usr/lib/jvm/java-11-amazon-corretto.x86_64/bin/java && sed -i '/<properties>/a \    <air.check.skip-all>true</air.check.skip-all>\n    <checkstyle.skip>true</checkstyle.skip>' pom.xml && sed -i 's/<module>presto-server-rpm<\/module>/ /g' pom.xml && ./mvnw clean test -am -Dtest=AbstractTestHiveFileSystem,TestCachingHiveMetastore -DfailIfNoTests=false -fae surefire-report:report -Dsurefire.failIfNoSpecifiedTests=false -B; find /testbed -path ""*/target/surefire-reports/TEST-*.xml"" | while read -r file; do cat ""$file""; done"
google__guava-3971,google/guava,Java,Feature,2020-07-22 16:03:19+00:00,"[""android/guava/src/com/google/common/util/concurrent/Uninterruptibles.java"", ""guava/src/com/google/common/util/concurrent/Uninterruptibles.java""]","[""android/guava-tests/test/com/google/common/util/concurrent/UninterruptiblesTest.java"", ""guava-tests/test/com/google/common/util/concurrent/UninterruptiblesTest.java""]","[""android/guava-tests/test/com/google/common/util/concurrent/UninterruptiblesTest.java"", ""android/guava/src/com/google/common/util/concurrent/Uninterruptibles.java"", ""guava-tests/test/com/google/common/util/concurrent/UninterruptiblesTest.java"", ""guava/src/com/google/common/util/concurrent/Uninterruptibles.java""]",23,"find /testbed -path ""*/target/surefire-reports/TEST-*.xml"" -delete; export JAVA_HOME=/usr/lib/jvm/java-1.8.0-amazon-corretto.x86_64/ && sed -i 's/^.*regex.*PackageSanityTests.*$/<exclude>%regex[.*PackageSanityTests.*.class]<\/exclude><exclude>%regex[.*InetAddressesTest.*]<\/exclude><exclude>%regex[.*MoreFilesTest.*]<\/exclude>/g' pom.xml && sed -i 's/<module>guava-gwt<\/module>/ /g' pom.xml && rm -rf ./guava-gwt/ && update-alternatives --set java /usr/lib/jvm/java-1.8.0-amazon-corretto.x86_64/jre/bin/java && if [ -e mvnw ]; then ./mvnw test -am -Dtest=UninterruptiblesTest -DfailIfNoTests=false -fae surefire-report:report -Dsurefire.failIfNoSpecifiedTests=false; else mvn test -am -Dtest=UninterruptiblesTest -DfailIfNoTests=false -fae surefire-report:report -Dsurefire.failIfNoSpecifiedTests=false; fi; find /testbed -path ""*/target/surefire-reports/TEST-*.xml"" | while read -r file; do cat ""$file""; done"
trinodb__trino-4600,trinodb/trino,Java,Feature,2020-07-27 15:23:36+00:00,"[""presto-client/src/main/java/io/prestosql/client/StageStats.java"", ""presto-client/src/main/java/io/prestosql/client/StatementStats.java"", ""presto-main/src/main/java/io/prestosql/server/protocol/Query.java""]","[""presto-jdbc/src/test/java/io/prestosql/jdbc/TestProgressMonitor.java""]","[""presto-client/src/main/java/io/prestosql/client/StageStats.java"", ""presto-client/src/main/java/io/prestosql/client/StatementStats.java"", ""presto-jdbc/src/test/java/io/prestosql/jdbc/TestProgressMonitor.java"", ""presto-main/src/main/java/io/prestosql/server/protocol/Query.java""]",258,"find /testbed -path ""*/target/surefire-reports/TEST-*.xml"" -delete; export JAVA_HOME=/usr/lib/jvm/java-11-amazon-corretto.x86_64/ && update-alternatives --set java /usr/lib/jvm/java-11-amazon-corretto.x86_64/bin/java && sed -i '/<properties>/a \    <air.check.skip-all>true</air.check.skip-all>\n    <checkstyle.skip>true</checkstyle.skip>' pom.xml && sed -i 's/<module>presto-server-rpm<\/module>/ /g' pom.xml && ./mvnw clean test -am -Dtest=TestProgressMonitor -DfailIfNoTests=false -fae surefire-report:report -Dsurefire.failIfNoSpecifiedTests=false -B; find /testbed -path ""*/target/surefire-reports/TEST-*.xml"" | while read -r file; do cat ""$file""; done"
trinodb__trino-5507,trinodb/trino,Java,Feature,2020-10-10 15:33:45+00:00,"[""presto-jdbc/pom.xml"", ""presto-jdbc/src/main/java/io/prestosql/jdbc/PrestoDatabaseMetaData.java"", ""presto-jdbc/src/main/java/io/prestosql/jdbc/PrestoPreparedStatement.java""]","[""presto-jdbc/src/test/java/io/prestosql/jdbc/TestJdbcPreparedStatement.java"", ""presto-jdbc/src/test/java/io/prestosql/jdbc/TestPrestoDatabaseMetaData.java"", ""presto-jdbc/src/test/java/io/prestosql/jdbc/TestingJdbcUtils.java""]","[""presto-jdbc/pom.xml"", ""presto-jdbc/src/main/java/io/prestosql/jdbc/PrestoDatabaseMetaData.java"", ""presto-jdbc/src/main/java/io/prestosql/jdbc/PrestoPreparedStatement.java"", ""presto-jdbc/src/test/java/io/prestosql/jdbc/TestJdbcPreparedStatement.java"", ""presto-jdbc/src/test/java/io/prestosql/jdbc/TestPrestoDatabaseMetaData.java"", ""presto-jdbc/src/test/java/io/prestosql/jdbc/TestingJdbcUtils.java""]",258,"find /testbed -path ""*/target/surefire-reports/TEST-*.xml"" -delete; export JAVA_HOME=/usr/lib/jvm/java-11-amazon-corretto.x86_64/ && update-alternatives --set java /usr/lib/jvm/java-11-amazon-corretto.x86_64/bin/java && sed -i '/<properties>/a \    <air.check.skip-all>true</air.check.skip-all>\n    <checkstyle.skip>true</checkstyle.skip>' pom.xml && sed -i 's/<module>presto-server-rpm<\/module>/ /g' pom.xml && ./mvnw clean test -am -Dtest=TestJdbcPreparedStatement,TestPrestoDatabaseMetaData,TestingJdbcUtils -DfailIfNoTests=false -fae surefire-report:report -Dsurefire.failIfNoSpecifiedTests=false -B; find /testbed -path ""*/target/surefire-reports/TEST-*.xml"" | while read -r file; do cat ""$file""; done"
trinodb__trino-6074,trinodb/trino,Java,Feature,2020-11-24 13:02:22+00:00,"[""presto-kafka/src/main/java/io/prestosql/plugin/kafka/encoder/json/format/MillisecondsSinceEpochFormatter.java"", ""presto-kafka/src/main/java/io/prestosql/plugin/kafka/encoder/json/format/SecondsSinceEpochFormatter.java""]","[""presto-kafka/src/test/java/io/prestosql/plugin/kafka/encoder/json/TestJsonEncoder.java"", ""presto-kafka/src/test/java/io/prestosql/plugin/kafka/encoder/json/TestMillisecondsJsonDateTimeFormatter.java"", ""presto-kafka/src/test/java/io/prestosql/plugin/kafka/encoder/json/TestSecondsJsonDateTimeFormatter.java""]","[""presto-kafka/src/main/java/io/prestosql/plugin/kafka/encoder/json/format/MillisecondsSinceEpochFormatter.java"", ""presto-kafka/src/main/java/io/prestosql/plugin/kafka/encoder/json/format/SecondsSinceEpochFormatter.java"", ""presto-kafka/src/test/java/io/prestosql/plugin/kafka/encoder/json/TestJsonEncoder.java"", ""presto-kafka/src/test/java/io/prestosql/plugin/kafka/encoder/json/TestMillisecondsJsonDateTimeFormatter.java"", ""presto-kafka/src/test/java/io/prestosql/plugin/kafka/encoder/json/TestSecondsJsonDateTimeFormatter.java""]",258,"find /testbed -path ""*/target/surefire-reports/TEST-*.xml"" -delete; export JAVA_HOME=/usr/lib/jvm/java-11-amazon-corretto.x86_64/ && update-alternatives --set java /usr/lib/jvm/java-11-amazon-corretto.x86_64/bin/java && sed -i '/<properties>/a \    <air.check.skip-all>true</air.check.skip-all>\n    <checkstyle.skip>true</checkstyle.skip>' pom.xml && sed -i 's/<module>presto-server-rpm<\/module>/ /g' pom.xml && ./mvnw clean test -am -Dtest=TestSecondsJsonDateTimeFormatter,TestMillisecondsJsonDateTimeFormatter,TestJsonEncoder -DfailIfNoTests=false -fae surefire-report:report -Dsurefire.failIfNoSpecifiedTests=false -B; find /testbed -path ""*/target/surefire-reports/TEST-*.xml"" | while read -r file; do cat ""$file""; done"
google__gson-1904,google/gson,Java,Feature,2021-06-04 14:56:02+00:00,"[""extras/src/main/java/com/google/gson/graph/GraphAdapterBuilder.java"", ""gson/src/main/java/com/google/gson/Gson.java"", ""gson/src/main/java/com/google/gson/GsonBuilder.java"", ""gson/src/main/java/com/google/gson/internal/ConstructorConstructor.java"", ""gson/src/main/java/com/google/gson/internal/UnsafeAllocator.java""]","[""gson/src/test/java/com/google/gson/GsonBuilderTest.java"", ""gson/src/test/java/com/google/gson/GsonTest.java""]","[""extras/src/main/java/com/google/gson/graph/GraphAdapterBuilder.java"", ""gson/src/main/java/com/google/gson/Gson.java"", ""gson/src/main/java/com/google/gson/GsonBuilder.java"", ""gson/src/main/java/com/google/gson/internal/ConstructorConstructor.java"", ""gson/src/main/java/com/google/gson/internal/UnsafeAllocator.java"", ""gson/src/test/java/com/google/gson/GsonBuilderTest.java"", ""gson/src/test/java/com/google/gson/GsonTest.java""]",80,"find /testbed -path ""*/target/surefire-reports/TEST-*.xml"" -delete; export JAVA_HOME=/usr/lib/jvm/java-11-amazon-corretto.x86_64/ && update-alternatives --set java /usr/lib/jvm/java-11-amazon-corretto.x86_64/bin/java && mvn clean verify -am -Dtest=GsonTest,GsonBuilderTest -DfailIfNoTests=false -fae surefire-report:report -Dsurefire.failIfNoSpecifiedTests=false; find /testbed -path ""*/target/surefire-reports/TEST-*.xml"" | while read -r file; do cat ""$file""; done"
apache__dubbo-8032,apache/dubbo,Java,Feature,2021-06-11 06:08:49+00:00,"[""dubbo-common/src/main/java/org/apache/dubbo/config/AbstractInterfaceConfig.java"", ""dubbo-config/dubbo-config-api/src/main/java/org/apache/dubbo/config/ServiceConfig.java"", ""dubbo-config/dubbo-config-api/src/main/java/org/apache/dubbo/config/bootstrap/DubboBootstrap.java""]","[""dubbo-config/dubbo-config-api/src/test/java/org/apache/dubbo/config/ServiceConfigTest.java""]","[""dubbo-common/src/main/java/org/apache/dubbo/config/AbstractInterfaceConfig.java"", ""dubbo-config/dubbo-config-api/src/main/java/org/apache/dubbo/config/ServiceConfig.java"", ""dubbo-config/dubbo-config-api/src/main/java/org/apache/dubbo/config/bootstrap/DubboBootstrap.java"", ""dubbo-config/dubbo-config-api/src/test/java/org/apache/dubbo/config/ServiceConfigTest.java""]",132,"find /testbed -path ""*/target/surefire-reports/TEST-*.xml"" -delete; export JAVA_HOME=/usr/lib/jvm/java-1.8.0-amazon-corretto.x86_64/ && update-alternatives --set java /usr/lib/jvm/java-1.8.0-amazon-corretto.x86_64/jre/bin/java && if [ -e mvnw ]; then ./mvnw test -am -Dtest=ServiceConfigTest -DfailIfNoTests=false -fae surefire-report:report -Dsurefire.failIfNoSpecifiedTests=false; else mvn test -am -Dtest=ServiceConfigTest -DfailIfNoTests=false -fae surefire-report:report -Dsurefire.failIfNoSpecifiedTests=false; fi; find /testbed -path ""*/target/surefire-reports/TEST-*.xml"" | while read -r file; do cat ""$file""; done"
apolloconfig__apollo-4119,apolloconfig/apollo,Java,Feature,2021-11-27 07:41:05+00:00,"[""apollo-adminservice/src/main/resources/application-zookeeper-discovery.properties"", ""apollo-adminservice/src/main/resources/application.yml"", ""apollo-assembly/src/main/resources/application.yml"", ""apollo-biz/pom.xml"", ""apollo-configservice/src/main/java/com/ctrip/framework/apollo/metaservice/controller/HomePageController.java"", ""apollo-configservice/src/main/java/com/ctrip/framework/apollo/metaservice/service/DefaultDiscoveryService.java"", ""apollo-configservice/src/main/java/com/ctrip/framework/apollo/metaservice/service/ConsulDiscoveryService.java"", ""apollo-configservice/src/main/java/com/ctrip/framework/apollo/metaservice/service/SpringCloudInnerDiscoveryService.java"", ""apollo-configservice/src/main/resources/application-zookeeper-discovery.properties"", ""apollo-configservice/src/main/resources/application.yml"", ""docs/zh/deployment/distributed-deployment-guide.md""]","[""apollo-adminservice/src/test/resources/application.properties"", ""apollo-biz/src/test/resources/application.properties"", ""apollo-configservice/src/test/java/com/ctrip/framework/apollo/metaservice/service/ConsulDiscoveryServiceTest.java"", ""apollo-configservice/src/test/java/com/ctrip/framework/apollo/metaservice/service/ZookeeperDiscoveryServiceTest.java"", ""apollo-configservice/src/test/resources/application.properties""]","[""apollo-adminservice/src/main/resources/application-zookeeper-discovery.properties"", ""apollo-adminservice/src/main/resources/application.yml"", ""apollo-adminservice/src/test/resources/application.properties"", ""apollo-assembly/src/main/resources/application.yml"", ""apollo-biz/pom.xml"", ""apollo-biz/src/test/resources/application.properties"", ""apollo-configservice/src/main/java/com/ctrip/framework/apollo/metaservice/controller/HomePageController.java"", ""apollo-configservice/src/main/java/com/ctrip/framework/apollo/metaservice/service/ConsulDiscoveryService.java"", ""apollo-configservice/src/main/java/com/ctrip/framework/apollo/metaservice/service/DefaultDiscoveryService.java"", ""apollo-configservice/src/main/java/com/ctrip/framework/apollo/metaservice/service/SpringCloudInnerDiscoveryService.java"", ""apollo-configservice/src/main/resources/application-zookeeper-discovery.properties"", ""apollo-configservice/src/main/resources/application.yml"", ""apollo-configservice/src/test/java/com/ctrip/framework/apollo/metaservice/service/ConsulDiscoveryServiceTest.java"", ""apollo-configservice/src/test/java/com/ctrip/framework/apollo/metaservice/service/ZookeeperDiscoveryServiceTest.java"", ""apollo-configservice/src/test/resources/application.properties"", ""docs/zh/deployment/distributed-deployment-guide.md""]",45,"find /testbed -path ""*/target/surefire-reports/TEST-*.xml"" -delete; export JAVA_HOME=/usr/lib/jvm/java-1.8.0-amazon-corretto.x86_64/ && update-alternatives --set java /usr/lib/jvm/java-1.8.0-amazon-corretto.x86_64/jre/bin/java && mvn verify -am -Dtest=application.properties,ConsulDiscoveryServiceTest,ZookeeperDiscoveryServiceTest -DfailIfNoTests=false -fae surefire-report:report -Dsurefire.failIfNoSpecifiedTests=false; find /testbed -path ""*/target/surefire-reports/TEST-*.xml"" | while read -r file; do cat ""$file""; done"
apolloconfig__apollo-4199,apolloconfig/apollo,Java,Feature,2022-01-08 02:56:11+00:00,"[""CHANGES.md"", ""apollo-client/src/main/java/com/ctrip/framework/apollo/spi/DefaultConfigFactory.java"", ""apollo-client/src/main/java/com/ctrip/framework/apollo/util/ConfigUtil.java"", ""apollo-core/src/main/java/com/ctrip/framework/apollo/core/ApolloClientSystemConsts.java""]","[""apollo-client/src/test/java/com/ctrip/framework/apollo/spi/DefaultConfigFactoryFileCachePropertyTest.java"", ""apollo-client/src/test/java/com/ctrip/framework/apollo/spi/DefaultConfigFactoryTest.java""]","[""CHANGES.md"", ""apollo-client/src/main/java/com/ctrip/framework/apollo/spi/DefaultConfigFactory.java"", ""apollo-client/src/main/java/com/ctrip/framework/apollo/util/ConfigUtil.java"", ""apollo-client/src/test/java/com/ctrip/framework/apollo/spi/DefaultConfigFactoryFileCachePropertyTest.java"", ""apollo-client/src/test/java/com/ctrip/framework/apollo/spi/DefaultConfigFactoryTest.java"", ""apollo-core/src/main/java/com/ctrip/framework/apollo/core/ApolloClientSystemConsts.java""]",45,"find /testbed -path ""*/target/surefire-reports/TEST-*.xml"" -delete; export JAVA_HOME=/usr/lib/jvm/java-1.8.0-amazon-corretto.x86_64/ && update-alternatives --set java /usr/lib/jvm/java-1.8.0-amazon-corretto.x86_64/jre/bin/java && mvn verify -am -Dtest=DefaultConfigFactoryFileCachePropertyTest,DefaultConfigFactoryTest -DfailIfNoTests=false -fae surefire-report:report -Dsurefire.failIfNoSpecifiedTests=false; find /testbed -path ""*/target/surefire-reports/TEST-*.xml"" | while read -r file; do cat ""$file""; done"
apolloconfig__apollo-4207,apolloconfig/apollo,Java,Feature,2022-01-13 07:54:11+00:00,"[""CHANGES.md"", ""apollo-portal/src/main/java/com/ctrip/framework/apollo/portal/component/config/PortalConfig.java"", ""apollo-portal/src/main/java/com/ctrip/framework/apollo/portal/util/checker/AuthUserPasswordChecker.java""]","[""apollo-portal/src/test/java/com/ctrip/framework/apollo/portal/util/AuthUserPasswordCheckerTest.java""]","[""CHANGES.md"", ""apollo-portal/src/main/java/com/ctrip/framework/apollo/portal/component/config/PortalConfig.java"", ""apollo-portal/src/main/java/com/ctrip/framework/apollo/portal/util/checker/AuthUserPasswordChecker.java"", ""apollo-portal/src/test/java/com/ctrip/framework/apollo/portal/util/AuthUserPasswordCheckerTest.java""]",45,"find /testbed -path ""*/target/surefire-reports/TEST-*.xml"" -delete; export JAVA_HOME=/usr/lib/jvm/java-1.8.0-amazon-corretto.x86_64/ && update-alternatives --set java /usr/lib/jvm/java-1.8.0-amazon-corretto.x86_64/jre/bin/java && if [ -e mvnw ]; then ./mvnw test -am -Dtest=AuthUserPasswordCheckerTest -DfailIfNoTests=false -fae surefire-report:report -Dsurefire.failIfNoSpecifiedTests=false; else mvn test -am -Dtest=AuthUserPasswordCheckerTest -DfailIfNoTests=false -fae surefire-report:report -Dsurefire.failIfNoSpecifiedTests=false; fi; find /testbed -path ""*/target/surefire-reports/TEST-*.xml"" | while read -r file; do cat ""$file""; done"
apache__rocketmq-3862,apache/rocketmq,Java,Feature,2022-02-18 07:59:10+00:00,"[""store/src/main/java/org/apache/rocketmq/store/StoreStatsService.java""]","[""store/src/test/java/org/apache/rocketmq/store/StoreStatsServiceTest.java""]","[""store/src/main/java/org/apache/rocketmq/store/StoreStatsService.java"", ""store/src/test/java/org/apache/rocketmq/store/StoreStatsServiceTest.java""]",157,"find /testbed -path ""*/target/surefire-reports/TEST-*.xml"" -delete; export JAVA_HOME=/usr/lib/jvm/java-1.8.0-amazon-corretto.x86_64/ && update-alternatives --set java /usr/lib/jvm/java-1.8.0-amazon-corretto.x86_64/jre/bin/java && mvn verify -am -Dtest=StoreStatsServiceTest -DfailIfNoTests=false -fae surefire-report:report -Dsurefire.failIfNoSpecifiedTests=false; find /testbed -path ""*/target/surefire-reports/TEST-*.xml"" | while read -r file; do cat ""$file""; done"
apache__rocketmq-4122,apache/rocketmq,Java,Feature,2022-04-06 08:28:47+00:00,"[""store/src/main/java/org/apache/rocketmq/store/config/MessageStoreConfig.java"", ""store/src/main/java/org/apache/rocketmq/store/dledger/DLedgerCommitLog.java""]","[""store/src/test/java/org/apache/rocketmq/store/dledger/DLedgerMultiPathTest.java""]","[""store/src/main/java/org/apache/rocketmq/store/config/MessageStoreConfig.java"", ""store/src/main/java/org/apache/rocketmq/store/dledger/DLedgerCommitLog.java"", ""store/src/test/java/org/apache/rocketmq/store/dledger/DLedgerMultiPathTest.java""]",157,"find /testbed -path ""*/target/surefire-reports/TEST-*.xml"" -delete; export JAVA_HOME=/usr/lib/jvm/java-1.8.0-amazon-corretto.x86_64/ && update-alternatives --set java /usr/lib/jvm/java-1.8.0-amazon-corretto.x86_64/jre/bin/java && mvn verify -am -Dtest=DLedgerMultiPathTest -DfailIfNoTests=false -fae surefire-report:report -Dsurefire.failIfNoSpecifiedTests=false; find /testbed -path ""*/target/surefire-reports/TEST-*.xml"" | while read -r file; do cat ""$file""; done"
google__gson-2130,google/gson,Java,Feature,2022-06-08 21:40:03+00:00,"[""gson/src/main/java/com/google/gson/stream/JsonWriter.java""]","[""gson/src/test/java/com/google/gson/stream/JsonWriterTest.java""]","[""gson/src/main/java/com/google/gson/stream/JsonWriter.java"", ""gson/src/test/java/com/google/gson/stream/JsonWriterTest.java""]",80,"find /testbed -path ""*/target/surefire-reports/TEST-*.xml"" -delete; export JAVA_HOME=/usr/lib/jvm/java-11-amazon-corretto.x86_64/ && update-alternatives --set java /usr/lib/jvm/java-11-amazon-corretto.x86_64/bin/java && mvn clean verify -am -Dtest=JsonWriterTest -DfailIfNoTests=false -fae surefire-report:report -Dsurefire.failIfNoSpecifiedTests=false; find /testbed -path ""*/target/surefire-reports/TEST-*.xml"" | while read -r file; do cat ""$file""; done"
apolloconfig__apollo-4464,apolloconfig/apollo,Java,Feature,2022-07-14 11:19:13+00:00,"[""CHANGES.md"", ""apollo-portal/src/main/java/com/ctrip/framework/apollo/portal/controller/UserInfoController.java"", ""apollo-portal/src/main/java/com/ctrip/framework/apollo/portal/entity/bo/UserInfo.java"", ""apollo-portal/src/main/java/com/ctrip/framework/apollo/portal/entity/po/UserPO.java"", ""apollo-portal/src/main/java/com/ctrip/framework/apollo/portal/repository/UserRepository.java"", ""apollo-portal/src/main/java/com/ctrip/framework/apollo/portal/spi/UserService.java"", ""apollo-portal/src/main/java/com/ctrip/framework/apollo/portal/spi/defaultimpl/DefaultUserService.java"", ""apollo-portal/src/main/java/com/ctrip/framework/apollo/portal/spi/ldap/LdapUserService.java"", ""apollo-portal/src/main/java/com/ctrip/framework/apollo/portal/spi/oidc/OidcLocalUserServiceImpl.java"", ""apollo-portal/src/main/java/com/ctrip/framework/apollo/portal/spi/springsecurity/SpringSecurityUserService.java"", ""apollo-portal/src/main/resources/static/i18n/en.json"", ""apollo-portal/src/main/resources/static/i18n/zh-CN.json"", ""apollo-portal/src/main/resources/static/scripts/controller/UserController.js"", ""apollo-portal/src/main/resources/static/scripts/services/UserService.js"", ""apollo-portal/src/main/resources/static/user-manage.html""]","[""apollo-portal/src/test/java/com/ctrip/framework/apollo/portal/controller/UserInfoControllerTest.java""]","[""CHANGES.md"", ""apollo-portal/src/main/java/com/ctrip/framework/apollo/portal/controller/UserInfoController.java"", ""apollo-portal/src/main/java/com/ctrip/framework/apollo/portal/entity/bo/UserInfo.java"", ""apollo-portal/src/main/java/com/ctrip/framework/apollo/portal/entity/po/UserPO.java"", ""apollo-portal/src/main/java/com/ctrip/framework/apollo/portal/repository/UserRepository.java"", ""apollo-portal/src/main/java/com/ctrip/framework/apollo/portal/spi/UserService.java"", ""apollo-portal/src/main/java/com/ctrip/framework/apollo/portal/spi/defaultimpl/DefaultUserService.java"", ""apollo-portal/src/main/java/com/ctrip/framework/apollo/portal/spi/ldap/LdapUserService.java"", ""apollo-portal/src/main/java/com/ctrip/framework/apollo/portal/spi/oidc/OidcLocalUserServiceImpl.java"", ""apollo-portal/src/main/java/com/ctrip/framework/apollo/portal/spi/springsecurity/SpringSecurityUserService.java"", ""apollo-portal/src/main/resources/static/i18n/en.json"", ""apollo-portal/src/main/resources/static/i18n/zh-CN.json"", ""apollo-portal/src/main/resources/static/scripts/controller/UserController.js"", ""apollo-portal/src/main/resources/static/scripts/services/UserService.js"", ""apollo-portal/src/main/resources/static/user-manage.html"", ""apollo-portal/src/test/java/com/ctrip/framework/apollo/portal/controller/UserInfoControllerTest.java""]",45,"find /testbed -path ""*/target/surefire-reports/TEST-*.xml"" -delete; export JAVA_HOME=/usr/lib/jvm/java-1.8.0-amazon-corretto.x86_64/ && update-alternatives --set java /usr/lib/jvm/java-1.8.0-amazon-corretto.x86_64/jre/bin/java && if [ -e mvnw ]; then ./mvnw test -am -Dtest=UserInfoControllerTest -DfailIfNoTests=false -fae surefire-report:report -Dsurefire.failIfNoSpecifiedTests=false; else mvn test -am -Dtest=UserInfoControllerTest -DfailIfNoTests=false -fae surefire-report:report -Dsurefire.failIfNoSpecifiedTests=false; fi; find /testbed -path ""*/target/surefire-reports/TEST-*.xml"" | while read -r file; do cat ""$file""; done"
apache__rocketmq-5062,apache/rocketmq,Java,Feature,2022-09-13 13:29:17+00:00,"[""broker/src/main/java/org/apache/rocketmq/broker/failover/EscapeBridge.java"", ""broker/src/main/java/org/apache/rocketmq/broker/transaction/queue/TransactionalMessageBridge.java"", ""broker/src/main/java/org/apache/rocketmq/broker/transaction/queue/TransactionalMessageServiceImpl.java"", ""broker/src/main/java/org/apache/rocketmq/broker/transaction/queue/TransactionalMessageUtil.java""]","[""broker/src/test/java/org/apache/rocketmq/broker/transaction/queue/TransactionalMessageServiceImplTest.java"", ""broker/src/test/java/org/apache/rocketmq/broker/transaction/queue/TransactionalMessageUtilTest.java"", ""test/src/test/java/org/apache/rocketmq/test/container/ContainerIntegrationTestBase.java"", ""test/src/test/java/org/apache/rocketmq/test/container/TransactionListenerImpl.java"", ""test/src/test/java/org/apache/rocketmq/test/container/TransactionMessageIT.java""]","[""broker/src/main/java/org/apache/rocketmq/broker/failover/EscapeBridge.java"", ""broker/src/main/java/org/apache/rocketmq/broker/transaction/queue/TransactionalMessageBridge.java"", ""broker/src/main/java/org/apache/rocketmq/broker/transaction/queue/TransactionalMessageServiceImpl.java"", ""broker/src/main/java/org/apache/rocketmq/broker/transaction/queue/TransactionalMessageUtil.java"", ""broker/src/test/java/org/apache/rocketmq/broker/transaction/queue/TransactionalMessageServiceImplTest.java"", ""broker/src/test/java/org/apache/rocketmq/broker/transaction/queue/TransactionalMessageUtilTest.java"", ""test/src/test/java/org/apache/rocketmq/test/container/ContainerIntegrationTestBase.java"", ""test/src/test/java/org/apache/rocketmq/test/container/TransactionListenerImpl.java"", ""test/src/test/java/org/apache/rocketmq/test/container/TransactionMessageIT.java""]",157,"find /testbed -path ""*/target/surefire-reports/TEST-*.xml"" -delete; export JAVA_HOME=/usr/lib/jvm/java-1.8.0-amazon-corretto.x86_64/ && update-alternatives --set java /usr/lib/jvm/java-1.8.0-amazon-corretto.x86_64/jre/bin/java && mvn verify -am -Dtest=TransactionalMessageServiceImplTest,TransactionListenerImpl,TransactionMessageIT,TransactionalMessageUtilTest,ContainerIntegrationTestBase -DfailIfNoTests=false -fae surefire-report:report -Dsurefire.failIfNoSpecifiedTests=false; find /testbed -path ""*/target/surefire-reports/TEST-*.xml"" | while read -r file; do cat ""$file""; done"
apache__rocketmq-5286,apache/rocketmq,Java,Feature,2022-10-11 16:56:17+00:00,"[""broker/src/main/java/org/apache/rocketmq/broker/BrokerStartup.java"", ""container/src/main/java/org/apache/rocketmq/container/BrokerContainerStartup.java"", ""remoting/src/main/java/org/apache/rocketmq/remoting/netty/NettyClientConfig.java""]","[""remoting/src/test/java/org/apache/rocketmq/remoting/netty/NettyClientConfigTest.java""]","[""broker/src/main/java/org/apache/rocketmq/broker/BrokerStartup.java"", ""container/src/main/java/org/apache/rocketmq/container/BrokerContainerStartup.java"", ""remoting/src/main/java/org/apache/rocketmq/remoting/netty/NettyClientConfig.java"", ""remoting/src/test/java/org/apache/rocketmq/remoting/netty/NettyClientConfigTest.java""]",157,"find /testbed -path ""*/target/surefire-reports/TEST-*.xml"" -delete; export JAVA_HOME=/usr/lib/jvm/java-1.8.0-amazon-corretto.x86_64/ && update-alternatives --set java /usr/lib/jvm/java-1.8.0-amazon-corretto.x86_64/jre/bin/java && mvn verify -am -Dtest=NettyClientConfigTest -DfailIfNoTests=false -fae surefire-report:report -Dsurefire.failIfNoSpecifiedTests=false; find /testbed -path ""*/target/surefire-reports/TEST-*.xml"" | while read -r file; do cat ""$file""; done"
apache__dubbo-10846,apache/dubbo,Java,Feature,2022-10-28 12:42:45+00:00,"[""dubbo-config/dubbo-config-api/src/main/java/org/apache/dubbo/config/metadata/ConfigurableMetadataServiceExporter.java""]","[""dubbo-config/dubbo-config-api/src/test/java/org/apache/dubbo/config/ServiceConfigTest.java"", ""dubbo-config/dubbo-config-api/src/test/java/org/apache/dubbo/config/integration/multiple/exportmetadata/MultipleRegistryCenterExportMetadataIntegrationTest.java"", ""dubbo-config/dubbo-config-api/src/test/java/org/apache/dubbo/config/integration/single/exportmetadata/SingleRegistryCenterExportMetadataIntegrationTest.java""]","[""dubbo-config/dubbo-config-api/src/main/java/org/apache/dubbo/config/metadata/ConfigurableMetadataServiceExporter.java"", ""dubbo-config/dubbo-config-api/src/test/java/org/apache/dubbo/config/ServiceConfigTest.java"", ""dubbo-config/dubbo-config-api/src/test/java/org/apache/dubbo/config/integration/multiple/exportmetadata/MultipleRegistryCenterExportMetadataIntegrationTest.java"", ""dubbo-config/dubbo-config-api/src/test/java/org/apache/dubbo/config/integration/single/exportmetadata/SingleRegistryCenterExportMetadataIntegrationTest.java""]",132,"find /testbed -path ""*/target/surefire-reports/TEST-*.xml"" -delete; export JAVA_HOME=/usr/lib/jvm/java-1.8.0-amazon-corretto.x86_64/ && update-alternatives --set java /usr/lib/jvm/java-1.8.0-amazon-corretto.x86_64/jre/bin/java && if [ -e mvnw ]; then ./mvnw test -am -Dtest=MultipleRegistryCenterExportMetadataIntegrationTest,ServiceConfigTest,SingleRegistryCenterExportMetadataIntegrationTest -DfailIfNoTests=false -fae surefire-report:report -Dsurefire.failIfNoSpecifiedTests=false; else mvn test -am -Dtest=MultipleRegistryCenterExportMetadataIntegrationTest,ServiceConfigTest,SingleRegistryCenterExportMetadataIntegrationTest -DfailIfNoTests=false -fae surefire-report:report -Dsurefire.failIfNoSpecifiedTests=false; fi; find /testbed -path ""*/target/surefire-reports/TEST-*.xml"" | while read -r file; do cat ""$file""; done"
apache__rocketmq-5706,apache/rocketmq,Java,Feature,2022-12-15 14:00:57+00:00,"[""controller/src/main/java/org/apache/rocketmq/controller/impl/DLedgerController.java"", ""controller/src/main/java/org/apache/rocketmq/controller/impl/statemachine/DLedgerControllerStateMachine.java"", ""controller/src/main/java/org/apache/rocketmq/controller/impl/statemachine/StatemachineSnapshotFileGenerator.java""]","[""controller/src/test/java/org/apache/rocketmq/controller/impl/controller/ControllerManagerTest.java"", ""controller/src/test/java/org/apache/rocketmq/controller/impl/controller/impl/DLedgerControllerTest.java""]","[""controller/src/main/java/org/apache/rocketmq/controller/impl/DLedgerController.java"", ""controller/src/main/java/org/apache/rocketmq/controller/impl/statemachine/DLedgerControllerStateMachine.java"", ""controller/src/main/java/org/apache/rocketmq/controller/impl/statemachine/StatemachineSnapshotFileGenerator.java"", ""controller/src/test/java/org/apache/rocketmq/controller/impl/controller/ControllerManagerTest.java"", ""controller/src/test/java/org/apache/rocketmq/controller/impl/controller/impl/DLedgerControllerTest.java""]",157,"find /testbed -path ""*/target/surefire-reports/TEST-*.xml"" -delete; export JAVA_HOME=/usr/lib/jvm/java-1.8.0-amazon-corretto.x86_64/ && update-alternatives --set java /usr/lib/jvm/java-1.8.0-amazon-corretto.x86_64/jre/bin/java && mvn verify -am -Dtest=DLedgerControllerTest,ControllerManagerTest -DfailIfNoTests=false -fae surefire-report:report -Dsurefire.failIfNoSpecifiedTests=false; find /testbed -path ""*/target/surefire-reports/TEST-*.xml"" | while read -r file; do cat ""$file""; done"
apache__dubbo-11255,apache/dubbo,Java,Feature,2023-01-08 14:53:27+00:00,"[""dubbo-metrics/dubbo-metrics-api/src/main/java/org/apache/dubbo/metrics/AbstractMetricsReporter.java""]","[""dubbo-metrics/dubbo-metrics-prometheus/src/test/java/org/apache/dubbo/metrics/prometheus/PrometheusMetricsReporterTest.java""]","[""dubbo-metrics/dubbo-metrics-api/src/main/java/org/apache/dubbo/metrics/AbstractMetricsReporter.java"", ""dubbo-metrics/dubbo-metrics-prometheus/src/test/java/org/apache/dubbo/metrics/prometheus/PrometheusMetricsReporterTest.java""]",132,"find /testbed -path ""*/target/surefire-reports/TEST-*.xml"" -delete; export JAVA_HOME=/usr/lib/jvm/java-1.8.0-amazon-corretto.x86_64/ && update-alternatives --set java /usr/lib/jvm/java-1.8.0-amazon-corretto.x86_64/jre/bin/java && if [ -e mvnw ]; then ./mvnw test -am -Dtest=PrometheusMetricsReporterTest -DfailIfNoTests=false -fae surefire-report:report -Dsurefire.failIfNoSpecifiedTests=false; else mvn test -am -Dtest=PrometheusMetricsReporterTest -DfailIfNoTests=false -fae surefire-report:report -Dsurefire.failIfNoSpecifiedTests=false; fi; find /testbed -path ""*/target/surefire-reports/TEST-*.xml"" | while read -r file; do cat ""$file""; done"
apache__dubbo-11420,apache/dubbo,Java,Feature,2023-01-30 14:29:47+00:00,"[""dubbo-config/dubbo-config-api/src/main/java/org/apache/dubbo/config/deploy/DefaultApplicationDeployer.java"", ""dubbo-metrics/dubbo-metrics-api/src/main/java/org/apache/dubbo/metrics/collector/stat/MetricsStatHandler.java"", ""dubbo-metrics/dubbo-metrics-default/src/main/java/org/apache/dubbo/metrics/collector/DefaultMetricsCollector.java"", ""dubbo-metrics/dubbo-metrics-default/src/main/java/org/apache/dubbo/metrics/collector/stat/DefaultMetricsStatHandler.java"", ""dubbo-metrics/dubbo-metrics-default/src/main/java/org/apache/dubbo/metrics/collector/stat/MetricsStatComposite.java"", ""dubbo-metrics/dubbo-metrics-default/src/main/java/org/apache/dubbo/metrics/filter/MetricsCollectExecutor.java"", ""dubbo-metrics/dubbo-metrics-default/src/main/java/org/apache/dubbo/metrics/filter/MetricsFilter.java"", ""dubbo-native-plugin/src/main/resources/META-INF/native-image/reflect-config.json""]","[""dubbo-metrics/dubbo-metrics-default/src/test/java/org/apache/dubbo/metrics/collector/AggregateMetricsCollectorTest.java"", ""dubbo-metrics/dubbo-metrics-default/src/test/java/org/apache/dubbo/metrics/metrics/collector/DefaultMetricsCollectorTest.java""]","[""dubbo-config/dubbo-config-api/src/main/java/org/apache/dubbo/config/deploy/DefaultApplicationDeployer.java"", ""dubbo-metrics/dubbo-metrics-api/src/main/java/org/apache/dubbo/metrics/collector/stat/MetricsStatHandler.java"", ""dubbo-metrics/dubbo-metrics-default/src/main/java/org/apache/dubbo/metrics/collector/DefaultMetricsCollector.java"", ""dubbo-metrics/dubbo-metrics-default/src/main/java/org/apache/dubbo/metrics/collector/stat/DefaultMetricsStatHandler.java"", ""dubbo-metrics/dubbo-metrics-default/src/main/java/org/apache/dubbo/metrics/collector/stat/MetricsStatComposite.java"", ""dubbo-metrics/dubbo-metrics-default/src/main/java/org/apache/dubbo/metrics/filter/MetricsCollectExecutor.java"", ""dubbo-metrics/dubbo-metrics-default/src/main/java/org/apache/dubbo/metrics/filter/MetricsFilter.java"", ""dubbo-metrics/dubbo-metrics-default/src/test/java/org/apache/dubbo/metrics/collector/AggregateMetricsCollectorTest.java"", ""dubbo-metrics/dubbo-metrics-default/src/test/java/org/apache/dubbo/metrics/metrics/collector/DefaultMetricsCollectorTest.java"", ""dubbo-native-plugin/src/main/resources/META-INF/native-image/reflect-config.json""]",132,"find /testbed -path ""*/target/surefire-reports/TEST-*.xml"" -delete; export JAVA_HOME=/usr/lib/jvm/java-1.8.0-amazon-corretto.x86_64/ && update-alternatives --set java /usr/lib/jvm/java-1.8.0-amazon-corretto.x86_64/jre/bin/java && if [ -e mvnw ]; then ./mvnw test -am -Dtest=AggregateMetricsCollectorTest,DefaultMetricsCollectorTest -DfailIfNoTests=false -fae surefire-report:report -Dsurefire.failIfNoSpecifiedTests=false; else mvn test -am -Dtest=AggregateMetricsCollectorTest,DefaultMetricsCollectorTest -DfailIfNoTests=false -fae surefire-report:report -Dsurefire.failIfNoSpecifiedTests=false; fi; find /testbed -path ""*/target/surefire-reports/TEST-*.xml"" | while read -r file; do cat ""$file""; done"
google__gson-2345,google/gson,Java,Feature,2023-03-18 22:46:32+00:00,"[""gson/src/main/java/com/google/gson/FormattingStyle.java"", ""gson/src/main/java/com/google/gson/Gson.java"", ""gson/src/main/java/com/google/gson/GsonBuilder.java"", ""gson/src/main/java/com/google/gson/stream/JsonWriter.java""]","[""gson/src/test/java/com/google/gson/GsonTest.java"", ""gson/src/test/java/com/google/gson/functional/FormattingStyleTest.java"", ""gson/src/test/java/com/google/gson/stream/JsonWriterTest.java""]","[""gson/src/main/java/com/google/gson/FormattingStyle.java"", ""gson/src/main/java/com/google/gson/Gson.java"", ""gson/src/main/java/com/google/gson/GsonBuilder.java"", ""gson/src/main/java/com/google/gson/stream/JsonWriter.java"", ""gson/src/test/java/com/google/gson/GsonTest.java"", ""gson/src/test/java/com/google/gson/functional/FormattingStyleTest.java"", ""gson/src/test/java/com/google/gson/stream/JsonWriterTest.java""]",80,"find /testbed -path ""*/target/surefire-reports/TEST-*.xml"" -delete; export JAVA_HOME=/usr/lib/jvm/java-11-amazon-corretto.x86_64/ && update-alternatives --set java /usr/lib/jvm/java-11-amazon-corretto.x86_64/bin/java && mvn clean verify -am -Dtest=JsonWriterTest,GsonTest,FormattingStyleTest -DfailIfNoTests=false -fae surefire-report:report -Dsurefire.failIfNoSpecifiedTests=false; find /testbed -path ""*/target/surefire-reports/TEST-*.xml"" | while read -r file; do cat ""$file""; done"
apache__rocketmq-6522,apache/rocketmq,Java,Feature,2023-04-01 04:36:15+00:00,"[""broker/src/main/java/org/apache/rocketmq/broker/processor/DefaultPullMessageResultHandler.java"", ""broker/src/main/java/org/apache/rocketmq/broker/processor/PeekMessageProcessor.java"", ""broker/src/main/java/org/apache/rocketmq/broker/processor/PopMessageProcessor.java"", ""broker/src/main/java/org/apache/rocketmq/broker/processor/QueryMessageProcessor.java"", ""proxy/src/main/java/org/apache/rocketmq/proxy/common/ContextVariable.java"", ""proxy/src/main/java/org/apache/rocketmq/proxy/common/ProxyContext.java"", ""proxy/src/main/java/org/apache/rocketmq/proxy/grpc/interceptor/AuthenticationInterceptor.java"", ""proxy/src/main/java/org/apache/rocketmq/proxy/grpc/interceptor/InterceptorConstants.java"", ""proxy/src/main/java/org/apache/rocketmq/proxy/grpc/v2/GrpcMessagingApplication.java"", ""proxy/src/main/java/org/apache/rocketmq/proxy/processor/ReceiptHandleProcessor.java"", ""proxy/src/main/java/org/apache/rocketmq/proxy/remoting/activity/AbstractRemotingActivity.java"", ""proxy/src/main/java/org/apache/rocketmq/proxy/remoting/activity/ClientManagerActivity.java"", ""remoting/src/main/java/org/apache/rocketmq/remoting/common/RemotingHelper.java"", ""remoting/src/main/java/org/apache/rocketmq/remoting/metrics/RemotingMetricsConstant.java"", ""remoting/src/main/java/org/apache/rocketmq/remoting/metrics/RemotingMetricsManager.java"", ""remoting/src/main/java/org/apache/rocketmq/remoting/netty/NettyRemotingAbstract.java"", ""remoting/src/main/java/org/apache/rocketmq/remoting/protocol/RequestCode.java""]","[""proxy/src/test/java/org/apache/rocketmq/proxy/remoting/activity/AbstractRemotingActivityTest.java""]","[""broker/src/main/java/org/apache/rocketmq/broker/processor/DefaultPullMessageResultHandler.java"", ""broker/src/main/java/org/apache/rocketmq/broker/processor/PeekMessageProcessor.java"", ""broker/src/main/java/org/apache/rocketmq/broker/processor/PopMessageProcessor.java"", ""broker/src/main/java/org/apache/rocketmq/broker/processor/QueryMessageProcessor.java"", ""proxy/src/main/java/org/apache/rocketmq/proxy/common/ContextVariable.java"", ""proxy/src/main/java/org/apache/rocketmq/proxy/common/ProxyContext.java"", ""proxy/src/main/java/org/apache/rocketmq/proxy/grpc/interceptor/AuthenticationInterceptor.java"", ""proxy/src/main/java/org/apache/rocketmq/proxy/grpc/interceptor/InterceptorConstants.java"", ""proxy/src/main/java/org/apache/rocketmq/proxy/grpc/v2/GrpcMessagingApplication.java"", ""proxy/src/main/java/org/apache/rocketmq/proxy/processor/ReceiptHandleProcessor.java"", ""proxy/src/main/java/org/apache/rocketmq/proxy/remoting/activity/AbstractRemotingActivity.java"", ""proxy/src/main/java/org/apache/rocketmq/proxy/remoting/activity/ClientManagerActivity.java"", ""proxy/src/test/java/org/apache/rocketmq/proxy/remoting/activity/AbstractRemotingActivityTest.java"", ""remoting/src/main/java/org/apache/rocketmq/remoting/common/RemotingHelper.java"", ""remoting/src/main/java/org/apache/rocketmq/remoting/metrics/RemotingMetricsConstant.java"", ""remoting/src/main/java/org/apache/rocketmq/remoting/metrics/RemotingMetricsManager.java"", ""remoting/src/main/java/org/apache/rocketmq/remoting/netty/NettyRemotingAbstract.java"", ""remoting/src/main/java/org/apache/rocketmq/remoting/protocol/RequestCode.java""]",157,"find /testbed -path ""*/target/surefire-reports/TEST-*.xml"" -delete; export JAVA_HOME=/usr/lib/jvm/java-1.8.0-amazon-corretto.x86_64/ && update-alternatives --set java /usr/lib/jvm/java-1.8.0-amazon-corretto.x86_64/jre/bin/java && mvn verify -am -Dtest=AbstractRemotingActivityTest -DfailIfNoTests=false -fae surefire-report:report -Dsurefire.failIfNoSpecifiedTests=false; find /testbed -path ""*/target/surefire-reports/TEST-*.xml"" | while read -r file; do cat ""$file""; done"
apache__rocketmq-6755,apache/rocketmq,Java,Feature,2023-05-15 05:57:12+00:00,"[""WORKSPACE"", ""pom.xml"", ""proxy/src/main/java/org/apache/rocketmq/proxy/common/MessageReceiptHandle.java"", ""proxy/src/main/java/org/apache/rocketmq/proxy/common/ReceiptHandleGroup.java"", ""proxy/src/main/java/org/apache/rocketmq/proxy/grpc/v2/consumer/ReceiveMessageActivity.java"", ""proxy/src/main/java/org/apache/rocketmq/proxy/processor/ConsumerProcessor.java"", ""proxy/src/main/java/org/apache/rocketmq/proxy/processor/DefaultMessagingProcessor.java"", ""proxy/src/main/java/org/apache/rocketmq/proxy/processor/MessagingProcessor.java"", ""proxy/src/main/java/org/apache/rocketmq/proxy/processor/ReceiptHandleProcessor.java""]","[""proxy/src/test/java/org/apache/rocketmq/proxy/common/ReceiptHandleGroupTest.java"", ""proxy/src/test/java/org/apache/rocketmq/proxy/grpc/v2/consumer/ReceiveMessageActivityTest.java"", ""proxy/src/test/java/org/apache/rocketmq/proxy/processor/ConsumerProcessorTest.java"", ""proxy/src/test/java/org/apache/rocketmq/proxy/processor/ReceiptHandleProcessorTest.java""]","[""WORKSPACE"", ""pom.xml"", ""proxy/src/main/java/org/apache/rocketmq/proxy/common/MessageReceiptHandle.java"", ""proxy/src/main/java/org/apache/rocketmq/proxy/common/ReceiptHandleGroup.java"", ""proxy/src/main/java/org/apache/rocketmq/proxy/grpc/v2/consumer/ReceiveMessageActivity.java"", ""proxy/src/main/java/org/apache/rocketmq/proxy/processor/ConsumerProcessor.java"", ""proxy/src/main/java/org/apache/rocketmq/proxy/processor/DefaultMessagingProcessor.java"", ""proxy/src/main/java/org/apache/rocketmq/proxy/processor/MessagingProcessor.java"", ""proxy/src/main/java/org/apache/rocketmq/proxy/processor/ReceiptHandleProcessor.java"", ""proxy/src/test/java/org/apache/rocketmq/proxy/common/ReceiptHandleGroupTest.java"", ""proxy/src/test/java/org/apache/rocketmq/proxy/grpc/v2/consumer/ReceiveMessageActivityTest.java"", ""proxy/src/test/java/org/apache/rocketmq/proxy/processor/ConsumerProcessorTest.java"", ""proxy/src/test/java/org/apache/rocketmq/proxy/processor/ReceiptHandleProcessorTest.java""]",157,"find /testbed -path ""*/target/surefire-reports/TEST-*.xml"" -delete; export JAVA_HOME=/usr/lib/jvm/java-1.8.0-amazon-corretto.x86_64/ && update-alternatives --set java /usr/lib/jvm/java-1.8.0-amazon-corretto.x86_64/jre/bin/java && mvn verify -am -Dtest=ConsumerProcessorTest,ReceiptHandleGroupTest,ReceiveMessageActivityTest,ReceiptHandleProcessorTest -DfailIfNoTests=false -fae surefire-report:report -Dsurefire.failIfNoSpecifiedTests=false; find /testbed -path ""*/target/surefire-reports/TEST-*.xml"" | while read -r file; do cat ""$file""; done"
google__gson-2420,google/gson,Java,Feature,2023-06-17 14:44:03+00:00,"[""Troubleshooting.md"", ""examples/android-proguard-example/README.md"", ""gson/src/main/java/com/google/gson/internal/ConstructorConstructor.java"", ""gson/src/main/resources/META-INF/proguard/gson.pro"", ""shrinker-test/pom.xml"", ""shrinker-test/proguard.pro"", ""shrinker-test/r8.pro"", ""shrinker-test/src/main/java/com/example/ClassWithJsonAdapterAnnotation.java"", ""shrinker-test/src/main/java/com/example/DefaultConstructorMain.java""]","[""gson/src/test/java/com/google/gson/functional/Java17RecordTest.java"", ""gson/src/test/java/com/google/gson/internal/ConstructorConstructorTest.java"", ""shrinker-test/src/test/java/com/google/gson/it/ShrinkingIT.java""]","[""Troubleshooting.md"", ""examples/android-proguard-example/README.md"", ""gson/src/main/java/com/google/gson/internal/ConstructorConstructor.java"", ""gson/src/main/resources/META-INF/proguard/gson.pro"", ""gson/src/test/java/com/google/gson/functional/Java17RecordTest.java"", ""gson/src/test/java/com/google/gson/internal/ConstructorConstructorTest.java"", ""shrinker-test/pom.xml"", ""shrinker-test/proguard.pro"", ""shrinker-test/r8.pro"", ""shrinker-test/src/main/java/com/example/ClassWithJsonAdapterAnnotation.java"", ""shrinker-test/src/main/java/com/example/DefaultConstructorMain.java"", ""shrinker-test/src/test/java/com/google/gson/it/ShrinkingIT.java""]",80,"find /testbed -path ""*/target/surefire-reports/TEST-*.xml"" -delete; export JAVA_HOME=/usr/lib/jvm/java-11-amazon-corretto.x86_64/ && update-alternatives --set java /usr/lib/jvm/java-11-amazon-corretto.x86_64/bin/java && mvn clean verify -am -Dtest=Java17RecordTest,ConstructorConstructorTest,ShrinkingIT -DfailIfNoTests=false -fae surefire-report:report -Dsurefire.failIfNoSpecifiedTests=false; find /testbed -path ""*/target/surefire-reports/TEST-*.xml"" | while read -r file; do cat ""$file""; done"
google__gson-2479,google/gson,Java,Feature,2023-08-25 19:28:05+00:00,"[""UserGuide.md"", ""gson/src/main/java/com/google/gson/GsonBuilder.java""]","[""gson/src/test/java/com/google/gson/GsonBuilderTest.java"", ""gson/src/test/java/com/google/gson/GsonTest.java""]","[""UserGuide.md"", ""gson/src/main/java/com/google/gson/GsonBuilder.java"", ""gson/src/test/java/com/google/gson/GsonBuilderTest.java"", ""gson/src/test/java/com/google/gson/GsonTest.java""]",80,"find /testbed -path ""*/target/surefire-reports/TEST-*.xml"" -delete; export JAVA_HOME=/usr/lib/jvm/java-11-amazon-corretto.x86_64/ && update-alternatives --set java /usr/lib/jvm/java-11-amazon-corretto.x86_64/bin/java && mvn clean verify -am -Dtest=GsonTest,GsonBuilderTest -DfailIfNoTests=false -fae surefire-report:report -Dsurefire.failIfNoSpecifiedTests=false; find /testbed -path ""*/target/surefire-reports/TEST-*.xml"" | while read -r file; do cat ""$file""; done"
google__gson-2498,google/gson,Java,Feature,2023-09-23 20:14:37+00:00,"[""gson/src/main/java/com/google/gson/internal/Excluder.java"", ""gson/src/main/java/com/google/gson/internal/bind/ReflectiveTypeAdapterFactory.java"", ""gson/src/main/java/com/google/gson/internal/reflect/ReflectionHelper.java""]","[""gson/src/test/java/com/google/gson/ExposeAnnotationExclusionStrategyTest.java"", ""gson/src/test/java/com/google/gson/InnerClassExclusionStrategyTest.java"", ""gson/src/test/java/com/google/gson/VersionExclusionStrategyTest.java"", ""gson/src/test/java/com/google/gson/functional/EnumTest.java"", ""gson/src/test/java/com/google/gson/functional/ObjectTest.java""]","[""gson/src/main/java/com/google/gson/internal/Excluder.java"", ""gson/src/main/java/com/google/gson/internal/bind/ReflectiveTypeAdapterFactory.java"", ""gson/src/main/java/com/google/gson/internal/reflect/ReflectionHelper.java"", ""gson/src/test/java/com/google/gson/ExposeAnnotationExclusionStrategyTest.java"", ""gson/src/test/java/com/google/gson/InnerClassExclusionStrategyTest.java"", ""gson/src/test/java/com/google/gson/VersionExclusionStrategyTest.java"", ""gson/src/test/java/com/google/gson/functional/EnumTest.java"", ""gson/src/test/java/com/google/gson/functional/ObjectTest.java""]",80,"find /testbed -path ""*/target/surefire-reports/TEST-*.xml"" -delete; export JAVA_HOME=/usr/lib/jvm/java-11-amazon-corretto.x86_64/ && update-alternatives --set java /usr/lib/jvm/java-11-amazon-corretto.x86_64/bin/java && mvn clean verify -am -Dtest=ObjectTest,InnerClassExclusionStrategyTest,VersionExclusionStrategyTest,EnumTest,ExposeAnnotationExclusionStrategyTest -DfailIfNoTests=false -fae surefire-report:report -Dsurefire.failIfNoSpecifiedTests=false; find /testbed -path ""*/target/surefire-reports/TEST-*.xml"" | while read -r file; do cat ""$file""; done"
apache__rocketmq-7455,apache/rocketmq,Java,Feature,2023-10-12 12:05:34+00:00,"[""broker/src/main/java/org/apache/rocketmq/broker/processor/PopMessageProcessor.java"", ""remoting/src/main/java/org/apache/rocketmq/remoting/protocol/RemotingCommand.java""]","[""remoting/src/test/java/org/apache/rocketmq/remoting/protocol/header/FastCodesHeaderTest.java""]","[""broker/src/main/java/org/apache/rocketmq/broker/processor/PopMessageProcessor.java"", ""remoting/src/main/java/org/apache/rocketmq/remoting/protocol/RemotingCommand.java"", ""remoting/src/test/java/org/apache/rocketmq/remoting/protocol/header/FastCodesHeaderTest.java""]",157,"find /testbed -path ""*/target/surefire-reports/TEST-*.xml"" -delete; export JAVA_HOME=/usr/lib/jvm/java-1.8.0-amazon-corretto.x86_64/ && sed -i 's/^.*\*\*\/IT\*\.java.*$/<exclude>**\/IT*.java<\/exclude><exclude>%regex[.*MixCommitlogTest.*]<\/exclude>/' pom.xml && update-alternatives --set java /usr/lib/jvm/java-1.8.0-amazon-corretto.x86_64/jre/bin/java && mvn clean verify -am -Dtest=FastCodesHeaderTest -DfailIfNoTests=false -fae surefire-report:report -Dsurefire.failIfNoSpecifiedTests=false; find /testbed -path ""*/target/surefire-reports/TEST-*.xml"" | while read -r file; do cat ""$file""; done"
apache__rocketmq-7544,apache/rocketmq,Java,Feature,2023-11-07 07:12:10+00:00,"[""acl/src/main/java/org/apache/rocketmq/acl/plain/PlainAccessResource.java"", ""broker/src/main/java/org/apache/rocketmq/broker/filter/ExpressionForRetryMessageFilter.java"", ""broker/src/main/java/org/apache/rocketmq/broker/longpolling/NotifyMessageArrivingListener.java"", ""broker/src/main/java/org/apache/rocketmq/broker/longpolling/PopLongPollingService.java"", ""broker/src/main/java/org/apache/rocketmq/broker/metrics/ConsumerLagCalculator.java"", ""broker/src/main/java/org/apache/rocketmq/broker/processor/AdminBrokerProcessor.java"", ""broker/src/main/java/org/apache/rocketmq/broker/processor/NotificationProcessor.java"", ""broker/src/main/java/org/apache/rocketmq/broker/processor/PopMessageProcessor.java"", ""broker/src/main/java/org/apache/rocketmq/broker/processor/PopReviveService.java"", ""broker/src/main/java/org/apache/rocketmq/broker/processor/SendMessageProcessor.java"", ""common/src/main/java/org/apache/rocketmq/common/BrokerConfig.java"", ""common/src/main/java/org/apache/rocketmq/common/KeyBuilder.java"", ""tools/src/main/java/org/apache/rocketmq/tools/command/consumer/ConsumerProgressSubCommand.java"", ""tools/src/main/java/org/apache/rocketmq/tools/monitor/MonitorService.java""]","[""common/src/test/java/org/apache/rocketmq/common/KeyBuilderTest.java""]","[""acl/src/main/java/org/apache/rocketmq/acl/plain/PlainAccessResource.java"", ""broker/src/main/java/org/apache/rocketmq/broker/filter/ExpressionForRetryMessageFilter.java"", ""broker/src/main/java/org/apache/rocketmq/broker/longpolling/NotifyMessageArrivingListener.java"", ""broker/src/main/java/org/apache/rocketmq/broker/longpolling/PopLongPollingService.java"", ""broker/src/main/java/org/apache/rocketmq/broker/metrics/ConsumerLagCalculator.java"", ""broker/src/main/java/org/apache/rocketmq/broker/processor/AdminBrokerProcessor.java"", ""broker/src/main/java/org/apache/rocketmq/broker/processor/NotificationProcessor.java"", ""broker/src/main/java/org/apache/rocketmq/broker/processor/PopMessageProcessor.java"", ""broker/src/main/java/org/apache/rocketmq/broker/processor/PopReviveService.java"", ""broker/src/main/java/org/apache/rocketmq/broker/processor/SendMessageProcessor.java"", ""common/src/main/java/org/apache/rocketmq/common/BrokerConfig.java"", ""common/src/main/java/org/apache/rocketmq/common/KeyBuilder.java"", ""common/src/test/java/org/apache/rocketmq/common/KeyBuilderTest.java"", ""tools/src/main/java/org/apache/rocketmq/tools/command/consumer/ConsumerProgressSubCommand.java"", ""tools/src/main/java/org/apache/rocketmq/tools/monitor/MonitorService.java""]",157,"find /testbed -path ""*/target/surefire-reports/TEST-*.xml"" -delete; export JAVA_HOME=/usr/lib/jvm/java-1.8.0-amazon-corretto.x86_64/ && update-alternatives --set java /usr/lib/jvm/java-1.8.0-amazon-corretto.x86_64/jre/bin/java && mvn verify -am -Dtest=KeyBuilderTest -DfailIfNoTests=false -fae surefire-report:report -Dsurefire.failIfNoSpecifiedTests=false; find /testbed -path ""*/target/surefire-reports/TEST-*.xml"" | while read -r file; do cat ""$file""; done"
apache__rocketmq-7655,apache/rocketmq,Java,Feature,2023-12-13 09:44:51+00:00,"[""common/src/main/java/org/apache/rocketmq/common/KeyBuilder.java""]","[""common/src/test/java/org/apache/rocketmq/common/KeyBuilderTest.java""]","[""common/src/main/java/org/apache/rocketmq/common/KeyBuilder.java"", ""common/src/test/java/org/apache/rocketmq/common/KeyBuilderTest.java""]",157,"find /testbed -path ""*/target/surefire-reports/TEST-*.xml"" -delete; export JAVA_HOME=/usr/lib/jvm/java-1.8.0-amazon-corretto.x86_64/ && sed -i 's/^.*\*\*\/IT\*\.java.*$/<exclude>**\/IT*.java<\/exclude><exclude>%regex[.*MixCommitlogTest.*]<\/exclude>/' pom.xml && update-alternatives --set java /usr/lib/jvm/java-1.8.0-amazon-corretto.x86_64/jre/bin/java && mvn clean verify -am -Dtest=KeyBuilderTest -DfailIfNoTests=false -fae surefire-report:report -Dsurefire.failIfNoSpecifiedTests=false; find /testbed -path ""*/target/surefire-reports/TEST-*.xml"" | while read -r file; do cat ""$file""; done"
apache__dubbo-13869,apache/dubbo,Java,Feature,2024-03-08 08:54:00+00:00,"[""dubbo-plugin/dubbo-qos/src/main/java/org/apache/dubbo/qos/command/impl/ChangeTelnet.java"", ""dubbo-plugin/dubbo-qos/src/main/java/org/apache/dubbo/qos/command/impl/CountTelnet.java""]","[""dubbo-plugin/dubbo-qos/src/test/java/org/apache/dubbo/qos/command/impl/ChangeTelnetTest.java"", ""dubbo-plugin/dubbo-qos/src/test/java/org/apache/dubbo/qos/command/impl/CountTelnetTest.java""]","[""dubbo-plugin/dubbo-qos/src/main/java/org/apache/dubbo/qos/command/impl/ChangeTelnet.java"", ""dubbo-plugin/dubbo-qos/src/main/java/org/apache/dubbo/qos/command/impl/CountTelnet.java"", ""dubbo-plugin/dubbo-qos/src/test/java/org/apache/dubbo/qos/command/impl/ChangeTelnetTest.java"", ""dubbo-plugin/dubbo-qos/src/test/java/org/apache/dubbo/qos/command/impl/CountTelnetTest.java""]",132,"find /testbed -path ""*/target/surefire-reports/TEST-*.xml"" -delete; export JAVA_HOME=/usr/lib/jvm/java-1.8.0-amazon-corretto.x86_64/ && update-alternatives --set java /usr/lib/jvm/java-1.8.0-amazon-corretto.x86_64/jre/bin/java && if [ -e mvnw ]; then ./mvnw test -am -Dtest=CountTelnetTest,ChangeTelnetTest -DfailIfNoTests=false -fae surefire-report:report -Dsurefire.failIfNoSpecifiedTests=false; else mvn test -am -Dtest=CountTelnetTest,ChangeTelnetTest -DfailIfNoTests=false -fae surefire-report:report -Dsurefire.failIfNoSpecifiedTests=false; fi; find /testbed -path ""*/target/surefire-reports/TEST-*.xml"" | while read -r file; do cat ""$file""; done"
apache__rocketmq-7964,apache/rocketmq,Java,Feature,2024-03-25 12:03:30+00:00,"[""broker/src/main/java/org/apache/rocketmq/broker/processor/ConsumerManageProcessor.java""]","[""broker/src/test/java/org/apache/rocketmq/broker/processor/ConsumerManageProcessorTest.java""]","[""broker/src/main/java/org/apache/rocketmq/broker/processor/ConsumerManageProcessor.java"", ""broker/src/test/java/org/apache/rocketmq/broker/processor/ConsumerManageProcessorTest.java""]",157,"find /testbed -path ""*/target/surefire-reports/TEST-*.xml"" -delete; export JAVA_HOME=/usr/lib/jvm/java-1.8.0-amazon-corretto.x86_64/ && update-alternatives --set java /usr/lib/jvm/java-1.8.0-amazon-corretto.x86_64/jre/bin/java && mvn verify -am -Dtest=ConsumerManageProcessorTest -DfailIfNoTests=false -fae surefire-report:report -Dsurefire.failIfNoSpecifiedTests=false; find /testbed -path ""*/target/surefire-reports/TEST-*.xml"" | while read -r file; do cat ""$file""; done"
google__gson-2701,google/gson,Java,Feature,2024-06-14 03:44:02+00:00,"[""proto/src/main/java/com/google/gson/protobuf/ProtoTypeAdapter.java""]","[""proto/src/test/java/com/google/gson/protobuf/functional/ProtosWithAnnotationsAndJsonNamesTest.java"", ""proto/src/test/proto/bag.proto""]","[""proto/src/main/java/com/google/gson/protobuf/ProtoTypeAdapter.java"", ""proto/src/test/java/com/google/gson/protobuf/functional/ProtosWithAnnotationsAndJsonNamesTest.java"", ""proto/src/test/proto/bag.proto""]",80,"find /testbed -path ""*/target/surefire-reports/TEST-*.xml"" -delete; export JAVA_HOME=/usr/lib/jvm/java-11-amazon-corretto.x86_64/ && update-alternatives --set java /usr/lib/jvm/java-11-amazon-corretto.x86_64/bin/java && mvn clean verify -am -Dtest=ProtosWithAnnotationsAndJsonNamesTest,bag.proto -DfailIfNoTests=false -fae surefire-report:report -Dsurefire.failIfNoSpecifiedTests=false; find /testbed -path ""*/target/surefire-reports/TEST-*.xml"" | while read -r file; do cat ""$file""; done"
serverless__serverless-2624,serverless/serverless,JavaScript,Feature,2016-11-04 09:31:14+00:00,"[""lib/classes/Utils.js""]","[""lib/classes/Utils.test.js""]","[""lib/classes/Utils.js"", ""lib/classes/Utils.test.js""]",76,. /usr/local/nvm/nvm.sh && npx mocha lib/classes/Utils.test.js --reporter json
serverless__serverless-2748,serverless/serverless,JavaScript,Feature,2016-11-20 00:16:13+00:00,"[""docs/providers/aws/guide/functions.md"", ""lib/plugins/aws/deploy/compile/functions/index.js""]","[""lib/plugins/aws/deploy/compile/functions/tests/index.js""]","[""docs/providers/aws/guide/functions.md"", ""lib/plugins/aws/deploy/compile/functions/index.js"", ""lib/plugins/aws/deploy/compile/functions/tests/index.js""]",76,. /usr/local/nvm/nvm.sh && npx mocha lib/plugins/aws/deploy/compile/functions/tests/index.js --reporter json
serverless__serverless-2910,serverless/serverless,JavaScript,Feature,2016-12-10 04:52:23+00:00,"[""docs/providers/aws/events/schedule.md"", ""lib/plugins/aws/deploy/compile/events/schedule/index.js""]","[""lib/plugins/aws/deploy/compile/events/schedule/index.test.js""]","[""docs/providers/aws/events/schedule.md"", ""lib/plugins/aws/deploy/compile/events/schedule/index.js"", ""lib/plugins/aws/deploy/compile/events/schedule/index.test.js""]",76,. /usr/local/nvm/nvm.sh && npx mocha lib/plugins/aws/deploy/compile/events/schedule/index.test.js --reporter json
serverless__serverless-3217,serverless/serverless,JavaScript,Feature,2017-02-09 10:09:22+00:00,"[""RELEASE_CHECKLIST.md"", ""lib/classes/CLI.js""]","[""lib/classes/CLI.test.js""]","[""RELEASE_CHECKLIST.md"", ""lib/classes/CLI.js"", ""lib/classes/CLI.test.js""]",76,. /usr/local/nvm/nvm.sh && npx mocha lib/classes/CLI.test.js --reporter json
prettier__prettier-661,prettier/prettier,JavaScript,Feature,2017-02-11 04:41:51+00:00,"[""README.md"", ""bin/prettier.js"", ""docs/index.html"", ""src/options.js"", ""src/printer.js""]","[""tests/jsx_last_line/__snapshots__/jsfmt.spec.js.snap"", ""tests/jsx_last_line/jsfmt.spec.js"", ""tests/jsx_last_line/last_line.js""]","[""README.md"", ""bin/prettier.js"", ""docs/index.html"", ""src/options.js"", ""src/printer.js"", ""tests/jsx_last_line/__snapshots__/jsfmt.spec.js.snap"", ""tests/jsx_last_line/jsfmt.spec.js"", ""tests/jsx_last_line/last_line.js""]",335,". /usr/local/nvm/nvm.sh && nvm use 20.16.0 && npm pkg set scripts.lint=""echo noop"" && yarn test tests/jsx_last_line/last_line.js tests/jsx_last_line/__snapshots__/jsfmt.spec.js.snap tests/jsx_last_line/jsfmt.spec.js --json"
prettier__prettier-842,prettier/prettier,JavaScript,Feature,2017-03-01 17:35:02+00:00,"[""src/printer.js""]","[""tests/it/__snapshots__/jsfmt.spec.js.snap"", ""tests/it/it.js"", ""tests/it/jsfmt.spec.js""]","[""src/printer.js"", ""tests/it/__snapshots__/jsfmt.spec.js.snap"", ""tests/it/it.js"", ""tests/it/jsfmt.spec.js""]",335,". /usr/local/nvm/nvm.sh && nvm use 20.16.0 && npm pkg set scripts.lint=""echo noop"" && yarn test tests/it/jsfmt.spec.js tests/it/it.js tests/it/__snapshots__/jsfmt.spec.js.snap --json"
serverless__serverless-3548,serverless/serverless,JavaScript,Feature,2017-05-03 07:37:13+00:00,"[""docs/providers/aws/guide/functions.md"", ""docs/providers/aws/guide/serverless.yml.md"", ""lib/plugins/aws/package/compile/functions/index.js""]","[""lib/plugins/aws/package/compile/functions/index.test.js""]","[""docs/providers/aws/guide/functions.md"", ""docs/providers/aws/guide/serverless.yml.md"", ""lib/plugins/aws/package/compile/functions/index.js"", ""lib/plugins/aws/package/compile/functions/index.test.js""]",76,. /usr/local/nvm/nvm.sh && npx mocha lib/plugins/aws/package/compile/functions/index.test.js --reporter json
serverless__serverless-3609,serverless/serverless,JavaScript,Feature,2017-05-12 12:41:26+00:00,"[""docs/providers/aws/guide/functions.md"", ""docs/providers/aws/guide/serverless.yml.md"", ""lib/plugins/aws/package/compile/functions/index.js""]","[""lib/plugins/aws/package/compile/functions/index.test.js""]","[""docs/providers/aws/guide/functions.md"", ""docs/providers/aws/guide/serverless.yml.md"", ""lib/plugins/aws/package/compile/functions/index.js"", ""lib/plugins/aws/package/compile/functions/index.test.js""]",76,. /usr/local/nvm/nvm.sh && npx mocha lib/plugins/aws/package/compile/functions/index.test.js --reporter json
serverless__serverless-3642,serverless/serverless,JavaScript,Feature,2017-05-18 09:00:48+00:00,"[""docs/providers/aws/cli-reference/invoke-local.md"", ""lib/plugins/aws/invokeLocal/index.js""]","[""lib/plugins/aws/invokeLocal/index.test.js""]","[""docs/providers/aws/cli-reference/invoke-local.md"", ""lib/plugins/aws/invokeLocal/index.js"", ""lib/plugins/aws/invokeLocal/index.test.js""]",76,. /usr/local/nvm/nvm.sh && npx mocha lib/plugins/aws/invokeLocal/index.test.js --reporter json
serverless__serverless-4097,serverless/serverless,JavaScript,Feature,2017-08-16 01:49:24+00:00,"[""docs/providers/aws/guide/variables.md"", ""lib/classes/Service.js"", ""lib/classes/Utils.js"", ""lib/classes/Variables.js""]","[""lib/classes/Service.test.js"", ""lib/classes/Variables.test.js""]","[""docs/providers/aws/guide/variables.md"", ""lib/classes/Service.js"", ""lib/classes/Service.test.js"", ""lib/classes/Utils.js"", ""lib/classes/Variables.js"", ""lib/classes/Variables.test.js""]",76,. /usr/local/nvm/nvm.sh && npx mocha lib/classes/Service.test.js lib/classes/Variables.test.js --reporter json
sveltejs__svelte-778,sveltejs/svelte,JavaScript,Feature,2017-08-17 23:04:34+00:00,"[""src/generators/dom/index.ts"", ""src/generators/dom/visitors/Element/Attribute.ts"", ""src/interfaces.ts"", ""src/shared/dom.js""]","[""test/js/index.js"", ""test/js/samples/legacy-input-type/_config.js"", ""test/js/samples/legacy-input-type/expected-bundle.js"", ""test/js/samples/legacy-input-type/expected.js"", ""test/js/samples/legacy-input-type/input.html""]","[""src/generators/dom/index.ts"", ""src/generators/dom/visitors/Element/Attribute.ts"", ""src/interfaces.ts"", ""src/shared/dom.js"", ""test/js/index.js"", ""test/js/samples/legacy-input-type/_config.js"", ""test/js/samples/legacy-input-type/expected-bundle.js"", ""test/js/samples/legacy-input-type/expected.js"", ""test/js/samples/legacy-input-type/input.html""]",334,". /usr/local/nvm/nvm.sh && nvm use 16.20.2 && npm pkg set scripts.lint=""echo noop"" && npm run test -- --reporter json --exit"
sveltejs__svelte-785,sveltejs/svelte,JavaScript,Feature,2017-08-25 17:35:50+00:00,"[""src/generators/dom/index.ts""]","[""test/js/samples/collapses-text-around-comments/expected-bundle.js"", ""test/js/samples/collapses-text-around-comments/expected.js"", ""test/js/samples/computed-collapsed-if/expected-bundle.js"", ""test/js/samples/computed-collapsed-if/expected.js"", ""test/js/samples/css-media-query/expected-bundle.js"", ""test/js/samples/css-media-query/expected.js"", ""test/js/samples/each-block-changed-check/expected-bundle.js"", ""test/js/samples/each-block-changed-check/expected.js"", ""test/js/samples/event-handlers-custom/expected-bundle.js"", ""test/js/samples/event-handlers-custom/expected.js"", ""test/js/samples/if-block-no-update/expected-bundle.js"", ""test/js/samples/if-block-no-update/expected.js"", ""test/js/samples/if-block-simple/expected-bundle.js"", ""test/js/samples/if-block-simple/expected.js"", ""test/js/samples/legacy-input-type/expected-bundle.js"", ""test/js/samples/legacy-input-type/expected.js"", ""test/js/samples/non-imported-component/expected-bundle.js"", ""test/js/samples/non-imported-component/expected.js"", ""test/js/samples/onrender-onteardown-rewritten/expected-bundle.js"", ""test/js/samples/onrender-onteardown-rewritten/expected.js"", ""test/js/samples/setup-method/expected-bundle.js"", ""test/js/samples/setup-method/expected.js"", ""test/js/samples/use-elements-as-anchors/expected-bundle.js"", ""test/js/samples/use-elements-as-anchors/expected.js""]","[""src/generators/dom/index.ts"", ""test/js/samples/collapses-text-around-comments/expected-bundle.js"", ""test/js/samples/collapses-text-around-comments/expected.js"", ""test/js/samples/computed-collapsed-if/expected-bundle.js"", ""test/js/samples/computed-collapsed-if/expected.js"", ""test/js/samples/css-media-query/expected-bundle.js"", ""test/js/samples/css-media-query/expected.js"", ""test/js/samples/each-block-changed-check/expected-bundle.js"", ""test/js/samples/each-block-changed-check/expected.js"", ""test/js/samples/event-handlers-custom/expected-bundle.js"", ""test/js/samples/event-handlers-custom/expected.js"", ""test/js/samples/if-block-no-update/expected-bundle.js"", ""test/js/samples/if-block-no-update/expected.js"", ""test/js/samples/if-block-simple/expected-bundle.js"", ""test/js/samples/if-block-simple/expected.js"", ""test/js/samples/legacy-input-type/expected-bundle.js"", ""test/js/samples/legacy-input-type/expected.js"", ""test/js/samples/non-imported-component/expected-bundle.js"", ""test/js/samples/non-imported-component/expected.js"", ""test/js/samples/onrender-onteardown-rewritten/expected-bundle.js"", ""test/js/samples/onrender-onteardown-rewritten/expected.js"", ""test/js/samples/setup-method/expected-bundle.js"", ""test/js/samples/setup-method/expected.js"", ""test/js/samples/use-elements-as-anchors/expected-bundle.js"", ""test/js/samples/use-elements-as-anchors/expected.js""]",334,". /usr/local/nvm/nvm.sh && nvm use 16.20.2 && npm pkg set scripts.lint=""echo noop"" && npm run test -- --reporter json --exit"
prettier__prettier-3775,prettier/prettier,JavaScript,Feature,2018-01-20 07:33:47+00:00,"[""package.json"", ""src/cli/constant.js"", ""src/cli/index.js"", ""src/cli/logger.js"", ""src/cli/util.js"", ""src/common/support.js"", ""src/main/options.js"", ""yarn.lock""]","[""tests_integration/__tests__/__snapshots__/plugin-options.js.snap"", ""tests_integration/__tests__/__snapshots__/support-info.js.snap"", ""tests_integration/__tests__/early-exit.js"", ""tests_integration/__tests__/plugin-options.js"", ""tests_integration/plugins/options/config.json"", ""tests_integration/plugins/options/plugin.js"", ""tests_integration/runPrettier.js""]","[""package.json"", ""src/cli/constant.js"", ""src/cli/index.js"", ""src/cli/logger.js"", ""src/cli/util.js"", ""src/common/support.js"", ""src/main/options.js"", ""tests_integration/__tests__/__snapshots__/plugin-options.js.snap"", ""tests_integration/__tests__/__snapshots__/support-info.js.snap"", ""tests_integration/__tests__/early-exit.js"", ""tests_integration/__tests__/plugin-options.js"", ""tests_integration/plugins/options/config.json"", ""tests_integration/plugins/options/plugin.js"", ""tests_integration/runPrettier.js"", ""yarn.lock""]",335,". /usr/local/nvm/nvm.sh && nvm use 20.16.0 && npm pkg set scripts.lint=""echo noop"" && yarn test tests_integration/__tests__/__snapshots__/support-info.js.snap tests_integration/plugins/options/config.json tests_integration/runPrettier.js tests_integration/__tests__/early-exit.js tests_integration/__tests__/plugin-options.js tests_integration/plugins/options/plugin.js tests_integration/__tests__/__snapshots__/plugin-options.js.snap --json"
sveltejs__svelte-1148,sveltejs/svelte,JavaScript,Feature,2018-02-03 17:33:43+00:00,"[""src/generators/nodes/Attribute.ts"", ""src/generators/nodes/Binding.ts"", ""src/generators/nodes/Element.ts"", ""src/validate/html/validateElement.ts""]","[""test/js/samples/media-bindings/expected-bundle.js"", ""test/js/samples/media-bindings/expected.js"", ""test/js/samples/media-bindings/input.html"", ""test/runtime/samples/binding-audio-currenttime-duration/_config.js"", ""test/runtime/samples/binding-audio-currenttime-duration-volume/_config.js"", ""test/runtime/samples/binding-audio-currenttime-duration-volume/main.html"", ""test/runtime/samples/binding-audio-currenttime-duration/main.html""]","[""src/generators/nodes/Attribute.ts"", ""src/generators/nodes/Binding.ts"", ""src/generators/nodes/Element.ts"", ""src/validate/html/validateElement.ts"", ""test/js/samples/media-bindings/expected-bundle.js"", ""test/js/samples/media-bindings/expected.js"", ""test/js/samples/media-bindings/input.html"", ""test/runtime/samples/binding-audio-currenttime-duration-volume/_config.js"", ""test/runtime/samples/binding-audio-currenttime-duration-volume/main.html"", ""test/runtime/samples/binding-audio-currenttime-duration/_config.js"", ""test/runtime/samples/binding-audio-currenttime-duration/main.html""]",334,". /usr/local/nvm/nvm.sh && nvm use 16.20.2 && npm pkg set scripts.lint=""echo noop"" && npm run test -- --reporter json --exit"
prettier__prettier-3903,prettier/prettier,JavaScript,Feature,2018-02-06 11:39:51+00:00,"[""changelog_unreleased/javascript/pr-3903.md"", ""src/language-js/printer-estree.js""]","[""tests/async/__snapshots__/jsfmt.spec.js.snap"", ""tests/class_extends/__snapshots__/jsfmt.spec.js.snap"", ""tests/comments/__snapshots__/jsfmt.spec.js.snap"", ""tests/conditional/__snapshots__/jsfmt.spec.js.snap"", ""tests/cursor/__snapshots__/jsfmt.spec.js.snap"", ""tests/destructuring/__snapshots__/jsfmt.spec.js.snap"", ""tests/empty_paren_comment/__snapshots__/jsfmt.spec.js.snap"", ""tests/es6modules/__snapshots__/jsfmt.spec.js.snap"", ""tests/export_default/__snapshots__/jsfmt.spec.js.snap"", ""tests/first_argument_expansion/__snapshots__/jsfmt.spec.js.snap"", ""tests/flow/annot/__snapshots__/jsfmt.spec.js.snap"", ""tests/flow/arith/__snapshots__/jsfmt.spec.js.snap"", ""tests/flow/arraylib/__snapshots__/jsfmt.spec.js.snap"", ""tests/flow/async/__snapshots__/jsfmt.spec.js.snap"", ""tests/flow/async_iteration/__snapshots__/jsfmt.spec.js.snap"", ""tests/flow/binary/__snapshots__/jsfmt.spec.js.snap"", ""tests/flow/builtins/__snapshots__/jsfmt.spec.js.snap"", ""tests/flow/call_properties/__snapshots__/jsfmt.spec.js.snap"", ""tests/flow/class_statics/__snapshots__/jsfmt.spec.js.snap"", ""tests/flow/closure/__snapshots__/jsfmt.spec.js.snap"", ""tests/flow/computed_props/__snapshots__/jsfmt.spec.js.snap"", ""tests/flow/core_tests/__snapshots__/jsfmt.spec.js.snap"", ""tests/flow/dictionary/__snapshots__/jsfmt.spec.js.snap"", ""tests/flow/dom/__snapshots__/jsfmt.spec.js.snap"", ""tests/flow/es6modules/__snapshots__/jsfmt.spec.js.snap"", ""tests/flow/facebookisms/__snapshots__/jsfmt.spec.js.snap"", ""tests/flow/fixpoint/__snapshots__/jsfmt.spec.js.snap"", ""tests/flow/function/__snapshots__/jsfmt.spec.js.snap"", ""tests/flow/generators/__snapshots__/jsfmt.spec.js.snap"", ""tests/flow/generics/__snapshots__/jsfmt.spec.js.snap"", ""tests/flow/get-def/__snapshots__/jsfmt.spec.js.snap"", ""tests/flow/immutable_methods/__snapshots__/jsfmt.spec.js.snap"", ""tests/flow/indexer/__snapshots__/jsfmt.spec.js.snap"", ""tests/flow/init/__snapshots__/jsfmt.spec.js.snap"", ""tests/flow/keyvalue/__snapshots__/jsfmt.spec.js.snap"", ""tests/flow/missing_annotation/__snapshots__/jsfmt.spec.js.snap"", ""tests/flow/more_annot/__snapshots__/jsfmt.spec.js.snap"", ""tests/flow/more_generics/__snapshots__/jsfmt.spec.js.snap"", ""tests/flow/more_react/__snapshots__/jsfmt.spec.js.snap"", ""tests/flow/namespace/__snapshots__/jsfmt.spec.js.snap"", ""tests/flow/new_react/__snapshots__/jsfmt.spec.js.snap"", ""tests/flow/node_tests/child_process/__snapshots__/jsfmt.spec.js.snap"", ""tests/flow/node_tests/crypto/__snapshots__/jsfmt.spec.js.snap"", ""tests/flow/object_api/__snapshots__/jsfmt.spec.js.snap"", ""tests/flow/object_assign/__snapshots__/jsfmt.spec.js.snap"", ""tests/flow/object_freeze/__snapshots__/jsfmt.spec.js.snap"", ""tests/flow/objects/__snapshots__/jsfmt.spec.js.snap"", ""tests/flow/optional/__snapshots__/jsfmt.spec.js.snap"", ""tests/flow/plsummit/__snapshots__/jsfmt.spec.js.snap"", ""tests/flow/promises/__snapshots__/jsfmt.spec.js.snap"", ""tests/flow/react_modules/__snapshots__/jsfmt.spec.js.snap"", ""tests/flow/refi/__snapshots__/jsfmt.spec.js.snap"", ""tests/flow/refinements/__snapshots__/jsfmt.spec.js.snap"", ""tests/flow/requireLazy/__snapshots__/jsfmt.spec.js.snap"", ""tests/flow/sealed/__snapshots__/jsfmt.spec.js.snap"", ""tests/flow/spread/__snapshots__/jsfmt.spec.js.snap"", ""tests/flow/statics/__snapshots__/jsfmt.spec.js.snap"", ""tests/flow/taint/__snapshots__/jsfmt.spec.js.snap"", ""tests/flow/template/__snapshots__/jsfmt.spec.js.snap"", ""tests/flow/this/__snapshots__/jsfmt.spec.js.snap"", ""tests/flow/traces/__snapshots__/jsfmt.spec.js.snap"", ""tests/flow/type-at-pos/__snapshots__/jsfmt.spec.js.snap"", ""tests/flow/unary/__snapshots__/jsfmt.spec.js.snap"", ""tests/flow/undefined/__snapshots__/jsfmt.spec.js.snap"", ""tests/flow/union/__snapshots__/jsfmt.spec.js.snap"", ""tests/flow/unreachable/__snapshots__/jsfmt.spec.js.snap"", ""tests/flow_generic/__snapshots__/jsfmt.spec.js.snap"", ""tests/flow_jsx/__snapshots__/jsfmt.spec.js.snap"", ""tests/for/__snapshots__/jsfmt.spec.js.snap"", ""tests/function/__snapshots__/jsfmt.spec.js.snap"", ""tests/function_first_param/__snapshots__/jsfmt.spec.js.snap"", ""tests/generator/__snapshots__/jsfmt.spec.js.snap"", ""tests/generator/anonymous.js"", ""tests/generator/jsfmt.spec.js"", ""tests/html_basics/__snapshots__/jsfmt.spec.js.snap"", ""tests/html_case/__snapshots__/jsfmt.spec.js.snap"", ""tests/jsx/__snapshots__/jsfmt.spec.js.snap"", ""tests/last_argument_expansion/__snapshots__/jsfmt.spec.js.snap"", ""tests/method-chain/__snapshots__/jsfmt.spec.js.snap"", ""tests/multiparser_vue/__snapshots__/jsfmt.spec.js.snap"", ""tests/no-semi/__snapshots__/jsfmt.spec.js.snap"", ""tests/optional_chaining/__snapshots__/jsfmt.spec.js.snap"", ""tests/performance/__snapshots__/jsfmt.spec.js.snap"", ""tests/preserve_line/__snapshots__/jsfmt.spec.js.snap"", ""tests/require-amd/__snapshots__/jsfmt.spec.js.snap"", ""tests/sequence_break/__snapshots__/jsfmt.spec.js.snap"", ""tests/strings/__snapshots__/jsfmt.spec.js.snap"", ""tests/tabWith/__snapshots__/jsfmt.spec.js.snap"", ""tests/template/__snapshots__/jsfmt.spec.js.snap"", ""tests/ternaries/__snapshots__/jsfmt.spec.js.snap"", ""tests/test_declarations/__snapshots__/jsfmt.spec.js.snap"", ""tests/trailing_comma/__snapshots__/jsfmt.spec.js.snap"", ""tests/typescript/compiler/__snapshots__/jsfmt.spec.js.snap"", ""tests/typescript/conformance/types/functions/__snapshots__/jsfmt.spec.js.snap"", ""tests/typescript_as/__snapshots__/jsfmt.spec.js.snap"", ""tests/typescript_error_recovery/__snapshots__/jsfmt.spec.js.snap"", ""tests/typescript_non_null/__snapshots__/jsfmt.spec.js.snap"", ""tests/typescript_typeparams/__snapshots__/jsfmt.spec.js.snap"", ""tests/unary_expression/__snapshots__/jsfmt.spec.js.snap"", ""tests/variable_declarator/__snapshots__/jsfmt.spec.js.snap"", ""tests/yield/__snapshots__/jsfmt.spec.js.snap""]","[""changelog_unreleased/javascript/pr-3903.md"", ""src/language-js/printer-estree.js"", ""tests/async/__snapshots__/jsfmt.spec.js.snap"", ""tests/class_extends/__snapshots__/jsfmt.spec.js.snap"", ""tests/comments/__snapshots__/jsfmt.spec.js.snap"", ""tests/conditional/__snapshots__/jsfmt.spec.js.snap"", ""tests/cursor/__snapshots__/jsfmt.spec.js.snap"", ""tests/destructuring/__snapshots__/jsfmt.spec.js.snap"", ""tests/empty_paren_comment/__snapshots__/jsfmt.spec.js.snap"", ""tests/es6modules/__snapshots__/jsfmt.spec.js.snap"", ""tests/export_default/__snapshots__/jsfmt.spec.js.snap"", ""tests/first_argument_expansion/__snapshots__/jsfmt.spec.js.snap"", ""tests/flow/annot/__snapshots__/jsfmt.spec.js.snap"", ""tests/flow/arith/__snapshots__/jsfmt.spec.js.snap"", ""tests/flow/arraylib/__snapshots__/jsfmt.spec.js.snap"", ""tests/flow/async/__snapshots__/jsfmt.spec.js.snap"", ""tests/flow/async_iteration/__snapshots__/jsfmt.spec.js.snap"", ""tests/flow/binary/__snapshots__/jsfmt.spec.js.snap"", ""tests/flow/builtins/__snapshots__/jsfmt.spec.js.snap"", ""tests/flow/call_properties/__snapshots__/jsfmt.spec.js.snap"", ""tests/flow/class_statics/__snapshots__/jsfmt.spec.js.snap"", ""tests/flow/closure/__snapshots__/jsfmt.spec.js.snap"", ""tests/flow/computed_props/__snapshots__/jsfmt.spec.js.snap"", ""tests/flow/core_tests/__snapshots__/jsfmt.spec.js.snap"", ""tests/flow/dictionary/__snapshots__/jsfmt.spec.js.snap"", ""tests/flow/dom/__snapshots__/jsfmt.spec.js.snap"", ""tests/flow/es6modules/__snapshots__/jsfmt.spec.js.snap"", ""tests/flow/facebookisms/__snapshots__/jsfmt.spec.js.snap"", ""tests/flow/fixpoint/__snapshots__/jsfmt.spec.js.snap"", ""tests/flow/function/__snapshots__/jsfmt.spec.js.snap"", ""tests/flow/generators/__snapshots__/jsfmt.spec.js.snap"", ""tests/flow/generics/__snapshots__/jsfmt.spec.js.snap"", ""tests/flow/get-def/__snapshots__/jsfmt.spec.js.snap"", ""tests/flow/immutable_methods/__snapshots__/jsfmt.spec.js.snap"", ""tests/flow/indexer/__snapshots__/jsfmt.spec.js.snap"", ""tests/flow/init/__snapshots__/jsfmt.spec.js.snap"", ""tests/flow/keyvalue/__snapshots__/jsfmt.spec.js.snap"", ""tests/flow/missing_annotation/__snapshots__/jsfmt.spec.js.snap"", ""tests/flow/more_annot/__snapshots__/jsfmt.spec.js.snap"", ""tests/flow/more_generics/__snapshots__/jsfmt.spec.js.snap"", ""tests/flow/more_react/__snapshots__/jsfmt.spec.js.snap"", ""tests/flow/namespace/__snapshots__/jsfmt.spec.js.snap"", ""tests/flow/new_react/__snapshots__/jsfmt.spec.js.snap"", ""tests/flow/node_tests/child_process/__snapshots__/jsfmt.spec.js.snap"", ""tests/flow/node_tests/crypto/__snapshots__/jsfmt.spec.js.snap"", ""tests/flow/object_api/__snapshots__/jsfmt.spec.js.snap"", ""tests/flow/object_assign/__snapshots__/jsfmt.spec.js.snap"", ""tests/flow/object_freeze/__snapshots__/jsfmt.spec.js.snap"", ""tests/flow/objects/__snapshots__/jsfmt.spec.js.snap"", ""tests/flow/optional/__snapshots__/jsfmt.spec.js.snap"", ""tests/flow/plsummit/__snapshots__/jsfmt.spec.js.snap"", ""tests/flow/promises/__snapshots__/jsfmt.spec.js.snap"", ""tests/flow/react_modules/__snapshots__/jsfmt.spec.js.snap"", ""tests/flow/refi/__snapshots__/jsfmt.spec.js.snap"", ""tests/flow/refinements/__snapshots__/jsfmt.spec.js.snap"", ""tests/flow/requireLazy/__snapshots__/jsfmt.spec.js.snap"", ""tests/flow/sealed/__snapshots__/jsfmt.spec.js.snap"", ""tests/flow/spread/__snapshots__/jsfmt.spec.js.snap"", ""tests/flow/statics/__snapshots__/jsfmt.spec.js.snap"", ""tests/flow/taint/__snapshots__/jsfmt.spec.js.snap"", ""tests/flow/template/__snapshots__/jsfmt.spec.js.snap"", ""tests/flow/this/__snapshots__/jsfmt.spec.js.snap"", ""tests/flow/traces/__snapshots__/jsfmt.spec.js.snap"", ""tests/flow/type-at-pos/__snapshots__/jsfmt.spec.js.snap"", ""tests/flow/unary/__snapshots__/jsfmt.spec.js.snap"", ""tests/flow/undefined/__snapshots__/jsfmt.spec.js.snap"", ""tests/flow/union/__snapshots__/jsfmt.spec.js.snap"", ""tests/flow/unreachable/__snapshots__/jsfmt.spec.js.snap"", ""tests/flow_generic/__snapshots__/jsfmt.spec.js.snap"", ""tests/flow_jsx/__snapshots__/jsfmt.spec.js.snap"", ""tests/for/__snapshots__/jsfmt.spec.js.snap"", ""tests/function/__snapshots__/jsfmt.spec.js.snap"", ""tests/function_first_param/__snapshots__/jsfmt.spec.js.snap"", ""tests/generator/__snapshots__/jsfmt.spec.js.snap"", ""tests/generator/anonymous.js"", ""tests/generator/jsfmt.spec.js"", ""tests/html_basics/__snapshots__/jsfmt.spec.js.snap"", ""tests/html_case/__snapshots__/jsfmt.spec.js.snap"", ""tests/jsx/__snapshots__/jsfmt.spec.js.snap"", ""tests/last_argument_expansion/__snapshots__/jsfmt.spec.js.snap"", ""tests/method-chain/__snapshots__/jsfmt.spec.js.snap"", ""tests/multiparser_vue/__snapshots__/jsfmt.spec.js.snap"", ""tests/no-semi/__snapshots__/jsfmt.spec.js.snap"", ""tests/optional_chaining/__snapshots__/jsfmt.spec.js.snap"", ""tests/performance/__snapshots__/jsfmt.spec.js.snap"", ""tests/preserve_line/__snapshots__/jsfmt.spec.js.snap"", ""tests/require-amd/__snapshots__/jsfmt.spec.js.snap"", ""tests/sequence_break/__snapshots__/jsfmt.spec.js.snap"", ""tests/strings/__snapshots__/jsfmt.spec.js.snap"", ""tests/tabWith/__snapshots__/jsfmt.spec.js.snap"", ""tests/template/__snapshots__/jsfmt.spec.js.snap"", ""tests/ternaries/__snapshots__/jsfmt.spec.js.snap"", ""tests/test_declarations/__snapshots__/jsfmt.spec.js.snap"", ""tests/trailing_comma/__snapshots__/jsfmt.spec.js.snap"", ""tests/typescript/compiler/__snapshots__/jsfmt.spec.js.snap"", ""tests/typescript/conformance/types/functions/__snapshots__/jsfmt.spec.js.snap"", ""tests/typescript_as/__snapshots__/jsfmt.spec.js.snap"", ""tests/typescript_error_recovery/__snapshots__/jsfmt.spec.js.snap"", ""tests/typescript_non_null/__snapshots__/jsfmt.spec.js.snap"", ""tests/typescript_typeparams/__snapshots__/jsfmt.spec.js.snap"", ""tests/unary_expression/__snapshots__/jsfmt.spec.js.snap"", ""tests/variable_declarator/__snapshots__/jsfmt.spec.js.snap"", ""tests/yield/__snapshots__/jsfmt.spec.js.snap""]",335,". /usr/local/nvm/nvm.sh && nvm use 20.16.0 && npm pkg set scripts.lint=""echo noop"" && yarn test tests/preserve_line/__snapshots__/jsfmt.spec.js.snap tests/yield/__snapshots__/jsfmt.spec.js.snap tests/flow/facebookisms/__snapshots__/jsfmt.spec.js.snap tests/flow/indexer/__snapshots__/jsfmt.spec.js.snap tests/flow/get-def/__snapshots__/jsfmt.spec.js.snap tests/function/__snapshots__/jsfmt.spec.js.snap tests/typescript_error_recovery/__snapshots__/jsfmt.spec.js.snap tests/method-chain/__snapshots__/jsfmt.spec.js.snap tests/flow/more_react/__snapshots__/jsfmt.spec.js.snap tests/conditional/__snapshots__/jsfmt.spec.js.snap tests/flow/arraylib/__snapshots__/jsfmt.spec.js.snap tests/es6modules/__snapshots__/jsfmt.spec.js.snap tests/flow/builtins/__snapshots__/jsfmt.spec.js.snap tests/flow/type-at-pos/__snapshots__/jsfmt.spec.js.snap tests/flow/dom/__snapshots__/jsfmt.spec.js.snap tests/jsx/__snapshots__/jsfmt.spec.js.snap tests/sequence_break/__snapshots__/jsfmt.spec.js.snap tests/trailing_comma/__snapshots__/jsfmt.spec.js.snap tests/flow/new_react/__snapshots__/jsfmt.spec.js.snap tests/require-amd/__snapshots__/jsfmt.spec.js.snap tests/unary_expression/__snapshots__/jsfmt.spec.js.snap tests/flow/node_tests/child_process/__snapshots__/jsfmt.spec.js.snap tests/ternaries/__snapshots__/jsfmt.spec.js.snap tests/flow/unreachable/__snapshots__/jsfmt.spec.js.snap tests/flow/node_tests/crypto/__snapshots__/jsfmt.spec.js.snap tests/flow/async_iteration/__snapshots__/jsfmt.spec.js.snap tests/flow/object_api/__snapshots__/jsfmt.spec.js.snap tests/flow/dictionary/__snapshots__/jsfmt.spec.js.snap tests/flow/generators/__snapshots__/jsfmt.spec.js.snap tests/typescript_non_null/__snapshots__/jsfmt.spec.js.snap tests/flow/promises/__snapshots__/jsfmt.spec.js.snap tests/flow/keyvalue/__snapshots__/jsfmt.spec.js.snap tests/class_extends/__snapshots__/jsfmt.spec.js.snap tests/flow/requireLazy/__snapshots__/jsfmt.spec.js.snap tests/flow/this/__snapshots__/jsfmt.spec.js.snap tests/flow/es6modules/__snapshots__/jsfmt.spec.js.snap tests/flow/closure/__snapshots__/jsfmt.spec.js.snap tests/flow/refi/__snapshots__/jsfmt.spec.js.snap tests/generator/jsfmt.spec.js tests/flow/union/__snapshots__/jsfmt.spec.js.snap tests/flow/binary/__snapshots__/jsfmt.spec.js.snap tests/for/__snapshots__/jsfmt.spec.js.snap tests/flow/statics/__snapshots__/jsfmt.spec.js.snap tests/flow/more_annot/__snapshots__/jsfmt.spec.js.snap tests/flow/immutable_methods/__snapshots__/jsfmt.spec.js.snap tests/html_basics/__snapshots__/jsfmt.spec.js.snap tests/flow/namespace/__snapshots__/jsfmt.spec.js.snap tests/flow/init/__snapshots__/jsfmt.spec.js.snap tests/flow/object_assign/__snapshots__/jsfmt.spec.js.snap tests/html_case/__snapshots__/jsfmt.spec.js.snap tests/flow/taint/__snapshots__/jsfmt.spec.js.snap tests/test_declarations/__snapshots__/jsfmt.spec.js.snap tests/flow/more_generics/__snapshots__/jsfmt.spec.js.snap tests/flow/generics/__snapshots__/jsfmt.spec.js.snap tests/flow/unary/__snapshots__/jsfmt.spec.js.snap tests/flow/missing_annotation/__snapshots__/jsfmt.spec.js.snap tests/typescript/conformance/types/functions/__snapshots__/jsfmt.spec.js.snap tests/flow/core_tests/__snapshots__/jsfmt.spec.js.snap tests/flow_jsx/__snapshots__/jsfmt.spec.js.snap tests/optional_chaining/__snapshots__/jsfmt.spec.js.snap tests/strings/__snapshots__/jsfmt.spec.js.snap tests/flow/optional/__snapshots__/jsfmt.spec.js.snap tests/generator/anonymous.js tests/flow/react_modules/__snapshots__/jsfmt.spec.js.snap tests/flow/async/__snapshots__/jsfmt.spec.js.snap tests/export_default/__snapshots__/jsfmt.spec.js.snap tests/flow/undefined/__snapshots__/jsfmt.spec.js.snap tests/multiparser_vue/__snapshots__/jsfmt.spec.js.snap tests/flow/fixpoint/__snapshots__/jsfmt.spec.js.snap tests/flow/plsummit/__snapshots__/jsfmt.spec.js.snap tests/typescript/compiler/__snapshots__/jsfmt.spec.js.snap tests/flow/object_freeze/__snapshots__/jsfmt.spec.js.snap tests/flow/objects/__snapshots__/jsfmt.spec.js.snap tests/async/__snapshots__/jsfmt.spec.js.snap tests/cursor/__snapshots__/jsfmt.spec.js.snap tests/typescript_as/__snapshots__/jsfmt.spec.js.snap tests/first_argument_expansion/__snapshots__/jsfmt.spec.js.snap tests/flow/annot/__snapshots__/jsfmt.spec.js.snap tests/flow/sealed/__snapshots__/jsfmt.spec.js.snap tests/flow/computed_props/__snapshots__/jsfmt.spec.js.snap tests/destructuring/__snapshots__/jsfmt.spec.js.snap tests/flow/traces/__snapshots__/jsfmt.spec.js.snap tests/typescript_typeparams/__snapshots__/jsfmt.spec.js.snap tests/performance/__snapshots__/jsfmt.spec.js.snap tests/flow/arith/__snapshots__/jsfmt.spec.js.snap tests/flow/template/__snapshots__/jsfmt.spec.js.snap tests/flow_generic/__snapshots__/jsfmt.spec.js.snap tests/last_argument_expansion/__snapshots__/jsfmt.spec.js.snap tests/flow/function/__snapshots__/jsfmt.spec.js.snap tests/flow/refinements/__snapshots__/jsfmt.spec.js.snap tests/function_first_param/__snapshots__/jsfmt.spec.js.snap tests/comments/__snapshots__/jsfmt.spec.js.snap tests/flow/class_statics/__snapshots__/jsfmt.spec.js.snap tests/template/__snapshots__/jsfmt.spec.js.snap tests/variable_declarator/__snapshots__/jsfmt.spec.js.snap tests/empty_paren_comment/__snapshots__/jsfmt.spec.js.snap tests/tabWith/__snapshots__/jsfmt.spec.js.snap tests/generator/__snapshots__/jsfmt.spec.js.snap tests/no-semi/__snapshots__/jsfmt.spec.js.snap tests/flow/spread/__snapshots__/jsfmt.spec.js.snap tests/flow/call_properties/__snapshots__/jsfmt.spec.js.snap --json"
prettier__prettier-4667,prettier/prettier,JavaScript,Feature,2018-06-11 16:20:55+00:00,"[""src/config/resolve-config.js""]","[""tests_integration/__tests__/config-resolution.js"", ""tests_integration/cli/config/resolve-relative/.prettierrc""]","[""src/config/resolve-config.js"", ""tests_integration/__tests__/config-resolution.js"", ""tests_integration/cli/config/resolve-relative/.prettierrc""]",335,". /usr/local/nvm/nvm.sh && nvm use 20.16.0 && npm pkg set scripts.lint=""echo noop"" && yarn test tests_integration/cli/config/resolve-relative/.prettierrc tests_integration/__tests__/config-resolution.js --json"
mrdoob__three.js-14566,mrdoob/three.js,JavaScript,Feature,2018-07-27 04:10:43+00:00,"[""docs/api/en/objects/LOD.html"", ""docs/api/zh/objects/LOD.html"", ""src/loaders/ObjectLoader.js"", ""src/objects/LOD.js""]","[""test/unit/src/objects/LOD.tests.js""]","[""docs/api/en/objects/LOD.html"", ""docs/api/zh/objects/LOD.html"", ""src/loaders/ObjectLoader.js"", ""src/objects/LOD.js"", ""test/unit/src/objects/LOD.tests.js""]",77,". /usr/local/nvm/nvm.sh && nvm use 16.20.2 && npm pkg set scripts.lint=""echo noop"" && npm run test --exit"
sveltejs__svelte-1811,sveltejs/svelte,JavaScript,Feature,2018-10-27 18:34:10+00:00,"[""src/compile/render-dom/index.ts"", ""src/compile/render-ssr/index.ts""]","[""test/cli/samples/dev/expected/Main.js"", ""test/runtime/index.js"", ""test/runtime/samples/binding-indirect-computed/_config.js"", ""test/runtime/samples/dev-error-missing-store/_config.js"", ""test/runtime/samples/dev-error-missing-store/main.html"", ""test/runtime/samples/dev-warning-bad-set-argument/_config.js"", ""test/runtime/samples/dev-warning-destroy-twice/_config.js"", ""test/runtime/samples/dev-warning-dynamic-components-misplaced/_config.js"", ""test/runtime/samples/dev-warning-helper/_config.js"", ""test/runtime/samples/dev-warning-missing-data-binding/_config.js"", ""test/runtime/samples/dev-warning-missing-data-each/_config.js"", ""test/runtime/samples/dev-warning-missing-data-excludes-event/_config.js"", ""test/runtime/samples/dev-warning-missing-data/_config.js"", ""test/runtime/samples/dev-warning-readonly-computed/_config.js"", ""test/runtime/samples/dev-warning-readonly-window-binding/_config.js"", ""test/runtime/samples/element-source-location/_config.js"", ""test/runtime/samples/nested-transition-detach-each/_config.js"", ""test/runtime/samples/set-clones-input/_config.js"", ""test/runtime/samples/store-onstate-dollar/_config.js"", ""test/server-side-rendering/index.js""]","[""src/compile/render-dom/index.ts"", ""src/compile/render-ssr/index.ts"", ""test/cli/samples/dev/expected/Main.js"", ""test/runtime/index.js"", ""test/runtime/samples/binding-indirect-computed/_config.js"", ""test/runtime/samples/dev-error-missing-store/_config.js"", ""test/runtime/samples/dev-error-missing-store/main.html"", ""test/runtime/samples/dev-warning-bad-set-argument/_config.js"", ""test/runtime/samples/dev-warning-destroy-twice/_config.js"", ""test/runtime/samples/dev-warning-dynamic-components-misplaced/_config.js"", ""test/runtime/samples/dev-warning-helper/_config.js"", ""test/runtime/samples/dev-warning-missing-data-binding/_config.js"", ""test/runtime/samples/dev-warning-missing-data-each/_config.js"", ""test/runtime/samples/dev-warning-missing-data-excludes-event/_config.js"", ""test/runtime/samples/dev-warning-missing-data/_config.js"", ""test/runtime/samples/dev-warning-readonly-computed/_config.js"", ""test/runtime/samples/dev-warning-readonly-window-binding/_config.js"", ""test/runtime/samples/element-source-location/_config.js"", ""test/runtime/samples/nested-transition-detach-each/_config.js"", ""test/runtime/samples/set-clones-input/_config.js"", ""test/runtime/samples/store-onstate-dollar/_config.js"", ""test/server-side-rendering/index.js""]",334,". /usr/local/nvm/nvm.sh && nvm use 16.20.2 && npm pkg set scripts.lint=""echo noop"" && npm run test -- --reporter json --exit"
serverless__serverless-5509,serverless/serverless,JavaScript,Feature,2018-11-20 14:59:20+00:00,"[""docs/providers/aws/events/apigateway.md"", ""docs/providers/aws/guide/serverless.yml.md"", ""lib/plugins/aws/package/compile/events/apiGateway/lib/deployment.js"", ""lib/plugins/aws/provider/awsProvider.js""]","[""lib/plugins/aws/package/compile/events/apiGateway/lib/deployment.test.js""]","[""docs/providers/aws/events/apigateway.md"", ""docs/providers/aws/guide/serverless.yml.md"", ""lib/plugins/aws/package/compile/events/apiGateway/lib/deployment.js"", ""lib/plugins/aws/package/compile/events/apiGateway/lib/deployment.test.js"", ""lib/plugins/aws/provider/awsProvider.js""]",76,. /usr/local/nvm/nvm.sh && npx mocha lib/plugins/aws/package/compile/events/apiGateway/lib/deployment.test.js --reporter json
serverless__serverless-5579,serverless/serverless,JavaScript,Feature,2018-12-08 11:56:09+00:00,"[""docs/providers/aws/guide/variables.md"", ""lib/classes/Variables.js"", ""lib/plugins/aws/provider/awsProvider.js""]","[""lib/classes/Variables.test.js"", ""lib/plugins/aws/provider/awsProvider.test.js""]","[""docs/providers/aws/guide/variables.md"", ""lib/classes/Variables.js"", ""lib/classes/Variables.test.js"", ""lib/plugins/aws/provider/awsProvider.js"", ""lib/plugins/aws/provider/awsProvider.test.js""]",76,. /usr/local/nvm/nvm.sh && npx mocha lib/classes/Variables.test.js lib/plugins/aws/provider/awsProvider.test.js --reporter json
sveltejs__svelte-2187,sveltejs/svelte,JavaScript,Feature,2019-03-09 19:56:43+00:00,"[""src/compile/Component.ts"", ""src/compile/nodes/shared/Expression.ts"", ""src/compile/render-dom/index.ts"", ""src/compile/render-ssr/index.ts""]","[""test/runtime/samples/props-excludes-external/RenderProps.svelte"", ""test/runtime/samples/props-implicit/_config.js"", ""test/runtime/samples/props-implicit/main.svelte"", ""test/runtime/samples/props-undeclared/_config.js"", ""test/runtime/samples/props-undeclared/main.svelte"", ""test/runtime/samples/props/RenderProps.svelte"", ""test/runtime/samples/props-excludes-external/_config.js"", ""test/runtime/samples/props/_config.js"", ""test/runtime/samples/props-excludes-external/main.svelte"", ""test/runtime/samples/props/main.svelte"", ""test/runtime/samples/spread-own-props/main.svelte"", ""test/vars/samples/$$props-logicless/_config.js"", ""test/vars/samples/$$props-logicless/input.svelte"", ""test/vars/samples/$$props/_config.js"", ""test/vars/samples/$$props/input.svelte""]","[""src/compile/Component.ts"", ""src/compile/nodes/shared/Expression.ts"", ""src/compile/render-dom/index.ts"", ""src/compile/render-ssr/index.ts"", ""test/runtime/samples/props-excludes-external/RenderProps.svelte"", ""test/runtime/samples/props-excludes-external/_config.js"", ""test/runtime/samples/props-excludes-external/main.svelte"", ""test/runtime/samples/props-implicit/_config.js"", ""test/runtime/samples/props-implicit/main.svelte"", ""test/runtime/samples/props-undeclared/_config.js"", ""test/runtime/samples/props-undeclared/main.svelte"", ""test/runtime/samples/props/RenderProps.svelte"", ""test/runtime/samples/props/_config.js"", ""test/runtime/samples/props/main.svelte"", ""test/runtime/samples/spread-own-props/main.svelte"", ""test/vars/samples/$$props-logicless/_config.js"", ""test/vars/samples/$$props-logicless/input.svelte"", ""test/vars/samples/$$props/_config.js"", ""test/vars/samples/$$props/input.svelte""]",334,". /usr/local/nvm/nvm.sh && nvm use 16.20.2 && npm pkg set scripts.lint=""echo noop"" && npm run test -- --reporter json --exit"
serverless__serverless-5982,serverless/serverless,JavaScript,Feature,2019-03-30 22:05:29+00:00,"[""docs/providers/aws/events/apigateway.md"", ""lib/plugins/aws/info/display.js"", ""lib/plugins/aws/info/getApiKeyValues.js"", ""lib/plugins/aws/package/compile/events/apiGateway/lib/apiKeys.js"", ""lib/plugins/aws/package/compile/events/apiGateway/lib/usagePlanKeys.js""]","[""lib/plugins/aws/info/display.test.js"", ""lib/plugins/aws/info/getApiKeyValues.test.js"", ""lib/plugins/aws/package/compile/events/apiGateway/lib/apiKeys.test.js"", ""lib/plugins/aws/package/compile/events/apiGateway/lib/usagePlanKeys.test.js""]","[""docs/providers/aws/events/apigateway.md"", ""lib/plugins/aws/info/display.js"", ""lib/plugins/aws/info/display.test.js"", ""lib/plugins/aws/info/getApiKeyValues.js"", ""lib/plugins/aws/info/getApiKeyValues.test.js"", ""lib/plugins/aws/package/compile/events/apiGateway/lib/apiKeys.js"", ""lib/plugins/aws/package/compile/events/apiGateway/lib/apiKeys.test.js"", ""lib/plugins/aws/package/compile/events/apiGateway/lib/usagePlanKeys.js"", ""lib/plugins/aws/package/compile/events/apiGateway/lib/usagePlanKeys.test.js""]",76,. /usr/local/nvm/nvm.sh && npx mocha lib/plugins/aws/package/compile/events/apiGateway/lib/apiKeys.test.js lib/plugins/aws/package/compile/events/apiGateway/lib/usagePlanKeys.test.js lib/plugins/aws/info/getApiKeyValues.test.js lib/plugins/aws/info/display.test.js --reporter json
serverless__serverless-6051,serverless/serverless,JavaScript,Feature,2019-04-25 18:41:34+00:00,"[""docs/providers/aws/events/apigateway.md"", ""lib/plugins/aws/package/compile/events/apiGateway/lib/method/integration.js"", ""lib/plugins/aws/package/compile/events/apiGateway/lib/validate.js""]","[""lib/plugins/aws/package/compile/events/apiGateway/lib/validate.test.js""]","[""docs/providers/aws/events/apigateway.md"", ""lib/plugins/aws/package/compile/events/apiGateway/lib/method/integration.js"", ""lib/plugins/aws/package/compile/events/apiGateway/lib/validate.js"", ""lib/plugins/aws/package/compile/events/apiGateway/lib/validate.test.js""]",76,. /usr/local/nvm/nvm.sh && npx mocha lib/plugins/aws/package/compile/events/apiGateway/lib/validate.test.js --reporter json
serverless__serverless-6063,serverless/serverless,JavaScript,Feature,2019-04-29 11:32:58+00:00,"[""docs/providers/aws/events/apigateway.md"", ""docs/providers/aws/guide/serverless.yml.md"", ""lib/plugins/aws/package/compile/events/apiGateway/lib/restApi.js""]","[""lib/plugins/aws/package/compile/events/apiGateway/lib/restApi.test.js""]","[""docs/providers/aws/events/apigateway.md"", ""docs/providers/aws/guide/serverless.yml.md"", ""lib/plugins/aws/package/compile/events/apiGateway/lib/restApi.js"", ""lib/plugins/aws/package/compile/events/apiGateway/lib/restApi.test.js""]",76,. /usr/local/nvm/nvm.sh && npx mocha lib/plugins/aws/package/compile/events/apiGateway/lib/restApi.test.js --reporter json
serverless__serverless-6345,serverless/serverless,JavaScript,Feature,2019-07-08 16:34:27+00:00,"[""lib/classes/CLI.js"", ""lib/classes/Error.js""]","[""lib/classes/Error.test.js""]","[""lib/classes/CLI.js"", ""lib/classes/Error.js"", ""lib/classes/Error.test.js""]",76,. /usr/local/nvm/nvm.sh && npx mocha lib/classes/Error.test.js --reporter json
mrdoob__three.js-17649,mrdoob/three.js,JavaScript,Feature,2019-10-03 06:01:18+00:00,"[""docs/api/en/core/BufferGeometry.html"", ""examples/js/exporters/GLTFExporter.js"", ""examples/js/loaders/GLTFLoader.js"", ""examples/js/renderers/Projector.js"", ""examples/js/utils/BufferGeometryUtils.js"", ""examples/jsm/exporters/GLTFExporter.js"", ""examples/jsm/loaders/GLTFLoader.js"", ""examples/jsm/renderers/Projector.js"", ""examples/jsm/utils/BufferGeometryUtils.js"", ""src/core/BufferGeometry.d.ts"", ""src/core/BufferGeometry.js"", ""src/loaders/BufferGeometryLoader.js"", ""src/objects/Mesh.js"", ""src/renderers/shaders/ShaderChunk/morphnormal_vertex.glsl.js"", ""src/renderers/shaders/ShaderChunk/morphtarget_pars_vertex.glsl.js"", ""src/renderers/shaders/ShaderChunk/morphtarget_vertex.glsl.js"", ""src/renderers/webgl/WebGLMorphtargets.js""]","[""test/unit/src/core/BufferGeometry.tests.js""]","[""docs/api/en/core/BufferGeometry.html"", ""examples/js/exporters/GLTFExporter.js"", ""examples/js/loaders/GLTFLoader.js"", ""examples/js/renderers/Projector.js"", ""examples/js/utils/BufferGeometryUtils.js"", ""examples/jsm/exporters/GLTFExporter.js"", ""examples/jsm/loaders/GLTFLoader.js"", ""examples/jsm/renderers/Projector.js"", ""examples/jsm/utils/BufferGeometryUtils.js"", ""src/core/BufferGeometry.d.ts"", ""src/core/BufferGeometry.js"", ""src/loaders/BufferGeometryLoader.js"", ""src/objects/Mesh.js"", ""src/renderers/shaders/ShaderChunk/morphnormal_vertex.glsl.js"", ""src/renderers/shaders/ShaderChunk/morphtarget_pars_vertex.glsl.js"", ""src/renderers/shaders/ShaderChunk/morphtarget_vertex.glsl.js"", ""src/renderers/webgl/WebGLMorphtargets.js"", ""test/unit/src/core/BufferGeometry.tests.js""]",77,". /usr/local/nvm/nvm.sh && nvm use 16.20.2 && npm pkg set scripts.lint=""echo noop"" && npm run test --exit"
serverless__serverless-6945,serverless/serverless,JavaScript,Feature,2019-11-08 17:12:32+00:00,"[""docs/providers/azure/cli-reference/create.md"", ""docs/providers/azure/guide/workflow.md"", ""lib/plugins/create/create.js""]","[""lib/plugins/create/create.test.js""]","[""docs/providers/azure/cli-reference/create.md"", ""docs/providers/azure/guide/workflow.md"", ""lib/plugins/create/create.js"", ""lib/plugins/create/create.test.js""]",76,. /usr/local/nvm/nvm.sh && npx mocha lib/plugins/create/create.test.js --reporter json
serverless__serverless-7024,serverless/serverless,JavaScript,Feature,2019-11-28 12:19:39+00:00,"[""docs/providers/aws/events/streams.md"", ""lib/plugins/aws/package/compile/events/stream/index.js""]","[""lib/plugins/aws/package/compile/events/stream/index.test.js""]","[""docs/providers/aws/events/streams.md"", ""lib/plugins/aws/package/compile/events/stream/index.js"", ""lib/plugins/aws/package/compile/events/stream/index.test.js""]",76,. /usr/local/nvm/nvm.sh && npx mocha lib/plugins/aws/package/compile/events/stream/index.test.js --reporter json
serverless__serverless-7031,serverless/serverless,JavaScript,Feature,2019-11-30 02:51:07+00:00,"[""lib/plugins/aws/provider/awsProvider.js""]","[""lib/plugins/aws/provider/awsProvider.test.js""]","[""lib/plugins/aws/provider/awsProvider.js"", ""lib/plugins/aws/provider/awsProvider.test.js""]",76,. /usr/local/nvm/nvm.sh && npx mocha lib/plugins/aws/provider/awsProvider.test.js --reporter json
serverless__serverless-7623,serverless/serverless,JavaScript,Feature,2020-04-24 09:05:26+00:00,"[""docs/providers/aws/events/http-api.md"", ""docs/providers/aws/guide/serverless.yml.md"", ""lib/plugins/aws/package/compile/events/httpApi/index.js""]","[""lib/plugins/aws/package/compile/events/httpApi/index.test.js""]","[""docs/providers/aws/events/http-api.md"", ""docs/providers/aws/guide/serverless.yml.md"", ""lib/plugins/aws/package/compile/events/httpApi/index.js"", ""lib/plugins/aws/package/compile/events/httpApi/index.test.js""]",76,. /usr/local/nvm/nvm.sh && npx mocha lib/plugins/aws/package/compile/events/httpApi/index.test.js --reporter json
prettier__prettier-8381,prettier/prettier,JavaScript,Feature,2020-05-22 04:47:37+00:00,"[""changelog_unreleased/html/pr-8381.md"", ""src/common/util.js"", ""src/language-css/clean.js"", ""src/language-css/embed.js"", ""src/language-css/printer-postcss.js"", ""src/language-html/clean.js"", ""src/language-html/printer-html.js"", ""src/language-html/utils.js"", ""src/language-markdown/embed.js"", ""src/language-markdown/printer-markdown.js"", ""src/utils/front-matter.js""]","[""tests/css/front-matter/__snapshots__/jsfmt.spec.js.snap"", ""tests/css/front-matter/custom-parser.css"", ""tests/css/front-matter/jsfmt.spec.js"", ""tests/html/front-matter/__snapshots__/jsfmt.spec.js.snap"", ""tests/html/front-matter/custom-parser.html"", ""tests/html/front-matter/jsfmt.spec.js"", ""tests/markdown/front-matter/__snapshots__/jsfmt.spec.js.snap"", ""tests/markdown/front-matter/custom-parser.md"", ""tests/markdown/front-matter/jsfmt.spec.js""]","[""changelog_unreleased/html/pr-8381.md"", ""src/common/util.js"", ""src/language-css/clean.js"", ""src/language-css/embed.js"", ""src/language-css/printer-postcss.js"", ""src/language-html/clean.js"", ""src/language-html/printer-html.js"", ""src/language-html/utils.js"", ""src/language-markdown/embed.js"", ""src/language-markdown/printer-markdown.js"", ""src/utils/front-matter.js"", ""tests/css/front-matter/__snapshots__/jsfmt.spec.js.snap"", ""tests/css/front-matter/custom-parser.css"", ""tests/css/front-matter/jsfmt.spec.js"", ""tests/html/front-matter/__snapshots__/jsfmt.spec.js.snap"", ""tests/html/front-matter/custom-parser.html"", ""tests/html/front-matter/jsfmt.spec.js"", ""tests/markdown/front-matter/__snapshots__/jsfmt.spec.js.snap"", ""tests/markdown/front-matter/custom-parser.md"", ""tests/markdown/front-matter/jsfmt.spec.js""]",335,". /usr/local/nvm/nvm.sh && nvm use 20.16.0 && npm pkg set scripts.lint=""echo noop"" && yarn test tests/markdown/front-matter/custom-parser.md tests/css/front-matter/jsfmt.spec.js tests/html/front-matter/__snapshots__/jsfmt.spec.js.snap tests/html/front-matter/custom-parser.html tests/css/front-matter/custom-parser.css tests/html/front-matter/jsfmt.spec.js tests/markdown/front-matter/__snapshots__/jsfmt.spec.js.snap tests/css/front-matter/__snapshots__/jsfmt.spec.js.snap tests/markdown/front-matter/jsfmt.spec.js --json"
prettier__prettier-8465,prettier/prettier,JavaScript,Feature,2020-06-01 04:47:34+00:00,"[""changelog_unreleased/vue/pr-8023.md"", ""jest.config.js"", ""src/language-html/printer-html.js"", ""src/language-html/utils.js""]","[""tests/vue/custom_block/__snapshots__/jsfmt.spec.js.snap"", ""tests/vue/with-plugins/__snapshots__/jsfmt.spec.js.snap"", ""tests/vue/with-plugins/custom-block-lang.vue"", ""tests/vue/with-plugins/inline.vue"", ""tests/vue/with-plugins/jsfmt.spec.js"", ""tests/vue/with-plugins/script-lang.vue"", ""tests/vue/with-plugins/style-lang.vue"", ""tests/vue/with-plugins/template-lang.vue"", ""tests/vue/with-plugins/whitspace.vue"", ""tests_config/prettier-plugins/prettier-plugin-uppercase-rocks/main.js"", ""tests_config/prettier-plugins/prettier-plugin-uppercase-rocks/package.json"", ""tests_config/utils/compose-options-for-snapshot.js"", ""tests_config/utils/stringify-options-for-title.js""]","[""changelog_unreleased/vue/pr-8023.md"", ""jest.config.js"", ""src/language-html/printer-html.js"", ""src/language-html/utils.js"", ""tests/vue/custom_block/__snapshots__/jsfmt.spec.js.snap"", ""tests/vue/with-plugins/__snapshots__/jsfmt.spec.js.snap"", ""tests/vue/with-plugins/custom-block-lang.vue"", ""tests/vue/with-plugins/inline.vue"", ""tests/vue/with-plugins/jsfmt.spec.js"", ""tests/vue/with-plugins/script-lang.vue"", ""tests/vue/with-plugins/style-lang.vue"", ""tests/vue/with-plugins/template-lang.vue"", ""tests/vue/with-plugins/whitspace.vue"", ""tests_config/prettier-plugins/prettier-plugin-uppercase-rocks/main.js"", ""tests_config/prettier-plugins/prettier-plugin-uppercase-rocks/package.json"", ""tests_config/utils/compose-options-for-snapshot.js"", ""tests_config/utils/stringify-options-for-title.js""]",335,". /usr/local/nvm/nvm.sh && nvm use 20.16.0 && npm pkg set scripts.lint=""echo noop"" && yarn test tests/vue/with-plugins/script-lang.vue tests_config/utils/stringify-options-for-title.js tests/vue/with-plugins/style-lang.vue tests/vue/with-plugins/template-lang.vue tests_config/prettier-plugins/prettier-plugin-uppercase-rocks/main.js tests/vue/with-plugins/inline.vue tests/vue/with-plugins/whitspace.vue tests_config/utils/compose-options-for-snapshot.js tests/vue/with-plugins/custom-block-lang.vue tests/vue/custom_block/__snapshots__/jsfmt.spec.js.snap tests/vue/with-plugins/__snapshots__/jsfmt.spec.js.snap tests/vue/with-plugins/jsfmt.spec.js tests_config/prettier-plugins/prettier-plugin-uppercase-rocks/package.json --json"
sveltejs__svelte-5442,sveltejs/svelte,JavaScript,Feature,2020-09-23 00:58:51+00:00,"[""CHANGELOG.md"", ""site/content/docs/02-template-syntax.md"", ""site/content/tutorial/05-events/03-event-modifiers/text.md"", ""src/compiler/compile/nodes/Element.ts"", ""src/compiler/compile/render_dom/wrappers/Element/EventHandler.ts""]","[""test/js/samples/event-modifiers/expected.js"", ""test/js/samples/event-modifiers/input.svelte"", ""test/validator/samples/event-modifiers-invalid-nonpassive/errors.json"", ""test/validator/samples/event-modifiers-invalid-nonpassive/input.svelte"", ""test/validator/samples/event-modifiers-invalid/errors.json""]","[""CHANGELOG.md"", ""site/content/docs/02-template-syntax.md"", ""site/content/tutorial/05-events/03-event-modifiers/text.md"", ""src/compiler/compile/nodes/Element.ts"", ""src/compiler/compile/render_dom/wrappers/Element/EventHandler.ts"", ""test/js/samples/event-modifiers/expected.js"", ""test/js/samples/event-modifiers/input.svelte"", ""test/validator/samples/event-modifiers-invalid-nonpassive/errors.json"", ""test/validator/samples/event-modifiers-invalid-nonpassive/input.svelte"", ""test/validator/samples/event-modifiers-invalid/errors.json""]",334,". /usr/local/nvm/nvm.sh && nvm use 16.20.2 && npm pkg set scripts.lint=""echo noop"" && npm run test -- --reporter json --exit"
mrdoob__three.js-20478,mrdoob/three.js,JavaScript,Feature,2020-10-08 12:18:34+00:00,"[""docs/api/en/core/Object3D.html"", ""src/core/Object3D.d.ts"", ""src/core/Object3D.js""]","[""test/unit/src/core/Object3D.tests.js""]","[""docs/api/en/core/Object3D.html"", ""src/core/Object3D.d.ts"", ""src/core/Object3D.js"", ""test/unit/src/core/Object3D.tests.js""]",77,". /usr/local/nvm/nvm.sh && nvm use 16.20.2 && npm pkg set scripts.lint=""echo noop"" && npm run test --exit"
serverless__serverless-8638,serverless/serverless,JavaScript,Feature,2020-12-17 13:24:17+00:00,"[""docs/providers/aws/guide/deploying.md"", ""docs/providers/aws/guide/serverless.yml.md"", ""lib/plugins/aws/package/lib/generateCoreTemplate.js"", ""lib/plugins/aws/provider.js""]","[""test/unit/lib/plugins/aws/package/lib/generateCoreTemplate.test.js""]","[""docs/providers/aws/guide/deploying.md"", ""docs/providers/aws/guide/serverless.yml.md"", ""lib/plugins/aws/package/lib/generateCoreTemplate.js"", ""lib/plugins/aws/provider.js"", ""test/unit/lib/plugins/aws/package/lib/generateCoreTemplate.test.js""]",76,. /usr/local/nvm/nvm.sh && npx mocha test/unit/lib/plugins/aws/package/lib/generateCoreTemplate.test.js --reporter json
prettier__prettier-10109,prettier/prettier,JavaScript,Feature,2021-01-23 04:38:24+00:00,"[""changelog_unreleased/typescript/10109.md"", ""src/language-js/print/type-parameters.js""]","[""tests/typescript/trailing-comma/__snapshots__/jsfmt.spec.js.snap"", ""tests/typescript/trailing-comma/arrow-functions.tsx"", ""tests/typescript/trailing-comma/jsfmt.spec.js"", ""tests/typescript/trailing-comma/type-parameters.ts""]","[""changelog_unreleased/typescript/10109.md"", ""src/language-js/print/type-parameters.js"", ""tests/typescript/trailing-comma/__snapshots__/jsfmt.spec.js.snap"", ""tests/typescript/trailing-comma/arrow-functions.tsx"", ""tests/typescript/trailing-comma/jsfmt.spec.js"", ""tests/typescript/trailing-comma/type-parameters.ts""]",335,". /usr/local/nvm/nvm.sh && nvm use 20.16.0 && npm pkg set scripts.lint=""echo noop"" && yarn test tests/typescript/trailing-comma/arrow-functions.tsx tests/typescript/trailing-comma/type-parameters.ts tests/typescript/trailing-comma/jsfmt.spec.js tests/typescript/trailing-comma/__snapshots__/jsfmt.spec.js.snap --json"
mrdoob__three.js-21532,mrdoob/three.js,JavaScript,Feature,2021-03-27 09:07:34+00:00,"[""docs/api/en/math/Quaternion.html"", ""docs/api/zh/math/Quaternion.html"", ""examples/jsm/webxr/XRControllerModelFactory.js"", ""src/math/Quaternion.js""]","[""test/unit/src/math/Quaternion.tests.js""]","[""docs/api/en/math/Quaternion.html"", ""docs/api/zh/math/Quaternion.html"", ""examples/jsm/webxr/XRControllerModelFactory.js"", ""src/math/Quaternion.js"", ""test/unit/src/math/Quaternion.tests.js""]",77,". /usr/local/nvm/nvm.sh && nvm use 16.20.2 && npm pkg set scripts.lint=""echo noop"" && npm run test --exit"
sveltejs__svelte-6223,sveltejs/svelte,JavaScript,Feature,2021-04-22 01:23:48+00:00,"[""src/compiler/compile/css/Selector.ts""]","[""test/css/samples/global-compound-selector/_config.js"", ""test/css/samples/global-compound-selector/expected.css"", ""test/css/samples/global-compound-selector/expected.html"", ""test/css/samples/global-compound-selector/input.svelte"", ""test/css/samples/global/expected.css"", ""test/css/samples/global/input.svelte"", ""test/validator/samples/css-invalid-global/errors.json"", ""test/validator/samples/css-invalid-global/input.svelte""]","[""src/compiler/compile/css/Selector.ts"", ""test/css/samples/global-compound-selector/_config.js"", ""test/css/samples/global-compound-selector/expected.css"", ""test/css/samples/global-compound-selector/expected.html"", ""test/css/samples/global-compound-selector/input.svelte"", ""test/css/samples/global/expected.css"", ""test/css/samples/global/input.svelte"", ""test/validator/samples/css-invalid-global/errors.json"", ""test/validator/samples/css-invalid-global/input.svelte""]",334,". /usr/local/nvm/nvm.sh && nvm use 16.20.2 && npm pkg set scripts.lint=""echo noop"" && npm run test -- --reporter json --exit"
mrdoob__three.js-21826,mrdoob/three.js,JavaScript,Feature,2021-05-13 08:52:13+00:00,"[""docs/api/en/core/Object3D.html"", ""docs/api/ko/core/Object3D.html"", ""docs/api/zh/core/Object3D.html"", ""src/core/Object3D.js""]","[""test/unit/src/core/Object3D.tests.js""]","[""docs/api/en/core/Object3D.html"", ""docs/api/ko/core/Object3D.html"", ""docs/api/zh/core/Object3D.html"", ""src/core/Object3D.js"", ""test/unit/src/core/Object3D.tests.js""]",77,". /usr/local/nvm/nvm.sh && nvm use 16.20.2 && npm pkg set scripts.lint=""echo noop"" && npm run test --exit"
prettier__prettier-10910,prettier/prettier,JavaScript,Feature,2021-05-18 07:56:52+00:00,"[""src/language-js/clean.js"", ""src/language-js/comments.js"", ""src/language-js/index.js"", ""src/language-js/parser-babel.js"", ""src/language-js/print/call-arguments.js"", ""src/language-js/print/literal.js"", ""src/language-js/utils.js"", ""src/main/range-util.js""]","[""tests/config/format-test.js"", ""tests/format/flow/comments/__snapshots__/jsfmt.spec.js.snap"", ""tests/format/flow/comments/jsfmt.spec.js"", ""tests/format/js/call/invalid/__snapshots__/jsfmt.spec.js.snap"", ""tests/format/js/call/invalid/jsfmt.spec.js"", ""tests/format/js/tuple/__snapshots__/jsfmt.spec.js.snap"", ""tests/format/js/tuple/jsfmt.spec.js"", ""tests/format/typescript/typeparams/consistent/__snapshots__/jsfmt.spec.js.snap"", ""tests/format/typescript/typeparams/consistent/jsfmt.spec.js""]","[""src/language-js/clean.js"", ""src/language-js/comments.js"", ""src/language-js/index.js"", ""src/language-js/parser-babel.js"", ""src/language-js/print/call-arguments.js"", ""src/language-js/print/literal.js"", ""src/language-js/utils.js"", ""src/main/range-util.js"", ""tests/config/format-test.js"", ""tests/format/flow/comments/__snapshots__/jsfmt.spec.js.snap"", ""tests/format/flow/comments/jsfmt.spec.js"", ""tests/format/js/call/invalid/__snapshots__/jsfmt.spec.js.snap"", ""tests/format/js/call/invalid/jsfmt.spec.js"", ""tests/format/js/tuple/__snapshots__/jsfmt.spec.js.snap"", ""tests/format/js/tuple/jsfmt.spec.js"", ""tests/format/typescript/typeparams/consistent/__snapshots__/jsfmt.spec.js.snap"", ""tests/format/typescript/typeparams/consistent/jsfmt.spec.js""]",335,". /usr/local/nvm/nvm.sh && nvm use 20.16.0 && npm pkg set scripts.lint=""echo noop"" && yarn test tests/format/js/tuple/__snapshots__/jsfmt.spec.js.snap tests/format/typescript/typeparams/consistent/jsfmt.spec.js tests/format/js/call/invalid/jsfmt.spec.js tests/format/js/tuple/jsfmt.spec.js tests/format/flow/comments/__snapshots__/jsfmt.spec.js.snap tests/format/typescript/typeparams/consistent/__snapshots__/jsfmt.spec.js.snap tests/format/flow/comments/jsfmt.spec.js tests/format/js/call/invalid/__snapshots__/jsfmt.spec.js.snap tests/config/format-test.js --json"
sveltejs__svelte-6528,sveltejs/svelte,JavaScript,Feature,2021-07-14 01:39:30+00:00,"[""site/content/docs/03-run-time.md"", ""src/runtime/index.ts"", ""src/runtime/internal/lifecycle.ts"", ""src/runtime/ssr.ts""]","[""test/runtime/samples/context-api-d/Leaf.svelte"", ""test/runtime/samples/context-api-d/Nested.svelte"", ""test/runtime/samples/context-api-d/_config.js"", ""test/runtime/samples/context-api-d/main.svelte""]","[""site/content/docs/03-run-time.md"", ""src/runtime/index.ts"", ""src/runtime/internal/lifecycle.ts"", ""src/runtime/ssr.ts"", ""test/runtime/samples/context-api-d/Leaf.svelte"", ""test/runtime/samples/context-api-d/Nested.svelte"", ""test/runtime/samples/context-api-d/_config.js"", ""test/runtime/samples/context-api-d/main.svelte""]",334,". /usr/local/nvm/nvm.sh && nvm use 16.20.2 && npm pkg set scripts.lint=""echo noop"" && npm run test -- --reporter json --exit"
sveltejs__svelte-6564,sveltejs/svelte,JavaScript,Feature,2021-07-24 03:17:12+00:00,"[""src/compiler/parse/state/mustache.ts""]","[""test/runtime/samples/await-catch-no-expression/_config.js"", ""test/runtime/samples/await-catch-no-expression/main.svelte"", ""test/runtime/samples/await-then-no-expression/_config.js"", ""test/runtime/samples/await-then-no-expression/main.svelte""]","[""src/compiler/parse/state/mustache.ts"", ""test/runtime/samples/await-catch-no-expression/_config.js"", ""test/runtime/samples/await-catch-no-expression/main.svelte"", ""test/runtime/samples/await-then-no-expression/_config.js"", ""test/runtime/samples/await-then-no-expression/main.svelte""]",334,". /usr/local/nvm/nvm.sh && nvm use 16.20.2 && npm pkg set scripts.lint=""echo noop"" && npm run test -- --reporter json --exit"
sveltejs__svelte-6613,sveltejs/svelte,JavaScript,Feature,2021-08-03 09:25:22+00:00,"[""src/compiler/compile/nodes/Element.ts""]","[""test/js/samples/collapse-element-class-name/expected.js"", ""test/js/samples/collapse-element-class-name/input.svelte"", ""test/server-side-rendering/samples/spread-attributes-white-space/_expected.html""]","[""src/compiler/compile/nodes/Element.ts"", ""test/js/samples/collapse-element-class-name/expected.js"", ""test/js/samples/collapse-element-class-name/input.svelte"", ""test/server-side-rendering/samples/spread-attributes-white-space/_expected.html""]",334,". /usr/local/nvm/nvm.sh && nvm use 16.20.2 && npm pkg set scripts.lint=""echo noop"" && npm run test -- --reporter json --exit"
sveltejs__svelte-6838,sveltejs/svelte,JavaScript,Feature,2021-10-12 14:34:45+00:00,"[""src/compiler/compile/compiler_errors.ts"", ""src/compiler/compile/nodes/Animation.ts""]","[""test/validator/samples/animation-not-in-keyed-each/errors.json""]","[""src/compiler/compile/compiler_errors.ts"", ""src/compiler/compile/nodes/Animation.ts"", ""test/validator/samples/animation-not-in-keyed-each/errors.json""]",334,". /usr/local/nvm/nvm.sh && nvm use 16.20.2 && npm pkg set scripts.lint=""echo noop"" && npm run test -- --reporter json --exit"
serverless__serverless-10120,serverless/serverless,JavaScript,Feature,2021-10-20 05:13:34+00:00,"[""lib/plugins/aws/package/compile/events/eventBridge/index.js""]","[""test/unit/lib/plugins/aws/package/compile/events/eventBridge/index.test.js""]","[""lib/plugins/aws/package/compile/events/eventBridge/index.js"", ""test/unit/lib/plugins/aws/package/compile/events/eventBridge/index.test.js""]",76,. /usr/local/nvm/nvm.sh && npx mocha test/unit/lib/plugins/aws/package/compile/events/eventBridge/index.test.js --reporter json
mrdoob__three.js-23596,mrdoob/three.js,JavaScript,Feature,2022-02-26 10:19:20+00:00,"[""docs/api/en/extras/DataUtils.html"", ""src/extras/DataUtils.js""]","[""test/unit/src/extras/DataUtils.tests.js"", ""test/unit/three.source.unit.js""]","[""docs/api/en/extras/DataUtils.html"", ""src/extras/DataUtils.js"", ""test/unit/src/extras/DataUtils.tests.js"", ""test/unit/three.source.unit.js""]",77,". /usr/local/nvm/nvm.sh && nvm use 16.20.2 && npm pkg set scripts.lint=""echo noop"" && npm run test --exit"
mrdoob__three.js-23796,mrdoob/three.js,JavaScript,Feature,2022-03-26 08:39:02+00:00,"[""docs/api/en/math/Color.html"", ""docs/api/en/math/Euler.html"", ""docs/api/en/math/Quaternion.html"", ""docs/api/en/math/Vector2.html"", ""docs/api/en/math/Vector3.html"", ""docs/api/en/math/Vector4.html"", ""src/math/Color.js"", ""src/math/Euler.js"", ""src/math/Quaternion.js""]","[""test/unit/src/math/Color.tests.js"", ""test/unit/src/math/Euler.tests.js"", ""test/unit/src/math/Quaternion.tests.js"", ""test/unit/src/math/Vector2.tests.js"", ""test/unit/src/math/Vector3.tests.js"", ""test/unit/src/math/Vector4.tests.js""]","[""docs/api/en/math/Color.html"", ""docs/api/en/math/Euler.html"", ""docs/api/en/math/Quaternion.html"", ""docs/api/en/math/Vector2.html"", ""docs/api/en/math/Vector3.html"", ""docs/api/en/math/Vector4.html"", ""src/math/Color.js"", ""src/math/Euler.js"", ""src/math/Quaternion.js"", ""test/unit/src/math/Color.tests.js"", ""test/unit/src/math/Euler.tests.js"", ""test/unit/src/math/Quaternion.tests.js"", ""test/unit/src/math/Vector2.tests.js"", ""test/unit/src/math/Vector3.tests.js"", ""test/unit/src/math/Vector4.tests.js""]",77,". /usr/local/nvm/nvm.sh && nvm use 16.20.2 && npm pkg set scripts.lint=""echo noop"" && npm run test --exit"
prettier__prettier-14108,prettier/prettier,JavaScript,Feature,2023-01-04 09:28:07+00:00,"[""changelog_unreleased/api/14108.md"", ""docs/api.md"", ""src/common/get-file-info.js""]","[""tests/integration/__tests__/file-info.js""]","[""changelog_unreleased/api/14108.md"", ""docs/api.md"", ""src/common/get-file-info.js"", ""tests/integration/__tests__/file-info.js""]",335,". /usr/local/nvm/nvm.sh && nvm use 20.16.0 && npm pkg set scripts.lint=""echo noop"" && yarn test tests/integration/__tests__/file-info.js --json"
prettier__prettier-14317,prettier/prettier,JavaScript,Feature,2023-02-09 07:10:21+00:00,"[""changelog_unreleased/api/14317.md"", ""docs/plugins.md"", ""src/common/util-shared.js"", ""src/common/util.js""]","[""tests/integration/__tests__/util-shared.js""]","[""changelog_unreleased/api/14317.md"", ""docs/plugins.md"", ""src/common/util-shared.js"", ""src/common/util.js"", ""tests/integration/__tests__/util-shared.js""]",335,". /usr/local/nvm/nvm.sh && nvm use 20.16.0 && npm pkg set scripts.lint=""echo noop"" && yarn test tests/integration/__tests__/util-shared.js --json"
prettier__prettier-16765,prettier/prettier,JavaScript,Feature,2024-10-18 14:52:41+00:00,"[""changelog_unreleased/html/16765.md"", ""src/language-html/print/tag.js""]","[""tests/format/filename-matters/html-doctype/__snapshots__/format.test.js.snap"", ""tests/format/filename-matters/html-doctype/format.test.js"", ""tests/format/filename-matters/html-doctype/xhtml-doctype.xhtml""]","[""changelog_unreleased/html/16765.md"", ""src/language-html/print/tag.js"", ""tests/format/filename-matters/html-doctype/__snapshots__/format.test.js.snap"", ""tests/format/filename-matters/html-doctype/format.test.js"", ""tests/format/filename-matters/html-doctype/xhtml-doctype.xhtml""]",335,". /usr/local/nvm/nvm.sh && nvm use 20.16.0 && npm pkg set scripts.lint=""echo noop"" && yarn test tests/format/filename-matters/html-doctype/format.test.js tests/format/filename-matters/html-doctype/__snapshots__/format.test.js.snap tests/format/filename-matters/html-doctype/xhtml-doctype.xhtml --json"
keras-team__keras-3907,keras-team/keras,Python,Feature,2016-09-29 09:31:05+00:00,"[""docs/templates/getting-started/sequential-model-guide.md"", ""keras/engine/training.py""]","[""tests/keras/engine/test_training.py""]","[""docs/templates/getting-started/sequential-model-guide.md"", ""keras/engine/training.py"", ""tests/keras/engine/test_training.py""]",89,python -m pytest /testbed/tests/keras/engine/test_training.py --override-ini addopts= -v --json-report --json-report-file=test_results.json
keras-team__keras-3983,keras-team/keras,Python,Feature,2016-10-06 12:10:06+00:00,"[""keras/layers/pooling.py""]","[""tests/keras/layers/test_convolutional.py""]","[""keras/layers/pooling.py"", ""tests/keras/layers/test_convolutional.py""]",89,python -m pytest /testbed/tests/keras/layers/test_convolutional.py --override-ini addopts= -v --json-report --json-report-file=test_results.json
huggingface__transformers-6744,huggingface/transformers,Python,Feature,2020-08-26 12:14:44+00:00,"[""docs/source/main_classes/pipelines.rst"", ""src/transformers/__init__.py"", ""src/transformers/pipelines.py""]","[""tests/test_pipelines.py""]","[""docs/source/main_classes/pipelines.rst"", ""src/transformers/__init__.py"", ""src/transformers/pipelines.py"", ""tests/test_pipelines.py""]",212,pytest -v /testbed/tests/test_pipelines.py --junitxml=test-results.xml
huggingface__transformers-7562,huggingface/transformers,Python,Feature,2020-10-04 01:44:37+00:00,"[""docs/source/model_doc/longformer.rst"", ""src/transformers/modeling_longformer.py"", ""src/transformers/modeling_tf_longformer.py""]","[""tests/test_modeling_common.py"", ""tests/test_modeling_longformer.py"", ""tests/test_modeling_tf_common.py"", ""tests/test_modeling_tf_longformer.py""]","[""docs/source/model_doc/longformer.rst"", ""src/transformers/modeling_longformer.py"", ""src/transformers/modeling_tf_longformer.py"", ""tests/test_modeling_common.py"", ""tests/test_modeling_longformer.py"", ""tests/test_modeling_tf_common.py"", ""tests/test_modeling_tf_longformer.py""]",212,pytest -v -s --disable-warnings /testbed/tests/test_modeling_common.py /testbed/tests/test_modeling_longformer.py /testbed/tests/test_modeling_tf_common.py /testbed/tests/test_modeling_tf_longformer.py
huggingface__transformers-13573,huggingface/transformers,Python,Feature,2021-09-15 04:32:03+00:00,"[""docs/source/model_doc/gpt2.rst"", ""src/transformers/models/gpt2/configuration_gpt2.py"", ""src/transformers/models/gpt2/modeling_gpt2.py""]","[""tests/test_modeling_gpt2.py""]","[""docs/source/model_doc/gpt2.rst"", ""src/transformers/models/gpt2/configuration_gpt2.py"", ""src/transformers/models/gpt2/modeling_gpt2.py"", ""tests/test_modeling_gpt2.py""]",212,python -m pytest /testbed/tests/test_modeling_gpt2.py -v --junitxml=test-results.xml
huggingface__transformers-13989,huggingface/transformers,Python,Feature,2021-10-13 18:33:16+00:00,"[""docs/source/model_doc/auto.rst"", ""src/transformers/models/auto/auto_factory.py"", ""src/transformers/models/auto/configuration_auto.py"", ""src/transformers/models/auto/tokenization_auto.py""]","[""tests/test_configuration_auto.py"", ""tests/test_modeling_auto.py"", ""tests/test_modeling_tf_auto.py"", ""tests/test_tokenization_auto.py""]","[""docs/source/model_doc/auto.rst"", ""src/transformers/models/auto/auto_factory.py"", ""src/transformers/models/auto/configuration_auto.py"", ""src/transformers/models/auto/tokenization_auto.py"", ""tests/test_configuration_auto.py"", ""tests/test_modeling_auto.py"", ""tests/test_modeling_tf_auto.py"", ""tests/test_tokenization_auto.py""]",212,python -m pytest -v /testbed/tests/test_configuration_auto.py /testbed/tests/test_modeling_auto.py /testbed/tests/test_modeling_tf_auto.py /testbed/tests/test_tokenization_auto.py --junitxml=test-results.xml
yt-dlp__yt-dlp-1649,yt-dlp/yt-dlp,Python,Feature,2021-11-13 09:51:02+00:00,"[""README.md"", ""yt_dlp/downloader/common.py"", ""yt_dlp/downloader/external.py"", ""yt_dlp/downloader/fragment.py"", ""yt_dlp/downloader/http.py"", ""yt_dlp/downloader/ism.py"", ""yt_dlp/downloader/youtube_live_chat.py"", ""yt_dlp/extractor/common.py"", ""yt_dlp/extractor/soundcloud.py"", ""yt_dlp/extractor/tiktok.py"", ""yt_dlp/extractor/youtube.py"", ""yt_dlp/options.py"", ""yt_dlp/postprocessor/common.py"", ""yt_dlp/utils.py""]","[""test/test_downloader_http.py""]","[""README.md"", ""test/test_downloader_http.py"", ""yt_dlp/downloader/common.py"", ""yt_dlp/downloader/external.py"", ""yt_dlp/downloader/fragment.py"", ""yt_dlp/downloader/http.py"", ""yt_dlp/downloader/ism.py"", ""yt_dlp/downloader/youtube_live_chat.py"", ""yt_dlp/extractor/common.py"", ""yt_dlp/extractor/soundcloud.py"", ""yt_dlp/extractor/tiktok.py"", ""yt_dlp/extractor/youtube.py"", ""yt_dlp/options.py"", ""yt_dlp/postprocessor/common.py"", ""yt_dlp/utils.py""]",36,pytest /testbed/test/test_downloader_http.py -v --tb=short --junitxml=test-results.xml
huggingface__transformers-15473,huggingface/transformers,Python,Feature,2022-02-02 07:06:19+00:00,"[""examples/pytorch/language-modeling/run_clm.py"", ""examples/pytorch/language-modeling/run_mlm.py"", ""src/transformers/trainer.py""]","[""tests/test_trainer.py""]","[""examples/pytorch/language-modeling/run_clm.py"", ""examples/pytorch/language-modeling/run_mlm.py"", ""src/transformers/trainer.py"", ""tests/test_trainer.py""]",212,pytest -v --tb=short --show-capture=no --json-report --json-report-file=test_output.json /testbed/tests/test_trainer.py
huggingface__transformers-15795,huggingface/transformers,Python,Feature,2022-02-23 18:01:27+00:00,"[""src/transformers/hf_argparser.py""]","[""tests/utils/test_hf_argparser.py""]","[""src/transformers/hf_argparser.py"", ""tests/utils/test_hf_argparser.py""]",212,pytest -v --tb=short /testbed/tests/utils/test_hf_argparser.py --junitxml=test-results.xml
huggingface__transformers-15831,huggingface/transformers,Python,Feature,2022-02-25 13:27:44+00:00,"[""src/transformers/models/marian/configuration_marian.py"", ""src/transformers/models/marian/convert_marian_to_pytorch.py"", ""src/transformers/models/marian/modeling_marian.py"", ""src/transformers/models/marian/tokenization_marian.py""]","[""tests/marian/test_modeling_marian.py"", ""tests/marian/test_tokenization_marian.py""]","[""src/transformers/models/marian/configuration_marian.py"", ""src/transformers/models/marian/convert_marian_to_pytorch.py"", ""src/transformers/models/marian/modeling_marian.py"", ""src/transformers/models/marian/tokenization_marian.py"", ""tests/marian/test_modeling_marian.py"", ""tests/marian/test_tokenization_marian.py""]",212,pytest -v --tb=short --show-capture=no --json-report --json-report-file=test_output.json /testbed/tests/marian/test_modeling_marian.py /testbed/tests/marian/test_tokenization_marian.py
huggingface__transformers-15913,huggingface/transformers,Python,Feature,2022-03-03 13:04:08+00:00,"[""src/transformers/models/clip/processing_clip.py""]","[""tests/clip/test_processor_clip.py""]","[""src/transformers/models/clip/processing_clip.py"", ""tests/clip/test_processor_clip.py""]",212,pytest -v --tb=short /testbed/tests/clip/test_processor_clip.py --junitxml=test-results.xml
yt-dlp__yt-dlp-3435,yt-dlp/yt-dlp,Python,Feature,2022-04-15 03:09:29+00:00,"[""README.md"", ""yt_dlp/YoutubeDL.py"", ""yt_dlp/__init__.py"", ""yt_dlp/options.py"", ""yt_dlp/utils.py""]","[""test/test_http.py"", ""test/testdata/certificate/ca.crt"", ""test/testdata/certificate/ca.key"", ""test/testdata/certificate/ca.srl"", ""test/testdata/certificate/client.crt"", ""test/testdata/certificate/client.csr"", ""test/testdata/certificate/client.key"", ""test/testdata/certificate/clientencrypted.key"", ""test/testdata/certificate/clientwithencryptedkey.crt"", ""test/testdata/certificate/clientwithkey.crt"", ""test/testdata/certificate/instructions.md""]","[""README.md"", ""test/test_http.py"", ""test/testdata/certificate/ca.crt"", ""test/testdata/certificate/ca.key"", ""test/testdata/certificate/ca.srl"", ""test/testdata/certificate/client.crt"", ""test/testdata/certificate/client.csr"", ""test/testdata/certificate/client.key"", ""test/testdata/certificate/clientencrypted.key"", ""test/testdata/certificate/clientwithencryptedkey.crt"", ""test/testdata/certificate/clientwithkey.crt"", ""test/testdata/certificate/instructions.md"", ""yt_dlp/YoutubeDL.py"", ""yt_dlp/__init__.py"", ""yt_dlp/options.py"", ""yt_dlp/utils.py""]",36,pytest /testbed/test/test_http.py -v --tb=short --junitxml=test-results/test-results.xml
yt-dlp__yt-dlp-4524,yt-dlp/yt-dlp,Python,Feature,2022-08-01 12:12:22+00:00,"[""yt_dlp/extractor/_extractors.py"", ""yt_dlp/extractor/rai.py"", ""yt_dlp/utils.py""]","[""test/test_utils.py""]","[""test/test_utils.py"", ""yt_dlp/extractor/_extractors.py"", ""yt_dlp/extractor/rai.py"", ""yt_dlp/utils.py""]",36,pytest /testbed/test/test_utils.py -v --json-report
huggingface__transformers-19219,huggingface/transformers,Python,Feature,2022-09-27 18:49:45+00:00,"[""src/transformers/hf_argparser.py""]","[""tests/utils/test_hf_argparser.py""]","[""src/transformers/hf_argparser.py"", ""tests/utils/test_hf_argparser.py""]",212,pytest -v --tb=short --show-capture=no /testbed/tests/utils/test_hf_argparser.py --junitxml=test-results.xml
huggingface__transformers-19590,huggingface/transformers,Python,Feature,2022-10-13 18:00:22+00:00,"[""src/transformers/models/bert/tokenization_bert_tf.py""]","[""tests/models/bert/test_tokenization_bert_tf.py""]","[""src/transformers/models/bert/tokenization_bert_tf.py"", ""tests/models/bert/test_tokenization_bert_tf.py""]",212,pytest -v --tb=short --show-capture=no --junitxml=test-results.xml /testbed/tests/models/bert/test_tokenization_bert_tf.py
huggingface__transformers-20136,huggingface/transformers,Python,Feature,2022-11-09 11:18:55+00:00,"[""docs/source/en/model_doc/owlvit.mdx"", ""src/transformers/models/owlvit/feature_extraction_owlvit.py"", ""src/transformers/models/owlvit/modeling_owlvit.py"", ""src/transformers/models/owlvit/processing_owlvit.py"", ""src/transformers/pipelines/pt_utils.py""]","[""tests/models/owlvit/test_modeling_owlvit.py"", ""tests/models/owlvit/test_processor_owlvit.py""]","[""docs/source/en/model_doc/owlvit.mdx"", ""src/transformers/models/owlvit/feature_extraction_owlvit.py"", ""src/transformers/models/owlvit/modeling_owlvit.py"", ""src/transformers/models/owlvit/processing_owlvit.py"", ""src/transformers/pipelines/pt_utils.py"", ""tests/models/owlvit/test_modeling_owlvit.py"", ""tests/models/owlvit/test_processor_owlvit.py""]",212,pytest -v --tb=short --show-capture=no --json-report --json-report-file=test-results.json --report-log=pytest-log.jsonl /testbed/tests/models/owlvit/test_modeling_owlvit.py /testbed/tests/models/owlvit/test_processor_owlvit.py
huggingface__transformers-21345,huggingface/transformers,Python,Feature,2023-01-27 23:00:12+00:00,"[""src/transformers/activations.py""]","[""tests/utils/test_activations.py""]","[""src/transformers/activations.py"", ""tests/utils/test_activations.py""]",212,pytest -v --tb=short --show-capture=no /testbed/tests/utils/test_activations.py --junitxml=test-results.xml
huggingface__transformers-21768,huggingface/transformers,Python,Feature,2023-02-23 19:13:53+00:00,"[""src/transformers/optimization.py""]","[""tests/optimization/test_optimization.py""]","[""src/transformers/optimization.py"", ""tests/optimization/test_optimization.py""]",212,pytest -v --tb=short --show-capture=no /testbed/tests/optimization/test_optimization.py --junitxml=test-results.xml
huggingface__transformers-23126,huggingface/transformers,Python,Feature,2023-05-03 10:49:29+00:00,"[""src/transformers/hf_argparser.py""]","[""tests/utils/test_hf_argparser.py""]","[""src/transformers/hf_argparser.py"", ""tests/utils/test_hf_argparser.py""]",212,pytest -v --tb=short --show-capture=no /testbed/tests/utils/test_hf_argparser.py -rA --json-report --json-report-file=test_output.json
langchain-ai__langchain-5450,langchain-ai/langchain,Python,Feature,2023-05-30 16:11:31+00:00,"[""langchain/embeddings/huggingface.py""]","[""tests/integration_tests/embeddings/test_huggingface.py""]","[""langchain/embeddings/huggingface.py"", ""tests/integration_tests/embeddings/test_huggingface.py""]",43,poetry run pytest /testbed/tests/integration_tests/embeddings/test_huggingface.py -v --json-report-file=test_results.json
huggingface__transformers-24510,huggingface/transformers,Python,Feature,2023-06-27 01:44:15+00:00,"[""src/transformers/modeling_utils.py"", ""src/transformers/models/altclip/modeling_altclip.py"", ""src/transformers/models/bert/modeling_bert.py"", ""src/transformers/models/bridgetower/modeling_bridgetower.py"", ""src/transformers/models/camembert/modeling_camembert.py"", ""src/transformers/models/clap/modeling_clap.py"", ""src/transformers/models/data2vec/modeling_data2vec_text.py"", ""src/transformers/models/roberta/modeling_roberta.py"", ""src/transformers/models/xlm_roberta/modeling_xlm_roberta.py"", ""src/transformers/models/xlm_roberta_xl/modeling_xlm_roberta_xl.py""]","[""tests/models/bert/test_modeling_bert.py"", ""tests/test_modeling_utils.py""]","[""src/transformers/modeling_utils.py"", ""src/transformers/models/altclip/modeling_altclip.py"", ""src/transformers/models/bert/modeling_bert.py"", ""src/transformers/models/bridgetower/modeling_bridgetower.py"", ""src/transformers/models/camembert/modeling_camembert.py"", ""src/transformers/models/clap/modeling_clap.py"", ""src/transformers/models/data2vec/modeling_data2vec_text.py"", ""src/transformers/models/roberta/modeling_roberta.py"", ""src/transformers/models/xlm_roberta/modeling_xlm_roberta.py"", ""src/transformers/models/xlm_roberta_xl/modeling_xlm_roberta_xl.py"", ""tests/models/bert/test_modeling_bert.py"", ""tests/test_modeling_utils.py""]",212,pytest -v --tb=short --show-capture=no --json-report --json-report-file=test_results.json /testbed/tests/models/bert/test_modeling_bert.py /testbed/tests/test_modeling_utils.py
huggingface__transformers-26386,huggingface/transformers,Python,Feature,2023-09-25 14:22:07+00:00,"[""src/transformers/models/esm/modeling_esm.py""]","[""tests/models/esm/test_modeling_esm.py""]","[""src/transformers/models/esm/modeling_esm.py"", ""tests/models/esm/test_modeling_esm.py""]",212,pytest -v --tb=short --show-capture=no /testbed/tests/models/esm/test_modeling_esm.py -rA --junitxml=test-results.xml
huggingface__transformers-26568,huggingface/transformers,Python,Feature,2023-10-03 16:27:03+00:00,"[""src/transformers/models/swin2sr/configuration_swin2sr.py"", ""src/transformers/models/swin2sr/modeling_swin2sr.py""]","[""tests/models/swin2sr/test_modeling_swin2sr.py""]","[""src/transformers/models/swin2sr/configuration_swin2sr.py"", ""src/transformers/models/swin2sr/modeling_swin2sr.py"", ""tests/models/swin2sr/test_modeling_swin2sr.py""]",212,pytest -v --tb=short /testbed/tests/models/swin2sr/test_modeling_swin2sr.py -rA --junitxml=test-results.xml
keras-team__keras-18649,keras-team/keras,Python,Feature,2023-10-19 08:50:28+00:00,"[""keras/backend/jax/numpy.py"", ""keras/backend/numpy/numpy.py"", ""keras/backend/tensorflow/numpy.py"", ""keras/backend/torch/numpy.py"", ""keras/ops/numpy.py""]","[""keras/ops/numpy_test.py""]","[""keras/backend/jax/numpy.py"", ""keras/backend/numpy/numpy.py"", ""keras/backend/tensorflow/numpy.py"", ""keras/backend/torch/numpy.py"", ""keras/ops/numpy.py"", ""keras/ops/numpy_test.py""]",89,pytest /testbed/keras/ops/numpy_test.py -v --junitxml=test-results.xml
huggingface__transformers-27463,huggingface/transformers,Python,Feature,2023-11-13 11:52:42+00:00,"[""docs/source/en/model_doc/sam.md"", ""src/transformers/models/sam/image_processing_sam.py"", ""src/transformers/models/sam/processing_sam.py""]","[""tests/models/sam/test_processor_sam.py""]","[""docs/source/en/model_doc/sam.md"", ""src/transformers/models/sam/image_processing_sam.py"", ""src/transformers/models/sam/processing_sam.py"", ""tests/models/sam/test_processor_sam.py""]",212,pytest -v --tb=short --show-capture=no /testbed/tests/models/sam/test_processor_sam.py -rA --junitxml=test-results.xml
huggingface__transformers-27561,huggingface/transformers,Python,Feature,2023-11-17 13:44:45+00:00,"[""docs/source/en/model_doc/dinov2.md"", ""src/transformers/models/dinov2/modeling_dinov2.py"", ""src/transformers/utils/fx.py""]","[""tests/models/dinov2/test_modeling_dinov2.py""]","[""docs/source/en/model_doc/dinov2.md"", ""src/transformers/models/dinov2/modeling_dinov2.py"", ""src/transformers/utils/fx.py"", ""tests/models/dinov2/test_modeling_dinov2.py""]",212,pytest -v --tb=short --show-capture=no /testbed/tests/models/dinov2/test_modeling_dinov2.py -rA --junitxml=test-results.xml
huggingface__transformers-27717,huggingface/transformers,Python,Feature,2023-11-27 07:16:03+00:00,"[""src/transformers/convert_slow_tokenizer.py"", ""src/transformers/models/nllb/tokenization_nllb.py"", ""src/transformers/models/nllb/tokenization_nllb_fast.py""]","[""tests/models/nllb/test_tokenization_nllb.py""]","[""src/transformers/convert_slow_tokenizer.py"", ""src/transformers/models/nllb/tokenization_nllb.py"", ""src/transformers/models/nllb/tokenization_nllb_fast.py"", ""tests/models/nllb/test_tokenization_nllb.py""]",212,pytest -v --tb=short --show-capture=no /testbed/tests/models/nllb/test_tokenization_nllb.py -rA --junitxml=test-results.xml
keras-team__keras-18852,keras-team/keras,Python,Feature,2023-11-30 01:14:54+00:00,"["".github/workflows/actions.yml"", ""keras/activations/__init__.py"", ""keras/activations/activations.py"", ""keras/applications/mobilenet_v3.py""]","[""keras/activations/activations_test.py"", ""keras/applications/applications_test.py"", ""keras/applications/imagenet_utils_test.py""]","["".github/workflows/actions.yml"", ""keras/activations/__init__.py"", ""keras/activations/activations.py"", ""keras/activations/activations_test.py"", ""keras/applications/applications_test.py"", ""keras/applications/imagenet_utils_test.py"", ""keras/applications/mobilenet_v3.py""]",89,pytest /testbed/keras/activations/activations_test.py /testbed/keras/applications/applications_test.py /testbed/keras/applications/imagenet_utils_test.py -v --junitxml=test-results.xml
yt-dlp__yt-dlp-8917,yt-dlp/yt-dlp,Python,Feature,2024-01-03 02:11:22+00:00,"[""README.md"", ""yt_dlp/YoutubeDL.py"", ""yt_dlp/extractor/common.py"", ""yt_dlp/extractor/youtube.py"", ""yt_dlp/postprocessor/ffmpeg.py""]","[""test/helper.py"", ""test/test_YoutubeDL.py""]","[""README.md"", ""test/helper.py"", ""test/test_YoutubeDL.py"", ""yt_dlp/YoutubeDL.py"", ""yt_dlp/extractor/common.py"", ""yt_dlp/extractor/youtube.py"", ""yt_dlp/postprocessor/ffmpeg.py""]",36,pytest /testbed/test/helper.py /testbed/test/test_YoutubeDL.py -v --json-report
huggingface__transformers-28517,huggingface/transformers,Python,Feature,2024-01-16 02:39:12+00:00,"[""src/transformers/models/mixtral/modeling_mixtral.py""]","[""tests/models/mixtral/test_modeling_mixtral.py""]","[""src/transformers/models/mixtral/modeling_mixtral.py"", ""tests/models/mixtral/test_modeling_mixtral.py""]",212,pytest -v --tb=short --show-capture=no --json-report /testbed/tests/models/mixtral/test_modeling_mixtral.py
huggingface__transformers-28940,huggingface/transformers,Python,Feature,2024-02-09 12:05:13+00:00,"[""src/transformers/pipelines/base.py""]","[""tests/pipelines/test_pipelines_common.py""]","[""src/transformers/pipelines/base.py"", ""tests/pipelines/test_pipelines_common.py""]",212,pytest -v --tb=short --show-capture=no --json-report /testbed/tests/pipelines/test_pipelines_common.py
huggingface__transformers-29589,huggingface/transformers,Python,Feature,2024-03-11 14:19:04+00:00,"[""src/transformers/trainer.py"", ""src/transformers/trainer_pt_utils.py"", ""src/transformers/utils/import_utils.py""]","[""src/transformers/testing_utils.py"", ""tests/trainer/test_trainer.py""]","[""src/transformers/testing_utils.py"", ""src/transformers/trainer.py"", ""src/transformers/trainer_pt_utils.py"", ""src/transformers/utils/import_utils.py"", ""tests/trainer/test_trainer.py""]",212,pytest -v --tb=short --show-capture=no --json-report --json-report-file=test_output.json /testbed/src/transformers/testing_utils.py /testbed/tests/trainer/test_trainer.py
huggingface__transformers-29688,huggingface/transformers,Python,Feature,2024-03-16 10:17:27+00:00,"[""src/transformers/models/whisper/generation_whisper.py""]","[""tests/models/whisper/test_modeling_whisper.py""]","[""src/transformers/models/whisper/generation_whisper.py"", ""tests/models/whisper/test_modeling_whisper.py""]",212,pytest -v --tb=short --show-capture=no --json-report /testbed/tests/models/whisper/test_modeling_whisper.py
langchain-ai__langchain-19331,langchain-ai/langchain,Python,Feature,2024-03-20 11:56:35+00:00,"[""libs/core/langchain_core/language_models/llms.py""]","[""libs/core/tests/unit_tests/language_models/llms/test_cache.py""]","[""libs/core/langchain_core/language_models/llms.py"", ""libs/core/tests/unit_tests/language_models/llms/test_cache.py""]",43,python3 -m pytest /testbed/libs/core/tests/unit_tests/language_models/llms/test_cache.py -v --override-ini=addopts= --junitxml=test-results.xml
huggingface__transformers-29838,huggingface/transformers,Python,Feature,2024-03-24 10:58:01+00:00,"[""src/transformers/trainer.py""]","[""tests/trainer/test_trainer.py""]","[""src/transformers/trainer.py"", ""tests/trainer/test_trainer.py""]",212,pytest -v --tb=short --show-capture=no --json-report /testbed/tests/trainer/test_trainer.py
huggingface__transformers-31095,huggingface/transformers,Python,Feature,2024-05-28 21:30:20+00:00,"[""src/transformers/trainer.py"", ""src/transformers/trainer_callback.py""]","[""tests/trainer/test_trainer_callback.py""]","[""src/transformers/trainer.py"", ""src/transformers/trainer_callback.py"", ""tests/trainer/test_trainer_callback.py""]",212,pytest -v --tb=short --show-capture=no --json-report --json-report-file=test_output.json /testbed/tests/trainer/test_trainer_callback.py
huggingface__transformers-31247,huggingface/transformers,Python,Feature,2024-06-04 22:36:14+00:00,"[""src/transformers/cache_utils.py"", ""src/transformers/generation/utils.py"", ""src/transformers/models/mamba/modeling_mamba.py""]","[""tests/models/mamba/test_modeling_mamba.py""]","[""src/transformers/cache_utils.py"", ""src/transformers/generation/utils.py"", ""src/transformers/models/mamba/modeling_mamba.py"", ""tests/models/mamba/test_modeling_mamba.py""]",212,pytest -v --tb=short --show-capture=no --json-report --json-report-file=test_output.json /testbed/tests/models/mamba/test_modeling_mamba.py
keras-team__keras-19903,keras-team/keras,Python,Feature,2024-06-22 15:48:34+00:00,"[""keras/api/_tf_keras/keras/ops/__init__.py"", ""keras/api/ops/__init__.py"", ""keras/src/backend/jax/core.py"", ""keras/src/backend/numpy/core.py"", ""keras/src/backend/tensorflow/core.py"", ""keras/src/backend/torch/core.py"", ""keras/src/ops/core.py""]","[""keras/src/ops/core_test.py""]","[""keras/api/_tf_keras/keras/ops/__init__.py"", ""keras/api/ops/__init__.py"", ""keras/src/backend/jax/core.py"", ""keras/src/backend/numpy/core.py"", ""keras/src/backend/tensorflow/core.py"", ""keras/src/backend/torch/core.py"", ""keras/src/ops/core.py"", ""keras/src/ops/core_test.py""]",89,python -m pytest /testbed/keras/src/ops/core_test.py -v --junitxml=test-results.xml
tailwindlabs__tailwindcss-88,tailwindlabs/tailwindcss,TypeScript,Feature,2017-11-03 18:47:33+00:00,"[""docs/source/docs/functions-and-directives.blade.md"", ""src/lib/substituteResponsiveAtRules.js""]","[""__tests__/fixtures/tailwind-input-with-explicit-screen-utilities.css"", ""__tests__/fixtures/tailwind-output-with-explicit-screen-utilities.css"", ""__tests__/sanity.test.js""]","[""__tests__/fixtures/tailwind-input-with-explicit-screen-utilities.css"", ""__tests__/fixtures/tailwind-output-with-explicit-screen-utilities.css"", ""__tests__/sanity.test.js"", ""docs/source/docs/functions-and-directives.blade.md"", ""src/lib/substituteResponsiveAtRules.js""]",28,. /usr/local/nvm/nvm.sh && nvm use 8.9.1 && npx jest --json --forceExit
tailwindlabs__tailwindcss-165,tailwindlabs/tailwindcss,TypeScript,Feature,2017-11-09 14:59:30+00:00,"[""src/generators/cursor.js""]","[""__tests__/fixtures/tailwind-output.css""]","[""__tests__/fixtures/tailwind-output.css"", ""src/generators/cursor.js""]",28,. /usr/local/nvm/nvm.sh && nvm use 8.9.1 && npx jest --json --forceExit
tailwindlabs__tailwindcss-236,tailwindlabs/tailwindcss,TypeScript,Feature,2017-11-24 14:58:59+00:00,"[""src/generators/position.js""]","[""__tests__/fixtures/tailwind-output.css""]","[""__tests__/fixtures/tailwind-output.css"", ""src/generators/position.js""]",28,. /usr/local/nvm/nvm.sh && nvm use 8.9.1 && npx jest --json --forceExit
tailwindlabs__tailwindcss-417,tailwindlabs/tailwindcss,TypeScript,Feature,2018-03-12 16:46:11+00:00,"[""src/lib/substituteVariantsAtRules.js""]","[""__tests__/variantsAtRule.test.js""]","[""__tests__/variantsAtRule.test.js"", ""src/lib/substituteVariantsAtRules.js""]",28,. /usr/local/nvm/nvm.sh && nvm use 8.9.1 && npx jest --json --forceExit
tailwindlabs__tailwindcss-445,tailwindlabs/tailwindcss,TypeScript,Feature,2018-04-02 16:59:13+00:00,"[""src/generators/overflow.js""]","[""__tests__/fixtures/tailwind-output.css""]","[""__tests__/fixtures/tailwind-output.css"", ""src/generators/overflow.js""]",28,. /usr/local/nvm/nvm.sh && nvm use 8.9.1 && npx jest --json --forceExit
tailwindlabs__tailwindcss-463,tailwindlabs/tailwindcss,TypeScript,Feature,2018-05-08 10:02:22+00:00,"[""defaultConfig.stub.js"", ""src/lib/substituteVariantsAtRules.js""]","[""__tests__/variantsAtRule.test.js""]","[""__tests__/variantsAtRule.test.js"", ""defaultConfig.stub.js"", ""src/lib/substituteVariantsAtRules.js""]",28,. /usr/local/nvm/nvm.sh && nvm use 8.9.1 && npx jest --json --forceExit
mui__material-ui-11446,mui/material-ui,TypeScript,Feature,2018-05-17 12:20:38+00:00,"[""packages/material-ui/src/StepLabel/StepLabel.d.ts"", ""packages/material-ui/src/StepLabel/StepLabel.js"", ""pages/api/step-label.md""]","[""packages/material-ui/src/StepLabel/StepLabel.test.js""]","[""packages/material-ui/src/StepLabel/StepLabel.d.ts"", ""packages/material-ui/src/StepLabel/StepLabel.js"", ""packages/material-ui/src/StepLabel/StepLabel.test.js"", ""pages/api/step-label.md""]",407,. /usr/local/nvm/nvm.sh && nvm use 14.21.3 && yarn cross-env NODE_ENV=test mocha packages/material-ui/src/StepLabel/StepLabel.test.js --reporter /testbed/custom-reporter.js --exit
tailwindlabs__tailwindcss-553,tailwindlabs/tailwindcss,TypeScript,Feature,2018-09-14 13:15:33+00:00,"[""src/lib/substituteClassApplyAtRules.js""]","[""__tests__/applyAtRule.test.js""]","[""__tests__/applyAtRule.test.js"", ""src/lib/substituteClassApplyAtRules.js""]",28,. /usr/local/nvm/nvm.sh && nvm use 8.9.1 && npx jest --json --forceExit
mui__material-ui-13828,mui/material-ui,TypeScript,Feature,2018-12-05 22:39:42+00:00,"[""packages/material-ui/src/LinearProgress/LinearProgress.d.ts"", ""packages/material-ui/src/LinearProgress/LinearProgress.js"", ""pages/api/linear-progress.md""]","[""packages/material-ui/src/LinearProgress/LinearProgress.test.js""]","[""packages/material-ui/src/LinearProgress/LinearProgress.d.ts"", ""packages/material-ui/src/LinearProgress/LinearProgress.js"", ""packages/material-ui/src/LinearProgress/LinearProgress.test.js"", ""pages/api/linear-progress.md""]",407,. /usr/local/nvm/nvm.sh && nvm use 14.21.3 && yarn cross-env NODE_ENV=test mocha packages/material-ui/src/LinearProgress/LinearProgress.test.js --reporter /testbed/custom-reporter.js --exit
mui__material-ui-13899,mui/material-ui,TypeScript,Feature,2018-12-13 18:02:00+00:00,"[""docs/src/pages/style/color/ColorDemo.js"", ""docs/src/pages/style/color/ColorTool.js"", ""packages/material-ui/src/styles/colorManipulator.js"", ""packages/material-ui/src/styles/createPalette.d.ts"", ""packages/material-ui/src/styles/createPalette.js""]","[""packages/material-ui/src/styles/createPalette.test.js"", ""packages/material-ui/src/styles/createPalette.spec.ts""]","[""docs/src/pages/style/color/ColorDemo.js"", ""docs/src/pages/style/color/ColorTool.js"", ""packages/material-ui/src/styles/colorManipulator.js"", ""packages/material-ui/src/styles/createPalette.d.ts"", ""packages/material-ui/src/styles/createPalette.js"", ""packages/material-ui/src/styles/createPalette.spec.ts"", ""packages/material-ui/src/styles/createPalette.test.js""]",407,. /usr/local/nvm/nvm.sh && nvm use 14.21.3 && yarn cross-env NODE_ENV=test mocha packages/material-ui/src/styles/createPalette.test.js --reporter /testbed/custom-reporter.js --exit
mui__material-ui-14465,mui/material-ui,TypeScript,Feature,2019-02-08 14:06:19+00:00,"[""packages/material-ui/src/Collapse/Collapse.js"", ""packages/material-ui/src/Fade/Fade.js"", ""packages/material-ui/src/Grow/Grow.js"", ""packages/material-ui/src/Slide/Slide.js"", ""packages/material-ui/src/Zoom/Zoom.js"", ""pages/api/collapse.md"", ""pages/api/fade.md"", ""pages/api/grow.md"", ""pages/api/slide.md"", ""pages/api/zoom.md""]","[""packages/material-ui/src/Fade/Fade.test.js"", ""packages/material-ui/src/Slide/Slide.test.js"", ""packages/material-ui/src/Zoom/Zoom.test.js""]","[""packages/material-ui/src/Collapse/Collapse.js"", ""packages/material-ui/src/Fade/Fade.js"", ""packages/material-ui/src/Fade/Fade.test.js"", ""packages/material-ui/src/Grow/Grow.js"", ""packages/material-ui/src/Slide/Slide.js"", ""packages/material-ui/src/Slide/Slide.test.js"", ""packages/material-ui/src/Zoom/Zoom.js"", ""packages/material-ui/src/Zoom/Zoom.test.js"", ""pages/api/collapse.md"", ""pages/api/fade.md"", ""pages/api/grow.md"", ""pages/api/slide.md"", ""pages/api/zoom.md""]",407,. /usr/local/nvm/nvm.sh && nvm use 14.21.3 && yarn cross-env NODE_ENV=test mocha packages/material-ui/src/Slide/Slide.test.js packages/material-ui/src/Fade/Fade.test.js packages/material-ui/src/Zoom/Zoom.test.js --reporter /testbed/custom-reporter.js --exit
tailwindlabs__tailwindcss-849,tailwindlabs/tailwindcss,TypeScript,Feature,2019-04-17 12:17:23+00:00,"[""src/util/configurePlugins.js""]","[""__tests__/configurePlugins.test.js""]","[""__tests__/configurePlugins.test.js"", ""src/util/configurePlugins.js""]",28,npx jest --json --forceExit
mui__material-ui-15495,mui/material-ui,TypeScript,Feature,2019-04-26 01:50:14+00:00,"[""packages/material-ui/src/ListItem/ListItem.js"", ""packages/material-ui/src/MenuList/MenuList.js"", ""pages/api/menu-list.md""]","[""packages/material-ui/test/integration/MenuList.test.js""]","[""packages/material-ui/src/ListItem/ListItem.js"", ""packages/material-ui/src/MenuList/MenuList.js"", ""packages/material-ui/test/integration/MenuList.test.js"", ""pages/api/menu-list.md""]",407,. /usr/local/nvm/nvm.sh && nvm use 18.8.0 && yarn cross-env NODE_ENV=test mocha packages/material-ui/test/integration/MenuList.test.js --reporter /testbed/custom-reporter.js --exit
mui__material-ui-17005,mui/material-ui,TypeScript,Feature,2019-08-14 22:07:38+00:00,"[""packages/material-ui/src/Grid/Grid.js""]","[""packages/material-ui/src/Grid/Grid.test.js""]","[""packages/material-ui/src/Grid/Grid.js"", ""packages/material-ui/src/Grid/Grid.test.js""]",407,. /usr/local/nvm/nvm.sh && nvm use 18.8.0 && yarn cross-env NODE_ENV=test mocha packages/material-ui/src/Grid/Grid.test.js --reporter /testbed/custom-reporter.js --exit
mui__material-ui-17640,mui/material-ui,TypeScript,Feature,2019-09-30 17:15:17+00:00,"[""docs/pages/api/button.md"", ""packages/material-ui/src/Button/Button.d.ts"", ""packages/material-ui/src/Button/Button.js""]","[""packages/material-ui/src/Button/Button.test.js"", ""packages/material-ui/src/ButtonGroup/ButtonGroup.test.js""]","[""docs/pages/api/button.md"", ""packages/material-ui/src/Button/Button.d.ts"", ""packages/material-ui/src/Button/Button.js"", ""packages/material-ui/src/Button/Button.test.js"", ""packages/material-ui/src/ButtonGroup/ButtonGroup.test.js""]",407,. /usr/local/nvm/nvm.sh && nvm use 18.8.0 && yarn cross-env NODE_ENV=test mocha packages/material-ui/src/Button/Button.test.js packages/material-ui/src/ButtonGroup/ButtonGroup.test.js --reporter /testbed/custom-reporter.js --exit
mui__material-ui-17691,mui/material-ui,TypeScript,Feature,2019-10-03 17:14:24+00:00,"[""docs/pages/api/select.md"", ""docs/src/pages/components/selects/DialogSelect.js"", ""docs/src/pages/components/selects/DialogSelect.tsx"", ""packages/material-ui/src/Select/Select.js"", ""packages/material-ui/src/Select/SelectInput.js""]","[""packages/material-ui/src/InputBase/InputBase.test.js"", ""packages/material-ui/src/Select/Select.test.js"", ""packages/material-ui/src/TablePagination/TablePagination.test.js"", ""test/utils/consoleError.js""]","[""docs/pages/api/select.md"", ""docs/src/pages/components/selects/DialogSelect.js"", ""docs/src/pages/components/selects/DialogSelect.tsx"", ""packages/material-ui/src/InputBase/InputBase.test.js"", ""packages/material-ui/src/Select/Select.js"", ""packages/material-ui/src/Select/Select.test.js"", ""packages/material-ui/src/Select/SelectInput.js"", ""packages/material-ui/src/TablePagination/TablePagination.test.js"", ""test/utils/consoleError.js""]",407,. /usr/local/nvm/nvm.sh && nvm use 18.8.0 && yarn cross-env NODE_ENV=test mocha packages/material-ui/src/Select/Select.test.js packages/material-ui/src/InputBase/InputBase.test.js test/utils/consoleError.js packages/material-ui/src/TablePagination/TablePagination.test.js --reporter /testbed/custom-reporter.js --exit
mui__material-ui-17829,mui/material-ui,TypeScript,Feature,2019-10-10 16:16:31+00:00,"[""docs/pages/api/chip.md"", ""packages/material-ui/src/Chip/Chip.js""]","[""packages/material-ui/src/Chip/Chip.test.js""]","[""docs/pages/api/chip.md"", ""packages/material-ui/src/Chip/Chip.js"", ""packages/material-ui/src/Chip/Chip.test.js""]",407,. /usr/local/nvm/nvm.sh && nvm use 18.8.0 && yarn cross-env NODE_ENV=test mocha packages/material-ui/src/Chip/Chip.test.js --reporter /testbed/custom-reporter.js --exit
mui__material-ui-18744,mui/material-ui,TypeScript,Feature,2019-12-08 14:57:28+00:00,"[""docs/pages/api/button.md"", ""docs/src/pages/components/buttons/DisableElevation.js"", ""docs/src/pages/components/buttons/DisableElevation.tsx"", ""docs/src/pages/components/buttons/buttons.md"", ""packages/material-ui/src/Button/Button.d.ts"", ""packages/material-ui/src/Button/Button.js""]","[""packages/material-ui/src/Button/Button.test.js""]","[""docs/pages/api/button.md"", ""docs/src/pages/components/buttons/DisableElevation.js"", ""docs/src/pages/components/buttons/DisableElevation.tsx"", ""docs/src/pages/components/buttons/buttons.md"", ""packages/material-ui/src/Button/Button.d.ts"", ""packages/material-ui/src/Button/Button.js"", ""packages/material-ui/src/Button/Button.test.js""]",407,. /usr/local/nvm/nvm.sh && nvm use 18.8.0 && yarn cross-env NODE_ENV=test mocha packages/material-ui/src/Button/Button.test.js --reporter /testbed/custom-reporter.js --exit
mui__material-ui-20133,mui/material-ui,TypeScript,Feature,2020-03-15 19:56:43+00:00,"[""docs/pages/api-docs/tree-item.md"", ""docs/pages/api-docs/tree-view.md"", ""docs/src/pages/components/tree-view/DisabledTreeItems.js"", ""docs/src/pages/components/tree-view/DisabledTreeItems.tsx"", ""docs/src/pages/components/tree-view/tree-view.md"", ""packages/material-ui-lab/src/TreeItem/TreeItem.d.ts"", ""packages/material-ui-lab/src/TreeItem/TreeItem.js"", ""packages/material-ui-lab/src/TreeView/TreeView.d.ts"", ""packages/material-ui-lab/src/TreeView/TreeView.js""]","[""packages/material-ui-lab/src/TreeItem/TreeItem.test.js"", ""packages/material-ui-lab/src/TreeView/TreeView.test.js""]","[""docs/pages/api-docs/tree-item.md"", ""docs/pages/api-docs/tree-view.md"", ""docs/src/pages/components/tree-view/DisabledTreeItems.js"", ""docs/src/pages/components/tree-view/DisabledTreeItems.tsx"", ""docs/src/pages/components/tree-view/tree-view.md"", ""packages/material-ui-lab/src/TreeItem/TreeItem.d.ts"", ""packages/material-ui-lab/src/TreeItem/TreeItem.js"", ""packages/material-ui-lab/src/TreeItem/TreeItem.test.js"", ""packages/material-ui-lab/src/TreeView/TreeView.d.ts"", ""packages/material-ui-lab/src/TreeView/TreeView.js"", ""packages/material-ui-lab/src/TreeView/TreeView.test.js""]",407,. /usr/local/nvm/nvm.sh && nvm use 18.8.0 && yarn cross-env NODE_ENV=test mocha packages/material-ui-lab/src/TreeView/TreeView.test.js packages/material-ui-lab/src/TreeItem/TreeItem.test.js --reporter /testbed/custom-reporter.js --exit
mui__material-ui-20781,mui/material-ui,TypeScript,Feature,2020-04-26 19:11:15+00:00,"["".eslintrc.js"", ""packages/material-ui/src/Tab/Tab.js"", ""packages/material-ui/src/Tabs/Tabs.js""]","[""packages/material-ui/src/Tabs/Tabs.test.js""]","["".eslintrc.js"", ""packages/material-ui/src/Tab/Tab.js"", ""packages/material-ui/src/Tabs/Tabs.js"", ""packages/material-ui/src/Tabs/Tabs.test.js""]",407,. /usr/local/nvm/nvm.sh && nvm use 18.8.0 && yarn cross-env NODE_ENV=test mocha packages/material-ui/src/Tabs/Tabs.test.js --reporter /testbed/custom-reporter.js --exit
mui__material-ui-21192,mui/material-ui,TypeScript,Feature,2020-05-24 19:36:01+00:00,"[""docs/pages/api-docs/native-select.md"", ""docs/pages/api-docs/select.md"", ""packages/material-ui/src/NativeSelect/NativeSelect.js"", ""packages/material-ui/src/Select/SelectInput.js""]","[""packages/material-ui/src/Select/Select.test.js"", ""packages/material-ui/src/TextField/TextField.test.js""]","[""docs/pages/api-docs/native-select.md"", ""docs/pages/api-docs/select.md"", ""packages/material-ui/src/NativeSelect/NativeSelect.js"", ""packages/material-ui/src/Select/Select.test.js"", ""packages/material-ui/src/Select/SelectInput.js"", ""packages/material-ui/src/TextField/TextField.test.js""]",407,. /usr/local/nvm/nvm.sh && nvm use 18.8.0 && yarn cross-env NODE_ENV=test mocha packages/material-ui/src/Select/Select.test.js packages/material-ui/src/TextField/TextField.test.js --reporter /testbed/custom-reporter.js --exit
mui__material-ui-23364,mui/material-ui,TypeScript,Feature,2020-11-02 01:39:29+00:00,"[""docs/pages/api-docs/unstable-trap-focus.md"", ""packages/material-ui/src/Unstable_TrapFocus/Unstable_TrapFocus.d.ts"", ""packages/material-ui/src/Unstable_TrapFocus/Unstable_TrapFocus.js""]","[""packages/material-ui/src/Unstable_TrapFocus/Unstable_TrapFocus.test.js"", ""test/utils/createClientRender.js"", ""test/utils/user-event/index.js"", ""test/utils/user-event/index.test.js""]","[""docs/pages/api-docs/unstable-trap-focus.md"", ""packages/material-ui/src/Unstable_TrapFocus/Unstable_TrapFocus.d.ts"", ""packages/material-ui/src/Unstable_TrapFocus/Unstable_TrapFocus.js"", ""packages/material-ui/src/Unstable_TrapFocus/Unstable_TrapFocus.test.js"", ""test/utils/createClientRender.js"", ""test/utils/user-event/index.js"", ""test/utils/user-event/index.test.js""]",407,. /usr/local/nvm/nvm.sh && nvm use 18.8.0 && yarn cross-env NODE_ENV=test mocha test/utils/createClientRender.js packages/material-ui/src/Unstable_TrapFocus/Unstable_TrapFocus.test.js test/utils/user-event/index.js test/utils/user-event/index.test.js --reporter /testbed/custom-reporter.js --exit
microsoft__vscode-114208,microsoft/vscode,TypeScript,Feature,2021-01-12 13:56:19+00:00,"[""src/vs/editor/contrib/snippet/snippetVariables.ts""]","[""src/vs/editor/contrib/snippet/test/snippetVariables.test.ts""]","[""src/vs/editor/contrib/snippet/snippetVariables.ts"", ""src/vs/editor/contrib/snippet/test/snippetVariables.test.ts""]",133,yarn compile ; xvfb-run --auto-servernum --server-args='-screen 0 1024x768x24' ./scripts/test.sh --run src/vs/editor/contrib/snippet/test/snippetVariables.test.ts  --reporter json --no-sandbox --exit
mui__material-ui-26746,mui/material-ui,TypeScript,Feature,2021-06-14 06:25:19+00:00,"[""docs/src/modules/branding/BrandingRoot.tsx"", ""docs/src/pages/customization/breakpoints/breakpoints.md"", ""docs/src/pages/guides/migration-v4/migration-v4.md"", ""packages/material-ui-system/src/breakpoints.js"", ""packages/material-ui-system/src/createTheme/createBreakpoints.js"", ""packages/material-ui/src/styles/cssUtils.js""]","[""packages/material-ui-system/src/createTheme/createBreakpoints.test.js"", ""packages/material-ui/src/Grid/Grid.test.js"", ""packages/material-ui/src/Stack/Stack.test.js"", ""packages/material-ui/src/styles/adaptV4Theme.test.js"", ""packages/material-ui/src/styles/responsiveFontSizes.test.js""]","[""docs/src/modules/branding/BrandingRoot.tsx"", ""docs/src/pages/customization/breakpoints/breakpoints.md"", ""docs/src/pages/guides/migration-v4/migration-v4.md"", ""packages/material-ui-system/src/breakpoints.js"", ""packages/material-ui-system/src/createTheme/createBreakpoints.js"", ""packages/material-ui-system/src/createTheme/createBreakpoints.test.js"", ""packages/material-ui/src/Grid/Grid.test.js"", ""packages/material-ui/src/Stack/Stack.test.js"", ""packages/material-ui/src/styles/adaptV4Theme.test.js"", ""packages/material-ui/src/styles/cssUtils.js"", ""packages/material-ui/src/styles/responsiveFontSizes.test.js""]",407,. /usr/local/nvm/nvm.sh && nvm use 18.8.0 && npx cross-env NODE_ENV=test mocha packages/material-ui/src/Grid/Grid.test.js packages/material-ui/src/styles/responsiveFontSizes.test.js packages/material-ui/src/Stack/Stack.test.js packages/material-ui-system/src/createTheme/createBreakpoints.test.js packages/material-ui/src/styles/adaptV4Theme.test.js --reporter /testbed/custom-reporter.js --exit
microsoft__vscode-127257,microsoft/vscode,TypeScript,Feature,2021-06-27 13:21:22+00:00,"[""src/vs/editor/contrib/snippet/snippet.md"", ""src/vs/editor/contrib/snippet/snippetParser.ts""]","[""src/vs/editor/contrib/snippet/test/snippetParser.test.ts""]","[""src/vs/editor/contrib/snippet/snippet.md"", ""src/vs/editor/contrib/snippet/snippetParser.ts"", ""src/vs/editor/contrib/snippet/test/snippetParser.test.ts""]",133,yarn compile ; xvfb-run --auto-servernum --server-args='-screen 0 1024x768x24' ./scripts/test.sh --run src/vs/editor/contrib/snippet/test/snippetParser.test.ts  --reporter json --no-sandbox --exit
microsoft__vscode-128931,microsoft/vscode,TypeScript,Feature,2021-07-18 04:00:50+00:00,"[""extensions/emmet/src/balance.ts"", ""src/vs/editor/contrib/bracketMatching/bracketMatching.ts""]","[""src/vs/editor/contrib/bracketMatching/test/bracketMatching.test.ts""]","[""extensions/emmet/src/balance.ts"", ""src/vs/editor/contrib/bracketMatching/bracketMatching.ts"", ""src/vs/editor/contrib/bracketMatching/test/bracketMatching.test.ts""]",133,yarn compile ; xvfb-run --auto-servernum --server-args='-screen 0 1024x768x24' ./scripts/test.sh --run src/vs/editor/contrib/bracketMatching/test/bracketMatching.test.ts  --reporter json --no-sandbox --exit
mui__material-ui-28813,mui/material-ui,TypeScript,Feature,2021-10-04 08:08:09+00:00,"[""docs/src/pages/system/properties/properties.md"", ""packages/mui-system/src/spacing.d.ts"", ""packages/mui-system/src/spacing.js""]","[""packages/mui-system/src/spacing.test.js""]","[""docs/src/pages/system/properties/properties.md"", ""packages/mui-system/src/spacing.d.ts"", ""packages/mui-system/src/spacing.js"", ""packages/mui-system/src/spacing.test.js""]",407,. /usr/local/nvm/nvm.sh && nvm use 18.8.0 && npx cross-env NODE_ENV=test mocha packages/mui-system/src/spacing.test.js --reporter /testbed/custom-reporter.js --exit
coder__code-server-4597,coder/code-server,TypeScript,Feature,2021-12-09 20:43:13+00:00,"[""ci/helm-chart/Chart.yaml"", ""ci/helm-chart/values.yaml"", ""docs/README.md"", ""docs/collaboration.md"", ""docs/helm.md"", ""docs/manifest.json"", ""package.json""]","[""test/unit/node/test-plugin/package.json""]","[""ci/helm-chart/Chart.yaml"", ""ci/helm-chart/values.yaml"", ""docs/README.md"", ""docs/collaboration.md"", ""docs/helm.md"", ""docs/manifest.json"", ""package.json"", ""test/unit/node/test-plugin/package.json""]",27,yarn test:unit --json --silent
coder__code-server-4678,coder/code-server,TypeScript,Feature,2022-01-04 17:27:59+00:00,"[""CHANGELOG.md"", ""ci/build/release-prep.sh"", ""ci/helm-chart/Chart.yaml"", ""ci/helm-chart/values.yaml"", ""docs/README.md"", ""docs/collaboration.md"", ""docs/helm.md"", ""docs/manifest.json"", ""package.json"", ""typings/pluginapi.d.ts"", ""vendor/package.json"", ""vendor/yarn.lock""]","[""test/e2e/extensions.test.ts"", ""test/unit/node/plugin.test.ts"", ""test/unit/node/test-plugin/package.json"", ""test/unit/node/test-plugin/src/index.ts""]","[""CHANGELOG.md"", ""ci/build/release-prep.sh"", ""ci/helm-chart/Chart.yaml"", ""ci/helm-chart/values.yaml"", ""docs/README.md"", ""docs/collaboration.md"", ""docs/helm.md"", ""docs/manifest.json"", ""package.json"", ""test/e2e/extensions.test.ts"", ""test/unit/node/plugin.test.ts"", ""test/unit/node/test-plugin/package.json"", ""test/unit/node/test-plugin/src/index.ts"", ""typings/pluginapi.d.ts"", ""vendor/package.json"", ""vendor/yarn.lock""]",27,yarn test:unit --json --silent
coder__code-server-4923,coder/code-server,TypeScript,Feature,2022-02-28 14:07:07+00:00,"[""src/node/app.ts"", ""src/node/cli.ts""]","[""test/unit/node/app.test.ts"", ""test/unit/node/cli.test.ts""]","[""src/node/app.ts"", ""src/node/cli.ts"", ""test/unit/node/app.test.ts"", ""test/unit/node/cli.test.ts""]",27,yarn test:unit --json --silent
microsoft__vscode-146962,microsoft/vscode,TypeScript,Feature,2022-04-06 22:43:41+00:00,"[""extensions/shellscript/package.json"", ""src/vs/editor/common/model/bracketPairsTextModelPart/bracketPairsTree/tokenizer.ts"", ""src/vs/editor/common/tokens/contiguousTokensStore.ts"", ""src/vs/workbench/services/textMate/browser/abstractTextMateService.ts"", ""src/vs/workbench/services/textMate/browser/textMateWorker.ts"", ""src/vs/workbench/services/textMate/common/TMGrammarFactory.ts"", ""src/vs/workbench/services/textMate/common/TMGrammars.ts"", ""src/vs/workbench/services/textMate/common/TMScopeRegistry.ts""]","[""src/vs/editor/test/common/model/bracketPairColorizer/tokenizer.test.ts"", ""src/vs/editor/test/common/model/textModelWithTokens.test.ts"", ""src/vs/editor/test/common/model/tokensStore.test.ts""]","[""extensions/shellscript/package.json"", ""src/vs/editor/common/model/bracketPairsTextModelPart/bracketPairsTree/tokenizer.ts"", ""src/vs/editor/common/tokens/contiguousTokensStore.ts"", ""src/vs/editor/test/common/model/bracketPairColorizer/tokenizer.test.ts"", ""src/vs/editor/test/common/model/textModelWithTokens.test.ts"", ""src/vs/editor/test/common/model/tokensStore.test.ts"", ""src/vs/workbench/services/textMate/browser/abstractTextMateService.ts"", ""src/vs/workbench/services/textMate/browser/textMateWorker.ts"", ""src/vs/workbench/services/textMate/common/TMGrammarFactory.ts"", ""src/vs/workbench/services/textMate/common/TMGrammars.ts"", ""src/vs/workbench/services/textMate/common/TMScopeRegistry.ts""]",133,. /usr/local/nvm/nvm.sh && nvm use 16.20.2 && yarn compile ; xvfb-run --auto-servernum --server-args='-screen 0 1024x768x24' ./scripts/test.sh --run src/vs/editor/test/common/model/bracketPairColorizer/tokenizer.test.ts src/vs/editor/test/common/model/tokensStore.test.ts src/vs/editor/test/common/model/textModelWithTokens.test.ts  --reporter json --no-sandbox --exit
microsoft__vscode-152802,microsoft/vscode,TypeScript,Feature,2022-06-21 22:05:20+00:00,"[""src/vs/platform/terminal/node/terminalEnvironment.ts"", ""src/vs/workbench/contrib/terminal/browser/media/shellIntegration-bash.sh"", ""src/vs/workbench/contrib/terminal/browser/media/shellIntegration-rc.zsh"", ""src/vs/workbench/contrib/terminal/browser/media/shellIntegration.ps1""]","[""src/vs/platform/terminal/test/node/terminalEnvironment.test.ts""]","[""src/vs/platform/terminal/node/terminalEnvironment.ts"", ""src/vs/platform/terminal/test/node/terminalEnvironment.test.ts"", ""src/vs/workbench/contrib/terminal/browser/media/shellIntegration-bash.sh"", ""src/vs/workbench/contrib/terminal/browser/media/shellIntegration-rc.zsh"", ""src/vs/workbench/contrib/terminal/browser/media/shellIntegration.ps1""]",133,. /usr/local/nvm/nvm.sh && nvm use 16.20.2 && yarn compile ; xvfb-run --auto-servernum --server-args='-screen 0 1024x768x24' ./scripts/test.sh --run src/vs/platform/terminal/test/node/terminalEnvironment.test.ts  --reporter json --no-sandbox --exit
mui__material-ui-33312,mui/material-ui,TypeScript,Feature,2022-06-27 15:28:21+00:00,"[""docs/pages/base/api/use-autocomplete.json"", ""docs/pages/material-ui/api/autocomplete.json"", ""docs/translations/api-docs/autocomplete/autocomplete.json"", ""docs/translations/api-docs/use-autocomplete/use-autocomplete.json"", ""packages/mui-base/src/useAutocomplete/useAutocomplete.d.ts"", ""packages/mui-base/src/useAutocomplete/useAutocomplete.js"", ""packages/mui-material/src/Autocomplete/Autocomplete.d.ts"", ""packages/mui-material/src/Autocomplete/Autocomplete.js"", ""packages/mui-material/src/Autocomplete/autocompleteClasses.ts""]","[""packages/mui-material/src/Autocomplete/Autocomplete.test.js""]","[""docs/pages/base/api/use-autocomplete.json"", ""docs/pages/material-ui/api/autocomplete.json"", ""docs/translations/api-docs/autocomplete/autocomplete.json"", ""docs/translations/api-docs/use-autocomplete/use-autocomplete.json"", ""packages/mui-base/src/useAutocomplete/useAutocomplete.d.ts"", ""packages/mui-base/src/useAutocomplete/useAutocomplete.js"", ""packages/mui-material/src/Autocomplete/Autocomplete.d.ts"", ""packages/mui-material/src/Autocomplete/Autocomplete.js"", ""packages/mui-material/src/Autocomplete/Autocomplete.test.js"", ""packages/mui-material/src/Autocomplete/autocompleteClasses.ts""]",407,. /usr/local/nvm/nvm.sh && nvm use 18.8.0 && npx cross-env NODE_ENV=test mocha packages/mui-material/src/Autocomplete/Autocomplete.test.js --reporter /testbed/custom-reporter.js --exit
microsoft__vscode-155261,microsoft/vscode,TypeScript,Feature,2022-07-15 02:27:44+00:00,"[""src/vs/platform/contextkey/common/contextkey.ts"", ""src/vs/server/node/remoteAgentEnvironmentImpl.ts""]","[""src/vs/platform/contextkey/test/common/contextkey.test.ts""]","[""src/vs/platform/contextkey/common/contextkey.ts"", ""src/vs/platform/contextkey/test/common/contextkey.test.ts"", ""src/vs/server/node/remoteAgentEnvironmentImpl.ts""]",133,. /usr/local/nvm/nvm.sh && nvm use 16.20.2 && yarn compile ; xvfb-run --auto-servernum --server-args='-screen 0 1024x768x24' ./scripts/test.sh --run src/vs/platform/contextkey/test/common/contextkey.test.ts  --reporter json --no-sandbox --exit
microsoft__vscode-156733,microsoft/vscode,TypeScript,Feature,2022-07-31 05:09:09+00:00,"[""src/vs/code/electron-sandbox/issue/issueReporterModel.ts"", ""src/vs/platform/issue/common/issue.ts"", ""src/vs/platform/windows/electron-main/window.ts"", ""src/vs/workbench/electron-sandbox/desktop.contribution.ts"", ""src/vs/workbench/electron-sandbox/parts/dialogs/dialogHandler.ts"", ""src/vs/workbench/services/issue/electron-sandbox/issueService.ts""]","[""src/vs/code/test/electron-sandbox/issue/testReporterModel.test.ts""]","[""src/vs/code/electron-sandbox/issue/issueReporterModel.ts"", ""src/vs/code/test/electron-sandbox/issue/testReporterModel.test.ts"", ""src/vs/platform/issue/common/issue.ts"", ""src/vs/platform/windows/electron-main/window.ts"", ""src/vs/workbench/electron-sandbox/desktop.contribution.ts"", ""src/vs/workbench/electron-sandbox/parts/dialogs/dialogHandler.ts"", ""src/vs/workbench/services/issue/electron-sandbox/issueService.ts""]",133,. /usr/local/nvm/nvm.sh && nvm use 16.20.2 && yarn compile ; xvfb-run --auto-servernum --server-args='-screen 0 1024x768x24' ./scripts/test.sh --run src/vs/code/test/electron-sandbox/issue/testReporterModel.test.ts  --reporter json --no-sandbox --exit
mui__material-ui-34138,mui/material-ui,TypeScript,Feature,2022-08-30 20:20:01+00:00,"[""docs/pages/material-ui/api/step.json"", ""docs/pages/material-ui/api/stepper.json"", ""docs/translations/api-docs/step/step.json"", ""docs/translations/api-docs/stepper/stepper.json"", ""packages/mui-material/src/Step/Step.d.ts"", ""packages/mui-material/src/Step/Step.js"", ""packages/mui-material/src/Step/Step.spec.tsx"", ""packages/mui-material/src/Stepper/Stepper.d.ts"", ""packages/mui-material/src/Stepper/Stepper.js"", ""packages/mui-material/src/Stepper/Stepper.spec.tsx""]","[""packages/mui-material/src/Step/Step.test.js"", ""packages/mui-material/src/Stepper/Stepper.test.tsx""]","[""docs/pages/material-ui/api/step.json"", ""docs/pages/material-ui/api/stepper.json"", ""docs/translations/api-docs/step/step.json"", ""docs/translations/api-docs/stepper/stepper.json"", ""packages/mui-material/src/Step/Step.d.ts"", ""packages/mui-material/src/Step/Step.js"", ""packages/mui-material/src/Step/Step.spec.tsx"", ""packages/mui-material/src/Step/Step.test.js"", ""packages/mui-material/src/Stepper/Stepper.d.ts"", ""packages/mui-material/src/Stepper/Stepper.js"", ""packages/mui-material/src/Stepper/Stepper.spec.tsx"", ""packages/mui-material/src/Stepper/Stepper.test.tsx""]",407,. /usr/local/nvm/nvm.sh && nvm use 18.8.0 && npx cross-env NODE_ENV=test mocha packages/mui-material/src/Stepper/Stepper.test.tsx packages/mui-material/src/Step/Step.test.js --reporter /testbed/custom-reporter.js --exit
mui__material-ui-34158,mui/material-ui,TypeScript,Feature,2022-08-31 12:57:28+00:00,"[""docs/data/base/components/select/UnstyledSelectControlled.js"", ""docs/data/base/components/select/UnstyledSelectControlled.tsx"", ""docs/data/base/components/select/UnstyledSelectControlled.tsx.preview"", ""docs/data/base/components/select/UnstyledSelectObjectValues.js"", ""docs/data/base/components/select/UnstyledSelectObjectValues.tsx"", ""docs/data/base/components/select/UnstyledSelectObjectValues.tsx.preview"", ""docs/data/base/components/select/UnstyledSelectObjectValuesForm.js"", ""docs/data/base/components/select/UnstyledSelectObjectValuesForm.tsx"", ""docs/data/joy/components/select/SelectClearable.js"", ""docs/data/joy/components/select/SelectFieldDemo.js"", ""docs/data/joy/components/select/SelectUsage.js"", ""packages/mui-base/src/ListboxUnstyled/useControllableReducer.ts"", ""packages/mui-base/src/ListboxUnstyled/useListbox.ts"", ""packages/mui-base/src/ListboxUnstyled/useListbox.types.ts"", ""packages/mui-base/src/MultiSelectUnstyled/MultiSelectUnstyled.types.ts"", ""packages/mui-base/src/SelectUnstyled/SelectUnstyled.types.ts"", ""packages/mui-base/src/SelectUnstyled/useSelect.ts"", ""packages/mui-base/src/SelectUnstyled/useSelect.types.ts"", ""packages/mui-joy/src/Select/Select.spec.tsx"", ""packages/mui-joy/src/Select/SelectProps.ts""]","[""packages/mui-base/src/ListboxUnstyled/defaultListboxReducer.test.ts"", ""packages/mui-base/src/ListboxUnstyled/useControllableReducer.test.tsx"", ""packages/mui-base/src/MultiSelectUnstyled/MultiSelectUnstyled.test.tsx"", ""packages/mui-base/src/SelectUnstyled/SelectUnstyled.test.tsx"", ""packages/mui-joy/src/Select/Select.test.tsx""]","[""docs/data/base/components/select/UnstyledSelectControlled.js"", ""docs/data/base/components/select/UnstyledSelectControlled.tsx"", ""docs/data/base/components/select/UnstyledSelectControlled.tsx.preview"", ""docs/data/base/components/select/UnstyledSelectObjectValues.js"", ""docs/data/base/components/select/UnstyledSelectObjectValues.tsx"", ""docs/data/base/components/select/UnstyledSelectObjectValues.tsx.preview"", ""docs/data/base/components/select/UnstyledSelectObjectValuesForm.js"", ""docs/data/base/components/select/UnstyledSelectObjectValuesForm.tsx"", ""docs/data/joy/components/select/SelectClearable.js"", ""docs/data/joy/components/select/SelectFieldDemo.js"", ""docs/data/joy/components/select/SelectUsage.js"", ""packages/mui-base/src/ListboxUnstyled/defaultListboxReducer.test.ts"", ""packages/mui-base/src/ListboxUnstyled/useControllableReducer.test.tsx"", ""packages/mui-base/src/ListboxUnstyled/useControllableReducer.ts"", ""packages/mui-base/src/ListboxUnstyled/useListbox.ts"", ""packages/mui-base/src/ListboxUnstyled/useListbox.types.ts"", ""packages/mui-base/src/MultiSelectUnstyled/MultiSelectUnstyled.test.tsx"", ""packages/mui-base/src/MultiSelectUnstyled/MultiSelectUnstyled.types.ts"", ""packages/mui-base/src/SelectUnstyled/SelectUnstyled.test.tsx"", ""packages/mui-base/src/SelectUnstyled/SelectUnstyled.types.ts"", ""packages/mui-base/src/SelectUnstyled/useSelect.ts"", ""packages/mui-base/src/SelectUnstyled/useSelect.types.ts"", ""packages/mui-joy/src/Select/Select.spec.tsx"", ""packages/mui-joy/src/Select/Select.test.tsx"", ""packages/mui-joy/src/Select/SelectProps.ts""]",407,. /usr/local/nvm/nvm.sh && nvm use 18.8.0 && npx cross-env NODE_ENV=test mocha packages/mui-base/src/ListboxUnstyled/useControllableReducer.test.tsx packages/mui-base/src/MultiSelectUnstyled/MultiSelectUnstyled.test.tsx packages/mui-base/src/SelectUnstyled/SelectUnstyled.test.tsx packages/mui-base/src/ListboxUnstyled/defaultListboxReducer.test.ts packages/mui-joy/src/Select/Select.test.tsx --reporter /testbed/custom-reporter.js --exit
mui__material-ui-34207,mui/material-ui,TypeScript,Feature,2022-09-06 17:04:24+00:00,"[""docs/data/material/components/checkboxes/CheckboxLabels.js"", ""docs/data/material/components/checkboxes/CheckboxLabels.tsx"", ""docs/data/material/components/checkboxes/CheckboxLabels.tsx.preview"", ""docs/data/material/components/switches/SwitchLabels.js"", ""docs/data/material/components/switches/SwitchLabels.tsx"", ""docs/data/material/components/switches/SwitchLabels.tsx.preview"", ""docs/pages/material-ui/api/form-control-label.json"", ""docs/translations/api-docs/form-control-label/form-control-label.json"", ""packages/mui-material/src/FormControlLabel/FormControlLabel.d.ts"", ""packages/mui-material/src/FormControlLabel/FormControlLabel.js"", ""packages/mui-material/src/FormControlLabel/formControlLabelClasses.ts""]","[""packages/mui-material/src/FormControlLabel/FormControlLabel.test.js""]","[""docs/data/material/components/checkboxes/CheckboxLabels.js"", ""docs/data/material/components/checkboxes/CheckboxLabels.tsx"", ""docs/data/material/components/checkboxes/CheckboxLabels.tsx.preview"", ""docs/data/material/components/switches/SwitchLabels.js"", ""docs/data/material/components/switches/SwitchLabels.tsx"", ""docs/data/material/components/switches/SwitchLabels.tsx.preview"", ""docs/pages/material-ui/api/form-control-label.json"", ""docs/translations/api-docs/form-control-label/form-control-label.json"", ""packages/mui-material/src/FormControlLabel/FormControlLabel.d.ts"", ""packages/mui-material/src/FormControlLabel/FormControlLabel.js"", ""packages/mui-material/src/FormControlLabel/FormControlLabel.test.js"", ""packages/mui-material/src/FormControlLabel/formControlLabelClasses.ts""]",407,. /usr/local/nvm/nvm.sh && nvm use 18.8.0 && npx cross-env NODE_ENV=test mocha packages/mui-material/src/FormControlLabel/FormControlLabel.test.js --reporter /testbed/custom-reporter.js --exit
coder__code-server-5633,coder/code-server,TypeScript,Feature,2022-10-09 14:39:46+00:00,"[""src/browser/pages/login.html"", ""src/node/cli.ts"", ""src/node/routes/login.ts""]","[""test/unit/node/cli.test.ts"", ""test/unit/node/routes/login.test.ts""]","[""src/browser/pages/login.html"", ""src/node/cli.ts"", ""src/node/routes/login.ts"", ""test/unit/node/cli.test.ts"", ""test/unit/node/routes/login.test.ts""]",27,yarn test:unit --json --silent
microsoft__vscode-165197,microsoft/vscode,TypeScript,Feature,2022-11-01 20:55:11+00:00,"[""src/vs/workbench/contrib/tasks/browser/terminalTaskSystem.ts"", ""src/vs/workbench/contrib/terminal/browser/terminal.ts"", ""src/vs/workbench/contrib/terminal/browser/terminalQuickFixBuiltinActions.ts"", ""src/vs/workbench/contrib/terminal/browser/xterm/quickFixAddon.ts""]","[""src/vs/workbench/contrib/terminal/test/browser/quickFixAddon.test.ts""]","[""src/vs/workbench/contrib/tasks/browser/terminalTaskSystem.ts"", ""src/vs/workbench/contrib/terminal/browser/terminal.ts"", ""src/vs/workbench/contrib/terminal/browser/terminalQuickFixBuiltinActions.ts"", ""src/vs/workbench/contrib/terminal/browser/xterm/quickFixAddon.ts"", ""src/vs/workbench/contrib/terminal/test/browser/quickFixAddon.test.ts""]",133,. /usr/local/nvm/nvm.sh && nvm use 16.20.2 && yarn compile ; xvfb-run --auto-servernum --server-args='-screen 0 1024x768x24' ./scripts/test.sh --run src/vs/workbench/contrib/terminal/test/browser/quickFixAddon.test.ts  --reporter json --no-sandbox --exit
microsoft__vscode-168788,microsoft/vscode,TypeScript,Feature,2022-12-11 18:28:39+00:00,"[""src/vs/editor/common/cursorCommon.ts"", ""src/vs/editor/common/languages/languageConfigurationRegistry.ts"", ""src/vs/editor/common/languages/supports/characterPair.ts""]","[""src/vs/editor/test/browser/controller/cursor.test.ts""]","[""src/vs/editor/common/cursorCommon.ts"", ""src/vs/editor/common/languages/languageConfigurationRegistry.ts"", ""src/vs/editor/common/languages/supports/characterPair.ts"", ""src/vs/editor/test/browser/controller/cursor.test.ts""]",133,. /usr/local/nvm/nvm.sh && nvm use 16.20.2 && yarn compile ; xvfb-run --auto-servernum --server-args='-screen 0 1024x768x24' ./scripts/test.sh --run src/vs/editor/test/browser/controller/cursor.test.ts  --reporter json --no-sandbox --exit
microsoft__vscode-178291,microsoft/vscode,TypeScript,Feature,2023-03-24 23:41:30+00:00,"[""src/vs/workbench/contrib/terminalContrib/links/browser/terminalLinkParsing.ts""]","[""src/vs/workbench/contrib/terminalContrib/links/test/browser/terminalLinkParsing.test.ts""]","[""src/vs/workbench/contrib/terminalContrib/links/browser/terminalLinkParsing.ts"", ""src/vs/workbench/contrib/terminalContrib/links/test/browser/terminalLinkParsing.test.ts""]",133,yarn compile ; xvfb-run --auto-servernum --server-args='-screen 0 1024x768x24' ./scripts/test.sh --run src/vs/workbench/contrib/terminalContrib/links/test/browser/terminalLinkParsing.test.ts  --reporter json --no-sandbox --exit
microsoft__vscode-178513,microsoft/vscode,TypeScript,Feature,2023-03-28 17:52:27+00:00,"[""src/vs/workbench/contrib/terminalContrib/links/browser/terminalLinkParsing.ts""]","[""src/vs/workbench/contrib/terminalContrib/links/test/browser/terminalLinkParsing.test.ts""]","[""src/vs/workbench/contrib/terminalContrib/links/browser/terminalLinkParsing.ts"", ""src/vs/workbench/contrib/terminalContrib/links/test/browser/terminalLinkParsing.test.ts""]",133,. /usr/local/nvm/nvm.sh && nvm use 16.20.2 && yarn compile ; xvfb-run --auto-servernum --server-args='-screen 0 1024x768x24' ./scripts/test.sh --run src/vs/workbench/contrib/terminalContrib/links/test/browser/terminalLinkParsing.test.ts  --reporter json --no-sandbox --exit
coder__code-server-6115,coder/code-server,TypeScript,Feature,2023-03-28 20:03:27+00:00,"[""src/node/cli.ts""]","[""test/unit/node/cli.test.ts""]","[""src/node/cli.ts"", ""test/unit/node/cli.test.ts""]",27,yarn test:unit --json --silent
microsoft__vscode-178694,microsoft/vscode,TypeScript,Feature,2023-03-30 15:10:19+00:00,"[""src/vs/base/common/history.ts""]","[""src/vs/base/test/common/history.test.ts""]","[""src/vs/base/common/history.ts"", ""src/vs/base/test/common/history.test.ts""]",133,. /usr/local/nvm/nvm.sh && nvm use 16.20.2 && yarn compile ; xvfb-run --auto-servernum --server-args='-screen 0 1024x768x24' ./scripts/test.sh --run src/vs/base/test/common/history.test.ts  --reporter json --no-sandbox --exit
microsoft__vscode-182669,microsoft/vscode,TypeScript,Feature,2023-05-16 19:16:33+00:00,"[""src/vs/workbench/contrib/search/browser/search.contribution.ts"", ""src/vs/workbench/contrib/search/browser/searchModel.ts"", ""src/vs/workbench/contrib/search/browser/searchView.ts"", ""src/vs/workbench/contrib/search/browser/searchWidget.ts"", ""src/vs/workbench/services/search/common/search.ts""]","[""src/vs/workbench/contrib/search/test/browser/searchModel.test.ts"", ""src/vs/workbench/contrib/search/test/browser/searchResult.test.ts"", ""src/vs/workbench/contrib/search/test/browser/searchTestCommon.ts"", ""src/vs/workbench/contrib/search/test/browser/searchViewlet.test.ts""]","[""src/vs/workbench/contrib/search/browser/search.contribution.ts"", ""src/vs/workbench/contrib/search/browser/searchModel.ts"", ""src/vs/workbench/contrib/search/browser/searchView.ts"", ""src/vs/workbench/contrib/search/browser/searchWidget.ts"", ""src/vs/workbench/contrib/search/test/browser/searchModel.test.ts"", ""src/vs/workbench/contrib/search/test/browser/searchResult.test.ts"", ""src/vs/workbench/contrib/search/test/browser/searchTestCommon.ts"", ""src/vs/workbench/contrib/search/test/browser/searchViewlet.test.ts"", ""src/vs/workbench/services/search/common/search.ts""]",133,. /usr/local/nvm/nvm.sh && nvm use 18.8.0 && yarn compile ; xvfb-run --auto-servernum --server-args='-screen 0 1024x768x24' ./scripts/test.sh --run src/vs/workbench/contrib/search/test/browser/searchModel.test.ts src/vs/workbench/contrib/search/test/browser/searchTestCommon.ts src/vs/workbench/contrib/search/test/browser/searchResult.test.ts src/vs/workbench/contrib/search/test/browser/searchViewlet.test.ts  --reporter json --no-sandbox --exit
coder__code-server-6225,coder/code-server,TypeScript,Feature,2023-05-20 11:02:02+00:00,"[""patches/proxy-uri.diff"", ""src/node/cli.ts"", ""src/node/http.ts"", ""src/node/main.ts"", ""src/node/routes/domainProxy.ts""]","[""test/unit/node/cli.test.ts""]","[""patches/proxy-uri.diff"", ""src/node/cli.ts"", ""src/node/http.ts"", ""src/node/main.ts"", ""src/node/routes/domainProxy.ts"", ""test/unit/node/cli.test.ts""]",27,yarn test:unit --json --silent
mui__material-ui-37908,mui/material-ui,TypeScript,Feature,2023-07-11 06:55:18+00:00,"[""docs/data/joy/guides/themeable-component/StatComponent.js"", ""docs/data/joy/guides/themeable-component/StatFullTemplate.js"", ""docs/data/joy/guides/themeable-component/StatFullTemplate.tsx"", ""docs/data/joy/guides/themeable-component/StatFullTemplate.tsx.preview"", ""docs/data/joy/guides/themeable-component/StatSlots.js"", ""docs/data/joy/guides/themeable-component/themeable-component.md"", ""docs/data/joy/pages.ts"", ""docs/data/material/guides/themeable-component/StatComponent.js"", ""docs/data/material/guides/themeable-component/StatFullTemplate.js"", ""docs/data/material/guides/themeable-component/StatFullTemplate.tsx"", ""docs/data/material/guides/themeable-component/StatFullTemplate.tsx.preview"", ""docs/data/material/guides/themeable-component/StatSlots.js"", ""docs/data/material/guides/themeable-component/themeable-component.md"", ""docs/data/material/pages.ts"", ""docs/pages/joy-ui/guides/themeable-component.js"", ""docs/pages/material-ui/guides/themeable-component.js"", ""docs/translations/translations.json"", ""packages/mui-system/src/createStyled.js""]","[""packages/mui-system/src/createStyled.test.js""]","[""docs/data/joy/guides/themeable-component/StatComponent.js"", ""docs/data/joy/guides/themeable-component/StatFullTemplate.js"", ""docs/data/joy/guides/themeable-component/StatFullTemplate.tsx"", ""docs/data/joy/guides/themeable-component/StatFullTemplate.tsx.preview"", ""docs/data/joy/guides/themeable-component/StatSlots.js"", ""docs/data/joy/guides/themeable-component/themeable-component.md"", ""docs/data/joy/pages.ts"", ""docs/data/material/guides/themeable-component/StatComponent.js"", ""docs/data/material/guides/themeable-component/StatFullTemplate.js"", ""docs/data/material/guides/themeable-component/StatFullTemplate.tsx"", ""docs/data/material/guides/themeable-component/StatFullTemplate.tsx.preview"", ""docs/data/material/guides/themeable-component/StatSlots.js"", ""docs/data/material/guides/themeable-component/themeable-component.md"", ""docs/data/material/pages.ts"", ""docs/pages/joy-ui/guides/themeable-component.js"", ""docs/pages/material-ui/guides/themeable-component.js"", ""docs/translations/translations.json"", ""packages/mui-system/src/createStyled.js"", ""packages/mui-system/src/createStyled.test.js""]",407,. /usr/local/nvm/nvm.sh && nvm use 18.8.0 && npx cross-env NODE_ENV=test mocha packages/mui-system/src/createStyled.test.js --reporter /testbed/custom-reporter.js --exit
mui__material-ui-38167,mui/material-ui,TypeScript,Feature,2023-07-26 12:40:52+00:00,"[""docs/data/joy/components/input/InputFormProps.js"", ""docs/data/joy/components/input/InputFormProps.tsx"", ""docs/data/joy/components/input/InputFormProps.tsx.preview"", ""docs/data/joy/components/input/input.md"", ""docs/data/joy/components/select/ControlledOpenSelect.js"", ""docs/data/joy/components/select/ControlledOpenSelect.tsx"", ""docs/data/joy/components/select/SelectFormSubmission.js"", ""docs/data/joy/components/select/SelectFormSubmission.tsx"", ""docs/data/joy/components/select/select.md"", ""docs/pages/base-ui/api/select.json"", ""docs/pages/base-ui/api/use-select.json"", ""docs/pages/joy-ui/api/select.json"", ""docs/translations/api-docs-base/select/select.json"", ""docs/translations/api-docs-joy/select/select.json"", ""docs/translations/api-docs/use-select/use-select.json"", ""packages/mui-base/src/Select/Select.tsx"", ""packages/mui-base/src/Select/Select.types.ts"", ""packages/mui-base/src/useSelect/useSelect.ts"", ""packages/mui-base/src/useSelect/useSelect.types.ts"", ""packages/mui-joy/src/Select/Select.tsx"", ""packages/mui-joy/src/Select/SelectProps.ts""]","[""packages/mui-base/src/Select/Select.test.tsx"", ""packages/mui-base/src/useSelect/useSelect.test.tsx""]","[""docs/data/joy/components/input/InputFormProps.js"", ""docs/data/joy/components/input/InputFormProps.tsx"", ""docs/data/joy/components/input/InputFormProps.tsx.preview"", ""docs/data/joy/components/input/input.md"", ""docs/data/joy/components/select/ControlledOpenSelect.js"", ""docs/data/joy/components/select/ControlledOpenSelect.tsx"", ""docs/data/joy/components/select/SelectFormSubmission.js"", ""docs/data/joy/components/select/SelectFormSubmission.tsx"", ""docs/data/joy/components/select/select.md"", ""docs/pages/base-ui/api/select.json"", ""docs/pages/base-ui/api/use-select.json"", ""docs/pages/joy-ui/api/select.json"", ""docs/translations/api-docs-base/select/select.json"", ""docs/translations/api-docs-joy/select/select.json"", ""docs/translations/api-docs/use-select/use-select.json"", ""packages/mui-base/src/Select/Select.test.tsx"", ""packages/mui-base/src/Select/Select.tsx"", ""packages/mui-base/src/Select/Select.types.ts"", ""packages/mui-base/src/useSelect/useSelect.test.tsx"", ""packages/mui-base/src/useSelect/useSelect.ts"", ""packages/mui-base/src/useSelect/useSelect.types.ts"", ""packages/mui-joy/src/Select/Select.tsx"", ""packages/mui-joy/src/Select/SelectProps.ts""]",407,. /usr/local/nvm/nvm.sh && nvm use 18.8.0 && npx cross-env NODE_ENV=test mocha packages/mui-base/src/Select/Select.test.tsx packages/mui-base/src/useSelect/useSelect.test.tsx --reporter /testbed/custom-reporter.js --exit
microsoft__vscode-190351,microsoft/vscode,TypeScript,Feature,2023-08-13 09:34:39+00:00,"[""src/vs/workbench/contrib/terminalContrib/links/browser/terminalLinkParsing.ts""]","[""src/vs/workbench/contrib/terminalContrib/links/test/browser/terminalLinkParsing.test.ts""]","[""src/vs/workbench/contrib/terminalContrib/links/browser/terminalLinkParsing.ts"", ""src/vs/workbench/contrib/terminalContrib/links/test/browser/terminalLinkParsing.test.ts""]",133,yarn compile ; xvfb-run --auto-servernum --server-args='-screen 0 1024x768x24' ./scripts/test.sh --run src/vs/workbench/contrib/terminalContrib/links/test/browser/terminalLinkParsing.test.ts  --reporter json --no-sandbox --exit
microsoft__vscode-191602,microsoft/vscode,TypeScript,Feature,2023-08-29 12:53:09+00:00,"[""src/vs/workbench/contrib/terminalContrib/links/browser/terminalLinkParsing.ts""]","[""src/vs/workbench/contrib/terminalContrib/links/test/browser/terminalLinkParsing.test.ts""]","[""src/vs/workbench/contrib/terminalContrib/links/browser/terminalLinkParsing.ts"", ""src/vs/workbench/contrib/terminalContrib/links/test/browser/terminalLinkParsing.test.ts""]",133,yarn compile ; xvfb-run --auto-servernum --server-args='-screen 0 1024x768x24' ./scripts/test.sh --run src/vs/workbench/contrib/terminalContrib/links/test/browser/terminalLinkParsing.test.ts  --reporter json --no-sandbox --exit
coder__code-server-6423,coder/code-server,TypeScript,Feature,2023-09-08 02:49:51+00:00,"[""src/node/cli.ts""]","[""test/unit/node/cli.test.ts""]","[""src/node/cli.ts"", ""test/unit/node/cli.test.ts""]",27,yarn test:unit --json --silent
