all_precision_at_10,all_recall_at_10,basename_all_recall_at_10,candidate_path_count,code_f1_at_5,code_precision_at_5,code_recall_at_10,code_recall_at_5,condition,elapsed_sec,gold_code_files,gold_test_files,language,model,parse_ok,predicted_code_files,predicted_test_files,repo,returncode,task_category,task_id,test_f1_at_5,test_precision_at_5,test_recall_at_10,test_recall_at_5
0.0,0.0,0.0,132,0.0,0.0,0.0,0.0,issue_only,16.617,1,1,Java,qwen2.5-coder:32b,1,2,2,apache/dubbo,0,Feature,apache__dubbo-2750,0.0,0.0,0.0,0.0
0.0,0.0,0.5,132,0.0,0.0,0.0,0.0,issue_plus_inventory,20.225,1,1,Java,qwen2.5-coder:32b,1,3,2,apache/dubbo,0,Feature,apache__dubbo-2750,0.0,0.0,0.0,0.0
0.0,0.0,0.0,132,0.0,0.0,0.0,0.0,issue_plus_hints,10.34,1,1,Java,qwen2.5-coder:32b,1,3,3,apache/dubbo,0,Feature,apache__dubbo-2750,0.0,0.0,0.0,0.0
0.0,0.0,0.0,258,0.0,0.0,0.0,0.0,issue_only,6.475,1,1,Java,qwen2.5-coder:32b,1,2,2,trinodb/trino,0,Feature,trinodb__trino-117,0.0,0.0,0.0,0.0
0.6666666666666666,1.0,1.0,258,0.6666666666666666,0.5,1.0,1.0,issue_plus_inventory,17.231,1,1,Java,qwen2.5-coder:32b,1,2,1,trinodb/trino,0,Feature,trinodb__trino-117,1.0,1.0,1.0,1.0
0.6666666666666666,1.0,1.0,258,0.6666666666666666,0.5,1.0,1.0,issue_plus_hints,5.848,1,1,Java,qwen2.5-coder:32b,1,2,1,trinodb/trino,0,Feature,trinodb__trino-117,1.0,1.0,1.0,1.0
0.5,0.25,0.25,258,0.5,1.0,0.3333333333333333,0.3333333333333333,issue_only,8.76,3,1,Java,qwen2.5-coder:32b,1,1,1,trinodb/trino,0,Feature,trinodb__trino-741,0.0,0.0,0.0,0.0
1.0,0.5,0.5,258,0.5,1.0,0.3333333333333333,0.3333333333333333,issue_plus_inventory,18.708,3,1,Java,qwen2.5-coder:32b,1,1,1,trinodb/trino,0,Feature,trinodb__trino-741,1.0,1.0,1.0,1.0
0.6,0.75,0.75,258,0.6666666666666666,0.6666666666666666,0.6666666666666666,0.6666666666666666,issue_plus_hints,13.343,3,1,Java,qwen2.5-coder:32b,1,3,2,trinodb/trino,0,Feature,trinodb__trino-741,0.6666666666666666,0.5,1.0,1.0
0.0,0.0,0.3333333333333333,258,0.0,0.0,0.0,0.0,issue_only,16.897,2,1,Java,qwen2.5-coder:32b,1,3,3,trinodb/trino,0,Feature,trinodb__trino-748,0.0,0.0,0.0,0.0
0.4,0.6666666666666666,0.6666666666666666,258,0.4,0.3333333333333333,0.5,0.5,issue_plus_inventory,24.675,2,1,Java,qwen2.5-coder:32b,1,3,2,trinodb/trino,0,Feature,trinodb__trino-748,0.6666666666666666,0.5,1.0,1.0
0.75,1.0,1.0,258,1.0,1.0,1.0,1.0,issue_plus_hints,14.351,2,1,Java,qwen2.5-coder:32b,1,2,2,trinodb/trino,0,Feature,trinodb__trino-748,0.6666666666666666,0.5,1.0,1.0
0.0,0.0,0.2857142857142857,258,0.0,0.0,0.0,0.0,issue_only,16.296,5,2,Java,qwen2.5-coder:32b,1,5,5,trinodb/trino,0,Feature,trinodb__trino-799,0.0,0.0,0.0,0.0
0.0,0.0,0.0,258,0.0,0.0,0.0,0.0,issue_plus_inventory,26.393,5,2,Java,qwen2.5-coder:32b,1,5,5,trinodb/trino,0,Feature,trinodb__trino-799,0.0,0.0,0.0,0.0
0.0,0.0,0.0,258,0.0,0.0,0.0,0.0,issue_plus_hints,17.325,5,2,Java,qwen2.5-coder:32b,1,5,5,trinodb/trino,0,Feature,trinodb__trino-799,0.0,0.0,0.0,0.0
0.0,0.0,0.0,258,0.0,0.0,0.0,0.0,issue_only,9.474,3,10,Java,qwen2.5-coder:32b,1,3,2,trinodb/trino,0,Feature,trinodb__trino-1090,0.0,0.0,0.0,0.0
0.0,0.0,0.07692307692307693,258,0.0,0.0,0.0,0.0,issue_plus_inventory,21.79,3,10,Java,qwen2.5-coder:32b,1,2,2,trinodb/trino,0,Feature,trinodb__trino-1090,0.0,0.0,0.0,0.0
0.0,0.0,0.0,258,0.0,0.0,0.0,0.0,issue_plus_hints,9.732,3,10,Java,qwen2.5-coder:32b,1,2,2,trinodb/trino,0,Feature,trinodb__trino-1090,0.0,0.0,0.0,0.0
0.5,0.13333333333333333,0.13333333333333333,258,0.2666666666666667,1.0,0.15384615384615385,0.15384615384615385,issue_only,10.651,13,2,Java,qwen2.5-coder:32b,1,2,2,trinodb/trino,0,Feature,trinodb__trino-1174,0.0,0.0,0.0,0.0
1.0,0.26666666666666666,0.26666666666666666,258,0.375,1.0,0.23076923076923078,0.23076923076923078,issue_plus_inventory,22.357,13,2,Java,qwen2.5-coder:32b,1,3,1,trinodb/trino,0,Feature,trinodb__trino-1174,0.6666666666666666,1.0,0.5,0.5
1.0,0.26666666666666666,0.26666666666666666,258,0.375,1.0,0.23076923076923078,0.23076923076923078,issue_plus_hints,10.121,13,2,Java,qwen2.5-coder:32b,1,3,1,trinodb/trino,0,Feature,trinodb__trino-1174,0.6666666666666666,1.0,0.5,0.5
0.0,0.0,0.0,258,0.0,0.0,0.0,0.0,issue_only,6.581,2,1,Java,qwen2.5-coder:32b,1,1,1,trinodb/trino,0,Feature,trinodb__trino-1848,0.0,0.0,0.0,0.0
0.3333333333333333,0.3333333333333333,0.3333333333333333,258,0.0,0.0,0.0,0.0,issue_plus_inventory,18.485,2,1,Java,qwen2.5-coder:32b,1,1,2,trinodb/trino,0,Feature,trinodb__trino-1848,0.6666666666666666,0.5,1.0,1.0
0.3333333333333333,0.3333333333333333,0.3333333333333333,258,0.0,0.0,0.0,0.0,issue_plus_hints,7.822,2,1,Java,qwen2.5-coder:32b,1,1,2,trinodb/trino,0,Feature,trinodb__trino-1848,0.6666666666666666,0.5,1.0,1.0
0.0,0.0,0.0,258,0.0,0.0,0.0,0.0,issue_only,11.704,3,5,Java,qwen2.5-coder:32b,1,3,2,trinodb/trino,0,Feature,trinodb__trino-1872,0.0,0.0,0.0,0.0
0.0,0.0,0.0,258,0.0,0.0,0.0,0.0,issue_plus_inventory,22.1,3,5,Java,qwen2.5-coder:32b,1,3,3,trinodb/trino,0,Feature,trinodb__trino-1872,0.0,0.0,0.0,0.0
0.0,0.0,0.0,258,0.0,0.0,0.0,0.0,issue_plus_hints,13.771,3,5,Java,qwen2.5-coder:32b,1,3,3,trinodb/trino,0,Feature,trinodb__trino-1872,0.0,0.0,0.0,0.0
0.0,0.0,0.5,258,0.0,0.0,0.0,0.0,issue_only,10.847,3,1,Java,qwen2.5-coder:32b,1,2,1,trinodb/trino,0,Feature,trinodb__trino-3392,0.0,0.0,0.0,0.0
1.0,0.75,0.75,258,0.8,1.0,0.6666666666666666,0.6666666666666666,issue_plus_inventory,15.257,3,1,Java,qwen2.5-coder:32b,1,2,1,trinodb/trino,0,Feature,trinodb__trino-3392,1.0,1.0,1.0,1.0
1.0,0.75,0.75,258,0.8,1.0,0.6666666666666666,0.6666666666666666,issue_plus_hints,7.206,3,1,Java,qwen2.5-coder:32b,1,2,1,trinodb/trino,0,Feature,trinodb__trino-3392,1.0,1.0,1.0,1.0
0.0,0.0,0.0,258,0.0,0.0,0.0,0.0,issue_only,11.697,3,3,Java,qwen2.5-coder:32b,1,3,3,trinodb/trino,0,Feature,trinodb__trino-3638,0.0,0.0,0.0,0.0
0.2857142857142857,0.3333333333333333,0.3333333333333333,258,0.28571428571428575,0.25,0.3333333333333333,0.3333333333333333,issue_plus_inventory,24.442,3,3,Java,qwen2.5-coder:32b,1,4,3,trinodb/trino,0,Feature,trinodb__trino-3638,0.3333333333333333,0.3333333333333333,0.3333333333333333,0.3333333333333333
0.2,0.16666666666666666,0.16666666666666666,258,0.0,0.0,0.0,0.0,issue_plus_hints,10.974,3,3,Java,qwen2.5-coder:32b,1,3,2,trinodb/trino,0,Feature,trinodb__trino-3638,0.4,0.5,0.3333333333333333,0.3333333333333333
0.0,0.0,0.25,258,0.0,0.0,0.0,0.0,issue_only,13.442,3,1,Java,qwen2.5-coder:32b,1,3,3,trinodb/trino,0,Feature,trinodb__trino-3771,0.0,0.0,0.0,0.0
0.1,0.25,0.25,258,0.0,0.0,0.0,0.0,issue_plus_inventory,31.369,3,1,Java,qwen2.5-coder:32b,1,5,5,trinodb/trino,0,Feature,trinodb__trino-3771,0.33333333333333337,0.2,1.0,1.0
0.0,0.0,0.0,258,0.0,0.0,0.0,0.0,issue_plus_hints,19.06,3,1,Java,qwen2.5-coder:32b,1,5,5,trinodb/trino,0,Feature,trinodb__trino-3771,0.0,0.0,0.0,0.0
0.0,0.0,0.5,258,0.0,0.0,0.0,0.0,issue_only,12.429,2,2,Java,qwen2.5-coder:32b,1,2,2,trinodb/trino,0,Feature,trinodb__trino-4458,0.0,0.0,0.0,0.0
0.5,0.5,0.5,258,0.5,0.5,0.5,0.5,issue_plus_inventory,20.4,2,2,Java,qwen2.5-coder:32b,1,2,2,trinodb/trino,0,Feature,trinodb__trino-4458,0.5,0.5,0.5,0.5
0.5,0.5,0.5,258,0.5,0.5,0.5,0.5,issue_plus_hints,10.623,2,2,Java,qwen2.5-coder:32b,1,2,2,trinodb/trino,0,Feature,trinodb__trino-4458,0.5,0.5,0.5,0.5
1.0,1.0,1.0,23,1.0,1.0,1.0,1.0,issue_only,7.03,2,2,Java,qwen2.5-coder:32b,1,1,1,google/guava,0,Feature,google__guava-3971,1.0,1.0,1.0,1.0
1.0,1.0,1.0,23,1.0,1.0,1.0,1.0,issue_plus_inventory,7.714,2,2,Java,qwen2.5-coder:32b,1,1,1,google/guava,0,Feature,google__guava-3971,1.0,1.0,1.0,1.0
1.0,1.0,1.0,23,1.0,1.0,1.0,1.0,issue_plus_hints,7.201,2,2,Java,qwen2.5-coder:32b,1,1,1,google/guava,0,Feature,google__guava-3971,1.0,1.0,1.0,1.0
0.0,0.0,0.25,258,0.0,0.0,0.0,0.0,issue_only,9.003,3,1,Java,qwen2.5-coder:32b,1,2,2,trinodb/trino,0,Feature,trinodb__trino-4600,0.0,0.0,0.0,0.0
0.5,0.5,0.5,258,0.8,1.0,0.6666666666666666,0.6666666666666666,issue_plus_inventory,18.636,3,1,Java,qwen2.5-coder:32b,1,2,2,trinodb/trino,0,Feature,trinodb__trino-4600,0.0,0.0,0.0,0.0
0.75,0.75,0.75,258,0.8,1.0,0.6666666666666666,0.6666666666666666,issue_plus_hints,8.945,3,1,Java,qwen2.5-coder:32b,1,2,2,trinodb/trino,0,Feature,trinodb__trino-4600,0.6666666666666666,0.5,1.0,1.0
0.0,0.0,0.0,258,0.0,0.0,0.0,0.0,issue_only,12.748,3,3,Java,qwen2.5-coder:32b,1,3,3,trinodb/trino,0,Feature,trinodb__trino-5507,0.0,0.0,0.0,0.0
0.2,0.3333333333333333,0.5,258,0.25,0.2,0.3333333333333333,0.3333333333333333,issue_plus_inventory,28.509,3,3,Java,qwen2.5-coder:32b,1,5,5,trinodb/trino,0,Feature,trinodb__trino-5507,0.25,0.2,0.3333333333333333,0.3333333333333333
0.2,0.3333333333333333,0.5,258,0.25,0.2,0.3333333333333333,0.3333333333333333,issue_plus_hints,17.879,3,3,Java,qwen2.5-coder:32b,1,5,5,trinodb/trino,0,Feature,trinodb__trino-5507,0.25,0.2,0.3333333333333333,0.3333333333333333
0.0,0.0,0.0,258,0.0,0.0,0.0,0.0,issue_only,10.774,2,3,Java,qwen2.5-coder:32b,1,2,2,trinodb/trino,0,Feature,trinodb__trino-6074,0.0,0.0,0.0,0.0
1.0,1.0,1.0,258,1.0,1.0,1.0,1.0,issue_plus_inventory,21.871,2,3,Java,qwen2.5-coder:32b,1,2,3,trinodb/trino,0,Feature,trinodb__trino-6074,1.0,1.0,1.0,1.0
1.0,1.0,1.0,258,1.0,1.0,1.0,1.0,issue_plus_hints,12.236,2,3,Java,qwen2.5-coder:32b,1,2,3,trinodb/trino,0,Feature,trinodb__trino-6074,1.0,1.0,1.0,1.0
1.0,0.2857142857142857,0.2857142857142857,80,0.33333333333333337,1.0,0.2,0.2,issue_only,6.372,5,2,Java,qwen2.5-coder:32b,1,1,1,google/gson,0,Feature,google__gson-1904,0.6666666666666666,1.0,0.5,0.5
0.75,0.42857142857142855,0.42857142857142855,80,0.5714285714285715,1.0,0.4,0.4,issue_plus_inventory,16.26,5,2,Java,qwen2.5-coder:32b,1,2,2,google/gson,0,Feature,google__gson-1904,0.5,0.5,0.5,0.5
0.75,0.42857142857142855,0.42857142857142855,80,0.5714285714285715,1.0,0.4,0.4,issue_plus_hints,10.489,5,2,Java,qwen2.5-coder:32b,1,2,2,google/gson,0,Feature,google__gson-1904,0.5,0.5,0.5,0.5
0.5,0.5,0.5,132,0.4,0.5,0.3333333333333333,0.3333333333333333,issue_only,11.089,3,1,Java,qwen2.5-coder:32b,1,2,2,apache/dubbo,0,Feature,apache__dubbo-8032,0.6666666666666666,0.5,1.0,1.0
0.5,0.5,0.5,132,0.4,0.5,0.3333333333333333,0.3333333333333333,issue_plus_inventory,24.124,3,1,Java,qwen2.5-coder:32b,1,2,2,apache/dubbo,0,Feature,apache__dubbo-8032,0.6666666666666666,0.5,1.0,1.0
0.5,0.5,0.5,132,0.4,0.5,0.3333333333333333,0.3333333333333333,issue_plus_hints,12.757,3,1,Java,qwen2.5-coder:32b,1,2,2,apache/dubbo,0,Feature,apache__dubbo-8032,0.6666666666666666,0.5,1.0,1.0
0.0,0.0,0.0,45,0.0,0.0,0.0,0.0,issue_only,13.162,11,5,Java,qwen2.5-coder:32b,1,3,3,apolloconfig/apollo,0,Feature,apolloconfig__apollo-4119,0.0,0.0,0.0,0.0
0.6,0.375,0.5625,45,0.25000000000000006,0.4,0.18181818181818182,0.18181818181818182,issue_plus_inventory,20.062,11,5,Java,qwen2.5-coder:32b,1,5,5,apolloconfig/apollo,0,Feature,apolloconfig__apollo-4119,0.6,0.6,0.6,0.6
0.7,0.4375,0.625,45,0.37499999999999994,0.6,0.2727272727272727,0.2727272727272727,issue_plus_hints,15.49,11,5,Java,qwen2.5-coder:32b,1,5,5,apolloconfig/apollo,0,Feature,apolloconfig__apollo-4119,0.6,0.6,0.6,0.6
0.0,0.0,0.0,45,0.0,0.0,0.0,0.0,issue_only,9.712,4,2,Java,qwen2.5-coder:32b,1,2,2,apolloconfig/apollo,0,Feature,apolloconfig__apollo-4199,0.0,0.0,0.0,0.0
1.0,0.8333333333333334,0.8333333333333334,45,0.8571428571428571,1.0,0.75,0.75,issue_plus_inventory,17.176,4,2,Java,qwen2.5-coder:32b,1,3,2,apolloconfig/apollo,0,Feature,apolloconfig__apollo-4199,1.0,1.0,1.0,1.0
1.0,0.8333333333333334,0.8333333333333334,45,0.8571428571428571,1.0,0.75,0.75,issue_plus_hints,13.04,4,2,Java,qwen2.5-coder:32b,1,3,2,apolloconfig/apollo,0,Feature,apolloconfig__apollo-4199,1.0,1.0,1.0,1.0
0.3333333333333333,0.25,0.5,45,0.4,0.5,0.3333333333333333,0.3333333333333333,issue_only,9.722,3,1,Java,qwen2.5-coder:32b,1,2,1,apolloconfig/apollo,0,Feature,apolloconfig__apollo-4207,0.0,0.0,0.0,0.0
1.0,0.75,0.75,45,0.8,1.0,0.6666666666666666,0.6666666666666666,issue_plus_inventory,15.068,3,1,Java,qwen2.5-coder:32b,1,2,1,apolloconfig/apollo,0,Feature,apolloconfig__apollo-4207,1.0,1.0,1.0,1.0
1.0,0.75,0.75,45,0.8,1.0,0.6666666666666666,0.6666666666666666,issue_plus_hints,10.381,3,1,Java,qwen2.5-coder:32b,1,2,1,apolloconfig/apollo,0,Feature,apolloconfig__apollo-4207,1.0,1.0,1.0,1.0
0.0,0.0,0.0,157,0.0,0.0,0.0,0.0,issue_only,12.287,1,1,Java,qwen2.5-coder:32b,1,3,2,apache/rocketmq,0,Feature,apache__rocketmq-3862,0.0,0.0,0.0,0.0
0.0,0.0,0.0,157,0.0,0.0,0.0,0.0,issue_plus_inventory,27.72,1,1,Java,qwen2.5-coder:32b,1,5,5,apache/rocketmq,0,Feature,apache__rocketmq-3862,0.0,0.0,0.0,0.0
0.0,0.0,0.0,157,0.0,0.0,0.0,0.0,issue_plus_hints,16.936,1,1,Java,qwen2.5-coder:32b,1,5,5,apache/rocketmq,0,Feature,apache__rocketmq-3862,0.0,0.0,0.0,0.0
0.0,0.0,0.0,157,0.0,0.0,0.0,0.0,issue_only,13.978,2,1,Java,qwen2.5-coder:32b,1,3,3,apache/rocketmq,0,Feature,apache__rocketmq-4122,0.0,0.0,0.0,0.0
0.3,1.0,1.0,157,0.5714285714285715,0.4,1.0,1.0,issue_plus_inventory,26.567,2,1,Java,qwen2.5-coder:32b,1,5,5,apache/rocketmq,0,Feature,apache__rocketmq-4122,0.33333333333333337,0.2,1.0,1.0
0.3,1.0,1.0,157,0.5714285714285715,0.4,1.0,1.0,issue_plus_hints,16.851,2,1,Java,qwen2.5-coder:32b,1,5,5,apache/rocketmq,0,Feature,apache__rocketmq-4122,0.33333333333333337,0.2,1.0,1.0
1.0,1.0,1.0,80,1.0,1.0,1.0,1.0,issue_only,5.931,1,1,Java,qwen2.5-coder:32b,1,1,1,google/gson,0,Feature,google__gson-2130,1.0,1.0,1.0,1.0
0.6666666666666666,1.0,1.0,80,1.0,1.0,1.0,1.0,issue_plus_inventory,15.522,1,1,Java,qwen2.5-coder:32b,1,1,2,google/gson,0,Feature,google__gson-2130,0.6666666666666666,0.5,1.0,1.0
0.6666666666666666,1.0,1.0,80,1.0,1.0,1.0,1.0,issue_plus_hints,9.043,1,1,Java,qwen2.5-coder:32b,1,1,2,google/gson,0,Feature,google__gson-2130,0.6666666666666666,0.5,1.0,1.0
0.0,0.0,0.0,45,0.0,0.0,0.0,0.0,issue_only,11.797,15,1,Java,qwen2.5-coder:32b,1,3,2,apolloconfig/apollo,0,Feature,apolloconfig__apollo-4464,0.0,0.0,0.0,0.0
0.875,0.4375,0.4375,45,0.5,1.0,0.3333333333333333,0.3333333333333333,issue_plus_inventory,21.577,15,1,Java,qwen2.5-coder:32b,1,5,5,apolloconfig/apollo,0,Feature,apolloconfig__apollo-4464,0.33333333333333337,0.2,1.0,1.0
0.875,0.4375,0.4375,45,0.5,1.0,0.3333333333333333,0.3333333333333333,issue_plus_hints,16.943,15,1,Java,qwen2.5-coder:32b,1,5,5,apolloconfig/apollo,0,Feature,apolloconfig__apollo-4464,0.33333333333333337,0.2,1.0,1.0
0.0,0.0,0.0,157,0.0,0.0,0.0,0.0,issue_only,14.239,4,5,Java,qwen2.5-coder:32b,1,4,3,apache/rocketmq,0,Feature,apache__rocketmq-5062,0.0,0.0,0.0,0.0
0.4,0.4444444444444444,0.4444444444444444,157,0.4444444444444445,0.4,0.5,0.5,issue_plus_inventory,27.082,4,5,Java,qwen2.5-coder:32b,1,5,5,apache/rocketmq,0,Feature,apache__rocketmq-5062,0.4000000000000001,0.4,0.4,0.4
0.4,0.4444444444444444,0.4444444444444444,157,0.4444444444444445,0.4,0.5,0.5,issue_plus_hints,16.384,4,5,Java,qwen2.5-coder:32b,1,5,5,apache/rocketmq,0,Feature,apache__rocketmq-5062,0.4000000000000001,0.4,0.4,0.4
0.0,0.0,0.0,157,0.0,0.0,0.0,0.0,issue_only,11.293,3,1,Java,qwen2.5-coder:32b,1,3,3,apache/rocketmq,0,Feature,apache__rocketmq-5286,0.0,0.0,0.0,0.0
0.1,0.25,0.25,157,0.25,0.2,0.3333333333333333,0.3333333333333333,issue_plus_inventory,27.056,3,1,Java,qwen2.5-coder:32b,1,5,5,apache/rocketmq,0,Feature,apache__rocketmq-5286,0.0,0.0,0.0,0.0
0.3,0.75,0.75,157,0.5,0.4,0.6666666666666666,0.6666666666666666,issue_plus_hints,17.894,3,1,Java,qwen2.5-coder:32b,1,5,5,apache/rocketmq,0,Feature,apache__rocketmq-5286,0.33333333333333337,0.2,1.0,1.0
0.0,0.0,0.0,132,0.0,0.0,0.0,0.0,issue_only,11.46,1,3,Java,qwen2.5-coder:32b,1,2,2,apache/dubbo,0,Feature,apache__dubbo-10846,0.0,0.0,0.0,0.0
0.2,0.25,0.25,132,0.5,0.3333333333333333,1.0,1.0,issue_plus_inventory,23.755,1,3,Java,qwen2.5-coder:32b,1,3,2,apache/dubbo,0,Feature,apache__dubbo-10846,0.0,0.0,0.0,0.0
0.2,0.25,0.25,132,0.5,0.3333333333333333,1.0,1.0,issue_plus_hints,11.033,1,3,Java,qwen2.5-coder:32b,1,3,2,apache/dubbo,0,Feature,apache__dubbo-10846,0.0,0.0,0.0,0.0
0.0,0.0,0.4,157,0.0,0.0,0.0,0.0,issue_only,17.534,3,2,Java,qwen2.5-coder:32b,1,4,3,apache/rocketmq,0,Feature,apache__rocketmq-5706,0.0,0.0,0.0,0.0
0.6666666666666666,0.8,0.8,157,0.6666666666666666,0.6666666666666666,0.6666666666666666,0.6666666666666666,issue_plus_inventory,24.867,3,2,Java,qwen2.5-coder:32b,1,3,3,apache/rocketmq,0,Feature,apache__rocketmq-5706,0.8,0.6666666666666666,1.0,1.0
0.6666666666666666,0.8,0.8,157,0.6666666666666666,0.6666666666666666,0.6666666666666666,0.6666666666666666,issue_plus_hints,13.329,3,2,Java,qwen2.5-coder:32b,1,3,3,apache/rocketmq,0,Feature,apache__rocketmq-5706,0.8,0.6666666666666666,1.0,1.0
0.0,0.0,0.0,132,0.0,0.0,0.0,0.0,issue_only,16.797,1,1,Java,qwen2.5-coder:32b,1,3,2,apache/dubbo,0,Feature,apache__dubbo-11255,0.0,0.0,0.0,0.0
0.1,0.5,0.5,132,0.0,0.0,0.0,0.0,issue_plus_inventory,32.802,1,1,Java,qwen2.5-coder:32b,1,5,5,apache/dubbo,0,Feature,apache__dubbo-11255,0.33333333333333337,0.2,1.0,1.0
0.1,0.5,0.5,132,0.0,0.0,0.0,0.0,issue_plus_hints,20.668,1,1,Java,qwen2.5-coder:32b,1,5,5,apache/dubbo,0,Feature,apache__dubbo-11255,0.33333333333333337,0.2,1.0,1.0
0.0,0.0,0.0,132,0.0,0.0,0.0,0.0,issue_only,19.547,8,2,Java,qwen2.5-coder:32b,1,5,5,apache/dubbo,0,Feature,apache__dubbo-11420,0.0,0.0,0.0,0.0
0.6,0.6,0.6,132,0.6153846153846154,0.8,0.5,0.5,issue_plus_inventory,32.702,8,2,Java,qwen2.5-coder:32b,1,5,5,apache/dubbo,0,Feature,apache__dubbo-11420,0.5714285714285715,0.4,1.0,1.0
0.6,0.6,0.6,132,0.6153846153846154,0.8,0.5,0.5,issue_plus_hints,20.887,8,2,Java,qwen2.5-coder:32b,1,5,5,apache/dubbo,0,Feature,apache__dubbo-11420,0.5714285714285715,0.4,1.0,1.0
0.5,0.2857142857142857,0.42857142857142855,80,0.6666666666666666,1.0,0.5,0.5,issue_only,9.564,4,3,Java,qwen2.5-coder:32b,1,2,2,google/gson,0,Feature,google__gson-2345,0.0,0.0,0.0,0.0
1.0,0.5714285714285714,0.5714285714285714,80,0.6666666666666666,1.0,0.5,0.5,issue_plus_inventory,16.283,4,3,Java,qwen2.5-coder:32b,1,2,2,google/gson,0,Feature,google__gson-2345,0.8,1.0,0.6666666666666666,0.6666666666666666
1.0,0.5714285714285714,0.5714285714285714,80,0.6666666666666666,1.0,0.5,0.5,issue_plus_hints,8.594,4,3,Java,qwen2.5-coder:32b,1,2,2,google/gson,0,Feature,google__gson-2345,0.8,1.0,0.6666666666666666,0.6666666666666666
0.0,0.0,0.0,157,0.0,0.0,0.0,0.0,issue_only,11.582,17,1,Java,qwen2.5-coder:32b,1,3,2,apache/rocketmq,0,Feature,apache__rocketmq-6522,0.0,0.0,0.0,0.0
0.3,0.16666666666666666,0.16666666666666666,157,0.1818181818181818,0.4,0.11764705882352941,0.11764705882352941,issue_plus_inventory,27.858,17,1,Java,qwen2.5-coder:32b,1,5,5,apache/rocketmq,0,Feature,apache__rocketmq-6522,0.33333333333333337,0.2,1.0,1.0
0.3,0.16666666666666666,0.16666666666666666,157,0.1818181818181818,0.4,0.11764705882352941,0.11764705882352941,issue_plus_hints,17.631,17,1,Java,qwen2.5-coder:32b,1,5,5,apache/rocketmq,0,Feature,apache__rocketmq-6522,0.33333333333333337,0.2,1.0,1.0
0.0,0.0,0.0,157,0.0,0.0,0.0,0.0,issue_only,17.251,9,4,Java,qwen2.5-coder:32b,1,5,5,apache/rocketmq,0,Feature,apache__rocketmq-6755,0.0,0.0,0.0,0.0
0.5,0.3076923076923077,0.3076923076923077,157,0.2857142857142857,0.4,0.2222222222222222,0.2222222222222222,issue_plus_inventory,24.907,9,4,Java,qwen2.5-coder:32b,1,5,3,apache/rocketmq,0,Feature,apache__rocketmq-6755,0.5714285714285715,0.6666666666666666,0.5,0.5
0.2857142857142857,0.15384615384615385,0.15384615384615385,157,0.15384615384615383,0.25,0.1111111111111111,0.1111111111111111,issue_plus_hints,12.825,9,4,Java,qwen2.5-coder:32b,1,4,3,apache/rocketmq,0,Feature,apache__rocketmq-6755,0.28571428571428575,0.3333333333333333,0.25,0.25
0.25,0.08333333333333333,0.08333333333333333,80,0.1818181818181818,0.5,0.1111111111111111,0.1111111111111111,issue_only,11.151,9,3,Java,qwen2.5-coder:32b,1,2,2,google/gson,0,Feature,google__gson-2420,0.0,0.0,0.0,0.0
0.6,0.25,0.25,80,0.1818181818181818,0.5,0.1111111111111111,0.1111111111111111,issue_plus_inventory,16.985,9,3,Java,qwen2.5-coder:32b,1,2,3,google/gson,0,Feature,google__gson-2420,0.6666666666666666,0.6666666666666666,0.6666666666666666,0.6666666666666666
0.6,0.25,0.25,80,0.1818181818181818,0.5,0.1111111111111111,0.1111111111111111,issue_plus_hints,9.159,9,3,Java,qwen2.5-coder:32b,1,2,3,google/gson,0,Feature,google__gson-2420,0.6666666666666666,0.6666666666666666,0.6666666666666666,0.6666666666666666
0.6666666666666666,0.5,0.5,80,0.6666666666666666,1.0,0.5,0.5,issue_only,9.269,2,2,Java,qwen2.5-coder:32b,1,1,2,google/gson,0,Feature,google__gson-2479,0.5,0.5,0.5,0.5
0.6,0.75,0.75,80,0.8,0.6666666666666666,1.0,1.0,issue_plus_inventory,15.417,2,2,Java,qwen2.5-coder:32b,1,3,2,google/gson,0,Feature,google__gson-2479,0.5,0.5,0.5,0.5
0.6,0.75,0.75,80,0.8,0.6666666666666666,1.0,1.0,issue_plus_hints,9.249,2,2,Java,qwen2.5-coder:32b,1,3,2,google/gson,0,Feature,google__gson-2479,0.5,0.5,0.5,0.5
0.25,0.125,0.125,80,0.4,0.5,0.3333333333333333,0.3333333333333333,issue_only,11.418,3,5,Java,qwen2.5-coder:32b,1,2,2,google/gson,0,Feature,google__gson-2498,0.0,0.0,0.0,0.0
0.3333333333333333,0.25,0.25,80,0.3333333333333333,0.3333333333333333,0.3333333333333333,0.3333333333333333,issue_plus_inventory,17.998,3,5,Java,qwen2.5-coder:32b,1,3,3,google/gson,0,Feature,google__gson-2498,0.25,0.3333333333333333,0.2,0.2
0.3333333333333333,0.25,0.25,80,0.3333333333333333,0.3333333333333333,0.3333333333333333,0.3333333333333333,issue_plus_hints,11.702,3,5,Java,qwen2.5-coder:32b,1,3,3,google/gson,0,Feature,google__gson-2498,0.25,0.3333333333333333,0.2,0.2
0.0,0.0,0.0,157,0.0,0.0,0.0,0.0,issue_only,10.369,2,1,Java,qwen2.5-coder:32b,1,3,2,apache/rocketmq,0,Feature,apache__rocketmq-7455,0.0,0.0,0.0,0.0
0.2,0.3333333333333333,0.3333333333333333,157,0.4,0.3333333333333333,0.5,0.5,issue_plus_inventory,19.764,2,1,Java,qwen2.5-coder:32b,1,3,2,apache/rocketmq,0,Feature,apache__rocketmq-7455,0.0,0.0,0.0,0.0
0.2,0.3333333333333333,0.3333333333333333,157,0.4,0.3333333333333333,0.5,0.5,issue_plus_hints,10.163,2,1,Java,qwen2.5-coder:32b,1,3,2,apache/rocketmq,0,Feature,apache__rocketmq-7455,0.0,0.0,0.0,0.0
0.0,0.0,0.06666666666666667,157,0.0,0.0,0.0,0.0,issue_only,17.781,14,1,Java,qwen2.5-coder:32b,1,5,5,apache/rocketmq,0,Feature,apache__rocketmq-7544,0.0,0.0,0.0,0.0
0.3,0.2,0.2,157,0.3157894736842105,0.6,0.21428571428571427,0.21428571428571427,issue_plus_inventory,29.894,14,1,Java,qwen2.5-coder:32b,1,5,5,apache/rocketmq,0,Feature,apache__rocketmq-7544,0.0,0.0,0.0,0.0
0.3,0.2,0.2,157,0.3157894736842105,0.6,0.21428571428571427,0.21428571428571427,issue_plus_hints,18.132,14,1,Java,qwen2.5-coder:32b,1,5,5,apache/rocketmq,0,Feature,apache__rocketmq-7544,0.0,0.0,0.0,0.0
0.0,0.0,0.0,157,0.0,0.0,0.0,0.0,issue_only,15.878,1,1,Java,qwen2.5-coder:32b,1,5,5,apache/rocketmq,0,Feature,apache__rocketmq-7655,0.0,0.0,0.0,0.0
0.0,0.0,0.0,157,0.0,0.0,0.0,0.0,issue_plus_inventory,30.154,1,1,Java,qwen2.5-coder:32b,1,5,5,apache/rocketmq,0,Feature,apache__rocketmq-7655,0.0,0.0,0.0,0.0
0.0,0.0,0.0,157,0.0,0.0,0.0,0.0,issue_plus_hints,18.629,1,1,Java,qwen2.5-coder:32b,1,5,5,apache/rocketmq,0,Feature,apache__rocketmq-7655,0.0,0.0,0.0,0.0
0.0,0.0,0.0,132,0.0,0.0,0.0,0.0,issue_only,11.231,2,2,Java,qwen2.5-coder:32b,1,2,2,apache/dubbo,0,Feature,apache__dubbo-13869,0.0,0.0,0.0,0.0
0.0,0.0,0.0,132,0.0,0.0,0.0,0.0,issue_plus_inventory,21.375,2,2,Java,qwen2.5-coder:32b,1,1,1,apache/dubbo,0,Feature,apache__dubbo-13869,0.0,0.0,0.0,0.0
1.0,1.0,1.0,132,1.0,1.0,1.0,1.0,issue_plus_hints,14.448,2,2,Java,qwen2.5-coder:32b,1,2,2,apache/dubbo,0,Feature,apache__dubbo-13869,1.0,1.0,1.0,1.0
0.0,0.0,0.0,157,0.0,0.0,0.0,0.0,issue_only,12.826,1,1,Java,qwen2.5-coder:32b,1,3,2,apache/rocketmq,0,Feature,apache__rocketmq-7964,0.0,0.0,0.0,0.0
0.0,0.0,0.0,157,0.0,0.0,0.0,0.0,issue_plus_inventory,20.688,1,1,Java,qwen2.5-coder:32b,1,2,2,apache/rocketmq,0,Feature,apache__rocketmq-7964,0.0,0.0,0.0,0.0
0.0,0.0,0.0,157,0.0,0.0,0.0,0.0,issue_plus_hints,9.474,1,1,Java,qwen2.5-coder:32b,1,2,2,apache/rocketmq,0,Feature,apache__rocketmq-7964,0.0,0.0,0.0,0.0
0.25,0.3333333333333333,0.3333333333333333,80,0.6666666666666666,0.5,1.0,1.0,issue_only,13.98,1,2,Java,qwen2.5-coder:32b,1,2,2,google/gson,0,Feature,google__gson-2701,0.0,0.0,0.0,0.0
1.0,0.6666666666666666,0.6666666666666666,80,1.0,1.0,1.0,1.0,issue_plus_inventory,17.177,1,2,Java,qwen2.5-coder:32b,1,1,1,google/gson,0,Feature,google__gson-2701,0.6666666666666666,1.0,0.5,0.5
1.0,0.6666666666666666,0.6666666666666666,80,1.0,1.0,1.0,1.0,issue_plus_hints,8.155,1,2,Java,qwen2.5-coder:32b,1,1,1,google/gson,0,Feature,google__gson-2701,0.6666666666666666,1.0,0.5,0.5
0.0,0.0,0.0,76,0.0,0.0,0.0,0.0,issue_only,9.175,1,1,JavaScript,qwen2.5-coder:32b,1,3,3,serverless/serverless,0,Feature,serverless__serverless-2624,0.0,0.0,0.0,0.0
0.0,0.0,0.0,76,0.0,0.0,0.0,0.0,issue_plus_inventory,11.025,1,1,JavaScript,qwen2.5-coder:32b,1,1,1,serverless/serverless,0,Feature,serverless__serverless-2624,0.0,0.0,0.0,0.0
0.2,1.0,1.0,76,0.33333333333333337,0.2,1.0,1.0,issue_plus_hints,9.848,1,1,JavaScript,qwen2.5-coder:32b,1,5,5,serverless/serverless,0,Feature,serverless__serverless-2624,0.33333333333333337,0.2,1.0,1.0
0.0,0.0,0.6666666666666666,76,0.0,0.0,0.0,0.0,issue_only,11.395,2,1,JavaScript,qwen2.5-coder:32b,1,3,3,serverless/serverless,0,Feature,serverless__serverless-2748,0.0,0.0,0.0,0.0
0.0,0.0,0.6666666666666666,76,0.0,0.0,0.0,0.0,issue_plus_inventory,17.178,2,1,JavaScript,qwen2.5-coder:32b,1,5,5,serverless/serverless,0,Feature,serverless__serverless-2748,0.0,0.0,0.0,0.0
0.0,0.0,0.6666666666666666,76,0.0,0.0,0.0,0.0,issue_plus_hints,12.302,2,1,JavaScript,qwen2.5-coder:32b,1,5,5,serverless/serverless,0,Feature,serverless__serverless-2748,0.0,0.0,0.0,0.0
0.0,0.0,0.3333333333333333,76,0.0,0.0,0.0,0.0,issue_only,8.152,2,1,JavaScript,qwen2.5-coder:32b,1,2,2,serverless/serverless,0,Feature,serverless__serverless-2910,0.0,0.0,0.0,0.0
0.5,0.6666666666666666,0.6666666666666666,76,0.5,0.5,0.5,0.5,issue_plus_inventory,13.63,2,1,JavaScript,qwen2.5-coder:32b,1,2,2,serverless/serverless,0,Feature,serverless__serverless-2910,0.6666666666666666,0.5,1.0,1.0
0.5,0.6666666666666666,0.6666666666666666,76,0.5,0.5,0.5,0.5,issue_plus_hints,8.267,2,1,JavaScript,qwen2.5-coder:32b,1,2,2,serverless/serverless,0,Feature,serverless__serverless-2910,0.6666666666666666,0.5,1.0,1.0
0.0,0.0,0.0,76,0.0,0.0,0.0,0.0,issue_only,9.564,2,1,JavaScript,qwen2.5-coder:32b,1,3,3,serverless/serverless,0,Feature,serverless__serverless-3217,0.0,0.0,0.0,0.0
0.3333333333333333,0.6666666666666666,0.6666666666666666,76,0.4,0.3333333333333333,0.5,0.5,issue_plus_inventory,13.854,2,1,JavaScript,qwen2.5-coder:32b,1,3,3,serverless/serverless,0,Feature,serverless__serverless-3217,0.5,0.3333333333333333,1.0,1.0
0.3333333333333333,0.6666666666666666,0.6666666666666666,76,0.4,0.3333333333333333,0.5,0.5,issue_plus_hints,10.191,2,1,JavaScript,qwen2.5-coder:32b,1,3,3,serverless/serverless,0,Feature,serverless__serverless-3217,0.5,0.3333333333333333,1.0,1.0
0.0,0.0,0.25,335,0.0,0.0,0.0,0.0,issue_only,9.59,5,3,JavaScript,qwen2.5-coder:32b,1,3,3,prettier/prettier,0,Feature,prettier__prettier-661,0.0,0.0,0.0,0.0
0.6,0.375,0.5,335,0.5,0.6666666666666666,0.4,0.4,issue_plus_inventory,11.583,5,3,JavaScript,qwen2.5-coder:32b,1,3,2,prettier/prettier,0,Feature,prettier__prettier-661,0.4,0.5,0.3333333333333333,0.3333333333333333
0.6666666666666666,0.5,0.625,335,0.5,0.6666666666666666,0.4,0.4,issue_plus_hints,10.075,5,3,JavaScript,qwen2.5-coder:32b,1,3,3,prettier/prettier,0,Feature,prettier__prettier-661,0.6666666666666666,0.6666666666666666,0.6666666666666666,0.6666666666666666
0.0,0.0,0.0,335,0.0,0.0,0.0,0.0,issue_only,12.226,1,3,JavaScript,qwen2.5-coder:32b,1,2,2,prettier/prettier,0,Feature,prettier__prettier-842,0.0,0.0,0.0,0.0
0.16666666666666666,0.25,0.5,335,0.0,0.0,0.0,0.0,issue_plus_inventory,14.752,1,3,JavaScript,qwen2.5-coder:32b,1,3,3,prettier/prettier,0,Feature,prettier__prettier-842,0.3333333333333333,0.3333333333333333,0.3333333333333333,0.3333333333333333
0.25,0.25,0.5,335,0.0,0.0,0.0,0.0,issue_plus_hints,9.469,1,3,JavaScript,qwen2.5-coder:32b,1,2,2,prettier/prettier,0,Feature,prettier__prettier-842,0.4,0.5,0.3333333333333333,0.3333333333333333
0.25,0.25,0.25,76,0.4,0.5,0.3333333333333333,0.3333333333333333,issue_only,7.607,3,1,JavaScript,qwen2.5-coder:32b,1,2,2,serverless/serverless,0,Feature,serverless__serverless-3548,0.0,0.0,0.0,0.0
0.42857142857142855,0.75,0.75,76,0.5714285714285715,0.5,0.6666666666666666,0.6666666666666666,issue_plus_inventory,15.206,3,1,JavaScript,qwen2.5-coder:32b,1,4,3,serverless/serverless,0,Feature,serverless__serverless-3548,0.5,0.3333333333333333,1.0,1.0
0.42857142857142855,0.75,0.75,76,0.5714285714285715,0.5,0.6666666666666666,0.6666666666666666,issue_plus_hints,11.265,3,1,JavaScript,qwen2.5-coder:32b,1,4,3,serverless/serverless,0,Feature,serverless__serverless-3548,0.5,0.3333333333333333,1.0,1.0
0.25,0.25,0.25,76,0.4,0.5,0.3333333333333333,0.3333333333333333,issue_only,9.611,3,1,JavaScript,qwen2.5-coder:32b,1,2,2,serverless/serverless,0,Feature,serverless__serverless-3609,0.0,0.0,0.0,0.0
0.0,0.0,0.5,76,0.0,0.0,0.0,0.0,issue_plus_inventory,14.75,3,1,JavaScript,qwen2.5-coder:32b,1,3,3,serverless/serverless,0,Feature,serverless__serverless-3609,0.0,0.0,0.0,0.0
0.0,0.0,0.5,76,0.0,0.0,0.0,0.0,issue_plus_hints,11.061,3,1,JavaScript,qwen2.5-coder:32b,1,3,3,serverless/serverless,0,Feature,serverless__serverless-3609,0.0,0.0,0.0,0.0
0.0,0.0,0.6666666666666666,76,0.0,0.0,0.0,0.0,issue_only,9.354,2,1,JavaScript,qwen2.5-coder:32b,1,2,2,serverless/serverless,0,Feature,serverless__serverless-3642,0.0,0.0,0.0,0.0
0.5,0.6666666666666666,0.6666666666666666,76,0.5,0.5,0.5,0.5,issue_plus_inventory,12.345,2,1,JavaScript,qwen2.5-coder:32b,1,2,2,serverless/serverless,0,Feature,serverless__serverless-3642,0.6666666666666666,0.5,1.0,1.0
0.5,0.6666666666666666,0.6666666666666666,76,0.5,0.5,0.5,0.5,issue_plus_hints,7.553,2,1,JavaScript,qwen2.5-coder:32b,1,2,2,serverless/serverless,0,Feature,serverless__serverless-3642,0.6666666666666666,0.5,1.0,1.0
0.0,0.0,0.0,76,0.0,0.0,0.0,0.0,issue_only,8.242,4,2,JavaScript,qwen2.5-coder:32b,1,2,2,serverless/serverless,0,Feature,serverless__serverless-4097,0.0,0.0,0.0,0.0
0.5,0.3333333333333333,0.3333333333333333,76,0.3333333333333333,0.5,0.25,0.25,issue_plus_inventory,11.593,4,2,JavaScript,qwen2.5-coder:32b,1,2,2,serverless/serverless,0,Feature,serverless__serverless-4097,0.5,0.5,0.5,0.5
0.5,0.3333333333333333,0.3333333333333333,76,0.3333333333333333,0.5,0.25,0.25,issue_plus_hints,6.035,4,2,JavaScript,qwen2.5-coder:32b,1,2,2,serverless/serverless,0,Feature,serverless__serverless-4097,0.5,0.5,0.5,0.5
0.0,0.0,0.0,334,0.0,0.0,0.0,0.0,issue_only,5.721,4,5,JavaScript,qwen2.5-coder:32b,1,1,1,sveltejs/svelte,0,Feature,sveltejs__svelte-778,0.0,0.0,0.0,0.0
0.5,0.3333333333333333,0.4444444444444444,334,0.0,0.0,0.0,0.0,issue_plus_inventory,15.377,4,5,JavaScript,qwen2.5-coder:32b,1,3,3,sveltejs/svelte,0,Feature,sveltejs__svelte-778,0.7499999999999999,1.0,0.6,0.6
0.8,0.4444444444444444,0.4444444444444444,334,0.0,0.0,0.0,0.0,issue_plus_hints,9.084,4,5,JavaScript,qwen2.5-coder:32b,1,3,2,sveltejs/svelte,0,Feature,sveltejs__svelte-778,0.5714285714285715,1.0,0.4,0.4
0.0,0.0,0.0,334,0.0,0.0,0.0,0.0,issue_only,7.559,1,24,JavaScript,qwen2.5-coder:32b,1,2,2,sveltejs/svelte,0,Feature,sveltejs__svelte-785,0.0,0.0,0.0,0.0
0.0,0.0,0.0,334,0.0,0.0,0.0,0.0,issue_plus_inventory,13.545,1,24,JavaScript,qwen2.5-coder:32b,1,2,2,sveltejs/svelte,0,Feature,sveltejs__svelte-785,0.0,0.0,0.0,0.0
0.0,0.0,0.0,334,0.0,0.0,0.0,0.0,issue_plus_hints,6.484,1,24,JavaScript,qwen2.5-coder:32b,1,2,2,sveltejs/svelte,0,Feature,sveltejs__svelte-785,0.0,0.0,0.0,0.0
0.2,0.13333333333333333,0.13333333333333333,335,0.3076923076923077,0.4,0.25,0.25,issue_only,10.323,8,7,JavaScript,qwen2.5-coder:32b,1,5,5,prettier/prettier,0,Feature,prettier__prettier-3775,0.0,0.0,0.0,0.0
0.6666666666666666,0.4,0.4,335,0.3076923076923077,0.4,0.25,0.25,issue_plus_inventory,15.155,8,7,JavaScript,qwen2.5-coder:32b,1,5,5,prettier/prettier,0,Feature,prettier__prettier-3775,0.5,0.6,0.42857142857142855,0.42857142857142855
0.6,0.2,0.2,335,0.36363636363636365,0.6666666666666666,0.25,0.25,issue_plus_hints,9.185,8,7,JavaScript,qwen2.5-coder:32b,1,3,2,prettier/prettier,0,Feature,prettier__prettier-3775,0.22222222222222224,0.5,0.14285714285714285,0.14285714285714285
0.0,0.0,0.0,334,0.0,0.0,0.0,0.0,issue_only,6.678,4,7,JavaScript,qwen2.5-coder:32b,1,2,2,sveltejs/svelte,0,Feature,sveltejs__svelte-1148,0.0,0.0,0.0,0.0
0.6,0.2727272727272727,0.45454545454545453,334,0.28571428571428575,0.3333333333333333,0.25,0.25,issue_plus_inventory,13.988,4,7,JavaScript,qwen2.5-coder:32b,1,3,2,sveltejs/svelte,0,Feature,sveltejs__svelte-1148,0.4444444444444445,1.0,0.2857142857142857,0.2857142857142857
0.6,0.2727272727272727,0.45454545454545453,334,0.28571428571428575,0.3333333333333333,0.25,0.25,issue_plus_hints,9.837,4,7,JavaScript,qwen2.5-coder:32b,1,3,2,sveltejs/svelte,0,Feature,sveltejs__svelte-1148,0.4444444444444445,1.0,0.2857142857142857,0.2857142857142857
0.0,0.0,0.0,335,0.0,0.0,0.0,0.0,issue_only,10.041,2,101,JavaScript,qwen2.5-coder:32b,1,1,1,prettier/prettier,0,Feature,prettier__prettier-3903,0.0,0.0,0.0,0.0
0.25,0.009708737864077669,0.009708737864077669,335,0.0,0.0,0.0,0.0,issue_plus_inventory,11.781,2,101,JavaScript,qwen2.5-coder:32b,1,2,2,prettier/prettier,0,Feature,prettier__prettier-3903,0.019417475728155338,0.5,0.009900990099009901,0.009900990099009901
0.25,0.009708737864077669,0.009708737864077669,335,0.0,0.0,0.0,0.0,issue_plus_hints,7.366,2,101,JavaScript,qwen2.5-coder:32b,1,2,2,prettier/prettier,0,Feature,prettier__prettier-3903,0.019417475728155338,0.5,0.009900990099009901,0.009900990099009901
0.16666666666666666,0.3333333333333333,0.3333333333333333,335,0.5,0.3333333333333333,1.0,1.0,issue_only,7.052,1,2,JavaScript,qwen2.5-coder:32b,1,3,3,prettier/prettier,0,Feature,prettier__prettier-4667,0.0,0.0,0.0,0.0
0.5,0.6666666666666666,0.6666666666666666,335,0.6666666666666666,0.5,1.0,1.0,issue_plus_inventory,11.814,1,2,JavaScript,qwen2.5-coder:32b,1,2,2,prettier/prettier,0,Feature,prettier__prettier-4667,0.5,0.5,0.5,0.5
0.5,0.6666666666666666,0.6666666666666666,335,0.6666666666666666,0.5,1.0,1.0,issue_plus_hints,6.059,1,2,JavaScript,qwen2.5-coder:32b,1,2,2,prettier/prettier,0,Feature,prettier__prettier-4667,0.5,0.5,0.5,0.5
0.3333333333333333,0.2,0.2,77,0.3333333333333333,0.5,0.25,0.25,issue_only,7.299,4,1,JavaScript,qwen2.5-coder:32b,1,2,1,mrdoob/three.js,0,Feature,mrdoob__three.js-14566,0.0,0.0,0.0,0.0
1.0,0.4,0.4,77,0.4,1.0,0.25,0.25,issue_plus_inventory,10.763,4,1,JavaScript,qwen2.5-coder:32b,1,1,1,mrdoob/three.js,0,Feature,mrdoob__three.js-14566,1.0,1.0,1.0,1.0
1.0,0.4,0.4,77,0.4,1.0,0.25,0.25,issue_plus_hints,5.203,4,1,JavaScript,qwen2.5-coder:32b,1,1,1,mrdoob/three.js,0,Feature,mrdoob__three.js-14566,1.0,1.0,1.0,1.0
0.0,0.0,0.8181818181818182,334,0.0,0.0,0.0,0.0,issue_only,8.453,2,20,JavaScript,qwen2.5-coder:32b,1,3,3,sveltejs/svelte,0,Feature,sveltejs__svelte-1811,0.0,0.0,0.0,0.0
0.5,0.09090909090909091,0.7727272727272727,334,0.0,0.0,0.0,0.0,issue_plus_inventory,15.663,2,20,JavaScript,qwen2.5-coder:32b,1,2,2,sveltejs/svelte,0,Feature,sveltejs__svelte-1811,0.18181818181818182,1.0,0.1,0.1
0.5,0.09090909090909091,0.7727272727272727,334,0.0,0.0,0.0,0.0,issue_plus_hints,7.484,2,20,JavaScript,qwen2.5-coder:32b,1,2,2,sveltejs/svelte,0,Feature,sveltejs__svelte-1811,0.18181818181818182,1.0,0.1,0.1
0.75,0.6,0.6,76,0.6666666666666666,1.0,0.5,0.5,issue_only,9.424,4,1,JavaScript,qwen2.5-coder:32b,1,2,2,serverless/serverless,0,Feature,serverless__serverless-5509,0.6666666666666666,0.5,1.0,1.0
0.5,0.4,0.4,76,0.3333333333333333,0.5,0.25,0.25,issue_plus_inventory,14.573,4,1,JavaScript,qwen2.5-coder:32b,1,2,2,serverless/serverless,0,Feature,serverless__serverless-5509,0.6666666666666666,0.5,1.0,1.0
0.5,0.4,0.4,76,0.3333333333333333,0.5,0.25,0.25,issue_plus_hints,8.667,4,1,JavaScript,qwen2.5-coder:32b,1,2,2,serverless/serverless,0,Feature,serverless__serverless-5509,0.6666666666666666,0.5,1.0,1.0
0.0,0.0,0.0,76,0.0,0.0,0.0,0.0,issue_only,9.968,3,2,JavaScript,qwen2.5-coder:32b,1,3,3,serverless/serverless,0,Feature,serverless__serverless-5579,0.0,0.0,0.0,0.0
0.3333333333333333,0.4,0.4,76,0.3333333333333333,0.3333333333333333,0.3333333333333333,0.3333333333333333,issue_plus_inventory,14.222,3,2,JavaScript,qwen2.5-coder:32b,1,3,3,serverless/serverless,0,Feature,serverless__serverless-5579,0.4,0.3333333333333333,0.5,0.5
0.3333333333333333,0.4,0.4,76,0.3333333333333333,0.3333333333333333,0.3333333333333333,0.3333333333333333,issue_plus_hints,8.377,3,2,JavaScript,qwen2.5-coder:32b,1,3,3,serverless/serverless,0,Feature,serverless__serverless-5579,0.4,0.3333333333333333,0.5,0.5
0.0,0.0,0.47368421052631576,334,0.0,0.0,0.0,0.0,issue_only,10.879,4,15,JavaScript,qwen2.5-coder:32b,1,3,3,sveltejs/svelte,0,Feature,sveltejs__svelte-2187,0.0,0.0,0.0,0.0
0.5,0.15789473684210525,0.7368421052631579,334,0.0,0.0,0.0,0.0,issue_plus_inventory,16.229,4,15,JavaScript,qwen2.5-coder:32b,1,3,3,sveltejs/svelte,0,Feature,sveltejs__svelte-2187,0.33333333333333337,1.0,0.2,0.2
0.5,0.15789473684210525,0.42105263157894735,334,0.0,0.0,0.0,0.0,issue_plus_hints,9.034,4,15,JavaScript,qwen2.5-coder:32b,1,3,3,sveltejs/svelte,0,Feature,sveltejs__svelte-2187,0.33333333333333337,1.0,0.2,0.2
0.0,0.0,0.2222222222222222,76,0.0,0.0,0.0,0.0,issue_only,8.799,5,4,JavaScript,qwen2.5-coder:32b,1,2,2,serverless/serverless,0,Feature,serverless__serverless-5982,0.0,0.0,0.0,0.0
0.4444444444444444,0.4444444444444444,0.4444444444444444,76,0.4000000000000001,0.4,0.4,0.4,issue_plus_inventory,19.301,5,4,JavaScript,qwen2.5-coder:32b,1,5,4,serverless/serverless,0,Feature,serverless__serverless-5982,0.5,0.5,0.5,0.5
0.4444444444444444,0.4444444444444444,0.4444444444444444,76,0.4000000000000001,0.4,0.4,0.4,issue_plus_hints,13.941,5,4,JavaScript,qwen2.5-coder:32b,1,5,4,serverless/serverless,0,Feature,serverless__serverless-5982,0.5,0.5,0.5,0.5
0.0,0.0,0.0,76,0.0,0.0,0.0,0.0,issue_only,9.559,3,1,JavaScript,qwen2.5-coder:32b,1,2,2,serverless/serverless,0,Feature,serverless__serverless-6051,0.0,0.0,0.0,0.0
0.0,0.0,0.25,76,0.0,0.0,0.0,0.0,issue_plus_inventory,20.211,3,1,JavaScript,qwen2.5-coder:32b,1,5,5,serverless/serverless,0,Feature,serverless__serverless-6051,0.0,0.0,0.0,0.0
0.2,0.5,1.0,76,0.5,0.4,0.6666666666666666,0.6666666666666666,issue_plus_hints,16.287,3,1,JavaScript,qwen2.5-coder:32b,1,5,5,serverless/serverless,0,Feature,serverless__serverless-6051,0.0,0.0,0.0,0.0
0.0,0.0,0.0,76,0.0,0.0,0.0,0.0,issue_only,8.038,3,1,JavaScript,qwen2.5-coder:32b,1,2,2,serverless/serverless,0,Feature,serverless__serverless-6063,0.0,0.0,0.0,0.0
0.3,0.75,0.75,76,0.5,0.4,0.6666666666666666,0.6666666666666666,issue_plus_inventory,20.04,3,1,JavaScript,qwen2.5-coder:32b,1,5,5,serverless/serverless,0,Feature,serverless__serverless-6063,0.33333333333333337,0.2,1.0,1.0
0.3333333333333333,0.5,0.5,76,0.3333333333333333,0.3333333333333333,0.3333333333333333,0.3333333333333333,issue_plus_hints,12.697,3,1,JavaScript,qwen2.5-coder:32b,1,3,3,serverless/serverless,0,Feature,serverless__serverless-6063,0.5,0.3333333333333333,1.0,1.0
0.0,0.0,0.0,76,0.0,0.0,0.0,0.0,issue_only,7.847,2,1,JavaScript,qwen2.5-coder:32b,1,2,2,serverless/serverless,0,Feature,serverless__serverless-6345,0.0,0.0,0.0,0.0
0.0,0.0,0.0,76,0.0,0.0,0.0,0.0,issue_plus_inventory,12.658,2,1,JavaScript,qwen2.5-coder:32b,1,2,2,serverless/serverless,0,Feature,serverless__serverless-6345,0.0,0.0,0.0,0.0
0.0,0.0,0.0,76,0.0,0.0,0.0,0.0,issue_plus_hints,6.961,2,1,JavaScript,qwen2.5-coder:32b,1,2,2,serverless/serverless,0,Feature,serverless__serverless-6345,0.0,0.0,0.0,0.0
0.3,0.16666666666666666,0.2777777777777778,77,0.2727272727272727,0.6,0.17647058823529413,0.17647058823529413,issue_only,16.315,17,1,JavaScript,qwen2.5-coder:32b,1,5,5,mrdoob/three.js,0,Feature,mrdoob__three.js-17649,0.0,0.0,0.0,0.0
0.5555555555555556,0.2777777777777778,0.3333333333333333,77,0.3636363636363636,0.8,0.23529411764705882,0.23529411764705882,issue_plus_inventory,16.957,17,1,JavaScript,qwen2.5-coder:32b,1,5,5,mrdoob/three.js,0,Feature,mrdoob__three.js-17649,0.33333333333333337,0.2,1.0,1.0
0.5555555555555556,0.2777777777777778,0.3333333333333333,77,0.3636363636363636,0.8,0.23529411764705882,0.23529411764705882,issue_plus_hints,14.193,17,1,JavaScript,qwen2.5-coder:32b,1,5,5,mrdoob/three.js,0,Feature,mrdoob__three.js-17649,0.33333333333333337,0.2,1.0,1.0
0.0,0.0,0.0,76,0.0,0.0,0.0,0.0,issue_only,6.736,3,1,JavaScript,qwen2.5-coder:32b,1,2,2,serverless/serverless,0,Feature,serverless__serverless-6945,0.0,0.0,0.0,0.0
1.0,0.75,0.75,76,0.8,1.0,0.6666666666666666,0.6666666666666666,issue_plus_inventory,11.283,3,1,JavaScript,qwen2.5-coder:32b,1,2,1,serverless/serverless,0,Feature,serverless__serverless-6945,1.0,1.0,1.0,1.0
1.0,0.75,0.75,76,0.8,1.0,0.6666666666666666,0.6666666666666666,issue_plus_hints,5.845,3,1,JavaScript,qwen2.5-coder:32b,1,2,1,serverless/serverless,0,Feature,serverless__serverless-6945,1.0,1.0,1.0,1.0
0.0,0.0,0.0,76,0.0,0.0,0.0,0.0,issue_only,7.645,2,1,JavaScript,qwen2.5-coder:32b,1,2,2,serverless/serverless,0,Feature,serverless__serverless-7024,0.0,0.0,0.0,0.0
0.6,1.0,1.0,76,0.8,0.6666666666666666,1.0,1.0,issue_plus_inventory,13.564,2,1,JavaScript,qwen2.5-coder:32b,1,3,2,serverless/serverless,0,Feature,serverless__serverless-7024,0.6666666666666666,0.5,1.0,1.0
0.6,1.0,1.0,76,0.8,0.6666666666666666,1.0,1.0,issue_plus_hints,7.783,2,1,JavaScript,qwen2.5-coder:32b,1,3,2,serverless/serverless,0,Feature,serverless__serverless-7024,0.6666666666666666,0.5,1.0,1.0
0.5,1.0,1.0,76,0.6666666666666666,0.5,1.0,1.0,issue_only,9.855,1,1,JavaScript,qwen2.5-coder:32b,1,2,2,serverless/serverless,0,Feature,serverless__serverless-7031,0.6666666666666666,0.5,1.0,1.0
0.25,0.5,0.5,76,0.0,0.0,0.0,0.0,issue_plus_inventory,12.074,1,1,JavaScript,qwen2.5-coder:32b,1,2,2,serverless/serverless,0,Feature,serverless__serverless-7031,0.6666666666666666,0.5,1.0,1.0
0.25,0.5,0.5,76,0.0,0.0,0.0,0.0,issue_plus_hints,6.509,1,1,JavaScript,qwen2.5-coder:32b,1,2,2,serverless/serverless,0,Feature,serverless__serverless-7031,0.6666666666666666,0.5,1.0,1.0
0.0,0.0,0.0,76,0.0,0.0,0.0,0.0,issue_only,7.935,3,1,JavaScript,qwen2.5-coder:32b,1,2,2,serverless/serverless,0,Feature,serverless__serverless-7623,0.0,0.0,0.0,0.0
0.6,0.75,0.75,76,0.6666666666666666,0.6666666666666666,0.6666666666666666,0.6666666666666666,issue_plus_inventory,13.668,3,1,JavaScript,qwen2.5-coder:32b,1,3,2,serverless/serverless,0,Feature,serverless__serverless-7623,0.6666666666666666,0.5,1.0,1.0
0.6,0.75,0.75,76,0.6666666666666666,0.6666666666666666,0.6666666666666666,0.6666666666666666,issue_plus_hints,8.651,3,1,JavaScript,qwen2.5-coder:32b,1,3,2,serverless/serverless,0,Feature,serverless__serverless-7623,0.6666666666666666,0.5,1.0,1.0
0.25,0.05,0.05,335,0.15384615384615385,0.5,0.09090909090909091,0.09090909090909091,issue_only,11.867,11,9,JavaScript,qwen2.5-coder:32b,1,2,2,prettier/prettier,0,Feature,prettier__prettier-8381,0.0,0.0,0.0,0.0
0.8333333333333334,0.25,0.45,335,0.28571428571428575,0.6666666666666666,0.18181818181818182,0.18181818181818182,issue_plus_inventory,13.043,11,9,JavaScript,qwen2.5-coder:32b,1,3,3,prettier/prettier,0,Feature,prettier__prettier-8381,0.5,1.0,0.3333333333333333,0.3333333333333333
0.8333333333333334,0.25,0.45,335,0.28571428571428575,0.6666666666666666,0.18181818181818182,0.18181818181818182,issue_plus_hints,8.082,11,9,JavaScript,qwen2.5-coder:32b,1,3,3,prettier/prettier,0,Feature,prettier__prettier-8381,0.5,1.0,0.3333333333333333,0.3333333333333333
0.0,0.0,0.0,335,0.0,0.0,0.0,0.0,issue_only,8.661,4,13,JavaScript,qwen2.5-coder:32b,1,3,2,prettier/prettier,0,Feature,prettier__prettier-8465,0.0,0.0,0.0,0.0
0.2,0.058823529411764705,0.058823529411764705,335,0.0,0.0,0.0,0.0,issue_plus_inventory,12.756,4,13,JavaScript,qwen2.5-coder:32b,1,3,2,prettier/prettier,0,Feature,prettier__prettier-8465,0.13333333333333336,0.5,0.07692307692307693,0.07692307692307693
0.4,0.11764705882352941,0.11764705882352941,335,0.28571428571428575,0.3333333333333333,0.25,0.25,issue_plus_hints,9.065,4,13,JavaScript,qwen2.5-coder:32b,1,3,2,prettier/prettier,0,Feature,prettier__prettier-8465,0.13333333333333336,0.5,0.07692307692307693,0.07692307692307693
0.0,0.0,0.0,334,0.0,0.0,0.0,0.0,issue_only,5.725,5,5,JavaScript,qwen2.5-coder:32b,1,1,1,sveltejs/svelte,0,Feature,sveltejs__svelte-5442,0.0,0.0,0.0,0.0
1.0,0.3,0.3,334,0.33333333333333337,1.0,0.2,0.2,issue_plus_inventory,14.086,5,5,JavaScript,qwen2.5-coder:32b,1,1,2,sveltejs/svelte,0,Feature,sveltejs__svelte-5442,0.5714285714285715,1.0,0.4,0.4
1.0,0.3,0.3,334,0.33333333333333337,1.0,0.2,0.2,issue_plus_hints,6.99,5,5,JavaScript,qwen2.5-coder:32b,1,1,2,sveltejs/svelte,0,Feature,sveltejs__svelte-5442,0.5714285714285715,1.0,0.4,0.4
0.5,0.25,0.25,77,0.5,1.0,0.3333333333333333,0.3333333333333333,issue_only,6.679,3,1,JavaScript,qwen2.5-coder:32b,1,1,1,mrdoob/three.js,0,Feature,mrdoob__three.js-20478,0.0,0.0,0.0,0.0
1.0,0.75,0.75,77,0.8,1.0,0.6666666666666666,0.6666666666666666,issue_plus_inventory,10.683,3,1,JavaScript,qwen2.5-coder:32b,1,2,1,mrdoob/three.js,0,Feature,mrdoob__three.js-20478,1.0,1.0,1.0,1.0
1.0,0.75,0.75,77,0.8,1.0,0.6666666666666666,0.6666666666666666,issue_plus_hints,6.512,3,1,JavaScript,qwen2.5-coder:32b,1,2,1,mrdoob/three.js,0,Feature,mrdoob__three.js-20478,1.0,1.0,1.0,1.0
0.0,0.0,0.0,76,0.0,0.0,0.0,0.0,issue_only,11.28,4,1,JavaScript,qwen2.5-coder:32b,1,2,2,serverless/serverless,0,Feature,serverless__serverless-8638,0.0,0.0,0.0,0.0
0.3333333333333333,0.4,0.4,76,0.28571428571428575,0.3333333333333333,0.25,0.25,issue_plus_inventory,14.357,4,1,JavaScript,qwen2.5-coder:32b,1,3,3,serverless/serverless,0,Feature,serverless__serverless-8638,0.5,0.3333333333333333,1.0,1.0
0.25,0.2,0.2,76,0.3333333333333333,0.5,0.25,0.25,issue_plus_hints,8.56,4,1,JavaScript,qwen2.5-coder:32b,1,2,2,serverless/serverless,0,Feature,serverless__serverless-8638,0.0,0.0,0.0,0.0
0.0,0.0,0.0,335,0.0,0.0,0.0,0.0,issue_only,11.341,2,4,JavaScript,qwen2.5-coder:32b,1,2,2,prettier/prettier,0,Feature,prettier__prettier-10109,0.0,0.0,0.0,0.0
1.0,0.5,0.5,335,0.6666666666666666,1.0,0.5,0.5,issue_plus_inventory,13.363,2,4,JavaScript,qwen2.5-coder:32b,1,1,2,prettier/prettier,0,Feature,prettier__prettier-10109,0.6666666666666666,1.0,0.5,0.5
1.0,0.5,0.5,335,0.6666666666666666,1.0,0.5,0.5,issue_plus_hints,8.98,2,4,JavaScript,qwen2.5-coder:32b,1,1,2,prettier/prettier,0,Feature,prettier__prettier-10109,0.6666666666666666,1.0,0.5,0.5
0.5,0.2,0.2,77,0.4,1.0,0.25,0.25,issue_only,5.049,4,1,JavaScript,qwen2.5-coder:32b,1,1,1,mrdoob/three.js,0,Feature,mrdoob__three.js-21532,0.0,0.0,0.0,0.0
1.0,0.4,0.4,77,0.4,1.0,0.25,0.25,issue_plus_inventory,9.822,4,1,JavaScript,qwen2.5-coder:32b,1,1,1,mrdoob/three.js,0,Feature,mrdoob__three.js-21532,1.0,1.0,1.0,1.0
1.0,0.4,0.4,77,0.4,1.0,0.25,0.25,issue_plus_hints,7.703,4,1,JavaScript,qwen2.5-coder:32b,1,1,1,mrdoob/three.js,0,Feature,mrdoob__three.js-21532,1.0,1.0,1.0,1.0
0.0,0.0,0.0,334,0.0,0.0,0.0,0.0,issue_only,11.542,1,8,JavaScript,qwen2.5-coder:32b,1,3,3,sveltejs/svelte,0,Feature,sveltejs__svelte-6223,0.0,0.0,0.0,0.0
0.6666666666666666,0.4444444444444444,0.7777777777777778,334,0.5,0.3333333333333333,1.0,1.0,issue_plus_inventory,16.32,1,8,JavaScript,qwen2.5-coder:32b,1,3,3,sveltejs/svelte,0,Feature,sveltejs__svelte-6223,0.5454545454545454,1.0,0.375,0.375
0.6666666666666666,0.4444444444444444,0.7777777777777778,334,0.5,0.3333333333333333,1.0,1.0,issue_plus_hints,9.167,1,8,JavaScript,qwen2.5-coder:32b,1,3,3,sveltejs/svelte,0,Feature,sveltejs__svelte-6223,0.5454545454545454,1.0,0.375,0.375
0.5,0.2,0.2,77,0.4,1.0,0.25,0.25,issue_only,5.151,4,1,JavaScript,qwen2.5-coder:32b,1,1,1,mrdoob/three.js,0,Feature,mrdoob__three.js-21826,0.0,0.0,0.0,0.0
1.0,0.4,0.4,77,0.4,1.0,0.25,0.25,issue_plus_inventory,9.791,4,1,JavaScript,qwen2.5-coder:32b,1,1,1,mrdoob/three.js,0,Feature,mrdoob__three.js-21826,1.0,1.0,1.0,1.0
1.0,0.4,0.4,77,0.4,1.0,0.25,0.25,issue_plus_hints,6.245,4,1,JavaScript,qwen2.5-coder:32b,1,1,1,mrdoob/three.js,0,Feature,mrdoob__three.js-21826,1.0,1.0,1.0,1.0
0.25,0.058823529411764705,0.058823529411764705,335,0.2,0.5,0.125,0.125,issue_only,8.215,8,9,JavaScript,qwen2.5-coder:32b,1,2,2,prettier/prettier,0,Feature,prettier__prettier-10910,0.0,0.0,0.0,0.0
0.1,0.058823529411764705,0.29411764705882354,335,0.15384615384615385,0.2,0.125,0.125,issue_plus_inventory,15.765,8,9,JavaScript,qwen2.5-coder:32b,1,5,5,prettier/prettier,0,Feature,prettier__prettier-10910,0.0,0.0,0.0,0.0
0.1,0.058823529411764705,0.29411764705882354,335,0.15384615384615385,0.2,0.125,0.125,issue_plus_hints,11.244,8,9,JavaScript,qwen2.5-coder:32b,1,5,5,prettier/prettier,0,Feature,prettier__prettier-10910,0.0,0.0,0.0,0.0
0.25,0.125,0.125,334,0.3333333333333333,0.5,0.25,0.25,issue_only,7.337,4,4,JavaScript,qwen2.5-coder:32b,1,2,2,sveltejs/svelte,0,Feature,sveltejs__svelte-6528,0.0,0.0,0.0,0.0
0.8,0.5,0.5,334,0.3333333333333333,0.5,0.25,0.25,issue_plus_inventory,14.357,4,4,JavaScript,qwen2.5-coder:32b,1,2,3,sveltejs/svelte,0,Feature,sveltejs__svelte-6528,0.8571428571428571,1.0,0.75,0.75
0.8,0.5,0.5,334,0.3333333333333333,0.5,0.25,0.25,issue_plus_hints,7.861,4,4,JavaScript,qwen2.5-coder:32b,1,2,3,sveltejs/svelte,0,Feature,sveltejs__svelte-6528,0.8571428571428571,1.0,0.75,0.75
0.0,0.0,0.0,334,0.0,0.0,0.0,0.0,issue_only,8.436,1,4,JavaScript,qwen2.5-coder:32b,1,2,2,sveltejs/svelte,0,Feature,sveltejs__svelte-6564,0.0,0.0,0.0,0.0
0.75,0.6,0.6,334,0.6666666666666666,0.5,1.0,1.0,issue_plus_inventory,15.103,1,4,JavaScript,qwen2.5-coder:32b,1,2,2,sveltejs/svelte,0,Feature,sveltejs__svelte-6564,0.6666666666666666,1.0,0.5,0.5
0.75,0.6,0.6,334,0.6666666666666666,0.5,1.0,1.0,issue_plus_hints,9.652,1,4,JavaScript,qwen2.5-coder:32b,1,2,2,sveltejs/svelte,0,Feature,sveltejs__svelte-6564,0.6666666666666666,1.0,0.5,0.5
0.25,0.25,0.25,334,0.6666666666666666,0.5,1.0,1.0,issue_only,11.065,1,3,JavaScript,qwen2.5-coder:32b,1,2,2,sveltejs/svelte,0,Feature,sveltejs__svelte-6613,0.0,0.0,0.0,0.0
0.3333333333333333,0.5,0.5,334,0.5,0.3333333333333333,1.0,1.0,issue_plus_inventory,16.665,1,3,JavaScript,qwen2.5-coder:32b,1,3,3,sveltejs/svelte,0,Feature,sveltejs__svelte-6613,0.3333333333333333,0.3333333333333333,0.3333333333333333,0.3333333333333333
0.3333333333333333,0.5,0.5,334,0.5,0.3333333333333333,1.0,1.0,issue_plus_hints,11.826,1,3,JavaScript,qwen2.5-coder:32b,1,3,3,sveltejs/svelte,0,Feature,sveltejs__svelte-6613,0.3333333333333333,0.3333333333333333,0.3333333333333333,0.3333333333333333
0.0,0.0,0.0,334,0.0,0.0,0.0,0.0,issue_only,8.872,2,1,JavaScript,qwen2.5-coder:32b,1,1,2,sveltejs/svelte,0,Feature,sveltejs__svelte-6838,0.0,0.0,0.0,0.0
0.2,0.6666666666666666,0.6666666666666666,334,0.28571428571428575,0.2,0.5,0.5,issue_plus_inventory,21.492,2,1,JavaScript,qwen2.5-coder:32b,1,5,5,sveltejs/svelte,0,Feature,sveltejs__svelte-6838,0.33333333333333337,0.2,1.0,1.0
0.25,0.6666666666666666,0.6666666666666666,334,0.3333333333333333,0.25,0.5,0.5,issue_plus_hints,12.587,2,1,JavaScript,qwen2.5-coder:32b,1,4,4,sveltejs/svelte,0,Feature,sveltejs__svelte-6838,0.4,0.25,1.0,1.0
0.25,0.5,1.0,76,0.6666666666666666,0.5,1.0,1.0,issue_only,10.539,1,1,JavaScript,qwen2.5-coder:32b,1,2,2,serverless/serverless,0,Feature,serverless__serverless-10120,0.0,0.0,0.0,0.0
0.5,1.0,1.0,76,0.6666666666666666,0.5,1.0,1.0,issue_plus_inventory,12.665,1,1,JavaScript,qwen2.5-coder:32b,1,2,2,serverless/serverless,0,Feature,serverless__serverless-10120,0.6666666666666666,0.5,1.0,1.0
0.5,1.0,1.0,76,0.6666666666666666,0.5,1.0,1.0,issue_plus_hints,8.084,1,1,JavaScript,qwen2.5-coder:32b,1,2,2,serverless/serverless,0,Feature,serverless__serverless-10120,0.6666666666666666,0.5,1.0,1.0
0.0,0.0,0.25,77,0.0,0.0,0.0,0.0,issue_only,5.583,2,2,JavaScript,qwen2.5-coder:32b,1,1,1,mrdoob/three.js,0,Feature,mrdoob__three.js-23596,0.0,0.0,0.0,0.0
1.0,0.5,0.5,77,0.6666666666666666,1.0,0.5,0.5,issue_plus_inventory,9.942,2,2,JavaScript,qwen2.5-coder:32b,1,1,1,mrdoob/three.js,0,Feature,mrdoob__three.js-23596,0.6666666666666666,1.0,0.5,0.5
1.0,0.5,0.5,77,0.6666666666666666,1.0,0.5,0.5,issue_plus_hints,4.771,2,2,JavaScript,qwen2.5-coder:32b,1,1,1,mrdoob/three.js,0,Feature,mrdoob__three.js-23596,0.6666666666666666,1.0,0.5,0.5
0.5,0.2,0.2,77,0.5,1.0,0.3333333333333333,0.3333333333333333,issue_only,8.894,9,6,JavaScript,qwen2.5-coder:32b,1,3,3,mrdoob/three.js,0,Feature,mrdoob__three.js-23796,0.0,0.0,0.0,0.0
1.0,0.4,0.4,77,0.5,1.0,0.3333333333333333,0.3333333333333333,issue_plus_inventory,13.239,9,6,JavaScript,qwen2.5-coder:32b,1,3,3,mrdoob/three.js,0,Feature,mrdoob__three.js-23796,0.6666666666666666,1.0,0.5,0.5
1.0,0.4,0.4,77,0.5,1.0,0.3333333333333333,0.3333333333333333,issue_plus_hints,7.071,9,6,JavaScript,qwen2.5-coder:32b,1,3,3,mrdoob/three.js,0,Feature,mrdoob__three.js-23796,0.6666666666666666,1.0,0.5,0.5
0.0,0.0,0.0,335,0.0,0.0,0.0,0.0,issue_only,8.35,3,1,JavaScript,qwen2.5-coder:32b,1,3,3,prettier/prettier,0,Feature,prettier__prettier-14108,0.0,0.0,0.0,0.0
0.0,0.0,0.0,335,0.0,0.0,0.0,0.0,issue_plus_inventory,14.52,3,1,JavaScript,qwen2.5-coder:32b,1,3,3,prettier/prettier,0,Feature,prettier__prettier-14108,0.0,0.0,0.0,0.0
0.0,0.0,0.0,335,0.0,0.0,0.0,0.0,issue_plus_hints,8.532,3,1,JavaScript,qwen2.5-coder:32b,1,3,3,prettier/prettier,0,Feature,prettier__prettier-14108,0.0,0.0,0.0,0.0
0.25,0.2,0.2,335,0.3333333333333333,0.5,0.25,0.25,issue_only,6.303,4,1,JavaScript,qwen2.5-coder:32b,1,2,2,prettier/prettier,0,Feature,prettier__prettier-14317,0.0,0.0,0.0,0.0
0.0,0.0,0.0,335,0.0,0.0,0.0,0.0,issue_plus_inventory,13.511,4,1,JavaScript,qwen2.5-coder:32b,1,3,3,prettier/prettier,0,Feature,prettier__prettier-14317,0.0,0.0,0.0,0.0
0.0,0.0,0.0,335,0.0,0.0,0.0,0.0,issue_plus_hints,8.184,4,1,JavaScript,qwen2.5-coder:32b,1,3,3,prettier/prettier,0,Feature,prettier__prettier-14317,0.0,0.0,0.0,0.0
0.0,0.0,0.0,335,0.0,0.0,0.0,0.0,issue_only,11.014,2,3,JavaScript,qwen2.5-coder:32b,1,2,2,prettier/prettier,0,Feature,prettier__prettier-16765,0.0,0.0,0.0,0.0
0.75,0.6,0.6,335,0.5,0.5,0.5,0.5,issue_plus_inventory,13.723,2,3,JavaScript,qwen2.5-coder:32b,1,2,2,prettier/prettier,0,Feature,prettier__prettier-16765,0.8,1.0,0.6666666666666666,0.6666666666666666
0.75,0.6,0.6,335,0.5,0.5,0.5,0.5,issue_plus_hints,9.438,2,3,JavaScript,qwen2.5-coder:32b,1,2,2,prettier/prettier,0,Feature,prettier__prettier-16765,0.8,1.0,0.6666666666666666,0.6666666666666666
0.5,0.6666666666666666,0.6666666666666666,89,0.5,0.5,0.5,0.5,issue_only,6.737,2,1,Python,qwen2.5-coder:32b,1,2,2,keras-team/keras,0,Feature,keras-team__keras-3907,0.6666666666666666,0.5,1.0,1.0
0.5,0.6666666666666666,0.6666666666666666,89,0.5,0.5,0.5,0.5,issue_plus_inventory,11.732,2,1,Python,qwen2.5-coder:32b,1,2,2,keras-team/keras,0,Feature,keras-team__keras-3907,0.6666666666666666,0.5,1.0,1.0
0.5,0.6666666666666666,0.6666666666666666,89,0.5,0.5,0.5,0.5,issue_plus_hints,6.572,2,1,Python,qwen2.5-coder:32b,1,2,2,keras-team/keras,0,Feature,keras-team__keras-3907,0.6666666666666666,0.5,1.0,1.0
0.3333333333333333,0.5,0.5,89,0.6666666666666666,0.5,1.0,1.0,issue_only,7.043,1,1,Python,qwen2.5-coder:32b,1,2,1,keras-team/keras,0,Feature,keras-team__keras-3983,0.0,0.0,0.0,0.0
1.0,1.0,1.0,89,1.0,1.0,1.0,1.0,issue_plus_inventory,10.544,1,1,Python,qwen2.5-coder:32b,1,1,1,keras-team/keras,0,Feature,keras-team__keras-3983,1.0,1.0,1.0,1.0
1.0,1.0,1.0,89,1.0,1.0,1.0,1.0,issue_plus_hints,5.304,1,1,Python,qwen2.5-coder:32b,1,1,1,keras-team/keras,0,Feature,keras-team__keras-3983,1.0,1.0,1.0,1.0
0.0,0.0,0.25,212,0.0,0.0,0.0,0.0,issue_only,9.475,3,1,Python,qwen2.5-coder:32b,1,3,2,huggingface/transformers,0,Feature,huggingface__transformers-6744,0.0,0.0,0.0,0.0
0.3333333333333333,0.5,0.5,212,0.3333333333333333,0.3333333333333333,0.3333333333333333,0.3333333333333333,issue_plus_inventory,15.042,3,1,Python,qwen2.5-coder:32b,1,3,3,huggingface/transformers,0,Feature,huggingface__transformers-6744,0.5,0.3333333333333333,1.0,1.0
0.3333333333333333,0.5,0.5,212,0.3333333333333333,0.3333333333333333,0.3333333333333333,0.3333333333333333,issue_plus_hints,10.271,3,1,Python,qwen2.5-coder:32b,1,3,3,huggingface/transformers,0,Feature,huggingface__transformers-6744,0.5,0.3333333333333333,1.0,1.0
0.3333333333333333,0.14285714285714285,0.2857142857142857,212,0.0,0.0,0.0,0.0,issue_only,8.638,3,4,Python,qwen2.5-coder:32b,1,2,1,huggingface/transformers,0,Feature,huggingface__transformers-7562,0.4,1.0,0.25,0.25
0.5,0.2857142857142857,0.2857142857142857,212,0.4,0.5,0.3333333333333333,0.3333333333333333,issue_plus_inventory,12.154,3,4,Python,qwen2.5-coder:32b,1,2,2,huggingface/transformers,0,Feature,huggingface__transformers-7562,0.3333333333333333,0.5,0.25,0.25
0.5,0.2857142857142857,0.2857142857142857,212,0.4,0.5,0.3333333333333333,0.3333333333333333,issue_plus_hints,8.568,3,4,Python,qwen2.5-coder:32b,1,2,2,huggingface/transformers,0,Feature,huggingface__transformers-7562,0.3333333333333333,0.5,0.25,0.25
1.0,0.5,0.5,212,0.5,1.0,0.3333333333333333,0.3333333333333333,issue_only,7.613,3,1,Python,qwen2.5-coder:32b,1,1,1,huggingface/transformers,0,Feature,huggingface__transformers-13573,1.0,1.0,1.0,1.0
0.5,0.5,0.5,212,0.4,0.5,0.3333333333333333,0.3333333333333333,issue_plus_inventory,16.628,3,1,Python,qwen2.5-coder:32b,1,2,2,huggingface/transformers,0,Feature,huggingface__transformers-13573,0.6666666666666666,0.5,1.0,1.0
1.0,0.75,0.75,212,0.8,1.0,0.6666666666666666,0.6666666666666666,issue_plus_hints,9.188,3,1,Python,qwen2.5-coder:32b,1,2,1,huggingface/transformers,0,Feature,huggingface__transformers-13573,1.0,1.0,1.0,1.0
0.25,0.125,0.125,212,0.3333333333333333,0.5,0.25,0.25,issue_only,10.934,4,4,Python,qwen2.5-coder:32b,1,2,2,huggingface/transformers,0,Feature,huggingface__transformers-13989,0.0,0.0,0.0,0.0
0.4,0.25,0.5,212,0.5714285714285715,0.6666666666666666,0.5,0.5,issue_plus_inventory,15.7,4,4,Python,qwen2.5-coder:32b,1,3,2,huggingface/transformers,0,Feature,huggingface__transformers-13989,0.0,0.0,0.0,0.0
0.4,0.25,0.375,212,0.28571428571428575,0.3333333333333333,0.25,0.25,issue_plus_hints,10.72,4,4,Python,qwen2.5-coder:32b,1,3,2,huggingface/transformers,0,Feature,huggingface__transformers-13989,0.3333333333333333,0.5,0.25,0.25
0.5,0.06666666666666667,0.2,36,0.13333333333333333,1.0,0.07142857142857142,0.07142857142857142,issue_only,9.823,14,1,Python,qwen2.5-coder:32b,1,1,1,yt-dlp/yt-dlp,0,Feature,yt-dlp__yt-dlp-1649,0.0,0.0,0.0,0.0
0.5,0.2,0.2,36,0.23529411764705882,0.6666666666666666,0.14285714285714285,0.14285714285714285,issue_plus_inventory,8.137,14,1,Python,qwen2.5-coder:32b,1,3,3,yt-dlp/yt-dlp,0,Feature,yt-dlp__yt-dlp-1649,0.5,0.3333333333333333,1.0,1.0
0.6666666666666666,0.26666666666666666,0.26666666666666666,36,0.35294117647058826,1.0,0.21428571428571427,0.21428571428571427,issue_plus_hints,8.166,14,1,Python,qwen2.5-coder:32b,1,3,3,yt-dlp/yt-dlp,0,Feature,yt-dlp__yt-dlp-1649,0.5,0.3333333333333333,1.0,1.0
1.0,0.5,0.5,212,0.5,1.0,0.3333333333333333,0.3333333333333333,issue_only,7.633,3,1,Python,qwen2.5-coder:32b,1,1,1,huggingface/transformers,0,Feature,huggingface__transformers-15473,1.0,1.0,1.0,1.0
0.6666666666666666,0.5,0.5,212,0.4,0.5,0.3333333333333333,0.3333333333333333,issue_plus_inventory,13.135,3,1,Python,qwen2.5-coder:32b,1,2,1,huggingface/transformers,0,Feature,huggingface__transformers-15473,1.0,1.0,1.0,1.0
0.6666666666666666,0.5,0.5,212,0.4,0.5,0.3333333333333333,0.3333333333333333,issue_plus_hints,6.315,3,1,Python,qwen2.5-coder:32b,1,2,1,huggingface/transformers,0,Feature,huggingface__transformers-15473,1.0,1.0,1.0,1.0
0.16666666666666666,0.5,1.0,212,0.5,0.3333333333333333,1.0,1.0,issue_only,8.624,1,1,Python,qwen2.5-coder:32b,1,3,3,huggingface/transformers,0,Feature,huggingface__transformers-15795,0.0,0.0,0.0,0.0
0.4,1.0,1.0,212,0.5,0.3333333333333333,1.0,1.0,issue_plus_inventory,14.056,1,1,Python,qwen2.5-coder:32b,1,3,2,huggingface/transformers,0,Feature,huggingface__transformers-15795,0.6666666666666666,0.5,1.0,1.0
0.2,1.0,1.0,212,0.33333333333333337,0.2,1.0,1.0,issue_plus_hints,12.654,1,1,Python,qwen2.5-coder:32b,1,5,5,huggingface/transformers,0,Feature,huggingface__transformers-15795,0.33333333333333337,0.2,1.0,1.0
0.5,0.3333333333333333,0.5,212,0.6666666666666666,1.0,0.5,0.5,issue_only,8.972,4,2,Python,qwen2.5-coder:32b,1,2,2,huggingface/transformers,0,Feature,huggingface__transformers-15831,0.0,0.0,0.0,0.0
0.5,0.3333333333333333,0.5,212,0.6666666666666666,1.0,0.5,0.5,issue_plus_inventory,14.225,4,2,Python,qwen2.5-coder:32b,1,2,2,huggingface/transformers,0,Feature,huggingface__transformers-15831,0.0,0.0,0.0,0.0
0.5,0.3333333333333333,0.5,212,0.6666666666666666,1.0,0.5,0.5,issue_plus_hints,9.833,4,2,Python,qwen2.5-coder:32b,1,2,2,huggingface/transformers,0,Feature,huggingface__transformers-15831,0.0,0.0,0.0,0.0
0.25,0.5,0.5,212,0.6666666666666666,0.5,1.0,1.0,issue_only,8.32,1,1,Python,qwen2.5-coder:32b,1,2,2,huggingface/transformers,0,Feature,huggingface__transformers-15913,0.0,0.0,0.0,0.0
0.5,0.5,0.5,212,1.0,1.0,1.0,1.0,issue_plus_inventory,13.092,1,1,Python,qwen2.5-coder:32b,1,1,1,huggingface/transformers,0,Feature,huggingface__transformers-15913,0.0,0.0,0.0,0.0
0.5,0.5,0.5,212,1.0,1.0,1.0,1.0,issue_plus_hints,6.417,1,1,Python,qwen2.5-coder:32b,1,1,1,huggingface/transformers,0,Feature,huggingface__transformers-15913,0.0,0.0,0.0,0.0
0.2,0.0625,0.0625,36,0.25,0.3333333333333333,0.2,0.2,issue_only,6.935,5,11,Python,qwen2.5-coder:32b,1,3,2,yt-dlp/yt-dlp,0,Feature,yt-dlp__yt-dlp-3435,0.0,0.0,0.0,0.0
0.6,0.1875,0.1875,36,0.5,0.6666666666666666,0.4,0.4,issue_plus_inventory,8.037,5,11,Python,qwen2.5-coder:32b,1,3,2,yt-dlp/yt-dlp,0,Feature,yt-dlp__yt-dlp-3435,0.15384615384615385,0.5,0.09090909090909091,0.09090909090909091
0.6,0.1875,0.1875,36,0.5,0.6666666666666666,0.4,0.4,issue_plus_hints,5.847,5,11,Python,qwen2.5-coder:32b,1,3,2,yt-dlp/yt-dlp,0,Feature,yt-dlp__yt-dlp-3435,0.15384615384615385,0.5,0.09090909090909091,0.09090909090909091
0.0,0.0,0.0,36,0.0,0.0,0.0,0.0,issue_only,9.695,3,1,Python,qwen2.5-coder:32b,1,1,1,yt-dlp/yt-dlp,0,Feature,yt-dlp__yt-dlp-4524,0.0,0.0,0.0,0.0
0.2,0.25,0.25,36,0.3333333333333333,0.3333333333333333,0.3333333333333333,0.3333333333333333,issue_plus_inventory,8.506,3,1,Python,qwen2.5-coder:32b,1,3,2,yt-dlp/yt-dlp,0,Feature,yt-dlp__yt-dlp-4524,0.0,0.0,0.0,0.0
0.25,0.25,0.25,36,0.4,0.5,0.3333333333333333,0.3333333333333333,issue_plus_hints,8.616,3,1,Python,qwen2.5-coder:32b,1,2,2,yt-dlp/yt-dlp,0,Feature,yt-dlp__yt-dlp-4524,0.0,0.0,0.0,0.0
0.5,0.5,1.0,212,1.0,1.0,1.0,1.0,issue_only,5.333,1,1,Python,qwen2.5-coder:32b,1,1,1,huggingface/transformers,0,Feature,huggingface__transformers-19219,0.0,0.0,0.0,0.0
0.6666666666666666,1.0,1.0,212,1.0,1.0,1.0,1.0,issue_plus_inventory,10.989,1,1,Python,qwen2.5-coder:32b,1,1,2,huggingface/transformers,0,Feature,huggingface__transformers-19219,0.6666666666666666,0.5,1.0,1.0
0.3333333333333333,0.5,0.5,212,0.0,0.0,0.0,0.0,issue_plus_hints,7.366,1,1,Python,qwen2.5-coder:32b,1,1,2,huggingface/transformers,0,Feature,huggingface__transformers-19219,0.6666666666666666,0.5,1.0,1.0
0.3333333333333333,0.5,0.5,212,1.0,1.0,1.0,1.0,issue_only,10.052,1,1,Python,qwen2.5-coder:32b,1,1,2,huggingface/transformers,0,Feature,huggingface__transformers-19590,0.0,0.0,0.0,0.0
1.0,1.0,1.0,212,1.0,1.0,1.0,1.0,issue_plus_inventory,14.069,1,1,Python,qwen2.5-coder:32b,1,1,1,huggingface/transformers,0,Feature,huggingface__transformers-19590,1.0,1.0,1.0,1.0
1.0,1.0,1.0,212,1.0,1.0,1.0,1.0,issue_plus_hints,5.814,1,1,Python,qwen2.5-coder:32b,1,1,1,huggingface/transformers,0,Feature,huggingface__transformers-19590,1.0,1.0,1.0,1.0
0.4,0.2857142857142857,0.42857142857142855,212,0.5,0.6666666666666666,0.4,0.4,issue_only,10.619,5,2,Python,qwen2.5-coder:32b,1,3,2,huggingface/transformers,0,Feature,huggingface__transformers-20136,0.0,0.0,0.0,0.0
0.5,0.2857142857142857,0.42857142857142855,212,0.5714285714285715,1.0,0.4,0.4,issue_plus_inventory,14.455,5,2,Python,qwen2.5-coder:32b,1,2,2,huggingface/transformers,0,Feature,huggingface__transformers-20136,0.0,0.0,0.0,0.0
0.5,0.2857142857142857,0.42857142857142855,212,0.5714285714285715,1.0,0.4,0.4,issue_plus_hints,9.968,5,2,Python,qwen2.5-coder:32b,1,2,2,huggingface/transformers,0,Feature,huggingface__transformers-20136,0.0,0.0,0.0,0.0
0.5,0.5,1.0,212,1.0,1.0,1.0,1.0,issue_only,10.045,1,1,Python,qwen2.5-coder:32b,1,1,1,huggingface/transformers,0,Feature,huggingface__transformers-21345,0.0,0.0,0.0,0.0
0.5,0.5,1.0,212,1.0,1.0,1.0,1.0,issue_plus_inventory,12.769,1,1,Python,qwen2.5-coder:32b,1,1,1,huggingface/transformers,0,Feature,huggingface__transformers-21345,0.0,0.0,0.0,0.0
0.5,0.5,1.0,212,1.0,1.0,1.0,1.0,issue_plus_hints,5.093,1,1,Python,qwen2.5-coder:32b,1,1,1,huggingface/transformers,0,Feature,huggingface__transformers-21345,0.0,0.0,0.0,0.0
0.0,0.0,0.0,212,0.0,0.0,0.0,0.0,issue_only,10.109,1,1,Python,qwen2.5-coder:32b,1,2,1,huggingface/transformers,0,Feature,huggingface__transformers-21768,0.0,0.0,0.0,0.0
0.5,0.5,0.5,212,1.0,1.0,1.0,1.0,issue_plus_inventory,12.432,1,1,Python,qwen2.5-coder:32b,1,1,1,huggingface/transformers,0,Feature,huggingface__transformers-21768,0.0,0.0,0.0,0.0
0.3333333333333333,0.5,0.5,212,1.0,1.0,1.0,1.0,issue_plus_hints,6.625,1,1,Python,qwen2.5-coder:32b,1,1,2,huggingface/transformers,0,Feature,huggingface__transformers-21768,0.0,0.0,0.0,0.0
0.5,0.5,1.0,212,1.0,1.0,1.0,1.0,issue_only,9.369,1,1,Python,qwen2.5-coder:32b,1,1,1,huggingface/transformers,0,Feature,huggingface__transformers-23126,0.0,0.0,0.0,0.0
0.5,0.5,1.0,212,1.0,1.0,1.0,1.0,issue_plus_inventory,12.545,1,1,Python,qwen2.5-coder:32b,1,1,1,huggingface/transformers,0,Feature,huggingface__transformers-23126,0.0,0.0,0.0,0.0
0.5,0.5,1.0,212,1.0,1.0,1.0,1.0,issue_plus_hints,7.452,1,1,Python,qwen2.5-coder:32b,1,1,1,huggingface/transformers,0,Feature,huggingface__transformers-23126,0.0,0.0,0.0,0.0
0.25,0.5,0.5,43,0.6666666666666666,0.5,1.0,1.0,issue_only,8.978,1,1,Python,qwen2.5-coder:32b,1,2,2,langchain-ai/langchain,0,Feature,langchain-ai__langchain-5450,0.0,0.0,0.0,0.0
0.5,1.0,1.0,43,0.6666666666666666,0.5,1.0,1.0,issue_plus_inventory,11.273,1,1,Python,qwen2.5-coder:32b,1,2,2,langchain-ai/langchain,0,Feature,langchain-ai__langchain-5450,0.6666666666666666,0.5,1.0,1.0
0.5,1.0,1.0,43,0.6666666666666666,0.5,1.0,1.0,issue_plus_hints,7.652,1,1,Python,qwen2.5-coder:32b,1,2,2,langchain-ai/langchain,0,Feature,langchain-ai__langchain-5450,0.6666666666666666,0.5,1.0,1.0
0.5,0.08333333333333333,0.16666666666666666,212,0.18181818181818182,1.0,0.1,0.1,issue_only,7.526,10,2,Python,qwen2.5-coder:32b,1,1,1,huggingface/transformers,0,Feature,huggingface__transformers-24510,0.0,0.0,0.0,0.0
0.25,0.08333333333333333,0.08333333333333333,212,0.16666666666666669,0.5,0.1,0.1,issue_plus_inventory,13.961,10,2,Python,qwen2.5-coder:32b,1,2,2,huggingface/transformers,0,Feature,huggingface__transformers-24510,0.0,0.0,0.0,0.0
0.25,0.08333333333333333,0.08333333333333333,212,0.16666666666666669,0.5,0.1,0.1,issue_plus_hints,9.739,10,2,Python,qwen2.5-coder:32b,1,2,2,huggingface/transformers,0,Feature,huggingface__transformers-24510,0.0,0.0,0.0,0.0
0.3333333333333333,0.5,1.0,212,0.6666666666666666,0.5,1.0,1.0,issue_only,7.188,1,1,Python,qwen2.5-coder:32b,1,2,1,huggingface/transformers,0,Feature,huggingface__transformers-26386,0.0,0.0,0.0,0.0
1.0,1.0,1.0,212,1.0,1.0,1.0,1.0,issue_plus_inventory,13.647,1,1,Python,qwen2.5-coder:32b,1,1,1,huggingface/transformers,0,Feature,huggingface__transformers-26386,1.0,1.0,1.0,1.0
1.0,1.0,1.0,212,1.0,1.0,1.0,1.0,issue_plus_hints,7.988,1,1,Python,qwen2.5-coder:32b,1,1,1,huggingface/transformers,0,Feature,huggingface__transformers-26386,1.0,1.0,1.0,1.0
0.5,0.3333333333333333,0.6666666666666666,212,0.6666666666666666,1.0,0.5,0.5,issue_only,12.01,2,1,Python,qwen2.5-coder:32b,1,1,1,huggingface/transformers,0,Feature,huggingface__transformers-26568,0.0,0.0,0.0,0.0
1.0,1.0,1.0,212,1.0,1.0,1.0,1.0,issue_plus_inventory,16.44,2,1,Python,qwen2.5-coder:32b,1,2,1,huggingface/transformers,0,Feature,huggingface__transformers-26568,1.0,1.0,1.0,1.0
1.0,1.0,1.0,212,1.0,1.0,1.0,1.0,issue_plus_hints,8.141,2,1,Python,qwen2.5-coder:32b,1,2,1,huggingface/transformers,0,Feature,huggingface__transformers-26568,1.0,1.0,1.0,1.0
0.0,0.0,0.0,89,0.0,0.0,0.0,0.0,issue_only,6.306,5,1,Python,qwen2.5-coder:32b,1,1,1,keras-team/keras,0,Feature,keras-team__keras-18649,0.0,0.0,0.0,0.0
0.3333333333333333,0.3333333333333333,1.0,89,0.5,0.6666666666666666,0.4,0.4,issue_plus_inventory,15.265,5,1,Python,qwen2.5-coder:32b,1,3,3,keras-team/keras,0,Feature,keras-team__keras-18649,0.0,0.0,0.0,0.0
0.3333333333333333,0.3333333333333333,1.0,89,0.5,0.6666666666666666,0.4,0.4,issue_plus_hints,8.886,5,1,Python,qwen2.5-coder:32b,1,3,3,keras-team/keras,0,Feature,keras-team__keras-18649,0.0,0.0,0.0,0.0
0.3333333333333333,0.25,0.25,212,0.4,0.5,0.3333333333333333,0.3333333333333333,issue_only,10.559,3,1,Python,qwen2.5-coder:32b,1,2,1,huggingface/transformers,0,Feature,huggingface__transformers-27463,0.0,0.0,0.0,0.0
0.6666666666666666,0.5,0.5,212,0.4,0.5,0.3333333333333333,0.3333333333333333,issue_plus_inventory,13.243,3,1,Python,qwen2.5-coder:32b,1,2,1,huggingface/transformers,0,Feature,huggingface__transformers-27463,1.0,1.0,1.0,1.0
1.0,0.5,0.5,212,0.5,1.0,0.3333333333333333,0.3333333333333333,issue_plus_hints,6.246,3,1,Python,qwen2.5-coder:32b,1,1,1,huggingface/transformers,0,Feature,huggingface__transformers-27463,1.0,1.0,1.0,1.0
0.5,0.25,0.25,212,0.5,1.0,0.3333333333333333,0.3333333333333333,issue_only,6.633,3,1,Python,qwen2.5-coder:32b,1,1,1,huggingface/transformers,0,Feature,huggingface__transformers-27561,0.0,0.0,0.0,0.0
1.0,0.5,0.5,212,0.5,1.0,0.3333333333333333,0.3333333333333333,issue_plus_inventory,13.831,3,1,Python,qwen2.5-coder:32b,1,1,1,huggingface/transformers,0,Feature,huggingface__transformers-27561,1.0,1.0,1.0,1.0
1.0,0.5,0.5,212,0.5,1.0,0.3333333333333333,0.3333333333333333,issue_plus_hints,8.75,3,1,Python,qwen2.5-coder:32b,1,1,1,huggingface/transformers,0,Feature,huggingface__transformers-27561,1.0,1.0,1.0,1.0
0.5,0.25,0.5,212,0.5,1.0,0.3333333333333333,0.3333333333333333,issue_only,9.824,3,1,Python,qwen2.5-coder:32b,1,1,1,huggingface/transformers,0,Feature,huggingface__transformers-27717,0.0,0.0,0.0,0.0
1.0,0.75,0.75,212,0.8,1.0,0.6666666666666666,0.6666666666666666,issue_plus_inventory,14.786,3,1,Python,qwen2.5-coder:32b,1,2,1,huggingface/transformers,0,Feature,huggingface__transformers-27717,1.0,1.0,1.0,1.0
1.0,0.75,0.75,212,0.8,1.0,0.6666666666666666,0.6666666666666666,issue_plus_hints,9.259,3,1,Python,qwen2.5-coder:32b,1,2,1,huggingface/transformers,0,Feature,huggingface__transformers-27717,1.0,1.0,1.0,1.0
0.0,0.0,0.14285714285714285,89,0.0,0.0,0.0,0.0,issue_only,8.679,4,3,Python,qwen2.5-coder:32b,1,2,2,keras-team/keras,0,Feature,keras-team__keras-18852,0.0,0.0,0.0,0.0
0.4,0.2857142857142857,0.42857142857142855,89,0.28571428571428575,0.3333333333333333,0.25,0.25,issue_plus_inventory,13.153,4,3,Python,qwen2.5-coder:32b,1,3,2,keras-team/keras,0,Feature,keras-team__keras-18852,0.4,0.5,0.3333333333333333,0.3333333333333333
0.4,0.2857142857142857,0.42857142857142855,89,0.28571428571428575,0.3333333333333333,0.25,0.25,issue_plus_hints,7.937,4,3,Python,qwen2.5-coder:32b,1,3,2,keras-team/keras,0,Feature,keras-team__keras-18852,0.4,0.5,0.3333333333333333,0.3333333333333333
0.0,0.0,0.0,36,0.0,0.0,0.0,0.0,issue_only,9.865,5,2,Python,qwen2.5-coder:32b,1,1,1,yt-dlp/yt-dlp,0,Feature,yt-dlp__yt-dlp-8917,0.0,0.0,0.0,0.0
0.25,0.14285714285714285,0.14285714285714285,36,0.28571428571428575,0.5,0.2,0.2,issue_plus_inventory,7.082,5,2,Python,qwen2.5-coder:32b,1,2,2,yt-dlp/yt-dlp,0,Feature,yt-dlp__yt-dlp-8917,0.0,0.0,0.0,0.0
0.25,0.14285714285714285,0.14285714285714285,36,0.28571428571428575,0.5,0.2,0.2,issue_plus_hints,7.674,5,2,Python,qwen2.5-coder:32b,1,2,2,yt-dlp/yt-dlp,0,Feature,yt-dlp__yt-dlp-8917,0.0,0.0,0.0,0.0
0.5,0.5,1.0,212,1.0,1.0,1.0,1.0,issue_only,7.102,1,1,Python,qwen2.5-coder:32b,1,1,1,huggingface/transformers,0,Feature,huggingface__transformers-28517,0.0,0.0,0.0,0.0
1.0,1.0,1.0,212,1.0,1.0,1.0,1.0,issue_plus_inventory,14.204,1,1,Python,qwen2.5-coder:32b,1,1,1,huggingface/transformers,0,Feature,huggingface__transformers-28517,1.0,1.0,1.0,1.0
1.0,1.0,1.0,212,1.0,1.0,1.0,1.0,issue_plus_hints,8.82,1,1,Python,qwen2.5-coder:32b,1,1,1,huggingface/transformers,0,Feature,huggingface__transformers-28517,1.0,1.0,1.0,1.0
0.25,0.5,1.0,212,0.6666666666666666,0.5,1.0,1.0,issue_only,8.517,1,1,Python,qwen2.5-coder:32b,1,2,2,huggingface/transformers,0,Feature,huggingface__transformers-28940,0.0,0.0,0.0,0.0
0.25,0.5,1.0,212,0.6666666666666666,0.5,1.0,1.0,issue_plus_inventory,12.923,1,1,Python,qwen2.5-coder:32b,1,2,2,huggingface/transformers,0,Feature,huggingface__transformers-28940,0.0,0.0,0.0,0.0
0.25,0.5,1.0,212,0.6666666666666666,0.5,1.0,1.0,issue_plus_hints,7.67,1,1,Python,qwen2.5-coder:32b,1,2,2,huggingface/transformers,0,Feature,huggingface__transformers-28940,0.0,0.0,0.0,0.0
0.25,0.2,0.4,212,0.4,0.5,0.3333333333333333,0.3333333333333333,issue_only,10.755,3,2,Python,qwen2.5-coder:32b,1,2,2,huggingface/transformers,0,Feature,huggingface__transformers-29589,0.0,0.0,0.0,0.0
1.0,0.6,0.6,212,0.8,1.0,0.6666666666666666,0.6666666666666666,issue_plus_inventory,14.042,3,2,Python,qwen2.5-coder:32b,1,2,1,huggingface/transformers,0,Feature,huggingface__transformers-29589,0.6666666666666666,1.0,0.5,0.5
0.75,0.6,0.6,212,0.8,1.0,0.6666666666666666,0.6666666666666666,issue_plus_hints,9.449,3,2,Python,qwen2.5-coder:32b,1,2,2,huggingface/transformers,0,Feature,huggingface__transformers-29589,0.5,0.5,0.5,0.5
0.3333333333333333,0.5,0.5,212,0.6666666666666666,0.5,1.0,1.0,issue_only,9.356,1,1,Python,qwen2.5-coder:32b,1,2,1,huggingface/transformers,0,Feature,huggingface__transformers-29688,0.0,0.0,0.0,0.0
0.3333333333333333,0.5,0.5,212,0.6666666666666666,0.5,1.0,1.0,issue_plus_inventory,14.245,1,1,Python,qwen2.5-coder:32b,1,2,1,huggingface/transformers,0,Feature,huggingface__transformers-29688,0.0,0.0,0.0,0.0
0.3333333333333333,0.5,0.5,212,0.6666666666666666,0.5,1.0,1.0,issue_plus_hints,7.086,1,1,Python,qwen2.5-coder:32b,1,2,1,huggingface/transformers,0,Feature,huggingface__transformers-29688,0.0,0.0,0.0,0.0
0.25,0.5,0.5,43,0.6666666666666666,0.5,1.0,1.0,issue_only,9.452,1,1,Python,qwen2.5-coder:32b,1,2,2,langchain-ai/langchain,0,Feature,langchain-ai__langchain-19331,0.0,0.0,0.0,0.0
0.6666666666666666,1.0,1.0,43,0.6666666666666666,0.5,1.0,1.0,issue_plus_inventory,10.431,1,1,Python,qwen2.5-coder:32b,1,2,1,langchain-ai/langchain,0,Feature,langchain-ai__langchain-19331,1.0,1.0,1.0,1.0
1.0,1.0,1.0,43,1.0,1.0,1.0,1.0,issue_plus_hints,7.113,1,1,Python,qwen2.5-coder:32b,1,1,1,langchain-ai/langchain,0,Feature,langchain-ai__langchain-19331,1.0,1.0,1.0,1.0
1.0,1.0,1.0,212,1.0,1.0,1.0,1.0,issue_only,6.07,1,1,Python,qwen2.5-coder:32b,1,1,1,huggingface/transformers,0,Feature,huggingface__transformers-29838,1.0,1.0,1.0,1.0
1.0,1.0,1.0,212,1.0,1.0,1.0,1.0,issue_plus_inventory,10.476,1,1,Python,qwen2.5-coder:32b,1,1,1,huggingface/transformers,0,Feature,huggingface__transformers-29838,1.0,1.0,1.0,1.0
1.0,1.0,1.0,212,1.0,1.0,1.0,1.0,issue_plus_hints,5.387,1,1,Python,qwen2.5-coder:32b,1,1,1,huggingface/transformers,0,Feature,huggingface__transformers-29838,1.0,1.0,1.0,1.0
0.25,0.3333333333333333,0.3333333333333333,212,0.5,0.5,0.5,0.5,issue_only,9.199,2,1,Python,qwen2.5-coder:32b,1,2,2,huggingface/transformers,0,Feature,huggingface__transformers-31095,0.0,0.0,0.0,0.0
0.75,1.0,1.0,212,1.0,1.0,1.0,1.0,issue_plus_inventory,13.866,2,1,Python,qwen2.5-coder:32b,1,2,2,huggingface/transformers,0,Feature,huggingface__transformers-31095,0.6666666666666666,0.5,1.0,1.0
0.75,1.0,1.0,212,1.0,1.0,1.0,1.0,issue_plus_hints,7.033,2,1,Python,qwen2.5-coder:32b,1,2,2,huggingface/transformers,0,Feature,huggingface__transformers-31095,0.6666666666666666,0.5,1.0,1.0
0.0,0.0,0.0,212,0.0,0.0,0.0,0.0,issue_only,11.506,3,1,Python,qwen2.5-coder:32b,1,5,5,huggingface/transformers,0,Feature,huggingface__transformers-31247,0.0,0.0,0.0,0.0
0.5,0.5,0.5,212,0.4,0.5,0.3333333333333333,0.3333333333333333,issue_plus_inventory,14.24,3,1,Python,qwen2.5-coder:32b,1,2,2,huggingface/transformers,0,Feature,huggingface__transformers-31247,0.6666666666666666,0.5,1.0,1.0
0.5,0.5,0.5,212,0.4,0.5,0.3333333333333333,0.3333333333333333,issue_plus_hints,7.72,3,1,Python,qwen2.5-coder:32b,1,2,2,huggingface/transformers,0,Feature,huggingface__transformers-31247,0.6666666666666666,0.5,1.0,1.0
0.0,0.0,0.0,89,0.0,0.0,0.0,0.0,issue_only,8.217,7,1,Python,qwen2.5-coder:32b,1,3,3,keras-team/keras,0,Feature,keras-team__keras-19903,0.0,0.0,0.0,0.0
0.3,0.375,1.0,89,0.3333333333333333,0.4,0.2857142857142857,0.2857142857142857,issue_plus_inventory,18.553,7,1,Python,qwen2.5-coder:32b,1,5,5,keras-team/keras,0,Feature,keras-team__keras-19903,0.33333333333333337,0.2,1.0,1.0
0.14285714285714285,0.125,0.875,89,0.16666666666666666,0.2,0.14285714285714285,0.14285714285714285,issue_plus_hints,15.072,7,1,Python,qwen2.5-coder:32b,1,5,5,keras-team/keras,0,Feature,keras-team__keras-19903,0.0,0.0,0.0,0.0
0.0,0.0,0.0,28,0.0,0.0,0.0,0.0,issue_only,14.077,2,3,TypeScript,qwen2.5-coder:32b,1,4,4,tailwindlabs/tailwindcss,0,Feature,tailwindlabs__tailwindcss-88,0.0,0.0,0.0,0.0
0.2,0.2,0.2,28,0.0,0.0,0.0,0.0,issue_plus_inventory,8.928,2,3,TypeScript,qwen2.5-coder:32b,1,3,2,tailwindlabs/tailwindcss,0,Feature,tailwindlabs__tailwindcss-88,0.4,0.5,0.3333333333333333,0.3333333333333333
0.16666666666666666,0.2,0.2,28,0.0,0.0,0.0,0.0,issue_plus_hints,10.233,2,3,TypeScript,qwen2.5-coder:32b,1,3,3,tailwindlabs/tailwindcss,0,Feature,tailwindlabs__tailwindcss-88,0.3333333333333333,0.3333333333333333,0.3333333333333333,0.3333333333333333
0.0,0.0,0.0,28,0.0,0.0,0.0,0.0,issue_only,7.164,1,1,TypeScript,qwen2.5-coder:32b,1,2,2,tailwindlabs/tailwindcss,0,Feature,tailwindlabs__tailwindcss-165,0.0,0.0,0.0,0.0
0.25,0.5,0.5,28,0.6666666666666666,0.5,1.0,1.0,issue_plus_inventory,7.825,1,1,TypeScript,qwen2.5-coder:32b,1,2,2,tailwindlabs/tailwindcss,0,Feature,tailwindlabs__tailwindcss-165,0.0,0.0,0.0,0.0
0.25,0.5,0.5,28,0.6666666666666666,0.5,1.0,1.0,issue_plus_hints,7.783,1,1,TypeScript,qwen2.5-coder:32b,1,2,2,tailwindlabs/tailwindcss,0,Feature,tailwindlabs__tailwindcss-165,0.0,0.0,0.0,0.0
0.0,0.0,0.0,28,0.0,0.0,0.0,0.0,issue_only,8.104,1,1,TypeScript,qwen2.5-coder:32b,1,3,2,tailwindlabs/tailwindcss,0,Feature,tailwindlabs__tailwindcss-236,0.0,0.0,0.0,0.0
0.16666666666666666,0.5,0.5,28,0.5,0.3333333333333333,1.0,1.0,issue_plus_inventory,10.024,1,1,TypeScript,qwen2.5-coder:32b,1,3,3,tailwindlabs/tailwindcss,0,Feature,tailwindlabs__tailwindcss-236,0.0,0.0,0.0,0.0
0.25,0.5,0.5,28,0.6666666666666666,0.5,1.0,1.0,issue_plus_hints,6.579,1,1,TypeScript,qwen2.5-coder:32b,1,2,2,tailwindlabs/tailwindcss,0,Feature,tailwindlabs__tailwindcss-236,0.0,0.0,0.0,0.0
0.0,0.0,0.0,28,0.0,0.0,0.0,0.0,issue_only,9.468,1,1,TypeScript,qwen2.5-coder:32b,1,3,3,tailwindlabs/tailwindcss,0,Feature,tailwindlabs__tailwindcss-417,0.0,0.0,0.0,0.0
0.3333333333333333,1.0,1.0,28,0.5,0.3333333333333333,1.0,1.0,issue_plus_inventory,10.632,1,1,TypeScript,qwen2.5-coder:32b,1,3,3,tailwindlabs/tailwindcss,0,Feature,tailwindlabs__tailwindcss-417,0.5,0.3333333333333333,1.0,1.0
0.3333333333333333,1.0,1.0,28,0.5,0.3333333333333333,1.0,1.0,issue_plus_hints,8.992,1,1,TypeScript,qwen2.5-coder:32b,1,3,3,tailwindlabs/tailwindcss,0,Feature,tailwindlabs__tailwindcss-417,0.5,0.3333333333333333,1.0,1.0
0.25,0.5,0.5,28,0.6666666666666666,0.5,1.0,1.0,issue_only,6.865,1,1,TypeScript,qwen2.5-coder:32b,1,2,2,tailwindlabs/tailwindcss,0,Feature,tailwindlabs__tailwindcss-445,0.0,0.0,0.0,0.0
0.5,0.5,0.5,28,1.0,1.0,1.0,1.0,issue_plus_inventory,7.323,1,1,TypeScript,qwen2.5-coder:32b,1,1,1,tailwindlabs/tailwindcss,0,Feature,tailwindlabs__tailwindcss-445,0.0,0.0,0.0,0.0
0.5,0.5,0.5,28,1.0,1.0,1.0,1.0,issue_plus_hints,5.696,1,1,TypeScript,qwen2.5-coder:32b,1,1,1,tailwindlabs/tailwindcss,0,Feature,tailwindlabs__tailwindcss-445,0.0,0.0,0.0,0.0
0.0,0.0,0.0,28,0.0,0.0,0.0,0.0,issue_only,8.37,2,1,TypeScript,qwen2.5-coder:32b,1,3,3,tailwindlabs/tailwindcss,0,Feature,tailwindlabs__tailwindcss-463,0.0,0.0,0.0,0.0
0.4,0.6666666666666666,0.6666666666666666,28,0.4,0.3333333333333333,0.5,0.5,issue_plus_inventory,9.879,2,1,TypeScript,qwen2.5-coder:32b,1,3,2,tailwindlabs/tailwindcss,0,Feature,tailwindlabs__tailwindcss-463,0.6666666666666666,0.5,1.0,1.0
0.5,0.6666666666666666,0.6666666666666666,28,0.5,0.5,0.5,0.5,issue_plus_hints,8.74,2,1,TypeScript,qwen2.5-coder:32b,1,2,2,tailwindlabs/tailwindcss,0,Feature,tailwindlabs__tailwindcss-463,0.6666666666666666,0.5,1.0,1.0
0.0,0.0,0.0,407,0.0,0.0,0.0,0.0,issue_only,11.187,3,1,TypeScript,qwen2.5-coder:32b,1,2,2,mui/material-ui,0,Feature,mui__material-ui-11446,0.0,0.0,0.0,0.0
0.5,0.5,0.5,407,0.4,0.5,0.3333333333333333,0.3333333333333333,issue_plus_inventory,14.364,3,1,TypeScript,qwen2.5-coder:32b,1,2,2,mui/material-ui,0,Feature,mui__material-ui-11446,0.6666666666666666,0.5,1.0,1.0
0.5,0.5,0.5,407,0.4,0.5,0.3333333333333333,0.3333333333333333,issue_plus_hints,9.737,3,1,TypeScript,qwen2.5-coder:32b,1,2,2,mui/material-ui,0,Feature,mui__material-ui-11446,0.6666666666666666,0.5,1.0,1.0
0.2,0.5,0.5,28,0.5,0.3333333333333333,1.0,1.0,issue_only,8.527,1,1,TypeScript,qwen2.5-coder:32b,1,3,2,tailwindlabs/tailwindcss,0,Feature,tailwindlabs__tailwindcss-553,0.0,0.0,0.0,0.0
1.0,1.0,1.0,28,1.0,1.0,1.0,1.0,issue_plus_inventory,6.688,1,1,TypeScript,qwen2.5-coder:32b,1,1,1,tailwindlabs/tailwindcss,0,Feature,tailwindlabs__tailwindcss-553,1.0,1.0,1.0,1.0
1.0,1.0,1.0,28,1.0,1.0,1.0,1.0,issue_plus_hints,4.903,1,1,TypeScript,qwen2.5-coder:32b,1,1,1,tailwindlabs/tailwindcss,0,Feature,tailwindlabs__tailwindcss-553,1.0,1.0,1.0,1.0
0.0,0.0,0.0,407,0.0,0.0,0.0,0.0,issue_only,9.867,3,1,TypeScript,qwen2.5-coder:32b,1,2,1,mui/material-ui,0,Feature,mui__material-ui-13828,0.0,0.0,0.0,0.0
0.5,0.5,0.5,407,0.4,0.5,0.3333333333333333,0.3333333333333333,issue_plus_inventory,14.001,3,1,TypeScript,qwen2.5-coder:32b,1,2,2,mui/material-ui,0,Feature,mui__material-ui-13828,0.6666666666666666,0.5,1.0,1.0
0.0,0.0,0.5,407,0.0,0.0,0.0,0.0,issue_plus_hints,7.43,3,1,TypeScript,qwen2.5-coder:32b,1,1,1,mui/material-ui,0,Feature,mui__material-ui-13828,0.0,0.0,0.0,0.0
0.0,0.0,0.14285714285714285,407,0.0,0.0,0.0,0.0,issue_only,10.183,5,2,TypeScript,qwen2.5-coder:32b,1,3,3,mui/material-ui,0,Feature,mui__material-ui-13899,0.0,0.0,0.0,0.0
0.4,0.2857142857142857,0.2857142857142857,407,0.25,0.3333333333333333,0.2,0.2,issue_plus_inventory,14.077,5,2,TypeScript,qwen2.5-coder:32b,1,3,2,mui/material-ui,0,Feature,mui__material-ui-13899,0.5,0.5,0.5,0.5
0.4,0.2857142857142857,0.2857142857142857,407,0.25,0.3333333333333333,0.2,0.2,issue_plus_hints,9.439,5,2,TypeScript,qwen2.5-coder:32b,1,3,2,mui/material-ui,0,Feature,mui__material-ui-13899,0.5,0.5,0.5,0.5
0.0,0.0,0.0,407,0.0,0.0,0.0,0.0,issue_only,12.023,10,3,TypeScript,qwen2.5-coder:32b,1,3,3,mui/material-ui,0,Feature,mui__material-ui-14465,0.0,0.0,0.0,0.0
0.25,0.07692307692307693,0.07692307692307693,407,0.16666666666666669,0.5,0.1,0.1,issue_plus_inventory,14.037,10,3,TypeScript,qwen2.5-coder:32b,1,2,2,mui/material-ui,0,Feature,mui__material-ui-14465,0.0,0.0,0.0,0.0
0.25,0.07692307692307693,0.07692307692307693,407,0.16666666666666669,0.5,0.1,0.1,issue_plus_hints,7.969,10,3,TypeScript,qwen2.5-coder:32b,1,2,2,mui/material-ui,0,Feature,mui__material-ui-14465,0.0,0.0,0.0,0.0
0.0,0.0,0.0,28,0.0,0.0,0.0,0.0,issue_only,8.076,1,1,TypeScript,qwen2.5-coder:32b,1,3,3,tailwindlabs/tailwindcss,0,Feature,tailwindlabs__tailwindcss-849,0.0,0.0,0.0,0.0
0.3333333333333333,1.0,1.0,28,0.5,0.3333333333333333,1.0,1.0,issue_plus_inventory,9.013,1,1,TypeScript,qwen2.5-coder:32b,1,3,3,tailwindlabs/tailwindcss,0,Feature,tailwindlabs__tailwindcss-849,0.5,0.3333333333333333,1.0,1.0
0.2857142857142857,1.0,1.0,28,0.4,0.25,1.0,1.0,issue_plus_hints,7.722,1,1,TypeScript,qwen2.5-coder:32b,1,4,3,tailwindlabs/tailwindcss,0,Feature,tailwindlabs__tailwindcss-849,0.5,0.3333333333333333,1.0,1.0
0.0,0.0,0.0,407,0.0,0.0,0.0,0.0,issue_only,10.145,3,1,TypeScript,qwen2.5-coder:32b,1,2,2,mui/material-ui,0,Feature,mui__material-ui-15495,0.0,0.0,0.0,0.0
0.3333333333333333,0.5,0.5,407,0.3333333333333333,0.3333333333333333,0.3333333333333333,0.3333333333333333,issue_plus_inventory,14.87,3,1,TypeScript,qwen2.5-coder:32b,1,3,3,mui/material-ui,0,Feature,mui__material-ui-15495,0.5,0.3333333333333333,1.0,1.0
0.3333333333333333,0.5,0.5,407,0.3333333333333333,0.3333333333333333,0.3333333333333333,0.3333333333333333,issue_plus_hints,10.783,3,1,TypeScript,qwen2.5-coder:32b,1,3,3,mui/material-ui,0,Feature,mui__material-ui-15495,0.5,0.3333333333333333,1.0,1.0
0.0,0.0,0.5,407,0.0,0.0,0.0,0.0,issue_only,8.612,1,1,TypeScript,qwen2.5-coder:32b,1,3,3,mui/material-ui,0,Feature,mui__material-ui-17005,0.0,0.0,0.0,0.0
0.5,1.0,1.0,407,0.6666666666666666,0.5,1.0,1.0,issue_plus_inventory,12.515,1,1,TypeScript,qwen2.5-coder:32b,1,2,2,mui/material-ui,0,Feature,mui__material-ui-17005,0.6666666666666666,0.5,1.0,1.0
0.5,1.0,1.0,407,0.6666666666666666,0.5,1.0,1.0,issue_plus_hints,8.741,1,1,TypeScript,qwen2.5-coder:32b,1,2,2,mui/material-ui,0,Feature,mui__material-ui-17005,0.6666666666666666,0.5,1.0,1.0
0.0,0.0,0.4,407,0.0,0.0,0.0,0.0,issue_only,6.297,3,2,TypeScript,qwen2.5-coder:32b,1,1,1,mui/material-ui,0,Feature,mui__material-ui-17640,0.0,0.0,0.0,0.0
0.0,0.0,0.4,407,0.0,0.0,0.0,0.0,issue_plus_inventory,11.462,3,2,TypeScript,qwen2.5-coder:32b,1,1,1,mui/material-ui,0,Feature,mui__material-ui-17640,0.0,0.0,0.0,0.0
1.0,0.4,0.4,407,0.5,1.0,0.3333333333333333,0.3333333333333333,issue_plus_hints,6.825,3,2,TypeScript,qwen2.5-coder:32b,1,1,1,mui/material-ui,0,Feature,mui__material-ui-17640,0.6666666666666666,1.0,0.5,0.5
0.0,0.0,0.1111111111111111,407,0.0,0.0,0.0,0.0,issue_only,8.706,5,4,TypeScript,qwen2.5-coder:32b,1,2,2,mui/material-ui,0,Feature,mui__material-ui-17691,0.0,0.0,0.0,0.0
0.2,0.1111111111111111,0.1111111111111111,407,0.25,0.3333333333333333,0.2,0.2,issue_plus_inventory,13.844,5,4,TypeScript,qwen2.5-coder:32b,1,3,2,mui/material-ui,0,Feature,mui__material-ui-17691,0.0,0.0,0.0,0.0
0.0,0.0,0.0,407,0.0,0.0,0.0,0.0,issue_plus_hints,9.324,5,4,TypeScript,qwen2.5-coder:32b,1,2,2,mui/material-ui,0,Feature,mui__material-ui-17691,0.0,0.0,0.0,0.0
0.0,0.0,0.3333333333333333,407,0.0,0.0,0.0,0.0,issue_only,8.204,2,1,TypeScript,qwen2.5-coder:32b,1,2,2,mui/material-ui,0,Feature,mui__material-ui-17829,0.0,0.0,0.0,0.0
1.0,0.6666666666666666,0.6666666666666666,407,0.6666666666666666,1.0,0.5,0.5,issue_plus_inventory,10.443,2,1,TypeScript,qwen2.5-coder:32b,1,1,1,mui/material-ui,0,Feature,mui__material-ui-17829,1.0,1.0,1.0,1.0
1.0,0.6666666666666666,0.6666666666666666,407,0.6666666666666666,1.0,0.5,0.5,issue_plus_hints,4.514,2,1,TypeScript,qwen2.5-coder:32b,1,1,1,mui/material-ui,0,Feature,mui__material-ui-17829,1.0,1.0,1.0,1.0
0.0,0.0,0.14285714285714285,407,0.0,0.0,0.0,0.0,issue_only,6.95,6,1,TypeScript,qwen2.5-coder:32b,1,2,2,mui/material-ui,0,Feature,mui__material-ui-18744,0.0,0.0,0.0,0.0
0.5,0.2857142857142857,0.2857142857142857,407,0.25,0.5,0.16666666666666666,0.16666666666666666,issue_plus_inventory,13.873,6,1,TypeScript,qwen2.5-coder:32b,1,2,2,mui/material-ui,0,Feature,mui__material-ui-18744,0.6666666666666666,0.5,1.0,1.0
1.0,0.42857142857142855,0.42857142857142855,407,0.5,1.0,0.3333333333333333,0.3333333333333333,issue_plus_hints,8.795,6,1,TypeScript,qwen2.5-coder:32b,1,2,1,mui/material-ui,0,Feature,mui__material-ui-18744,1.0,1.0,1.0,1.0
0.0,0.0,0.0,407,0.0,0.0,0.0,0.0,issue_only,10.354,9,2,TypeScript,qwen2.5-coder:32b,1,2,2,mui/material-ui,0,Feature,mui__material-ui-20133,0.0,0.0,0.0,0.0
0.0,0.0,0.2727272727272727,407,0.0,0.0,0.0,0.0,issue_plus_inventory,13.544,9,2,TypeScript,qwen2.5-coder:32b,1,2,1,mui/material-ui,0,Feature,mui__material-ui-20133,0.0,0.0,0.0,0.0
0.0,0.0,0.2727272727272727,407,0.0,0.0,0.0,0.0,issue_plus_hints,7.118,9,2,TypeScript,qwen2.5-coder:32b,1,2,1,mui/material-ui,0,Feature,mui__material-ui-20133,0.0,0.0,0.0,0.0
0.0,0.0,0.0,407,0.0,0.0,0.0,0.0,issue_only,9.999,3,1,TypeScript,qwen2.5-coder:32b,1,2,2,mui/material-ui,0,Feature,mui__material-ui-20781,0.0,0.0,0.0,0.0
1.0,0.75,0.75,407,0.8,1.0,0.6666666666666666,0.6666666666666666,issue_plus_inventory,13.719,3,1,TypeScript,qwen2.5-coder:32b,1,2,1,mui/material-ui,0,Feature,mui__material-ui-20781,1.0,1.0,1.0,1.0
0.75,0.75,0.75,407,0.8,1.0,0.6666666666666666,0.6666666666666666,issue_plus_hints,9.432,3,1,TypeScript,qwen2.5-coder:32b,1,2,2,mui/material-ui,0,Feature,mui__material-ui-20781,0.6666666666666666,0.5,1.0,1.0
0.0,0.0,0.16666666666666666,407,0.0,0.0,0.0,0.0,issue_only,11.956,4,2,TypeScript,qwen2.5-coder:32b,1,2,2,mui/material-ui,0,Feature,mui__material-ui-21192,0.0,0.0,0.0,0.0
0.25,0.16666666666666666,0.16666666666666666,407,0.3333333333333333,0.5,0.25,0.25,issue_plus_inventory,14.598,4,2,TypeScript,qwen2.5-coder:32b,1,2,2,mui/material-ui,0,Feature,mui__material-ui-21192,0.0,0.0,0.0,0.0
0.25,0.16666666666666666,0.16666666666666666,407,0.3333333333333333,0.5,0.25,0.25,issue_plus_hints,10.147,4,2,TypeScript,qwen2.5-coder:32b,1,2,2,mui/material-ui,0,Feature,mui__material-ui-21192,0.0,0.0,0.0,0.0
0.0,0.0,0.0,407,0.0,0.0,0.0,0.0,issue_only,10.687,3,4,TypeScript,qwen2.5-coder:32b,1,1,1,mui/material-ui,0,Feature,mui__material-ui-23364,0.0,0.0,0.0,0.0
0.0,0.0,0.14285714285714285,407,0.0,0.0,0.0,0.0,issue_plus_inventory,14.853,3,4,TypeScript,qwen2.5-coder:32b,1,2,2,mui/material-ui,0,Feature,mui__material-ui-23364,0.0,0.0,0.0,0.0
0.0,0.0,0.14285714285714285,407,0.0,0.0,0.0,0.0,issue_plus_hints,9.683,3,4,TypeScript,qwen2.5-coder:32b,1,2,2,mui/material-ui,0,Feature,mui__material-ui-23364,0.0,0.0,0.0,0.0
0.0,0.0,0.0,133,0.0,0.0,0.0,0.0,issue_only,12.193,1,1,TypeScript,qwen2.5-coder:32b,1,3,2,microsoft/vscode,0,Feature,microsoft__vscode-114208,0.0,0.0,0.0,0.0
0.4,1.0,1.0,133,0.5,0.3333333333333333,1.0,1.0,issue_plus_inventory,15.442,1,1,TypeScript,qwen2.5-coder:32b,1,3,2,microsoft/vscode,0,Feature,microsoft__vscode-114208,0.6666666666666666,0.5,1.0,1.0
0.5,1.0,1.0,133,0.6666666666666666,0.5,1.0,1.0,issue_plus_hints,9.395,1,1,TypeScript,qwen2.5-coder:32b,1,2,2,microsoft/vscode,0,Feature,microsoft__vscode-114208,0.6666666666666666,0.5,1.0,1.0
0.0,0.0,0.18181818181818182,407,0.0,0.0,0.0,0.0,issue_only,7.951,6,5,TypeScript,qwen2.5-coder:32b,1,2,1,mui/material-ui,0,Feature,mui__material-ui-26746,0.0,0.0,0.0,0.0
0.3333333333333333,0.09090909090909091,0.2727272727272727,407,0.25,0.5,0.16666666666666666,0.16666666666666666,issue_plus_inventory,11.912,6,5,TypeScript,qwen2.5-coder:32b,1,2,1,mui/material-ui,0,Feature,mui__material-ui-26746,0.0,0.0,0.0,0.0
0.3333333333333333,0.09090909090909091,0.2727272727272727,407,0.25,0.5,0.16666666666666666,0.16666666666666666,issue_plus_hints,9.599,6,5,TypeScript,qwen2.5-coder:32b,1,2,1,mui/material-ui,0,Feature,mui__material-ui-26746,0.0,0.0,0.0,0.0
0.0,0.0,0.6666666666666666,133,0.0,0.0,0.0,0.0,issue_only,8.717,2,1,TypeScript,qwen2.5-coder:32b,1,2,2,microsoft/vscode,0,Feature,microsoft__vscode-127257,0.0,0.0,0.0,0.0
0.5,0.6666666666666666,0.6666666666666666,133,0.5,0.5,0.5,0.5,issue_plus_inventory,15.982,2,1,TypeScript,qwen2.5-coder:32b,1,2,2,microsoft/vscode,0,Feature,microsoft__vscode-127257,0.6666666666666666,0.5,1.0,1.0
0.5,0.6666666666666666,0.6666666666666666,133,0.5,0.5,0.5,0.5,issue_plus_hints,8.28,2,1,TypeScript,qwen2.5-coder:32b,1,2,2,microsoft/vscode,0,Feature,microsoft__vscode-127257,0.6666666666666666,0.5,1.0,1.0
0.0,0.0,0.0,133,0.0,0.0,0.0,0.0,issue_only,10.984,2,1,TypeScript,qwen2.5-coder:32b,1,3,2,microsoft/vscode,0,Feature,microsoft__vscode-128931,0.0,0.0,0.0,0.0
1.0,1.0,1.0,133,1.0,1.0,1.0,1.0,issue_plus_inventory,14.859,2,1,TypeScript,qwen2.5-coder:32b,1,2,1,microsoft/vscode,0,Feature,microsoft__vscode-128931,1.0,1.0,1.0,1.0
1.0,1.0,1.0,133,1.0,1.0,1.0,1.0,issue_plus_hints,6.86,2,1,TypeScript,qwen2.5-coder:32b,1,2,1,microsoft/vscode,0,Feature,microsoft__vscode-128931,1.0,1.0,1.0,1.0
0.0,0.0,0.0,407,0.0,0.0,0.0,0.0,issue_only,11.975,3,1,TypeScript,qwen2.5-coder:32b,1,3,3,mui/material-ui,0,Feature,mui__material-ui-28813,0.0,0.0,0.0,0.0
0.6666666666666666,0.5,0.5,407,0.4,0.5,0.3333333333333333,0.3333333333333333,issue_plus_inventory,13.594,3,1,TypeScript,qwen2.5-coder:32b,1,2,2,mui/material-ui,0,Feature,mui__material-ui-28813,0.6666666666666666,0.5,1.0,1.0
0.6666666666666666,0.5,0.5,407,0.4,0.5,0.3333333333333333,0.3333333333333333,issue_plus_hints,9.277,3,1,TypeScript,qwen2.5-coder:32b,1,2,2,mui/material-ui,0,Feature,mui__material-ui-28813,0.6666666666666666,0.5,1.0,1.0
0.0,0.0,0.0,27,0.0,0.0,0.0,0.0,issue_only,6.642,7,1,TypeScript,qwen2.5-coder:32b,1,3,2,coder/code-server,0,Feature,coder__code-server-4597,0.0,0.0,0.0,0.0
0.1,0.25,0.25,27,0.16666666666666666,0.2,0.14285714285714285,0.14285714285714285,issue_plus_inventory,10.104,7,1,TypeScript,qwen2.5-coder:32b,1,5,5,coder/code-server,0,Feature,coder__code-server-4597,0.0,0.0,0.0,0.0
0.16666666666666666,0.25,0.25,27,0.18181818181818182,0.25,0.14285714285714285,0.14285714285714285,issue_plus_hints,8.615,7,1,TypeScript,qwen2.5-coder:32b,1,4,2,coder/code-server,0,Feature,coder__code-server-4597,0.0,0.0,0.0,0.0
0.0,0.0,0.0,27,0.0,0.0,0.0,0.0,issue_only,6.858,12,4,TypeScript,qwen2.5-coder:32b,1,3,2,coder/code-server,0,Feature,coder__code-server-4678,0.0,0.0,0.0,0.0
0.6,0.5,0.5,27,0.547945205479452,0.8,0.4166666666666667,0.4166666666666667,issue_plus_inventory,10.011,12,4,TypeScript,qwen2.5-coder:32b,1,5,5,coder/code-server,0,Feature,coder__code-server-4678,0.4444444444444445,0.4,0.5,0.5
0.6,0.5,0.5,27,0.547945205479452,0.8,0.4166666666666667,0.4166666666666667,issue_plus_hints,8.757,12,4,TypeScript,qwen2.5-coder:32b,1,5,5,coder/code-server,0,Feature,coder__code-server-4678,0.4444444444444445,0.4,0.5,0.5
0.1,0.25,0.5,27,0.28571428571428575,0.2,0.5,0.5,issue_only,11.135,2,2,TypeScript,qwen2.5-coder:32b,1,5,5,coder/code-server,0,Feature,coder__code-server-4923,0.0,0.0,0.0,0.0
0.8,1.0,1.0,27,0.8,0.6666666666666666,1.0,1.0,issue_plus_inventory,7.188,2,2,TypeScript,qwen2.5-coder:32b,1,3,2,coder/code-server,0,Feature,coder__code-server-4923,1.0,1.0,1.0,1.0
0.8,1.0,1.0,27,0.8,0.6666666666666666,1.0,1.0,issue_plus_hints,8.425,2,2,TypeScript,qwen2.5-coder:32b,1,3,2,coder/code-server,0,Feature,coder__code-server-4923,1.0,1.0,1.0,1.0
0.0,0.0,0.0,133,0.0,0.0,0.0,0.0,issue_only,11.325,8,3,TypeScript,qwen2.5-coder:32b,1,3,2,microsoft/vscode,0,Feature,microsoft__vscode-146962,0.0,0.0,0.0,0.0
0.5,0.36363636363636365,0.36363636363636365,133,0.3333333333333333,0.5,0.25,0.25,issue_plus_inventory,21.761,8,3,TypeScript,qwen2.5-coder:32b,1,4,4,microsoft/vscode,0,Feature,microsoft__vscode-146962,0.5714285714285715,0.5,0.6666666666666666,0.6666666666666666
0.4,0.36363636363636365,0.36363636363636365,133,0.3076923076923077,0.4,0.25,0.25,issue_plus_hints,17.873,8,3,TypeScript,qwen2.5-coder:32b,1,5,5,microsoft/vscode,0,Feature,microsoft__vscode-146962,0.5,0.4,0.6666666666666666,0.6666666666666666
0.2,0.2,0.2,133,0.28571428571428575,0.3333333333333333,0.25,0.25,issue_only,11.583,4,1,TypeScript,qwen2.5-coder:32b,1,3,2,microsoft/vscode,0,Feature,microsoft__vscode-152802,0.0,0.0,0.0,0.0
0.6,0.6,0.6,133,0.5714285714285715,0.6666666666666666,0.5,0.5,issue_plus_inventory,18.256,4,1,TypeScript,qwen2.5-coder:32b,1,3,2,microsoft/vscode,0,Feature,microsoft__vscode-152802,0.6666666666666666,0.5,1.0,1.0
0.6,0.6,0.6,133,0.5714285714285715,0.6666666666666666,0.5,0.5,issue_plus_hints,10.06,4,1,TypeScript,qwen2.5-coder:32b,1,3,2,microsoft/vscode,0,Feature,microsoft__vscode-152802,0.6666666666666666,0.5,1.0,1.0
0.0,0.0,0.1,407,0.0,0.0,0.0,0.0,issue_only,11.999,9,1,TypeScript,qwen2.5-coder:32b,1,2,2,mui/material-ui,0,Feature,mui__material-ui-33312,0.0,0.0,0.0,0.0
0.6,0.3,0.3,407,0.3333333333333333,0.6666666666666666,0.2222222222222222,0.2222222222222222,issue_plus_inventory,16.095,9,1,TypeScript,qwen2.5-coder:32b,1,3,2,mui/material-ui,0,Feature,mui__material-ui-33312,0.6666666666666666,0.5,1.0,1.0
0.6,0.3,0.3,407,0.3333333333333333,0.6666666666666666,0.2222222222222222,0.2222222222222222,issue_plus_hints,9.267,9,1,TypeScript,qwen2.5-coder:32b,1,3,2,mui/material-ui,0,Feature,mui__material-ui-33312,0.6666666666666666,0.5,1.0,1.0
0.5,0.6666666666666666,0.6666666666666666,133,0.5,0.5,0.5,0.5,issue_only,10.471,2,1,TypeScript,qwen2.5-coder:32b,1,2,2,microsoft/vscode,0,Feature,microsoft__vscode-155261,0.6666666666666666,0.5,1.0,1.0
1.0,0.6666666666666666,0.6666666666666666,133,0.6666666666666666,1.0,0.5,0.5,issue_plus_inventory,15.123,2,1,TypeScript,qwen2.5-coder:32b,1,1,1,microsoft/vscode,0,Feature,microsoft__vscode-155261,1.0,1.0,1.0,1.0
0.5,0.3333333333333333,0.6666666666666666,133,0.6666666666666666,1.0,0.5,0.5,issue_plus_hints,6.714,2,1,TypeScript,qwen2.5-coder:32b,1,1,1,microsoft/vscode,0,Feature,microsoft__vscode-155261,0.0,0.0,0.0,0.0
0.0,0.0,0.0,133,0.0,0.0,0.0,0.0,issue_only,8.473,6,1,TypeScript,qwen2.5-coder:32b,1,2,2,microsoft/vscode,0,Feature,microsoft__vscode-156733,0.0,0.0,0.0,0.0
0.4,0.2857142857142857,0.2857142857142857,133,0.4444444444444444,0.6666666666666666,0.3333333333333333,0.3333333333333333,issue_plus_inventory,18.311,6,1,TypeScript,qwen2.5-coder:32b,1,3,2,microsoft/vscode,0,Feature,microsoft__vscode-156733,0.0,0.0,0.0,0.0
0.4,0.2857142857142857,0.2857142857142857,133,0.4444444444444444,0.6666666666666666,0.3333333333333333,0.3333333333333333,issue_plus_hints,9.732,6,1,TypeScript,qwen2.5-coder:32b,1,3,2,microsoft/vscode,0,Feature,microsoft__vscode-156733,0.0,0.0,0.0,0.0
0.0,0.0,0.08333333333333333,407,0.0,0.0,0.0,0.0,issue_only,13.7,10,2,TypeScript,qwen2.5-coder:32b,1,2,2,mui/material-ui,0,Feature,mui__material-ui-34138,0.0,0.0,0.0,0.0
1.0,0.3333333333333333,0.3333333333333333,407,0.33333333333333337,1.0,0.2,0.2,issue_plus_inventory,15.358,10,2,TypeScript,qwen2.5-coder:32b,1,2,2,mui/material-ui,0,Feature,mui__material-ui-34138,1.0,1.0,1.0,1.0
1.0,0.3333333333333333,0.3333333333333333,407,0.33333333333333337,1.0,0.2,0.2,issue_plus_hints,8.408,10,2,TypeScript,qwen2.5-coder:32b,1,2,2,mui/material-ui,0,Feature,mui__material-ui-34138,1.0,1.0,1.0,1.0
0.0,0.0,0.08,407,0.0,0.0,0.0,0.0,issue_only,9.719,20,5,TypeScript,qwen2.5-coder:32b,1,2,2,mui/material-ui,0,Feature,mui__material-ui-34158,0.0,0.0,0.0,0.0
0.16666666666666666,0.04,0.04,407,0.08695652173913045,0.3333333333333333,0.05,0.05,issue_plus_inventory,16.033,20,5,TypeScript,qwen2.5-coder:32b,1,3,3,mui/material-ui,0,Feature,mui__material-ui-34158,0.0,0.0,0.0,0.0
0.16666666666666666,0.04,0.04,407,0.08695652173913045,0.3333333333333333,0.05,0.05,issue_plus_hints,9.052,20,5,TypeScript,qwen2.5-coder:32b,1,3,3,mui/material-ui,0,Feature,mui__material-ui-34158,0.0,0.0,0.0,0.0
0.3333333333333333,0.08333333333333333,0.08333333333333333,407,0.15384615384615385,0.5,0.09090909090909091,0.09090909090909091,issue_only,8.987,11,1,TypeScript,qwen2.5-coder:32b,1,2,1,mui/material-ui,0,Feature,mui__material-ui-34207,0.0,0.0,0.0,0.0
1.0,0.25,0.25,407,0.3076923076923077,1.0,0.18181818181818182,0.18181818181818182,issue_plus_inventory,13.707,11,1,TypeScript,qwen2.5-coder:32b,1,2,1,mui/material-ui,0,Feature,mui__material-ui-34207,1.0,1.0,1.0,1.0
1.0,0.25,0.25,407,0.3076923076923077,1.0,0.18181818181818182,0.18181818181818182,issue_plus_hints,7.211,11,1,TypeScript,qwen2.5-coder:32b,1,2,1,mui/material-ui,0,Feature,mui__material-ui-34207,1.0,1.0,1.0,1.0
0.0,0.0,0.0,27,0.0,0.0,0.0,0.0,issue_only,7.898,3,2,TypeScript,qwen2.5-coder:32b,1,3,2,coder/code-server,0,Feature,coder__code-server-5633,0.0,0.0,0.0,0.0
0.6,0.6,0.6,27,0.6666666666666666,0.6666666666666666,0.6666666666666666,0.6666666666666666,issue_plus_inventory,8.549,3,2,TypeScript,qwen2.5-coder:32b,1,3,2,coder/code-server,0,Feature,coder__code-server-5633,0.5,0.5,0.5,0.5
0.6,0.6,0.6,27,0.6666666666666666,0.6666666666666666,0.6666666666666666,0.6666666666666666,issue_plus_hints,7.321,3,2,TypeScript,qwen2.5-coder:32b,1,3,2,coder/code-server,0,Feature,coder__code-server-5633,0.5,0.5,0.5,0.5
0.0,0.0,0.0,133,0.0,0.0,0.0,0.0,issue_only,9.125,4,1,TypeScript,qwen2.5-coder:32b,1,2,2,microsoft/vscode,0,Feature,microsoft__vscode-165197,0.0,0.0,0.0,0.0
0.5,0.4,0.4,133,0.3333333333333333,0.5,0.25,0.25,issue_plus_inventory,17.065,4,1,TypeScript,qwen2.5-coder:32b,1,2,2,microsoft/vscode,0,Feature,microsoft__vscode-165197,0.6666666666666666,0.5,1.0,1.0
0.5,0.4,0.4,133,0.3333333333333333,0.5,0.25,0.25,issue_plus_hints,9.305,4,1,TypeScript,qwen2.5-coder:32b,1,2,2,microsoft/vscode,0,Feature,microsoft__vscode-165197,0.6666666666666666,0.5,1.0,1.0
0.0,0.0,0.25,133,0.0,0.0,0.0,0.0,issue_only,9.232,3,1,TypeScript,qwen2.5-coder:32b,1,2,2,microsoft/vscode,0,Feature,microsoft__vscode-168788,0.0,0.0,0.0,0.0
0.0,0.0,0.0,133,0.0,0.0,0.0,0.0,issue_plus_inventory,16.18,3,1,TypeScript,qwen2.5-coder:32b,1,3,2,microsoft/vscode,0,Feature,microsoft__vscode-168788,0.0,0.0,0.0,0.0
0.16666666666666666,0.25,0.25,133,0.0,0.0,0.0,0.0,issue_plus_hints,12.299,3,1,TypeScript,qwen2.5-coder:32b,1,3,3,microsoft/vscode,0,Feature,microsoft__vscode-168788,0.5,0.3333333333333333,1.0,1.0
0.0,0.0,0.0,133,0.0,0.0,0.0,0.0,issue_only,12.235,1,1,TypeScript,qwen2.5-coder:32b,1,3,2,microsoft/vscode,0,Feature,microsoft__vscode-178291,0.0,0.0,0.0,0.0
0.2,1.0,1.0,133,0.33333333333333337,0.2,1.0,1.0,issue_plus_inventory,24.846,1,1,TypeScript,qwen2.5-coder:32b,1,5,5,microsoft/vscode,0,Feature,microsoft__vscode-178291,0.33333333333333337,0.2,1.0,1.0
0.0,0.0,0.0,133,0.0,0.0,0.0,0.0,issue_plus_hints,12.887,1,1,TypeScript,qwen2.5-coder:32b,1,3,2,microsoft/vscode,0,Feature,microsoft__vscode-178291,0.0,0.0,0.0,0.0
0.0,0.0,0.0,133,0.0,0.0,0.0,0.0,issue_only,10.986,1,1,TypeScript,qwen2.5-coder:32b,1,3,3,microsoft/vscode,0,Feature,microsoft__vscode-178513,0.0,0.0,0.0,0.0
0.0,0.0,0.0,133,0.0,0.0,0.0,0.0,issue_plus_inventory,15.512,1,1,TypeScript,qwen2.5-coder:32b,1,2,2,microsoft/vscode,0,Feature,microsoft__vscode-178513,0.0,0.0,0.0,0.0
0.0,0.0,0.0,133,0.0,0.0,0.0,0.0,issue_plus_hints,11.436,1,1,TypeScript,qwen2.5-coder:32b,1,2,2,microsoft/vscode,0,Feature,microsoft__vscode-178513,0.0,0.0,0.0,0.0
0.0,0.0,0.0,27,0.0,0.0,0.0,0.0,issue_only,8.422,1,1,TypeScript,qwen2.5-coder:32b,1,4,3,coder/code-server,0,Feature,coder__code-server-6115,0.0,0.0,0.0,0.0
0.16666666666666666,0.5,0.5,27,0.5,0.3333333333333333,1.0,1.0,issue_plus_inventory,9.042,1,1,TypeScript,qwen2.5-coder:32b,1,3,3,coder/code-server,0,Feature,coder__code-server-6115,0.0,0.0,0.0,0.0
0.16666666666666666,0.5,0.5,27,0.5,0.3333333333333333,1.0,1.0,issue_plus_hints,9.003,1,1,TypeScript,qwen2.5-coder:32b,1,3,3,coder/code-server,0,Feature,coder__code-server-6115,0.0,0.0,0.0,0.0
0.0,0.0,0.0,133,0.0,0.0,0.0,0.0,issue_only,13.74,1,1,TypeScript,qwen2.5-coder:32b,1,3,2,microsoft/vscode,0,Feature,microsoft__vscode-178694,0.0,0.0,0.0,0.0
0.4,1.0,1.0,133,0.5,0.3333333333333333,1.0,1.0,issue_plus_inventory,16.628,1,1,TypeScript,qwen2.5-coder:32b,1,3,2,microsoft/vscode,0,Feature,microsoft__vscode-178694,0.6666666666666666,0.5,1.0,1.0
0.4,1.0,1.0,133,0.5,0.3333333333333333,1.0,1.0,issue_plus_hints,8.768,1,1,TypeScript,qwen2.5-coder:32b,1,3,2,microsoft/vscode,0,Feature,microsoft__vscode-178694,0.6666666666666666,0.5,1.0,1.0
0.0,0.0,0.0,133,0.0,0.0,0.0,0.0,issue_only,11.548,5,4,TypeScript,qwen2.5-coder:32b,1,3,2,microsoft/vscode,0,Feature,microsoft__vscode-182669,0.0,0.0,0.0,0.0
0.8,0.4444444444444444,0.4444444444444444,133,0.5,0.6666666666666666,0.4,0.4,issue_plus_inventory,17.619,5,4,TypeScript,qwen2.5-coder:32b,1,3,2,microsoft/vscode,0,Feature,microsoft__vscode-182669,0.6666666666666666,1.0,0.5,0.5
0.8,0.4444444444444444,0.4444444444444444,133,0.5,0.6666666666666666,0.4,0.4,issue_plus_hints,10.364,5,4,TypeScript,qwen2.5-coder:32b,1,3,2,microsoft/vscode,0,Feature,microsoft__vscode-182669,0.6666666666666666,1.0,0.5,0.5
0.2,0.16666666666666666,0.16666666666666666,27,0.25,0.3333333333333333,0.2,0.2,issue_only,9.379,5,1,TypeScript,qwen2.5-coder:32b,1,3,2,coder/code-server,0,Feature,coder__code-server-6225,0.0,0.0,0.0,0.0
0.5,0.5,0.5,27,0.5,0.6666666666666666,0.4,0.4,issue_plus_inventory,9.132,5,1,TypeScript,qwen2.5-coder:32b,1,3,3,coder/code-server,0,Feature,coder__code-server-6225,0.5,0.3333333333333333,1.0,1.0
0.5,0.5,0.5,27,0.5,0.6666666666666666,0.4,0.4,issue_plus_hints,9.757,5,1,TypeScript,qwen2.5-coder:32b,1,3,3,coder/code-server,0,Feature,coder__code-server-6225,0.5,0.3333333333333333,1.0,1.0
0.0,0.0,0.0,407,0.0,0.0,0.0,0.0,issue_only,11.502,18,1,TypeScript,qwen2.5-coder:32b,1,3,2,mui/material-ui,0,Feature,mui__material-ui-37908,0.0,0.0,0.0,0.0
0.2,0.05263157894736842,0.10526315789473684,407,0.09523809523809525,0.3333333333333333,0.05555555555555555,0.05555555555555555,issue_plus_inventory,15.638,18,1,TypeScript,qwen2.5-coder:32b,1,3,2,mui/material-ui,0,Feature,mui__material-ui-37908,0.0,0.0,0.0,0.0
0.25,0.05263157894736842,0.10526315789473684,407,0.09999999999999999,0.5,0.05555555555555555,0.05555555555555555,issue_plus_hints,10.44,18,1,TypeScript,qwen2.5-coder:32b,1,2,2,mui/material-ui,0,Feature,mui__material-ui-37908,0.0,0.0,0.0,0.0
0.2,0.043478260869565216,0.17391304347826086,407,0.08333333333333333,0.3333333333333333,0.047619047619047616,0.047619047619047616,issue_only,10.714,21,2,TypeScript,qwen2.5-coder:32b,1,3,2,mui/material-ui,0,Feature,mui__material-ui-38167,0.0,0.0,0.0,0.0
0.5,0.08695652173913043,0.17391304347826086,407,0.17391304347826084,1.0,0.09523809523809523,0.09523809523809523,issue_plus_inventory,15.023,21,2,TypeScript,qwen2.5-coder:32b,1,2,2,mui/material-ui,0,Feature,mui__material-ui-38167,0.0,0.0,0.0,0.0
0.5,0.08695652173913043,0.17391304347826086,407,0.17391304347826084,1.0,0.09523809523809523,0.09523809523809523,issue_plus_hints,10.188,21,2,TypeScript,qwen2.5-coder:32b,1,2,2,mui/material-ui,0,Feature,mui__material-ui-38167,0.0,0.0,0.0,0.0
0.0,0.0,0.0,133,0.0,0.0,0.0,0.0,issue_only,9.435,1,1,TypeScript,qwen2.5-coder:32b,1,2,2,microsoft/vscode,0,Feature,microsoft__vscode-190351,0.0,0.0,0.0,0.0
0.5,1.0,1.0,133,0.6666666666666666,0.5,1.0,1.0,issue_plus_inventory,18.881,1,1,TypeScript,qwen2.5-coder:32b,1,2,2,microsoft/vscode,0,Feature,microsoft__vscode-190351,0.6666666666666666,0.5,1.0,1.0
0.5,1.0,1.0,133,0.6666666666666666,0.5,1.0,1.0,issue_plus_hints,10.731,1,1,TypeScript,qwen2.5-coder:32b,1,2,2,microsoft/vscode,0,Feature,microsoft__vscode-190351,0.6666666666666666,0.5,1.0,1.0
0.0,0.0,0.0,133,0.0,0.0,0.0,0.0,issue_only,8.317,1,1,TypeScript,qwen2.5-coder:32b,1,2,2,microsoft/vscode,0,Feature,microsoft__vscode-191602,0.0,0.0,0.0,0.0
0.5,1.0,1.0,133,0.6666666666666666,0.5,1.0,1.0,issue_plus_inventory,19.254,1,1,TypeScript,qwen2.5-coder:32b,1,2,2,microsoft/vscode,0,Feature,microsoft__vscode-191602,0.6666666666666666,0.5,1.0,1.0
0.5,1.0,1.0,133,0.6666666666666666,0.5,1.0,1.0,issue_plus_hints,11.638,1,1,TypeScript,qwen2.5-coder:32b,1,2,2,microsoft/vscode,0,Feature,microsoft__vscode-191602,0.6666666666666666,0.5,1.0,1.0
0.16666666666666666,0.5,1.0,27,0.5,0.3333333333333333,1.0,1.0,issue_only,8.811,1,1,TypeScript,qwen2.5-coder:32b,1,3,3,coder/code-server,0,Feature,coder__code-server-6423,0.0,0.0,0.0,0.0
0.4,1.0,1.0,27,0.5,0.3333333333333333,1.0,1.0,issue_plus_inventory,7.728,1,1,TypeScript,qwen2.5-coder:32b,1,3,2,coder/code-server,0,Feature,coder__code-server-6423,0.6666666666666666,0.5,1.0,1.0
0.4,1.0,1.0,27,0.5,0.3333333333333333,1.0,1.0,issue_plus_hints,6.103,1,1,TypeScript,qwen2.5-coder:32b,1,3,2,coder/code-server,0,Feature,coder__code-server-6423,0.6666666666666666,0.5,1.0,1.0
