all_precision_at_10,all_recall_at_10,basename_all_recall_at_10,candidate_path_count,code_f1_at_5,code_precision_at_5,code_recall_at_10,code_recall_at_5,condition,elapsed_sec,gold_code_files,gold_test_files,language,model,parse_ok,predicted_code_files,predicted_test_files,repo,returncode,task_category,task_id,test_f1_at_5,test_precision_at_5,test_recall_at_10,test_recall_at_5
0.0,0.0,0.0,132,0.0,0.0,0.0,0.0,issue_only,3.106,1,1,Java,qwen2.5:3b,1,1,1,apache/dubbo,0,Feature,apache__dubbo-2750,0.0,0.0,0.0,0.0
0.0,0.0,0.0,132,0.0,0.0,0.0,0.0,issue_plus_inventory,5.972,1,1,Java,qwen2.5:3b,1,5,5,apache/dubbo,0,Feature,apache__dubbo-2750,0.0,0.0,0.0,0.0
0.0,0.0,0.0,132,0.0,0.0,0.0,0.0,issue_plus_hints,4.178,1,1,Java,qwen2.5:3b,1,5,5,apache/dubbo,0,Feature,apache__dubbo-2750,0.0,0.0,0.0,0.0
0.0,0.0,0.0,258,0.0,0.0,0.0,0.0,issue_only,1.307,1,1,Java,qwen2.5:3b,1,1,1,trinodb/trino,0,Feature,trinodb__trino-117,0.0,0.0,0.0,0.0
0.2857142857142857,1.0,1.0,258,0.33333333333333337,0.2,1.0,1.0,issue_plus_inventory,5.945,1,1,Java,qwen2.5:3b,1,5,5,trinodb/trino,0,Feature,trinodb__trino-117,0.33333333333333337,0.2,1.0,1.0
0.25,1.0,1.0,258,0.33333333333333337,0.2,1.0,1.0,issue_plus_hints,4.365,1,1,Java,qwen2.5:3b,1,5,5,trinodb/trino,0,Feature,trinodb__trino-117,0.33333333333333337,0.2,1.0,1.0
0.5,0.25,0.25,258,0.5,1.0,0.3333333333333333,0.3333333333333333,issue_only,2.014,3,1,Java,qwen2.5:3b,1,1,1,trinodb/trino,0,Feature,trinodb__trino-741,0.0,0.0,0.0,0.0
0.3,0.75,1.0,258,0.7499999999999999,0.6,1.0,1.0,issue_plus_inventory,6.872,3,1,Java,qwen2.5:3b,1,5,5,trinodb/trino,0,Feature,trinodb__trino-741,0.0,0.0,0.0,0.0
0.42857142857142855,0.75,1.0,258,0.7499999999999999,0.6,1.0,1.0,issue_plus_hints,5.638,3,1,Java,qwen2.5:3b,1,5,3,trinodb/trino,0,Feature,trinodb__trino-741,0.0,0.0,0.0,0.0
0.0,0.0,0.0,258,0.0,0.0,0.0,0.0,issue_only,2.572,2,1,Java,qwen2.5:3b,1,2,2,trinodb/trino,0,Feature,trinodb__trino-748,0.0,0.0,0.0,0.0
0.3333333333333333,0.6666666666666666,0.6666666666666666,258,0.28571428571428575,0.2,0.5,0.5,issue_plus_inventory,6.632,2,1,Java,qwen2.5:3b,1,5,5,trinodb/trino,0,Feature,trinodb__trino-748,0.33333333333333337,0.2,1.0,1.0
0.2222222222222222,0.6666666666666666,0.6666666666666666,258,0.5714285714285715,0.4,1.0,1.0,issue_plus_hints,5.599,2,1,Java,qwen2.5:3b,1,5,5,trinodb/trino,0,Feature,trinodb__trino-748,0.0,0.0,0.0,0.0
0.0,0.0,0.0,258,0.0,0.0,0.0,0.0,issue_only,3.106,5,2,Java,qwen2.5:3b,1,3,3,trinodb/trino,0,Feature,trinodb__trino-799,0.0,0.0,0.0,0.0
0.0,0.0,0.0,258,0.0,0.0,0.0,0.0,issue_plus_inventory,6.015,5,2,Java,qwen2.5:3b,1,5,5,trinodb/trino,0,Feature,trinodb__trino-799,0.0,0.0,0.0,0.0
0.0,0.0,0.0,258,0.0,0.0,0.0,0.0,issue_plus_hints,4.57,5,2,Java,qwen2.5:3b,1,5,5,trinodb/trino,0,Feature,trinodb__trino-799,0.0,0.0,0.0,0.0
0.0,0.0,0.0,258,0.0,0.0,0.0,0.0,issue_only,2.169,3,10,Java,qwen2.5:3b,1,2,2,trinodb/trino,0,Feature,trinodb__trino-1090,0.0,0.0,0.0,0.0
0.2,0.15384615384615385,0.15384615384615385,258,0.0,0.0,0.0,0.0,issue_plus_inventory,6.222,3,10,Java,qwen2.5:3b,1,5,5,trinodb/trino,0,Feature,trinodb__trino-1090,0.26666666666666666,0.4,0.2,0.2
0.1111111111111111,0.07692307692307693,0.07692307692307693,258,0.0,0.0,0.0,0.0,issue_plus_hints,4.786,3,10,Java,qwen2.5:3b,1,5,5,trinodb/trino,0,Feature,trinodb__trino-1090,0.13333333333333333,0.2,0.1,0.1
0.3333333333333333,0.06666666666666667,0.06666666666666667,258,0.14285714285714288,1.0,0.07692307692307693,0.07692307692307693,issue_only,2.557,13,2,Java,qwen2.5:3b,1,1,2,trinodb/trino,0,Feature,trinodb__trino-1174,0.0,0.0,0.0,0.0
0.6,0.4,0.4,258,0.5555555555555556,1.0,0.38461538461538464,0.38461538461538464,issue_plus_inventory,6.531,13,2,Java,qwen2.5:3b,1,5,5,trinodb/trino,0,Feature,trinodb__trino-1174,0.28571428571428575,0.2,0.5,0.5
0.6,0.4,0.4,258,0.5555555555555556,1.0,0.38461538461538464,0.38461538461538464,issue_plus_hints,4.622,13,2,Java,qwen2.5:3b,1,5,5,trinodb/trino,0,Feature,trinodb__trino-1174,0.28571428571428575,0.2,0.5,0.5
0.0,0.0,0.0,258,0.0,0.0,0.0,0.0,issue_only,2.092,2,1,Java,qwen2.5:3b,1,1,2,trinodb/trino,0,Feature,trinodb__trino-1848,0.0,0.0,0.0,0.0
0.0,0.0,0.0,258,0.0,0.0,0.0,0.0,issue_plus_inventory,4.502,2,1,Java,qwen2.5:3b,1,2,2,trinodb/trino,0,Feature,trinodb__trino-1848,0.0,0.0,0.0,0.0
0.1111111111111111,0.3333333333333333,0.3333333333333333,258,0.0,0.0,0.0,0.0,issue_plus_hints,4.508,2,1,Java,qwen2.5:3b,1,5,5,trinodb/trino,0,Feature,trinodb__trino-1848,0.33333333333333337,0.2,1.0,1.0
0.0,0.0,0.0,258,0.0,0.0,0.0,0.0,issue_only,2.091,3,5,Java,qwen2.5:3b,1,1,2,trinodb/trino,0,Feature,trinodb__trino-1872,0.0,0.0,0.0,0.0
0.1111111111111111,0.125,0.125,258,0.0,0.0,0.0,0.0,issue_plus_inventory,6.052,3,5,Java,qwen2.5:3b,1,5,5,trinodb/trino,0,Feature,trinodb__trino-1872,0.20000000000000004,0.2,0.2,0.2
0.4444444444444444,0.5,0.5,258,0.0,0.0,0.0,0.0,issue_plus_hints,4.77,3,5,Java,qwen2.5:3b,1,5,5,trinodb/trino,0,Feature,trinodb__trino-1872,0.4000000000000001,0.4,0.4,0.4
0.0,0.0,0.0,258,0.0,0.0,0.0,0.0,issue_only,2.422,3,1,Java,qwen2.5:3b,1,2,2,trinodb/trino,0,Feature,trinodb__trino-3392,0.0,0.0,0.0,0.0
0.4,0.5,0.5,258,0.28571428571428575,0.25,0.3333333333333333,0.3333333333333333,issue_plus_inventory,5.643,3,1,Java,qwen2.5:3b,1,4,4,trinodb/trino,0,Feature,trinodb__trino-3392,0.4,0.25,1.0,1.0
1.0,0.5,0.5,258,0.5,1.0,0.3333333333333333,0.3333333333333333,issue_plus_hints,1.521,3,1,Java,qwen2.5:3b,1,1,1,trinodb/trino,0,Feature,trinodb__trino-3392,1.0,1.0,1.0,1.0
0.0,0.0,0.0,258,0.0,0.0,0.0,0.0,issue_only,1.607,3,3,Java,qwen2.5:3b,1,1,1,trinodb/trino,0,Feature,trinodb__trino-3638,0.0,0.0,0.0,0.0
0.14285714285714285,0.16666666666666666,0.16666666666666666,258,0.0,0.0,0.0,0.0,issue_plus_inventory,6.486,3,3,Java,qwen2.5:3b,1,5,5,trinodb/trino,0,Feature,trinodb__trino-3638,0.0,0.0,0.0,0.0
0.14285714285714285,0.16666666666666666,0.16666666666666666,258,0.0,0.0,0.0,0.0,issue_plus_hints,4.782,3,3,Java,qwen2.5:3b,1,5,5,trinodb/trino,0,Feature,trinodb__trino-3638,0.0,0.0,0.0,0.0
0.0,0.0,0.0,258,0.0,0.0,0.0,0.0,issue_only,1.978,3,1,Java,qwen2.5:3b,1,1,2,trinodb/trino,0,Feature,trinodb__trino-3771,0.0,0.0,0.0,0.0
0.0,0.0,0.0,258,0.0,0.0,0.0,0.0,issue_plus_inventory,6.482,3,1,Java,qwen2.5:3b,1,5,5,trinodb/trino,0,Feature,trinodb__trino-3771,0.0,0.0,0.0,0.0
0.0,0.0,0.0,258,0.0,0.0,0.0,0.0,issue_plus_hints,4.891,3,1,Java,qwen2.5:3b,1,5,5,trinodb/trino,0,Feature,trinodb__trino-3771,0.0,0.0,0.0,0.0
0.0,0.0,0.25,258,0.0,0.0,0.0,0.0,issue_only,2.345,2,2,Java,qwen2.5:3b,1,1,2,trinodb/trino,0,Feature,trinodb__trino-4458,0.0,0.0,0.0,0.0
0.3333333333333333,0.5,0.75,258,0.28571428571428575,0.2,0.5,0.5,issue_plus_inventory,5.678,2,2,Java,qwen2.5:3b,1,5,5,trinodb/trino,0,Feature,trinodb__trino-4458,0.28571428571428575,0.2,0.5,0.5
0.4,0.5,0.75,258,0.28571428571428575,0.2,0.5,0.5,issue_plus_hints,3.42,2,2,Java,qwen2.5:3b,1,5,4,trinodb/trino,0,Feature,trinodb__trino-4458,0.3333333333333333,0.25,0.5,0.5
0.0,0.0,1.0,23,0.0,0.0,0.0,0.0,issue_only,1.735,2,2,Java,qwen2.5:3b,1,1,1,google/guava,0,Feature,google__guava-3971,0.0,0.0,0.0,0.0
0.2222222222222222,1.0,1.0,23,0.33333333333333337,0.2,1.0,1.0,issue_plus_inventory,4.032,2,2,Java,qwen2.5:3b,1,5,5,google/guava,0,Feature,google__guava-3971,0.33333333333333337,0.2,1.0,1.0
1.0,1.0,1.0,23,1.0,1.0,1.0,1.0,issue_plus_hints,2.707,2,2,Java,qwen2.5:3b,1,2,2,google/guava,0,Feature,google__guava-3971,1.0,1.0,1.0,1.0
0.0,0.0,0.25,258,0.0,0.0,0.0,0.0,issue_only,2.444,3,1,Java,qwen2.5:3b,1,3,3,trinodb/trino,0,Feature,trinodb__trino-4600,0.0,0.0,0.0,0.0
0.0,0.0,0.0,258,0.0,0.0,0.0,0.0,issue_plus_inventory,6.257,3,1,Java,qwen2.5:3b,1,5,5,trinodb/trino,0,Feature,trinodb__trino-4600,0.0,0.0,0.0,0.0
0.0,0.0,0.0,258,0.0,0.0,0.0,0.0,issue_plus_hints,4.65,3,1,Java,qwen2.5:3b,1,5,4,trinodb/trino,0,Feature,trinodb__trino-4600,0.0,0.0,0.0,0.0
0.16666666666666666,0.16666666666666666,0.16666666666666666,258,0.3333333333333333,0.3333333333333333,0.3333333333333333,0.3333333333333333,issue_only,3.531,3,3,Java,qwen2.5:3b,1,3,3,trinodb/trino,0,Feature,trinodb__trino-5507,0.0,0.0,0.0,0.0
0.2,0.3333333333333333,0.3333333333333333,258,0.25,0.2,0.3333333333333333,0.3333333333333333,issue_plus_inventory,6.236,3,3,Java,qwen2.5:3b,1,5,5,trinodb/trino,0,Feature,trinodb__trino-5507,0.25,0.2,0.3333333333333333,0.3333333333333333
0.3,0.5,0.5,258,0.25,0.2,0.3333333333333333,0.3333333333333333,issue_plus_hints,4.468,3,3,Java,qwen2.5:3b,1,5,5,trinodb/trino,0,Feature,trinodb__trino-5507,0.25,0.2,0.3333333333333333,0.3333333333333333
0.0,0.0,0.0,258,0.0,0.0,0.0,0.0,issue_only,2.295,2,3,Java,qwen2.5:3b,1,2,2,trinodb/trino,0,Feature,trinodb__trino-6074,0.0,0.0,0.0,0.0
0.6666666666666666,0.4,0.4,258,0.4,0.3333333333333333,0.5,0.5,issue_plus_inventory,4.261,2,3,Java,qwen2.5:3b,1,3,2,trinodb/trino,0,Feature,trinodb__trino-6074,0.4,0.5,0.3333333333333333,0.3333333333333333
0.6666666666666666,0.4,0.4,258,0.4,0.3333333333333333,0.5,0.5,issue_plus_hints,3.011,2,3,Java,qwen2.5:3b,1,3,3,trinodb/trino,0,Feature,trinodb__trino-6074,0.3333333333333333,0.3333333333333333,0.3333333333333333,0.3333333333333333
0.25,0.14285714285714285,0.14285714285714285,80,0.33333333333333337,1.0,0.2,0.2,issue_only,1.936,5,2,Java,qwen2.5:3b,1,1,3,google/gson,0,Feature,google__gson-1904,0.0,0.0,0.0,0.0
0.375,0.42857142857142855,0.42857142857142855,80,0.4000000000000001,0.4,0.4,0.4,issue_plus_inventory,6.069,5,2,Java,qwen2.5:3b,1,5,5,google/gson,0,Feature,google__gson-1904,0.28571428571428575,0.2,0.5,0.5
0.5555555555555556,0.7142857142857143,0.7142857142857143,80,0.6,0.6,0.6,0.6,issue_plus_hints,5.217,5,2,Java,qwen2.5:3b,1,5,5,google/gson,0,Feature,google__gson-1904,0.5714285714285715,0.4,1.0,1.0
0.0,0.0,0.0,132,0.0,0.0,0.0,0.0,issue_only,2.311,3,1,Java,qwen2.5:3b,1,3,3,apache/dubbo,0,Feature,apache__dubbo-8032,0.0,0.0,0.0,0.0
0.1,0.25,0.25,132,0.25,0.2,0.3333333333333333,0.3333333333333333,issue_plus_inventory,7.155,3,1,Java,qwen2.5:3b,1,5,5,apache/dubbo,0,Feature,apache__dubbo-8032,0.0,0.0,0.0,0.0
0.1111111111111111,0.25,0.25,132,0.0,0.0,0.0,0.0,issue_plus_hints,5.185,3,1,Java,qwen2.5:3b,1,5,5,apache/dubbo,0,Feature,apache__dubbo-8032,0.33333333333333337,0.2,1.0,1.0
0.0,0.0,0.0,45,0.0,0.0,0.0,0.0,issue_only,2.511,11,5,Java,qwen2.5:3b,1,3,3,apolloconfig/apollo,0,Feature,apolloconfig__apollo-4119,0.0,0.0,0.0,0.0
0.125,0.0625,0.0625,45,0.12500000000000003,0.2,0.09090909090909091,0.09090909090909091,issue_plus_inventory,5.576,11,5,Java,qwen2.5:3b,1,5,5,apolloconfig/apollo,0,Feature,apolloconfig__apollo-4119,0.0,0.0,0.0,0.0
0.1,0.0625,0.0625,45,0.12500000000000003,0.2,0.09090909090909091,0.09090909090909091,issue_plus_hints,4.483,11,5,Java,qwen2.5:3b,1,5,5,apolloconfig/apollo,0,Feature,apolloconfig__apollo-4119,0.0,0.0,0.0,0.0
0.0,0.0,0.0,45,0.0,0.0,0.0,0.0,issue_only,2.704,4,2,Java,qwen2.5:3b,1,3,3,apolloconfig/apollo,0,Feature,apolloconfig__apollo-4199,0.0,0.0,0.0,0.0
0.25,0.3333333333333333,0.3333333333333333,45,0.22222222222222224,0.2,0.25,0.25,issue_plus_inventory,4.421,4,2,Java,qwen2.5:3b,1,5,5,apolloconfig/apollo,0,Feature,apolloconfig__apollo-4199,0.28571428571428575,0.2,0.5,0.5
0.3333333333333333,0.5,0.5,45,0.4444444444444445,0.4,0.5,0.5,issue_plus_hints,4.251,4,2,Java,qwen2.5:3b,1,5,5,apolloconfig/apollo,0,Feature,apolloconfig__apollo-4199,0.28571428571428575,0.2,0.5,0.5
0.0,0.0,0.0,45,0.0,0.0,0.0,0.0,issue_only,1.446,3,1,Java,qwen2.5:3b,1,1,1,apolloconfig/apollo,0,Feature,apolloconfig__apollo-4207,0.0,0.0,0.0,0.0
0.25,0.5,0.5,45,0.25,0.2,0.3333333333333333,0.3333333333333333,issue_plus_inventory,5.274,3,1,Java,qwen2.5:3b,1,5,4,apolloconfig/apollo,0,Feature,apolloconfig__apollo-4207,0.4,0.25,1.0,1.0
0.2,0.5,0.5,45,0.25,0.2,0.3333333333333333,0.3333333333333333,issue_plus_hints,4.735,3,1,Java,qwen2.5:3b,1,5,5,apolloconfig/apollo,0,Feature,apolloconfig__apollo-4207,0.33333333333333337,0.2,1.0,1.0
0.0,0.0,0.0,157,0.0,0.0,0.0,0.0,issue_only,2.93,1,1,Java,qwen2.5:3b,1,3,3,apache/rocketmq,0,Feature,apache__rocketmq-3862,0.0,0.0,0.0,0.0
0.1,0.5,0.5,157,0.0,0.0,0.0,0.0,issue_plus_inventory,6.045,1,1,Java,qwen2.5:3b,1,5,5,apache/rocketmq,0,Feature,apache__rocketmq-3862,0.33333333333333337,0.2,1.0,1.0
0.1,0.5,0.5,157,0.0,0.0,0.0,0.0,issue_plus_hints,4.359,1,1,Java,qwen2.5:3b,1,5,5,apache/rocketmq,0,Feature,apache__rocketmq-3862,0.33333333333333337,0.2,1.0,1.0
0.0,0.0,0.0,157,0.0,0.0,0.0,0.0,issue_only,3.541,2,1,Java,qwen2.5:3b,1,3,3,apache/rocketmq,0,Feature,apache__rocketmq-4122,0.0,0.0,0.0,0.0
0.1111111111111111,0.3333333333333333,0.3333333333333333,157,0.0,0.0,0.0,0.0,issue_plus_inventory,6.236,2,1,Java,qwen2.5:3b,1,5,5,apache/rocketmq,0,Feature,apache__rocketmq-4122,0.33333333333333337,0.2,1.0,1.0
0.16666666666666666,0.3333333333333333,0.3333333333333333,157,0.0,0.0,0.0,0.0,issue_plus_hints,3.017,2,1,Java,qwen2.5:3b,1,3,3,apache/rocketmq,0,Feature,apache__rocketmq-4122,0.5,0.3333333333333333,1.0,1.0
0.0,0.0,0.5,80,0.0,0.0,0.0,0.0,issue_only,2.048,1,1,Java,qwen2.5:3b,1,2,2,google/gson,0,Feature,google__gson-2130,0.0,0.0,0.0,0.0
0.2,1.0,1.0,80,0.33333333333333337,0.2,1.0,1.0,issue_plus_inventory,5.305,1,1,Java,qwen2.5:3b,1,5,5,google/gson,0,Feature,google__gson-2130,0.33333333333333337,0.2,1.0,1.0
0.1111111111111111,0.5,1.0,80,0.0,0.0,0.0,0.0,issue_plus_hints,4.11,1,1,Java,qwen2.5:3b,1,5,5,google/gson,0,Feature,google__gson-2130,0.33333333333333337,0.2,1.0,1.0
0.0,0.0,0.125,45,0.0,0.0,0.0,0.0,issue_only,3.029,15,1,Java,qwen2.5:3b,1,3,3,apolloconfig/apollo,0,Feature,apolloconfig__apollo-4464,0.0,0.0,0.0,0.0
0.5,0.3125,0.375,45,0.5,1.0,0.3333333333333333,0.3333333333333333,issue_plus_inventory,7.332,15,1,Java,qwen2.5:3b,1,5,5,apolloconfig/apollo,0,Feature,apolloconfig__apollo-4464,0.0,0.0,0.0,0.0
0.5,0.3125,0.375,45,0.5,1.0,0.3333333333333333,0.3333333333333333,issue_plus_hints,5.112,15,1,Java,qwen2.5:3b,1,5,5,apolloconfig/apollo,0,Feature,apolloconfig__apollo-4464,0.0,0.0,0.0,0.0
0.0,0.0,0.0,157,0.0,0.0,0.0,0.0,issue_only,4.235,4,5,Java,qwen2.5:3b,1,5,5,apache/rocketmq,0,Feature,apache__rocketmq-5062,0.0,0.0,0.0,0.0
0.4,0.4444444444444444,0.4444444444444444,157,0.4444444444444445,0.4,0.5,0.5,issue_plus_inventory,5.994,4,5,Java,qwen2.5:3b,1,5,5,apache/rocketmq,0,Feature,apache__rocketmq-5062,0.4000000000000001,0.4,0.4,0.4
0.4,0.4444444444444444,0.4444444444444444,157,0.4444444444444445,0.4,0.5,0.5,issue_plus_hints,4.206,4,5,Java,qwen2.5:3b,1,5,5,apache/rocketmq,0,Feature,apache__rocketmq-5062,0.4000000000000001,0.4,0.4,0.4
0.0,0.0,0.0,157,0.0,0.0,0.0,0.0,issue_only,2.529,3,1,Java,qwen2.5:3b,1,3,3,apache/rocketmq,0,Feature,apache__rocketmq-5286,0.0,0.0,0.0,0.0
0.0,0.0,0.0,157,0.0,0.0,0.0,0.0,issue_plus_inventory,5.588,3,1,Java,qwen2.5:3b,1,5,5,apache/rocketmq,0,Feature,apache__rocketmq-5286,0.0,0.0,0.0,0.0
0.0,0.0,0.0,157,0.0,0.0,0.0,0.0,issue_plus_hints,3.968,3,1,Java,qwen2.5:3b,1,5,5,apache/rocketmq,0,Feature,apache__rocketmq-5286,0.0,0.0,0.0,0.0
0.0,0.0,0.0,132,0.0,0.0,0.0,0.0,issue_only,3.176,1,3,Java,qwen2.5:3b,1,4,4,apache/dubbo,0,Feature,apache__dubbo-10846,0.0,0.0,0.0,0.0
0.0,0.0,0.0,132,0.0,0.0,0.0,0.0,issue_plus_inventory,6.565,1,3,Java,qwen2.5:3b,1,5,5,apache/dubbo,0,Feature,apache__dubbo-10846,0.0,0.0,0.0,0.0
0.0,0.0,0.0,132,0.0,0.0,0.0,0.0,issue_plus_hints,4.721,1,3,Java,qwen2.5:3b,1,5,5,apache/dubbo,0,Feature,apache__dubbo-10846,0.0,0.0,0.0,0.0
0.0,0.0,0.0,157,0.0,0.0,0.0,0.0,issue_only,3.362,3,2,Java,qwen2.5:3b,1,3,3,apache/rocketmq,0,Feature,apache__rocketmq-5706,0.0,0.0,0.0,0.0
0.4,0.8,1.0,157,0.5,0.4,0.6666666666666666,0.6666666666666666,issue_plus_inventory,6.12,3,2,Java,qwen2.5:3b,1,5,5,apache/rocketmq,0,Feature,apache__rocketmq-5706,0.0,0.0,0.0,0.0
0.7142857142857143,1.0,1.0,157,0.7499999999999999,0.6,1.0,1.0,issue_plus_hints,4.311,3,2,Java,qwen2.5:3b,1,5,5,apache/rocketmq,0,Feature,apache__rocketmq-5706,0.5714285714285715,0.4,1.0,1.0
0.0,0.0,0.0,132,0.0,0.0,0.0,0.0,issue_only,3.482,1,1,Java,qwen2.5:3b,1,5,5,apache/dubbo,0,Feature,apache__dubbo-11255,0.0,0.0,0.0,0.0
0.0,0.0,0.0,132,0.0,0.0,0.0,0.0,issue_plus_inventory,6.6,1,1,Java,qwen2.5:3b,1,5,5,apache/dubbo,0,Feature,apache__dubbo-11255,0.0,0.0,0.0,0.0
0.0,0.0,0.0,132,0.0,0.0,0.0,0.0,issue_plus_hints,4.613,1,1,Java,qwen2.5:3b,1,5,5,apache/dubbo,0,Feature,apache__dubbo-11255,0.0,0.0,0.0,0.0
0.0,0.0,0.0,132,0.0,0.0,0.0,0.0,issue_only,3.251,8,2,Java,qwen2.5:3b,1,3,3,apache/dubbo,0,Feature,apache__dubbo-11420,0.0,0.0,0.0,0.0
0.3333333333333333,0.3,0.4,132,0.4615384615384615,0.6,0.375,0.375,issue_plus_inventory,6.491,8,2,Java,qwen2.5:3b,1,5,4,apache/dubbo,0,Feature,apache__dubbo-11420,0.0,0.0,0.0,0.0
0.3333333333333333,0.3,0.4,132,0.4615384615384615,0.6,0.375,0.375,issue_plus_hints,4.735,8,2,Java,qwen2.5:3b,1,5,4,apache/dubbo,0,Feature,apache__dubbo-11420,0.0,0.0,0.0,0.0
0.0,0.0,0.0,80,0.0,0.0,0.0,0.0,issue_only,3.353,4,3,Java,qwen2.5:3b,1,5,5,google/gson,0,Feature,google__gson-2345,0.0,0.0,0.0,0.0
0.625,0.7142857142857143,0.7142857142857143,80,0.6666666666666665,0.6,0.75,0.75,issue_plus_inventory,4.418,4,3,Java,qwen2.5:3b,1,5,4,google/gson,0,Feature,google__gson-2345,0.5714285714285715,0.5,0.6666666666666666,0.6666666666666666
0.625,0.7142857142857143,0.7142857142857143,80,0.6666666666666665,0.6,0.75,0.75,issue_plus_hints,3.201,4,3,Java,qwen2.5:3b,1,5,4,google/gson,0,Feature,google__gson-2345,0.5714285714285715,0.5,0.6666666666666666,0.6666666666666666
0.0,0.0,0.05555555555555555,157,0.0,0.0,0.0,0.0,issue_only,2.891,17,1,Java,qwen2.5:3b,1,3,3,apache/rocketmq,0,Feature,apache__rocketmq-6522,0.0,0.0,0.0,0.0
0.1,0.05555555555555555,0.05555555555555555,157,0.0909090909090909,0.2,0.058823529411764705,0.058823529411764705,issue_plus_inventory,6.173,17,1,Java,qwen2.5:3b,1,5,5,apache/rocketmq,0,Feature,apache__rocketmq-6522,0.0,0.0,0.0,0.0
0.1,0.05555555555555555,0.05555555555555555,157,0.0909090909090909,0.2,0.058823529411764705,0.058823529411764705,issue_plus_hints,4.311,17,1,Java,qwen2.5:3b,1,5,5,apache/rocketmq,0,Feature,apache__rocketmq-6522,0.0,0.0,0.0,0.0
0.0,0.0,0.0,157,0.0,0.0,0.0,0.0,issue_only,3.707,9,4,Java,qwen2.5:3b,1,5,5,apache/rocketmq,0,Feature,apache__rocketmq-6755,0.0,0.0,0.0,0.0
0.25,0.15384615384615385,0.15384615384615385,157,0.14285714285714285,0.2,0.1111111111111111,0.1111111111111111,issue_plus_inventory,5.646,9,4,Java,qwen2.5:3b,1,5,5,apache/rocketmq,0,Feature,apache__rocketmq-6755,0.22222222222222224,0.2,0.25,0.25
0.3333333333333333,0.23076923076923078,0.3076923076923077,157,0.14285714285714285,0.2,0.1111111111111111,0.1111111111111111,issue_plus_hints,4.071,9,4,Java,qwen2.5:3b,1,5,5,apache/rocketmq,0,Feature,apache__rocketmq-6755,0.4444444444444445,0.4,0.5,0.5
0.0,0.0,0.0,80,0.0,0.0,0.0,0.0,issue_only,3.957,9,3,Java,qwen2.5:3b,1,5,5,google/gson,0,Feature,google__gson-2420,0.0,0.0,0.0,0.0
0.2,0.16666666666666666,0.16666666666666666,80,0.14285714285714285,0.2,0.1111111111111111,0.1111111111111111,issue_plus_inventory,5.0,9,3,Java,qwen2.5:3b,1,5,5,google/gson,0,Feature,google__gson-2420,0.25,0.2,0.3333333333333333,0.3333333333333333
0.2,0.16666666666666666,0.16666666666666666,80,0.14285714285714285,0.2,0.1111111111111111,0.1111111111111111,issue_plus_hints,3.791,9,3,Java,qwen2.5:3b,1,5,5,google/gson,0,Feature,google__gson-2420,0.25,0.2,0.3333333333333333,0.3333333333333333
0.3333333333333333,0.25,0.25,80,0.6666666666666666,1.0,0.5,0.5,issue_only,2.019,2,2,Java,qwen2.5:3b,1,1,2,google/gson,0,Feature,google__gson-2479,0.0,0.0,0.0,0.0
0.14285714285714285,0.25,0.25,80,0.0,0.0,0.0,0.0,issue_plus_inventory,4.864,2,2,Java,qwen2.5:3b,1,5,5,google/gson,0,Feature,google__gson-2479,0.28571428571428575,0.2,0.5,0.5
0.14285714285714285,0.25,0.25,80,0.0,0.0,0.0,0.0,issue_plus_hints,3.864,2,2,Java,qwen2.5:3b,1,5,5,google/gson,0,Feature,google__gson-2479,0.28571428571428575,0.2,0.5,0.5
0.0,0.0,0.0,80,0.0,0.0,0.0,0.0,issue_only,3.777,3,5,Java,qwen2.5:3b,1,5,4,google/gson,0,Feature,google__gson-2498,0.0,0.0,0.0,0.0
0.1,0.125,0.125,80,0.25,0.2,0.3333333333333333,0.3333333333333333,issue_plus_inventory,4.675,3,5,Java,qwen2.5:3b,1,5,5,google/gson,0,Feature,google__gson-2498,0.0,0.0,0.0,0.0
0.1,0.125,0.125,80,0.25,0.2,0.3333333333333333,0.3333333333333333,issue_plus_hints,3.899,3,5,Java,qwen2.5:3b,1,5,5,google/gson,0,Feature,google__gson-2498,0.0,0.0,0.0,0.0
0.0,0.0,0.0,157,0.0,0.0,0.0,0.0,issue_only,2.529,2,1,Java,qwen2.5:3b,1,2,1,apache/rocketmq,0,Feature,apache__rocketmq-7455,0.0,0.0,0.0,0.0
0.0,0.0,0.0,157,0.0,0.0,0.0,0.0,issue_plus_inventory,5.862,2,1,Java,qwen2.5:3b,1,5,5,apache/rocketmq,0,Feature,apache__rocketmq-7455,0.0,0.0,0.0,0.0
0.0,0.0,0.0,157,0.0,0.0,0.0,0.0,issue_plus_hints,4.463,2,1,Java,qwen2.5:3b,1,5,5,apache/rocketmq,0,Feature,apache__rocketmq-7455,0.0,0.0,0.0,0.0
0.0,0.0,0.0,157,0.0,0.0,0.0,0.0,issue_only,4.727,14,1,Java,qwen2.5:3b,1,4,4,apache/rocketmq,0,Feature,apache__rocketmq-7544,0.0,0.0,0.0,0.0
0.1,0.06666666666666667,0.06666666666666667,157,0.10526315789473682,0.2,0.07142857142857142,0.07142857142857142,issue_plus_inventory,7.912,14,1,Java,qwen2.5:3b,1,5,5,apache/rocketmq,0,Feature,apache__rocketmq-7544,0.0,0.0,0.0,0.0
0.2222222222222222,0.13333333333333333,0.13333333333333333,157,0.21052631578947364,0.4,0.14285714285714285,0.14285714285714285,issue_plus_hints,6.598,14,1,Java,qwen2.5:3b,1,5,5,apache/rocketmq,0,Feature,apache__rocketmq-7544,0.0,0.0,0.0,0.0
0.0,0.0,0.0,157,0.0,0.0,0.0,0.0,issue_only,4.586,1,1,Java,qwen2.5:3b,1,4,4,apache/rocketmq,0,Feature,apache__rocketmq-7655,0.0,0.0,0.0,0.0
0.0,0.0,0.0,157,0.0,0.0,0.0,0.0,issue_plus_inventory,8.4,1,1,Java,qwen2.5:3b,1,5,5,apache/rocketmq,0,Feature,apache__rocketmq-7655,0.0,0.0,0.0,0.0
0.0,0.0,0.0,157,0.0,0.0,0.0,0.0,issue_plus_hints,6.077,1,1,Java,qwen2.5:3b,1,5,5,apache/rocketmq,0,Feature,apache__rocketmq-7655,0.0,0.0,0.0,0.0
0.0,0.0,0.0,132,0.0,0.0,0.0,0.0,issue_only,3.512,2,2,Java,qwen2.5:3b,1,5,5,apache/dubbo,0,Feature,apache__dubbo-13869,0.0,0.0,0.0,0.0
0.5714285714285714,1.0,1.0,132,0.6666666666666666,0.5,1.0,1.0,issue_plus_inventory,6.706,2,2,Java,qwen2.5:3b,1,4,3,apache/dubbo,0,Feature,apache__dubbo-13869,0.8,0.6666666666666666,1.0,1.0
0.6,0.75,0.75,132,0.8,0.6666666666666666,1.0,1.0,issue_plus_hints,3.779,2,2,Java,qwen2.5:3b,1,3,2,apache/dubbo,0,Feature,apache__dubbo-13869,0.5,0.5,0.5,0.5
0.0,0.0,0.0,157,0.0,0.0,0.0,0.0,issue_only,2.129,1,1,Java,qwen2.5:3b,1,1,2,apache/rocketmq,0,Feature,apache__rocketmq-7964,0.0,0.0,0.0,0.0
0.0,0.0,0.0,157,0.0,0.0,0.0,0.0,issue_plus_inventory,5.633,1,1,Java,qwen2.5:3b,1,5,5,apache/rocketmq,0,Feature,apache__rocketmq-7964,0.0,0.0,0.0,0.0
0.0,0.0,0.0,157,0.0,0.0,0.0,0.0,issue_plus_hints,4.304,1,1,Java,qwen2.5:3b,1,5,5,apache/rocketmq,0,Feature,apache__rocketmq-7964,0.0,0.0,0.0,0.0
0.1,0.3333333333333333,0.3333333333333333,80,0.33333333333333337,0.2,1.0,1.0,issue_only,3.799,1,2,Java,qwen2.5:3b,1,5,5,google/gson,0,Feature,google__gson-2701,0.0,0.0,0.0,0.0
0.25,0.6666666666666666,1.0,80,0.33333333333333337,0.2,1.0,1.0,issue_plus_inventory,4.925,1,2,Java,qwen2.5:3b,1,5,5,google/gson,0,Feature,google__gson-2701,0.28571428571428575,0.2,0.5,0.5
0.4,0.6666666666666666,0.6666666666666666,80,0.5,0.3333333333333333,1.0,1.0,issue_plus_hints,2.889,1,2,Java,qwen2.5:3b,1,3,2,google/gson,0,Feature,google__gson-2701,0.5,0.5,0.5,0.5
0.0,0.0,0.0,76,0.0,0.0,0.0,0.0,issue_only,1.25,1,1,JavaScript,qwen2.5:3b,1,1,1,serverless/serverless,0,Feature,serverless__serverless-2624,0.0,0.0,0.0,0.0
0.1,0.5,0.5,76,0.0,0.0,0.0,0.0,issue_plus_inventory,3.203,1,1,JavaScript,qwen2.5:3b,1,5,5,serverless/serverless,0,Feature,serverless__serverless-2624,0.33333333333333337,0.2,1.0,1.0
0.1,0.5,0.5,76,0.0,0.0,0.0,0.0,issue_plus_hints,2.323,1,1,JavaScript,qwen2.5:3b,1,5,5,serverless/serverless,0,Feature,serverless__serverless-2624,0.33333333333333337,0.2,1.0,1.0
0.0,0.0,0.0,76,0.0,0.0,0.0,0.0,issue_only,1.824,2,1,JavaScript,qwen2.5:3b,1,1,3,serverless/serverless,0,Feature,serverless__serverless-2748,0.0,0.0,0.0,0.0
0.0,0.0,0.0,76,0.0,0.0,0.0,0.0,issue_plus_inventory,3.351,2,1,JavaScript,qwen2.5:3b,1,5,5,serverless/serverless,0,Feature,serverless__serverless-2748,0.0,0.0,0.0,0.0
0.0,0.0,0.0,76,0.0,0.0,0.0,0.0,issue_plus_hints,3.022,2,1,JavaScript,qwen2.5:3b,1,5,5,serverless/serverless,0,Feature,serverless__serverless-2748,0.0,0.0,0.0,0.0
0.0,0.0,0.0,76,0.0,0.0,0.0,0.0,issue_only,1.763,2,1,JavaScript,qwen2.5:3b,1,1,2,serverless/serverless,0,Feature,serverless__serverless-2910,0.0,0.0,0.0,0.0
0.2857142857142857,0.6666666666666666,0.6666666666666666,76,0.28571428571428575,0.2,0.5,0.5,issue_plus_inventory,4.209,2,1,JavaScript,qwen2.5:3b,1,5,4,serverless/serverless,0,Feature,serverless__serverless-2910,0.4,0.25,1.0,1.0
0.5,0.6666666666666666,0.6666666666666666,76,0.4,0.3333333333333333,0.5,0.5,issue_plus_hints,2.161,2,1,JavaScript,qwen2.5:3b,1,3,2,serverless/serverless,0,Feature,serverless__serverless-2910,0.6666666666666666,0.5,1.0,1.0
0.0,0.0,0.0,76,0.0,0.0,0.0,0.0,issue_only,2.789,2,1,JavaScript,qwen2.5:3b,1,5,5,serverless/serverless,0,Feature,serverless__serverless-3217,0.0,0.0,0.0,0.0
0.2222222222222222,0.6666666666666666,0.6666666666666666,76,0.28571428571428575,0.2,0.5,0.5,issue_plus_inventory,3.697,2,1,JavaScript,qwen2.5:3b,1,5,5,serverless/serverless,0,Feature,serverless__serverless-3217,0.33333333333333337,0.2,1.0,1.0
0.25,0.6666666666666666,0.6666666666666666,76,0.28571428571428575,0.2,0.5,0.5,issue_plus_hints,3.172,2,1,JavaScript,qwen2.5:3b,1,5,5,serverless/serverless,0,Feature,serverless__serverless-3217,0.33333333333333337,0.2,1.0,1.0
0.0,0.0,0.0,335,0.0,0.0,0.0,0.0,issue_only,1.835,5,3,JavaScript,qwen2.5:3b,1,1,2,prettier/prettier,0,Feature,prettier__prettier-661,0.0,0.0,0.0,0.0
0.25,0.25,0.25,335,0.0,0.0,0.0,0.0,issue_plus_inventory,3.876,5,3,JavaScript,qwen2.5:3b,1,5,5,prettier/prettier,0,Feature,prettier__prettier-661,0.25,0.2,0.3333333333333333,0.3333333333333333
0.25,0.25,0.25,335,0.0,0.0,0.0,0.0,issue_plus_hints,3.582,5,3,JavaScript,qwen2.5:3b,1,5,5,prettier/prettier,0,Feature,prettier__prettier-661,0.25,0.2,0.3333333333333333,0.3333333333333333
0.0,0.0,0.0,335,0.0,0.0,0.0,0.0,issue_only,2.117,1,3,JavaScript,qwen2.5:3b,1,1,1,prettier/prettier,0,Feature,prettier__prettier-842,0.0,0.0,0.0,0.0
0.42857142857142855,0.75,0.75,335,0.0,0.0,0.0,0.0,issue_plus_inventory,4.113,1,3,JavaScript,qwen2.5:3b,1,5,5,prettier/prettier,0,Feature,prettier__prettier-842,0.5,0.4,0.6666666666666666,0.6666666666666666
0.3333333333333333,0.5,0.5,335,0.0,0.0,0.0,0.0,issue_plus_hints,3.704,1,3,JavaScript,qwen2.5:3b,1,5,5,prettier/prettier,0,Feature,prettier__prettier-842,0.25,0.2,0.3333333333333333,0.3333333333333333
0.0,0.0,0.0,76,0.0,0.0,0.0,0.0,issue_only,1.446,3,1,JavaScript,qwen2.5:3b,1,1,1,serverless/serverless,0,Feature,serverless__serverless-3548,0.0,0.0,0.0,0.0
0.2222222222222222,0.5,0.5,76,0.25,0.2,0.3333333333333333,0.3333333333333333,issue_plus_inventory,3.789,3,1,JavaScript,qwen2.5:3b,1,5,5,serverless/serverless,0,Feature,serverless__serverless-3548,0.33333333333333337,0.2,1.0,1.0
0.2222222222222222,0.5,0.5,76,0.25,0.2,0.3333333333333333,0.3333333333333333,issue_plus_hints,3.19,3,1,JavaScript,qwen2.5:3b,1,5,5,serverless/serverless,0,Feature,serverless__serverless-3548,0.33333333333333337,0.2,1.0,1.0
0.0,0.0,0.0,76,0.0,0.0,0.0,0.0,issue_only,1.944,3,1,JavaScript,qwen2.5:3b,1,2,2,serverless/serverless,0,Feature,serverless__serverless-3609,0.0,0.0,0.0,0.0
0.2,0.5,0.5,76,0.25,0.2,0.3333333333333333,0.3333333333333333,issue_plus_inventory,4.048,3,1,JavaScript,qwen2.5:3b,1,5,5,serverless/serverless,0,Feature,serverless__serverless-3609,0.33333333333333337,0.2,1.0,1.0
0.2,0.5,0.5,76,0.25,0.2,0.3333333333333333,0.3333333333333333,issue_plus_hints,3.943,3,1,JavaScript,qwen2.5:3b,1,5,5,serverless/serverless,0,Feature,serverless__serverless-3609,0.33333333333333337,0.2,1.0,1.0
0.0,0.0,0.0,76,0.0,0.0,0.0,0.0,issue_only,1.836,2,1,JavaScript,qwen2.5:3b,1,1,2,serverless/serverless,0,Feature,serverless__serverless-3642,0.0,0.0,0.0,0.0
0.2222222222222222,0.6666666666666666,0.6666666666666666,76,0.28571428571428575,0.2,0.5,0.5,issue_plus_inventory,3.707,2,1,JavaScript,qwen2.5:3b,1,5,5,serverless/serverless,0,Feature,serverless__serverless-3642,0.33333333333333337,0.2,1.0,1.0
0.2,0.6666666666666666,0.6666666666666666,76,0.28571428571428575,0.2,0.5,0.5,issue_plus_hints,2.585,2,1,JavaScript,qwen2.5:3b,1,5,5,serverless/serverless,0,Feature,serverless__serverless-3642,0.33333333333333337,0.2,1.0,1.0
0.0,0.0,0.0,76,0.0,0.0,0.0,0.0,issue_only,1.749,4,2,JavaScript,qwen2.5:3b,1,2,3,serverless/serverless,0,Feature,serverless__serverless-4097,0.0,0.0,0.0,0.0
0.1,0.16666666666666666,0.16666666666666666,76,0.22222222222222224,0.2,0.25,0.25,issue_plus_inventory,3.912,4,2,JavaScript,qwen2.5:3b,1,5,5,serverless/serverless,0,Feature,serverless__serverless-4097,0.0,0.0,0.0,0.0
0.1,0.16666666666666666,0.16666666666666666,76,0.22222222222222224,0.2,0.25,0.25,issue_plus_hints,2.946,4,2,JavaScript,qwen2.5:3b,1,5,5,serverless/serverless,0,Feature,serverless__serverless-4097,0.0,0.0,0.0,0.0
0.0,0.0,0.0,334,0.0,0.0,0.0,0.0,issue_only,1.716,4,5,JavaScript,qwen2.5:3b,1,2,2,sveltejs/svelte,0,Feature,sveltejs__svelte-778,0.0,0.0,0.0,0.0
0.6666666666666666,0.4444444444444444,0.5555555555555556,334,0.0,0.0,0.0,0.0,issue_plus_inventory,4.245,4,5,JavaScript,qwen2.5:3b,1,5,5,sveltejs/svelte,0,Feature,sveltejs__svelte-778,0.8000000000000002,0.8,0.8,0.8
0.5,0.3333333333333333,0.3333333333333333,334,0.0,0.0,0.0,0.0,issue_plus_hints,3.439,4,5,JavaScript,qwen2.5:3b,1,5,5,sveltejs/svelte,0,Feature,sveltejs__svelte-778,0.6,0.6,0.6,0.6
0.0,0.0,0.0,334,0.0,0.0,0.0,0.0,issue_only,1.634,1,24,JavaScript,qwen2.5:3b,1,2,2,sveltejs/svelte,0,Feature,sveltejs__svelte-785,0.0,0.0,0.0,0.0
0.0,0.0,0.04,334,0.0,0.0,0.0,0.0,issue_plus_inventory,4.058,1,24,JavaScript,qwen2.5:3b,1,5,5,sveltejs/svelte,0,Feature,sveltejs__svelte-785,0.0,0.0,0.0,0.0
0.0,0.0,0.04,334,0.0,0.0,0.0,0.0,issue_plus_hints,2.986,1,24,JavaScript,qwen2.5:3b,1,5,5,sveltejs/svelte,0,Feature,sveltejs__svelte-785,0.0,0.0,0.0,0.0
0.0,0.0,0.0,335,0.0,0.0,0.0,0.0,issue_only,2.722,8,7,JavaScript,qwen2.5:3b,1,3,2,prettier/prettier,0,Feature,prettier__prettier-3775,0.0,0.0,0.0,0.0
0.375,0.2,0.2,335,0.0,0.0,0.0,0.0,issue_plus_inventory,5.319,8,7,JavaScript,qwen2.5:3b,1,5,5,prettier/prettier,0,Feature,prettier__prettier-3775,0.16666666666666666,0.2,0.14285714285714285,0.14285714285714285
0.625,0.3333333333333333,0.4,335,0.15384615384615385,0.2,0.125,0.125,issue_plus_hints,3.326,8,7,JavaScript,qwen2.5:3b,1,5,5,prettier/prettier,0,Feature,prettier__prettier-3775,0.3333333333333333,0.4,0.2857142857142857,0.2857142857142857
0.0,0.0,0.0,334,0.0,0.0,0.0,0.0,issue_only,1.721,4,7,JavaScript,qwen2.5:3b,1,1,3,sveltejs/svelte,0,Feature,sveltejs__svelte-1148,0.0,0.0,0.0,0.0
0.6666666666666666,0.36363636363636365,0.5454545454545454,334,0.5,0.5,0.5,0.5,issue_plus_inventory,3.207,4,7,JavaScript,qwen2.5:3b,1,4,3,sveltejs/svelte,0,Feature,sveltejs__svelte-1148,0.4,0.6666666666666666,0.2857142857142857,0.2857142857142857
0.3333333333333333,0.18181818181818182,0.36363636363636365,334,0.28571428571428575,0.3333333333333333,0.25,0.25,issue_plus_hints,2.616,4,7,JavaScript,qwen2.5:3b,1,3,3,sveltejs/svelte,0,Feature,sveltejs__svelte-1148,0.0,0.0,0.0,0.0
0.0,0.0,0.0,335,0.0,0.0,0.0,0.0,issue_only,2.548,2,101,JavaScript,qwen2.5:3b,1,2,2,prettier/prettier,0,Feature,prettier__prettier-3903,0.0,0.0,0.0,0.0
0.2222222222222222,0.019417475728155338,0.9805825242718447,335,0.0,0.0,0.0,0.0,issue_plus_inventory,3.432,2,101,JavaScript,qwen2.5:3b,1,5,5,prettier/prettier,0,Feature,prettier__prettier-3903,0.018867924528301886,0.2,0.009900990099009901,0.009900990099009901
0.16666666666666666,0.009708737864077669,0.9805825242718447,335,0.0,0.0,0.0,0.0,issue_plus_hints,2.947,2,101,JavaScript,qwen2.5:3b,1,5,5,prettier/prettier,0,Feature,prettier__prettier-3903,0.018867924528301886,0.2,0.009900990099009901,0.009900990099009901
0.0,0.0,0.0,335,0.0,0.0,0.0,0.0,issue_only,1.483,1,2,JavaScript,qwen2.5:3b,1,2,2,prettier/prettier,0,Feature,prettier__prettier-4667,0.0,0.0,0.0,0.0
0.0,0.0,0.3333333333333333,335,0.0,0.0,0.0,0.0,issue_plus_inventory,3.431,1,2,JavaScript,qwen2.5:3b,1,5,4,prettier/prettier,0,Feature,prettier__prettier-4667,0.0,0.0,0.0,0.0
0.0,0.0,0.3333333333333333,335,0.0,0.0,0.0,0.0,issue_plus_hints,2.735,1,2,JavaScript,qwen2.5:3b,1,5,4,prettier/prettier,0,Feature,prettier__prettier-4667,0.0,0.0,0.0,0.0
0.0,0.0,0.0,77,0.0,0.0,0.0,0.0,issue_only,2.609,4,1,JavaScript,qwen2.5:3b,1,5,5,mrdoob/three.js,0,Feature,mrdoob__three.js-14566,0.0,0.0,0.0,0.0
1.0,0.4,0.4,77,0.3333333333333333,0.5,0.25,0.25,issue_plus_inventory,2.191,4,1,JavaScript,qwen2.5:3b,1,2,1,mrdoob/three.js,0,Feature,mrdoob__three.js-14566,1.0,1.0,1.0,1.0
1.0,0.4,0.4,77,0.3333333333333333,0.5,0.25,0.25,issue_plus_hints,1.453,4,1,JavaScript,qwen2.5:3b,1,2,1,mrdoob/three.js,0,Feature,mrdoob__three.js-14566,1.0,1.0,1.0,1.0
0.0,0.0,0.0,334,0.0,0.0,0.0,0.0,issue_only,1.753,2,20,JavaScript,qwen2.5:3b,1,3,3,sveltejs/svelte,0,Feature,sveltejs__svelte-1811,0.0,0.0,0.0,0.0
0.2857142857142857,0.09090909090909091,0.7727272727272727,334,0.0,0.0,0.0,0.0,issue_plus_inventory,4.295,2,20,JavaScript,qwen2.5:3b,1,5,5,sveltejs/svelte,0,Feature,sveltejs__svelte-1811,0.16000000000000003,0.4,0.1,0.1
0.2,0.09090909090909091,0.7727272727272727,334,0.0,0.0,0.0,0.0,issue_plus_hints,3.159,2,20,JavaScript,qwen2.5:3b,1,5,5,sveltejs/svelte,0,Feature,sveltejs__svelte-1811,0.0,0.0,0.0,0.0
0.5,0.2,0.4,76,0.4,1.0,0.25,0.25,issue_only,1.558,4,1,JavaScript,qwen2.5:3b,1,1,1,serverless/serverless,0,Feature,serverless__serverless-5509,0.0,0.0,0.0,0.0
0.2222222222222222,0.4,0.4,76,0.22222222222222224,0.2,0.25,0.25,issue_plus_inventory,4.185,4,1,JavaScript,qwen2.5:3b,1,5,5,serverless/serverless,0,Feature,serverless__serverless-5509,0.33333333333333337,0.2,1.0,1.0
0.3333333333333333,0.4,0.4,76,0.22222222222222224,0.2,0.25,0.25,issue_plus_hints,3.451,4,1,JavaScript,qwen2.5:3b,1,5,5,serverless/serverless,0,Feature,serverless__serverless-5509,0.5714285714285715,0.4,1.0,1.0
0.0,0.0,0.0,76,0.0,0.0,0.0,0.0,issue_only,1.007,3,2,JavaScript,qwen2.5:3b,1,1,0,serverless/serverless,0,Feature,serverless__serverless-5579,0.0,0.0,0.0,0.0
0.0,0.0,0.0,76,0.0,0.0,0.0,0.0,issue_plus_inventory,3.297,3,2,JavaScript,qwen2.5:3b,1,5,5,serverless/serverless,0,Feature,serverless__serverless-5579,0.0,0.0,0.0,0.0
0.0,0.0,0.0,76,0.0,0.0,0.0,0.0,issue_plus_hints,2.427,3,2,JavaScript,qwen2.5:3b,1,5,5,serverless/serverless,0,Feature,serverless__serverless-5579,0.0,0.0,0.0,0.0
0.0,0.0,0.0,334,0.0,0.0,0.0,0.0,issue_only,2.016,4,15,JavaScript,qwen2.5:3b,1,3,3,sveltejs/svelte,0,Feature,sveltejs__svelte-2187,0.0,0.0,0.0,0.0
0.2,0.10526315789473684,0.631578947368421,334,0.0,0.0,0.0,0.0,issue_plus_inventory,4.137,4,15,JavaScript,qwen2.5:3b,1,5,5,sveltejs/svelte,0,Feature,sveltejs__svelte-2187,0.1,0.2,0.06666666666666667,0.06666666666666667
0.2,0.10526315789473684,0.631578947368421,334,0.0,0.0,0.0,0.0,issue_plus_hints,3.092,4,15,JavaScript,qwen2.5:3b,1,5,5,sveltejs/svelte,0,Feature,sveltejs__svelte-2187,0.1,0.2,0.06666666666666667,0.06666666666666667
0.0,0.0,0.0,76,0.0,0.0,0.0,0.0,issue_only,1.723,5,4,JavaScript,qwen2.5:3b,1,1,1,serverless/serverless,0,Feature,serverless__serverless-5982,0.0,0.0,0.0,0.0
0.3,0.3333333333333333,0.3333333333333333,76,0.4000000000000001,0.4,0.4,0.4,issue_plus_inventory,3.896,5,4,JavaScript,qwen2.5:3b,1,5,5,serverless/serverless,0,Feature,serverless__serverless-5982,0.22222222222222224,0.2,0.25,0.25
0.3,0.3333333333333333,0.3333333333333333,76,0.4000000000000001,0.4,0.4,0.4,issue_plus_hints,3.103,5,4,JavaScript,qwen2.5:3b,1,5,5,serverless/serverless,0,Feature,serverless__serverless-5982,0.22222222222222224,0.2,0.25,0.25
0.0,0.0,0.0,76,0.0,0.0,0.0,0.0,issue_only,1.867,3,1,JavaScript,qwen2.5:3b,1,3,3,serverless/serverless,0,Feature,serverless__serverless-6051,0.0,0.0,0.0,0.0
0.4,1.0,1.0,76,0.7499999999999999,0.6,1.0,1.0,issue_plus_inventory,4.147,3,1,JavaScript,qwen2.5:3b,1,5,5,serverless/serverless,0,Feature,serverless__serverless-6051,0.33333333333333337,0.2,1.0,1.0
0.375,0.75,0.75,76,0.5,0.4,0.6666666666666666,0.6666666666666666,issue_plus_hints,3.79,3,1,JavaScript,qwen2.5:3b,1,5,4,serverless/serverless,0,Feature,serverless__serverless-6051,0.4,0.25,1.0,1.0
0.0,0.0,0.0,76,0.0,0.0,0.0,0.0,issue_only,1.553,3,1,JavaScript,qwen2.5:3b,1,2,2,serverless/serverless,0,Feature,serverless__serverless-6063,0.0,0.0,0.0,0.0
0.2,0.5,0.5,76,0.25,0.2,0.3333333333333333,0.3333333333333333,issue_plus_inventory,4.377,3,1,JavaScript,qwen2.5:3b,1,5,5,serverless/serverless,0,Feature,serverless__serverless-6063,0.33333333333333337,0.2,1.0,1.0
0.2,0.5,0.5,76,0.25,0.2,0.3333333333333333,0.3333333333333333,issue_plus_hints,3.899,3,1,JavaScript,qwen2.5:3b,1,5,5,serverless/serverless,0,Feature,serverless__serverless-6063,0.33333333333333337,0.2,1.0,1.0
0.0,0.0,0.0,76,0.0,0.0,0.0,0.0,issue_only,1.773,2,1,JavaScript,qwen2.5:3b,1,3,3,serverless/serverless,0,Feature,serverless__serverless-6345,0.0,0.0,0.0,0.0
0.1,0.3333333333333333,0.3333333333333333,76,0.0,0.0,0.0,0.0,issue_plus_inventory,3.617,2,1,JavaScript,qwen2.5:3b,1,5,5,serverless/serverless,0,Feature,serverless__serverless-6345,0.0,0.0,0.0,0.0
0.0,0.0,0.0,76,0.0,0.0,0.0,0.0,issue_plus_hints,2.616,2,1,JavaScript,qwen2.5:3b,1,5,5,serverless/serverless,0,Feature,serverless__serverless-6345,0.0,0.0,0.0,0.0
0.0,0.0,0.16666666666666666,77,0.0,0.0,0.0,0.0,issue_only,2.234,17,1,JavaScript,qwen2.5:3b,1,3,3,mrdoob/three.js,0,Feature,mrdoob__three.js-17649,0.0,0.0,0.0,0.0
0.3333333333333333,0.16666666666666666,0.2222222222222222,77,0.2727272727272727,0.6,0.17647058823529413,0.17647058823529413,issue_plus_inventory,3.481,17,1,JavaScript,qwen2.5:3b,1,5,5,mrdoob/three.js,0,Feature,mrdoob__three.js-17649,0.0,0.0,0.0,0.0
0.375,0.16666666666666666,0.2777777777777778,77,0.2727272727272727,0.6,0.17647058823529413,0.17647058823529413,issue_plus_hints,2.93,17,1,JavaScript,qwen2.5:3b,1,5,5,mrdoob/three.js,0,Feature,mrdoob__three.js-17649,0.0,0.0,0.0,0.0
0.0,0.0,0.5,76,0.0,0.0,0.0,0.0,issue_only,1.467,3,1,JavaScript,qwen2.5:3b,1,2,2,serverless/serverless,0,Feature,serverless__serverless-6945,0.0,0.0,0.0,0.0
0.5714285714285714,0.75,0.75,76,0.5,0.4,0.6666666666666666,0.6666666666666666,issue_plus_inventory,3.487,3,1,JavaScript,qwen2.5:3b,1,5,5,serverless/serverless,0,Feature,serverless__serverless-6945,0.5714285714285715,0.4,1.0,1.0
0.3333333333333333,0.5,0.5,76,0.3333333333333333,0.3333333333333333,0.3333333333333333,0.3333333333333333,issue_plus_hints,2.167,3,1,JavaScript,qwen2.5:3b,1,3,3,serverless/serverless,0,Feature,serverless__serverless-6945,0.5,0.3333333333333333,1.0,1.0
0.0,0.0,0.0,76,0.0,0.0,0.0,0.0,issue_only,1.926,2,1,JavaScript,qwen2.5:3b,1,3,3,serverless/serverless,0,Feature,serverless__serverless-7024,0.0,0.0,0.0,0.0
0.2,0.6666666666666666,0.6666666666666666,76,0.28571428571428575,0.2,0.5,0.5,issue_plus_inventory,3.913,2,1,JavaScript,qwen2.5:3b,1,5,5,serverless/serverless,0,Feature,serverless__serverless-7024,0.33333333333333337,0.2,1.0,1.0
0.2857142857142857,0.6666666666666666,0.6666666666666666,76,0.28571428571428575,0.2,0.5,0.5,issue_plus_hints,2.789,2,1,JavaScript,qwen2.5:3b,1,5,4,serverless/serverless,0,Feature,serverless__serverless-7024,0.4,0.25,1.0,1.0
0.0,0.0,0.0,76,0.0,0.0,0.0,0.0,issue_only,1.637,1,1,JavaScript,qwen2.5:3b,1,1,1,serverless/serverless,0,Feature,serverless__serverless-7031,0.0,0.0,0.0,0.0
0.0,0.0,0.0,76,0.0,0.0,0.0,0.0,issue_plus_inventory,3.703,1,1,JavaScript,qwen2.5:3b,1,5,5,serverless/serverless,0,Feature,serverless__serverless-7031,0.0,0.0,0.0,0.0
0.0,0.0,0.0,76,0.0,0.0,0.0,0.0,issue_plus_hints,2.945,1,1,JavaScript,qwen2.5:3b,1,5,5,serverless/serverless,0,Feature,serverless__serverless-7031,0.0,0.0,0.0,0.0
0.0,0.0,0.0,76,0.0,0.0,0.0,0.0,issue_only,1.636,3,1,JavaScript,qwen2.5:3b,1,1,1,serverless/serverless,0,Feature,serverless__serverless-7623,0.0,0.0,0.0,0.0
0.0,0.0,0.5,76,0.0,0.0,0.0,0.0,issue_plus_inventory,3.985,3,1,JavaScript,qwen2.5:3b,1,5,5,serverless/serverless,0,Feature,serverless__serverless-7623,0.0,0.0,0.0,0.0
0.0,0.0,0.5,76,0.0,0.0,0.0,0.0,issue_plus_hints,3.181,3,1,JavaScript,qwen2.5:3b,1,5,4,serverless/serverless,0,Feature,serverless__serverless-7623,0.0,0.0,0.0,0.0
0.0,0.0,0.0,335,0.0,0.0,0.0,0.0,issue_only,1.96,11,9,JavaScript,qwen2.5:3b,1,2,1,prettier/prettier,0,Feature,prettier__prettier-8381,0.0,0.0,0.0,0.0
0.75,0.3,0.55,335,0.37499999999999994,0.6,0.2727272727272727,0.2727272727272727,issue_plus_inventory,3.221,11,9,JavaScript,qwen2.5:3b,1,5,5,prettier/prettier,0,Feature,prettier__prettier-8381,0.42857142857142855,0.6,0.3333333333333333,0.3333333333333333
0.75,0.3,0.55,335,0.37499999999999994,0.6,0.2727272727272727,0.2727272727272727,issue_plus_hints,2.502,11,9,JavaScript,qwen2.5:3b,1,5,5,prettier/prettier,0,Feature,prettier__prettier-8381,0.42857142857142855,0.6,0.3333333333333333,0.3333333333333333
0.0,0.0,0.0,335,0.0,0.0,0.0,0.0,issue_only,1.704,4,13,JavaScript,qwen2.5:3b,1,1,2,prettier/prettier,0,Feature,prettier__prettier-8465,0.0,0.0,0.0,0.0
0.8571428571428571,0.35294117647058826,0.47058823529411764,335,0.0,0.0,0.0,0.0,issue_plus_inventory,3.795,4,13,JavaScript,qwen2.5:3b,1,5,5,prettier/prettier,0,Feature,prettier__prettier-8465,0.5555555555555556,1.0,0.38461538461538464,0.38461538461538464
0.75,0.35294117647058826,0.35294117647058826,335,0.22222222222222224,0.2,0.25,0.25,issue_plus_hints,3.109,4,13,JavaScript,qwen2.5:3b,1,5,5,prettier/prettier,0,Feature,prettier__prettier-8465,0.4444444444444444,0.8,0.3076923076923077,0.3076923076923077
0.0,0.0,0.0,334,0.0,0.0,0.0,0.0,issue_only,1.554,5,5,JavaScript,qwen2.5:3b,1,1,2,sveltejs/svelte,0,Feature,sveltejs__svelte-5442,0.0,0.0,0.0,0.0
0.5555555555555556,0.5,0.6,334,0.20000000000000004,0.2,0.2,0.2,issue_plus_inventory,4.295,5,5,JavaScript,qwen2.5:3b,1,5,5,sveltejs/svelte,0,Feature,sveltejs__svelte-5442,0.4000000000000001,0.4,0.4,0.4
0.5555555555555556,0.5,0.6,334,0.20000000000000004,0.2,0.2,0.2,issue_plus_hints,3.27,5,5,JavaScript,qwen2.5:3b,1,5,5,sveltejs/svelte,0,Feature,sveltejs__svelte-5442,0.4000000000000001,0.4,0.4,0.4
0.2,0.25,0.25,77,0.4,0.5,0.3333333333333333,0.3333333333333333,issue_only,1.97,3,1,JavaScript,qwen2.5:3b,1,2,3,mrdoob/three.js,0,Feature,mrdoob__three.js-20478,0.0,0.0,0.0,0.0
0.6666666666666666,0.5,0.5,77,0.4,0.5,0.3333333333333333,0.3333333333333333,issue_plus_inventory,2.359,3,1,JavaScript,qwen2.5:3b,1,2,2,mrdoob/three.js,0,Feature,mrdoob__three.js-20478,0.6666666666666666,0.5,1.0,1.0
1.0,0.5,0.5,77,0.4,0.5,0.3333333333333333,0.3333333333333333,issue_plus_hints,1.602,3,1,JavaScript,qwen2.5:3b,1,2,1,mrdoob/three.js,0,Feature,mrdoob__three.js-20478,1.0,1.0,1.0,1.0
0.0,0.0,0.0,76,0.0,0.0,0.0,0.0,issue_only,1.726,4,1,JavaScript,qwen2.5:3b,1,1,1,serverless/serverless,0,Feature,serverless__serverless-8638,0.0,0.0,0.0,0.0
0.1,0.2,0.2,76,0.22222222222222224,0.2,0.25,0.25,issue_plus_inventory,4.003,4,1,JavaScript,qwen2.5:3b,1,5,5,serverless/serverless,0,Feature,serverless__serverless-8638,0.0,0.0,0.0,0.0
0.2,0.4,0.4,76,0.22222222222222224,0.2,0.25,0.25,issue_plus_hints,2.924,4,1,JavaScript,qwen2.5:3b,1,5,5,serverless/serverless,0,Feature,serverless__serverless-8638,0.33333333333333337,0.2,1.0,1.0
0.0,0.0,0.0,335,0.0,0.0,0.0,0.0,issue_only,2.428,2,4,JavaScript,qwen2.5:3b,1,3,3,prettier/prettier,0,Feature,prettier__prettier-10109,0.0,0.0,0.0,0.0
0.3333333333333333,0.5,0.6666666666666666,335,0.28571428571428575,0.2,0.5,0.5,issue_plus_inventory,3.859,2,4,JavaScript,qwen2.5:3b,1,5,5,prettier/prettier,0,Feature,prettier__prettier-10109,0.22222222222222224,0.2,0.25,0.25
0.3333333333333333,0.5,0.6666666666666666,335,0.28571428571428575,0.2,0.5,0.5,issue_plus_hints,3.096,2,4,JavaScript,qwen2.5:3b,1,5,5,prettier/prettier,0,Feature,prettier__prettier-10109,0.22222222222222224,0.2,0.25,0.25
0.5,0.2,0.2,77,0.4,1.0,0.25,0.25,issue_only,1.349,4,1,JavaScript,qwen2.5:3b,1,1,1,mrdoob/three.js,0,Feature,mrdoob__three.js-21532,0.0,0.0,0.0,0.0
1.0,0.4,0.4,77,0.3333333333333333,0.5,0.25,0.25,issue_plus_inventory,2.109,4,1,JavaScript,qwen2.5:3b,1,2,1,mrdoob/three.js,0,Feature,mrdoob__three.js-21532,1.0,1.0,1.0,1.0
1.0,0.6,0.6,77,0.5714285714285715,0.6666666666666666,0.5,0.5,issue_plus_hints,2.989,4,1,JavaScript,qwen2.5:3b,1,3,2,mrdoob/three.js,0,Feature,mrdoob__three.js-21532,0.6666666666666666,0.5,1.0,1.0
0.0,0.0,0.0,334,0.0,0.0,0.0,0.0,issue_only,1.891,1,8,JavaScript,qwen2.5:3b,1,2,2,sveltejs/svelte,0,Feature,sveltejs__svelte-6223,0.0,0.0,0.0,0.0
0.0,0.0,0.3333333333333333,334,0.0,0.0,0.0,0.0,issue_plus_inventory,3.338,1,8,JavaScript,qwen2.5:3b,1,3,3,sveltejs/svelte,0,Feature,sveltejs__svelte-6223,0.0,0.0,0.0,0.0
0.0,0.0,0.4444444444444444,334,0.0,0.0,0.0,0.0,issue_plus_hints,3.34,1,8,JavaScript,qwen2.5:3b,1,5,5,sveltejs/svelte,0,Feature,sveltejs__svelte-6223,0.0,0.0,0.0,0.0
0.0,0.0,0.2,77,0.0,0.0,0.0,0.0,issue_only,1.513,4,1,JavaScript,qwen2.5:3b,1,1,2,mrdoob/three.js,0,Feature,mrdoob__three.js-21826,0.0,0.0,0.0,0.0
0.25,0.2,0.4,77,0.0,0.0,0.0,0.0,issue_plus_inventory,2.33,4,1,JavaScript,qwen2.5:3b,1,2,2,mrdoob/three.js,0,Feature,mrdoob__three.js-21826,0.0,0.0,0.0,0.0
0.5,0.2,0.4,77,0.0,0.0,0.0,0.0,issue_plus_hints,1.665,4,1,JavaScript,qwen2.5:3b,1,2,1,mrdoob/three.js,0,Feature,mrdoob__three.js-21826,1.0,1.0,1.0,1.0
0.0,0.0,0.058823529411764705,335,0.0,0.0,0.0,0.0,issue_only,2.836,8,9,JavaScript,qwen2.5:3b,1,5,4,prettier/prettier,0,Feature,prettier__prettier-10910,0.0,0.0,0.0,0.0
0.1,0.058823529411764705,0.29411764705882354,335,0.0,0.0,0.0,0.0,issue_plus_inventory,3.061,8,9,JavaScript,qwen2.5:3b,1,5,5,prettier/prettier,0,Feature,prettier__prettier-10910,0.14285714285714285,0.2,0.1111111111111111,0.1111111111111111
0.1,0.058823529411764705,0.29411764705882354,335,0.0,0.0,0.0,0.0,issue_plus_hints,2.432,8,9,JavaScript,qwen2.5:3b,1,5,5,prettier/prettier,0,Feature,prettier__prettier-10910,0.14285714285714285,0.2,0.1111111111111111,0.1111111111111111
0.0,0.0,0.0,334,0.0,0.0,0.0,0.0,issue_only,1.643,4,4,JavaScript,qwen2.5:3b,1,2,2,sveltejs/svelte,0,Feature,sveltejs__svelte-6528,0.0,0.0,0.0,0.0
0.2,0.25,0.25,334,0.0,0.0,0.0,0.0,issue_plus_inventory,4.322,4,4,JavaScript,qwen2.5:3b,1,5,5,sveltejs/svelte,0,Feature,sveltejs__svelte-6528,0.22222222222222224,0.2,0.25,0.25
0.2,0.25,0.25,334,0.0,0.0,0.0,0.0,issue_plus_hints,3.355,4,4,JavaScript,qwen2.5:3b,1,5,5,sveltejs/svelte,0,Feature,sveltejs__svelte-6528,0.22222222222222224,0.2,0.25,0.25
0.0,0.0,0.0,334,0.0,0.0,0.0,0.0,issue_only,1.915,1,4,JavaScript,qwen2.5:3b,1,3,2,sveltejs/svelte,0,Feature,sveltejs__svelte-6564,0.0,0.0,0.0,0.0
0.5,0.6,1.0,334,0.5,0.3333333333333333,1.0,1.0,issue_plus_inventory,3.261,1,4,JavaScript,qwen2.5:3b,1,3,3,sveltejs/svelte,0,Feature,sveltejs__svelte-6564,0.28571428571428575,0.3333333333333333,0.25,0.25
0.3,0.6,1.0,334,0.33333333333333337,0.2,1.0,1.0,issue_plus_hints,3.394,1,4,JavaScript,qwen2.5:3b,1,5,5,sveltejs/svelte,0,Feature,sveltejs__svelte-6564,0.22222222222222224,0.2,0.25,0.25
0.0,0.0,0.0,334,0.0,0.0,0.0,0.0,issue_only,1.959,1,3,JavaScript,qwen2.5:3b,1,3,2,sveltejs/svelte,0,Feature,sveltejs__svelte-6613,0.0,0.0,0.0,0.0
0.0,0.0,0.5,334,0.0,0.0,0.0,0.0,issue_plus_inventory,4.416,1,3,JavaScript,qwen2.5:3b,1,5,5,sveltejs/svelte,0,Feature,sveltejs__svelte-6613,0.0,0.0,0.0,0.0
0.125,0.25,0.5,334,0.33333333333333337,0.2,1.0,1.0,issue_plus_hints,3.534,1,3,JavaScript,qwen2.5:3b,1,5,5,sveltejs/svelte,0,Feature,sveltejs__svelte-6613,0.0,0.0,0.0,0.0
0.0,0.0,0.0,334,0.0,0.0,0.0,0.0,issue_only,2.147,2,1,JavaScript,qwen2.5:3b,1,3,3,sveltejs/svelte,0,Feature,sveltejs__svelte-6838,0.0,0.0,0.0,0.0
0.0,0.0,0.0,334,0.0,0.0,0.0,0.0,issue_plus_inventory,3.36,2,1,JavaScript,qwen2.5:3b,1,3,3,sveltejs/svelte,0,Feature,sveltejs__svelte-6838,0.0,0.0,0.0,0.0
0.0,0.0,0.0,334,0.0,0.0,0.0,0.0,issue_plus_hints,3.072,2,1,JavaScript,qwen2.5:3b,1,5,4,sveltejs/svelte,0,Feature,sveltejs__svelte-6838,0.0,0.0,0.0,0.0
0.0,0.0,0.0,76,0.0,0.0,0.0,0.0,issue_only,1.5,1,1,JavaScript,qwen2.5:3b,1,1,1,serverless/serverless,0,Feature,serverless__serverless-10120,0.0,0.0,0.0,0.0
0.3333333333333333,1.0,1.0,76,0.33333333333333337,0.2,1.0,1.0,issue_plus_inventory,3.661,1,1,JavaScript,qwen2.5:3b,1,5,5,serverless/serverless,0,Feature,serverless__serverless-10120,0.33333333333333337,0.2,1.0,1.0
0.2222222222222222,1.0,1.0,76,0.33333333333333337,0.2,1.0,1.0,issue_plus_hints,2.991,1,1,JavaScript,qwen2.5:3b,1,5,5,serverless/serverless,0,Feature,serverless__serverless-10120,0.33333333333333337,0.2,1.0,1.0
0.0,0.0,0.25,77,0.0,0.0,0.0,0.0,issue_only,1.49,2,2,JavaScript,qwen2.5:3b,1,2,1,mrdoob/three.js,0,Feature,mrdoob__three.js-23596,0.0,0.0,0.0,0.0
0.1,0.25,0.5,77,0.28571428571428575,0.2,0.5,0.5,issue_plus_inventory,3.862,2,2,JavaScript,qwen2.5:3b,1,5,5,mrdoob/three.js,0,Feature,mrdoob__three.js-23596,0.0,0.0,0.0,0.0
0.1,0.25,0.5,77,0.28571428571428575,0.2,0.5,0.5,issue_plus_hints,3.214,2,2,JavaScript,qwen2.5:3b,1,5,5,mrdoob/three.js,0,Feature,mrdoob__three.js-23596,0.0,0.0,0.0,0.0
0.5,0.2,0.2,77,0.5,1.0,0.3333333333333333,0.3333333333333333,issue_only,1.981,9,6,JavaScript,qwen2.5:3b,1,3,3,mrdoob/three.js,0,Feature,mrdoob__three.js-23796,0.0,0.0,0.0,0.0
1.0,0.4,0.4,77,0.5,1.0,0.3333333333333333,0.3333333333333333,issue_plus_inventory,2.509,9,6,JavaScript,qwen2.5:3b,1,3,3,mrdoob/three.js,0,Feature,mrdoob__three.js-23796,0.6666666666666666,1.0,0.5,0.5
1.0,0.4,0.4,77,0.5,1.0,0.3333333333333333,0.3333333333333333,issue_plus_hints,1.847,9,6,JavaScript,qwen2.5:3b,1,3,3,mrdoob/three.js,0,Feature,mrdoob__three.js-23796,0.6666666666666666,1.0,0.5,0.5
0.0,0.0,0.0,335,0.0,0.0,0.0,0.0,issue_only,1.354,3,1,JavaScript,qwen2.5:3b,1,1,2,prettier/prettier,0,Feature,prettier__prettier-14108,0.0,0.0,0.0,0.0
0.0,0.0,0.0,335,0.0,0.0,0.0,0.0,issue_plus_inventory,4.219,3,1,JavaScript,qwen2.5:3b,1,5,4,prettier/prettier,0,Feature,prettier__prettier-14108,0.0,0.0,0.0,0.0
0.0,0.0,0.0,335,0.0,0.0,0.0,0.0,issue_plus_hints,3.298,3,1,JavaScript,qwen2.5:3b,1,5,4,prettier/prettier,0,Feature,prettier__prettier-14108,0.0,0.0,0.0,0.0
0.0,0.0,0.0,335,0.0,0.0,0.0,0.0,issue_only,1.621,4,1,JavaScript,qwen2.5:3b,1,3,3,prettier/prettier,0,Feature,prettier__prettier-14317,0.0,0.0,0.0,0.0
0.0,0.0,0.0,335,0.0,0.0,0.0,0.0,issue_plus_inventory,3.349,4,1,JavaScript,qwen2.5:3b,1,5,5,prettier/prettier,0,Feature,prettier__prettier-14317,0.0,0.0,0.0,0.0
0.0,0.0,0.0,335,0.0,0.0,0.0,0.0,issue_plus_hints,2.464,4,1,JavaScript,qwen2.5:3b,1,5,5,prettier/prettier,0,Feature,prettier__prettier-14317,0.0,0.0,0.0,0.0
0.0,0.0,0.0,335,0.0,0.0,0.0,0.0,issue_only,2.128,2,3,JavaScript,qwen2.5:3b,1,2,2,prettier/prettier,0,Feature,prettier__prettier-16765,0.0,0.0,0.0,0.0
0.14285714285714285,0.2,0.2,335,0.28571428571428575,0.2,0.5,0.5,issue_plus_inventory,3.523,2,3,JavaScript,qwen2.5:3b,1,5,4,prettier/prettier,0,Feature,prettier__prettier-16765,0.0,0.0,0.0,0.0
0.42857142857142855,0.6,0.6,335,0.28571428571428575,0.2,0.5,0.5,issue_plus_hints,3.094,2,3,JavaScript,qwen2.5:3b,1,5,5,prettier/prettier,0,Feature,prettier__prettier-16765,0.25,0.2,0.3333333333333333,0.3333333333333333
0.25,0.3333333333333333,0.3333333333333333,89,0.5,0.5,0.5,0.5,issue_only,1.407,2,1,Python,qwen2.5:3b,1,2,2,keras-team/keras,0,Feature,keras-team__keras-3907,0.0,0.0,0.0,0.0
0.0,0.0,0.0,89,0.0,0.0,0.0,0.0,issue_plus_inventory,3.488,2,1,Python,qwen2.5:3b,1,5,5,keras-team/keras,0,Feature,keras-team__keras-3907,0.0,0.0,0.0,0.0
0.0,0.0,0.0,89,0.0,0.0,0.0,0.0,issue_plus_hints,2.717,2,1,Python,qwen2.5:3b,1,5,5,keras-team/keras,0,Feature,keras-team__keras-3907,0.0,0.0,0.0,0.0
0.3333333333333333,0.5,0.5,89,1.0,1.0,1.0,1.0,issue_only,1.558,1,1,Python,qwen2.5:3b,1,1,2,keras-team/keras,0,Feature,keras-team__keras-3983,0.0,0.0,0.0,0.0
0.3333333333333333,1.0,1.0,89,0.33333333333333337,0.2,1.0,1.0,issue_plus_inventory,3.352,1,1,Python,qwen2.5:3b,1,5,5,keras-team/keras,0,Feature,keras-team__keras-3983,0.33333333333333337,0.2,1.0,1.0
0.4,1.0,1.0,89,0.33333333333333337,0.2,1.0,1.0,issue_plus_hints,2.746,1,1,Python,qwen2.5:3b,1,5,5,keras-team/keras,0,Feature,keras-team__keras-3983,0.33333333333333337,0.2,1.0,1.0
0.0,0.0,0.0,212,0.0,0.0,0.0,0.0,issue_only,1.491,3,1,Python,qwen2.5:3b,1,1,2,huggingface/transformers,0,Feature,huggingface__transformers-6744,0.0,0.0,0.0,0.0
0.0,0.0,0.0,212,0.0,0.0,0.0,0.0,issue_plus_inventory,3.42,3,1,Python,qwen2.5:3b,1,5,4,huggingface/transformers,0,Feature,huggingface__transformers-6744,0.0,0.0,0.0,0.0
0.1,0.25,0.25,212,0.25,0.2,0.3333333333333333,0.3333333333333333,issue_plus_hints,2.818,3,1,Python,qwen2.5:3b,1,5,5,huggingface/transformers,0,Feature,huggingface__transformers-6744,0.0,0.0,0.0,0.0
0.3333333333333333,0.14285714285714285,0.2857142857142857,212,0.0,0.0,0.0,0.0,issue_only,1.66,3,4,Python,qwen2.5:3b,1,1,2,huggingface/transformers,0,Feature,huggingface__transformers-7562,0.3333333333333333,0.5,0.25,0.25
0.6666666666666666,0.2857142857142857,0.2857142857142857,212,0.3333333333333333,0.3333333333333333,0.3333333333333333,0.3333333333333333,issue_plus_inventory,2.472,3,4,Python,qwen2.5:3b,1,3,1,huggingface/transformers,0,Feature,huggingface__transformers-7562,0.4,1.0,0.25,0.25
0.5,0.2857142857142857,0.2857142857142857,212,0.3333333333333333,0.3333333333333333,0.3333333333333333,0.3333333333333333,issue_plus_hints,1.818,3,4,Python,qwen2.5:3b,1,3,2,huggingface/transformers,0,Feature,huggingface__transformers-7562,0.3333333333333333,0.5,0.25,0.25
0.3333333333333333,0.25,0.5,212,0.0,0.0,0.0,0.0,issue_only,1.703,3,1,Python,qwen2.5:3b,1,1,2,huggingface/transformers,0,Feature,huggingface__transformers-13573,0.6666666666666666,0.5,1.0,1.0
0.6,0.75,0.75,212,0.6666666666666666,0.6666666666666666,0.6666666666666666,0.6666666666666666,issue_plus_inventory,3.274,3,1,Python,qwen2.5:3b,1,3,2,huggingface/transformers,0,Feature,huggingface__transformers-13573,0.6666666666666666,0.5,1.0,1.0
0.3333333333333333,0.75,0.75,212,0.5,0.4,0.6666666666666666,0.6666666666666666,issue_plus_hints,3.375,3,1,Python,qwen2.5:3b,1,5,5,huggingface/transformers,0,Feature,huggingface__transformers-13573,0.33333333333333337,0.2,1.0,1.0
0.3333333333333333,0.125,0.25,212,0.0,0.0,0.0,0.0,issue_only,1.829,4,4,Python,qwen2.5:3b,1,1,2,huggingface/transformers,0,Feature,huggingface__transformers-13989,0.3333333333333333,0.5,0.25,0.25
0.8,0.5,0.5,212,0.5714285714285715,0.6666666666666666,0.5,0.5,issue_plus_inventory,2.761,4,4,Python,qwen2.5:3b,1,3,2,huggingface/transformers,0,Feature,huggingface__transformers-13989,0.6666666666666666,1.0,0.5,0.5
0.8,0.5,0.5,212,0.5714285714285715,0.6666666666666666,0.5,0.5,issue_plus_hints,1.973,4,4,Python,qwen2.5:3b,1,3,2,huggingface/transformers,0,Feature,huggingface__transformers-13989,0.6666666666666666,1.0,0.5,0.5
0.16666666666666666,0.06666666666666667,0.2,36,0.11764705882352941,0.3333333333333333,0.07142857142857142,0.07142857142857142,issue_only,2.604,14,1,Python,qwen2.5:3b,1,3,3,yt-dlp/yt-dlp,0,Feature,yt-dlp__yt-dlp-1649,0.0,0.0,0.0,0.0
0.6,0.4,0.5333333333333333,36,0.5263157894736842,1.0,0.35714285714285715,0.35714285714285715,issue_plus_inventory,2.67,14,1,Python,qwen2.5:3b,1,5,5,yt-dlp/yt-dlp,0,Feature,yt-dlp__yt-dlp-1649,0.33333333333333337,0.2,1.0,1.0
0.6,0.4,0.5333333333333333,36,0.5263157894736842,1.0,0.35714285714285715,0.35714285714285715,issue_plus_hints,2.507,14,1,Python,qwen2.5:3b,1,5,5,yt-dlp/yt-dlp,0,Feature,yt-dlp__yt-dlp-1649,0.33333333333333337,0.2,1.0,1.0
0.25,0.25,0.5,212,0.5,1.0,0.3333333333333333,0.3333333333333333,issue_only,1.937,3,1,Python,qwen2.5:3b,1,1,3,huggingface/transformers,0,Feature,huggingface__transformers-15473,0.0,0.0,0.0,0.0
0.2,0.5,0.5,212,0.25,0.2,0.3333333333333333,0.3333333333333333,issue_plus_inventory,3.678,3,1,Python,qwen2.5:3b,1,5,5,huggingface/transformers,0,Feature,huggingface__transformers-15473,0.33333333333333337,0.2,1.0,1.0
0.2857142857142857,0.5,0.5,212,0.25,0.2,0.3333333333333333,0.3333333333333333,issue_plus_hints,2.544,3,1,Python,qwen2.5:3b,1,5,3,huggingface/transformers,0,Feature,huggingface__transformers-15473,0.5,0.3333333333333333,1.0,1.0
0.25,0.5,0.5,212,1.0,1.0,1.0,1.0,issue_only,1.677,1,1,Python,qwen2.5:3b,1,1,3,huggingface/transformers,0,Feature,huggingface__transformers-15795,0.0,0.0,0.0,0.0
0.2,1.0,1.0,212,0.33333333333333337,0.2,1.0,1.0,issue_plus_inventory,3.369,1,1,Python,qwen2.5:3b,1,5,5,huggingface/transformers,0,Feature,huggingface__transformers-15795,0.33333333333333337,0.2,1.0,1.0
0.2,1.0,1.0,212,0.33333333333333337,0.2,1.0,1.0,issue_plus_hints,2.923,1,1,Python,qwen2.5:3b,1,5,5,huggingface/transformers,0,Feature,huggingface__transformers-15795,0.33333333333333337,0.2,1.0,1.0
0.5714285714285714,0.6666666666666666,1.0,212,1.0,1.0,1.0,1.0,issue_only,2.648,4,2,Python,qwen2.5:3b,1,4,3,huggingface/transformers,0,Feature,huggingface__transformers-15831,0.0,0.0,0.0,0.0
0.375,0.5,0.6666666666666666,212,0.6666666666666665,0.6,0.75,0.75,issue_plus_inventory,3.995,4,2,Python,qwen2.5:3b,1,5,5,huggingface/transformers,0,Feature,huggingface__transformers-15831,0.0,0.0,0.0,0.0
0.6,0.5,0.5,212,0.8571428571428571,1.0,0.75,0.75,issue_plus_hints,2.233,4,2,Python,qwen2.5:3b,1,3,2,huggingface/transformers,0,Feature,huggingface__transformers-15831,0.0,0.0,0.0,0.0
0.5,0.5,0.5,212,1.0,1.0,1.0,1.0,issue_only,1.317,1,1,Python,qwen2.5:3b,1,1,1,huggingface/transformers,0,Feature,huggingface__transformers-15913,0.0,0.0,0.0,0.0
0.1,0.5,0.5,212,0.33333333333333337,0.2,1.0,1.0,issue_plus_inventory,4.402,1,1,Python,qwen2.5:3b,1,5,5,huggingface/transformers,0,Feature,huggingface__transformers-15913,0.0,0.0,0.0,0.0
0.3333333333333333,0.5,0.5,212,1.0,1.0,1.0,1.0,issue_plus_hints,1.653,1,1,Python,qwen2.5:3b,1,1,2,huggingface/transformers,0,Feature,huggingface__transformers-15913,0.0,0.0,0.0,0.0
0.0,0.0,0.0625,36,0.0,0.0,0.0,0.0,issue_only,1.537,5,11,Python,qwen2.5:3b,1,1,2,yt-dlp/yt-dlp,0,Feature,yt-dlp__yt-dlp-3435,0.0,0.0,0.0,0.0
0.0,0.0,0.0,36,0.0,0.0,0.0,0.0,issue_plus_inventory,1.985,5,11,Python,qwen2.5:3b,1,3,3,yt-dlp/yt-dlp,0,Feature,yt-dlp__yt-dlp-3435,0.0,0.0,0.0,0.0
0.0,0.0,0.0,36,0.0,0.0,0.0,0.0,issue_plus_hints,2.392,5,11,Python,qwen2.5:3b,1,5,5,yt-dlp/yt-dlp,0,Feature,yt-dlp__yt-dlp-3435,0.0,0.0,0.0,0.0
0.0,0.0,0.0,36,0.0,0.0,0.0,0.0,issue_only,2.306,3,1,Python,qwen2.5:3b,1,2,2,yt-dlp/yt-dlp,0,Feature,yt-dlp__yt-dlp-4524,0.0,0.0,0.0,0.0
0.2,0.5,0.5,36,0.25,0.2,0.3333333333333333,0.3333333333333333,issue_plus_inventory,2.993,3,1,Python,qwen2.5:3b,1,5,5,yt-dlp/yt-dlp,0,Feature,yt-dlp__yt-dlp-4524,0.33333333333333337,0.2,1.0,1.0
0.0,0.0,0.0,36,0.0,0.0,0.0,0.0,issue_plus_hints,2.718,3,1,Python,qwen2.5:3b,1,5,5,yt-dlp/yt-dlp,0,Feature,yt-dlp__yt-dlp-4524,0.0,0.0,0.0,0.0
0.0,0.0,0.0,212,0.0,0.0,0.0,0.0,issue_only,1.376,1,1,Python,qwen2.5:3b,1,1,2,huggingface/transformers,0,Feature,huggingface__transformers-19219,0.0,0.0,0.0,0.0
0.0,0.0,0.5,212,0.0,0.0,0.0,0.0,issue_plus_inventory,3.363,1,1,Python,qwen2.5:3b,1,5,5,huggingface/transformers,0,Feature,huggingface__transformers-19219,0.0,0.0,0.0,0.0
0.0,0.0,0.5,212,0.0,0.0,0.0,0.0,issue_plus_hints,2.886,1,1,Python,qwen2.5:3b,1,5,5,huggingface/transformers,0,Feature,huggingface__transformers-19219,0.0,0.0,0.0,0.0
0.0,0.0,1.0,212,0.0,0.0,0.0,0.0,issue_only,2.075,1,1,Python,qwen2.5:3b,1,1,3,huggingface/transformers,0,Feature,huggingface__transformers-19590,0.0,0.0,0.0,0.0
0.3333333333333333,1.0,1.0,212,0.5,0.3333333333333333,1.0,1.0,issue_plus_inventory,3.194,1,1,Python,qwen2.5:3b,1,3,3,huggingface/transformers,0,Feature,huggingface__transformers-19590,0.5,0.3333333333333333,1.0,1.0
0.2,1.0,1.0,212,0.33333333333333337,0.2,1.0,1.0,issue_plus_hints,2.989,1,1,Python,qwen2.5:3b,1,5,5,huggingface/transformers,0,Feature,huggingface__transformers-19590,0.33333333333333337,0.2,1.0,1.0
0.3333333333333333,0.14285714285714285,0.14285714285714285,212,0.33333333333333337,1.0,0.2,0.2,issue_only,1.754,5,2,Python,qwen2.5:3b,1,1,2,huggingface/transformers,0,Feature,huggingface__transformers-20136,0.0,0.0,0.0,0.0
0.2,0.2857142857142857,0.2857142857142857,212,0.4000000000000001,0.4,0.4,0.4,issue_plus_inventory,3.376,5,2,Python,qwen2.5:3b,1,5,5,huggingface/transformers,0,Feature,huggingface__transformers-20136,0.0,0.0,0.0,0.0
0.2,0.2857142857142857,0.2857142857142857,212,0.4000000000000001,0.4,0.4,0.4,issue_plus_hints,2.911,5,2,Python,qwen2.5:3b,1,5,5,huggingface/transformers,0,Feature,huggingface__transformers-20136,0.0,0.0,0.0,0.0
0.0,0.0,0.5,212,0.0,0.0,0.0,0.0,issue_only,2.061,1,1,Python,qwen2.5:3b,1,1,2,huggingface/transformers,0,Feature,huggingface__transformers-21345,0.0,0.0,0.0,0.0
0.1,0.5,1.0,212,0.33333333333333337,0.2,1.0,1.0,issue_plus_inventory,4.186,1,1,Python,qwen2.5:3b,1,5,5,huggingface/transformers,0,Feature,huggingface__transformers-21345,0.0,0.0,0.0,0.0
0.1,0.5,1.0,212,0.33333333333333337,0.2,1.0,1.0,issue_plus_hints,3.088,1,1,Python,qwen2.5:3b,1,5,5,huggingface/transformers,0,Feature,huggingface__transformers-21345,0.0,0.0,0.0,0.0
0.0,0.0,0.0,212,0.0,0.0,0.0,0.0,issue_only,1.865,1,1,Python,qwen2.5:3b,1,1,2,huggingface/transformers,0,Feature,huggingface__transformers-21768,0.0,0.0,0.0,0.0
0.1,0.5,1.0,212,0.33333333333333337,0.2,1.0,1.0,issue_plus_inventory,3.711,1,1,Python,qwen2.5:3b,1,5,5,huggingface/transformers,0,Feature,huggingface__transformers-21768,0.0,0.0,0.0,0.0
0.1,0.5,1.0,212,0.33333333333333337,0.2,1.0,1.0,issue_plus_hints,2.525,1,1,Python,qwen2.5:3b,1,5,5,huggingface/transformers,0,Feature,huggingface__transformers-21768,0.0,0.0,0.0,0.0
0.3333333333333333,0.5,0.5,212,1.0,1.0,1.0,1.0,issue_only,1.896,1,1,Python,qwen2.5:3b,1,1,2,huggingface/transformers,0,Feature,huggingface__transformers-23126,0.0,0.0,0.0,0.0
0.16666666666666666,0.5,1.0,212,0.33333333333333337,0.2,1.0,1.0,issue_plus_inventory,3.498,1,1,Python,qwen2.5:3b,1,5,5,huggingface/transformers,0,Feature,huggingface__transformers-23126,0.0,0.0,0.0,0.0
0.2222222222222222,1.0,1.0,212,0.33333333333333337,0.2,1.0,1.0,issue_plus_hints,2.902,1,1,Python,qwen2.5:3b,1,5,5,huggingface/transformers,0,Feature,huggingface__transformers-23126,0.33333333333333337,0.2,1.0,1.0
0.3333333333333333,0.5,0.5,43,1.0,1.0,1.0,1.0,issue_only,1.572,1,1,Python,qwen2.5:3b,1,1,2,langchain-ai/langchain,0,Feature,langchain-ai__langchain-5450,0.0,0.0,0.0,0.0
0.2,1.0,1.0,43,0.33333333333333337,0.2,1.0,1.0,issue_plus_inventory,3.503,1,1,Python,qwen2.5:3b,1,5,5,langchain-ai/langchain,0,Feature,langchain-ai__langchain-5450,0.33333333333333337,0.2,1.0,1.0
0.2,1.0,1.0,43,0.33333333333333337,0.2,1.0,1.0,issue_plus_hints,2.931,1,1,Python,qwen2.5:3b,1,5,5,langchain-ai/langchain,0,Feature,langchain-ai__langchain-5450,0.33333333333333337,0.2,1.0,1.0
0.0,0.0,0.16666666666666666,212,0.0,0.0,0.0,0.0,issue_only,1.758,10,2,Python,qwen2.5:3b,1,1,2,huggingface/transformers,0,Feature,huggingface__transformers-24510,0.0,0.0,0.0,0.0
0.0,0.0,0.08333333333333333,212,0.0,0.0,0.0,0.0,issue_plus_inventory,3.576,10,2,Python,qwen2.5:3b,1,5,5,huggingface/transformers,0,Feature,huggingface__transformers-24510,0.0,0.0,0.0,0.0
0.0,0.0,0.08333333333333333,212,0.0,0.0,0.0,0.0,issue_plus_hints,2.841,10,2,Python,qwen2.5:3b,1,5,5,huggingface/transformers,0,Feature,huggingface__transformers-24510,0.0,0.0,0.0,0.0
0.3333333333333333,0.5,1.0,212,1.0,1.0,1.0,1.0,issue_only,1.437,1,1,Python,qwen2.5:3b,1,1,2,huggingface/transformers,0,Feature,huggingface__transformers-26386,0.0,0.0,0.0,0.0
0.25,1.0,1.0,212,0.33333333333333337,0.2,1.0,1.0,issue_plus_inventory,4.282,1,1,Python,qwen2.5:3b,1,5,5,huggingface/transformers,0,Feature,huggingface__transformers-26386,0.33333333333333337,0.2,1.0,1.0
1.0,1.0,1.0,212,0.6666666666666666,0.5,1.0,1.0,issue_plus_hints,1.818,1,1,Python,qwen2.5:3b,1,2,1,huggingface/transformers,0,Feature,huggingface__transformers-26386,1.0,1.0,1.0,1.0
0.0,0.0,0.3333333333333333,212,0.0,0.0,0.0,0.0,issue_only,2.034,2,1,Python,qwen2.5:3b,1,1,2,huggingface/transformers,0,Feature,huggingface__transformers-26568,0.0,0.0,0.0,0.0
1.0,1.0,1.0,212,1.0,1.0,1.0,1.0,issue_plus_inventory,2.737,2,1,Python,qwen2.5:3b,1,2,1,huggingface/transformers,0,Feature,huggingface__transformers-26568,1.0,1.0,1.0,1.0
1.0,1.0,1.0,212,1.0,1.0,1.0,1.0,issue_plus_hints,1.707,2,1,Python,qwen2.5:3b,1,2,1,huggingface/transformers,0,Feature,huggingface__transformers-26568,1.0,1.0,1.0,1.0
0.0,0.0,0.0,89,0.0,0.0,0.0,0.0,issue_only,1.132,5,1,Python,qwen2.5:3b,1,1,1,keras-team/keras,0,Feature,keras-team__keras-18649,0.0,0.0,0.0,0.0
0.0,0.0,1.0,89,0.0,0.0,0.0,0.0,issue_plus_inventory,2.609,5,1,Python,qwen2.5:3b,1,3,3,keras-team/keras,0,Feature,keras-team__keras-18649,0.0,0.0,0.0,0.0
0.0,0.0,1.0,89,0.0,0.0,0.0,0.0,issue_plus_hints,1.907,5,1,Python,qwen2.5:3b,1,3,3,keras-team/keras,0,Feature,keras-team__keras-18649,0.0,0.0,0.0,0.0
0.5,0.25,0.25,212,0.5,1.0,0.3333333333333333,0.3333333333333333,issue_only,1.877,3,1,Python,qwen2.5:3b,1,1,1,huggingface/transformers,0,Feature,huggingface__transformers-27463,0.0,0.0,0.0,0.0
0.2222222222222222,0.5,0.5,212,0.25,0.2,0.3333333333333333,0.3333333333333333,issue_plus_inventory,3.965,3,1,Python,qwen2.5:3b,1,5,5,huggingface/transformers,0,Feature,huggingface__transformers-27463,0.33333333333333337,0.2,1.0,1.0
1.0,0.5,0.5,212,0.5,1.0,0.3333333333333333,0.3333333333333333,issue_plus_hints,1.344,3,1,Python,qwen2.5:3b,1,1,1,huggingface/transformers,0,Feature,huggingface__transformers-27463,1.0,1.0,1.0,1.0
0.0,0.0,0.5,212,0.0,0.0,0.0,0.0,issue_only,1.477,3,1,Python,qwen2.5:3b,1,1,1,huggingface/transformers,0,Feature,huggingface__transformers-27561,0.0,0.0,0.0,0.0
0.3333333333333333,0.75,0.75,212,0.5,0.4,0.6666666666666666,0.6666666666666666,issue_plus_inventory,3.958,3,1,Python,qwen2.5:3b,1,5,5,huggingface/transformers,0,Feature,huggingface__transformers-27561,0.33333333333333337,0.2,1.0,1.0
1.0,0.5,0.5,212,0.5,1.0,0.3333333333333333,0.3333333333333333,issue_plus_hints,1.838,3,1,Python,qwen2.5:3b,1,1,1,huggingface/transformers,0,Feature,huggingface__transformers-27561,1.0,1.0,1.0,1.0
0.0,0.0,0.5,212,0.0,0.0,0.0,0.0,issue_only,2.193,3,1,Python,qwen2.5:3b,1,2,3,huggingface/transformers,0,Feature,huggingface__transformers-27717,0.0,0.0,0.0,0.0
0.3,0.75,0.75,212,0.5,0.4,0.6666666666666666,0.6666666666666666,issue_plus_inventory,4.335,3,1,Python,qwen2.5:3b,1,5,5,huggingface/transformers,0,Feature,huggingface__transformers-27717,0.33333333333333337,0.2,1.0,1.0
0.3,0.75,0.75,212,0.5,0.4,0.6666666666666666,0.6666666666666666,issue_plus_hints,3.358,3,1,Python,qwen2.5:3b,1,5,5,huggingface/transformers,0,Feature,huggingface__transformers-27717,0.33333333333333337,0.2,1.0,1.0
0.0,0.0,0.2857142857142857,89,0.0,0.0,0.0,0.0,issue_only,1.957,4,3,Python,qwen2.5:3b,1,1,3,keras-team/keras,0,Feature,keras-team__keras-18852,0.0,0.0,0.0,0.0
0.25,0.14285714285714285,0.14285714285714285,89,0.28571428571428575,0.3333333333333333,0.25,0.25,issue_plus_inventory,2.737,4,3,Python,qwen2.5:3b,1,3,2,keras-team/keras,0,Feature,keras-team__keras-18852,0.0,0.0,0.0,0.0
0.25,0.14285714285714285,0.14285714285714285,89,0.28571428571428575,0.3333333333333333,0.25,0.25,issue_plus_hints,1.831,4,3,Python,qwen2.5:3b,1,3,2,keras-team/keras,0,Feature,keras-team__keras-18852,0.0,0.0,0.0,0.0
0.3333333333333333,0.14285714285714285,0.14285714285714285,36,0.33333333333333337,1.0,0.2,0.2,issue_only,2.235,5,2,Python,qwen2.5:3b,1,1,2,yt-dlp/yt-dlp,0,Feature,yt-dlp__yt-dlp-8917,0.0,0.0,0.0,0.0
0.4,0.5714285714285714,0.7142857142857143,36,0.4000000000000001,0.4,0.4,0.4,issue_plus_inventory,2.692,5,2,Python,qwen2.5:3b,1,5,5,yt-dlp/yt-dlp,0,Feature,yt-dlp__yt-dlp-8917,0.5714285714285715,0.4,1.0,1.0
0.3,0.42857142857142855,0.5714285714285714,36,0.4000000000000001,0.4,0.4,0.4,issue_plus_hints,2.655,5,2,Python,qwen2.5:3b,1,5,5,yt-dlp/yt-dlp,0,Feature,yt-dlp__yt-dlp-8917,0.28571428571428575,0.2,0.5,0.5
0.0,0.0,1.0,212,0.0,0.0,0.0,0.0,issue_only,1.799,1,1,Python,qwen2.5:3b,1,1,3,huggingface/transformers,0,Feature,huggingface__transformers-28517,0.0,0.0,0.0,0.0
1.0,1.0,1.0,212,1.0,1.0,1.0,1.0,issue_plus_inventory,4.518,1,1,Python,qwen2.5:3b,1,1,1,huggingface/transformers,0,Feature,huggingface__transformers-28517,1.0,1.0,1.0,1.0
0.5,1.0,1.0,212,0.5,0.3333333333333333,1.0,1.0,issue_plus_hints,2.325,1,1,Python,qwen2.5:3b,1,3,2,huggingface/transformers,0,Feature,huggingface__transformers-28517,0.6666666666666666,0.5,1.0,1.0
0.0,0.0,0.5,212,0.0,0.0,0.0,0.0,issue_only,1.988,1,1,Python,qwen2.5:3b,1,3,3,huggingface/transformers,0,Feature,huggingface__transformers-28940,0.0,0.0,0.0,0.0
0.1,0.5,0.5,212,0.33333333333333337,0.2,1.0,1.0,issue_plus_inventory,3.454,1,1,Python,qwen2.5:3b,1,5,5,huggingface/transformers,0,Feature,huggingface__transformers-28940,0.0,0.0,0.0,0.0
0.1,0.5,0.5,212,0.33333333333333337,0.2,1.0,1.0,issue_plus_hints,2.627,1,1,Python,qwen2.5:3b,1,5,5,huggingface/transformers,0,Feature,huggingface__transformers-28940,0.0,0.0,0.0,0.0
0.25,0.2,0.4,212,0.4,0.5,0.3333333333333333,0.3333333333333333,issue_only,1.954,3,2,Python,qwen2.5:3b,1,2,2,huggingface/transformers,0,Feature,huggingface__transformers-29589,0.0,0.0,0.0,0.0
0.1,0.2,0.2,212,0.25,0.2,0.3333333333333333,0.3333333333333333,issue_plus_inventory,4.1,3,2,Python,qwen2.5:3b,1,5,5,huggingface/transformers,0,Feature,huggingface__transformers-29589,0.0,0.0,0.0,0.0
0.1,0.2,0.2,212,0.25,0.2,0.3333333333333333,0.3333333333333333,issue_plus_hints,3.632,3,2,Python,qwen2.5:3b,1,5,5,huggingface/transformers,0,Feature,huggingface__transformers-29589,0.0,0.0,0.0,0.0
0.25,0.5,0.5,212,1.0,1.0,1.0,1.0,issue_only,1.991,1,1,Python,qwen2.5:3b,1,1,3,huggingface/transformers,0,Feature,huggingface__transformers-29688,0.0,0.0,0.0,0.0
0.1,0.5,0.5,212,0.33333333333333337,0.2,1.0,1.0,issue_plus_inventory,3.634,1,1,Python,qwen2.5:3b,1,5,5,huggingface/transformers,0,Feature,huggingface__transformers-29688,0.0,0.0,0.0,0.0
0.1,0.5,0.5,212,0.33333333333333337,0.2,1.0,1.0,issue_plus_hints,2.826,1,1,Python,qwen2.5:3b,1,5,5,huggingface/transformers,0,Feature,huggingface__transformers-29688,0.0,0.0,0.0,0.0
0.25,0.5,0.5,43,0.6666666666666666,0.5,1.0,1.0,issue_only,1.848,1,1,Python,qwen2.5:3b,1,2,2,langchain-ai/langchain,0,Feature,langchain-ai__langchain-19331,0.0,0.0,0.0,0.0
0.2222222222222222,1.0,1.0,43,0.33333333333333337,0.2,1.0,1.0,issue_plus_inventory,3.278,1,1,Python,qwen2.5:3b,1,5,5,langchain-ai/langchain,0,Feature,langchain-ai__langchain-19331,0.0,0.0,0.0,0.0
0.2,0.5,1.0,43,0.4,0.25,1.0,1.0,issue_plus_hints,2.105,1,1,Python,qwen2.5:3b,1,4,3,langchain-ai/langchain,0,Feature,langchain-ai__langchain-19331,0.0,0.0,0.0,0.0
0.5,0.5,1.0,212,1.0,1.0,1.0,1.0,issue_only,1.334,1,1,Python,qwen2.5:3b,1,1,1,huggingface/transformers,0,Feature,huggingface__transformers-29838,0.0,0.0,0.0,0.0
0.2,0.5,1.0,212,0.33333333333333337,0.2,1.0,1.0,issue_plus_inventory,3.123,1,1,Python,qwen2.5:3b,1,5,2,huggingface/transformers,0,Feature,huggingface__transformers-29838,0.0,0.0,0.0,0.0
0.2,0.5,1.0,212,0.33333333333333337,0.2,1.0,1.0,issue_plus_hints,2.429,1,1,Python,qwen2.5:3b,1,5,2,huggingface/transformers,0,Feature,huggingface__transformers-29838,0.0,0.0,0.0,0.0
0.25,0.3333333333333333,0.3333333333333333,212,0.0,0.0,0.0,0.0,issue_only,1.852,2,1,Python,qwen2.5:3b,1,1,3,huggingface/transformers,0,Feature,huggingface__transformers-31095,0.0,0.0,0.0,0.0
0.42857142857142855,1.0,1.0,212,0.5714285714285715,0.4,1.0,1.0,issue_plus_inventory,3.303,2,1,Python,qwen2.5:3b,1,5,4,huggingface/transformers,0,Feature,huggingface__transformers-31095,0.4,0.25,1.0,1.0
0.2,0.6666666666666666,1.0,212,0.5714285714285715,0.4,1.0,1.0,issue_plus_hints,2.626,2,1,Python,qwen2.5:3b,1,5,5,huggingface/transformers,0,Feature,huggingface__transformers-31095,0.0,0.0,0.0,0.0
0.0,0.0,0.5,212,0.0,0.0,0.0,0.0,issue_only,1.197,3,1,Python,qwen2.5:3b,1,1,1,huggingface/transformers,0,Feature,huggingface__transformers-31247,0.0,0.0,0.0,0.0
0.3333333333333333,0.5,0.5,212,0.25,0.2,0.3333333333333333,0.3333333333333333,issue_plus_inventory,3.247,3,1,Python,qwen2.5:3b,1,5,5,huggingface/transformers,0,Feature,huggingface__transformers-31247,0.33333333333333337,0.2,1.0,1.0
0.3333333333333333,0.5,0.5,212,0.25,0.2,0.3333333333333333,0.3333333333333333,issue_plus_hints,2.469,3,1,Python,qwen2.5:3b,1,5,5,huggingface/transformers,0,Feature,huggingface__transformers-31247,0.33333333333333337,0.2,1.0,1.0
0.0,0.0,0.0,89,0.0,0.0,0.0,0.0,issue_only,1.964,7,1,Python,qwen2.5:3b,1,3,3,keras-team/keras,0,Feature,keras-team__keras-19903,0.0,0.0,0.0,0.0
0.14285714285714285,0.125,0.75,89,0.16666666666666666,0.2,0.14285714285714285,0.14285714285714285,issue_plus_inventory,3.266,7,1,Python,qwen2.5:3b,1,5,4,keras-team/keras,0,Feature,keras-team__keras-19903,0.0,0.0,0.0,0.0
0.0,0.0,0.0,89,0.0,0.0,0.0,0.0,issue_plus_hints,2.959,7,1,Python,qwen2.5:3b,1,5,5,keras-team/keras,0,Feature,keras-team__keras-19903,0.0,0.0,0.0,0.0
0.0,0.0,0.0,28,0.0,0.0,0.0,0.0,issue_only,3.001,2,3,TypeScript,qwen2.5:3b,1,4,4,tailwindlabs/tailwindcss,0,Feature,tailwindlabs__tailwindcss-88,0.0,0.0,0.0,0.0
0.2,0.2,0.2,28,0.0,0.0,0.0,0.0,issue_plus_inventory,2.302,2,3,TypeScript,qwen2.5:3b,1,3,3,tailwindlabs/tailwindcss,0,Feature,tailwindlabs__tailwindcss-88,0.0,0.0,0.0,0.0
0.1,0.2,0.2,28,0.0,0.0,0.0,0.0,issue_plus_hints,2.902,2,3,TypeScript,qwen2.5:3b,1,5,5,tailwindlabs/tailwindcss,0,Feature,tailwindlabs__tailwindcss-88,0.0,0.0,0.0,0.0
0.0,0.0,0.5,28,0.0,0.0,0.0,0.0,issue_only,1.901,1,1,TypeScript,qwen2.5:3b,1,3,3,tailwindlabs/tailwindcss,0,Feature,tailwindlabs__tailwindcss-165,0.0,0.0,0.0,0.0
0.16666666666666666,0.5,0.5,28,0.5,0.3333333333333333,1.0,1.0,issue_plus_inventory,2.111,1,1,TypeScript,qwen2.5:3b,1,3,3,tailwindlabs/tailwindcss,0,Feature,tailwindlabs__tailwindcss-165,0.0,0.0,0.0,0.0
0.1,0.5,0.5,28,0.33333333333333337,0.2,1.0,1.0,issue_plus_hints,2.656,1,1,TypeScript,qwen2.5:3b,1,5,5,tailwindlabs/tailwindcss,0,Feature,tailwindlabs__tailwindcss-165,0.0,0.0,0.0,0.0
0.0,0.0,0.0,28,0.0,0.0,0.0,0.0,issue_only,2.059,1,1,TypeScript,qwen2.5:3b,1,3,3,tailwindlabs/tailwindcss,0,Feature,tailwindlabs__tailwindcss-236,0.0,0.0,0.0,0.0
0.1,0.5,0.5,28,0.33333333333333337,0.2,1.0,1.0,issue_plus_inventory,2.993,1,1,TypeScript,qwen2.5:3b,1,5,5,tailwindlabs/tailwindcss,0,Feature,tailwindlabs__tailwindcss-236,0.0,0.0,0.0,0.0
0.1111111111111111,0.5,0.5,28,0.33333333333333337,0.2,1.0,1.0,issue_plus_hints,3.557,1,1,TypeScript,qwen2.5:3b,1,5,5,tailwindlabs/tailwindcss,0,Feature,tailwindlabs__tailwindcss-236,0.0,0.0,0.0,0.0
0.0,0.0,0.0,28,0.0,0.0,0.0,0.0,issue_only,2.926,1,1,TypeScript,qwen2.5:3b,1,5,5,tailwindlabs/tailwindcss,0,Feature,tailwindlabs__tailwindcss-417,0.0,0.0,0.0,0.0
0.2,1.0,1.0,28,0.33333333333333337,0.2,1.0,1.0,issue_plus_inventory,2.779,1,1,TypeScript,qwen2.5:3b,1,5,5,tailwindlabs/tailwindcss,0,Feature,tailwindlabs__tailwindcss-417,0.33333333333333337,0.2,1.0,1.0
0.2,1.0,1.0,28,0.33333333333333337,0.2,1.0,1.0,issue_plus_hints,2.767,1,1,TypeScript,qwen2.5:3b,1,5,5,tailwindlabs/tailwindcss,0,Feature,tailwindlabs__tailwindcss-417,0.33333333333333337,0.2,1.0,1.0
0.0,0.0,0.0,28,0.0,0.0,0.0,0.0,issue_only,1.342,1,1,TypeScript,qwen2.5:3b,1,1,2,tailwindlabs/tailwindcss,0,Feature,tailwindlabs__tailwindcss-445,0.0,0.0,0.0,0.0
0.1,0.5,0.5,28,0.0,0.0,0.0,0.0,issue_plus_inventory,2.687,1,1,TypeScript,qwen2.5:3b,1,5,5,tailwindlabs/tailwindcss,0,Feature,tailwindlabs__tailwindcss-445,0.0,0.0,0.0,0.0
0.0,0.0,0.0,28,0.0,0.0,0.0,0.0,issue_plus_hints,2.551,1,1,TypeScript,qwen2.5:3b,1,5,5,tailwindlabs/tailwindcss,0,Feature,tailwindlabs__tailwindcss-445,0.0,0.0,0.0,0.0
0.0,0.0,0.0,28,0.0,0.0,0.0,0.0,issue_only,2.306,2,1,TypeScript,qwen2.5:3b,1,4,4,tailwindlabs/tailwindcss,0,Feature,tailwindlabs__tailwindcss-463,0.0,0.0,0.0,0.0
0.2,0.6666666666666666,0.6666666666666666,28,0.28571428571428575,0.2,0.5,0.5,issue_plus_inventory,2.719,2,1,TypeScript,qwen2.5:3b,1,5,5,tailwindlabs/tailwindcss,0,Feature,tailwindlabs__tailwindcss-463,0.33333333333333337,0.2,1.0,1.0
0.6666666666666666,0.6666666666666666,0.6666666666666666,28,0.5,0.5,0.5,0.5,issue_plus_hints,1.708,2,1,TypeScript,qwen2.5:3b,1,2,1,tailwindlabs/tailwindcss,0,Feature,tailwindlabs__tailwindcss-463,1.0,1.0,1.0,1.0
0.0,0.0,0.0,407,0.0,0.0,0.0,0.0,issue_only,4.122,3,1,TypeScript,qwen2.5:3b,1,5,4,mui/material-ui,0,Feature,mui__material-ui-11446,0.0,0.0,0.0,0.0
0.3333333333333333,0.5,0.5,407,0.25,0.2,0.3333333333333333,0.3333333333333333,issue_plus_inventory,4.734,3,1,TypeScript,qwen2.5:3b,1,5,5,mui/material-ui,0,Feature,mui__material-ui-11446,0.33333333333333337,0.2,1.0,1.0
0.4,0.5,0.5,407,0.25,0.2,0.3333333333333333,0.3333333333333333,issue_plus_hints,3.689,3,1,TypeScript,qwen2.5:3b,1,5,5,mui/material-ui,0,Feature,mui__material-ui-11446,0.33333333333333337,0.2,1.0,1.0
0.25,0.5,0.5,28,1.0,1.0,1.0,1.0,issue_only,2.202,1,1,TypeScript,qwen2.5:3b,1,1,3,tailwindlabs/tailwindcss,0,Feature,tailwindlabs__tailwindcss-553,0.0,0.0,0.0,0.0
1.0,1.0,1.0,28,0.6666666666666666,0.5,1.0,1.0,issue_plus_inventory,2.02,1,1,TypeScript,qwen2.5:3b,1,2,1,tailwindlabs/tailwindcss,0,Feature,tailwindlabs__tailwindcss-553,1.0,1.0,1.0,1.0
1.0,1.0,1.0,28,0.6666666666666666,0.5,1.0,1.0,issue_plus_hints,1.786,1,1,TypeScript,qwen2.5:3b,1,2,1,tailwindlabs/tailwindcss,0,Feature,tailwindlabs__tailwindcss-553,1.0,1.0,1.0,1.0
0.0,0.0,0.25,407,0.0,0.0,0.0,0.0,issue_only,1.972,3,1,TypeScript,qwen2.5:3b,1,2,2,mui/material-ui,0,Feature,mui__material-ui-13828,0.0,0.0,0.0,0.0
0.0,0.0,0.5,407,0.0,0.0,0.0,0.0,issue_plus_inventory,3.697,3,1,TypeScript,qwen2.5:3b,1,5,5,mui/material-ui,0,Feature,mui__material-ui-13828,0.0,0.0,0.0,0.0
0.25,0.5,0.5,407,0.25,0.2,0.3333333333333333,0.3333333333333333,issue_plus_hints,3.106,3,1,TypeScript,qwen2.5:3b,1,5,5,mui/material-ui,0,Feature,mui__material-ui-13828,0.33333333333333337,0.2,1.0,1.0
0.0,0.0,0.0,407,0.0,0.0,0.0,0.0,issue_only,1.976,5,2,TypeScript,qwen2.5:3b,1,3,3,mui/material-ui,0,Feature,mui__material-ui-13899,0.0,0.0,0.0,0.0
0.0,0.0,0.0,407,0.0,0.0,0.0,0.0,issue_plus_inventory,3.931,5,2,TypeScript,qwen2.5:3b,1,5,5,mui/material-ui,0,Feature,mui__material-ui-13899,0.0,0.0,0.0,0.0
0.0,0.0,0.0,407,0.0,0.0,0.0,0.0,issue_plus_hints,3.044,5,2,TypeScript,qwen2.5:3b,1,5,5,mui/material-ui,0,Feature,mui__material-ui-13899,0.0,0.0,0.0,0.0
0.0,0.0,0.0,407,0.0,0.0,0.0,0.0,issue_only,2.044,10,3,TypeScript,qwen2.5:3b,1,3,3,mui/material-ui,0,Feature,mui__material-ui-14465,0.0,0.0,0.0,0.0
0.0,0.0,0.0,407,0.0,0.0,0.0,0.0,issue_plus_inventory,4.24,10,3,TypeScript,qwen2.5:3b,1,5,5,mui/material-ui,0,Feature,mui__material-ui-14465,0.0,0.0,0.0,0.0
0.0,0.0,0.0,407,0.0,0.0,0.0,0.0,issue_plus_hints,3.255,10,3,TypeScript,qwen2.5:3b,1,5,4,mui/material-ui,0,Feature,mui__material-ui-14465,0.0,0.0,0.0,0.0
0.0,0.0,0.0,28,0.0,0.0,0.0,0.0,issue_only,1.928,1,1,TypeScript,qwen2.5:3b,1,3,2,tailwindlabs/tailwindcss,0,Feature,tailwindlabs__tailwindcss-849,0.0,0.0,0.0,0.0
0.1111111111111111,0.5,0.5,28,0.0,0.0,0.0,0.0,issue_plus_inventory,2.78,1,1,TypeScript,qwen2.5:3b,1,5,5,tailwindlabs/tailwindcss,0,Feature,tailwindlabs__tailwindcss-849,0.33333333333333337,0.2,1.0,1.0
0.1111111111111111,0.5,0.5,28,0.0,0.0,0.0,0.0,issue_plus_hints,2.671,1,1,TypeScript,qwen2.5:3b,1,5,5,tailwindlabs/tailwindcss,0,Feature,tailwindlabs__tailwindcss-849,0.33333333333333337,0.2,1.0,1.0
0.0,0.0,0.0,407,0.0,0.0,0.0,0.0,issue_only,2.394,3,1,TypeScript,qwen2.5:3b,1,3,3,mui/material-ui,0,Feature,mui__material-ui-15495,0.0,0.0,0.0,0.0
0.0,0.0,0.0,407,0.0,0.0,0.0,0.0,issue_plus_inventory,3.847,3,1,TypeScript,qwen2.5:3b,1,5,5,mui/material-ui,0,Feature,mui__material-ui-15495,0.0,0.0,0.0,0.0
0.0,0.0,0.0,407,0.0,0.0,0.0,0.0,issue_plus_hints,3.117,3,1,TypeScript,qwen2.5:3b,1,5,4,mui/material-ui,0,Feature,mui__material-ui-15495,0.0,0.0,0.0,0.0
0.0,0.0,0.5,407,0.0,0.0,0.0,0.0,issue_only,2.07,1,1,TypeScript,qwen2.5:3b,1,3,3,mui/material-ui,0,Feature,mui__material-ui-17005,0.0,0.0,0.0,0.0
0.25,1.0,1.0,407,0.33333333333333337,0.2,1.0,1.0,issue_plus_inventory,3.75,1,1,TypeScript,qwen2.5:3b,1,5,5,mui/material-ui,0,Feature,mui__material-ui-17005,0.33333333333333337,0.2,1.0,1.0
0.2,1.0,1.0,407,0.33333333333333337,0.2,1.0,1.0,issue_plus_hints,3.532,1,1,TypeScript,qwen2.5:3b,1,5,5,mui/material-ui,0,Feature,mui__material-ui-17005,0.33333333333333337,0.2,1.0,1.0
0.0,0.0,0.0,407,0.0,0.0,0.0,0.0,issue_only,1.714,3,2,TypeScript,qwen2.5:3b,1,2,1,mui/material-ui,0,Feature,mui__material-ui-17640,0.0,0.0,0.0,0.0
0.3333333333333333,0.6,0.6,407,0.25,0.2,0.3333333333333333,0.3333333333333333,issue_plus_inventory,3.961,3,2,TypeScript,qwen2.5:3b,1,5,5,mui/material-ui,0,Feature,mui__material-ui-17640,0.5714285714285715,0.4,1.0,1.0
0.3333333333333333,0.6,0.6,407,0.25,0.2,0.3333333333333333,0.3333333333333333,issue_plus_hints,3.288,3,2,TypeScript,qwen2.5:3b,1,5,5,mui/material-ui,0,Feature,mui__material-ui-17640,0.5714285714285715,0.4,1.0,1.0
0.0,0.0,0.0,407,0.0,0.0,0.0,0.0,issue_only,2.564,5,4,TypeScript,qwen2.5:3b,1,3,3,mui/material-ui,0,Feature,mui__material-ui-17691,0.0,0.0,0.0,0.0
0.2,0.2222222222222222,0.2222222222222222,407,0.20000000000000004,0.2,0.2,0.2,issue_plus_inventory,4.027,5,4,TypeScript,qwen2.5:3b,1,5,5,mui/material-ui,0,Feature,mui__material-ui-17691,0.22222222222222224,0.2,0.25,0.25
0.2222222222222222,0.2222222222222222,0.2222222222222222,407,0.20000000000000004,0.2,0.2,0.2,issue_plus_hints,3.422,5,4,TypeScript,qwen2.5:3b,1,5,5,mui/material-ui,0,Feature,mui__material-ui-17691,0.22222222222222224,0.2,0.25,0.25
0.0,0.0,0.6666666666666666,407,0.0,0.0,0.0,0.0,issue_only,2.858,2,1,TypeScript,qwen2.5:3b,1,4,4,mui/material-ui,0,Feature,mui__material-ui-17829,0.0,0.0,0.0,0.0
0.2,0.6666666666666666,0.6666666666666666,407,0.28571428571428575,0.2,0.5,0.5,issue_plus_inventory,3.908,2,1,TypeScript,qwen2.5:3b,1,5,5,mui/material-ui,0,Feature,mui__material-ui-17829,0.33333333333333337,0.2,1.0,1.0
0.2,0.6666666666666666,0.6666666666666666,407,0.28571428571428575,0.2,0.5,0.5,issue_plus_hints,2.965,2,1,TypeScript,qwen2.5:3b,1,5,5,mui/material-ui,0,Feature,mui__material-ui-17829,0.33333333333333337,0.2,1.0,1.0
0.0,0.0,0.0,407,0.0,0.0,0.0,0.0,issue_only,1.627,6,1,TypeScript,qwen2.5:3b,1,2,2,mui/material-ui,0,Feature,mui__material-ui-18744,0.0,0.0,0.0,0.0
0.0,0.0,0.0,407,0.0,0.0,0.0,0.0,issue_plus_inventory,4.133,6,1,TypeScript,qwen2.5:3b,1,5,5,mui/material-ui,0,Feature,mui__material-ui-18744,0.0,0.0,0.0,0.0
0.1,0.14285714285714285,0.2857142857142857,407,0.1818181818181818,0.2,0.16666666666666666,0.16666666666666666,issue_plus_hints,3.567,6,1,TypeScript,qwen2.5:3b,1,5,5,mui/material-ui,0,Feature,mui__material-ui-18744,0.0,0.0,0.0,0.0
0.0,0.0,0.0,407,0.0,0.0,0.0,0.0,issue_only,2.11,9,2,TypeScript,qwen2.5:3b,1,2,2,mui/material-ui,0,Feature,mui__material-ui-20133,0.0,0.0,0.0,0.0
0.0,0.0,0.45454545454545453,407,0.0,0.0,0.0,0.0,issue_plus_inventory,4.188,9,2,TypeScript,qwen2.5:3b,1,5,5,mui/material-ui,0,Feature,mui__material-ui-20133,0.0,0.0,0.0,0.0
0.0,0.0,0.2727272727272727,407,0.0,0.0,0.0,0.0,issue_plus_hints,3.354,9,2,TypeScript,qwen2.5:3b,1,4,4,mui/material-ui,0,Feature,mui__material-ui-20133,0.0,0.0,0.0,0.0
0.0,0.0,0.0,407,0.0,0.0,0.0,0.0,issue_only,1.794,3,1,TypeScript,qwen2.5:3b,1,2,1,mui/material-ui,0,Feature,mui__material-ui-20781,0.0,0.0,0.0,0.0
0.2,0.5,0.5,407,0.25,0.2,0.3333333333333333,0.3333333333333333,issue_plus_inventory,4.044,3,1,TypeScript,qwen2.5:3b,1,5,5,mui/material-ui,0,Feature,mui__material-ui-20781,0.33333333333333337,0.2,1.0,1.0
0.2,0.5,0.5,407,0.25,0.2,0.3333333333333333,0.3333333333333333,issue_plus_hints,3.382,3,1,TypeScript,qwen2.5:3b,1,5,5,mui/material-ui,0,Feature,mui__material-ui-20781,0.33333333333333337,0.2,1.0,1.0
0.0,0.0,0.0,407,0.0,0.0,0.0,0.0,issue_only,2.41,4,2,TypeScript,qwen2.5:3b,1,2,3,mui/material-ui,0,Feature,mui__material-ui-21192,0.0,0.0,0.0,0.0
0.4,0.6666666666666666,0.6666666666666666,407,0.4444444444444445,0.4,0.5,0.5,issue_plus_inventory,4.393,4,2,TypeScript,qwen2.5:3b,1,5,5,mui/material-ui,0,Feature,mui__material-ui-21192,0.5714285714285715,0.4,1.0,1.0
0.25,0.3333333333333333,0.3333333333333333,407,0.22222222222222224,0.2,0.25,0.25,issue_plus_hints,3.504,4,2,TypeScript,qwen2.5:3b,1,5,5,mui/material-ui,0,Feature,mui__material-ui-21192,0.28571428571428575,0.2,0.5,0.5
0.0,0.0,0.0,407,0.0,0.0,0.0,0.0,issue_only,2.186,3,4,TypeScript,qwen2.5:3b,1,1,2,mui/material-ui,0,Feature,mui__material-ui-23364,0.0,0.0,0.0,0.0
0.0,0.0,0.2857142857142857,407,0.0,0.0,0.0,0.0,issue_plus_inventory,4.321,3,4,TypeScript,qwen2.5:3b,1,5,5,mui/material-ui,0,Feature,mui__material-ui-23364,0.0,0.0,0.0,0.0
0.25,0.2857142857142857,0.2857142857142857,407,0.25,0.2,0.3333333333333333,0.3333333333333333,issue_plus_hints,3.746,3,4,TypeScript,qwen2.5:3b,1,5,5,mui/material-ui,0,Feature,mui__material-ui-23364,0.22222222222222224,0.2,0.25,0.25
0.0,0.0,0.0,133,0.0,0.0,0.0,0.0,issue_only,2.195,1,1,TypeScript,qwen2.5:3b,1,2,2,microsoft/vscode,0,Feature,microsoft__vscode-114208,0.0,0.0,0.0,0.0
0.2222222222222222,1.0,1.0,133,0.33333333333333337,0.2,1.0,1.0,issue_plus_inventory,4.663,1,1,TypeScript,qwen2.5:3b,1,5,5,microsoft/vscode,0,Feature,microsoft__vscode-114208,0.33333333333333337,0.2,1.0,1.0
0.1,0.5,0.5,133,0.33333333333333337,0.2,1.0,1.0,issue_plus_hints,3.625,1,1,TypeScript,qwen2.5:3b,1,5,5,microsoft/vscode,0,Feature,microsoft__vscode-114208,0.0,0.0,0.0,0.0
0.0,0.0,0.0,407,0.0,0.0,0.0,0.0,issue_only,2.745,6,5,TypeScript,qwen2.5:3b,1,5,5,mui/material-ui,0,Feature,mui__material-ui-26746,0.0,0.0,0.0,0.0
0.3333333333333333,0.18181818181818182,0.18181818181818182,407,0.0,0.0,0.0,0.0,issue_plus_inventory,4.69,6,5,TypeScript,qwen2.5:3b,1,5,5,mui/material-ui,0,Feature,mui__material-ui-26746,0.20000000000000004,0.2,0.2,0.2
0.25,0.18181818181818182,0.18181818181818182,407,0.1818181818181818,0.2,0.16666666666666666,0.16666666666666666,issue_plus_hints,4.045,6,5,TypeScript,qwen2.5:3b,1,5,5,mui/material-ui,0,Feature,mui__material-ui-26746,0.20000000000000004,0.2,0.2,0.2
0.0,0.0,0.0,133,0.0,0.0,0.0,0.0,issue_only,2.301,2,1,TypeScript,qwen2.5:3b,1,3,2,microsoft/vscode,0,Feature,microsoft__vscode-127257,0.0,0.0,0.0,0.0
0.1111111111111111,0.3333333333333333,0.3333333333333333,133,0.0,0.0,0.0,0.0,issue_plus_inventory,5.65,2,1,TypeScript,qwen2.5:3b,1,5,5,microsoft/vscode,0,Feature,microsoft__vscode-127257,0.33333333333333337,0.2,1.0,1.0
0.16666666666666666,0.3333333333333333,0.3333333333333333,133,0.0,0.0,0.0,0.0,issue_plus_hints,4.185,2,1,TypeScript,qwen2.5:3b,1,5,5,microsoft/vscode,0,Feature,microsoft__vscode-127257,0.33333333333333337,0.2,1.0,1.0
0.0,0.0,0.0,133,0.0,0.0,0.0,0.0,issue_only,1.771,2,1,TypeScript,qwen2.5:3b,1,1,2,microsoft/vscode,0,Feature,microsoft__vscode-128931,0.0,0.0,0.0,0.0
0.2222222222222222,0.6666666666666666,0.6666666666666666,133,0.28571428571428575,0.2,0.5,0.5,issue_plus_inventory,5.232,2,1,TypeScript,qwen2.5:3b,1,5,4,microsoft/vscode,0,Feature,microsoft__vscode-128931,0.4,0.25,1.0,1.0
0.25,0.6666666666666666,0.6666666666666666,133,0.28571428571428575,0.2,0.5,0.5,issue_plus_hints,3.61,2,1,TypeScript,qwen2.5:3b,1,5,5,microsoft/vscode,0,Feature,microsoft__vscode-128931,0.33333333333333337,0.2,1.0,1.0
0.0,0.0,0.0,407,0.0,0.0,0.0,0.0,issue_only,1.975,3,1,TypeScript,qwen2.5:3b,1,1,3,mui/material-ui,0,Feature,mui__material-ui-28813,0.0,0.0,0.0,0.0
0.1,0.25,0.25,407,0.0,0.0,0.0,0.0,issue_plus_inventory,4.159,3,1,TypeScript,qwen2.5:3b,1,5,5,mui/material-ui,0,Feature,mui__material-ui-28813,0.0,0.0,0.0,0.0
0.125,0.25,0.25,407,0.25,0.2,0.3333333333333333,0.3333333333333333,issue_plus_hints,3.635,3,1,TypeScript,qwen2.5:3b,1,5,5,mui/material-ui,0,Feature,mui__material-ui-28813,0.0,0.0,0.0,0.0
0.0,0.0,0.0,27,0.0,0.0,0.0,0.0,issue_only,1.235,7,1,TypeScript,qwen2.5:3b,1,1,1,coder/code-server,0,Feature,coder__code-server-4597,0.0,0.0,0.0,0.0
0.0,0.0,0.0,27,0.0,0.0,0.0,0.0,issue_plus_inventory,2.48,7,1,TypeScript,qwen2.5:3b,1,5,5,coder/code-server,0,Feature,coder__code-server-4597,0.0,0.0,0.0,0.0
0.0,0.0,0.0,27,0.0,0.0,0.0,0.0,issue_plus_hints,2.713,7,1,TypeScript,qwen2.5:3b,1,5,5,coder/code-server,0,Feature,coder__code-server-4597,0.0,0.0,0.0,0.0
0.0,0.0,0.0,27,0.0,0.0,0.0,0.0,issue_only,1.236,12,4,TypeScript,qwen2.5:3b,1,1,1,coder/code-server,0,Feature,coder__code-server-4678,0.0,0.0,0.0,0.0
0.375,0.1875,0.1875,27,0.0,0.0,0.0,0.0,issue_plus_inventory,2.421,12,4,TypeScript,qwen2.5:3b,1,5,5,coder/code-server,0,Feature,coder__code-server-4678,0.6666666666666665,0.6,0.75,0.75
0.25,0.125,0.125,27,0.0,0.0,0.0,0.0,issue_plus_hints,2.255,12,4,TypeScript,qwen2.5:3b,1,5,5,coder/code-server,0,Feature,coder__code-server-4678,0.4444444444444445,0.4,0.5,0.5
0.0,0.0,0.0,27,0.0,0.0,0.0,0.0,issue_only,1.708,2,2,TypeScript,qwen2.5:3b,1,2,2,coder/code-server,0,Feature,coder__code-server-4923,0.0,0.0,0.0,0.0
0.5,1.0,1.0,27,0.5714285714285715,0.4,1.0,1.0,issue_plus_inventory,2.476,2,2,TypeScript,qwen2.5:3b,1,5,5,coder/code-server,0,Feature,coder__code-server-4923,0.5714285714285715,0.4,1.0,1.0
0.5,1.0,1.0,27,0.6666666666666666,0.5,1.0,1.0,issue_plus_hints,2.399,2,2,TypeScript,qwen2.5:3b,1,4,4,coder/code-server,0,Feature,coder__code-server-4923,0.6666666666666666,0.5,1.0,1.0
0.0,0.0,0.0,133,0.0,0.0,0.0,0.0,issue_only,4.082,8,3,TypeScript,qwen2.5:3b,1,5,5,microsoft/vscode,0,Feature,microsoft__vscode-146962,0.0,0.0,0.0,0.0
0.1111111111111111,0.09090909090909091,0.09090909090909091,133,0.0,0.0,0.0,0.0,issue_plus_inventory,4.892,8,3,TypeScript,qwen2.5:3b,1,5,5,microsoft/vscode,0,Feature,microsoft__vscode-146962,0.25,0.2,0.3333333333333333,0.3333333333333333
0.1111111111111111,0.09090909090909091,0.09090909090909091,133,0.0,0.0,0.0,0.0,issue_plus_hints,3.628,8,3,TypeScript,qwen2.5:3b,1,5,5,microsoft/vscode,0,Feature,microsoft__vscode-146962,0.25,0.2,0.3333333333333333,0.3333333333333333
1.0,0.2,0.2,133,0.4,1.0,0.25,0.25,issue_only,1.369,4,1,TypeScript,qwen2.5:3b,1,1,0,microsoft/vscode,0,Feature,microsoft__vscode-152802,0.0,0.0,0.0,0.0
0.125,0.2,0.4,133,0.22222222222222224,0.2,0.25,0.25,issue_plus_inventory,5.304,4,1,TypeScript,qwen2.5:3b,1,5,5,microsoft/vscode,0,Feature,microsoft__vscode-152802,0.0,0.0,0.0,0.0
0.1111111111111111,0.2,0.6,133,0.22222222222222224,0.2,0.25,0.25,issue_plus_hints,3.846,4,1,TypeScript,qwen2.5:3b,1,5,5,microsoft/vscode,0,Feature,microsoft__vscode-152802,0.0,0.0,0.0,0.0
0.0,0.0,0.0,407,0.0,0.0,0.0,0.0,issue_only,2.432,9,1,TypeScript,qwen2.5:3b,1,3,3,mui/material-ui,0,Feature,mui__material-ui-33312,0.0,0.0,0.0,0.0
0.2222222222222222,0.2,0.4,407,0.14285714285714285,0.2,0.1111111111111111,0.1111111111111111,issue_plus_inventory,4.513,9,1,TypeScript,qwen2.5:3b,1,5,5,mui/material-ui,0,Feature,mui__material-ui-33312,0.33333333333333337,0.2,1.0,1.0
0.2222222222222222,0.2,0.4,407,0.14285714285714285,0.2,0.1111111111111111,0.1111111111111111,issue_plus_hints,3.323,9,1,TypeScript,qwen2.5:3b,1,5,5,mui/material-ui,0,Feature,mui__material-ui-33312,0.33333333333333337,0.2,1.0,1.0
0.0,0.0,0.0,133,0.0,0.0,0.0,0.0,issue_only,2.901,2,1,TypeScript,qwen2.5:3b,1,3,3,microsoft/vscode,0,Feature,microsoft__vscode-155261,0.0,0.0,0.0,0.0
0.25,0.6666666666666666,0.6666666666666666,133,0.28571428571428575,0.2,0.5,0.5,issue_plus_inventory,5.094,2,1,TypeScript,qwen2.5:3b,1,5,5,microsoft/vscode,0,Feature,microsoft__vscode-155261,0.33333333333333337,0.2,1.0,1.0
0.2222222222222222,0.6666666666666666,0.6666666666666666,133,0.28571428571428575,0.2,0.5,0.5,issue_plus_hints,3.807,2,1,TypeScript,qwen2.5:3b,1,5,5,microsoft/vscode,0,Feature,microsoft__vscode-155261,0.33333333333333337,0.2,1.0,1.0
0.0,0.0,0.0,133,0.0,0.0,0.0,0.0,issue_only,1.526,6,1,TypeScript,qwen2.5:3b,1,1,1,microsoft/vscode,0,Feature,microsoft__vscode-156733,0.0,0.0,0.0,0.0
0.3333333333333333,0.42857142857142855,0.42857142857142855,133,0.3636363636363636,0.4,0.3333333333333333,0.3333333333333333,issue_plus_inventory,5.031,6,1,TypeScript,qwen2.5:3b,1,5,5,microsoft/vscode,0,Feature,microsoft__vscode-156733,0.33333333333333337,0.2,1.0,1.0
0.1111111111111111,0.14285714285714285,0.2857142857142857,133,0.1818181818181818,0.2,0.16666666666666666,0.16666666666666666,issue_plus_hints,3.588,6,1,TypeScript,qwen2.5:3b,1,5,5,microsoft/vscode,0,Feature,microsoft__vscode-156733,0.0,0.0,0.0,0.0
0.0,0.0,0.25,407,0.0,0.0,0.0,0.0,issue_only,2.683,10,2,TypeScript,qwen2.5:3b,1,2,2,mui/material-ui,0,Feature,mui__material-ui-34138,0.0,0.0,0.0,0.0
0.4,0.3333333333333333,0.3333333333333333,407,0.26666666666666666,0.4,0.2,0.2,issue_plus_inventory,4.577,10,2,TypeScript,qwen2.5:3b,1,5,5,mui/material-ui,0,Feature,mui__material-ui-34138,0.28571428571428575,0.2,0.5,0.5
0.3,0.25,0.25,407,0.26666666666666666,0.4,0.2,0.2,issue_plus_hints,3.552,10,2,TypeScript,qwen2.5:3b,1,5,5,mui/material-ui,0,Feature,mui__material-ui-34138,0.0,0.0,0.0,0.0
0.0,0.0,0.08,407,0.0,0.0,0.0,0.0,issue_only,1.686,20,5,TypeScript,qwen2.5:3b,1,2,2,mui/material-ui,0,Feature,mui__material-ui-34158,0.0,0.0,0.0,0.0
0.125,0.04,0.04,407,0.08000000000000002,0.2,0.05,0.05,issue_plus_inventory,4.451,20,5,TypeScript,qwen2.5:3b,1,5,5,mui/material-ui,0,Feature,mui__material-ui-34158,0.0,0.0,0.0,0.0
0.125,0.04,0.04,407,0.08000000000000002,0.2,0.05,0.05,issue_plus_hints,3.316,20,5,TypeScript,qwen2.5:3b,1,5,5,mui/material-ui,0,Feature,mui__material-ui-34158,0.0,0.0,0.0,0.0
0.0,0.0,0.0,407,0.0,0.0,0.0,0.0,issue_only,1.864,11,1,TypeScript,qwen2.5:3b,1,2,2,mui/material-ui,0,Feature,mui__material-ui-34207,0.0,0.0,0.0,0.0
0.2,0.16666666666666666,0.16666666666666666,407,0.12500000000000003,0.2,0.09090909090909091,0.09090909090909091,issue_plus_inventory,4.202,11,1,TypeScript,qwen2.5:3b,1,5,5,mui/material-ui,0,Feature,mui__material-ui-34207,0.33333333333333337,0.2,1.0,1.0
0.2,0.16666666666666666,0.16666666666666666,407,0.12500000000000003,0.2,0.09090909090909091,0.09090909090909091,issue_plus_hints,3.12,11,1,TypeScript,qwen2.5:3b,1,5,5,mui/material-ui,0,Feature,mui__material-ui-34207,0.33333333333333337,0.2,1.0,1.0
0.0,0.0,0.0,27,0.0,0.0,0.0,0.0,issue_only,2.076,3,2,TypeScript,qwen2.5:3b,1,3,3,coder/code-server,0,Feature,coder__code-server-5633,0.0,0.0,0.0,0.0
0.42857142857142855,0.6,0.6,27,0.25,0.2,0.3333333333333333,0.3333333333333333,issue_plus_inventory,2.773,3,2,TypeScript,qwen2.5:3b,1,5,5,coder/code-server,0,Feature,coder__code-server-5633,0.5714285714285715,0.4,1.0,1.0
0.42857142857142855,0.6,0.6,27,0.25,0.2,0.3333333333333333,0.3333333333333333,issue_plus_hints,2.28,3,2,TypeScript,qwen2.5:3b,1,5,5,coder/code-server,0,Feature,coder__code-server-5633,0.5714285714285715,0.4,1.0,1.0
0.0,0.0,0.0,133,0.0,0.0,0.0,0.0,issue_only,5.038,4,1,TypeScript,qwen2.5:3b,1,5,5,microsoft/vscode,0,Feature,microsoft__vscode-165197,0.0,0.0,0.0,0.0
0.1111111111111111,0.2,0.2,133,0.0,0.0,0.0,0.0,issue_plus_inventory,4.443,4,1,TypeScript,qwen2.5:3b,1,5,5,microsoft/vscode,0,Feature,microsoft__vscode-165197,0.33333333333333337,0.2,1.0,1.0
0.1111111111111111,0.2,0.2,133,0.0,0.0,0.0,0.0,issue_plus_hints,3.362,4,1,TypeScript,qwen2.5:3b,1,5,5,microsoft/vscode,0,Feature,microsoft__vscode-165197,0.33333333333333337,0.2,1.0,1.0
0.0,0.0,0.0,133,0.0,0.0,0.0,0.0,issue_only,1.547,3,1,TypeScript,qwen2.5:3b,1,1,2,microsoft/vscode,0,Feature,microsoft__vscode-168788,0.0,0.0,0.0,0.0
0.0,0.0,0.0,133,0.0,0.0,0.0,0.0,issue_plus_inventory,4.691,3,1,TypeScript,qwen2.5:3b,1,5,5,microsoft/vscode,0,Feature,microsoft__vscode-168788,0.0,0.0,0.0,0.0
0.0,0.0,0.0,133,0.0,0.0,0.0,0.0,issue_plus_hints,3.556,3,1,TypeScript,qwen2.5:3b,1,5,5,microsoft/vscode,0,Feature,microsoft__vscode-168788,0.0,0.0,0.0,0.0
0.0,0.0,0.0,133,0.0,0.0,0.0,0.0,issue_only,1.91,1,1,TypeScript,qwen2.5:3b,1,1,3,microsoft/vscode,0,Feature,microsoft__vscode-178291,0.0,0.0,0.0,0.0
0.0,0.0,0.0,133,0.0,0.0,0.0,0.0,issue_plus_inventory,4.808,1,1,TypeScript,qwen2.5:3b,1,5,4,microsoft/vscode,0,Feature,microsoft__vscode-178291,0.0,0.0,0.0,0.0
0.0,0.0,0.5,133,0.0,0.0,0.0,0.0,issue_plus_hints,4.823,1,1,TypeScript,qwen2.5:3b,1,5,4,microsoft/vscode,0,Feature,microsoft__vscode-178291,0.0,0.0,0.0,0.0
0.0,0.0,0.0,133,0.0,0.0,0.0,0.0,issue_only,2.539,1,1,TypeScript,qwen2.5:3b,1,3,3,microsoft/vscode,0,Feature,microsoft__vscode-178513,0.0,0.0,0.0,0.0
0.0,0.0,0.0,133,0.0,0.0,0.0,0.0,issue_plus_inventory,4.427,1,1,TypeScript,qwen2.5:3b,1,5,4,microsoft/vscode,0,Feature,microsoft__vscode-178513,0.0,0.0,0.0,0.0
0.0,0.0,0.0,133,0.0,0.0,0.0,0.0,issue_plus_hints,3.838,1,1,TypeScript,qwen2.5:3b,1,5,5,microsoft/vscode,0,Feature,microsoft__vscode-178513,0.0,0.0,0.0,0.0
0.0,0.0,0.0,27,0.0,0.0,0.0,0.0,issue_only,1.593,1,1,TypeScript,qwen2.5:3b,1,2,2,coder/code-server,0,Feature,coder__code-server-6115,0.0,0.0,0.0,0.0
0.125,0.5,0.5,27,0.0,0.0,0.0,0.0,issue_plus_inventory,2.457,1,1,TypeScript,qwen2.5:3b,1,5,5,coder/code-server,0,Feature,coder__code-server-6115,0.0,0.0,0.0,0.0
0.125,0.5,0.5,27,0.0,0.0,0.0,0.0,issue_plus_hints,2.612,1,1,TypeScript,qwen2.5:3b,1,5,5,coder/code-server,0,Feature,coder__code-server-6115,0.0,0.0,0.0,0.0
0.0,0.0,0.0,133,0.0,0.0,0.0,0.0,issue_only,1.329,1,1,TypeScript,qwen2.5:3b,1,0,0,microsoft/vscode,0,Feature,microsoft__vscode-178694,0.0,0.0,0.0,0.0
0.0,0.0,0.0,133,0.0,0.0,0.0,0.0,issue_plus_inventory,4.885,1,1,TypeScript,qwen2.5:3b,1,5,5,microsoft/vscode,0,Feature,microsoft__vscode-178694,0.0,0.0,0.0,0.0
0.0,0.0,0.0,133,0.0,0.0,0.0,0.0,issue_plus_hints,3.627,1,1,TypeScript,qwen2.5:3b,1,5,4,microsoft/vscode,0,Feature,microsoft__vscode-178694,0.0,0.0,0.0,0.0
0.0,0.0,0.0,133,0.0,0.0,0.0,0.0,issue_only,1.481,5,4,TypeScript,qwen2.5:3b,1,1,2,microsoft/vscode,0,Feature,microsoft__vscode-182669,0.0,0.0,0.0,0.0
0.0,0.0,0.0,133,0.0,0.0,0.0,0.0,issue_plus_inventory,5.169,5,4,TypeScript,qwen2.5:3b,1,5,5,microsoft/vscode,0,Feature,microsoft__vscode-182669,0.0,0.0,0.0,0.0
0.0,0.0,0.0,133,0.0,0.0,0.0,0.0,issue_plus_hints,3.691,5,4,TypeScript,qwen2.5:3b,1,5,4,microsoft/vscode,0,Feature,microsoft__vscode-182669,0.0,0.0,0.0,0.0
0.5,0.16666666666666666,0.16666666666666666,27,0.33333333333333337,1.0,0.2,0.2,issue_only,1.508,5,1,TypeScript,qwen2.5:3b,1,1,1,coder/code-server,0,Feature,coder__code-server-6225,0.0,0.0,0.0,0.0
0.375,0.5,0.5,27,0.4000000000000001,0.4,0.4,0.4,issue_plus_inventory,2.78,5,1,TypeScript,qwen2.5:3b,1,5,5,coder/code-server,0,Feature,coder__code-server-6225,0.33333333333333337,0.2,1.0,1.0
0.5,0.3333333333333333,0.3333333333333333,27,0.5714285714285715,1.0,0.4,0.4,issue_plus_hints,1.957,5,1,TypeScript,qwen2.5:3b,1,2,2,coder/code-server,0,Feature,coder__code-server-6225,0.0,0.0,0.0,0.0
0.0,0.0,0.0,407,0.0,0.0,0.0,0.0,issue_only,2.411,18,1,TypeScript,qwen2.5:3b,1,3,3,mui/material-ui,0,Feature,mui__material-ui-37908,0.0,0.0,0.0,0.0
0.0,0.0,0.0,407,0.0,0.0,0.0,0.0,issue_plus_inventory,4.249,18,1,TypeScript,qwen2.5:3b,1,5,5,mui/material-ui,0,Feature,mui__material-ui-37908,0.0,0.0,0.0,0.0
0.0,0.0,0.0,407,0.0,0.0,0.0,0.0,issue_plus_hints,3.528,18,1,TypeScript,qwen2.5:3b,1,5,5,mui/material-ui,0,Feature,mui__material-ui-37908,0.0,0.0,0.0,0.0
0.0,0.0,0.0,407,0.0,0.0,0.0,0.0,issue_only,1.604,21,2,TypeScript,qwen2.5:3b,1,1,2,mui/material-ui,0,Feature,mui__material-ui-38167,0.0,0.0,0.0,0.0
0.1111111111111111,0.043478260869565216,0.08695652173913043,407,0.07692307692307693,0.2,0.047619047619047616,0.047619047619047616,issue_plus_inventory,4.175,21,2,TypeScript,qwen2.5:3b,1,5,5,mui/material-ui,0,Feature,mui__material-ui-38167,0.0,0.0,0.0,0.0
0.1,0.043478260869565216,0.08695652173913043,407,0.07692307692307693,0.2,0.047619047619047616,0.047619047619047616,issue_plus_hints,3.652,21,2,TypeScript,qwen2.5:3b,1,5,5,mui/material-ui,0,Feature,mui__material-ui-38167,0.0,0.0,0.0,0.0
0.0,0.0,0.0,133,0.0,0.0,0.0,0.0,issue_only,1.634,1,1,TypeScript,qwen2.5:3b,1,1,1,microsoft/vscode,0,Feature,microsoft__vscode-190351,0.0,0.0,0.0,0.0
0.0,0.0,0.0,133,0.0,0.0,0.0,0.0,issue_plus_inventory,4.327,1,1,TypeScript,qwen2.5:3b,1,5,5,microsoft/vscode,0,Feature,microsoft__vscode-190351,0.0,0.0,0.0,0.0
0.0,0.0,0.0,133,0.0,0.0,0.0,0.0,issue_plus_hints,3.09,1,1,TypeScript,qwen2.5:3b,1,5,5,microsoft/vscode,0,Feature,microsoft__vscode-190351,0.0,0.0,0.0,0.0
0.0,0.0,0.0,133,0.0,0.0,0.0,0.0,issue_only,1.457,1,1,TypeScript,qwen2.5:3b,1,1,1,microsoft/vscode,0,Feature,microsoft__vscode-191602,0.0,0.0,0.0,0.0
0.0,0.0,0.0,133,0.0,0.0,0.0,0.0,issue_plus_inventory,4.359,1,1,TypeScript,qwen2.5:3b,1,5,5,microsoft/vscode,0,Feature,microsoft__vscode-191602,0.0,0.0,0.0,0.0
0.0,0.0,0.0,133,0.0,0.0,0.0,0.0,issue_plus_hints,2.612,1,1,TypeScript,qwen2.5:3b,1,3,3,microsoft/vscode,0,Feature,microsoft__vscode-191602,0.0,0.0,0.0,0.0
0.0,0.0,0.0,27,0.0,0.0,0.0,0.0,issue_only,1.576,1,1,TypeScript,qwen2.5:3b,1,1,2,coder/code-server,0,Feature,coder__code-server-6423,0.0,0.0,0.0,0.0
0.2,1.0,1.0,27,0.33333333333333337,0.2,1.0,1.0,issue_plus_inventory,2.567,1,1,TypeScript,qwen2.5:3b,1,5,5,coder/code-server,0,Feature,coder__code-server-6423,0.33333333333333337,0.2,1.0,1.0
0.2,1.0,1.0,27,0.33333333333333337,0.2,1.0,1.0,issue_plus_hints,2.285,1,1,TypeScript,qwen2.5:3b,1,5,5,coder/code-server,0,Feature,coder__code-server-6423,0.33333333333333337,0.2,1.0,1.0
