all_precision_at_10,all_recall_at_10,basename_all_recall_at_10,candidate_path_count,code_f1_at_5,code_precision_at_5,code_recall_at_10,code_recall_at_5,condition,elapsed_sec,gold_code_files,gold_test_files,language,model,parse_ok,predicted_code_files,predicted_test_files,repo,returncode,task_category,task_id,test_f1_at_5,test_precision_at_5,test_recall_at_10,test_recall_at_5
0.0,0.0,0.0,132,0.0,0.0,0.0,0.0,issue_only,2.371,1,1,Java,llama3.2:3b,1,3,3,apache/dubbo,0,Feature,apache__dubbo-2750,0.0,0.0,0.0,0.0
0.0,0.0,0.0,132,0.0,0.0,0.0,0.0,issue_plus_inventory,1.796,1,1,Java,llama3.2:3b,1,2,2,apache/dubbo,0,Feature,apache__dubbo-2750,0.0,0.0,0.0,0.0
0.0,0.0,0.0,132,0.0,0.0,0.0,0.0,issue_plus_hints,0.872,1,1,Java,llama3.2:3b,1,2,2,apache/dubbo,0,Feature,apache__dubbo-2750,0.0,0.0,0.0,0.0
0.0,0.0,0.0,258,0.0,0.0,0.0,0.0,issue_only,1.582,1,1,Java,llama3.2:3b,1,5,5,trinodb/trino,0,Feature,trinodb__trino-117,0.0,0.0,0.0,0.0
0.1,0.5,0.5,258,0.33333333333333337,0.2,1.0,1.0,issue_plus_inventory,2.677,1,1,Java,llama3.2:3b,1,5,5,trinodb/trino,0,Feature,trinodb__trino-117,0.0,0.0,0.0,0.0
0.1,0.5,0.5,258,0.33333333333333337,0.2,1.0,1.0,issue_plus_hints,1.962,1,1,Java,llama3.2:3b,1,5,5,trinodb/trino,0,Feature,trinodb__trino-117,0.0,0.0,0.0,0.0
0.5,0.5,0.5,258,0.8,1.0,0.6666666666666666,0.6666666666666666,issue_only,1.295,3,1,Java,llama3.2:3b,1,2,2,trinodb/trino,0,Feature,trinodb__trino-741,0.0,0.0,0.0,0.0
0.75,0.75,0.75,258,0.8,1.0,0.6666666666666666,0.6666666666666666,issue_plus_inventory,2.451,3,1,Java,llama3.2:3b,1,2,2,trinodb/trino,0,Feature,trinodb__trino-741,0.6666666666666666,0.5,1.0,1.0
0.6,0.75,0.75,258,0.8,1.0,0.6666666666666666,0.6666666666666666,issue_plus_hints,1.403,3,1,Java,llama3.2:3b,1,2,3,trinodb/trino,0,Feature,trinodb__trino-741,0.5,0.3333333333333333,1.0,1.0
0.0,0.0,0.0,258,0.0,0.0,0.0,0.0,issue_only,2.207,2,1,Java,llama3.2:3b,1,5,5,trinodb/trino,0,Feature,trinodb__trino-748,0.0,0.0,0.0,0.0
0.1,0.3333333333333333,0.3333333333333333,258,0.28571428571428575,0.2,0.5,0.5,issue_plus_inventory,3.264,2,1,Java,llama3.2:3b,1,5,5,trinodb/trino,0,Feature,trinodb__trino-748,0.0,0.0,0.0,0.0
0.2,0.6666666666666666,0.6666666666666666,258,0.5714285714285715,0.4,1.0,1.0,issue_plus_hints,2.509,2,1,Java,llama3.2:3b,1,5,5,trinodb/trino,0,Feature,trinodb__trino-748,0.0,0.0,0.0,0.0
0.0,0.0,0.0,258,0.0,0.0,0.0,0.0,issue_only,2.033,5,2,Java,llama3.2:3b,1,5,5,trinodb/trino,0,Feature,trinodb__trino-799,0.0,0.0,0.0,0.0
0.0,0.0,0.0,258,0.0,0.0,0.0,0.0,issue_plus_inventory,2.623,5,2,Java,llama3.2:3b,1,5,5,trinodb/trino,0,Feature,trinodb__trino-799,0.0,0.0,0.0,0.0
0.0,0.0,0.0,258,0.0,0.0,0.0,0.0,issue_plus_hints,1.638,5,2,Java,llama3.2:3b,1,5,5,trinodb/trino,0,Feature,trinodb__trino-799,0.0,0.0,0.0,0.0
0.0,0.0,0.0,258,0.0,0.0,0.0,0.0,issue_only,1.192,3,10,Java,llama3.2:3b,1,3,3,trinodb/trino,0,Feature,trinodb__trino-1090,0.0,0.0,0.0,0.0
0.5,0.15384615384615385,0.15384615384615385,258,0.0,0.0,0.0,0.0,issue_plus_inventory,2.179,3,10,Java,llama3.2:3b,1,2,2,trinodb/trino,0,Feature,trinodb__trino-1090,0.33333333333333337,1.0,0.2,0.2
0.0,0.0,0.0,258,0.0,0.0,0.0,0.0,issue_plus_hints,1.826,3,10,Java,llama3.2:3b,1,5,5,trinodb/trino,0,Feature,trinodb__trino-1090,0.0,0.0,0.0,0.0
0.16666666666666666,0.06666666666666667,0.06666666666666667,258,0.125,0.3333333333333333,0.07692307692307693,0.07692307692307693,issue_only,0.831,13,2,Java,llama3.2:3b,1,3,3,trinodb/trino,0,Feature,trinodb__trino-1174,0.0,0.0,0.0,0.0
0.3333333333333333,0.13333333333333333,0.13333333333333333,258,0.25,0.6666666666666666,0.15384615384615385,0.15384615384615385,issue_plus_inventory,2.522,13,2,Java,llama3.2:3b,1,3,3,trinodb/trino,0,Feature,trinodb__trino-1174,0.0,0.0,0.0,0.0
0.2,0.13333333333333333,0.13333333333333333,258,0.2222222222222222,0.4,0.15384615384615385,0.15384615384615385,issue_plus_hints,1.865,13,2,Java,llama3.2:3b,1,5,5,trinodb/trino,0,Feature,trinodb__trino-1174,0.0,0.0,0.0,0.0
0.0,0.0,0.0,258,0.0,0.0,0.0,0.0,issue_only,2.121,2,1,Java,llama3.2:3b,1,5,5,trinodb/trino,0,Feature,trinodb__trino-1848,0.0,0.0,0.0,0.0
0.1,0.3333333333333333,0.3333333333333333,258,0.0,0.0,0.0,0.0,issue_plus_inventory,3.064,2,1,Java,llama3.2:3b,1,5,5,trinodb/trino,0,Feature,trinodb__trino-1848,0.33333333333333337,0.2,1.0,1.0
0.0,0.0,0.0,258,0.0,0.0,0.0,0.0,issue_plus_hints,1.873,2,1,Java,llama3.2:3b,1,5,5,trinodb/trino,0,Feature,trinodb__trino-1848,0.0,0.0,0.0,0.0
0.0,0.0,0.0,258,0.0,0.0,0.0,0.0,issue_only,1.457,3,5,Java,llama3.2:3b,1,3,3,trinodb/trino,0,Feature,trinodb__trino-1872,0.0,0.0,0.0,0.0
0.2,0.25,0.25,258,0.25,0.2,0.3333333333333333,0.3333333333333333,issue_plus_inventory,3.215,3,5,Java,llama3.2:3b,1,5,5,trinodb/trino,0,Feature,trinodb__trino-1872,0.0,0.0,0.0,0.0
0.16666666666666666,0.125,0.125,258,0.0,0.0,0.0,0.0,issue_plus_hints,1.441,3,5,Java,llama3.2:3b,1,3,3,trinodb/trino,0,Feature,trinodb__trino-1872,0.0,0.0,0.0,0.0
0.0,0.0,0.0,258,0.0,0.0,0.0,0.0,issue_only,2.436,3,1,Java,llama3.2:3b,1,1,1,trinodb/trino,0,Feature,trinodb__trino-3392,0.0,0.0,0.0,0.0
0.1,0.25,0.25,258,0.25,0.2,0.3333333333333333,0.3333333333333333,issue_plus_inventory,2.768,3,1,Java,llama3.2:3b,1,5,5,trinodb/trino,0,Feature,trinodb__trino-3392,0.0,0.0,0.0,0.0
0.1,0.25,0.25,258,0.25,0.2,0.3333333333333333,0.3333333333333333,issue_plus_hints,1.851,3,1,Java,llama3.2:3b,1,5,5,trinodb/trino,0,Feature,trinodb__trino-3392,0.0,0.0,0.0,0.0
0.0,0.0,0.0,258,0.0,0.0,0.0,0.0,issue_only,1.341,3,3,Java,llama3.2:3b,1,3,3,trinodb/trino,0,Feature,trinodb__trino-3638,0.0,0.0,0.0,0.0
0.2,0.3333333333333333,0.3333333333333333,258,0.25,0.2,0.3333333333333333,0.3333333333333333,issue_plus_inventory,3.316,3,3,Java,llama3.2:3b,1,5,5,trinodb/trino,0,Feature,trinodb__trino-3638,0.0,0.0,0.0,0.0
0.1111111111111111,0.16666666666666666,0.16666666666666666,258,0.25,0.2,0.3333333333333333,0.3333333333333333,issue_plus_hints,1.961,3,3,Java,llama3.2:3b,1,5,5,trinodb/trino,0,Feature,trinodb__trino-3638,0.0,0.0,0.0,0.0
0.0,0.0,0.0,258,0.0,0.0,0.0,0.0,issue_only,1.337,3,1,Java,llama3.2:3b,1,3,3,trinodb/trino,0,Feature,trinodb__trino-3771,0.0,0.0,0.0,0.0
0.2,0.5,0.5,258,0.25,0.2,0.3333333333333333,0.3333333333333333,issue_plus_inventory,3.527,3,1,Java,llama3.2:3b,1,5,5,trinodb/trino,0,Feature,trinodb__trino-3771,0.33333333333333337,0.2,1.0,1.0
0.2,0.5,0.5,258,0.25,0.2,0.3333333333333333,0.3333333333333333,issue_plus_hints,2.461,3,1,Java,llama3.2:3b,1,5,5,trinodb/trino,0,Feature,trinodb__trino-3771,0.33333333333333337,0.2,1.0,1.0
0.0,0.0,0.25,258,0.0,0.0,0.0,0.0,issue_only,1.582,2,2,Java,llama3.2:3b,1,3,3,trinodb/trino,0,Feature,trinodb__trino-4458,0.0,0.0,0.0,0.0
0.1,0.25,0.25,258,0.28571428571428575,0.2,0.5,0.5,issue_plus_inventory,3.183,2,2,Java,llama3.2:3b,1,5,5,trinodb/trino,0,Feature,trinodb__trino-4458,0.0,0.0,0.0,0.0
0.2,0.5,0.5,258,0.28571428571428575,0.2,0.5,0.5,issue_plus_hints,2.211,2,2,Java,llama3.2:3b,1,5,5,trinodb/trino,0,Feature,trinodb__trino-4458,0.28571428571428575,0.2,0.5,0.5
0.0,0.0,1.0,23,0.0,0.0,0.0,0.0,issue_only,1.726,2,2,Java,llama3.2:3b,1,5,4,google/guava,0,Feature,google__guava-3971,0.0,0.0,0.0,0.0
0.2,1.0,1.0,23,0.33333333333333337,0.2,1.0,1.0,issue_plus_inventory,1.662,2,2,Java,llama3.2:3b,1,5,5,google/guava,0,Feature,google__guava-3971,0.33333333333333337,0.2,1.0,1.0
0.2,1.0,1.0,23,0.33333333333333337,0.2,1.0,1.0,issue_plus_hints,1.597,2,2,Java,llama3.2:3b,1,5,5,google/guava,0,Feature,google__guava-3971,0.33333333333333337,0.2,1.0,1.0
0.0,0.0,0.25,258,0.0,0.0,0.0,0.0,issue_only,1.693,3,1,Java,llama3.2:3b,1,5,5,trinodb/trino,0,Feature,trinodb__trino-4600,0.0,0.0,0.0,0.0
0.3333333333333333,0.5,0.5,258,0.6666666666666666,0.6666666666666666,0.6666666666666666,0.6666666666666666,issue_plus_inventory,2.213,3,1,Java,llama3.2:3b,1,3,3,trinodb/trino,0,Feature,trinodb__trino-4600,0.0,0.0,0.0,0.0
0.2,0.5,0.5,258,0.5,0.4,0.6666666666666666,0.6666666666666666,issue_plus_hints,1.74,3,1,Java,llama3.2:3b,1,5,5,trinodb/trino,0,Feature,trinodb__trino-4600,0.0,0.0,0.0,0.0
0.0,0.0,0.0,258,0.0,0.0,0.0,0.0,issue_only,1.275,3,3,Java,llama3.2:3b,1,3,3,trinodb/trino,0,Feature,trinodb__trino-5507,0.0,0.0,0.0,0.0
0.3333333333333333,0.3333333333333333,0.3333333333333333,258,0.3333333333333333,0.3333333333333333,0.3333333333333333,0.3333333333333333,issue_plus_inventory,2.381,3,3,Java,llama3.2:3b,1,3,3,trinodb/trino,0,Feature,trinodb__trino-5507,0.3333333333333333,0.3333333333333333,0.3333333333333333,0.3333333333333333
0.2,0.3333333333333333,0.5,258,0.25,0.2,0.3333333333333333,0.3333333333333333,issue_plus_hints,1.767,3,3,Java,llama3.2:3b,1,5,5,trinodb/trino,0,Feature,trinodb__trino-5507,0.0,0.0,0.0,0.0
0.0,0.0,0.0,258,0.0,0.0,0.0,0.0,issue_only,1.95,2,3,Java,llama3.2:3b,1,5,3,trinodb/trino,0,Feature,trinodb__trino-6074,0.0,0.0,0.0,0.0
1.0,1.0,1.0,258,1.0,1.0,1.0,1.0,issue_plus_inventory,2.282,2,3,Java,llama3.2:3b,1,2,3,trinodb/trino,0,Feature,trinodb__trino-6074,1.0,1.0,1.0,1.0
1.0,1.0,1.0,258,1.0,1.0,1.0,1.0,issue_plus_hints,1.215,2,3,Java,llama3.2:3b,1,2,3,trinodb/trino,0,Feature,trinodb__trino-6074,1.0,1.0,1.0,1.0
0.0,0.0,0.0,80,0.0,0.0,0.0,0.0,issue_only,1.428,5,2,Java,llama3.2:3b,1,5,5,google/gson,0,Feature,google__gson-1904,0.0,0.0,0.0,0.0
0.3333333333333333,0.42857142857142855,0.42857142857142855,80,0.4000000000000001,0.4,0.4,0.4,issue_plus_inventory,2.391,5,2,Java,llama3.2:3b,1,5,5,google/gson,0,Feature,google__gson-1904,0.28571428571428575,0.2,0.5,0.5
0.75,0.42857142857142855,0.42857142857142855,80,0.5714285714285715,1.0,0.4,0.4,issue_plus_hints,1.489,5,2,Java,llama3.2:3b,1,2,2,google/gson,0,Feature,google__gson-1904,0.5,0.5,0.5,0.5
0.0,0.0,0.5,132,0.0,0.0,0.0,0.0,issue_only,0.791,3,1,Java,llama3.2:3b,1,3,3,apache/dubbo,0,Feature,apache__dubbo-8032,0.0,0.0,0.0,0.0
0.2,0.25,0.25,132,0.25,0.2,0.3333333333333333,0.3333333333333333,issue_plus_inventory,2.926,3,1,Java,llama3.2:3b,1,5,0,apache/dubbo,0,Feature,apache__dubbo-8032,0.0,0.0,0.0,0.0
0.0,0.0,0.0,132,0.0,0.0,0.0,0.0,issue_plus_hints,2.794,3,1,Java,llama3.2:3b,1,5,5,apache/dubbo,0,Feature,apache__dubbo-8032,0.0,0.0,0.0,0.0
0.0,0.0,0.0,45,0.0,0.0,0.0,0.0,issue_only,1.101,11,5,Java,llama3.2:3b,1,3,3,apolloconfig/apollo,0,Feature,apolloconfig__apollo-4119,0.0,0.0,0.0,0.0
0.8333333333333334,0.3125,0.375,45,0.28571428571428575,0.6666666666666666,0.18181818181818182,0.18181818181818182,issue_plus_inventory,1.694,11,5,Java,llama3.2:3b,1,3,3,apolloconfig/apollo,0,Feature,apolloconfig__apollo-4119,0.7499999999999999,1.0,0.6,0.6
0.6666666666666666,0.25,0.375,45,0.42857142857142855,1.0,0.2727272727272727,0.2727272727272727,issue_plus_hints,1.16,11,5,Java,llama3.2:3b,1,3,3,apolloconfig/apollo,0,Feature,apolloconfig__apollo-4119,0.25,0.3333333333333333,0.2,0.2
0.0,0.0,0.0,45,0.0,0.0,0.0,0.0,issue_only,1.056,4,2,Java,llama3.2:3b,1,3,3,apolloconfig/apollo,0,Feature,apolloconfig__apollo-4199,0.0,0.0,0.0,0.0
0.75,0.5,0.5,45,0.3333333333333333,0.5,0.25,0.25,issue_plus_inventory,1.661,4,2,Java,llama3.2:3b,1,2,2,apolloconfig/apollo,0,Feature,apolloconfig__apollo-4199,0.5,0.5,0.5,0.5
0.6,0.5,0.5,45,0.3333333333333333,0.5,0.25,0.25,issue_plus_hints,1.245,4,2,Java,llama3.2:3b,1,2,3,apolloconfig/apollo,0,Feature,apolloconfig__apollo-4199,0.4,0.3333333333333333,0.5,0.5
0.0,0.0,0.0,45,0.0,0.0,0.0,0.0,issue_only,1.087,3,1,Java,llama3.2:3b,1,2,2,apolloconfig/apollo,0,Feature,apolloconfig__apollo-4207,0.0,0.0,0.0,0.0
0.5,0.25,0.5,45,0.5,1.0,0.3333333333333333,0.3333333333333333,issue_plus_inventory,1.329,3,1,Java,llama3.2:3b,1,1,1,apolloconfig/apollo,0,Feature,apolloconfig__apollo-4207,0.0,0.0,0.0,0.0
0.5,0.25,0.5,45,0.5,1.0,0.3333333333333333,0.3333333333333333,issue_plus_hints,0.902,3,1,Java,llama3.2:3b,1,1,1,apolloconfig/apollo,0,Feature,apolloconfig__apollo-4207,0.0,0.0,0.0,0.0
0.0,0.0,0.0,157,0.0,0.0,0.0,0.0,issue_only,1.183,1,1,Java,llama3.2:3b,1,0,0,apache/rocketmq,0,Feature,apache__rocketmq-3862,0.0,0.0,0.0,0.0
0.0,0.0,0.0,157,0.0,0.0,0.0,0.0,issue_plus_inventory,2.394,1,1,Java,llama3.2:3b,1,3,3,apache/rocketmq,0,Feature,apache__rocketmq-3862,0.0,0.0,0.0,0.0
0.0,0.0,0.0,157,0.0,0.0,0.0,0.0,issue_plus_hints,1.261,1,1,Java,llama3.2:3b,1,3,3,apache/rocketmq,0,Feature,apache__rocketmq-3862,0.0,0.0,0.0,0.0
0.0,0.0,0.0,157,0.0,0.0,0.0,0.0,issue_only,1.4,2,1,Java,llama3.2:3b,1,3,3,apache/rocketmq,0,Feature,apache__rocketmq-4122,0.0,0.0,0.0,0.0
0.5,0.6666666666666666,0.6666666666666666,157,0.5,0.5,0.5,0.5,issue_plus_inventory,1.954,2,1,Java,llama3.2:3b,1,2,2,apache/rocketmq,0,Feature,apache__rocketmq-4122,0.6666666666666666,0.5,1.0,1.0
0.25,0.3333333333333333,0.3333333333333333,157,0.5,0.5,0.5,0.5,issue_plus_hints,0.88,2,1,Java,llama3.2:3b,1,2,2,apache/rocketmq,0,Feature,apache__rocketmq-4122,0.0,0.0,0.0,0.0
0.0,0.0,1.0,80,0.0,0.0,0.0,0.0,issue_only,1.341,1,1,Java,llama3.2:3b,1,1,1,google/gson,0,Feature,google__gson-2130,0.0,0.0,0.0,0.0
0.25,1.0,1.0,80,0.33333333333333337,0.2,1.0,1.0,issue_plus_inventory,2.313,1,1,Java,llama3.2:3b,1,5,5,google/gson,0,Feature,google__gson-2130,0.33333333333333337,0.2,1.0,1.0
0.5,1.0,1.0,80,0.6666666666666666,0.5,1.0,1.0,issue_plus_hints,0.977,1,1,Java,llama3.2:3b,1,2,2,google/gson,0,Feature,google__gson-2130,0.6666666666666666,0.5,1.0,1.0
0.0,0.0,0.125,45,0.0,0.0,0.0,0.0,issue_only,1.148,15,1,Java,llama3.2:3b,1,3,3,apolloconfig/apollo,0,Feature,apolloconfig__apollo-4464,0.0,0.0,0.0,0.0
0.6,0.375,0.375,45,0.4,0.8,0.26666666666666666,0.26666666666666666,issue_plus_inventory,2.488,15,1,Java,llama3.2:3b,1,5,5,apolloconfig/apollo,0,Feature,apolloconfig__apollo-4464,0.33333333333333337,0.2,1.0,1.0
0.6666666666666666,0.25,0.25,45,0.33333333333333337,1.0,0.2,0.2,issue_plus_hints,1.322,15,1,Java,llama3.2:3b,1,3,3,apolloconfig/apollo,0,Feature,apolloconfig__apollo-4464,0.5,0.3333333333333333,1.0,1.0
0.0,0.0,0.0,157,0.0,0.0,0.0,0.0,issue_only,2.09,4,5,Java,llama3.2:3b,1,5,5,apache/rocketmq,0,Feature,apache__rocketmq-5062,0.0,0.0,0.0,0.0
0.25,0.1111111111111111,0.1111111111111111,157,0.3333333333333333,0.5,0.25,0.25,issue_plus_inventory,2.149,4,5,Java,llama3.2:3b,1,2,2,apache/rocketmq,0,Feature,apache__rocketmq-5062,0.0,0.0,0.0,0.0
0.3,0.3333333333333333,0.3333333333333333,157,0.22222222222222224,0.2,0.25,0.25,issue_plus_hints,1.801,4,5,Java,llama3.2:3b,1,5,5,apache/rocketmq,0,Feature,apache__rocketmq-5062,0.4000000000000001,0.4,0.4,0.4
0.0,0.0,0.0,157,0.0,0.0,0.0,0.0,issue_only,0.838,3,1,Java,llama3.2:3b,1,3,3,apache/rocketmq,0,Feature,apache__rocketmq-5286,0.0,0.0,0.0,0.0
0.1,0.25,0.25,157,0.25,0.2,0.3333333333333333,0.3333333333333333,issue_plus_inventory,2.956,3,1,Java,llama3.2:3b,1,5,5,apache/rocketmq,0,Feature,apache__rocketmq-5286,0.0,0.0,0.0,0.0
0.16666666666666666,0.25,0.25,157,0.3333333333333333,0.3333333333333333,0.3333333333333333,0.3333333333333333,issue_plus_hints,1.247,3,1,Java,llama3.2:3b,1,3,3,apache/rocketmq,0,Feature,apache__rocketmq-5286,0.0,0.0,0.0,0.0
0.0,0.0,0.0,132,0.0,0.0,0.0,0.0,issue_only,1.264,1,3,Java,llama3.2:3b,1,3,3,apache/dubbo,0,Feature,apache__dubbo-10846,0.0,0.0,0.0,0.0
0.1,0.25,0.25,132,0.33333333333333337,0.2,1.0,1.0,issue_plus_inventory,3.625,1,3,Java,llama3.2:3b,1,5,5,apache/dubbo,0,Feature,apache__dubbo-10846,0.0,0.0,0.0,0.0
0.1,0.25,0.25,132,0.33333333333333337,0.2,1.0,1.0,issue_plus_hints,2.366,1,3,Java,llama3.2:3b,1,5,5,apache/dubbo,0,Feature,apache__dubbo-10846,0.0,0.0,0.0,0.0
0.0,0.0,0.0,157,0.0,0.0,0.0,0.0,issue_only,1.391,3,2,Java,llama3.2:3b,1,3,3,apache/rocketmq,0,Feature,apache__rocketmq-5706,0.0,0.0,0.0,0.0
0.1,0.2,0.4,157,0.25,0.2,0.3333333333333333,0.3333333333333333,issue_plus_inventory,2.852,3,2,Java,llama3.2:3b,1,5,5,apache/rocketmq,0,Feature,apache__rocketmq-5706,0.0,0.0,0.0,0.0
0.16666666666666666,0.2,0.2,157,0.3333333333333333,0.3333333333333333,0.3333333333333333,0.3333333333333333,issue_plus_hints,1.192,3,2,Java,llama3.2:3b,1,3,3,apache/rocketmq,0,Feature,apache__rocketmq-5706,0.0,0.0,0.0,0.0
0.0,0.0,0.0,132,0.0,0.0,0.0,0.0,issue_only,1.801,1,1,Java,llama3.2:3b,1,5,5,apache/dubbo,0,Feature,apache__dubbo-11255,0.0,0.0,0.0,0.0
0.0,0.0,0.0,132,0.0,0.0,0.0,0.0,issue_plus_inventory,3.4,1,1,Java,llama3.2:3b,1,5,5,apache/dubbo,0,Feature,apache__dubbo-11255,0.0,0.0,0.0,0.0
0.0,0.0,0.0,132,0.0,0.0,0.0,0.0,issue_plus_hints,2.197,1,1,Java,llama3.2:3b,1,5,5,apache/dubbo,0,Feature,apache__dubbo-11255,0.0,0.0,0.0,0.0
0.0,0.0,0.0,132,0.0,0.0,0.0,0.0,issue_only,1.503,8,2,Java,llama3.2:3b,1,3,3,apache/dubbo,0,Feature,apache__dubbo-11420,0.0,0.0,0.0,0.0
0.4,0.4,0.4,132,0.4615384615384615,0.6,0.375,0.375,issue_plus_inventory,3.453,8,2,Java,llama3.2:3b,1,5,5,apache/dubbo,0,Feature,apache__dubbo-11420,0.28571428571428575,0.2,0.5,0.5
0.4,0.4,0.4,132,0.4615384615384615,0.6,0.375,0.375,issue_plus_hints,2.29,8,2,Java,llama3.2:3b,1,5,5,apache/dubbo,0,Feature,apache__dubbo-11420,0.28571428571428575,0.2,0.5,0.5
0.0,0.0,0.0,80,0.0,0.0,0.0,0.0,issue_only,1.754,4,3,Java,llama3.2:3b,1,5,5,google/gson,0,Feature,google__gson-2345,0.0,0.0,0.0,0.0
0.4,0.5714285714285714,0.5714285714285714,80,0.4444444444444445,0.4,0.5,0.5,issue_plus_inventory,2.448,4,3,Java,llama3.2:3b,1,5,5,google/gson,0,Feature,google__gson-2345,0.5,0.4,0.6666666666666666,0.6666666666666666
0.6666666666666666,0.5714285714285714,0.5714285714285714,80,0.5714285714285715,0.6666666666666666,0.5,0.5,issue_plus_hints,1.039,4,3,Java,llama3.2:3b,1,3,3,google/gson,0,Feature,google__gson-2345,0.6666666666666666,0.6666666666666666,0.6666666666666666,0.6666666666666666
0.0,0.0,0.05555555555555555,157,0.0,0.0,0.0,0.0,issue_only,1.175,17,1,Java,llama3.2:3b,1,3,3,apache/rocketmq,0,Feature,apache__rocketmq-6522,0.0,0.0,0.0,0.0
0.4,0.2222222222222222,0.2222222222222222,157,0.2727272727272727,0.6,0.17647058823529413,0.17647058823529413,issue_plus_inventory,3.039,17,1,Java,llama3.2:3b,1,5,5,apache/rocketmq,0,Feature,apache__rocketmq-6522,0.33333333333333337,0.2,1.0,1.0
0.3,0.16666666666666666,0.16666666666666666,157,0.1818181818181818,0.4,0.11764705882352941,0.11764705882352941,issue_plus_hints,1.902,17,1,Java,llama3.2:3b,1,5,5,apache/rocketmq,0,Feature,apache__rocketmq-6522,0.33333333333333337,0.2,1.0,1.0
0.0,0.0,0.0,157,0.0,0.0,0.0,0.0,issue_only,1.889,9,4,Java,llama3.2:3b,1,5,5,apache/rocketmq,0,Feature,apache__rocketmq-6755,0.0,0.0,0.0,0.0
0.0,0.0,0.0,157,0.0,0.0,0.0,0.0,issue_plus_inventory,2.144,9,4,Java,llama3.2:3b,1,2,2,apache/rocketmq,0,Feature,apache__rocketmq-6755,0.0,0.0,0.0,0.0
0.0,0.0,0.0,157,0.0,0.0,0.0,0.0,issue_plus_hints,0.888,9,4,Java,llama3.2:3b,1,2,2,apache/rocketmq,0,Feature,apache__rocketmq-6755,0.0,0.0,0.0,0.0
0.1111111111111111,0.08333333333333333,0.08333333333333333,80,0.14285714285714285,0.2,0.1111111111111111,0.1111111111111111,issue_only,1.397,9,3,Java,llama3.2:3b,1,5,4,google/gson,0,Feature,google__gson-2420,0.0,0.0,0.0,0.0
0.1,0.08333333333333333,0.08333333333333333,80,0.14285714285714285,0.2,0.1111111111111111,0.1111111111111111,issue_plus_inventory,2.426,9,3,Java,llama3.2:3b,1,5,5,google/gson,0,Feature,google__gson-2420,0.0,0.0,0.0,0.0
0.1,0.08333333333333333,0.08333333333333333,80,0.14285714285714285,0.2,0.1111111111111111,0.1111111111111111,issue_plus_hints,1.62,9,3,Java,llama3.2:3b,1,5,5,google/gson,0,Feature,google__gson-2420,0.0,0.0,0.0,0.0
0.3333333333333333,0.5,0.5,80,0.4,0.3333333333333333,0.5,0.5,issue_only,0.989,2,2,Java,llama3.2:3b,1,3,3,google/gson,0,Feature,google__gson-2479,0.4,0.3333333333333333,0.5,0.5
0.3,0.75,0.75,80,0.28571428571428575,0.2,0.5,0.5,issue_plus_inventory,2.481,2,2,Java,llama3.2:3b,1,5,5,google/gson,0,Feature,google__gson-2479,0.28571428571428575,0.2,0.5,0.5
0.3333333333333333,0.75,0.75,80,0.3333333333333333,0.25,0.5,0.5,issue_plus_hints,1.522,2,2,Java,llama3.2:3b,1,4,5,google/gson,0,Feature,google__gson-2479,0.5714285714285715,0.4,1.0,1.0
0.0,0.0,0.0,80,0.0,0.0,0.0,0.0,issue_only,1.456,3,5,Java,llama3.2:3b,1,5,5,google/gson,0,Feature,google__gson-2498,0.0,0.0,0.0,0.0
0.2,0.25,0.25,80,0.25,0.2,0.3333333333333333,0.3333333333333333,issue_plus_inventory,2.429,3,5,Java,llama3.2:3b,1,5,5,google/gson,0,Feature,google__gson-2498,0.20000000000000004,0.2,0.2,0.2
0.2,0.25,0.25,80,0.25,0.2,0.3333333333333333,0.3333333333333333,issue_plus_hints,1.748,3,5,Java,llama3.2:3b,1,5,5,google/gson,0,Feature,google__gson-2498,0.20000000000000004,0.2,0.2,0.2
0.0,0.0,0.0,157,0.0,0.0,0.0,0.0,issue_only,1.059,2,1,Java,llama3.2:3b,1,3,3,apache/rocketmq,0,Feature,apache__rocketmq-7455,0.0,0.0,0.0,0.0
0.0,0.0,0.0,157,0.0,0.0,0.0,0.0,issue_plus_inventory,2.037,2,1,Java,llama3.2:3b,1,2,2,apache/rocketmq,0,Feature,apache__rocketmq-7455,0.0,0.0,0.0,0.0
0.0,0.0,0.0,157,0.0,0.0,0.0,0.0,issue_plus_hints,0.879,2,1,Java,llama3.2:3b,1,2,2,apache/rocketmq,0,Feature,apache__rocketmq-7455,0.0,0.0,0.0,0.0
0.0,0.0,0.0,157,0.0,0.0,0.0,0.0,issue_only,2.189,14,1,Java,llama3.2:3b,1,3,3,apache/rocketmq,0,Feature,apache__rocketmq-7544,0.0,0.0,0.0,0.0
0.5,0.13333333333333333,0.13333333333333333,157,0.25,1.0,0.14285714285714285,0.14285714285714285,issue_plus_inventory,2.234,14,1,Java,llama3.2:3b,1,2,2,apache/rocketmq,0,Feature,apache__rocketmq-7544,0.0,0.0,0.0,0.0
0.5,0.13333333333333333,0.13333333333333333,157,0.25,1.0,0.14285714285714285,0.14285714285714285,issue_plus_hints,0.94,14,1,Java,llama3.2:3b,1,2,2,apache/rocketmq,0,Feature,apache__rocketmq-7544,0.0,0.0,0.0,0.0
0.0,0.0,0.0,157,0.0,0.0,0.0,0.0,issue_only,1.912,1,1,Java,llama3.2:3b,1,3,3,apache/rocketmq,0,Feature,apache__rocketmq-7655,0.0,0.0,0.0,0.0
0.0,0.0,0.0,157,0.0,0.0,0.0,0.0,issue_plus_inventory,2.272,1,1,Java,llama3.2:3b,1,2,2,apache/rocketmq,0,Feature,apache__rocketmq-7655,0.0,0.0,0.0,0.0
0.0,0.0,0.0,157,0.0,0.0,0.0,0.0,issue_plus_hints,0.943,1,1,Java,llama3.2:3b,1,2,2,apache/rocketmq,0,Feature,apache__rocketmq-7655,0.0,0.0,0.0,0.0
0.0,0.0,0.0,132,0.0,0.0,0.0,0.0,issue_only,0.927,2,2,Java,llama3.2:3b,1,3,3,apache/dubbo,0,Feature,apache__dubbo-13869,0.0,0.0,0.0,0.0
0.4,1.0,1.0,132,0.5714285714285715,0.4,1.0,1.0,issue_plus_inventory,3.467,2,2,Java,llama3.2:3b,1,5,5,apache/dubbo,0,Feature,apache__dubbo-13869,0.5714285714285715,0.4,1.0,1.0
1.0,1.0,1.0,132,1.0,1.0,1.0,1.0,issue_plus_hints,1.472,2,2,Java,llama3.2:3b,1,2,2,apache/dubbo,0,Feature,apache__dubbo-13869,1.0,1.0,1.0,1.0
0.0,0.0,0.0,157,0.0,0.0,0.0,0.0,issue_only,1.606,1,1,Java,llama3.2:3b,1,3,3,apache/rocketmq,0,Feature,apache__rocketmq-7964,0.0,0.0,0.0,0.0
0.0,0.0,0.0,157,0.0,0.0,0.0,0.0,issue_plus_inventory,2.393,1,1,Java,llama3.2:3b,1,3,3,apache/rocketmq,0,Feature,apache__rocketmq-7964,0.0,0.0,0.0,0.0
0.0,0.0,0.0,157,0.0,0.0,0.0,0.0,issue_plus_hints,1.226,1,1,Java,llama3.2:3b,1,3,3,apache/rocketmq,0,Feature,apache__rocketmq-7964,0.0,0.0,0.0,0.0
0.1,0.3333333333333333,0.3333333333333333,80,0.33333333333333337,0.2,1.0,1.0,issue_only,1.572,1,2,Java,llama3.2:3b,1,5,5,google/gson,0,Feature,google__gson-2701,0.0,0.0,0.0,0.0
0.2,0.6666666666666666,1.0,80,0.33333333333333337,0.2,1.0,1.0,issue_plus_inventory,2.355,1,2,Java,llama3.2:3b,1,5,5,google/gson,0,Feature,google__gson-2701,0.28571428571428575,0.2,0.5,0.5
0.2,0.6666666666666666,0.6666666666666666,80,0.33333333333333337,0.2,1.0,1.0,issue_plus_hints,1.581,1,2,Java,llama3.2:3b,1,5,5,google/gson,0,Feature,google__gson-2701,0.28571428571428575,0.2,0.5,0.5
0.0,0.0,0.0,76,0.0,0.0,0.0,0.0,issue_only,1.116,1,1,JavaScript,llama3.2:3b,1,5,5,serverless/serverless,0,Feature,serverless__serverless-2624,0.0,0.0,0.0,0.0
0.0,0.0,0.0,76,0.0,0.0,0.0,0.0,issue_plus_inventory,1.858,1,1,JavaScript,llama3.2:3b,1,5,5,serverless/serverless,0,Feature,serverless__serverless-2624,0.0,0.0,0.0,0.0
0.0,0.0,0.0,76,0.0,0.0,0.0,0.0,issue_plus_hints,1.134,1,1,JavaScript,llama3.2:3b,1,5,5,serverless/serverless,0,Feature,serverless__serverless-2624,0.0,0.0,0.0,0.0
0.0,0.0,0.0,76,0.0,0.0,0.0,0.0,issue_only,0.958,2,1,JavaScript,llama3.2:3b,1,3,3,serverless/serverless,0,Feature,serverless__serverless-2748,0.0,0.0,0.0,0.0
0.0,0.0,0.6666666666666666,76,0.0,0.0,0.0,0.0,issue_plus_inventory,1.699,2,1,JavaScript,llama3.2:3b,1,5,5,serverless/serverless,0,Feature,serverless__serverless-2748,0.0,0.0,0.0,0.0
0.0,0.0,0.6666666666666666,76,0.0,0.0,0.0,0.0,issue_plus_hints,0.834,2,1,JavaScript,llama3.2:3b,1,2,3,serverless/serverless,0,Feature,serverless__serverless-2748,0.0,0.0,0.0,0.0
0.0,0.0,0.6666666666666666,76,0.0,0.0,0.0,0.0,issue_only,1.335,2,1,JavaScript,llama3.2:3b,1,5,5,serverless/serverless,0,Feature,serverless__serverless-2910,0.0,0.0,0.0,0.0
0.0,0.0,0.6666666666666666,76,0.0,0.0,0.0,0.0,issue_plus_inventory,1.471,2,1,JavaScript,llama3.2:3b,1,3,3,serverless/serverless,0,Feature,serverless__serverless-2910,0.0,0.0,0.0,0.0
0.0,0.0,0.6666666666666666,76,0.0,0.0,0.0,0.0,issue_plus_hints,1.175,2,1,JavaScript,llama3.2:3b,1,5,5,serverless/serverless,0,Feature,serverless__serverless-2910,0.0,0.0,0.0,0.0
0.0,0.0,0.0,76,0.0,0.0,0.0,0.0,issue_only,0.946,2,1,JavaScript,llama3.2:3b,1,3,3,serverless/serverless,0,Feature,serverless__serverless-3217,0.0,0.0,0.0,0.0
0.0,0.0,0.0,76,0.0,0.0,0.0,0.0,issue_plus_inventory,1.755,2,1,JavaScript,llama3.2:3b,1,5,5,serverless/serverless,0,Feature,serverless__serverless-3217,0.0,0.0,0.0,0.0
0.0,0.0,0.0,76,0.0,0.0,0.0,0.0,issue_plus_hints,1.365,2,1,JavaScript,llama3.2:3b,1,5,5,serverless/serverless,0,Feature,serverless__serverless-3217,0.0,0.0,0.0,0.0
0.1111111111111111,0.125,0.125,335,0.20000000000000004,0.2,0.2,0.2,issue_only,0.815,5,3,JavaScript,llama3.2:3b,1,5,4,prettier/prettier,0,Feature,prettier__prettier-661,0.0,0.0,0.0,0.0
0.2,0.25,0.25,335,0.0,0.0,0.0,0.0,issue_plus_inventory,1.531,5,3,JavaScript,llama3.2:3b,1,5,5,prettier/prettier,0,Feature,prettier__prettier-661,0.25,0.2,0.3333333333333333,0.3333333333333333
0.2,0.25,0.25,335,0.0,0.0,0.0,0.0,issue_plus_hints,1.172,5,3,JavaScript,llama3.2:3b,1,5,5,prettier/prettier,0,Feature,prettier__prettier-661,0.25,0.2,0.3333333333333333,0.3333333333333333
0.0,0.0,0.25,335,0.0,0.0,0.0,0.0,issue_only,1.41,1,3,JavaScript,llama3.2:3b,1,4,4,prettier/prettier,0,Feature,prettier__prettier-842,0.0,0.0,0.0,0.0
0.0,0.0,0.5,335,0.0,0.0,0.0,0.0,issue_plus_inventory,1.706,1,3,JavaScript,llama3.2:3b,1,5,5,prettier/prettier,0,Feature,prettier__prettier-842,0.0,0.0,0.0,0.0
0.0,0.0,0.5,335,0.0,0.0,0.0,0.0,issue_plus_hints,1.278,1,3,JavaScript,llama3.2:3b,1,5,5,prettier/prettier,0,Feature,prettier__prettier-842,0.0,0.0,0.0,0.0
0.0,0.0,0.5,76,0.0,0.0,0.0,0.0,issue_only,0.786,3,1,JavaScript,llama3.2:3b,1,3,3,serverless/serverless,0,Feature,serverless__serverless-3548,0.0,0.0,0.0,0.0
0.2,0.5,0.5,76,0.25,0.2,0.3333333333333333,0.3333333333333333,issue_plus_inventory,1.694,3,1,JavaScript,llama3.2:3b,1,5,5,serverless/serverless,0,Feature,serverless__serverless-3548,0.33333333333333337,0.2,1.0,1.0
0.4,0.5,0.5,76,0.25,0.2,0.3333333333333333,0.3333333333333333,issue_plus_hints,1.368,3,1,JavaScript,llama3.2:3b,1,5,3,serverless/serverless,0,Feature,serverless__serverless-3548,0.5,0.3333333333333333,1.0,1.0
0.0,0.0,0.0,76,0.0,0.0,0.0,0.0,issue_only,0.812,3,1,JavaScript,llama3.2:3b,1,2,2,serverless/serverless,0,Feature,serverless__serverless-3609,0.0,0.0,0.0,0.0
0.3,0.75,0.75,76,0.5,0.4,0.6666666666666666,0.6666666666666666,issue_plus_inventory,1.689,3,1,JavaScript,llama3.2:3b,1,5,5,serverless/serverless,0,Feature,serverless__serverless-3609,0.33333333333333337,0.2,1.0,1.0
0.2,0.25,0.25,76,0.3333333333333333,0.3333333333333333,0.3333333333333333,0.3333333333333333,issue_plus_hints,1.303,3,1,JavaScript,llama3.2:3b,1,3,2,serverless/serverless,0,Feature,serverless__serverless-3609,0.0,0.0,0.0,0.0
0.0,0.0,0.6666666666666666,76,0.0,0.0,0.0,0.0,issue_only,0.929,2,1,JavaScript,llama3.2:3b,1,5,5,serverless/serverless,0,Feature,serverless__serverless-3642,0.0,0.0,0.0,0.0
0.1,0.3333333333333333,0.3333333333333333,76,0.28571428571428575,0.2,0.5,0.5,issue_plus_inventory,1.623,2,1,JavaScript,llama3.2:3b,1,5,5,serverless/serverless,0,Feature,serverless__serverless-3642,0.0,0.0,0.0,0.0
0.1,0.3333333333333333,0.3333333333333333,76,0.28571428571428575,0.2,0.5,0.5,issue_plus_hints,1.059,2,1,JavaScript,llama3.2:3b,1,5,5,serverless/serverless,0,Feature,serverless__serverless-3642,0.0,0.0,0.0,0.0
0.0,0.0,0.0,76,0.0,0.0,0.0,0.0,issue_only,1.175,4,2,JavaScript,llama3.2:3b,1,5,5,serverless/serverless,0,Feature,serverless__serverless-4097,0.0,0.0,0.0,0.0
0.0,0.0,0.0,76,0.0,0.0,0.0,0.0,issue_plus_inventory,1.823,4,2,JavaScript,llama3.2:3b,1,5,5,serverless/serverless,0,Feature,serverless__serverless-4097,0.0,0.0,0.0,0.0
0.0,0.0,0.0,76,0.0,0.0,0.0,0.0,issue_plus_hints,1.181,4,2,JavaScript,llama3.2:3b,1,5,4,serverless/serverless,0,Feature,serverless__serverless-4097,0.0,0.0,0.0,0.0
0.0,0.0,0.0,334,0.0,0.0,0.0,0.0,issue_only,0.886,4,5,JavaScript,llama3.2:3b,1,5,5,sveltejs/svelte,0,Feature,sveltejs__svelte-778,0.0,0.0,0.0,0.0
0.2222222222222222,0.2222222222222222,0.4444444444444444,334,0.0,0.0,0.0,0.0,issue_plus_inventory,2.034,4,5,JavaScript,llama3.2:3b,1,4,5,sveltejs/svelte,0,Feature,sveltejs__svelte-778,0.20000000000000004,0.2,0.2,0.2
0.2,0.2222222222222222,0.5555555555555556,334,0.0,0.0,0.0,0.0,issue_plus_hints,1.267,4,5,JavaScript,llama3.2:3b,1,5,5,sveltejs/svelte,0,Feature,sveltejs__svelte-778,0.20000000000000004,0.2,0.2,0.2
0.0,0.0,0.0,334,0.0,0.0,0.0,0.0,issue_only,0.613,1,24,JavaScript,llama3.2:3b,1,2,2,sveltejs/svelte,0,Feature,sveltejs__svelte-785,0.0,0.0,0.0,0.0
0.1,0.04,0.04,334,0.33333333333333337,0.2,1.0,1.0,issue_plus_inventory,1.921,1,24,JavaScript,llama3.2:3b,1,5,5,sveltejs/svelte,0,Feature,sveltejs__svelte-785,0.0,0.0,0.0,0.0
0.1,0.04,0.04,334,0.33333333333333337,0.2,1.0,1.0,issue_plus_hints,1.092,1,24,JavaScript,llama3.2:3b,1,5,5,sveltejs/svelte,0,Feature,sveltejs__svelte-785,0.0,0.0,0.0,0.0
0.0,0.0,0.06666666666666667,335,0.0,0.0,0.0,0.0,issue_only,0.677,8,7,JavaScript,llama3.2:3b,1,3,3,prettier/prettier,0,Feature,prettier__prettier-3775,0.0,0.0,0.0,0.0
0.3,0.2,0.26666666666666666,335,0.15384615384615385,0.2,0.125,0.125,issue_plus_inventory,1.553,8,7,JavaScript,llama3.2:3b,1,5,5,prettier/prettier,0,Feature,prettier__prettier-3775,0.16666666666666666,0.2,0.14285714285714285,0.14285714285714285
0.5,0.2,0.26666666666666666,335,0.36363636363636365,0.6666666666666666,0.25,0.25,issue_plus_hints,0.887,8,7,JavaScript,llama3.2:3b,1,3,3,prettier/prettier,0,Feature,prettier__prettier-3775,0.0,0.0,0.0,0.0
0.0,0.0,0.0,334,0.0,0.0,0.0,0.0,issue_only,0.871,4,7,JavaScript,llama3.2:3b,1,5,5,sveltejs/svelte,0,Feature,sveltejs__svelte-1148,0.0,0.0,0.0,0.0
0.2,0.18181818181818182,0.45454545454545453,334,0.22222222222222224,0.2,0.25,0.25,issue_plus_inventory,1.861,4,7,JavaScript,llama3.2:3b,1,5,5,sveltejs/svelte,0,Feature,sveltejs__svelte-1148,0.16666666666666666,0.2,0.14285714285714285,0.14285714285714285
0.3333333333333333,0.18181818181818182,0.36363636363636365,334,0.28571428571428575,0.3333333333333333,0.25,0.25,issue_plus_hints,1.076,4,7,JavaScript,llama3.2:3b,1,3,3,sveltejs/svelte,0,Feature,sveltejs__svelte-1148,0.2,0.3333333333333333,0.14285714285714285,0.14285714285714285
0.0,0.0,0.0,335,0.0,0.0,0.0,0.0,issue_only,1.195,2,101,JavaScript,llama3.2:3b,1,2,2,prettier/prettier,0,Feature,prettier__prettier-3903,0.0,0.0,0.0,0.0
0.2,0.019417475728155338,0.019417475728155338,335,0.0,0.0,0.0,0.0,issue_plus_inventory,1.505,2,101,JavaScript,llama3.2:3b,1,5,5,prettier/prettier,0,Feature,prettier__prettier-3903,0.018867924528301886,0.2,0.009900990099009901,0.009900990099009901
0.2,0.019417475728155338,0.019417475728155338,335,0.0,0.0,0.0,0.0,issue_plus_hints,1.058,2,101,JavaScript,llama3.2:3b,1,5,5,prettier/prettier,0,Feature,prettier__prettier-3903,0.018867924528301886,0.2,0.009900990099009901,0.009900990099009901
0.0,0.0,0.0,335,0.0,0.0,0.0,0.0,issue_only,0.779,1,2,JavaScript,llama3.2:3b,1,5,5,prettier/prettier,0,Feature,prettier__prettier-4667,0.0,0.0,0.0,0.0
0.25,0.6666666666666666,0.6666666666666666,335,0.33333333333333337,0.2,1.0,1.0,issue_plus_inventory,1.856,1,2,JavaScript,llama3.2:3b,1,5,5,prettier/prettier,0,Feature,prettier__prettier-4667,0.28571428571428575,0.2,0.5,0.5
0.2222222222222222,0.6666666666666666,0.6666666666666666,335,0.33333333333333337,0.2,1.0,1.0,issue_plus_hints,1.16,1,2,JavaScript,llama3.2:3b,1,5,5,prettier/prettier,0,Feature,prettier__prettier-4667,0.28571428571428575,0.2,0.5,0.5
0.0,0.0,0.0,77,0.0,0.0,0.0,0.0,issue_only,1.114,4,1,JavaScript,llama3.2:3b,1,5,5,mrdoob/three.js,0,Feature,mrdoob__three.js-14566,0.0,0.0,0.0,0.0
0.2,0.4,0.4,77,0.22222222222222224,0.2,0.25,0.25,issue_plus_inventory,1.533,4,1,JavaScript,llama3.2:3b,1,5,5,mrdoob/three.js,0,Feature,mrdoob__three.js-14566,0.33333333333333337,0.2,1.0,1.0
0.2,0.4,0.4,77,0.22222222222222224,0.2,0.25,0.25,issue_plus_hints,1.041,4,1,JavaScript,llama3.2:3b,1,5,5,mrdoob/three.js,0,Feature,mrdoob__three.js-14566,0.33333333333333337,0.2,1.0,1.0
0.0,0.0,0.0,334,0.0,0.0,0.0,0.0,issue_only,0.629,2,20,JavaScript,llama3.2:3b,1,3,3,sveltejs/svelte,0,Feature,sveltejs__svelte-1811,0.0,0.0,0.0,0.0
0.3,0.13636363636363635,0.8636363636363636,334,0.0,0.0,0.0,0.0,issue_plus_inventory,2.032,2,20,JavaScript,llama3.2:3b,1,5,5,sveltejs/svelte,0,Feature,sveltejs__svelte-1811,0.24,0.6,0.15,0.15
0.3,0.13636363636363635,0.8636363636363636,334,0.0,0.0,0.0,0.0,issue_plus_hints,1.224,2,20,JavaScript,llama3.2:3b,1,5,5,sveltejs/svelte,0,Feature,sveltejs__svelte-1811,0.24,0.6,0.15,0.15
0.16666666666666666,0.2,0.4,76,0.28571428571428575,0.3333333333333333,0.25,0.25,issue_only,1.345,4,1,JavaScript,llama3.2:3b,1,3,3,serverless/serverless,0,Feature,serverless__serverless-5509,0.0,0.0,0.0,0.0
0.16666666666666666,0.2,0.2,76,0.28571428571428575,0.3333333333333333,0.25,0.25,issue_plus_inventory,1.491,4,1,JavaScript,llama3.2:3b,1,3,3,serverless/serverless,0,Feature,serverless__serverless-5509,0.0,0.0,0.0,0.0
0.16666666666666666,0.2,0.2,76,0.28571428571428575,0.3333333333333333,0.25,0.25,issue_plus_hints,0.845,4,1,JavaScript,llama3.2:3b,1,3,3,serverless/serverless,0,Feature,serverless__serverless-5509,0.0,0.0,0.0,0.0
0.0,0.0,0.0,76,0.0,0.0,0.0,0.0,issue_only,0.798,3,2,JavaScript,llama3.2:3b,1,3,3,serverless/serverless,0,Feature,serverless__serverless-5579,0.0,0.0,0.0,0.0
0.1,0.2,0.2,76,0.25,0.2,0.3333333333333333,0.3333333333333333,issue_plus_inventory,1.808,3,2,JavaScript,llama3.2:3b,1,5,5,serverless/serverless,0,Feature,serverless__serverless-5579,0.0,0.0,0.0,0.0
0.1,0.2,0.2,76,0.25,0.2,0.3333333333333333,0.3333333333333333,issue_plus_hints,1.181,3,2,JavaScript,llama3.2:3b,1,5,5,serverless/serverless,0,Feature,serverless__serverless-5579,0.0,0.0,0.0,0.0
0.0,0.0,0.0,334,0.0,0.0,0.0,0.0,issue_only,0.873,4,15,JavaScript,llama3.2:3b,1,5,5,sveltejs/svelte,0,Feature,sveltejs__svelte-2187,0.0,0.0,0.0,0.0
0.2,0.10526315789473684,0.8421052631578947,334,0.0,0.0,0.0,0.0,issue_plus_inventory,1.874,4,15,JavaScript,llama3.2:3b,1,5,5,sveltejs/svelte,0,Feature,sveltejs__svelte-2187,0.2,0.4,0.13333333333333333,0.13333333333333333
0.2,0.10526315789473684,0.8421052631578947,334,0.0,0.0,0.0,0.0,issue_plus_hints,1.096,4,15,JavaScript,llama3.2:3b,1,5,5,sveltejs/svelte,0,Feature,sveltejs__svelte-2187,0.2,0.4,0.13333333333333333,0.13333333333333333
0.0,0.0,0.0,76,0.0,0.0,0.0,0.0,issue_only,1.058,5,4,JavaScript,llama3.2:3b,1,5,5,serverless/serverless,0,Feature,serverless__serverless-5982,0.0,0.0,0.0,0.0
0.4,0.4444444444444444,0.4444444444444444,76,0.4000000000000001,0.4,0.4,0.4,issue_plus_inventory,2.034,5,4,JavaScript,llama3.2:3b,1,5,5,serverless/serverless,0,Feature,serverless__serverless-5982,0.4444444444444445,0.4,0.5,0.5
0.4,0.4444444444444444,0.4444444444444444,76,0.4000000000000001,0.4,0.4,0.4,issue_plus_hints,1.375,5,4,JavaScript,llama3.2:3b,1,5,5,serverless/serverless,0,Feature,serverless__serverless-5982,0.4444444444444445,0.4,0.5,0.5
0.0,0.0,0.0,76,0.0,0.0,0.0,0.0,issue_only,0.653,3,1,JavaScript,llama3.2:3b,1,3,3,serverless/serverless,0,Feature,serverless__serverless-6051,0.0,0.0,0.0,0.0
0.0,0.0,0.25,76,0.0,0.0,0.0,0.0,issue_plus_inventory,1.385,3,1,JavaScript,llama3.2:3b,1,2,2,serverless/serverless,0,Feature,serverless__serverless-6051,0.0,0.0,0.0,0.0
0.0,0.0,0.25,76,0.0,0.0,0.0,0.0,issue_plus_hints,0.973,3,1,JavaScript,llama3.2:3b,1,2,2,serverless/serverless,0,Feature,serverless__serverless-6051,0.0,0.0,0.0,0.0
0.0,0.0,0.0,76,0.0,0.0,0.0,0.0,issue_only,0.733,3,1,JavaScript,llama3.2:3b,1,3,3,serverless/serverless,0,Feature,serverless__serverless-6063,0.0,0.0,0.0,0.0
0.5,0.5,0.5,76,0.4,0.5,0.3333333333333333,0.3333333333333333,issue_plus_inventory,1.296,3,1,JavaScript,llama3.2:3b,1,2,2,serverless/serverless,0,Feature,serverless__serverless-6063,0.6666666666666666,0.5,1.0,1.0
0.3333333333333333,0.5,0.5,76,0.3333333333333333,0.3333333333333333,0.3333333333333333,0.3333333333333333,issue_plus_hints,1.172,3,1,JavaScript,llama3.2:3b,1,3,3,serverless/serverless,0,Feature,serverless__serverless-6063,0.5,0.3333333333333333,1.0,1.0
0.0,0.0,0.0,76,0.0,0.0,0.0,0.0,issue_only,1.211,2,1,JavaScript,llama3.2:3b,1,5,5,serverless/serverless,0,Feature,serverless__serverless-6345,0.0,0.0,0.0,0.0
0.0,0.0,0.0,76,0.0,0.0,0.0,0.0,issue_plus_inventory,1.934,2,1,JavaScript,llama3.2:3b,1,5,5,serverless/serverless,0,Feature,serverless__serverless-6345,0.0,0.0,0.0,0.0
0.0,0.0,0.0,76,0.0,0.0,0.0,0.0,issue_plus_hints,1.241,2,1,JavaScript,llama3.2:3b,1,5,5,serverless/serverless,0,Feature,serverless__serverless-6345,0.0,0.0,0.0,0.0
0.0,0.0,0.2222222222222222,77,0.0,0.0,0.0,0.0,issue_only,1.287,17,1,JavaScript,llama3.2:3b,1,5,5,mrdoob/three.js,0,Feature,mrdoob__three.js-17649,0.0,0.0,0.0,0.0
0.2,0.1111111111111111,0.16666666666666666,77,0.1818181818181818,0.4,0.11764705882352941,0.11764705882352941,issue_plus_inventory,1.692,17,1,JavaScript,llama3.2:3b,1,5,5,mrdoob/three.js,0,Feature,mrdoob__three.js-17649,0.0,0.0,0.0,0.0
0.3,0.16666666666666666,0.2222222222222222,77,0.2727272727272727,0.6,0.17647058823529413,0.17647058823529413,issue_plus_hints,1.263,17,1,JavaScript,llama3.2:3b,1,5,5,mrdoob/three.js,0,Feature,mrdoob__three.js-17649,0.0,0.0,0.0,0.0
0.0,0.0,0.0,76,0.0,0.0,0.0,0.0,issue_only,1.013,3,1,JavaScript,llama3.2:3b,1,5,5,serverless/serverless,0,Feature,serverless__serverless-6945,0.0,0.0,0.0,0.0
0.16666666666666666,0.25,0.25,76,0.3333333333333333,0.3333333333333333,0.3333333333333333,0.3333333333333333,issue_plus_inventory,1.361,3,1,JavaScript,llama3.2:3b,1,3,3,serverless/serverless,0,Feature,serverless__serverless-6945,0.0,0.0,0.0,0.0
0.16666666666666666,0.25,0.25,76,0.3333333333333333,0.3333333333333333,0.3333333333333333,0.3333333333333333,issue_plus_hints,0.783,3,1,JavaScript,llama3.2:3b,1,3,3,serverless/serverless,0,Feature,serverless__serverless-6945,0.0,0.0,0.0,0.0
0.0,0.0,0.0,76,0.0,0.0,0.0,0.0,issue_only,0.785,2,1,JavaScript,llama3.2:3b,1,3,3,serverless/serverless,0,Feature,serverless__serverless-7024,0.0,0.0,0.0,0.0
0.1,0.3333333333333333,0.6666666666666666,76,0.0,0.0,0.0,0.0,issue_plus_inventory,1.756,2,1,JavaScript,llama3.2:3b,1,5,5,serverless/serverless,0,Feature,serverless__serverless-7024,0.33333333333333337,0.2,1.0,1.0
0.1,0.3333333333333333,0.6666666666666666,76,0.0,0.0,0.0,0.0,issue_plus_hints,1.144,2,1,JavaScript,llama3.2:3b,1,5,5,serverless/serverless,0,Feature,serverless__serverless-7024,0.33333333333333337,0.2,1.0,1.0
0.3333333333333333,1.0,1.0,76,0.5,0.3333333333333333,1.0,1.0,issue_only,0.984,1,1,JavaScript,llama3.2:3b,1,3,3,serverless/serverless,0,Feature,serverless__serverless-7031,0.5,0.3333333333333333,1.0,1.0
0.0,0.0,0.0,76,0.0,0.0,0.0,0.0,issue_plus_inventory,1.781,1,1,JavaScript,llama3.2:3b,1,5,5,serverless/serverless,0,Feature,serverless__serverless-7031,0.0,0.0,0.0,0.0
0.0,0.0,0.0,76,0.0,0.0,0.0,0.0,issue_plus_hints,1.147,1,1,JavaScript,llama3.2:3b,1,5,5,serverless/serverless,0,Feature,serverless__serverless-7031,0.0,0.0,0.0,0.0
0.0,0.0,0.0,76,0.0,0.0,0.0,0.0,issue_only,1.052,3,1,JavaScript,llama3.2:3b,1,3,3,serverless/serverless,0,Feature,serverless__serverless-7623,0.0,0.0,0.0,0.0
0.3333333333333333,0.5,0.5,76,0.3333333333333333,0.3333333333333333,0.3333333333333333,0.3333333333333333,issue_plus_inventory,1.582,3,1,JavaScript,llama3.2:3b,1,3,3,serverless/serverless,0,Feature,serverless__serverless-7623,0.5,0.3333333333333333,1.0,1.0
0.3333333333333333,0.5,0.5,76,0.3333333333333333,0.3333333333333333,0.3333333333333333,0.3333333333333333,issue_plus_hints,0.964,3,1,JavaScript,llama3.2:3b,1,3,3,serverless/serverless,0,Feature,serverless__serverless-7623,0.5,0.3333333333333333,1.0,1.0
0.0,0.0,0.05,335,0.0,0.0,0.0,0.0,issue_only,1.099,11,9,JavaScript,llama3.2:3b,1,3,3,prettier/prettier,0,Feature,prettier__prettier-8381,0.0,0.0,0.0,0.0
0.4,0.2,0.35,335,0.12500000000000003,0.2,0.09090909090909091,0.09090909090909091,issue_plus_inventory,1.504,11,9,JavaScript,llama3.2:3b,1,5,5,prettier/prettier,0,Feature,prettier__prettier-8381,0.42857142857142855,0.6,0.3333333333333333,0.3333333333333333
0.5,0.15,0.25,335,0.14285714285714288,0.3333333333333333,0.09090909090909091,0.09090909090909091,issue_plus_hints,0.724,11,9,JavaScript,llama3.2:3b,1,3,3,prettier/prettier,0,Feature,prettier__prettier-8381,0.3333333333333333,0.6666666666666666,0.2222222222222222,0.2222222222222222
0.0,0.0,0.0,335,0.0,0.0,0.0,0.0,issue_only,0.961,4,13,JavaScript,llama3.2:3b,1,3,3,prettier/prettier,0,Feature,prettier__prettier-8465,0.0,0.0,0.0,0.0
0.2,0.11764705882352941,0.11764705882352941,335,0.0,0.0,0.0,0.0,issue_plus_inventory,1.529,4,13,JavaScript,llama3.2:3b,1,5,5,prettier/prettier,0,Feature,prettier__prettier-8465,0.1111111111111111,0.2,0.07692307692307693,0.07692307692307693
0.5,0.29411764705882354,0.4117647058823529,335,0.0,0.0,0.0,0.0,issue_plus_hints,1.154,4,13,JavaScript,llama3.2:3b,1,5,5,prettier/prettier,0,Feature,prettier__prettier-8465,0.5555555555555556,1.0,0.38461538461538464,0.38461538461538464
0.0,0.0,0.0,334,0.0,0.0,0.0,0.0,issue_only,0.685,5,5,JavaScript,llama3.2:3b,1,3,2,sveltejs/svelte,0,Feature,sveltejs__svelte-5442,0.0,0.0,0.0,0.0
0.75,0.3,0.4,334,0.28571428571428575,0.5,0.2,0.2,issue_plus_inventory,1.559,5,5,JavaScript,llama3.2:3b,1,2,2,sveltejs/svelte,0,Feature,sveltejs__svelte-5442,0.28571428571428575,0.5,0.2,0.2
0.75,0.3,0.4,334,0.28571428571428575,0.5,0.2,0.2,issue_plus_hints,0.83,5,5,JavaScript,llama3.2:3b,1,2,2,sveltejs/svelte,0,Feature,sveltejs__svelte-5442,0.28571428571428575,0.5,0.2,0.2
0.0,0.0,0.25,77,0.0,0.0,0.0,0.0,issue_only,0.805,3,1,JavaScript,llama3.2:3b,1,3,3,mrdoob/three.js,0,Feature,mrdoob__three.js-20478,0.0,0.0,0.0,0.0
0.2,0.5,0.5,77,0.25,0.2,0.3333333333333333,0.3333333333333333,issue_plus_inventory,1.54,3,1,JavaScript,llama3.2:3b,1,5,5,mrdoob/three.js,0,Feature,mrdoob__three.js-20478,0.33333333333333337,0.2,1.0,1.0
0.3,0.75,0.75,77,0.5,0.4,0.6666666666666666,0.6666666666666666,issue_plus_hints,1.147,3,1,JavaScript,llama3.2:3b,1,5,5,mrdoob/three.js,0,Feature,mrdoob__three.js-20478,0.33333333333333337,0.2,1.0,1.0
0.0,0.0,0.0,76,0.0,0.0,0.0,0.0,issue_only,1.485,4,1,JavaScript,llama3.2:3b,1,5,5,serverless/serverless,0,Feature,serverless__serverless-8638,0.0,0.0,0.0,0.0
0.0,0.0,0.0,76,0.0,0.0,0.0,0.0,issue_plus_inventory,1.859,4,1,JavaScript,llama3.2:3b,1,5,5,serverless/serverless,0,Feature,serverless__serverless-8638,0.0,0.0,0.0,0.0
0.2,0.4,0.4,76,0.22222222222222224,0.2,0.25,0.25,issue_plus_hints,2.012,4,1,JavaScript,llama3.2:3b,1,5,5,serverless/serverless,0,Feature,serverless__serverless-8638,0.33333333333333337,0.2,1.0,1.0
0.0,0.0,0.0,335,0.0,0.0,0.0,0.0,issue_only,1.521,2,4,JavaScript,llama3.2:3b,1,5,5,prettier/prettier,0,Feature,prettier__prettier-10109,0.0,0.0,0.0,0.0
0.5,0.3333333333333333,0.5,335,0.5,0.5,0.5,0.5,issue_plus_inventory,1.446,2,4,JavaScript,llama3.2:3b,1,2,2,prettier/prettier,0,Feature,prettier__prettier-10109,0.0,0.0,0.0,0.0
0.5,0.3333333333333333,0.5,335,0.5,0.5,0.5,0.5,issue_plus_hints,0.898,2,4,JavaScript,llama3.2:3b,1,2,2,prettier/prettier,0,Feature,prettier__prettier-10109,0.0,0.0,0.0,0.0
0.0,0.0,0.2,77,0.0,0.0,0.0,0.0,issue_only,0.708,4,1,JavaScript,llama3.2:3b,1,3,3,mrdoob/three.js,0,Feature,mrdoob__three.js-21532,0.0,0.0,0.0,0.0
0.2,0.4,0.4,77,0.22222222222222224,0.2,0.25,0.25,issue_plus_inventory,1.576,4,1,JavaScript,llama3.2:3b,1,5,5,mrdoob/three.js,0,Feature,mrdoob__three.js-21532,0.33333333333333337,0.2,1.0,1.0
0.75,0.6,0.6,77,0.6666666666666666,1.0,0.5,0.5,issue_plus_hints,0.89,4,1,JavaScript,llama3.2:3b,1,2,2,mrdoob/three.js,0,Feature,mrdoob__three.js-21532,0.6666666666666666,0.5,1.0,1.0
0.0,0.0,0.0,334,0.0,0.0,0.0,0.0,issue_only,1.085,1,8,JavaScript,llama3.2:3b,1,5,5,sveltejs/svelte,0,Feature,sveltejs__svelte-6223,0.0,0.0,0.0,0.0
0.1111111111111111,0.1111111111111111,0.5555555555555556,334,0.4,0.25,1.0,1.0,issue_plus_inventory,2.096,1,8,JavaScript,llama3.2:3b,1,4,5,sveltejs/svelte,0,Feature,sveltejs__svelte-6223,0.0,0.0,0.0,0.0
0.2222222222222222,0.2222222222222222,0.2222222222222222,334,0.4,0.25,1.0,1.0,issue_plus_hints,1.229,1,8,JavaScript,llama3.2:3b,1,4,5,sveltejs/svelte,0,Feature,sveltejs__svelte-6223,0.15384615384615385,0.2,0.125,0.125
0.0,0.0,0.2,77,0.0,0.0,0.0,0.0,issue_only,0.976,4,1,JavaScript,llama3.2:3b,1,5,5,mrdoob/three.js,0,Feature,mrdoob__three.js-21826,0.0,0.0,0.0,0.0
0.2,0.4,0.4,77,0.22222222222222224,0.2,0.25,0.25,issue_plus_inventory,1.547,4,1,JavaScript,llama3.2:3b,1,5,5,mrdoob/three.js,0,Feature,mrdoob__three.js-21826,0.33333333333333337,0.2,1.0,1.0
0.2,0.4,0.4,77,0.22222222222222224,0.2,0.25,0.25,issue_plus_hints,1.114,4,1,JavaScript,llama3.2:3b,1,5,5,mrdoob/three.js,0,Feature,mrdoob__three.js-21826,0.33333333333333337,0.2,1.0,1.0
0.0,0.0,0.058823529411764705,335,0.0,0.0,0.0,0.0,issue_only,1.002,8,9,JavaScript,llama3.2:3b,1,5,5,prettier/prettier,0,Feature,prettier__prettier-10910,0.0,0.0,0.0,0.0
0.1,0.058823529411764705,0.29411764705882354,335,0.15384615384615385,0.2,0.125,0.125,issue_plus_inventory,1.4,8,9,JavaScript,llama3.2:3b,1,5,5,prettier/prettier,0,Feature,prettier__prettier-10910,0.0,0.0,0.0,0.0
0.1,0.058823529411764705,0.29411764705882354,335,0.15384615384615385,0.2,0.125,0.125,issue_plus_hints,0.914,8,9,JavaScript,llama3.2:3b,1,5,5,prettier/prettier,0,Feature,prettier__prettier-10910,0.0,0.0,0.0,0.0
0.0,0.0,0.0,334,0.0,0.0,0.0,0.0,issue_only,0.952,4,4,JavaScript,llama3.2:3b,1,5,5,sveltejs/svelte,0,Feature,sveltejs__svelte-6528,0.0,0.0,0.0,0.0
0.16666666666666666,0.125,0.125,334,0.0,0.0,0.0,0.0,issue_plus_inventory,2.005,4,4,JavaScript,llama3.2:3b,1,5,5,sveltejs/svelte,0,Feature,sveltejs__svelte-6528,0.22222222222222224,0.2,0.25,0.25
0.2,0.125,0.125,334,0.0,0.0,0.0,0.0,issue_plus_hints,1.433,4,4,JavaScript,llama3.2:3b,1,5,5,sveltejs/svelte,0,Feature,sveltejs__svelte-6528,0.22222222222222224,0.2,0.25,0.25
0.0,0.0,0.4,334,0.0,0.0,0.0,0.0,issue_only,0.729,1,4,JavaScript,llama3.2:3b,1,3,3,sveltejs/svelte,0,Feature,sveltejs__svelte-6564,0.0,0.0,0.0,0.0
0.1,0.2,1.0,334,0.33333333333333337,0.2,1.0,1.0,issue_plus_inventory,2.176,1,4,JavaScript,llama3.2:3b,1,5,5,sveltejs/svelte,0,Feature,sveltejs__svelte-6564,0.0,0.0,0.0,0.0
0.25,0.4,1.0,334,0.5,0.3333333333333333,1.0,1.0,issue_plus_hints,1.272,1,4,JavaScript,llama3.2:3b,1,3,5,sveltejs/svelte,0,Feature,sveltejs__svelte-6564,0.0,0.0,0.0,0.0
0.0,0.0,0.0,334,0.0,0.0,0.0,0.0,issue_only,1.174,1,3,JavaScript,llama3.2:3b,1,5,5,sveltejs/svelte,0,Feature,sveltejs__svelte-6613,0.0,0.0,0.0,0.0
0.1,0.25,0.25,334,0.33333333333333337,0.2,1.0,1.0,issue_plus_inventory,1.999,1,3,JavaScript,llama3.2:3b,1,5,5,sveltejs/svelte,0,Feature,sveltejs__svelte-6613,0.0,0.0,0.0,0.0
0.0,0.0,0.0,334,0.0,0.0,0.0,0.0,issue_plus_hints,0.797,1,3,JavaScript,llama3.2:3b,1,2,2,sveltejs/svelte,0,Feature,sveltejs__svelte-6613,0.0,0.0,0.0,0.0
0.0,0.0,0.0,334,0.0,0.0,0.0,0.0,issue_only,1.068,2,1,JavaScript,llama3.2:3b,1,5,5,sveltejs/svelte,0,Feature,sveltejs__svelte-6838,0.0,0.0,0.0,0.0
0.0,0.0,0.0,334,0.0,0.0,0.0,0.0,issue_plus_inventory,2.119,2,1,JavaScript,llama3.2:3b,1,5,5,sveltejs/svelte,0,Feature,sveltejs__svelte-6838,0.0,0.0,0.0,0.0
0.0,0.0,0.0,334,0.0,0.0,0.0,0.0,issue_plus_hints,1.317,2,1,JavaScript,llama3.2:3b,1,5,5,sveltejs/svelte,0,Feature,sveltejs__svelte-6838,0.0,0.0,0.0,0.0
0.0,0.0,1.0,76,0.0,0.0,0.0,0.0,issue_only,0.927,1,1,JavaScript,llama3.2:3b,1,3,3,serverless/serverless,0,Feature,serverless__serverless-10120,0.0,0.0,0.0,0.0
0.1,0.5,1.0,76,0.33333333333333337,0.2,1.0,1.0,issue_plus_inventory,1.831,1,1,JavaScript,llama3.2:3b,1,5,5,serverless/serverless,0,Feature,serverless__serverless-10120,0.0,0.0,0.0,0.0
0.125,0.5,0.5,76,0.33333333333333337,0.2,1.0,1.0,issue_plus_hints,1.313,1,1,JavaScript,llama3.2:3b,1,5,5,serverless/serverless,0,Feature,serverless__serverless-10120,0.0,0.0,0.0,0.0
0.0,0.0,0.25,77,0.0,0.0,0.0,0.0,issue_only,0.921,2,2,JavaScript,llama3.2:3b,1,5,5,mrdoob/three.js,0,Feature,mrdoob__three.js-23596,0.0,0.0,0.0,0.0
0.2,0.5,0.5,77,0.28571428571428575,0.2,0.5,0.5,issue_plus_inventory,1.561,2,2,JavaScript,llama3.2:3b,1,5,5,mrdoob/three.js,0,Feature,mrdoob__three.js-23596,0.28571428571428575,0.2,0.5,0.5
0.0,0.0,0.0,77,0.0,0.0,0.0,0.0,issue_plus_hints,0.995,2,2,JavaScript,llama3.2:3b,1,5,5,mrdoob/three.js,0,Feature,mrdoob__three.js-23596,0.0,0.0,0.0,0.0
0.0,0.0,0.2,77,0.0,0.0,0.0,0.0,issue_only,0.829,9,6,JavaScript,llama3.2:3b,1,3,3,mrdoob/three.js,0,Feature,mrdoob__three.js-23796,0.0,0.0,0.0,0.0
1.0,0.4,0.4,77,0.5,1.0,0.3333333333333333,0.3333333333333333,issue_plus_inventory,1.272,9,6,JavaScript,llama3.2:3b,1,3,3,mrdoob/three.js,0,Feature,mrdoob__three.js-23796,0.6666666666666666,1.0,0.5,0.5
1.0,0.4,0.4,77,0.5,1.0,0.3333333333333333,0.3333333333333333,issue_plus_hints,0.771,9,6,JavaScript,llama3.2:3b,1,3,3,mrdoob/three.js,0,Feature,mrdoob__three.js-23796,0.6666666666666666,1.0,0.5,0.5
0.0,0.0,0.0,335,0.0,0.0,0.0,0.0,issue_only,0.842,3,1,JavaScript,llama3.2:3b,1,5,4,prettier/prettier,0,Feature,prettier__prettier-14108,0.0,0.0,0.0,0.0
0.0,0.0,0.0,335,0.0,0.0,0.0,0.0,issue_plus_inventory,1.835,3,1,JavaScript,llama3.2:3b,1,5,5,prettier/prettier,0,Feature,prettier__prettier-14108,0.0,0.0,0.0,0.0
0.0,0.0,0.0,335,0.0,0.0,0.0,0.0,issue_plus_hints,1.08,3,1,JavaScript,llama3.2:3b,1,5,5,prettier/prettier,0,Feature,prettier__prettier-14108,0.0,0.0,0.0,0.0
0.0,0.0,0.0,335,0.0,0.0,0.0,0.0,issue_only,0.743,4,1,JavaScript,llama3.2:3b,1,1,1,prettier/prettier,0,Feature,prettier__prettier-14317,0.0,0.0,0.0,0.0
0.0,0.0,0.0,335,0.0,0.0,0.0,0.0,issue_plus_inventory,1.824,4,1,JavaScript,llama3.2:3b,1,5,5,prettier/prettier,0,Feature,prettier__prettier-14317,0.0,0.0,0.0,0.0
0.0,0.0,0.0,335,0.0,0.0,0.0,0.0,issue_plus_hints,1.181,4,1,JavaScript,llama3.2:3b,1,5,5,prettier/prettier,0,Feature,prettier__prettier-14317,0.0,0.0,0.0,0.0
0.0,0.0,0.0,335,0.0,0.0,0.0,0.0,issue_only,1.225,2,3,JavaScript,llama3.2:3b,1,3,3,prettier/prettier,0,Feature,prettier__prettier-16765,0.0,0.0,0.0,0.0
0.1111111111111111,0.2,0.2,335,0.28571428571428575,0.2,0.5,0.5,issue_plus_inventory,1.69,2,3,JavaScript,llama3.2:3b,1,5,5,prettier/prettier,0,Feature,prettier__prettier-16765,0.0,0.0,0.0,0.0
0.1111111111111111,0.2,0.2,335,0.28571428571428575,0.2,0.5,0.5,issue_plus_hints,1.218,2,3,JavaScript,llama3.2:3b,1,5,5,prettier/prettier,0,Feature,prettier__prettier-16765,0.0,0.0,0.0,0.0
0.0,0.0,0.0,89,0.0,0.0,0.0,0.0,issue_only,1.019,2,1,Python,llama3.2:3b,1,4,4,keras-team/keras,0,Feature,keras-team__keras-3907,0.0,0.0,0.0,0.0
0.25,0.3333333333333333,0.3333333333333333,89,0.0,0.0,0.0,0.0,issue_plus_inventory,1.183,2,1,Python,llama3.2:3b,1,2,2,keras-team/keras,0,Feature,keras-team__keras-3907,0.6666666666666666,0.5,1.0,1.0
0.25,0.3333333333333333,0.3333333333333333,89,0.0,0.0,0.0,0.0,issue_plus_hints,0.638,2,1,Python,llama3.2:3b,1,2,2,keras-team/keras,0,Feature,keras-team__keras-3907,0.6666666666666666,0.5,1.0,1.0
0.2,0.5,0.5,89,0.33333333333333337,0.2,1.0,1.0,issue_only,1.115,1,1,Python,llama3.2:3b,1,5,5,keras-team/keras,0,Feature,keras-team__keras-3983,0.0,0.0,0.0,0.0
0.2,1.0,1.0,89,0.33333333333333337,0.2,1.0,1.0,issue_plus_inventory,1.566,1,1,Python,llama3.2:3b,1,5,5,keras-team/keras,0,Feature,keras-team__keras-3983,0.33333333333333337,0.2,1.0,1.0
0.2,1.0,1.0,89,0.33333333333333337,0.2,1.0,1.0,issue_plus_hints,1.057,1,1,Python,llama3.2:3b,1,5,5,keras-team/keras,0,Feature,keras-team__keras-3983,0.33333333333333337,0.2,1.0,1.0
0.0,0.0,0.0,212,0.0,0.0,0.0,0.0,issue_only,0.929,3,1,Python,llama3.2:3b,1,3,3,huggingface/transformers,0,Feature,huggingface__transformers-6744,0.0,0.0,0.0,0.0
0.2,0.5,0.5,212,0.25,0.2,0.3333333333333333,0.3333333333333333,issue_plus_inventory,1.898,3,1,Python,llama3.2:3b,1,5,5,huggingface/transformers,0,Feature,huggingface__transformers-6744,0.33333333333333337,0.2,1.0,1.0
0.3333333333333333,0.5,0.5,212,0.3333333333333333,0.3333333333333333,0.3333333333333333,0.3333333333333333,issue_plus_hints,0.934,3,1,Python,llama3.2:3b,1,3,3,huggingface/transformers,0,Feature,huggingface__transformers-6744,0.5,0.3333333333333333,1.0,1.0
0.0,0.0,0.0,212,0.0,0.0,0.0,0.0,issue_only,1.145,3,4,Python,llama3.2:3b,1,5,5,huggingface/transformers,0,Feature,huggingface__transformers-7562,0.0,0.0,0.0,0.0
0.3333333333333333,0.42857142857142855,0.42857142857142855,212,0.5,0.4,0.6666666666666666,0.6666666666666666,issue_plus_inventory,3.0,3,4,Python,llama3.2:3b,1,5,5,huggingface/transformers,0,Feature,huggingface__transformers-7562,0.22222222222222224,0.2,0.25,0.25
0.2857142857142857,0.2857142857142857,0.2857142857142857,212,0.4,0.5,0.3333333333333333,0.3333333333333333,issue_plus_hints,1.102,3,4,Python,llama3.2:3b,1,2,5,huggingface/transformers,0,Feature,huggingface__transformers-7562,0.22222222222222224,0.2,0.25,0.25
0.16666666666666666,0.25,0.25,212,0.3333333333333333,0.3333333333333333,0.3333333333333333,0.3333333333333333,issue_only,0.902,3,1,Python,llama3.2:3b,1,3,3,huggingface/transformers,0,Feature,huggingface__transformers-13573,0.0,0.0,0.0,0.0
0.6666666666666666,0.5,0.5,212,0.8,1.0,0.6666666666666666,0.6666666666666666,issue_plus_inventory,1.573,3,1,Python,llama3.2:3b,1,2,1,huggingface/transformers,0,Feature,huggingface__transformers-13573,0.0,0.0,0.0,0.0
0.6666666666666666,0.5,0.5,212,0.8,1.0,0.6666666666666666,0.6666666666666666,issue_plus_hints,0.864,3,1,Python,llama3.2:3b,1,2,1,huggingface/transformers,0,Feature,huggingface__transformers-13573,0.0,0.0,0.0,0.0
0.25,0.125,0.125,212,0.3333333333333333,0.5,0.25,0.25,issue_only,0.938,4,4,Python,llama3.2:3b,1,2,2,huggingface/transformers,0,Feature,huggingface__transformers-13989,0.0,0.0,0.0,0.0
0.3333333333333333,0.375,0.375,212,0.22222222222222224,0.2,0.25,0.25,issue_plus_inventory,1.788,4,4,Python,llama3.2:3b,1,5,4,huggingface/transformers,0,Feature,huggingface__transformers-13989,0.5,0.5,0.5,0.5
0.3,0.375,0.375,212,0.22222222222222224,0.2,0.25,0.25,issue_plus_hints,1.196,4,4,Python,llama3.2:3b,1,5,5,huggingface/transformers,0,Feature,huggingface__transformers-13989,0.4444444444444445,0.4,0.5,0.5
0.0,0.0,0.06666666666666667,36,0.0,0.0,0.0,0.0,issue_only,1.227,14,1,Python,llama3.2:3b,1,3,3,yt-dlp/yt-dlp,0,Feature,yt-dlp__yt-dlp-1649,0.0,0.0,0.0,0.0
0.8571428571428571,0.4,0.5333333333333333,36,0.25,1.0,0.14285714285714285,0.14285714285714285,issue_plus_inventory,0.922,14,1,Python,llama3.2:3b,1,2,5,yt-dlp/yt-dlp,0,Feature,yt-dlp__yt-dlp-1649,0.33333333333333337,0.2,1.0,1.0
0.5,0.3333333333333333,0.3333333333333333,36,0.4210526315789473,0.8,0.2857142857142857,0.2857142857142857,issue_plus_hints,0.91,14,1,Python,llama3.2:3b,1,5,5,yt-dlp/yt-dlp,0,Feature,yt-dlp__yt-dlp-1649,0.33333333333333337,0.2,1.0,1.0
0.16666666666666666,0.25,0.25,212,0.3333333333333333,0.3333333333333333,0.3333333333333333,0.3333333333333333,issue_only,1.102,3,1,Python,llama3.2:3b,1,3,3,huggingface/transformers,0,Feature,huggingface__transformers-15473,0.0,0.0,0.0,0.0
0.2,0.5,0.5,212,0.25,0.2,0.3333333333333333,0.3333333333333333,issue_plus_inventory,2.108,3,1,Python,llama3.2:3b,1,5,5,huggingface/transformers,0,Feature,huggingface__transformers-15473,0.33333333333333337,0.2,1.0,1.0
0.2,0.5,0.5,212,0.25,0.2,0.3333333333333333,0.3333333333333333,issue_plus_hints,1.318,3,1,Python,llama3.2:3b,1,5,5,huggingface/transformers,0,Feature,huggingface__transformers-15473,0.33333333333333337,0.2,1.0,1.0
0.1,0.5,0.5,212,0.33333333333333337,0.2,1.0,1.0,issue_only,0.906,1,1,Python,llama3.2:3b,1,5,5,huggingface/transformers,0,Feature,huggingface__transformers-15795,0.0,0.0,0.0,0.0
0.16666666666666666,0.5,1.0,212,0.5,0.3333333333333333,1.0,1.0,issue_plus_inventory,1.464,1,1,Python,llama3.2:3b,1,3,3,huggingface/transformers,0,Feature,huggingface__transformers-15795,0.0,0.0,0.0,0.0
0.16666666666666666,0.5,1.0,212,0.5,0.3333333333333333,1.0,1.0,issue_plus_hints,0.922,1,1,Python,llama3.2:3b,1,3,3,huggingface/transformers,0,Feature,huggingface__transformers-15795,0.0,0.0,0.0,0.0
0.3333333333333333,0.3333333333333333,0.3333333333333333,212,0.5714285714285715,0.6666666666666666,0.5,0.5,issue_only,0.961,4,2,Python,llama3.2:3b,1,3,3,huggingface/transformers,0,Feature,huggingface__transformers-15831,0.0,0.0,0.0,0.0
0.5,0.5,0.8333333333333334,212,0.8571428571428571,1.0,0.75,0.75,issue_plus_inventory,1.723,4,2,Python,llama3.2:3b,1,3,3,huggingface/transformers,0,Feature,huggingface__transformers-15831,0.0,0.0,0.0,0.0
0.2857142857142857,0.3333333333333333,0.3333333333333333,212,0.6666666666666666,1.0,0.5,0.5,issue_plus_hints,1.069,4,2,Python,llama3.2:3b,1,2,5,huggingface/transformers,0,Feature,huggingface__transformers-15831,0.0,0.0,0.0,0.0
0.1,0.5,0.5,212,0.33333333333333337,0.2,1.0,1.0,issue_only,1.256,1,1,Python,llama3.2:3b,1,5,5,huggingface/transformers,0,Feature,huggingface__transformers-15913,0.0,0.0,0.0,0.0
0.0,0.0,0.0,212,0.0,0.0,0.0,0.0,issue_plus_inventory,1.617,1,1,Python,llama3.2:3b,1,2,3,huggingface/transformers,0,Feature,huggingface__transformers-15913,0.0,0.0,0.0,0.0
0.1,0.5,0.5,212,0.33333333333333337,0.2,1.0,1.0,issue_plus_hints,1.255,1,1,Python,llama3.2:3b,1,5,5,huggingface/transformers,0,Feature,huggingface__transformers-15913,0.0,0.0,0.0,0.0
0.0,0.0,0.0625,36,0.0,0.0,0.0,0.0,issue_only,0.835,5,11,Python,llama3.2:3b,1,3,3,yt-dlp/yt-dlp,0,Feature,yt-dlp__yt-dlp-3435,0.0,0.0,0.0,0.0
0.3,0.1875,0.1875,36,0.4000000000000001,0.4,0.4,0.4,issue_plus_inventory,1.089,5,11,Python,llama3.2:3b,1,5,5,yt-dlp/yt-dlp,0,Feature,yt-dlp__yt-dlp-3435,0.12500000000000003,0.2,0.09090909090909091,0.09090909090909091
0.3333333333333333,0.125,0.125,36,0.25,0.3333333333333333,0.2,0.2,issue_plus_hints,0.659,5,11,Python,llama3.2:3b,1,3,3,yt-dlp/yt-dlp,0,Feature,yt-dlp__yt-dlp-3435,0.14285714285714288,0.3333333333333333,0.09090909090909091,0.09090909090909091
0.2,0.5,0.5,36,0.25,0.2,0.3333333333333333,0.3333333333333333,issue_only,1.471,3,1,Python,llama3.2:3b,1,5,5,yt-dlp/yt-dlp,0,Feature,yt-dlp__yt-dlp-4524,0.33333333333333337,0.2,1.0,1.0
0.4,0.5,0.5,36,0.4,0.5,0.3333333333333333,0.3333333333333333,issue_plus_inventory,0.885,3,1,Python,llama3.2:3b,1,2,3,yt-dlp/yt-dlp,0,Feature,yt-dlp__yt-dlp-4524,0.5,0.3333333333333333,1.0,1.0
0.16666666666666666,0.25,0.25,36,0.0,0.0,0.0,0.0,issue_plus_hints,0.887,3,1,Python,llama3.2:3b,1,3,3,yt-dlp/yt-dlp,0,Feature,yt-dlp__yt-dlp-4524,0.5,0.3333333333333333,1.0,1.0
0.0,0.0,0.0,212,0.0,0.0,0.0,0.0,issue_only,0.706,1,1,Python,llama3.2:3b,1,3,3,huggingface/transformers,0,Feature,huggingface__transformers-19219,0.0,0.0,0.0,0.0
0.0,0.0,0.5,212,0.0,0.0,0.0,0.0,issue_plus_inventory,1.762,1,1,Python,llama3.2:3b,1,5,5,huggingface/transformers,0,Feature,huggingface__transformers-19219,0.0,0.0,0.0,0.0
0.0,0.0,0.5,212,0.0,0.0,0.0,0.0,issue_plus_hints,1.359,1,1,Python,llama3.2:3b,1,5,5,huggingface/transformers,0,Feature,huggingface__transformers-19219,0.0,0.0,0.0,0.0
0.1,0.5,0.5,212,0.33333333333333337,0.2,1.0,1.0,issue_only,1.664,1,1,Python,llama3.2:3b,1,5,5,huggingface/transformers,0,Feature,huggingface__transformers-19590,0.0,0.0,0.0,0.0
0.2,1.0,1.0,212,0.33333333333333337,0.2,1.0,1.0,issue_plus_inventory,2.317,1,1,Python,llama3.2:3b,1,5,5,huggingface/transformers,0,Feature,huggingface__transformers-19590,0.33333333333333337,0.2,1.0,1.0
0.3333333333333333,1.0,1.0,212,0.33333333333333337,0.2,1.0,1.0,issue_plus_hints,1.204,1,1,Python,llama3.2:3b,1,5,5,huggingface/transformers,0,Feature,huggingface__transformers-19590,0.33333333333333337,0.2,1.0,1.0
0.0,0.0,0.0,212,0.0,0.0,0.0,0.0,issue_only,1.473,5,2,Python,llama3.2:3b,1,5,5,huggingface/transformers,0,Feature,huggingface__transformers-20136,0.0,0.0,0.0,0.0
0.3,0.42857142857142855,0.5714285714285714,212,0.6,0.6,0.6,0.6,issue_plus_inventory,2.106,5,2,Python,llama3.2:3b,1,5,5,huggingface/transformers,0,Feature,huggingface__transformers-20136,0.0,0.0,0.0,0.0
0.3333333333333333,0.2857142857142857,0.42857142857142855,212,0.5,0.6666666666666666,0.4,0.4,issue_plus_hints,1.166,5,2,Python,llama3.2:3b,1,3,3,huggingface/transformers,0,Feature,huggingface__transformers-20136,0.0,0.0,0.0,0.0
0.16666666666666666,0.5,0.5,212,0.5,0.3333333333333333,1.0,1.0,issue_only,1.159,1,1,Python,llama3.2:3b,1,3,3,huggingface/transformers,0,Feature,huggingface__transformers-21345,0.0,0.0,0.0,0.0
0.0,0.0,0.0,212,0.0,0.0,0.0,0.0,issue_plus_inventory,2.148,1,1,Python,llama3.2:3b,1,5,5,huggingface/transformers,0,Feature,huggingface__transformers-21345,0.0,0.0,0.0,0.0
0.0,0.0,0.0,212,0.0,0.0,0.0,0.0,issue_plus_hints,1.323,1,1,Python,llama3.2:3b,1,5,5,huggingface/transformers,0,Feature,huggingface__transformers-21345,0.0,0.0,0.0,0.0
0.0,0.0,0.0,212,0.0,0.0,0.0,0.0,issue_only,1.11,1,1,Python,llama3.2:3b,1,3,3,huggingface/transformers,0,Feature,huggingface__transformers-21768,0.0,0.0,0.0,0.0
0.0,0.0,0.0,212,0.0,0.0,0.0,0.0,issue_plus_inventory,1.722,1,1,Python,llama3.2:3b,1,5,5,huggingface/transformers,0,Feature,huggingface__transformers-21768,0.0,0.0,0.0,0.0
0.0,0.0,0.0,212,0.0,0.0,0.0,0.0,issue_plus_hints,0.994,1,1,Python,llama3.2:3b,1,5,5,huggingface/transformers,0,Feature,huggingface__transformers-21768,0.0,0.0,0.0,0.0
0.16666666666666666,0.5,0.5,212,0.5,0.3333333333333333,1.0,1.0,issue_only,1.012,1,1,Python,llama3.2:3b,1,3,3,huggingface/transformers,0,Feature,huggingface__transformers-23126,0.0,0.0,0.0,0.0
0.2,0.5,1.0,212,0.6666666666666666,0.5,1.0,1.0,issue_plus_inventory,1.415,1,1,Python,llama3.2:3b,1,2,3,huggingface/transformers,0,Feature,huggingface__transformers-23126,0.0,0.0,0.0,0.0
0.2,0.5,1.0,212,0.6666666666666666,0.5,1.0,1.0,issue_plus_hints,0.902,1,1,Python,llama3.2:3b,1,2,3,huggingface/transformers,0,Feature,huggingface__transformers-23126,0.0,0.0,0.0,0.0
0.0,0.0,0.0,43,0.0,0.0,0.0,0.0,issue_only,0.729,1,1,Python,llama3.2:3b,1,3,3,langchain-ai/langchain,0,Feature,langchain-ai__langchain-5450,0.0,0.0,0.0,0.0
0.2,1.0,1.0,43,0.33333333333333337,0.2,1.0,1.0,issue_plus_inventory,1.547,1,1,Python,llama3.2:3b,1,5,5,langchain-ai/langchain,0,Feature,langchain-ai__langchain-5450,0.33333333333333337,0.2,1.0,1.0
0.2,1.0,1.0,43,0.33333333333333337,0.2,1.0,1.0,issue_plus_hints,1.209,1,1,Python,llama3.2:3b,1,5,5,langchain-ai/langchain,0,Feature,langchain-ai__langchain-5450,0.33333333333333337,0.2,1.0,1.0
0.1,0.08333333333333333,0.16666666666666666,212,0.13333333333333333,0.2,0.1,0.1,issue_only,1.453,10,2,Python,llama3.2:3b,1,5,5,huggingface/transformers,0,Feature,huggingface__transformers-24510,0.0,0.0,0.0,0.0
0.0,0.0,0.08333333333333333,212,0.0,0.0,0.0,0.0,issue_plus_inventory,3.396,10,2,Python,llama3.2:3b,1,5,5,huggingface/transformers,0,Feature,huggingface__transformers-24510,0.0,0.0,0.0,0.0
0.0,0.0,0.16666666666666666,212,0.0,0.0,0.0,0.0,issue_plus_hints,1.316,10,2,Python,llama3.2:3b,1,5,5,huggingface/transformers,0,Feature,huggingface__transformers-24510,0.0,0.0,0.0,0.0
0.0,0.0,0.0,212,0.0,0.0,0.0,0.0,issue_only,1.084,1,1,Python,llama3.2:3b,1,3,3,huggingface/transformers,0,Feature,huggingface__transformers-26386,0.0,0.0,0.0,0.0
0.5,1.0,1.0,212,0.6666666666666666,0.5,1.0,1.0,issue_plus_inventory,1.559,1,1,Python,llama3.2:3b,1,2,2,huggingface/transformers,0,Feature,huggingface__transformers-26386,0.6666666666666666,0.5,1.0,1.0
1.0,1.0,1.0,212,1.0,1.0,1.0,1.0,issue_plus_hints,0.917,1,1,Python,llama3.2:3b,1,1,1,huggingface/transformers,0,Feature,huggingface__transformers-26386,1.0,1.0,1.0,1.0
0.1,0.3333333333333333,0.6666666666666666,212,0.28571428571428575,0.2,0.5,0.5,issue_only,1.985,2,1,Python,llama3.2:3b,1,5,5,huggingface/transformers,0,Feature,huggingface__transformers-26568,0.0,0.0,0.0,0.0
0.42857142857142855,1.0,1.0,212,1.0,1.0,1.0,1.0,issue_plus_inventory,1.985,2,1,Python,llama3.2:3b,1,2,5,huggingface/transformers,0,Feature,huggingface__transformers-26568,0.33333333333333337,0.2,1.0,1.0
1.0,1.0,1.0,212,1.0,1.0,1.0,1.0,issue_plus_hints,0.701,2,1,Python,llama3.2:3b,1,2,1,huggingface/transformers,0,Feature,huggingface__transformers-26568,1.0,1.0,1.0,1.0
0.0,0.0,0.0,89,0.0,0.0,0.0,0.0,issue_only,0.963,5,1,Python,llama3.2:3b,1,5,5,keras-team/keras,0,Feature,keras-team__keras-18649,0.0,0.0,0.0,0.0
0.3333333333333333,0.3333333333333333,0.8333333333333334,89,0.5,0.6666666666666666,0.4,0.4,issue_plus_inventory,1.3,5,1,Python,llama3.2:3b,1,3,3,keras-team/keras,0,Feature,keras-team__keras-18649,0.0,0.0,0.0,0.0
0.4,0.6666666666666666,1.0,89,0.6,0.6,0.6,0.6,issue_plus_hints,1.146,5,1,Python,llama3.2:3b,1,5,5,keras-team/keras,0,Feature,keras-team__keras-18649,0.33333333333333337,0.2,1.0,1.0
0.1,0.25,0.25,212,0.25,0.2,0.3333333333333333,0.3333333333333333,issue_only,1.92,3,1,Python,llama3.2:3b,1,5,5,huggingface/transformers,0,Feature,huggingface__transformers-27463,0.0,0.0,0.0,0.0
0.2,0.5,0.5,212,0.25,0.2,0.3333333333333333,0.3333333333333333,issue_plus_inventory,2.063,3,1,Python,llama3.2:3b,1,5,5,huggingface/transformers,0,Feature,huggingface__transformers-27463,0.33333333333333337,0.2,1.0,1.0
0.2,0.5,0.5,212,0.25,0.2,0.3333333333333333,0.3333333333333333,issue_plus_hints,1.29,3,1,Python,llama3.2:3b,1,5,5,huggingface/transformers,0,Feature,huggingface__transformers-27463,0.33333333333333337,0.2,1.0,1.0
0.5,0.25,0.5,212,0.5,1.0,0.3333333333333333,0.3333333333333333,issue_only,1.188,3,1,Python,llama3.2:3b,1,2,2,huggingface/transformers,0,Feature,huggingface__transformers-27561,0.0,0.0,0.0,0.0
1.0,0.5,0.5,212,0.5,1.0,0.3333333333333333,0.3333333333333333,issue_plus_inventory,1.483,3,1,Python,llama3.2:3b,1,1,1,huggingface/transformers,0,Feature,huggingface__transformers-27561,1.0,1.0,1.0,1.0
0.2,0.5,0.5,212,0.25,0.2,0.3333333333333333,0.3333333333333333,issue_plus_hints,1.422,3,1,Python,llama3.2:3b,1,5,5,huggingface/transformers,0,Feature,huggingface__transformers-27561,0.33333333333333337,0.2,1.0,1.0
0.1,0.25,0.25,212,0.25,0.2,0.3333333333333333,0.3333333333333333,issue_only,1.421,3,1,Python,llama3.2:3b,1,5,5,huggingface/transformers,0,Feature,huggingface__transformers-27717,0.0,0.0,0.0,0.0
0.2,0.5,0.5,212,0.25,0.2,0.3333333333333333,0.3333333333333333,issue_plus_inventory,2.087,3,1,Python,llama3.2:3b,1,5,5,huggingface/transformers,0,Feature,huggingface__transformers-27717,0.33333333333333337,0.2,1.0,1.0
0.2,0.5,0.5,212,0.25,0.2,0.3333333333333333,0.3333333333333333,issue_plus_hints,1.457,3,1,Python,llama3.2:3b,1,5,5,huggingface/transformers,0,Feature,huggingface__transformers-27717,0.33333333333333337,0.2,1.0,1.0
0.0,0.0,0.2857142857142857,89,0.0,0.0,0.0,0.0,issue_only,0.931,4,3,Python,llama3.2:3b,1,3,3,keras-team/keras,0,Feature,keras-team__keras-18852,0.0,0.0,0.0,0.0
0.1,0.14285714285714285,0.14285714285714285,89,0.22222222222222224,0.2,0.25,0.25,issue_plus_inventory,1.621,4,3,Python,llama3.2:3b,1,5,5,keras-team/keras,0,Feature,keras-team__keras-18852,0.0,0.0,0.0,0.0
0.1,0.14285714285714285,0.14285714285714285,89,0.22222222222222224,0.2,0.25,0.25,issue_plus_hints,1.022,4,3,Python,llama3.2:3b,1,5,5,keras-team/keras,0,Feature,keras-team__keras-18852,0.0,0.0,0.0,0.0
0.0,0.0,0.14285714285714285,36,0.0,0.0,0.0,0.0,issue_only,1.43,5,2,Python,llama3.2:3b,1,5,5,yt-dlp/yt-dlp,0,Feature,yt-dlp__yt-dlp-8917,0.0,0.0,0.0,0.0
0.3333333333333333,0.2857142857142857,0.2857142857142857,36,0.25,0.3333333333333333,0.2,0.2,issue_plus_inventory,0.892,5,2,Python,llama3.2:3b,1,3,3,yt-dlp/yt-dlp,0,Feature,yt-dlp__yt-dlp-8917,0.4,0.3333333333333333,0.5,0.5
0.3333333333333333,0.2857142857142857,0.2857142857142857,36,0.25,0.3333333333333333,0.2,0.2,issue_plus_hints,0.907,5,2,Python,llama3.2:3b,1,3,3,yt-dlp/yt-dlp,0,Feature,yt-dlp__yt-dlp-8917,0.4,0.3333333333333333,0.5,0.5
0.16666666666666666,0.5,1.0,212,0.5,0.3333333333333333,1.0,1.0,issue_only,1.048,1,1,Python,llama3.2:3b,1,3,3,huggingface/transformers,0,Feature,huggingface__transformers-28517,0.0,0.0,0.0,0.0
0.5,1.0,1.0,212,0.6666666666666666,0.5,1.0,1.0,issue_plus_inventory,1.568,1,1,Python,llama3.2:3b,1,2,2,huggingface/transformers,0,Feature,huggingface__transformers-28517,0.6666666666666666,0.5,1.0,1.0
0.6666666666666666,1.0,1.0,212,0.6666666666666666,0.5,1.0,1.0,issue_plus_hints,0.856,1,1,Python,llama3.2:3b,1,2,1,huggingface/transformers,0,Feature,huggingface__transformers-28517,1.0,1.0,1.0,1.0
0.0,0.0,0.0,212,0.0,0.0,0.0,0.0,issue_only,1.157,1,1,Python,llama3.2:3b,1,5,5,huggingface/transformers,0,Feature,huggingface__transformers-28940,0.0,0.0,0.0,0.0
0.1,0.5,0.5,212,0.33333333333333337,0.2,1.0,1.0,issue_plus_inventory,1.653,1,1,Python,llama3.2:3b,1,5,5,huggingface/transformers,0,Feature,huggingface__transformers-28940,0.0,0.0,0.0,0.0
0.25,0.5,0.5,212,0.6666666666666666,0.5,1.0,1.0,issue_plus_hints,0.732,1,1,Python,llama3.2:3b,1,2,2,huggingface/transformers,0,Feature,huggingface__transformers-28940,0.0,0.0,0.0,0.0
0.25,0.2,0.2,212,0.4,0.5,0.3333333333333333,0.3333333333333333,issue_only,0.945,3,2,Python,llama3.2:3b,1,2,2,huggingface/transformers,0,Feature,huggingface__transformers-29589,0.0,0.0,0.0,0.0
0.25,0.2,0.2,212,0.4,0.5,0.3333333333333333,0.3333333333333333,issue_plus_inventory,1.51,3,2,Python,llama3.2:3b,1,2,2,huggingface/transformers,0,Feature,huggingface__transformers-29589,0.0,0.0,0.0,0.0
0.2,0.2,0.2,212,0.4,0.5,0.3333333333333333,0.3333333333333333,issue_plus_hints,0.93,3,2,Python,llama3.2:3b,1,2,3,huggingface/transformers,0,Feature,huggingface__transformers-29589,0.0,0.0,0.0,0.0
0.16666666666666666,0.5,0.5,212,0.5,0.3333333333333333,1.0,1.0,issue_only,0.996,1,1,Python,llama3.2:3b,1,3,3,huggingface/transformers,0,Feature,huggingface__transformers-29688,0.0,0.0,0.0,0.0
0.1,0.5,0.5,212,0.33333333333333337,0.2,1.0,1.0,issue_plus_inventory,1.94,1,1,Python,llama3.2:3b,1,5,5,huggingface/transformers,0,Feature,huggingface__transformers-29688,0.0,0.0,0.0,0.0
0.1,0.5,0.5,212,0.33333333333333337,0.2,1.0,1.0,issue_plus_hints,1.191,1,1,Python,llama3.2:3b,1,5,5,huggingface/transformers,0,Feature,huggingface__transformers-29688,0.0,0.0,0.0,0.0
0.14285714285714285,0.5,0.5,43,0.6666666666666666,0.5,1.0,1.0,issue_only,1.177,1,1,Python,llama3.2:3b,1,2,5,langchain-ai/langchain,0,Feature,langchain-ai__langchain-19331,0.0,0.0,0.0,0.0
0.5,1.0,1.0,43,0.6666666666666666,0.5,1.0,1.0,issue_plus_inventory,1.044,1,1,Python,llama3.2:3b,1,2,2,langchain-ai/langchain,0,Feature,langchain-ai__langchain-19331,0.6666666666666666,0.5,1.0,1.0
0.5,1.0,1.0,43,0.6666666666666666,0.5,1.0,1.0,issue_plus_hints,0.69,1,1,Python,llama3.2:3b,1,2,2,langchain-ai/langchain,0,Feature,langchain-ai__langchain-19331,0.6666666666666666,0.5,1.0,1.0
0.16666666666666666,0.5,0.5,212,0.5,0.3333333333333333,1.0,1.0,issue_only,0.732,1,1,Python,llama3.2:3b,1,3,3,huggingface/transformers,0,Feature,huggingface__transformers-29838,0.0,0.0,0.0,0.0
0.2,1.0,1.0,212,0.33333333333333337,0.2,1.0,1.0,issue_plus_inventory,1.711,1,1,Python,llama3.2:3b,1,5,5,huggingface/transformers,0,Feature,huggingface__transformers-29838,0.33333333333333337,0.2,1.0,1.0
0.1,0.5,1.0,212,0.33333333333333337,0.2,1.0,1.0,issue_plus_hints,2.291,1,1,Python,llama3.2:3b,1,5,5,huggingface/transformers,0,Feature,huggingface__transformers-29838,0.0,0.0,0.0,0.0
0.16666666666666666,0.3333333333333333,0.3333333333333333,212,0.4,0.3333333333333333,0.5,0.5,issue_only,0.881,2,1,Python,llama3.2:3b,1,3,3,huggingface/transformers,0,Feature,huggingface__transformers-31095,0.0,0.0,0.0,0.0
0.375,1.0,1.0,212,0.5714285714285715,0.4,1.0,1.0,issue_plus_inventory,1.645,2,1,Python,llama3.2:3b,1,5,3,huggingface/transformers,0,Feature,huggingface__transformers-31095,0.5,0.3333333333333333,1.0,1.0
0.3,1.0,1.0,212,0.5714285714285715,0.4,1.0,1.0,issue_plus_hints,1.017,2,1,Python,llama3.2:3b,1,5,5,huggingface/transformers,0,Feature,huggingface__transformers-31095,0.33333333333333337,0.2,1.0,1.0
0.0,0.0,0.25,212,0.0,0.0,0.0,0.0,issue_only,0.653,3,1,Python,llama3.2:3b,1,3,3,huggingface/transformers,0,Feature,huggingface__transformers-31247,0.0,0.0,0.0,0.0
0.25,0.25,0.5,212,0.4,0.5,0.3333333333333333,0.3333333333333333,issue_plus_inventory,1.235,3,1,Python,llama3.2:3b,1,2,2,huggingface/transformers,0,Feature,huggingface__transformers-31247,0.0,0.0,0.0,0.0
0.25,0.25,0.5,212,0.4,0.5,0.3333333333333333,0.3333333333333333,issue_plus_hints,0.631,3,1,Python,llama3.2:3b,1,2,2,huggingface/transformers,0,Feature,huggingface__transformers-31247,0.0,0.0,0.0,0.0
0.0,0.0,0.0,89,0.0,0.0,0.0,0.0,issue_only,1.137,7,1,Python,llama3.2:3b,1,5,5,keras-team/keras,0,Feature,keras-team__keras-19903,0.0,0.0,0.0,0.0
0.1,0.125,0.625,89,0.16666666666666666,0.2,0.14285714285714285,0.14285714285714285,issue_plus_inventory,1.595,7,1,Python,llama3.2:3b,1,5,5,keras-team/keras,0,Feature,keras-team__keras-19903,0.0,0.0,0.0,0.0
0.0,0.0,0.0,89,0.0,0.0,0.0,0.0,issue_plus_hints,1.031,7,1,Python,llama3.2:3b,1,3,3,keras-team/keras,0,Feature,keras-team__keras-19903,0.0,0.0,0.0,0.0
0.0,0.0,0.0,28,0.0,0.0,0.0,0.0,issue_only,1.578,2,3,TypeScript,llama3.2:3b,1,5,5,tailwindlabs/tailwindcss,0,Feature,tailwindlabs__tailwindcss-88,0.0,0.0,0.0,0.0
0.16666666666666666,0.2,0.2,28,0.0,0.0,0.0,0.0,issue_plus_inventory,0.963,2,3,TypeScript,llama3.2:3b,1,3,3,tailwindlabs/tailwindcss,0,Feature,tailwindlabs__tailwindcss-88,0.3333333333333333,0.3333333333333333,0.3333333333333333,0.3333333333333333
0.25,0.2,0.2,28,0.0,0.0,0.0,0.0,issue_plus_hints,0.91,2,3,TypeScript,llama3.2:3b,1,2,2,tailwindlabs/tailwindcss,0,Feature,tailwindlabs__tailwindcss-88,0.4,0.5,0.3333333333333333,0.3333333333333333
0.0,0.0,0.0,28,0.0,0.0,0.0,0.0,issue_only,0.721,1,1,TypeScript,llama3.2:3b,1,3,3,tailwindlabs/tailwindcss,0,Feature,tailwindlabs__tailwindcss-165,0.0,0.0,0.0,0.0
0.2,1.0,1.0,28,0.33333333333333337,0.2,1.0,1.0,issue_plus_inventory,1.226,1,1,TypeScript,llama3.2:3b,1,5,5,tailwindlabs/tailwindcss,0,Feature,tailwindlabs__tailwindcss-165,0.33333333333333337,0.2,1.0,1.0
0.2,1.0,1.0,28,0.33333333333333337,0.2,1.0,1.0,issue_plus_hints,1.298,1,1,TypeScript,llama3.2:3b,1,5,5,tailwindlabs/tailwindcss,0,Feature,tailwindlabs__tailwindcss-165,0.33333333333333337,0.2,1.0,1.0
0.0,0.0,0.0,28,0.0,0.0,0.0,0.0,issue_only,1.326,1,1,TypeScript,llama3.2:3b,1,5,5,tailwindlabs/tailwindcss,0,Feature,tailwindlabs__tailwindcss-236,0.0,0.0,0.0,0.0
0.0,0.0,0.0,28,0.0,0.0,0.0,0.0,issue_plus_inventory,1.198,1,1,TypeScript,llama3.2:3b,1,5,5,tailwindlabs/tailwindcss,0,Feature,tailwindlabs__tailwindcss-236,0.0,0.0,0.0,0.0
0.0,0.0,0.0,28,0.0,0.0,0.0,0.0,issue_plus_hints,0.976,1,1,TypeScript,llama3.2:3b,1,5,5,tailwindlabs/tailwindcss,0,Feature,tailwindlabs__tailwindcss-236,0.0,0.0,0.0,0.0
0.0,0.0,0.0,28,0.0,0.0,0.0,0.0,issue_only,1.338,1,1,TypeScript,llama3.2:3b,1,5,5,tailwindlabs/tailwindcss,0,Feature,tailwindlabs__tailwindcss-417,0.0,0.0,0.0,0.0
0.2,1.0,1.0,28,0.33333333333333337,0.2,1.0,1.0,issue_plus_inventory,1.284,1,1,TypeScript,llama3.2:3b,1,5,5,tailwindlabs/tailwindcss,0,Feature,tailwindlabs__tailwindcss-417,0.33333333333333337,0.2,1.0,1.0
0.2,1.0,1.0,28,0.33333333333333337,0.2,1.0,1.0,issue_plus_hints,1.121,1,1,TypeScript,llama3.2:3b,1,5,5,tailwindlabs/tailwindcss,0,Feature,tailwindlabs__tailwindcss-417,0.33333333333333337,0.2,1.0,1.0
0.0,0.0,0.5,28,0.0,0.0,0.0,0.0,issue_only,1.072,1,1,TypeScript,llama3.2:3b,1,5,5,tailwindlabs/tailwindcss,0,Feature,tailwindlabs__tailwindcss-445,0.0,0.0,0.0,0.0
0.2,1.0,1.0,28,0.33333333333333337,0.2,1.0,1.0,issue_plus_inventory,1.204,1,1,TypeScript,llama3.2:3b,1,5,5,tailwindlabs/tailwindcss,0,Feature,tailwindlabs__tailwindcss-445,0.33333333333333337,0.2,1.0,1.0
0.2,1.0,1.0,28,0.33333333333333337,0.2,1.0,1.0,issue_plus_hints,1.152,1,1,TypeScript,llama3.2:3b,1,5,5,tailwindlabs/tailwindcss,0,Feature,tailwindlabs__tailwindcss-445,0.33333333333333337,0.2,1.0,1.0
0.0,0.0,0.0,28,0.0,0.0,0.0,0.0,issue_only,1.206,2,1,TypeScript,llama3.2:3b,1,5,5,tailwindlabs/tailwindcss,0,Feature,tailwindlabs__tailwindcss-463,0.0,0.0,0.0,0.0
0.2,0.6666666666666666,0.6666666666666666,28,0.28571428571428575,0.2,0.5,0.5,issue_plus_inventory,1.257,2,1,TypeScript,llama3.2:3b,1,5,5,tailwindlabs/tailwindcss,0,Feature,tailwindlabs__tailwindcss-463,0.33333333333333337,0.2,1.0,1.0
0.2,0.6666666666666666,0.6666666666666666,28,0.28571428571428575,0.2,0.5,0.5,issue_plus_hints,1.257,2,1,TypeScript,llama3.2:3b,1,5,5,tailwindlabs/tailwindcss,0,Feature,tailwindlabs__tailwindcss-463,0.33333333333333337,0.2,1.0,1.0
0.0,0.0,0.0,407,0.0,0.0,0.0,0.0,issue_only,1.085,3,1,TypeScript,llama3.2:3b,1,3,3,mui/material-ui,0,Feature,mui__material-ui-11446,0.0,0.0,0.0,0.0
0.2,0.5,0.5,407,0.25,0.2,0.3333333333333333,0.3333333333333333,issue_plus_inventory,1.935,3,1,TypeScript,llama3.2:3b,1,5,5,mui/material-ui,0,Feature,mui__material-ui-11446,0.33333333333333337,0.2,1.0,1.0
0.3333333333333333,0.5,0.5,407,0.3333333333333333,0.3333333333333333,0.3333333333333333,0.3333333333333333,issue_plus_hints,1.042,3,1,TypeScript,llama3.2:3b,1,3,3,mui/material-ui,0,Feature,mui__material-ui-11446,0.5,0.3333333333333333,1.0,1.0
0.1,0.5,0.5,28,0.33333333333333337,0.2,1.0,1.0,issue_only,1.047,1,1,TypeScript,llama3.2:3b,1,5,5,tailwindlabs/tailwindcss,0,Feature,tailwindlabs__tailwindcss-553,0.0,0.0,0.0,0.0
0.2,1.0,1.0,28,0.33333333333333337,0.2,1.0,1.0,issue_plus_inventory,1.233,1,1,TypeScript,llama3.2:3b,1,5,5,tailwindlabs/tailwindcss,0,Feature,tailwindlabs__tailwindcss-553,0.33333333333333337,0.2,1.0,1.0
0.2,1.0,1.0,28,0.33333333333333337,0.2,1.0,1.0,issue_plus_hints,1.067,1,1,TypeScript,llama3.2:3b,1,5,5,tailwindlabs/tailwindcss,0,Feature,tailwindlabs__tailwindcss-553,0.33333333333333337,0.2,1.0,1.0
0.0,0.0,0.25,407,0.0,0.0,0.0,0.0,issue_only,1.006,3,1,TypeScript,llama3.2:3b,1,3,3,mui/material-ui,0,Feature,mui__material-ui-13828,0.0,0.0,0.0,0.0
0.0,0.0,0.0,407,0.0,0.0,0.0,0.0,issue_plus_inventory,1.396,3,1,TypeScript,llama3.2:3b,1,3,3,mui/material-ui,0,Feature,mui__material-ui-13828,0.0,0.0,0.0,0.0
0.0,0.0,0.0,407,0.0,0.0,0.0,0.0,issue_plus_hints,0.899,3,1,TypeScript,llama3.2:3b,1,3,3,mui/material-ui,0,Feature,mui__material-ui-13828,0.0,0.0,0.0,0.0
0.0,0.0,0.0,407,0.0,0.0,0.0,0.0,issue_only,0.68,5,2,TypeScript,llama3.2:3b,1,2,2,mui/material-ui,0,Feature,mui__material-ui-13899,0.0,0.0,0.0,0.0
0.2,0.2857142857142857,0.2857142857142857,407,0.20000000000000004,0.2,0.2,0.2,issue_plus_inventory,1.765,5,2,TypeScript,llama3.2:3b,1,5,5,mui/material-ui,0,Feature,mui__material-ui-13899,0.28571428571428575,0.2,0.5,0.5
0.2222222222222222,0.2857142857142857,0.2857142857142857,407,0.20000000000000004,0.2,0.2,0.2,issue_plus_hints,1.249,5,2,TypeScript,llama3.2:3b,1,5,5,mui/material-ui,0,Feature,mui__material-ui-13899,0.28571428571428575,0.2,0.5,0.5
0.0,0.0,0.0,407,0.0,0.0,0.0,0.0,issue_only,0.879,10,3,TypeScript,llama3.2:3b,1,2,2,mui/material-ui,0,Feature,mui__material-ui-14465,0.0,0.0,0.0,0.0
0.0,0.0,0.0,407,0.0,0.0,0.0,0.0,issue_plus_inventory,1.536,10,3,TypeScript,llama3.2:3b,1,3,2,mui/material-ui,0,Feature,mui__material-ui-14465,0.0,0.0,0.0,0.0
0.0,0.0,0.0,407,0.0,0.0,0.0,0.0,issue_plus_hints,0.875,10,3,TypeScript,llama3.2:3b,1,3,2,mui/material-ui,0,Feature,mui__material-ui-14465,0.0,0.0,0.0,0.0
0.0,0.0,0.0,28,0.0,0.0,0.0,0.0,issue_only,1.024,1,1,TypeScript,llama3.2:3b,1,5,5,tailwindlabs/tailwindcss,0,Feature,tailwindlabs__tailwindcss-849,0.0,0.0,0.0,0.0
0.2,1.0,1.0,28,0.33333333333333337,0.2,1.0,1.0,issue_plus_inventory,1.051,1,1,TypeScript,llama3.2:3b,1,5,5,tailwindlabs/tailwindcss,0,Feature,tailwindlabs__tailwindcss-849,0.33333333333333337,0.2,1.0,1.0
0.2,1.0,1.0,28,0.33333333333333337,0.2,1.0,1.0,issue_plus_hints,0.993,1,1,TypeScript,llama3.2:3b,1,5,5,tailwindlabs/tailwindcss,0,Feature,tailwindlabs__tailwindcss-849,0.33333333333333337,0.2,1.0,1.0
0.0,0.0,0.0,407,0.0,0.0,0.0,0.0,issue_only,0.961,3,1,TypeScript,llama3.2:3b,1,2,2,mui/material-ui,0,Feature,mui__material-ui-15495,0.0,0.0,0.0,0.0
0.25,0.25,0.25,407,0.0,0.0,0.0,0.0,issue_plus_inventory,1.374,3,1,TypeScript,llama3.2:3b,1,2,2,mui/material-ui,0,Feature,mui__material-ui-15495,0.6666666666666666,0.5,1.0,1.0
0.25,0.25,0.25,407,0.0,0.0,0.0,0.0,issue_plus_hints,0.846,3,1,TypeScript,llama3.2:3b,1,2,2,mui/material-ui,0,Feature,mui__material-ui-15495,0.6666666666666666,0.5,1.0,1.0
0.25,0.5,1.0,407,0.0,0.0,0.0,0.0,issue_only,0.548,1,1,TypeScript,llama3.2:3b,1,2,2,mui/material-ui,0,Feature,mui__material-ui-17005,0.6666666666666666,0.5,1.0,1.0
0.5,1.0,1.0,407,0.6666666666666666,0.5,1.0,1.0,issue_plus_inventory,1.261,1,1,TypeScript,llama3.2:3b,1,2,2,mui/material-ui,0,Feature,mui__material-ui-17005,0.6666666666666666,0.5,1.0,1.0
0.5,1.0,1.0,407,0.6666666666666666,0.5,1.0,1.0,issue_plus_hints,0.804,1,1,TypeScript,llama3.2:3b,1,2,2,mui/material-ui,0,Feature,mui__material-ui-17005,0.6666666666666666,0.5,1.0,1.0
0.0,0.0,0.0,407,0.0,0.0,0.0,0.0,issue_only,0.641,3,2,TypeScript,llama3.2:3b,1,2,2,mui/material-ui,0,Feature,mui__material-ui-17640,0.0,0.0,0.0,0.0
0.6666666666666666,0.4,0.4,407,0.4,0.5,0.3333333333333333,0.3333333333333333,issue_plus_inventory,1.239,3,2,TypeScript,llama3.2:3b,1,2,2,mui/material-ui,0,Feature,mui__material-ui-17640,0.5,0.5,0.5,0.5
0.6666666666666666,0.4,0.4,407,0.4,0.5,0.3333333333333333,0.3333333333333333,issue_plus_hints,0.836,3,2,TypeScript,llama3.2:3b,1,2,2,mui/material-ui,0,Feature,mui__material-ui-17640,0.5,0.5,0.5,0.5
0.0,0.0,0.2222222222222222,407,0.0,0.0,0.0,0.0,issue_only,1.18,5,4,TypeScript,llama3.2:3b,1,4,4,mui/material-ui,0,Feature,mui__material-ui-17691,0.0,0.0,0.0,0.0
0.2222222222222222,0.2222222222222222,0.3333333333333333,407,0.20000000000000004,0.2,0.2,0.2,issue_plus_inventory,1.815,5,4,TypeScript,llama3.2:3b,1,5,5,mui/material-ui,0,Feature,mui__material-ui-17691,0.22222222222222224,0.2,0.25,0.25
1.0,0.2222222222222222,0.2222222222222222,407,0.33333333333333337,1.0,0.2,0.2,issue_plus_hints,1.2,5,4,TypeScript,llama3.2:3b,1,1,1,mui/material-ui,0,Feature,mui__material-ui-17691,0.4,1.0,0.25,0.25
0.0,0.0,0.0,407,0.0,0.0,0.0,0.0,issue_only,1.253,2,1,TypeScript,llama3.2:3b,1,5,4,mui/material-ui,0,Feature,mui__material-ui-17829,0.0,0.0,0.0,0.0
0.5,0.6666666666666666,0.6666666666666666,407,0.5,0.5,0.5,0.5,issue_plus_inventory,1.325,2,1,TypeScript,llama3.2:3b,1,2,2,mui/material-ui,0,Feature,mui__material-ui-17829,0.6666666666666666,0.5,1.0,1.0
0.5,0.6666666666666666,0.6666666666666666,407,0.5,0.5,0.5,0.5,issue_plus_hints,0.64,2,1,TypeScript,llama3.2:3b,1,2,2,mui/material-ui,0,Feature,mui__material-ui-17829,0.6666666666666666,0.5,1.0,1.0
0.0,0.0,0.0,407,0.0,0.0,0.0,0.0,issue_only,0.583,6,1,TypeScript,llama3.2:3b,1,2,2,mui/material-ui,0,Feature,mui__material-ui-18744,0.0,0.0,0.0,0.0
0.1,0.14285714285714285,0.14285714285714285,407,0.1818181818181818,0.2,0.16666666666666666,0.16666666666666666,issue_plus_inventory,1.687,6,1,TypeScript,llama3.2:3b,1,5,5,mui/material-ui,0,Feature,mui__material-ui-18744,0.0,0.0,0.0,0.0
0.1,0.14285714285714285,0.14285714285714285,407,0.1818181818181818,0.2,0.16666666666666666,0.16666666666666666,issue_plus_hints,1.321,6,1,TypeScript,llama3.2:3b,1,5,5,mui/material-ui,0,Feature,mui__material-ui-18744,0.0,0.0,0.0,0.0
0.0,0.0,0.0,407,0.0,0.0,0.0,0.0,issue_only,1.243,9,2,TypeScript,llama3.2:3b,1,5,5,mui/material-ui,0,Feature,mui__material-ui-20133,0.0,0.0,0.0,0.0
0.0,0.0,0.09090909090909091,407,0.0,0.0,0.0,0.0,issue_plus_inventory,1.933,9,2,TypeScript,llama3.2:3b,1,5,5,mui/material-ui,0,Feature,mui__material-ui-20133,0.0,0.0,0.0,0.0
0.0,0.0,0.09090909090909091,407,0.0,0.0,0.0,0.0,issue_plus_hints,1.271,9,2,TypeScript,llama3.2:3b,1,5,5,mui/material-ui,0,Feature,mui__material-ui-20133,0.0,0.0,0.0,0.0
0.0,0.0,0.5,407,0.0,0.0,0.0,0.0,issue_only,0.914,3,1,TypeScript,llama3.2:3b,1,3,3,mui/material-ui,0,Feature,mui__material-ui-20781,0.0,0.0,0.0,0.0
0.75,0.75,0.75,407,0.8,1.0,0.6666666666666666,0.6666666666666666,issue_plus_inventory,1.307,3,1,TypeScript,llama3.2:3b,1,2,2,mui/material-ui,0,Feature,mui__material-ui-20781,0.6666666666666666,0.5,1.0,1.0
0.75,0.75,0.75,407,0.8,1.0,0.6666666666666666,0.6666666666666666,issue_plus_hints,0.866,3,1,TypeScript,llama3.2:3b,1,2,2,mui/material-ui,0,Feature,mui__material-ui-20781,0.6666666666666666,0.5,1.0,1.0
0.16666666666666666,0.16666666666666666,0.3333333333333333,407,0.28571428571428575,0.3333333333333333,0.25,0.25,issue_only,1.52,4,2,TypeScript,llama3.2:3b,1,3,3,mui/material-ui,0,Feature,mui__material-ui-21192,0.0,0.0,0.0,0.0
0.2,0.3333333333333333,0.3333333333333333,407,0.4444444444444445,0.4,0.5,0.5,issue_plus_inventory,1.726,4,2,TypeScript,llama3.2:3b,1,5,5,mui/material-ui,0,Feature,mui__material-ui-21192,0.0,0.0,0.0,0.0
0.25,0.16666666666666666,0.16666666666666666,407,0.3333333333333333,0.5,0.25,0.25,issue_plus_hints,0.828,4,2,TypeScript,llama3.2:3b,1,2,2,mui/material-ui,0,Feature,mui__material-ui-21192,0.0,0.0,0.0,0.0
0.0,0.0,0.0,407,0.0,0.0,0.0,0.0,issue_only,1.3,3,4,TypeScript,llama3.2:3b,1,4,4,mui/material-ui,0,Feature,mui__material-ui-23364,0.0,0.0,0.0,0.0
0.0,0.0,0.0,407,0.0,0.0,0.0,0.0,issue_plus_inventory,1.3,3,4,TypeScript,llama3.2:3b,1,2,2,mui/material-ui,0,Feature,mui__material-ui-23364,0.0,0.0,0.0,0.0
0.0,0.0,0.0,407,0.0,0.0,0.0,0.0,issue_plus_hints,0.888,3,4,TypeScript,llama3.2:3b,1,2,2,mui/material-ui,0,Feature,mui__material-ui-23364,0.0,0.0,0.0,0.0
0.0,0.0,0.0,133,0.0,0.0,0.0,0.0,issue_only,1.312,1,1,TypeScript,llama3.2:3b,1,4,4,microsoft/vscode,0,Feature,microsoft__vscode-114208,0.0,0.0,0.0,0.0
0.0,0.0,0.0,133,0.0,0.0,0.0,0.0,issue_plus_inventory,2.008,1,1,TypeScript,llama3.2:3b,1,5,5,microsoft/vscode,0,Feature,microsoft__vscode-114208,0.0,0.0,0.0,0.0
0.0,0.0,0.0,133,0.0,0.0,0.0,0.0,issue_plus_hints,1.468,1,1,TypeScript,llama3.2:3b,1,5,5,microsoft/vscode,0,Feature,microsoft__vscode-114208,0.0,0.0,0.0,0.0
0.0,0.0,0.0,407,0.0,0.0,0.0,0.0,issue_only,1.139,6,5,TypeScript,llama3.2:3b,1,5,5,mui/material-ui,0,Feature,mui__material-ui-26746,0.0,0.0,0.0,0.0
0.2857142857142857,0.18181818181818182,0.18181818181818182,407,0.1818181818181818,0.2,0.16666666666666666,0.16666666666666666,issue_plus_inventory,1.909,6,5,TypeScript,llama3.2:3b,1,5,5,mui/material-ui,0,Feature,mui__material-ui-26746,0.20000000000000004,0.2,0.2,0.2
0.2222222222222222,0.18181818181818182,0.2727272727272727,407,0.3636363636363636,0.4,0.3333333333333333,0.3333333333333333,issue_plus_hints,1.471,6,5,TypeScript,llama3.2:3b,1,5,5,mui/material-ui,0,Feature,mui__material-ui-26746,0.0,0.0,0.0,0.0
0.0,0.0,0.0,133,0.0,0.0,0.0,0.0,issue_only,1.207,2,1,TypeScript,llama3.2:3b,1,5,5,microsoft/vscode,0,Feature,microsoft__vscode-127257,0.0,0.0,0.0,0.0
0.25,0.3333333333333333,0.6666666666666666,133,0.5,0.5,0.5,0.5,issue_plus_inventory,1.551,2,1,TypeScript,llama3.2:3b,1,2,2,microsoft/vscode,0,Feature,microsoft__vscode-127257,0.0,0.0,0.0,0.0
0.1,0.3333333333333333,0.3333333333333333,133,0.28571428571428575,0.2,0.5,0.5,issue_plus_hints,1.319,2,1,TypeScript,llama3.2:3b,1,5,5,microsoft/vscode,0,Feature,microsoft__vscode-127257,0.0,0.0,0.0,0.0
0.0,0.0,0.0,133,0.0,0.0,0.0,0.0,issue_only,1.086,2,1,TypeScript,llama3.2:3b,1,5,5,microsoft/vscode,0,Feature,microsoft__vscode-128931,0.0,0.0,0.0,0.0
0.1,0.3333333333333333,0.3333333333333333,133,0.28571428571428575,0.2,0.5,0.5,issue_plus_inventory,2.263,2,1,TypeScript,llama3.2:3b,1,5,5,microsoft/vscode,0,Feature,microsoft__vscode-128931,0.0,0.0,0.0,0.0
0.1,0.3333333333333333,0.3333333333333333,133,0.28571428571428575,0.2,0.5,0.5,issue_plus_hints,1.432,2,1,TypeScript,llama3.2:3b,1,5,5,microsoft/vscode,0,Feature,microsoft__vscode-128931,0.0,0.0,0.0,0.0
0.0,0.0,0.25,407,0.0,0.0,0.0,0.0,issue_only,1.27,3,1,TypeScript,llama3.2:3b,1,5,5,mui/material-ui,0,Feature,mui__material-ui-28813,0.0,0.0,0.0,0.0
0.0,0.0,0.5,407,0.0,0.0,0.0,0.0,issue_plus_inventory,1.761,3,1,TypeScript,llama3.2:3b,1,5,5,mui/material-ui,0,Feature,mui__material-ui-28813,0.0,0.0,0.0,0.0
0.5,0.5,0.5,407,0.4,0.5,0.3333333333333333,0.3333333333333333,issue_plus_hints,0.805,3,1,TypeScript,llama3.2:3b,1,2,2,mui/material-ui,0,Feature,mui__material-ui-28813,0.6666666666666666,0.5,1.0,1.0
0.0,0.0,0.0,27,0.0,0.0,0.0,0.0,issue_only,0.809,7,1,TypeScript,llama3.2:3b,1,5,5,coder/code-server,0,Feature,coder__code-server-4597,0.0,0.0,0.0,0.0
0.0,0.0,0.0,27,0.0,0.0,0.0,0.0,issue_plus_inventory,0.719,7,1,TypeScript,llama3.2:3b,1,2,3,coder/code-server,0,Feature,coder__code-server-4597,0.0,0.0,0.0,0.0
0.0,0.0,0.0,27,0.0,0.0,0.0,0.0,issue_plus_hints,2.494,7,1,TypeScript,llama3.2:3b,1,5,5,coder/code-server,0,Feature,coder__code-server-4597,0.0,0.0,0.0,0.0
0.0,0.0,0.0,27,0.0,0.0,0.0,0.0,issue_only,0.714,12,4,TypeScript,llama3.2:3b,1,5,5,coder/code-server,0,Feature,coder__code-server-4678,0.0,0.0,0.0,0.0
0.25,0.0625,0.0625,27,0.0,0.0,0.0,0.0,issue_plus_inventory,0.744,12,4,TypeScript,llama3.2:3b,1,2,3,coder/code-server,0,Feature,coder__code-server-4678,0.28571428571428575,0.3333333333333333,0.25,0.25
0.3333333333333333,0.0625,0.0625,27,0.0,0.0,0.0,0.0,issue_plus_hints,0.569,12,4,TypeScript,llama3.2:3b,1,2,2,coder/code-server,0,Feature,coder__code-server-4678,0.3333333333333333,0.5,0.25,0.25
0.0,0.0,0.0,27,0.0,0.0,0.0,0.0,issue_only,0.77,2,2,TypeScript,llama3.2:3b,1,3,3,coder/code-server,0,Feature,coder__code-server-4923,0.0,0.0,0.0,0.0
0.4,1.0,1.0,27,0.5714285714285715,0.4,1.0,1.0,issue_plus_inventory,0.902,2,2,TypeScript,llama3.2:3b,1,5,5,coder/code-server,0,Feature,coder__code-server-4923,0.5714285714285715,0.4,1.0,1.0
0.4,1.0,1.0,27,0.5714285714285715,0.4,1.0,1.0,issue_plus_hints,0.943,2,2,TypeScript,llama3.2:3b,1,5,5,coder/code-server,0,Feature,coder__code-server-4923,0.5714285714285715,0.4,1.0,1.0
0.0,0.0,0.0,133,0.0,0.0,0.0,0.0,issue_only,1.089,8,3,TypeScript,llama3.2:3b,1,5,5,microsoft/vscode,0,Feature,microsoft__vscode-146962,0.0,0.0,0.0,0.0
0.1,0.09090909090909091,0.18181818181818182,133,0.15384615384615385,0.2,0.125,0.125,issue_plus_inventory,2.136,8,3,TypeScript,llama3.2:3b,1,5,5,microsoft/vscode,0,Feature,microsoft__vscode-146962,0.0,0.0,0.0,0.0
0.25,0.09090909090909091,0.09090909090909091,133,0.0,0.0,0.0,0.0,issue_plus_hints,0.921,8,3,TypeScript,llama3.2:3b,1,2,2,microsoft/vscode,0,Feature,microsoft__vscode-146962,0.4,0.5,0.3333333333333333,0.3333333333333333
0.1,0.2,0.2,133,0.22222222222222224,0.2,0.25,0.25,issue_only,1.726,4,1,TypeScript,llama3.2:3b,1,5,5,microsoft/vscode,0,Feature,microsoft__vscode-152802,0.0,0.0,0.0,0.0
0.375,0.6,0.6,133,0.8571428571428571,1.0,0.75,0.75,issue_plus_inventory,2.21,4,1,TypeScript,llama3.2:3b,1,3,5,microsoft/vscode,0,Feature,microsoft__vscode-152802,0.0,0.0,0.0,0.0
0.375,0.6,0.8,133,0.8571428571428571,1.0,0.75,0.75,issue_plus_hints,1.33,4,1,TypeScript,llama3.2:3b,1,3,5,microsoft/vscode,0,Feature,microsoft__vscode-152802,0.0,0.0,0.0,0.0
0.0,0.0,0.2,407,0.0,0.0,0.0,0.0,issue_only,1.293,9,1,TypeScript,llama3.2:3b,1,5,5,mui/material-ui,0,Feature,mui__material-ui-33312,0.0,0.0,0.0,0.0
0.0,0.0,0.4,407,0.0,0.0,0.0,0.0,issue_plus_inventory,1.86,9,1,TypeScript,llama3.2:3b,1,5,5,mui/material-ui,0,Feature,mui__material-ui-33312,0.0,0.0,0.0,0.0
0.0,0.0,0.2,407,0.0,0.0,0.0,0.0,issue_plus_hints,0.7,9,1,TypeScript,llama3.2:3b,1,2,2,mui/material-ui,0,Feature,mui__material-ui-33312,0.0,0.0,0.0,0.0
0.0,0.0,0.0,133,0.0,0.0,0.0,0.0,issue_only,1.278,2,1,TypeScript,llama3.2:3b,1,5,5,microsoft/vscode,0,Feature,microsoft__vscode-155261,0.0,0.0,0.0,0.0
0.2,0.6666666666666666,0.6666666666666666,133,0.28571428571428575,0.2,0.5,0.5,issue_plus_inventory,2.112,2,1,TypeScript,llama3.2:3b,1,5,5,microsoft/vscode,0,Feature,microsoft__vscode-155261,0.33333333333333337,0.2,1.0,1.0
0.125,0.3333333333333333,0.3333333333333333,133,0.28571428571428575,0.2,0.5,0.5,issue_plus_hints,1.274,2,1,TypeScript,llama3.2:3b,1,5,5,microsoft/vscode,0,Feature,microsoft__vscode-155261,0.0,0.0,0.0,0.0
0.0,0.0,0.0,133,0.0,0.0,0.0,0.0,issue_only,1.126,6,1,TypeScript,llama3.2:3b,1,5,5,microsoft/vscode,0,Feature,microsoft__vscode-156733,0.0,0.0,0.0,0.0
0.5,0.7142857142857143,0.7142857142857143,133,0.7272727272727272,0.8,0.6666666666666666,0.6666666666666666,issue_plus_inventory,2.297,6,1,TypeScript,llama3.2:3b,1,5,5,microsoft/vscode,0,Feature,microsoft__vscode-156733,0.33333333333333337,0.2,1.0,1.0
0.5,0.7142857142857143,0.7142857142857143,133,0.7272727272727272,0.8,0.6666666666666666,0.6666666666666666,issue_plus_hints,1.5,6,1,TypeScript,llama3.2:3b,1,5,5,microsoft/vscode,0,Feature,microsoft__vscode-156733,0.33333333333333337,0.2,1.0,1.0
0.0,0.0,0.08333333333333333,407,0.0,0.0,0.0,0.0,issue_only,1.247,10,2,TypeScript,llama3.2:3b,1,2,2,mui/material-ui,0,Feature,mui__material-ui-34138,0.0,0.0,0.0,0.0
0.3,0.25,0.25,407,0.13333333333333333,0.2,0.1,0.1,issue_plus_inventory,1.853,10,2,TypeScript,llama3.2:3b,1,5,5,mui/material-ui,0,Feature,mui__material-ui-34138,0.5714285714285715,0.4,1.0,1.0
0.3,0.25,0.25,407,0.13333333333333333,0.2,0.1,0.1,issue_plus_hints,1.182,10,2,TypeScript,llama3.2:3b,1,5,5,mui/material-ui,0,Feature,mui__material-ui-34138,0.5714285714285715,0.4,1.0,1.0
0.0,0.0,0.08,407,0.0,0.0,0.0,0.0,issue_only,0.71,20,5,TypeScript,llama3.2:3b,1,2,2,mui/material-ui,0,Feature,mui__material-ui-34158,0.0,0.0,0.0,0.0
0.0,0.0,0.0,407,0.0,0.0,0.0,0.0,issue_plus_inventory,1.855,20,5,TypeScript,llama3.2:3b,1,5,5,mui/material-ui,0,Feature,mui__material-ui-34158,0.0,0.0,0.0,0.0
0.0,0.0,0.0,407,0.0,0.0,0.0,0.0,issue_plus_hints,1.146,20,5,TypeScript,llama3.2:3b,1,5,5,mui/material-ui,0,Feature,mui__material-ui-34158,0.0,0.0,0.0,0.0
0.0,0.0,0.0,407,0.0,0.0,0.0,0.0,issue_only,0.91,11,1,TypeScript,llama3.2:3b,1,3,3,mui/material-ui,0,Feature,mui__material-ui-34207,0.0,0.0,0.0,0.0
0.5,0.16666666666666666,0.16666666666666666,407,0.15384615384615385,0.5,0.09090909090909091,0.09090909090909091,issue_plus_inventory,1.349,11,1,TypeScript,llama3.2:3b,1,2,2,mui/material-ui,0,Feature,mui__material-ui-34207,0.6666666666666666,0.5,1.0,1.0
0.5,0.16666666666666666,0.16666666666666666,407,0.15384615384615385,0.5,0.09090909090909091,0.09090909090909091,issue_plus_hints,0.717,11,1,TypeScript,llama3.2:3b,1,2,2,mui/material-ui,0,Feature,mui__material-ui-34207,0.6666666666666666,0.5,1.0,1.0
0.0,0.0,0.4,27,0.0,0.0,0.0,0.0,issue_only,0.708,3,2,TypeScript,llama3.2:3b,1,5,5,coder/code-server,0,Feature,coder__code-server-5633,0.0,0.0,0.0,0.0
0.3333333333333333,0.4,0.4,27,0.3333333333333333,0.3333333333333333,0.3333333333333333,0.3333333333333333,issue_plus_inventory,0.763,3,2,TypeScript,llama3.2:3b,1,3,3,coder/code-server,0,Feature,coder__code-server-5633,0.4,0.3333333333333333,0.5,0.5
0.3333333333333333,0.4,0.4,27,0.3333333333333333,0.3333333333333333,0.3333333333333333,0.3333333333333333,issue_plus_hints,0.667,3,2,TypeScript,llama3.2:3b,1,3,3,coder/code-server,0,Feature,coder__code-server-5633,0.4,0.3333333333333333,0.5,0.5
0.0,0.0,0.2,133,0.0,0.0,0.0,0.0,issue_only,0.955,4,1,TypeScript,llama3.2:3b,1,5,5,microsoft/vscode,0,Feature,microsoft__vscode-165197,0.0,0.0,0.0,0.0
0.1111111111111111,0.2,0.4,133,0.22222222222222224,0.2,0.25,0.25,issue_plus_inventory,2.147,4,1,TypeScript,llama3.2:3b,1,5,5,microsoft/vscode,0,Feature,microsoft__vscode-165197,0.0,0.0,0.0,0.0
0.2222222222222222,0.4,0.4,133,0.22222222222222224,0.2,0.25,0.25,issue_plus_hints,1.296,4,1,TypeScript,llama3.2:3b,1,5,5,microsoft/vscode,0,Feature,microsoft__vscode-165197,0.33333333333333337,0.2,1.0,1.0
0.0,0.0,0.0,133,0.0,0.0,0.0,0.0,issue_only,0.939,3,1,TypeScript,llama3.2:3b,1,2,2,microsoft/vscode,0,Feature,microsoft__vscode-168788,0.0,0.0,0.0,0.0
0.0,0.0,0.0,133,0.0,0.0,0.0,0.0,issue_plus_inventory,2.023,3,1,TypeScript,llama3.2:3b,1,5,5,microsoft/vscode,0,Feature,microsoft__vscode-168788,0.0,0.0,0.0,0.0
0.125,0.25,0.25,133,0.25,0.2,0.3333333333333333,0.3333333333333333,issue_plus_hints,1.837,3,1,TypeScript,llama3.2:3b,1,5,5,microsoft/vscode,0,Feature,microsoft__vscode-168788,0.0,0.0,0.0,0.0
0.0,0.0,0.0,133,0.0,0.0,0.0,0.0,issue_only,1.135,1,1,TypeScript,llama3.2:3b,1,5,5,microsoft/vscode,0,Feature,microsoft__vscode-178291,0.0,0.0,0.0,0.0
0.0,0.0,0.0,133,0.0,0.0,0.0,0.0,issue_plus_inventory,2.04,1,1,TypeScript,llama3.2:3b,1,5,5,microsoft/vscode,0,Feature,microsoft__vscode-178291,0.0,0.0,0.0,0.0
0.0,0.0,0.0,133,0.0,0.0,0.0,0.0,issue_plus_hints,1.517,1,1,TypeScript,llama3.2:3b,1,5,5,microsoft/vscode,0,Feature,microsoft__vscode-178291,0.0,0.0,0.0,0.0
0.0,0.0,0.0,133,0.0,0.0,0.0,0.0,issue_only,1.192,1,1,TypeScript,llama3.2:3b,1,5,5,microsoft/vscode,0,Feature,microsoft__vscode-178513,0.0,0.0,0.0,0.0
0.0,0.0,0.0,133,0.0,0.0,0.0,0.0,issue_plus_inventory,2.084,1,1,TypeScript,llama3.2:3b,1,5,5,microsoft/vscode,0,Feature,microsoft__vscode-178513,0.0,0.0,0.0,0.0
0.0,0.0,0.0,133,0.0,0.0,0.0,0.0,issue_plus_hints,1.54,1,1,TypeScript,llama3.2:3b,1,5,5,microsoft/vscode,0,Feature,microsoft__vscode-178513,0.0,0.0,0.0,0.0
0.0,0.0,0.0,27,0.0,0.0,0.0,0.0,issue_only,0.946,1,1,TypeScript,llama3.2:3b,1,2,5,coder/code-server,0,Feature,coder__code-server-6115,0.0,0.0,0.0,0.0
0.16666666666666666,0.5,0.5,27,0.5,0.3333333333333333,1.0,1.0,issue_plus_inventory,0.782,1,1,TypeScript,llama3.2:3b,1,3,3,coder/code-server,0,Feature,coder__code-server-6115,0.0,0.0,0.0,0.0
0.16666666666666666,0.5,0.5,27,0.5,0.3333333333333333,1.0,1.0,issue_plus_hints,0.734,1,1,TypeScript,llama3.2:3b,1,3,3,coder/code-server,0,Feature,coder__code-server-6115,0.0,0.0,0.0,0.0
0.0,0.0,0.0,133,0.0,0.0,0.0,0.0,issue_only,1.571,1,1,TypeScript,llama3.2:3b,1,0,0,microsoft/vscode,0,Feature,microsoft__vscode-178694,0.0,0.0,0.0,0.0
0.0,0.0,0.0,133,0.0,0.0,0.0,0.0,issue_plus_inventory,1.415,1,1,TypeScript,llama3.2:3b,1,3,0,microsoft/vscode,0,Feature,microsoft__vscode-178694,0.0,0.0,0.0,0.0
0.0,0.0,0.0,133,0.0,0.0,0.0,0.0,issue_plus_hints,0.996,1,1,TypeScript,llama3.2:3b,1,3,3,microsoft/vscode,0,Feature,microsoft__vscode-178694,0.0,0.0,0.0,0.0
0.0,0.0,0.0,133,0.0,0.0,0.0,0.0,issue_only,1.188,5,4,TypeScript,llama3.2:3b,1,5,5,microsoft/vscode,0,Feature,microsoft__vscode-182669,0.0,0.0,0.0,0.0
0.5,0.2222222222222222,0.2222222222222222,133,0.28571428571428575,0.5,0.2,0.2,issue_plus_inventory,1.468,5,4,TypeScript,llama3.2:3b,1,2,2,microsoft/vscode,0,Feature,microsoft__vscode-182669,0.0,0.0,0.0,0.0
0.2857142857142857,0.2222222222222222,0.2222222222222222,133,0.20000000000000004,0.2,0.2,0.2,issue_plus_hints,1.244,5,4,TypeScript,llama3.2:3b,1,5,5,microsoft/vscode,0,Feature,microsoft__vscode-182669,0.22222222222222224,0.2,0.25,0.25
0.16666666666666666,0.16666666666666666,0.16666666666666666,27,0.25,0.3333333333333333,0.2,0.2,issue_only,0.811,5,1,TypeScript,llama3.2:3b,1,3,3,coder/code-server,0,Feature,coder__code-server-6225,0.0,0.0,0.0,0.0
0.5,0.3333333333333333,0.3333333333333333,27,0.5714285714285715,1.0,0.4,0.4,issue_plus_inventory,0.682,5,1,TypeScript,llama3.2:3b,1,2,2,coder/code-server,0,Feature,coder__code-server-6225,0.0,0.0,0.0,0.0
0.4444444444444444,0.6666666666666666,0.6666666666666666,27,0.6666666666666665,0.75,0.6,0.6,issue_plus_hints,0.9,5,1,TypeScript,llama3.2:3b,1,4,5,coder/code-server,0,Feature,coder__code-server-6225,0.33333333333333337,0.2,1.0,1.0
0.0,0.0,0.0,407,0.0,0.0,0.0,0.0,issue_only,1.405,18,1,TypeScript,llama3.2:3b,1,5,5,mui/material-ui,0,Feature,mui__material-ui-37908,0.0,0.0,0.0,0.0
0.0,0.0,0.05263157894736842,407,0.0,0.0,0.0,0.0,issue_plus_inventory,1.774,18,1,TypeScript,llama3.2:3b,1,5,5,mui/material-ui,0,Feature,mui__material-ui-37908,0.0,0.0,0.0,0.0
0.0,0.0,0.0,407,0.0,0.0,0.0,0.0,issue_plus_hints,1.338,18,1,TypeScript,llama3.2:3b,1,5,5,mui/material-ui,0,Feature,mui__material-ui-37908,0.0,0.0,0.0,0.0
0.0,0.0,0.0,407,0.0,0.0,0.0,0.0,issue_only,1.049,21,2,TypeScript,llama3.2:3b,1,4,5,mui/material-ui,0,Feature,mui__material-ui-38167,0.0,0.0,0.0,0.0
0.1111111111111111,0.043478260869565216,0.13043478260869565,407,0.07692307692307693,0.2,0.047619047619047616,0.047619047619047616,issue_plus_inventory,1.836,21,2,TypeScript,llama3.2:3b,1,5,4,mui/material-ui,0,Feature,mui__material-ui-38167,0.0,0.0,0.0,0.0
0.2222222222222222,0.08695652173913043,0.2608695652173913,407,0.07692307692307693,0.2,0.047619047619047616,0.047619047619047616,issue_plus_hints,1.257,21,2,TypeScript,llama3.2:3b,1,5,5,mui/material-ui,0,Feature,mui__material-ui-38167,0.0,0.0,0.0,0.0
0.0,0.0,0.0,133,0.0,0.0,0.0,0.0,issue_only,1.219,1,1,TypeScript,llama3.2:3b,1,5,5,microsoft/vscode,0,Feature,microsoft__vscode-190351,0.0,0.0,0.0,0.0
0.1,0.5,0.5,133,0.33333333333333337,0.2,1.0,1.0,issue_plus_inventory,2.347,1,1,TypeScript,llama3.2:3b,1,5,5,microsoft/vscode,0,Feature,microsoft__vscode-190351,0.0,0.0,0.0,0.0
0.1,0.5,0.5,133,0.33333333333333337,0.2,1.0,1.0,issue_plus_hints,1.492,1,1,TypeScript,llama3.2:3b,1,5,5,microsoft/vscode,0,Feature,microsoft__vscode-190351,0.0,0.0,0.0,0.0
0.0,0.0,0.0,133,0.0,0.0,0.0,0.0,issue_only,1.086,1,1,TypeScript,llama3.2:3b,1,5,5,microsoft/vscode,0,Feature,microsoft__vscode-191602,0.0,0.0,0.0,0.0
0.1,0.5,0.5,133,0.33333333333333337,0.2,1.0,1.0,issue_plus_inventory,1.632,1,1,TypeScript,llama3.2:3b,1,5,5,microsoft/vscode,0,Feature,microsoft__vscode-191602,0.0,0.0,0.0,0.0
0.0,0.0,0.0,133,0.0,0.0,0.0,0.0,issue_plus_hints,1.009,1,1,TypeScript,llama3.2:3b,1,2,2,microsoft/vscode,0,Feature,microsoft__vscode-191602,0.0,0.0,0.0,0.0
0.0,0.0,0.0,27,0.0,0.0,0.0,0.0,issue_only,1.0,1,1,TypeScript,llama3.2:3b,1,5,5,coder/code-server,0,Feature,coder__code-server-6423,0.0,0.0,0.0,0.0
0.0,0.0,0.0,27,0.0,0.0,0.0,0.0,issue_plus_inventory,0.82,1,1,TypeScript,llama3.2:3b,1,3,3,coder/code-server,0,Feature,coder__code-server-6423,0.0,0.0,0.0,0.0
0.0,0.0,0.0,27,0.0,0.0,0.0,0.0,issue_plus_hints,0.696,1,1,TypeScript,llama3.2:3b,1,3,3,coder/code-server,0,Feature,coder__code-server-6423,0.0,0.0,0.0,0.0
