all_precision_at_10,all_recall_at_10,basename_all_recall_at_10,candidate_path_count,code_f1_at_5,code_precision_at_5,code_recall_at_10,code_recall_at_5,condition,elapsed_sec,gold_code_files,gold_test_files,language,model,parse_ok,predicted_code_files,predicted_test_files,repo,returncode,task_category,task_id,test_f1_at_5,test_precision_at_5,test_recall_at_10,test_recall_at_5
0.0,0.0,0.0,132,0.0,0.0,0.0,0.0,issue_only,2.638,1,1,Java,deepseek-coder:6.7b,1,0,0,apache/dubbo,0,Feature,apache__dubbo-2750,0.0,0.0,0.0,0.0
0.0,0.0,0.0,132,0.0,0.0,0.0,0.0,issue_plus_inventory,10.047,1,1,Java,deepseek-coder:6.7b,1,5,5,apache/dubbo,0,Feature,apache__dubbo-2750,0.0,0.0,0.0,0.0
0.0,0.0,0.0,132,0.0,0.0,0.0,0.0,issue_plus_hints,7.155,1,1,Java,deepseek-coder:6.7b,1,5,5,apache/dubbo,0,Feature,apache__dubbo-2750,0.0,0.0,0.0,0.0
0.0,0.0,0.5,258,0.0,0.0,0.0,0.0,issue_only,2.779,1,1,Java,deepseek-coder:6.7b,1,1,2,trinodb/trino,0,Feature,trinodb__trino-117,0.0,0.0,0.0,0.0
0.0,0.0,0.0,258,0.0,0.0,0.0,0.0,issue_plus_inventory,5.931,1,1,Java,deepseek-coder:6.7b,1,1,2,trinodb/trino,0,Feature,trinodb__trino-117,0.0,0.0,0.0,0.0
0.0,0.0,0.0,258,0.0,0.0,0.0,0.0,issue_plus_hints,2.024,1,1,Java,deepseek-coder:6.7b,1,1,1,trinodb/trino,0,Feature,trinodb__trino-117,0.0,0.0,0.0,0.0
1.0,0.25,0.25,258,0.5,1.0,0.3333333333333333,0.3333333333333333,issue_only,2.623,3,1,Java,deepseek-coder:6.7b,1,1,0,trinodb/trino,0,Feature,trinodb__trino-741,0.0,0.0,0.0,0.0
0.5,0.5,0.5,258,0.4,0.5,0.3333333333333333,0.3333333333333333,issue_plus_inventory,7.12,3,1,Java,deepseek-coder:6.7b,1,2,2,trinodb/trino,0,Feature,trinodb__trino-741,0.6666666666666666,0.5,1.0,1.0
0.75,0.75,0.75,258,0.8,1.0,0.6666666666666666,0.6666666666666666,issue_plus_hints,4.457,3,1,Java,deepseek-coder:6.7b,1,2,2,trinodb/trino,0,Feature,trinodb__trino-741,0.6666666666666666,0.5,1.0,1.0
0.0,0.0,0.0,258,0.0,0.0,0.0,0.0,issue_only,2.721,2,1,Java,deepseek-coder:6.7b,1,1,2,trinodb/trino,0,Feature,trinodb__trino-748,0.0,0.0,0.0,0.0
1.0,0.6666666666666666,0.6666666666666666,258,0.6666666666666666,1.0,0.5,0.5,issue_plus_inventory,5.232,2,1,Java,deepseek-coder:6.7b,1,1,1,trinodb/trino,0,Feature,trinodb__trino-748,1.0,1.0,1.0,1.0
1.0,0.3333333333333333,0.3333333333333333,258,0.6666666666666666,1.0,0.5,0.5,issue_plus_hints,2.21,2,1,Java,deepseek-coder:6.7b,1,1,0,trinodb/trino,0,Feature,trinodb__trino-748,0.0,0.0,0.0,0.0
0.0,0.0,0.0,258,0.0,0.0,0.0,0.0,issue_only,1.148,5,2,Java,deepseek-coder:6.7b,1,0,0,trinodb/trino,0,Feature,trinodb__trino-799,0.0,0.0,0.0,0.0
0.0,0.0,0.0,258,0.0,0.0,0.0,0.0,issue_plus_inventory,8.456,5,2,Java,deepseek-coder:6.7b,1,5,5,trinodb/trino,0,Feature,trinodb__trino-799,0.0,0.0,0.0,0.0
0.0,0.0,0.0,258,0.0,0.0,0.0,0.0,issue_plus_hints,6.407,5,2,Java,deepseek-coder:6.7b,1,5,5,trinodb/trino,0,Feature,trinodb__trino-799,0.0,0.0,0.0,0.0
0.0,0.0,0.0,258,0.0,0.0,0.0,0.0,issue_only,1.53,3,10,Java,deepseek-coder:6.7b,1,0,0,trinodb/trino,0,Feature,trinodb__trino-1090,0.0,0.0,0.0,0.0
0.0,0.0,0.0,258,0.0,0.0,0.0,0.0,issue_plus_inventory,5.977,3,10,Java,deepseek-coder:6.7b,1,1,2,trinodb/trino,0,Feature,trinodb__trino-1090,0.0,0.0,0.0,0.0
0.0,0.0,0.0,258,0.0,0.0,0.0,0.0,issue_plus_hints,2.749,3,10,Java,deepseek-coder:6.7b,1,1,2,trinodb/trino,0,Feature,trinodb__trino-1090,0.0,0.0,0.0,0.0
1.0,0.06666666666666667,0.06666666666666667,258,0.14285714285714288,1.0,0.07692307692307693,0.07692307692307693,issue_only,1.618,13,2,Java,deepseek-coder:6.7b,1,1,0,trinodb/trino,0,Feature,trinodb__trino-1174,0.0,0.0,0.0,0.0
1.0,0.06666666666666667,0.06666666666666667,258,0.14285714285714288,1.0,0.07692307692307693,0.07692307692307693,issue_plus_inventory,5.167,13,2,Java,deepseek-coder:6.7b,1,1,0,trinodb/trino,0,Feature,trinodb__trino-1174,0.0,0.0,0.0,0.0
1.0,0.06666666666666667,0.06666666666666667,258,0.14285714285714288,1.0,0.07692307692307693,0.07692307692307693,issue_plus_hints,1.532,13,2,Java,deepseek-coder:6.7b,1,1,0,trinodb/trino,0,Feature,trinodb__trino-1174,0.0,0.0,0.0,0.0
0.0,0.0,0.0,258,0.0,0.0,0.0,0.0,issue_only,2.534,2,1,Java,deepseek-coder:6.7b,1,1,2,trinodb/trino,0,Feature,trinodb__trino-1848,0.0,0.0,0.0,0.0
0.0,0.0,0.0,258,0.0,0.0,0.0,0.0,issue_plus_inventory,5.774,2,1,Java,deepseek-coder:6.7b,1,1,4,trinodb/trino,0,Feature,trinodb__trino-1848,0.0,0.0,0.0,0.0
0.0,0.0,0.0,258,0.0,0.0,0.0,0.0,issue_plus_hints,3.419,2,1,Java,deepseek-coder:6.7b,1,2,2,trinodb/trino,0,Feature,trinodb__trino-1848,0.0,0.0,0.0,0.0
0.0,0.0,0.0,258,0.0,0.0,0.0,0.0,issue_only,2.869,3,5,Java,deepseek-coder:6.7b,1,2,2,trinodb/trino,0,Feature,trinodb__trino-1872,0.0,0.0,0.0,0.0
0.0,0.0,0.0,258,0.0,0.0,0.0,0.0,issue_plus_inventory,6.083,3,5,Java,deepseek-coder:6.7b,1,1,2,trinodb/trino,0,Feature,trinodb__trino-1872,0.0,0.0,0.0,0.0
0.0,0.0,0.0,258,0.0,0.0,0.0,0.0,issue_plus_hints,3.302,3,5,Java,deepseek-coder:6.7b,1,1,2,trinodb/trino,0,Feature,trinodb__trino-1872,0.0,0.0,0.0,0.0
0.0,0.0,0.0,258,0.0,0.0,0.0,0.0,issue_only,4.183,3,1,Java,deepseek-coder:6.7b,1,1,2,trinodb/trino,0,Feature,trinodb__trino-3392,0.0,0.0,0.0,0.0
0.6666666666666666,0.5,0.5,258,0.5,1.0,0.3333333333333333,0.3333333333333333,issue_plus_inventory,5.24,3,1,Java,deepseek-coder:6.7b,1,1,2,trinodb/trino,0,Feature,trinodb__trino-3392,0.6666666666666666,0.5,1.0,1.0
0.6666666666666666,0.5,0.5,258,0.5,1.0,0.3333333333333333,0.3333333333333333,issue_plus_hints,2.755,3,1,Java,deepseek-coder:6.7b,1,1,2,trinodb/trino,0,Feature,trinodb__trino-3392,0.6666666666666666,0.5,1.0,1.0
0.0,0.0,0.0,258,0.0,0.0,0.0,0.0,issue_only,0.669,3,3,Java,deepseek-coder:6.7b,1,0,0,trinodb/trino,0,Feature,trinodb__trino-3638,0.0,0.0,0.0,0.0
0.3333333333333333,0.16666666666666666,0.16666666666666666,258,0.5,1.0,0.3333333333333333,0.3333333333333333,issue_plus_inventory,5.948,3,3,Java,deepseek-coder:6.7b,1,1,2,trinodb/trino,0,Feature,trinodb__trino-3638,0.0,0.0,0.0,0.0
0.5,0.3333333333333333,0.3333333333333333,258,0.4,0.5,0.3333333333333333,0.3333333333333333,issue_plus_hints,3.392,3,3,Java,deepseek-coder:6.7b,1,2,2,trinodb/trino,0,Feature,trinodb__trino-3638,0.4,0.5,0.3333333333333333,0.3333333333333333
0.0,0.0,0.0,258,0.0,0.0,0.0,0.0,issue_only,0.708,3,1,Java,deepseek-coder:6.7b,1,0,0,trinodb/trino,0,Feature,trinodb__trino-3771,0.0,0.0,0.0,0.0
0.0,0.0,0.0,258,0.0,0.0,0.0,0.0,issue_plus_inventory,5.445,3,1,Java,deepseek-coder:6.7b,1,1,1,trinodb/trino,0,Feature,trinodb__trino-3771,0.0,0.0,0.0,0.0
0.25,0.5,0.5,258,0.25,0.2,0.3333333333333333,0.3333333333333333,issue_plus_hints,6.06,3,1,Java,deepseek-coder:6.7b,1,5,3,trinodb/trino,0,Feature,trinodb__trino-3771,0.5,0.3333333333333333,1.0,1.0
0.0,0.0,0.5,258,0.0,0.0,0.0,0.0,issue_only,3.385,2,2,Java,deepseek-coder:6.7b,1,2,2,trinodb/trino,0,Feature,trinodb__trino-4458,0.0,0.0,0.0,0.0
1.0,0.5,0.5,258,0.6666666666666666,1.0,0.5,0.5,issue_plus_inventory,5.681,2,2,Java,deepseek-coder:6.7b,1,1,1,trinodb/trino,0,Feature,trinodb__trino-4458,0.6666666666666666,1.0,0.5,0.5
1.0,0.5,0.5,258,0.6666666666666666,1.0,0.5,0.5,issue_plus_hints,2.963,2,2,Java,deepseek-coder:6.7b,1,1,1,trinodb/trino,0,Feature,trinodb__trino-4458,0.6666666666666666,1.0,0.5,0.5
0.0,0.0,0.0,23,0.0,0.0,0.0,0.0,issue_only,3.138,2,2,Java,deepseek-coder:6.7b,1,3,3,google/guava,0,Feature,google__guava-3971,0.0,0.0,0.0,0.0
1.0,0.5,1.0,23,0.6666666666666666,1.0,0.5,0.5,issue_plus_inventory,2.662,2,2,Java,deepseek-coder:6.7b,1,1,1,google/guava,0,Feature,google__guava-3971,0.6666666666666666,1.0,0.5,0.5
1.0,0.5,1.0,23,0.6666666666666666,1.0,0.5,0.5,issue_plus_hints,2.292,2,2,Java,deepseek-coder:6.7b,1,1,1,google/guava,0,Feature,google__guava-3971,0.6666666666666666,1.0,0.5,0.5
0.0,0.0,0.0,258,0.0,0.0,0.0,0.0,issue_only,0.665,3,1,Java,deepseek-coder:6.7b,1,0,0,trinodb/trino,0,Feature,trinodb__trino-4600,0.0,0.0,0.0,0.0
0.0,0.0,0.0,258,0.0,0.0,0.0,0.0,issue_plus_inventory,3.87,3,1,Java,deepseek-coder:6.7b,1,1,0,trinodb/trino,0,Feature,trinodb__trino-4600,0.0,0.0,0.0,0.0
0.0,0.0,0.0,258,0.0,0.0,0.0,0.0,issue_plus_hints,1.353,3,1,Java,deepseek-coder:6.7b,1,1,0,trinodb/trino,0,Feature,trinodb__trino-4600,0.0,0.0,0.0,0.0
0.0,0.0,0.0,258,0.0,0.0,0.0,0.0,issue_only,2.386,3,3,Java,deepseek-coder:6.7b,1,1,2,trinodb/trino,0,Feature,trinodb__trino-5507,0.0,0.0,0.0,0.0
1.0,0.3333333333333333,0.3333333333333333,258,0.5,1.0,0.3333333333333333,0.3333333333333333,issue_plus_inventory,5.515,3,3,Java,deepseek-coder:6.7b,1,1,1,trinodb/trino,0,Feature,trinodb__trino-5507,0.5,1.0,0.3333333333333333,0.3333333333333333
1.0,0.3333333333333333,0.3333333333333333,258,0.5,1.0,0.3333333333333333,0.3333333333333333,issue_plus_hints,2.315,3,3,Java,deepseek-coder:6.7b,1,1,1,trinodb/trino,0,Feature,trinodb__trino-5507,0.5,1.0,0.3333333333333333,0.3333333333333333
0.0,0.0,0.0,258,0.0,0.0,0.0,0.0,issue_only,0.8,2,3,Java,deepseek-coder:6.7b,1,0,0,trinodb/trino,0,Feature,trinodb__trino-6074,0.0,0.0,0.0,0.0
1.0,1.0,1.0,258,1.0,1.0,1.0,1.0,issue_plus_inventory,7.182,2,3,Java,deepseek-coder:6.7b,1,2,3,trinodb/trino,0,Feature,trinodb__trino-6074,1.0,1.0,1.0,1.0
1.0,1.0,1.0,258,1.0,1.0,1.0,1.0,issue_plus_hints,4.632,2,3,Java,deepseek-coder:6.7b,1,2,3,trinodb/trino,0,Feature,trinodb__trino-6074,1.0,1.0,1.0,1.0
0.3333333333333333,0.14285714285714285,0.14285714285714285,80,0.33333333333333337,1.0,0.2,0.2,issue_only,2.374,5,2,Java,deepseek-coder:6.7b,1,1,2,google/gson,0,Feature,google__gson-1904,0.0,0.0,0.0,0.0
0.75,0.42857142857142855,0.42857142857142855,80,0.33333333333333337,1.0,0.2,0.2,issue_plus_inventory,5.073,5,2,Java,deepseek-coder:6.7b,1,1,3,google/gson,0,Feature,google__gson-1904,0.4,0.3333333333333333,0.5,0.5
0.75,0.42857142857142855,0.42857142857142855,80,0.33333333333333337,1.0,0.2,0.2,issue_plus_hints,2.979,5,2,Java,deepseek-coder:6.7b,1,1,3,google/gson,0,Feature,google__gson-1904,0.4,0.3333333333333333,0.5,0.5
0.0,0.0,0.25,132,0.0,0.0,0.0,0.0,issue_only,6.575,3,1,Java,deepseek-coder:6.7b,1,5,5,apache/dubbo,0,Feature,apache__dubbo-8032,0.0,0.0,0.0,0.0
0.1,0.25,0.5,132,0.25,0.2,0.3333333333333333,0.3333333333333333,issue_plus_inventory,11.649,3,1,Java,deepseek-coder:6.7b,1,5,5,apache/dubbo,0,Feature,apache__dubbo-8032,0.0,0.0,0.0,0.0
0.16666666666666666,0.25,0.25,132,0.28571428571428575,0.25,0.3333333333333333,0.3333333333333333,issue_plus_hints,5.756,3,1,Java,deepseek-coder:6.7b,1,4,2,apache/dubbo,0,Feature,apache__dubbo-8032,0.0,0.0,0.0,0.0
0.0,0.0,0.0,45,0.0,0.0,0.0,0.0,issue_only,0.763,11,5,Java,deepseek-coder:6.7b,1,0,0,apolloconfig/apollo,0,Feature,apolloconfig__apollo-4119,0.0,0.0,0.0,0.0
1.0,0.375,0.4375,45,0.42857142857142855,1.0,0.2727272727272727,0.2727272727272727,issue_plus_inventory,4.697,11,5,Java,deepseek-coder:6.7b,1,3,3,apolloconfig/apollo,0,Feature,apolloconfig__apollo-4119,0.7499999999999999,1.0,0.6,0.6
1.0,0.375,0.4375,45,0.42857142857142855,1.0,0.2727272727272727,0.2727272727272727,issue_plus_hints,3.368,11,5,Java,deepseek-coder:6.7b,1,3,3,apolloconfig/apollo,0,Feature,apolloconfig__apollo-4119,0.7499999999999999,1.0,0.6,0.6
0.0,0.0,0.0,45,0.0,0.0,0.0,0.0,issue_only,0.7,4,2,Java,deepseek-coder:6.7b,1,0,0,apolloconfig/apollo,0,Feature,apolloconfig__apollo-4199,0.0,0.0,0.0,0.0
1.0,0.5,0.5,45,0.4,1.0,0.25,0.25,issue_plus_inventory,4.264,4,2,Java,deepseek-coder:6.7b,1,1,2,apolloconfig/apollo,0,Feature,apolloconfig__apollo-4199,1.0,1.0,1.0,1.0
1.0,0.5,0.5,45,0.4,1.0,0.25,0.25,issue_plus_hints,2.693,4,2,Java,deepseek-coder:6.7b,1,1,2,apolloconfig/apollo,0,Feature,apolloconfig__apollo-4199,1.0,1.0,1.0,1.0
1.0,0.25,0.25,45,0.5,1.0,0.3333333333333333,0.3333333333333333,issue_only,1.89,3,1,Java,deepseek-coder:6.7b,1,1,0,apolloconfig/apollo,0,Feature,apolloconfig__apollo-4207,0.0,0.0,0.0,0.0
0.25,0.25,0.25,45,0.4,0.5,0.3333333333333333,0.3333333333333333,issue_plus_inventory,4.767,3,1,Java,deepseek-coder:6.7b,1,2,2,apolloconfig/apollo,0,Feature,apolloconfig__apollo-4207,0.0,0.0,0.0,0.0
0.5,0.5,0.5,45,0.4,0.5,0.3333333333333333,0.3333333333333333,issue_plus_hints,3.807,3,1,Java,deepseek-coder:6.7b,1,2,2,apolloconfig/apollo,0,Feature,apolloconfig__apollo-4207,0.6666666666666666,0.5,1.0,1.0
0.0,0.0,0.0,157,0.0,0.0,0.0,0.0,issue_only,4.155,1,1,Java,deepseek-coder:6.7b,1,0,0,apache/rocketmq,0,Feature,apache__rocketmq-3862,0.0,0.0,0.0,0.0
0.0,0.0,0.0,157,0.0,0.0,0.0,0.0,issue_plus_inventory,10.029,1,1,Java,deepseek-coder:6.7b,1,5,5,apache/rocketmq,0,Feature,apache__rocketmq-3862,0.0,0.0,0.0,0.0
0.0,0.0,0.0,157,0.0,0.0,0.0,0.0,issue_plus_hints,6.501,1,1,Java,deepseek-coder:6.7b,1,5,5,apache/rocketmq,0,Feature,apache__rocketmq-3862,0.0,0.0,0.0,0.0
0.0,0.0,0.0,157,0.0,0.0,0.0,0.0,issue_only,3.344,2,1,Java,deepseek-coder:6.7b,1,2,2,apache/rocketmq,0,Feature,apache__rocketmq-4122,0.0,0.0,0.0,0.0
0.2,0.6666666666666666,0.6666666666666666,157,0.28571428571428575,0.2,0.5,0.5,issue_plus_inventory,9.735,2,1,Java,deepseek-coder:6.7b,1,5,5,apache/rocketmq,0,Feature,apache__rocketmq-4122,0.33333333333333337,0.2,1.0,1.0
0.2,0.6666666666666666,0.6666666666666666,157,0.28571428571428575,0.2,0.5,0.5,issue_plus_hints,6.38,2,1,Java,deepseek-coder:6.7b,1,5,5,apache/rocketmq,0,Feature,apache__rocketmq-4122,0.33333333333333337,0.2,1.0,1.0
0.6666666666666666,1.0,1.0,80,1.0,1.0,1.0,1.0,issue_only,2.259,1,1,Java,deepseek-coder:6.7b,1,1,2,google/gson,0,Feature,google__gson-2130,0.6666666666666666,0.5,1.0,1.0
0.6666666666666666,1.0,1.0,80,1.0,1.0,1.0,1.0,issue_plus_inventory,4.784,1,1,Java,deepseek-coder:6.7b,1,1,2,google/gson,0,Feature,google__gson-2130,0.6666666666666666,0.5,1.0,1.0
0.0,0.0,1.0,80,0.0,0.0,0.0,0.0,issue_plus_hints,2.391,1,1,Java,deepseek-coder:6.7b,1,1,2,google/gson,0,Feature,google__gson-2130,0.0,0.0,0.0,0.0
0.0,0.0,0.0625,45,0.0,0.0,0.0,0.0,issue_only,3.412,15,1,Java,deepseek-coder:6.7b,1,2,1,apolloconfig/apollo,0,Feature,apolloconfig__apollo-4464,0.0,0.0,0.0,0.0
0.75,0.375,0.375,45,0.5,1.0,0.3333333333333333,0.3333333333333333,issue_plus_inventory,7.041,15,1,Java,deepseek-coder:6.7b,1,5,3,apolloconfig/apollo,0,Feature,apolloconfig__apollo-4464,0.5,0.3333333333333333,1.0,1.0
1.0,0.1875,0.1875,45,0.125,1.0,0.06666666666666667,0.06666666666666667,issue_plus_hints,2.508,15,1,Java,deepseek-coder:6.7b,1,1,2,apolloconfig/apollo,0,Feature,apolloconfig__apollo-4464,0.6666666666666666,0.5,1.0,1.0
0.0,0.0,0.0,157,0.0,0.0,0.0,0.0,issue_only,1.04,4,5,Java,deepseek-coder:6.7b,1,0,0,apache/rocketmq,0,Feature,apache__rocketmq-5062,0.0,0.0,0.0,0.0
0.2,0.2222222222222222,0.2222222222222222,157,0.22222222222222224,0.2,0.25,0.25,issue_plus_inventory,9.659,4,5,Java,deepseek-coder:6.7b,1,5,5,apache/rocketmq,0,Feature,apache__rocketmq-5062,0.20000000000000004,0.2,0.2,0.2
0.2,0.2222222222222222,0.2222222222222222,157,0.22222222222222224,0.2,0.25,0.25,issue_plus_hints,6.464,4,5,Java,deepseek-coder:6.7b,1,5,5,apache/rocketmq,0,Feature,apache__rocketmq-5062,0.20000000000000004,0.2,0.2,0.2
0.0,0.0,0.25,157,0.0,0.0,0.0,0.0,issue_only,3.605,3,1,Java,deepseek-coder:6.7b,1,4,2,apache/rocketmq,0,Feature,apache__rocketmq-5286,0.0,0.0,0.0,0.0
0.1,0.25,0.25,157,0.25,0.2,0.3333333333333333,0.3333333333333333,issue_plus_inventory,9.066,3,1,Java,deepseek-coder:6.7b,1,5,5,apache/rocketmq,0,Feature,apache__rocketmq-5286,0.0,0.0,0.0,0.0
0.1,0.25,0.25,157,0.25,0.2,0.3333333333333333,0.3333333333333333,issue_plus_hints,5.63,3,1,Java,deepseek-coder:6.7b,1,5,5,apache/rocketmq,0,Feature,apache__rocketmq-5286,0.0,0.0,0.0,0.0
0.0,0.0,0.0,132,0.0,0.0,0.0,0.0,issue_only,0.932,1,3,Java,deepseek-coder:6.7b,1,0,0,apache/dubbo,0,Feature,apache__dubbo-10846,0.0,0.0,0.0,0.0
0.0,0.0,0.0,132,0.0,0.0,0.0,0.0,issue_plus_inventory,6.784,1,3,Java,deepseek-coder:6.7b,1,1,2,apache/dubbo,0,Feature,apache__dubbo-10846,0.0,0.0,0.0,0.0
1.0,0.25,0.25,132,1.0,1.0,1.0,1.0,issue_plus_hints,1.871,1,3,Java,deepseek-coder:6.7b,1,1,0,apache/dubbo,0,Feature,apache__dubbo-10846,0.0,0.0,0.0,0.0
0.0,0.0,0.0,157,0.0,0.0,0.0,0.0,issue_only,4.263,3,2,Java,deepseek-coder:6.7b,1,2,2,apache/rocketmq,0,Feature,apache__rocketmq-5706,0.0,0.0,0.0,0.0
0.6666666666666666,0.4,0.4,157,0.5,1.0,0.3333333333333333,0.3333333333333333,issue_plus_inventory,6.078,3,2,Java,deepseek-coder:6.7b,1,1,2,apache/rocketmq,0,Feature,apache__rocketmq-5706,0.5,0.5,0.5,0.5
0.6666666666666666,0.4,0.4,157,0.5,1.0,0.3333333333333333,0.3333333333333333,issue_plus_hints,2.77,3,2,Java,deepseek-coder:6.7b,1,1,2,apache/rocketmq,0,Feature,apache__rocketmq-5706,0.5,0.5,0.5,0.5
0.0,0.0,0.0,132,0.0,0.0,0.0,0.0,issue_only,5.16,1,1,Java,deepseek-coder:6.7b,1,3,2,apache/dubbo,0,Feature,apache__dubbo-11255,0.0,0.0,0.0,0.0
0.3333333333333333,0.5,0.5,132,0.0,0.0,0.0,0.0,issue_plus_inventory,7.471,1,1,Java,deepseek-coder:6.7b,1,1,2,apache/dubbo,0,Feature,apache__dubbo-11255,0.6666666666666666,0.5,1.0,1.0
0.0,0.0,0.0,132,0.0,0.0,0.0,0.0,issue_plus_hints,3.373,1,1,Java,deepseek-coder:6.7b,1,1,2,apache/dubbo,0,Feature,apache__dubbo-11255,0.0,0.0,0.0,0.0
0.0,0.0,0.0,132,0.0,0.0,0.0,0.0,issue_only,7.285,8,2,Java,deepseek-coder:6.7b,1,5,5,apache/dubbo,0,Feature,apache__dubbo-11420,0.0,0.0,0.0,0.0
0.3,0.3,0.3,132,0.3076923076923077,0.4,0.25,0.25,issue_plus_inventory,11.413,8,2,Java,deepseek-coder:6.7b,1,5,5,apache/dubbo,0,Feature,apache__dubbo-11420,0.28571428571428575,0.2,0.5,0.5
0.3,0.3,0.3,132,0.3076923076923077,0.4,0.25,0.25,issue_plus_hints,7.344,8,2,Java,deepseek-coder:6.7b,1,5,5,apache/dubbo,0,Feature,apache__dubbo-11420,0.28571428571428575,0.2,0.5,0.5
0.16666666666666666,0.14285714285714285,0.14285714285714285,80,0.28571428571428575,0.3333333333333333,0.25,0.25,issue_only,3.435,4,3,Java,deepseek-coder:6.7b,1,3,3,google/gson,0,Feature,google__gson-2345,0.0,0.0,0.0,0.0
0.0,0.0,0.14285714285714285,80,0.0,0.0,0.0,0.0,issue_plus_inventory,4.519,4,3,Java,deepseek-coder:6.7b,1,1,3,google/gson,0,Feature,google__gson-2345,0.0,0.0,0.0,0.0
0.0,0.0,0.14285714285714285,80,0.0,0.0,0.0,0.0,issue_plus_hints,1.794,4,3,Java,deepseek-coder:6.7b,1,1,3,google/gson,0,Feature,google__gson-2345,0.0,0.0,0.0,0.0
0.0,0.0,0.0,157,0.0,0.0,0.0,0.0,issue_only,0.589,17,1,Java,deepseek-coder:6.7b,1,0,0,apache/rocketmq,0,Feature,apache__rocketmq-6522,0.0,0.0,0.0,0.0
0.1,0.05555555555555555,0.05555555555555555,157,0.0909090909090909,0.2,0.058823529411764705,0.058823529411764705,issue_plus_inventory,9.17,17,1,Java,deepseek-coder:6.7b,1,5,5,apache/rocketmq,0,Feature,apache__rocketmq-6522,0.0,0.0,0.0,0.0
0.1,0.05555555555555555,0.05555555555555555,157,0.0909090909090909,0.2,0.058823529411764705,0.058823529411764705,issue_plus_hints,5.889,17,1,Java,deepseek-coder:6.7b,1,5,5,apache/rocketmq,0,Feature,apache__rocketmq-6522,0.0,0.0,0.0,0.0
0.0,0.0,0.0,157,0.0,0.0,0.0,0.0,issue_only,0.546,9,4,Java,deepseek-coder:6.7b,1,0,0,apache/rocketmq,0,Feature,apache__rocketmq-6755,0.0,0.0,0.0,0.0
0.4444444444444444,0.3076923076923077,0.3076923076923077,157,0.2857142857142857,0.4,0.2222222222222222,0.2222222222222222,issue_plus_inventory,8.947,9,4,Java,deepseek-coder:6.7b,1,5,4,apache/rocketmq,0,Feature,apache__rocketmq-6755,0.5,0.5,0.5,0.5
0.4444444444444444,0.3076923076923077,0.3076923076923077,157,0.2857142857142857,0.4,0.2222222222222222,0.2222222222222222,issue_plus_hints,5.75,9,4,Java,deepseek-coder:6.7b,1,5,4,apache/rocketmq,0,Feature,apache__rocketmq-6755,0.5,0.5,0.5,0.5
0.0,0.0,0.0,80,0.0,0.0,0.0,0.0,issue_only,3.639,9,3,Java,deepseek-coder:6.7b,1,3,2,google/gson,0,Feature,google__gson-2420,0.0,0.0,0.0,0.0
0.25,0.08333333333333333,0.08333333333333333,80,0.0,0.0,0.0,0.0,issue_plus_inventory,5.087,9,3,Java,deepseek-coder:6.7b,1,1,3,google/gson,0,Feature,google__gson-2420,0.0,0.0,0.0,0.0
0.5,0.16666666666666666,0.16666666666666666,80,0.0,0.0,0.0,0.0,issue_plus_hints,2.498,9,3,Java,deepseek-coder:6.7b,1,1,3,google/gson,0,Feature,google__gson-2420,0.3333333333333333,0.3333333333333333,0.3333333333333333,0.3333333333333333
0.0,0.0,0.0,80,0.0,0.0,0.0,0.0,issue_only,1.857,2,2,Java,deepseek-coder:6.7b,1,1,0,google/gson,0,Feature,google__gson-2479,0.0,0.0,0.0,0.0
0.4,0.5,0.5,80,0.6666666666666666,1.0,0.5,0.5,issue_plus_inventory,5.109,2,2,Java,deepseek-coder:6.7b,1,1,4,google/gson,0,Feature,google__gson-2479,0.3333333333333333,0.25,0.5,0.5
1.0,0.25,0.25,80,0.6666666666666666,1.0,0.5,0.5,issue_plus_hints,1.882,2,2,Java,deepseek-coder:6.7b,1,1,0,google/gson,0,Feature,google__gson-2479,0.0,0.0,0.0,0.0
0.0,0.0,0.0,80,0.0,0.0,0.0,0.0,issue_only,3.375,3,5,Java,deepseek-coder:6.7b,1,3,2,google/gson,0,Feature,google__gson-2498,0.0,0.0,0.0,0.0
0.0,0.0,0.0,80,0.0,0.0,0.0,0.0,issue_plus_inventory,4.959,3,5,Java,deepseek-coder:6.7b,1,1,4,google/gson,0,Feature,google__gson-2498,0.0,0.0,0.0,0.0
0.0,0.0,0.0,80,0.0,0.0,0.0,0.0,issue_plus_hints,2.851,3,5,Java,deepseek-coder:6.7b,1,1,3,google/gson,0,Feature,google__gson-2498,0.0,0.0,0.0,0.0
0.0,0.0,0.0,157,0.0,0.0,0.0,0.0,issue_only,0.702,2,1,Java,deepseek-coder:6.7b,1,0,0,apache/rocketmq,0,Feature,apache__rocketmq-7455,0.0,0.0,0.0,0.0
0.0,0.0,0.0,157,0.0,0.0,0.0,0.0,issue_plus_inventory,5.843,2,1,Java,deepseek-coder:6.7b,1,3,3,apache/rocketmq,0,Feature,apache__rocketmq-7455,0.0,0.0,0.0,0.0
0.0,0.0,0.0,157,0.0,0.0,0.0,0.0,issue_plus_hints,2.614,2,1,Java,deepseek-coder:6.7b,1,3,2,apache/rocketmq,0,Feature,apache__rocketmq-7455,0.0,0.0,0.0,0.0
0.0,0.0,0.0,157,0.0,0.0,0.0,0.0,issue_only,6.507,14,1,Java,deepseek-coder:6.7b,1,5,5,apache/rocketmq,0,Feature,apache__rocketmq-7544,0.0,0.0,0.0,0.0
0.16666666666666666,0.06666666666666667,0.06666666666666667,157,0.11764705882352941,0.3333333333333333,0.07142857142857142,0.07142857142857142,issue_plus_inventory,7.818,14,1,Java,deepseek-coder:6.7b,1,3,3,apache/rocketmq,0,Feature,apache__rocketmq-7544,0.0,0.0,0.0,0.0
0.2,0.06666666666666667,0.06666666666666667,157,0.10526315789473682,0.2,0.07142857142857142,0.07142857142857142,issue_plus_hints,5.282,14,1,Java,deepseek-coder:6.7b,1,5,3,apache/rocketmq,0,Feature,apache__rocketmq-7544,0.0,0.0,0.0,0.0
0.0,0.0,0.0,157,0.0,0.0,0.0,0.0,issue_only,5.758,1,1,Java,deepseek-coder:6.7b,1,5,5,apache/rocketmq,0,Feature,apache__rocketmq-7655,0.0,0.0,0.0,0.0
0.0,0.0,0.0,157,0.0,0.0,0.0,0.0,issue_plus_inventory,7.794,1,1,Java,deepseek-coder:6.7b,1,3,3,apache/rocketmq,0,Feature,apache__rocketmq-7655,0.0,0.0,0.0,0.0
0.0,0.0,0.0,157,0.0,0.0,0.0,0.0,issue_plus_hints,5.312,1,1,Java,deepseek-coder:6.7b,1,5,3,apache/rocketmq,0,Feature,apache__rocketmq-7655,0.0,0.0,0.0,0.0
0.0,0.0,0.0,132,0.0,0.0,0.0,0.0,issue_only,2.619,2,2,Java,deepseek-coder:6.7b,1,1,2,apache/dubbo,0,Feature,apache__dubbo-13869,0.0,0.0,0.0,0.0
0.0,0.0,0.0,132,0.0,0.0,0.0,0.0,issue_plus_inventory,5.645,2,2,Java,deepseek-coder:6.7b,1,1,0,apache/dubbo,0,Feature,apache__dubbo-13869,0.0,0.0,0.0,0.0
0.5,0.25,0.25,132,0.5,0.5,0.5,0.5,issue_plus_hints,4.622,2,2,Java,deepseek-coder:6.7b,1,2,2,apache/dubbo,0,Feature,apache__dubbo-13869,0.0,0.0,0.0,0.0
0.0,0.0,0.0,157,0.0,0.0,0.0,0.0,issue_only,2.981,1,1,Java,deepseek-coder:6.7b,1,1,2,apache/rocketmq,0,Feature,apache__rocketmq-7964,0.0,0.0,0.0,0.0
0.2222222222222222,1.0,1.0,157,0.33333333333333337,0.2,1.0,1.0,issue_plus_inventory,9.128,1,1,Java,deepseek-coder:6.7b,1,5,5,apache/rocketmq,0,Feature,apache__rocketmq-7964,0.33333333333333337,0.2,1.0,1.0
0.125,0.5,0.5,157,0.33333333333333337,0.2,1.0,1.0,issue_plus_hints,5.55,1,1,Java,deepseek-coder:6.7b,1,5,4,apache/rocketmq,0,Feature,apache__rocketmq-7964,0.0,0.0,0.0,0.0
1.0,0.3333333333333333,0.3333333333333333,80,1.0,1.0,1.0,1.0,issue_only,2.647,1,2,Java,deepseek-coder:6.7b,1,1,0,google/gson,0,Feature,google__gson-2701,0.0,0.0,0.0,0.0
0.0,0.0,0.0,80,0.0,0.0,0.0,0.0,issue_plus_inventory,4.141,1,2,Java,deepseek-coder:6.7b,1,1,0,google/gson,0,Feature,google__gson-2701,0.0,0.0,0.0,0.0
0.0,0.0,0.0,80,0.0,0.0,0.0,0.0,issue_plus_hints,1.506,1,2,Java,deepseek-coder:6.7b,1,1,0,google/gson,0,Feature,google__gson-2701,0.0,0.0,0.0,0.0
0.0,0.0,0.0,76,0.0,0.0,0.0,0.0,issue_only,1.248,1,1,JavaScript,deepseek-coder:6.7b,1,0,0,serverless/serverless,0,Feature,serverless__serverless-2624,0.0,0.0,0.0,0.0
0.3333333333333333,1.0,1.0,76,0.5,0.3333333333333333,1.0,1.0,issue_plus_inventory,3.567,1,1,JavaScript,deepseek-coder:6.7b,1,3,3,serverless/serverless,0,Feature,serverless__serverless-2624,0.5,0.3333333333333333,1.0,1.0
0.2,1.0,1.0,76,0.33333333333333337,0.2,1.0,1.0,issue_plus_hints,2.643,1,1,JavaScript,deepseek-coder:6.7b,1,5,5,serverless/serverless,0,Feature,serverless__serverless-2624,0.33333333333333337,0.2,1.0,1.0
0.0,0.0,0.6666666666666666,76,0.0,0.0,0.0,0.0,issue_only,3.125,2,1,JavaScript,deepseek-coder:6.7b,1,3,3,serverless/serverless,0,Feature,serverless__serverless-2748,0.0,0.0,0.0,0.0
0.1,0.3333333333333333,0.6666666666666666,76,0.28571428571428575,0.2,0.5,0.5,issue_plus_inventory,5.512,2,1,JavaScript,deepseek-coder:6.7b,1,5,5,serverless/serverless,0,Feature,serverless__serverless-2748,0.0,0.0,0.0,0.0
0.0,0.0,0.6666666666666666,76,0.0,0.0,0.0,0.0,issue_plus_hints,2.398,2,1,JavaScript,deepseek-coder:6.7b,1,3,2,serverless/serverless,0,Feature,serverless__serverless-2748,0.0,0.0,0.0,0.0
0.0,0.0,0.0,76,0.0,0.0,0.0,0.0,issue_only,1.272,2,1,JavaScript,deepseek-coder:6.7b,1,1,0,serverless/serverless,0,Feature,serverless__serverless-2910,0.0,0.0,0.0,0.0
0.25,0.3333333333333333,0.6666666666666666,76,0.6666666666666666,1.0,0.5,0.5,issue_plus_inventory,3.893,2,1,JavaScript,deepseek-coder:6.7b,1,1,3,serverless/serverless,0,Feature,serverless__serverless-2910,0.0,0.0,0.0,0.0
0.25,0.3333333333333333,0.6666666666666666,76,0.6666666666666666,1.0,0.5,0.5,issue_plus_hints,2.003,2,1,JavaScript,deepseek-coder:6.7b,1,1,3,serverless/serverless,0,Feature,serverless__serverless-2910,0.0,0.0,0.0,0.0
0.0,0.0,0.0,76,0.0,0.0,0.0,0.0,issue_only,1.608,2,1,JavaScript,deepseek-coder:6.7b,1,1,0,serverless/serverless,0,Feature,serverless__serverless-3217,0.0,0.0,0.0,0.0
0.2,0.6666666666666666,0.6666666666666666,76,0.28571428571428575,0.2,0.5,0.5,issue_plus_inventory,4.958,2,1,JavaScript,deepseek-coder:6.7b,1,5,5,serverless/serverless,0,Feature,serverless__serverless-3217,0.33333333333333337,0.2,1.0,1.0
0.2222222222222222,0.6666666666666666,0.6666666666666666,76,0.28571428571428575,0.2,0.5,0.5,issue_plus_hints,3.798,2,1,JavaScript,deepseek-coder:6.7b,1,5,4,serverless/serverless,0,Feature,serverless__serverless-3217,0.4,0.25,1.0,1.0
0.0,0.0,0.0,335,0.0,0.0,0.0,0.0,issue_only,2.353,5,3,JavaScript,deepseek-coder:6.7b,1,4,2,prettier/prettier,0,Feature,prettier__prettier-661,0.0,0.0,0.0,0.0
0.0,0.0,0.0,335,0.0,0.0,0.0,0.0,issue_plus_inventory,2.642,5,3,JavaScript,deepseek-coder:6.7b,1,1,0,prettier/prettier,0,Feature,prettier__prettier-661,0.0,0.0,0.0,0.0
0.0,0.0,0.0,335,0.0,0.0,0.0,0.0,issue_plus_hints,1.454,5,3,JavaScript,deepseek-coder:6.7b,1,1,0,prettier/prettier,0,Feature,prettier__prettier-661,0.0,0.0,0.0,0.0
0.0,0.0,0.0,335,0.0,0.0,0.0,0.0,issue_only,2.545,1,3,JavaScript,deepseek-coder:6.7b,1,1,1,prettier/prettier,0,Feature,prettier__prettier-842,0.0,0.0,0.0,0.0
0.5,0.25,0.25,335,0.0,0.0,0.0,0.0,issue_plus_inventory,3.205,1,3,JavaScript,deepseek-coder:6.7b,1,1,1,prettier/prettier,0,Feature,prettier__prettier-842,0.5,1.0,0.3333333333333333,0.3333333333333333
0.5,0.25,0.25,335,0.0,0.0,0.0,0.0,issue_plus_hints,2.051,1,3,JavaScript,deepseek-coder:6.7b,1,1,1,prettier/prettier,0,Feature,prettier__prettier-842,0.5,1.0,0.3333333333333333,0.3333333333333333
0.0,0.0,0.0,76,0.0,0.0,0.0,0.0,issue_only,0.699,3,1,JavaScript,deepseek-coder:6.7b,1,0,0,serverless/serverless,0,Feature,serverless__serverless-3548,0.0,0.0,0.0,0.0
0.3333333333333333,0.5,0.5,76,0.3333333333333333,0.3333333333333333,0.3333333333333333,0.3333333333333333,issue_plus_inventory,4.258,3,1,JavaScript,deepseek-coder:6.7b,1,3,3,serverless/serverless,0,Feature,serverless__serverless-3548,0.5,0.3333333333333333,1.0,1.0
0.2,0.5,0.5,76,0.25,0.2,0.3333333333333333,0.3333333333333333,issue_plus_hints,3.878,3,1,JavaScript,deepseek-coder:6.7b,1,5,5,serverless/serverless,0,Feature,serverless__serverless-3548,0.33333333333333337,0.2,1.0,1.0
0.0,0.0,0.25,76,0.0,0.0,0.0,0.0,issue_only,2.9,3,1,JavaScript,deepseek-coder:6.7b,1,2,2,serverless/serverless,0,Feature,serverless__serverless-3609,0.0,0.0,0.0,0.0
0.0,0.0,0.5,76,0.0,0.0,0.0,0.0,issue_plus_inventory,4.373,3,1,JavaScript,deepseek-coder:6.7b,1,3,3,serverless/serverless,0,Feature,serverless__serverless-3609,0.0,0.0,0.0,0.0
0.0,0.0,0.5,76,0.0,0.0,0.0,0.0,issue_plus_hints,3.363,3,1,JavaScript,deepseek-coder:6.7b,1,3,3,serverless/serverless,0,Feature,serverless__serverless-3609,0.0,0.0,0.0,0.0
0.0,0.0,0.0,76,0.0,0.0,0.0,0.0,issue_only,1.595,2,1,JavaScript,deepseek-coder:6.7b,1,1,0,serverless/serverless,0,Feature,serverless__serverless-3642,0.0,0.0,0.0,0.0
0.1111111111111111,0.3333333333333333,0.3333333333333333,76,0.28571428571428575,0.2,0.5,0.5,issue_plus_inventory,4.52,2,1,JavaScript,deepseek-coder:6.7b,1,5,4,serverless/serverless,0,Feature,serverless__serverless-3642,0.0,0.0,0.0,0.0
0.1111111111111111,0.3333333333333333,0.3333333333333333,76,0.28571428571428575,0.2,0.5,0.5,issue_plus_hints,2.991,2,1,JavaScript,deepseek-coder:6.7b,1,5,4,serverless/serverless,0,Feature,serverless__serverless-3642,0.0,0.0,0.0,0.0
0.0,0.0,0.0,76,0.0,0.0,0.0,0.0,issue_only,1.556,4,2,JavaScript,deepseek-coder:6.7b,1,1,0,serverless/serverless,0,Feature,serverless__serverless-4097,0.0,0.0,0.0,0.0
0.0,0.0,0.0,76,0.0,0.0,0.0,0.0,issue_plus_inventory,4.346,4,2,JavaScript,deepseek-coder:6.7b,1,4,3,serverless/serverless,0,Feature,serverless__serverless-4097,0.0,0.0,0.0,0.0
0.0,0.0,0.0,76,0.0,0.0,0.0,0.0,issue_plus_hints,2.623,4,2,JavaScript,deepseek-coder:6.7b,1,4,3,serverless/serverless,0,Feature,serverless__serverless-4097,0.0,0.0,0.0,0.0
0.0,0.0,0.1111111111111111,334,0.0,0.0,0.0,0.0,issue_only,2.727,4,5,JavaScript,deepseek-coder:6.7b,1,5,5,sveltejs/svelte,0,Feature,sveltejs__svelte-778,0.0,0.0,0.0,0.0
0.0,0.0,0.2222222222222222,334,0.0,0.0,0.0,0.0,issue_plus_inventory,5.366,4,5,JavaScript,deepseek-coder:6.7b,1,4,4,sveltejs/svelte,0,Feature,sveltejs__svelte-778,0.0,0.0,0.0,0.0
0.0,0.0,0.3333333333333333,334,0.0,0.0,0.0,0.0,issue_plus_hints,4.013,4,5,JavaScript,deepseek-coder:6.7b,1,5,5,sveltejs/svelte,0,Feature,sveltejs__svelte-778,0.0,0.0,0.0,0.0
0.0,0.0,0.0,334,0.0,0.0,0.0,0.0,issue_only,2.94,1,24,JavaScript,deepseek-coder:6.7b,1,5,5,sveltejs/svelte,0,Feature,sveltejs__svelte-785,0.0,0.0,0.0,0.0
0.0,0.0,0.0,334,0.0,0.0,0.0,0.0,issue_plus_inventory,4.538,1,24,JavaScript,deepseek-coder:6.7b,1,1,3,sveltejs/svelte,0,Feature,sveltejs__svelte-785,0.0,0.0,0.0,0.0
0.0,0.0,0.0,334,0.0,0.0,0.0,0.0,issue_plus_hints,2.392,1,24,JavaScript,deepseek-coder:6.7b,1,1,3,sveltejs/svelte,0,Feature,sveltejs__svelte-785,0.0,0.0,0.0,0.0
0.0,0.0,0.13333333333333333,335,0.0,0.0,0.0,0.0,issue_only,2.257,8,7,JavaScript,deepseek-coder:6.7b,1,3,3,prettier/prettier,0,Feature,prettier__prettier-3775,0.0,0.0,0.0,0.0
0.3333333333333333,0.2,0.26666666666666666,335,0.3076923076923077,0.4,0.25,0.25,issue_plus_inventory,3.962,8,7,JavaScript,deepseek-coder:6.7b,1,5,4,prettier/prettier,0,Feature,prettier__prettier-3775,0.18181818181818182,0.25,0.14285714285714285,0.14285714285714285
1.0,0.06666666666666667,0.06666666666666667,335,0.2222222222222222,1.0,0.125,0.125,issue_plus_hints,1.706,8,7,JavaScript,deepseek-coder:6.7b,1,1,0,prettier/prettier,0,Feature,prettier__prettier-3775,0.0,0.0,0.0,0.0
0.0,0.0,0.0,334,0.0,0.0,0.0,0.0,issue_only,2.186,4,7,JavaScript,deepseek-coder:6.7b,1,3,2,sveltejs/svelte,0,Feature,sveltejs__svelte-1148,0.0,0.0,0.0,0.0
0.4,0.36363636363636365,0.45454545454545453,334,0.4444444444444445,0.4,0.5,0.5,issue_plus_inventory,5.267,4,7,JavaScript,deepseek-coder:6.7b,1,5,5,sveltejs/svelte,0,Feature,sveltejs__svelte-1148,0.3333333333333333,0.4,0.2857142857142857,0.2857142857142857
1.0,0.09090909090909091,0.09090909090909091,334,0.4,1.0,0.25,0.25,issue_plus_hints,2.009,4,7,JavaScript,deepseek-coder:6.7b,1,1,0,sveltejs/svelte,0,Feature,sveltejs__svelte-1148,0.0,0.0,0.0,0.0
0.0,0.0,0.0,335,0.0,0.0,0.0,0.0,issue_only,3.965,2,101,JavaScript,deepseek-coder:6.7b,1,4,3,prettier/prettier,0,Feature,prettier__prettier-3903,0.0,0.0,0.0,0.0
0.0,0.0,0.0,335,0.0,0.0,0.0,0.0,issue_plus_inventory,3.083,2,101,JavaScript,deepseek-coder:6.7b,1,1,0,prettier/prettier,0,Feature,prettier__prettier-3903,0.0,0.0,0.0,0.0
0.0,0.0,0.0,335,0.0,0.0,0.0,0.0,issue_plus_hints,1.439,2,101,JavaScript,deepseek-coder:6.7b,1,1,0,prettier/prettier,0,Feature,prettier__prettier-3903,0.0,0.0,0.0,0.0
0.0,0.0,0.0,335,0.0,0.0,0.0,0.0,issue_only,0.501,1,2,JavaScript,deepseek-coder:6.7b,1,0,0,prettier/prettier,0,Feature,prettier__prettier-4667,0.0,0.0,0.0,0.0
0.2,0.3333333333333333,0.3333333333333333,335,0.5,0.3333333333333333,1.0,1.0,issue_plus_inventory,4.905,1,2,JavaScript,deepseek-coder:6.7b,1,3,2,prettier/prettier,0,Feature,prettier__prettier-4667,0.0,0.0,0.0,0.0
0.25,0.3333333333333333,0.3333333333333333,335,0.5,0.3333333333333333,1.0,1.0,issue_plus_hints,2.837,1,2,JavaScript,deepseek-coder:6.7b,1,3,3,prettier/prettier,0,Feature,prettier__prettier-4667,0.0,0.0,0.0,0.0
0.0,0.0,0.0,77,0.0,0.0,0.0,0.0,issue_only,0.902,4,1,JavaScript,deepseek-coder:6.7b,1,0,0,mrdoob/three.js,0,Feature,mrdoob__three.js-14566,0.0,0.0,0.0,0.0
0.2222222222222222,0.4,0.4,77,0.22222222222222224,0.2,0.25,0.25,issue_plus_inventory,3.946,4,1,JavaScript,deepseek-coder:6.7b,1,5,4,mrdoob/three.js,0,Feature,mrdoob__three.js-14566,0.4,0.25,1.0,1.0
0.2222222222222222,0.4,0.4,77,0.22222222222222224,0.2,0.25,0.25,issue_plus_hints,2.575,4,1,JavaScript,deepseek-coder:6.7b,1,5,4,mrdoob/three.js,0,Feature,mrdoob__three.js-14566,0.4,0.25,1.0,1.0
0.0,0.0,0.0,334,0.0,0.0,0.0,0.0,issue_only,0.764,2,20,JavaScript,deepseek-coder:6.7b,1,0,0,sveltejs/svelte,0,Feature,sveltejs__svelte-1811,0.0,0.0,0.0,0.0
0.14285714285714285,0.045454545454545456,0.7272727272727273,334,0.0,0.0,0.0,0.0,issue_plus_inventory,4.889,2,20,JavaScript,deepseek-coder:6.7b,1,4,3,sveltejs/svelte,0,Feature,sveltejs__svelte-1811,0.08695652173913045,0.3333333333333333,0.05,0.05
0.1,0.045454545454545456,0.7272727272727273,334,0.0,0.0,0.0,0.0,issue_plus_hints,3.949,2,20,JavaScript,deepseek-coder:6.7b,1,5,5,sveltejs/svelte,0,Feature,sveltejs__svelte-1811,0.08000000000000002,0.2,0.05,0.05
1.0,0.2,0.2,76,0.4,1.0,0.25,0.25,issue_only,1.875,4,1,JavaScript,deepseek-coder:6.7b,1,1,0,serverless/serverless,0,Feature,serverless__serverless-5509,0.0,0.0,0.0,0.0
1.0,0.4,0.4,76,0.4,1.0,0.25,0.25,issue_plus_inventory,3.33,4,1,JavaScript,deepseek-coder:6.7b,1,1,1,serverless/serverless,0,Feature,serverless__serverless-5509,1.0,1.0,1.0,1.0
1.0,0.4,0.4,76,0.4,1.0,0.25,0.25,issue_plus_hints,1.537,4,1,JavaScript,deepseek-coder:6.7b,1,1,1,serverless/serverless,0,Feature,serverless__serverless-5509,1.0,1.0,1.0,1.0
0.0,0.0,0.0,76,0.0,0.0,0.0,0.0,issue_only,0.969,3,2,JavaScript,deepseek-coder:6.7b,1,0,0,serverless/serverless,0,Feature,serverless__serverless-5579,0.0,0.0,0.0,0.0
0.1,0.2,0.2,76,0.0,0.0,0.0,0.0,issue_plus_inventory,5.042,3,2,JavaScript,deepseek-coder:6.7b,1,5,5,serverless/serverless,0,Feature,serverless__serverless-5579,0.28571428571428575,0.2,0.5,0.5
0.1,0.2,0.2,76,0.0,0.0,0.0,0.0,issue_plus_hints,3.186,3,2,JavaScript,deepseek-coder:6.7b,1,5,5,serverless/serverless,0,Feature,serverless__serverless-5579,0.28571428571428575,0.2,0.5,0.5
0.0,0.0,0.0,334,0.0,0.0,0.0,0.0,issue_only,2.685,4,15,JavaScript,deepseek-coder:6.7b,1,3,3,sveltejs/svelte,0,Feature,sveltejs__svelte-2187,0.0,0.0,0.0,0.0
0.2857142857142857,0.10526315789473684,0.47368421052631576,334,0.0,0.0,0.0,0.0,issue_plus_inventory,4.659,4,15,JavaScript,deepseek-coder:6.7b,1,4,3,sveltejs/svelte,0,Feature,sveltejs__svelte-2187,0.2222222222222222,0.6666666666666666,0.13333333333333333,0.13333333333333333
0.4,0.21052631578947367,0.7368421052631579,334,0.0,0.0,0.0,0.0,issue_plus_hints,3.728,4,15,JavaScript,deepseek-coder:6.7b,1,5,5,sveltejs/svelte,0,Feature,sveltejs__svelte-2187,0.3,0.6,0.2,0.2
0.0,0.0,0.0,76,0.0,0.0,0.0,0.0,issue_only,0.861,5,4,JavaScript,deepseek-coder:6.7b,1,0,0,serverless/serverless,0,Feature,serverless__serverless-5982,0.0,0.0,0.0,0.0
0.0,0.0,0.0,76,0.0,0.0,0.0,0.0,issue_plus_inventory,4.743,5,4,JavaScript,deepseek-coder:6.7b,1,3,3,serverless/serverless,0,Feature,serverless__serverless-5982,0.0,0.0,0.0,0.0
0.4444444444444444,0.4444444444444444,0.4444444444444444,76,0.4000000000000001,0.4,0.4,0.4,issue_plus_hints,4.252,5,4,JavaScript,deepseek-coder:6.7b,1,5,4,serverless/serverless,0,Feature,serverless__serverless-5982,0.5,0.5,0.5,0.5
0.0,0.0,0.0,76,0.0,0.0,0.0,0.0,issue_only,0.763,3,1,JavaScript,deepseek-coder:6.7b,1,0,0,serverless/serverless,0,Feature,serverless__serverless-6051,0.0,0.0,0.0,0.0
0.0,0.0,0.25,76,0.0,0.0,0.0,0.0,issue_plus_inventory,4.908,3,1,JavaScript,deepseek-coder:6.7b,1,3,3,serverless/serverless,0,Feature,serverless__serverless-6051,0.0,0.0,0.0,0.0
0.0,0.0,0.25,76,0.0,0.0,0.0,0.0,issue_plus_hints,3.434,3,1,JavaScript,deepseek-coder:6.7b,1,2,3,serverless/serverless,0,Feature,serverless__serverless-6051,0.0,0.0,0.0,0.0
0.0,0.0,0.0,76,0.0,0.0,0.0,0.0,issue_only,0.732,3,1,JavaScript,deepseek-coder:6.7b,1,0,0,serverless/serverless,0,Feature,serverless__serverless-6063,0.0,0.0,0.0,0.0
0.4,0.5,0.5,76,0.3333333333333333,0.3333333333333333,0.3333333333333333,0.3333333333333333,issue_plus_inventory,4.573,3,1,JavaScript,deepseek-coder:6.7b,1,3,2,serverless/serverless,0,Feature,serverless__serverless-6063,0.6666666666666666,0.5,1.0,1.0
0.4,0.5,0.5,76,0.3333333333333333,0.3333333333333333,0.3333333333333333,0.3333333333333333,issue_plus_hints,3.583,3,1,JavaScript,deepseek-coder:6.7b,1,3,2,serverless/serverless,0,Feature,serverless__serverless-6063,0.6666666666666666,0.5,1.0,1.0
0.0,0.0,0.0,76,0.0,0.0,0.0,0.0,issue_only,0.984,2,1,JavaScript,deepseek-coder:6.7b,1,0,0,serverless/serverless,0,Feature,serverless__serverless-6345,0.0,0.0,0.0,0.0
0.0,0.0,0.0,76,0.0,0.0,0.0,0.0,issue_plus_inventory,4.799,2,1,JavaScript,deepseek-coder:6.7b,1,5,5,serverless/serverless,0,Feature,serverless__serverless-6345,0.0,0.0,0.0,0.0
0.0,0.0,0.0,76,0.0,0.0,0.0,0.0,issue_plus_hints,2.891,2,1,JavaScript,deepseek-coder:6.7b,1,5,5,serverless/serverless,0,Feature,serverless__serverless-6345,0.0,0.0,0.0,0.0
0.125,0.05555555555555555,0.2222222222222222,77,0.09523809523809523,0.25,0.058823529411764705,0.058823529411764705,issue_only,3.324,17,1,JavaScript,deepseek-coder:6.7b,1,4,4,mrdoob/three.js,0,Feature,mrdoob__three.js-17649,0.0,0.0,0.0,0.0
0.6666666666666666,0.1111111111111111,0.16666666666666666,77,0.2,0.6666666666666666,0.11764705882352941,0.11764705882352941,issue_plus_inventory,3.19,17,1,JavaScript,deepseek-coder:6.7b,1,3,0,mrdoob/three.js,0,Feature,mrdoob__three.js-17649,0.0,0.0,0.0,0.0
0.4,0.1111111111111111,0.16666666666666666,77,0.2,0.6666666666666666,0.11764705882352941,0.11764705882352941,issue_plus_hints,2.2,17,1,JavaScript,deepseek-coder:6.7b,1,3,2,mrdoob/three.js,0,Feature,mrdoob__three.js-17649,0.0,0.0,0.0,0.0
0.0,0.0,0.0,76,0.0,0.0,0.0,0.0,issue_only,0.583,3,1,JavaScript,deepseek-coder:6.7b,1,0,0,serverless/serverless,0,Feature,serverless__serverless-6945,0.0,0.0,0.0,0.0
0.2,0.5,0.5,76,0.25,0.2,0.3333333333333333,0.3333333333333333,issue_plus_inventory,4.526,3,1,JavaScript,deepseek-coder:6.7b,1,5,5,serverless/serverless,0,Feature,serverless__serverless-6945,0.33333333333333337,0.2,1.0,1.0
0.2,0.5,0.5,76,0.25,0.2,0.3333333333333333,0.3333333333333333,issue_plus_hints,2.938,3,1,JavaScript,deepseek-coder:6.7b,1,5,5,serverless/serverless,0,Feature,serverless__serverless-6945,0.33333333333333337,0.2,1.0,1.0
0.0,0.0,0.0,76,0.0,0.0,0.0,0.0,issue_only,0.765,2,1,JavaScript,deepseek-coder:6.7b,1,0,0,serverless/serverless,0,Feature,serverless__serverless-7024,0.0,0.0,0.0,0.0
0.0,0.0,0.6666666666666666,76,0.0,0.0,0.0,0.0,issue_plus_inventory,4.413,2,1,JavaScript,deepseek-coder:6.7b,1,4,3,serverless/serverless,0,Feature,serverless__serverless-7024,0.0,0.0,0.0,0.0
0.0,0.0,0.0,76,0.0,0.0,0.0,0.0,issue_plus_hints,2.57,2,1,JavaScript,deepseek-coder:6.7b,1,4,3,serverless/serverless,0,Feature,serverless__serverless-7024,0.0,0.0,0.0,0.0
0.0,0.0,0.0,76,0.0,0.0,0.0,0.0,issue_only,2.056,1,1,JavaScript,deepseek-coder:6.7b,1,1,0,serverless/serverless,0,Feature,serverless__serverless-7031,0.0,0.0,0.0,0.0
0.2,1.0,1.0,76,0.33333333333333337,0.2,1.0,1.0,issue_plus_inventory,4.966,1,1,JavaScript,deepseek-coder:6.7b,1,5,5,serverless/serverless,0,Feature,serverless__serverless-7031,0.33333333333333337,0.2,1.0,1.0
0.2,1.0,1.0,76,0.33333333333333337,0.2,1.0,1.0,issue_plus_hints,3.413,1,1,JavaScript,deepseek-coder:6.7b,1,5,5,serverless/serverless,0,Feature,serverless__serverless-7031,0.33333333333333337,0.2,1.0,1.0
0.0,0.0,0.0,76,0.0,0.0,0.0,0.0,issue_only,0.899,3,1,JavaScript,deepseek-coder:6.7b,1,0,0,serverless/serverless,0,Feature,serverless__serverless-7623,0.0,0.0,0.0,0.0
0.3333333333333333,0.5,0.5,76,0.3333333333333333,0.3333333333333333,0.3333333333333333,0.3333333333333333,issue_plus_inventory,4.891,3,1,JavaScript,deepseek-coder:6.7b,1,3,3,serverless/serverless,0,Feature,serverless__serverless-7623,0.5,0.3333333333333333,1.0,1.0
0.4,0.5,0.5,76,0.3333333333333333,0.3333333333333333,0.3333333333333333,0.3333333333333333,issue_plus_hints,3.084,3,1,JavaScript,deepseek-coder:6.7b,1,3,2,serverless/serverless,0,Feature,serverless__serverless-7623,0.6666666666666666,0.5,1.0,1.0
0.0,0.0,0.0,335,0.0,0.0,0.0,0.0,issue_only,2.904,11,9,JavaScript,deepseek-coder:6.7b,1,3,3,prettier/prettier,0,Feature,prettier__prettier-8381,0.0,0.0,0.0,0.0
1.0,0.1,0.1,335,0.16666666666666669,1.0,0.09090909090909091,0.09090909090909091,issue_plus_inventory,2.8,11,9,JavaScript,deepseek-coder:6.7b,1,1,1,prettier/prettier,0,Feature,prettier__prettier-8381,0.19999999999999998,1.0,0.1111111111111111,0.1111111111111111
1.0,0.1,0.1,335,0.16666666666666669,1.0,0.09090909090909091,0.09090909090909091,issue_plus_hints,1.261,11,9,JavaScript,deepseek-coder:6.7b,1,1,1,prettier/prettier,0,Feature,prettier__prettier-8381,0.19999999999999998,1.0,0.1111111111111111,0.1111111111111111
0.0,0.0,0.0,335,0.0,0.0,0.0,0.0,issue_only,1.55,4,13,JavaScript,deepseek-coder:6.7b,1,1,0,prettier/prettier,0,Feature,prettier__prettier-8465,0.0,0.0,0.0,0.0
0.5,0.058823529411764705,0.058823529411764705,335,0.0,0.0,0.0,0.0,issue_plus_inventory,2.909,4,13,JavaScript,deepseek-coder:6.7b,1,1,1,prettier/prettier,0,Feature,prettier__prettier-8465,0.14285714285714288,1.0,0.07692307692307693,0.07692307692307693
0.5,0.058823529411764705,0.058823529411764705,335,0.0,0.0,0.0,0.0,issue_plus_hints,1.838,4,13,JavaScript,deepseek-coder:6.7b,1,1,1,prettier/prettier,0,Feature,prettier__prettier-8465,0.14285714285714288,1.0,0.07692307692307693,0.07692307692307693
0.0,0.0,0.0,334,0.0,0.0,0.0,0.0,issue_only,1.363,5,5,JavaScript,deepseek-coder:6.7b,1,1,0,sveltejs/svelte,0,Feature,sveltejs__svelte-5442,0.0,0.0,0.0,0.0
0.4,0.2,0.3,334,0.28571428571428575,0.5,0.2,0.2,issue_plus_inventory,4.716,5,5,JavaScript,deepseek-coder:6.7b,1,2,3,sveltejs/svelte,0,Feature,sveltejs__svelte-5442,0.25,0.3333333333333333,0.2,0.2
0.5,0.2,0.3,334,0.28571428571428575,0.5,0.2,0.2,issue_plus_hints,2.214,5,5,JavaScript,deepseek-coder:6.7b,1,2,2,sveltejs/svelte,0,Feature,sveltejs__svelte-5442,0.28571428571428575,0.5,0.2,0.2
0.5,0.25,0.25,77,0.5,1.0,0.3333333333333333,0.3333333333333333,issue_only,2.007,3,1,JavaScript,deepseek-coder:6.7b,1,1,1,mrdoob/three.js,0,Feature,mrdoob__three.js-20478,0.0,0.0,0.0,0.0
0.3333333333333333,0.5,0.5,77,0.5,1.0,0.3333333333333333,0.3333333333333333,issue_plus_inventory,3.853,3,1,JavaScript,deepseek-coder:6.7b,1,1,5,mrdoob/three.js,0,Feature,mrdoob__three.js-20478,0.33333333333333337,0.2,1.0,1.0
0.3333333333333333,0.5,0.5,77,0.5,1.0,0.3333333333333333,0.3333333333333333,issue_plus_hints,2.738,3,1,JavaScript,deepseek-coder:6.7b,1,1,5,mrdoob/three.js,0,Feature,mrdoob__three.js-20478,0.33333333333333337,0.2,1.0,1.0
0.0,0.0,0.0,76,0.0,0.0,0.0,0.0,issue_only,3.305,4,1,JavaScript,deepseek-coder:6.7b,1,2,2,serverless/serverless,0,Feature,serverless__serverless-8638,0.0,0.0,0.0,0.0
0.5,0.2,0.2,76,0.4,1.0,0.25,0.25,issue_plus_inventory,3.172,4,1,JavaScript,deepseek-coder:6.7b,1,1,1,serverless/serverless,0,Feature,serverless__serverless-8638,0.0,0.0,0.0,0.0
0.5,0.2,0.2,76,0.4,1.0,0.25,0.25,issue_plus_hints,1.734,4,1,JavaScript,deepseek-coder:6.7b,1,1,1,serverless/serverless,0,Feature,serverless__serverless-8638,0.0,0.0,0.0,0.0
0.0,0.0,0.0,335,0.0,0.0,0.0,0.0,issue_only,3.043,2,4,JavaScript,deepseek-coder:6.7b,1,3,1,prettier/prettier,0,Feature,prettier__prettier-10109,0.0,0.0,0.0,0.0
1.0,0.16666666666666666,0.16666666666666666,335,0.6666666666666666,1.0,0.5,0.5,issue_plus_inventory,3.304,2,4,JavaScript,deepseek-coder:6.7b,1,1,0,prettier/prettier,0,Feature,prettier__prettier-10109,0.0,0.0,0.0,0.0
1.0,0.16666666666666666,0.16666666666666666,335,0.6666666666666666,1.0,0.5,0.5,issue_plus_hints,1.687,2,4,JavaScript,deepseek-coder:6.7b,1,1,0,prettier/prettier,0,Feature,prettier__prettier-10109,0.0,0.0,0.0,0.0
0.0,0.0,0.0,77,0.0,0.0,0.0,0.0,issue_only,0.662,4,1,JavaScript,deepseek-coder:6.7b,1,0,0,mrdoob/three.js,0,Feature,mrdoob__three.js-21532,0.0,0.0,0.0,0.0
1.0,0.2,0.2,77,0.4,1.0,0.25,0.25,issue_plus_inventory,2.586,4,1,JavaScript,deepseek-coder:6.7b,1,1,0,mrdoob/three.js,0,Feature,mrdoob__three.js-21532,0.0,0.0,0.0,0.0
1.0,0.2,0.2,77,0.4,1.0,0.25,0.25,issue_plus_hints,1.605,4,1,JavaScript,deepseek-coder:6.7b,1,1,0,mrdoob/three.js,0,Feature,mrdoob__three.js-21532,0.0,0.0,0.0,0.0
0.0,0.0,0.0,334,0.0,0.0,0.0,0.0,issue_only,2.474,1,8,JavaScript,deepseek-coder:6.7b,1,1,2,sveltejs/svelte,0,Feature,sveltejs__svelte-6223,0.0,0.0,0.0,0.0
0.0,0.0,0.0,334,0.0,0.0,0.0,0.0,issue_plus_inventory,3.419,1,8,JavaScript,deepseek-coder:6.7b,1,1,0,sveltejs/svelte,0,Feature,sveltejs__svelte-6223,0.0,0.0,0.0,0.0
0.0,0.0,0.0,334,0.0,0.0,0.0,0.0,issue_plus_hints,1.084,1,8,JavaScript,deepseek-coder:6.7b,1,1,0,sveltejs/svelte,0,Feature,sveltejs__svelte-6223,0.0,0.0,0.0,0.0
0.0,0.0,0.0,77,0.0,0.0,0.0,0.0,issue_only,0.537,4,1,JavaScript,deepseek-coder:6.7b,1,0,0,mrdoob/three.js,0,Feature,mrdoob__three.js-21826,0.0,0.0,0.0,0.0
1.0,0.4,0.4,77,0.4,1.0,0.25,0.25,issue_plus_inventory,3.11,4,1,JavaScript,deepseek-coder:6.7b,1,1,1,mrdoob/three.js,0,Feature,mrdoob__three.js-21826,1.0,1.0,1.0,1.0
0.6666666666666666,0.4,0.4,77,0.4,1.0,0.25,0.25,issue_plus_hints,2.018,4,1,JavaScript,deepseek-coder:6.7b,1,1,2,mrdoob/three.js,0,Feature,mrdoob__three.js-21826,0.6666666666666666,0.5,1.0,1.0
0.0,0.0,0.0,335,0.0,0.0,0.0,0.0,issue_only,0.879,8,9,JavaScript,deepseek-coder:6.7b,1,0,0,prettier/prettier,0,Feature,prettier__prettier-10910,0.0,0.0,0.0,0.0
0.0,0.0,0.0,335,0.0,0.0,0.0,0.0,issue_plus_inventory,2.442,8,9,JavaScript,deepseek-coder:6.7b,1,1,0,prettier/prettier,0,Feature,prettier__prettier-10910,0.0,0.0,0.0,0.0
0.0,0.0,0.0,335,0.0,0.0,0.0,0.0,issue_plus_hints,0.976,8,9,JavaScript,deepseek-coder:6.7b,1,1,0,prettier/prettier,0,Feature,prettier__prettier-10910,0.0,0.0,0.0,0.0
0.0,0.0,0.0,334,0.0,0.0,0.0,0.0,issue_only,2.402,4,4,JavaScript,deepseek-coder:6.7b,1,3,3,sveltejs/svelte,0,Feature,sveltejs__svelte-6528,0.0,0.0,0.0,0.0
0.0,0.0,0.125,334,0.0,0.0,0.0,0.0,issue_plus_inventory,3.328,4,4,JavaScript,deepseek-coder:6.7b,1,1,0,sveltejs/svelte,0,Feature,sveltejs__svelte-6528,0.0,0.0,0.0,0.0
0.0,0.0,0.25,334,0.0,0.0,0.0,0.0,issue_plus_hints,2.23,4,4,JavaScript,deepseek-coder:6.7b,1,2,2,sveltejs/svelte,0,Feature,sveltejs__svelte-6528,0.0,0.0,0.0,0.0
0.0,0.0,0.0,334,0.0,0.0,0.0,0.0,issue_only,3.057,1,4,JavaScript,deepseek-coder:6.7b,1,5,5,sveltejs/svelte,0,Feature,sveltejs__svelte-6564,0.0,0.0,0.0,0.0
0.25,0.2,0.6,334,1.0,1.0,1.0,1.0,issue_plus_inventory,4.551,1,4,JavaScript,deepseek-coder:6.7b,1,1,3,sveltejs/svelte,0,Feature,sveltejs__svelte-6564,0.0,0.0,0.0,0.0
0.25,0.2,0.4,334,0.0,0.0,0.0,0.0,issue_plus_hints,2.774,1,4,JavaScript,deepseek-coder:6.7b,1,1,3,sveltejs/svelte,0,Feature,sveltejs__svelte-6564,0.28571428571428575,0.3333333333333333,0.25,0.25
0.0,0.0,0.0,334,0.0,0.0,0.0,0.0,issue_only,3.141,1,3,JavaScript,deepseek-coder:6.7b,1,3,3,sveltejs/svelte,0,Feature,sveltejs__svelte-6613,0.0,0.0,0.0,0.0
0.0,0.0,0.25,334,0.0,0.0,0.0,0.0,issue_plus_inventory,4.201,1,3,JavaScript,deepseek-coder:6.7b,1,1,2,sveltejs/svelte,0,Feature,sveltejs__svelte-6613,0.0,0.0,0.0,0.0
0.0,0.0,0.0,334,0.0,0.0,0.0,0.0,issue_plus_hints,2.49,1,3,JavaScript,deepseek-coder:6.7b,1,1,2,sveltejs/svelte,0,Feature,sveltejs__svelte-6613,0.0,0.0,0.0,0.0
0.0,0.0,0.0,334,0.0,0.0,0.0,0.0,issue_only,2.389,2,1,JavaScript,deepseek-coder:6.7b,1,2,1,sveltejs/svelte,0,Feature,sveltejs__svelte-6838,0.0,0.0,0.0,0.0
0.0,0.0,0.0,334,0.0,0.0,0.0,0.0,issue_plus_inventory,5.172,2,1,JavaScript,deepseek-coder:6.7b,1,3,3,sveltejs/svelte,0,Feature,sveltejs__svelte-6838,0.0,0.0,0.0,0.0
0.0,0.0,0.0,334,0.0,0.0,0.0,0.0,issue_plus_hints,3.217,2,1,JavaScript,deepseek-coder:6.7b,1,3,3,sveltejs/svelte,0,Feature,sveltejs__svelte-6838,0.0,0.0,0.0,0.0
0.0,0.0,0.0,76,0.0,0.0,0.0,0.0,issue_only,2.776,1,1,JavaScript,deepseek-coder:6.7b,1,1,2,serverless/serverless,0,Feature,serverless__serverless-10120,0.0,0.0,0.0,0.0
0.3333333333333333,1.0,1.0,76,0.5,0.3333333333333333,1.0,1.0,issue_plus_inventory,5.191,1,1,JavaScript,deepseek-coder:6.7b,1,3,3,serverless/serverless,0,Feature,serverless__serverless-10120,0.5,0.3333333333333333,1.0,1.0
1.0,1.0,1.0,76,1.0,1.0,1.0,1.0,issue_plus_hints,2.233,1,1,JavaScript,deepseek-coder:6.7b,1,1,1,serverless/serverless,0,Feature,serverless__serverless-10120,1.0,1.0,1.0,1.0
0.0,0.0,0.0,77,0.0,0.0,0.0,0.0,issue_only,0.851,2,2,JavaScript,deepseek-coder:6.7b,1,0,0,mrdoob/three.js,0,Feature,mrdoob__three.js-23596,0.0,0.0,0.0,0.0
1.0,0.5,0.5,77,0.6666666666666666,1.0,0.5,0.5,issue_plus_inventory,2.891,2,2,JavaScript,deepseek-coder:6.7b,1,1,1,mrdoob/three.js,0,Feature,mrdoob__three.js-23596,0.6666666666666666,1.0,0.5,0.5
1.0,0.5,0.5,77,0.6666666666666666,1.0,0.5,0.5,issue_plus_hints,1.424,2,2,JavaScript,deepseek-coder:6.7b,1,1,1,mrdoob/three.js,0,Feature,mrdoob__three.js-23596,0.6666666666666666,1.0,0.5,0.5
0.0,0.0,0.0,77,0.0,0.0,0.0,0.0,issue_only,1.037,9,6,JavaScript,deepseek-coder:6.7b,1,0,0,mrdoob/three.js,0,Feature,mrdoob__three.js-23796,0.0,0.0,0.0,0.0
0.8333333333333334,0.3333333333333333,0.4,77,0.5,1.0,0.3333333333333333,0.3333333333333333,issue_plus_inventory,3.458,9,6,JavaScript,deepseek-coder:6.7b,1,3,3,mrdoob/three.js,0,Feature,mrdoob__three.js-23796,0.4444444444444444,0.6666666666666666,0.3333333333333333,0.3333333333333333
0.8333333333333334,0.3333333333333333,0.4,77,0.5,1.0,0.3333333333333333,0.3333333333333333,issue_plus_hints,2.008,9,6,JavaScript,deepseek-coder:6.7b,1,3,3,mrdoob/three.js,0,Feature,mrdoob__three.js-23796,0.4444444444444444,0.6666666666666666,0.3333333333333333,0.3333333333333333
0.0,0.0,0.0,335,0.0,0.0,0.0,0.0,issue_only,0.879,3,1,JavaScript,deepseek-coder:6.7b,1,0,0,prettier/prettier,0,Feature,prettier__prettier-14108,0.0,0.0,0.0,0.0
0.0,0.0,0.0,335,0.0,0.0,0.0,0.0,issue_plus_inventory,4.676,3,1,JavaScript,deepseek-coder:6.7b,1,5,5,prettier/prettier,0,Feature,prettier__prettier-14108,0.0,0.0,0.0,0.0
0.0,0.0,0.0,335,0.0,0.0,0.0,0.0,issue_plus_hints,3.23,3,1,JavaScript,deepseek-coder:6.7b,1,5,5,prettier/prettier,0,Feature,prettier__prettier-14108,0.0,0.0,0.0,0.0
0.0,0.0,0.0,335,0.0,0.0,0.0,0.0,issue_only,0.703,4,1,JavaScript,deepseek-coder:6.7b,1,0,0,prettier/prettier,0,Feature,prettier__prettier-14317,0.0,0.0,0.0,0.0
0.0,0.0,0.0,335,0.0,0.0,0.0,0.0,issue_plus_inventory,4.337,4,1,JavaScript,deepseek-coder:6.7b,1,3,4,prettier/prettier,0,Feature,prettier__prettier-14317,0.0,0.0,0.0,0.0
0.0,0.0,0.0,335,0.0,0.0,0.0,0.0,issue_plus_hints,3.081,4,1,JavaScript,deepseek-coder:6.7b,1,3,4,prettier/prettier,0,Feature,prettier__prettier-14317,0.0,0.0,0.0,0.0
0.0,0.0,0.0,335,0.0,0.0,0.0,0.0,issue_only,3.086,2,3,JavaScript,deepseek-coder:6.7b,1,4,1,prettier/prettier,0,Feature,prettier__prettier-16765,0.0,0.0,0.0,0.0
1.0,0.2,0.2,335,0.6666666666666666,1.0,0.5,0.5,issue_plus_inventory,3.29,2,3,JavaScript,deepseek-coder:6.7b,1,1,0,prettier/prettier,0,Feature,prettier__prettier-16765,0.0,0.0,0.0,0.0
1.0,0.2,0.2,335,0.6666666666666666,1.0,0.5,0.5,issue_plus_hints,1.852,2,3,JavaScript,deepseek-coder:6.7b,1,1,0,prettier/prettier,0,Feature,prettier__prettier-16765,0.0,0.0,0.0,0.0
0.0,0.0,0.0,89,0.0,0.0,0.0,0.0,issue_only,0.755,2,1,Python,deepseek-coder:6.7b,1,0,0,keras-team/keras,0,Feature,keras-team__keras-3907,0.0,0.0,0.0,0.0
0.14285714285714285,0.3333333333333333,0.3333333333333333,89,0.0,0.0,0.0,0.0,issue_plus_inventory,3.581,2,1,Python,deepseek-coder:6.7b,1,4,3,keras-team/keras,0,Feature,keras-team__keras-3907,0.5,0.3333333333333333,1.0,1.0
0.14285714285714285,0.3333333333333333,0.3333333333333333,89,0.0,0.0,0.0,0.0,issue_plus_hints,2.132,2,1,Python,deepseek-coder:6.7b,1,4,3,keras-team/keras,0,Feature,keras-team__keras-3907,0.5,0.3333333333333333,1.0,1.0
0.16666666666666666,0.5,0.5,89,0.5,0.3333333333333333,1.0,1.0,issue_only,2.776,1,1,Python,deepseek-coder:6.7b,1,3,3,keras-team/keras,0,Feature,keras-team__keras-3983,0.0,0.0,0.0,0.0
1.0,0.5,0.5,89,1.0,1.0,1.0,1.0,issue_plus_inventory,2.883,1,1,Python,deepseek-coder:6.7b,1,1,0,keras-team/keras,0,Feature,keras-team__keras-3983,0.0,0.0,0.0,0.0
1.0,0.5,0.5,89,1.0,1.0,1.0,1.0,issue_plus_hints,1.101,1,1,Python,deepseek-coder:6.7b,1,1,0,keras-team/keras,0,Feature,keras-team__keras-3983,0.0,0.0,0.0,0.0
0.0,0.0,0.0,212,0.0,0.0,0.0,0.0,issue_only,0.806,3,1,Python,deepseek-coder:6.7b,1,0,0,huggingface/transformers,0,Feature,huggingface__transformers-6744,0.0,0.0,0.0,0.0
0.1,0.25,0.25,212,0.25,0.2,0.3333333333333333,0.3333333333333333,issue_plus_inventory,5.892,3,1,Python,deepseek-coder:6.7b,1,5,5,huggingface/transformers,0,Feature,huggingface__transformers-6744,0.0,0.0,0.0,0.0
0.1,0.25,0.25,212,0.25,0.2,0.3333333333333333,0.3333333333333333,issue_plus_hints,4.149,3,1,Python,deepseek-coder:6.7b,1,5,5,huggingface/transformers,0,Feature,huggingface__transformers-6744,0.0,0.0,0.0,0.0
0.0,0.0,0.0,212,0.0,0.0,0.0,0.0,issue_only,1.215,3,4,Python,deepseek-coder:6.7b,1,0,0,huggingface/transformers,0,Feature,huggingface__transformers-7562,0.0,0.0,0.0,0.0
0.4,0.2857142857142857,0.2857142857142857,212,0.5,1.0,0.3333333333333333,0.3333333333333333,issue_plus_inventory,3.585,3,4,Python,deepseek-coder:6.7b,1,1,4,huggingface/transformers,0,Feature,huggingface__transformers-7562,0.25,0.25,0.25,0.25
0.5,0.2857142857142857,0.2857142857142857,212,0.5,1.0,0.3333333333333333,0.3333333333333333,issue_plus_hints,2.335,3,4,Python,deepseek-coder:6.7b,1,1,3,huggingface/transformers,0,Feature,huggingface__transformers-7562,0.28571428571428575,0.3333333333333333,0.25,0.25
0.0,0.0,0.0,212,0.0,0.0,0.0,0.0,issue_only,0.992,3,1,Python,deepseek-coder:6.7b,1,0,0,huggingface/transformers,0,Feature,huggingface__transformers-13573,0.0,0.0,0.0,0.0
1.0,0.5,0.5,212,0.8,1.0,0.6666666666666666,0.6666666666666666,issue_plus_inventory,3.793,3,1,Python,deepseek-coder:6.7b,1,2,0,huggingface/transformers,0,Feature,huggingface__transformers-13573,0.0,0.0,0.0,0.0
1.0,0.25,0.25,212,0.5,1.0,0.3333333333333333,0.3333333333333333,issue_plus_hints,1.807,3,1,Python,deepseek-coder:6.7b,1,1,0,huggingface/transformers,0,Feature,huggingface__transformers-13573,0.0,0.0,0.0,0.0
0.25,0.125,0.125,212,0.3333333333333333,0.5,0.25,0.25,issue_only,2.991,4,4,Python,deepseek-coder:6.7b,1,2,2,huggingface/transformers,0,Feature,huggingface__transformers-13989,0.0,0.0,0.0,0.0
1.0,0.125,0.125,212,0.4,1.0,0.25,0.25,issue_plus_inventory,3.393,4,4,Python,deepseek-coder:6.7b,1,1,0,huggingface/transformers,0,Feature,huggingface__transformers-13989,0.0,0.0,0.0,0.0
1.0,0.125,0.125,212,0.4,1.0,0.25,0.25,issue_plus_hints,1.777,4,4,Python,deepseek-coder:6.7b,1,1,0,huggingface/transformers,0,Feature,huggingface__transformers-13989,0.0,0.0,0.0,0.0
0.3333333333333333,0.13333333333333333,0.26666666666666666,36,0.23529411764705882,0.6666666666666666,0.14285714285714285,0.14285714285714285,issue_only,3.547,14,1,Python,deepseek-coder:6.7b,1,3,3,yt-dlp/yt-dlp,0,Feature,yt-dlp__yt-dlp-1649,0.0,0.0,0.0,0.0
0.0,0.0,0.2,36,0.0,0.0,0.0,0.0,issue_plus_inventory,3.374,14,1,Python,deepseek-coder:6.7b,1,5,5,yt-dlp/yt-dlp,0,Feature,yt-dlp__yt-dlp-1649,0.0,0.0,0.0,0.0
0.0,0.0,0.2,36,0.0,0.0,0.0,0.0,issue_plus_hints,3.164,14,1,Python,deepseek-coder:6.7b,1,5,5,yt-dlp/yt-dlp,0,Feature,yt-dlp__yt-dlp-1649,0.0,0.0,0.0,0.0
0.0,0.0,0.25,212,0.0,0.0,0.0,0.0,issue_only,2.098,3,1,Python,deepseek-coder:6.7b,1,1,0,huggingface/transformers,0,Feature,huggingface__transformers-15473,0.0,0.0,0.0,0.0
1.0,0.25,0.25,212,0.5,1.0,0.3333333333333333,0.3333333333333333,issue_plus_inventory,3.358,3,1,Python,deepseek-coder:6.7b,1,1,0,huggingface/transformers,0,Feature,huggingface__transformers-15473,0.0,0.0,0.0,0.0
1.0,0.25,0.25,212,0.5,1.0,0.3333333333333333,0.3333333333333333,issue_plus_hints,1.587,3,1,Python,deepseek-coder:6.7b,1,1,0,huggingface/transformers,0,Feature,huggingface__transformers-15473,0.0,0.0,0.0,0.0
0.0,0.0,0.0,212,0.0,0.0,0.0,0.0,issue_only,0.762,1,1,Python,deepseek-coder:6.7b,1,0,0,huggingface/transformers,0,Feature,huggingface__transformers-15795,0.0,0.0,0.0,0.0
1.0,0.5,0.5,212,1.0,1.0,1.0,1.0,issue_plus_inventory,3.053,1,1,Python,deepseek-coder:6.7b,1,1,0,huggingface/transformers,0,Feature,huggingface__transformers-15795,0.0,0.0,0.0,0.0
0.2222222222222222,1.0,1.0,212,0.33333333333333337,0.2,1.0,1.0,issue_plus_hints,4.27,1,1,Python,deepseek-coder:6.7b,1,5,5,huggingface/transformers,0,Feature,huggingface__transformers-15795,0.33333333333333337,0.2,1.0,1.0
0.0,0.0,0.0,212,0.0,0.0,0.0,0.0,issue_only,2.129,4,2,Python,deepseek-coder:6.7b,1,1,0,huggingface/transformers,0,Feature,huggingface__transformers-15831,0.0,0.0,0.0,0.0
0.5,0.16666666666666666,0.16666666666666666,212,0.3333333333333333,0.5,0.25,0.25,issue_plus_inventory,3.592,4,2,Python,deepseek-coder:6.7b,1,2,0,huggingface/transformers,0,Feature,huggingface__transformers-15831,0.0,0.0,0.0,0.0
0.5,0.16666666666666666,0.16666666666666666,212,0.3333333333333333,0.5,0.25,0.25,issue_plus_hints,2.742,4,2,Python,deepseek-coder:6.7b,1,2,0,huggingface/transformers,0,Feature,huggingface__transformers-15831,0.0,0.0,0.0,0.0
0.0,0.0,0.0,212,0.0,0.0,0.0,0.0,issue_only,0.882,1,1,Python,deepseek-coder:6.7b,1,0,0,huggingface/transformers,0,Feature,huggingface__transformers-15913,0.0,0.0,0.0,0.0
1.0,0.5,0.5,212,1.0,1.0,1.0,1.0,issue_plus_inventory,3.276,1,1,Python,deepseek-coder:6.7b,1,1,0,huggingface/transformers,0,Feature,huggingface__transformers-15913,0.0,0.0,0.0,0.0
1.0,0.5,0.5,212,1.0,1.0,1.0,1.0,issue_plus_hints,1.257,1,1,Python,deepseek-coder:6.7b,1,1,0,huggingface/transformers,0,Feature,huggingface__transformers-15913,0.0,0.0,0.0,0.0
0.0,0.0,0.0,36,0.0,0.0,0.0,0.0,issue_only,0.943,5,11,Python,deepseek-coder:6.7b,1,0,0,yt-dlp/yt-dlp,0,Feature,yt-dlp__yt-dlp-3435,0.0,0.0,0.0,0.0
0.5,0.1875,0.1875,36,0.5,0.6666666666666666,0.4,0.4,issue_plus_inventory,2.783,5,11,Python,deepseek-coder:6.7b,1,3,3,yt-dlp/yt-dlp,0,Feature,yt-dlp__yt-dlp-3435,0.14285714285714288,0.3333333333333333,0.09090909090909091,0.09090909090909091
1.0,0.0625,0.0625,36,0.33333333333333337,1.0,0.2,0.2,issue_plus_hints,1.395,5,11,Python,deepseek-coder:6.7b,1,1,0,yt-dlp/yt-dlp,0,Feature,yt-dlp__yt-dlp-3435,0.0,0.0,0.0,0.0
0.0,0.0,0.0,36,0.0,0.0,0.0,0.0,issue_only,3.156,3,1,Python,deepseek-coder:6.7b,1,1,2,yt-dlp/yt-dlp,0,Feature,yt-dlp__yt-dlp-4524,0.0,0.0,0.0,0.0
0.0,0.0,0.25,36,0.0,0.0,0.0,0.0,issue_plus_inventory,2.139,3,1,Python,deepseek-coder:6.7b,1,1,2,yt-dlp/yt-dlp,0,Feature,yt-dlp__yt-dlp-4524,0.0,0.0,0.0,0.0
0.0,0.0,0.0,36,0.0,0.0,0.0,0.0,issue_plus_hints,2.135,3,1,Python,deepseek-coder:6.7b,1,1,1,yt-dlp/yt-dlp,0,Feature,yt-dlp__yt-dlp-4524,0.0,0.0,0.0,0.0
0.0,0.0,0.0,212,0.0,0.0,0.0,0.0,issue_only,0.525,1,1,Python,deepseek-coder:6.7b,1,0,0,huggingface/transformers,0,Feature,huggingface__transformers-19219,0.0,0.0,0.0,0.0
0.0,0.0,0.5,212,0.0,0.0,0.0,0.0,issue_plus_inventory,4.435,1,1,Python,deepseek-coder:6.7b,1,3,3,huggingface/transformers,0,Feature,huggingface__transformers-19219,0.0,0.0,0.0,0.0
0.0,0.0,0.0,212,0.0,0.0,0.0,0.0,issue_plus_hints,4.347,1,1,Python,deepseek-coder:6.7b,1,5,5,huggingface/transformers,0,Feature,huggingface__transformers-19219,0.0,0.0,0.0,0.0
1.0,0.5,0.5,212,1.0,1.0,1.0,1.0,issue_only,2.352,1,1,Python,deepseek-coder:6.7b,1,1,0,huggingface/transformers,0,Feature,huggingface__transformers-19590,0.0,0.0,0.0,0.0
1.0,0.5,0.5,212,1.0,1.0,1.0,1.0,issue_plus_inventory,3.24,1,1,Python,deepseek-coder:6.7b,1,1,0,huggingface/transformers,0,Feature,huggingface__transformers-19590,0.0,0.0,0.0,0.0
1.0,0.5,0.5,212,1.0,1.0,1.0,1.0,issue_plus_hints,1.297,1,1,Python,deepseek-coder:6.7b,1,1,0,huggingface/transformers,0,Feature,huggingface__transformers-19590,0.0,0.0,0.0,0.0
1.0,0.14285714285714285,0.14285714285714285,212,0.33333333333333337,1.0,0.2,0.2,issue_only,2.031,5,2,Python,deepseek-coder:6.7b,1,1,0,huggingface/transformers,0,Feature,huggingface__transformers-20136,0.0,0.0,0.0,0.0
0.5,0.14285714285714285,0.14285714285714285,212,0.28571428571428575,0.5,0.2,0.2,issue_plus_inventory,3.467,5,2,Python,deepseek-coder:6.7b,1,2,0,huggingface/transformers,0,Feature,huggingface__transformers-20136,0.0,0.0,0.0,0.0
0.25,0.2857142857142857,0.2857142857142857,212,0.4000000000000001,0.4,0.4,0.4,issue_plus_hints,4.479,5,2,Python,deepseek-coder:6.7b,1,5,5,huggingface/transformers,0,Feature,huggingface__transformers-20136,0.0,0.0,0.0,0.0
0.16666666666666666,0.5,1.0,212,0.5,0.3333333333333333,1.0,1.0,issue_only,4.021,1,1,Python,deepseek-coder:6.7b,1,3,3,huggingface/transformers,0,Feature,huggingface__transformers-21345,0.0,0.0,0.0,0.0
1.0,0.5,0.5,212,1.0,1.0,1.0,1.0,issue_plus_inventory,3.571,1,1,Python,deepseek-coder:6.7b,1,1,0,huggingface/transformers,0,Feature,huggingface__transformers-21345,0.0,0.0,0.0,0.0
1.0,0.5,0.5,212,1.0,1.0,1.0,1.0,issue_plus_hints,1.393,1,1,Python,deepseek-coder:6.7b,1,1,0,huggingface/transformers,0,Feature,huggingface__transformers-21345,0.0,0.0,0.0,0.0
0.125,0.5,1.0,212,0.4,0.25,1.0,1.0,issue_only,3.31,1,1,Python,deepseek-coder:6.7b,1,4,4,huggingface/transformers,0,Feature,huggingface__transformers-21768,0.0,0.0,0.0,0.0
1.0,0.5,0.5,212,1.0,1.0,1.0,1.0,issue_plus_inventory,3.182,1,1,Python,deepseek-coder:6.7b,1,1,0,huggingface/transformers,0,Feature,huggingface__transformers-21768,0.0,0.0,0.0,0.0
1.0,0.5,0.5,212,1.0,1.0,1.0,1.0,issue_plus_hints,1.359,1,1,Python,deepseek-coder:6.7b,1,1,0,huggingface/transformers,0,Feature,huggingface__transformers-21768,0.0,0.0,0.0,0.0
0.0,0.0,0.5,212,0.0,0.0,0.0,0.0,issue_only,2.363,1,1,Python,deepseek-coder:6.7b,1,1,0,huggingface/transformers,0,Feature,huggingface__transformers-23126,0.0,0.0,0.0,0.0
1.0,0.5,0.5,212,1.0,1.0,1.0,1.0,issue_plus_inventory,2.881,1,1,Python,deepseek-coder:6.7b,1,1,0,huggingface/transformers,0,Feature,huggingface__transformers-23126,0.0,0.0,0.0,0.0
1.0,0.5,0.5,212,1.0,1.0,1.0,1.0,issue_plus_hints,1.763,1,1,Python,deepseek-coder:6.7b,1,1,0,huggingface/transformers,0,Feature,huggingface__transformers-23126,0.0,0.0,0.0,0.0
0.0,0.0,0.0,43,0.0,0.0,0.0,0.0,issue_only,0.8,1,1,Python,deepseek-coder:6.7b,1,0,0,langchain-ai/langchain,0,Feature,langchain-ai__langchain-5450,0.0,0.0,0.0,0.0
0.6666666666666666,1.0,1.0,43,1.0,1.0,1.0,1.0,issue_plus_inventory,3.194,1,1,Python,deepseek-coder:6.7b,1,1,2,langchain-ai/langchain,0,Feature,langchain-ai__langchain-5450,0.6666666666666666,0.5,1.0,1.0
0.3333333333333333,1.0,1.0,43,0.5,0.3333333333333333,1.0,1.0,issue_plus_hints,2.833,1,1,Python,deepseek-coder:6.7b,1,3,3,langchain-ai/langchain,0,Feature,langchain-ai__langchain-5450,0.5,0.3333333333333333,1.0,1.0
0.0,0.0,0.08333333333333333,212,0.0,0.0,0.0,0.0,issue_only,1.947,10,2,Python,deepseek-coder:6.7b,1,1,1,huggingface/transformers,0,Feature,huggingface__transformers-24510,0.0,0.0,0.0,0.0
0.0,0.0,0.08333333333333333,212,0.0,0.0,0.0,0.0,issue_plus_inventory,2.9,10,2,Python,deepseek-coder:6.7b,1,1,0,huggingface/transformers,0,Feature,huggingface__transformers-24510,0.0,0.0,0.0,0.0
0.0,0.0,0.08333333333333333,212,0.0,0.0,0.0,0.0,issue_plus_hints,1.715,10,2,Python,deepseek-coder:6.7b,1,1,0,huggingface/transformers,0,Feature,huggingface__transformers-24510,0.0,0.0,0.0,0.0
0.0,0.0,0.0,212,0.0,0.0,0.0,0.0,issue_only,0.781,1,1,Python,deepseek-coder:6.7b,1,0,0,huggingface/transformers,0,Feature,huggingface__transformers-26386,0.0,0.0,0.0,0.0
0.3333333333333333,1.0,1.0,212,0.5,0.3333333333333333,1.0,1.0,issue_plus_inventory,4.935,1,1,Python,deepseek-coder:6.7b,1,3,3,huggingface/transformers,0,Feature,huggingface__transformers-26386,0.5,0.3333333333333333,1.0,1.0
0.6666666666666666,1.0,1.0,212,1.0,1.0,1.0,1.0,issue_plus_hints,2.504,1,1,Python,deepseek-coder:6.7b,1,1,2,huggingface/transformers,0,Feature,huggingface__transformers-26386,0.6666666666666666,0.5,1.0,1.0
1.0,0.3333333333333333,0.3333333333333333,212,0.6666666666666666,1.0,0.5,0.5,issue_only,2.664,2,1,Python,deepseek-coder:6.7b,1,1,0,huggingface/transformers,0,Feature,huggingface__transformers-26568,0.0,0.0,0.0,0.0
1.0,0.6666666666666666,0.6666666666666666,212,0.6666666666666666,1.0,0.5,0.5,issue_plus_inventory,4.099,2,1,Python,deepseek-coder:6.7b,1,1,1,huggingface/transformers,0,Feature,huggingface__transformers-26568,1.0,1.0,1.0,1.0
1.0,0.3333333333333333,0.3333333333333333,212,0.6666666666666666,1.0,0.5,0.5,issue_plus_hints,1.374,2,1,Python,deepseek-coder:6.7b,1,1,0,huggingface/transformers,0,Feature,huggingface__transformers-26568,0.0,0.0,0.0,0.0
0.0,0.0,0.0,89,0.0,0.0,0.0,0.0,issue_only,0.803,5,1,Python,deepseek-coder:6.7b,1,0,0,keras-team/keras,0,Feature,keras-team__keras-18649,0.0,0.0,0.0,0.0
0.0,0.0,0.0,89,0.0,0.0,0.0,0.0,issue_plus_inventory,2.708,5,1,Python,deepseek-coder:6.7b,1,1,0,keras-team/keras,0,Feature,keras-team__keras-18649,0.0,0.0,0.0,0.0
1.0,0.16666666666666666,0.8333333333333334,89,0.33333333333333337,1.0,0.2,0.2,issue_plus_hints,1.047,5,1,Python,deepseek-coder:6.7b,1,1,0,keras-team/keras,0,Feature,keras-team__keras-18649,0.0,0.0,0.0,0.0
1.0,0.25,0.25,212,0.5,1.0,0.3333333333333333,0.3333333333333333,issue_only,2.559,3,1,Python,deepseek-coder:6.7b,1,1,0,huggingface/transformers,0,Feature,huggingface__transformers-27463,0.0,0.0,0.0,0.0
1.0,0.25,0.25,212,0.5,1.0,0.3333333333333333,0.3333333333333333,issue_plus_inventory,3.308,3,1,Python,deepseek-coder:6.7b,1,1,0,huggingface/transformers,0,Feature,huggingface__transformers-27463,0.0,0.0,0.0,0.0
1.0,0.25,0.25,212,0.5,1.0,0.3333333333333333,0.3333333333333333,issue_plus_hints,1.442,3,1,Python,deepseek-coder:6.7b,1,1,0,huggingface/transformers,0,Feature,huggingface__transformers-27463,0.0,0.0,0.0,0.0
0.0,0.0,0.0,212,0.0,0.0,0.0,0.0,issue_only,0.701,3,1,Python,deepseek-coder:6.7b,1,0,0,huggingface/transformers,0,Feature,huggingface__transformers-27561,0.0,0.0,0.0,0.0
1.0,0.25,0.25,212,0.5,1.0,0.3333333333333333,0.3333333333333333,issue_plus_inventory,3.309,3,1,Python,deepseek-coder:6.7b,1,1,0,huggingface/transformers,0,Feature,huggingface__transformers-27561,0.0,0.0,0.0,0.0
1.0,0.25,0.25,212,0.5,1.0,0.3333333333333333,0.3333333333333333,issue_plus_hints,1.979,3,1,Python,deepseek-coder:6.7b,1,1,0,huggingface/transformers,0,Feature,huggingface__transformers-27561,0.0,0.0,0.0,0.0
1.0,0.25,0.25,212,0.5,1.0,0.3333333333333333,0.3333333333333333,issue_only,2.29,3,1,Python,deepseek-coder:6.7b,1,1,0,huggingface/transformers,0,Feature,huggingface__transformers-27717,0.0,0.0,0.0,0.0
0.5,0.5,0.5,212,0.4,0.5,0.3333333333333333,0.3333333333333333,issue_plus_inventory,4.225,3,1,Python,deepseek-coder:6.7b,1,2,2,huggingface/transformers,0,Feature,huggingface__transformers-27717,0.6666666666666666,0.5,1.0,1.0
0.6666666666666666,0.5,0.5,212,0.4,0.5,0.3333333333333333,0.3333333333333333,issue_plus_hints,2.73,3,1,Python,deepseek-coder:6.7b,1,2,1,huggingface/transformers,0,Feature,huggingface__transformers-27717,1.0,1.0,1.0,1.0
0.0,0.0,0.14285714285714285,89,0.0,0.0,0.0,0.0,issue_only,2.857,4,3,Python,deepseek-coder:6.7b,1,3,3,keras-team/keras,0,Feature,keras-team__keras-18852,0.0,0.0,0.0,0.0
0.4,0.2857142857142857,0.2857142857142857,89,0.28571428571428575,0.3333333333333333,0.25,0.25,issue_plus_inventory,3.428,4,3,Python,deepseek-coder:6.7b,1,3,2,keras-team/keras,0,Feature,keras-team__keras-18852,0.4,0.5,0.3333333333333333,0.3333333333333333
1.0,0.14285714285714285,0.14285714285714285,89,0.4,1.0,0.25,0.25,issue_plus_hints,0.978,4,3,Python,deepseek-coder:6.7b,1,1,0,keras-team/keras,0,Feature,keras-team__keras-18852,0.0,0.0,0.0,0.0
0.16666666666666666,0.14285714285714285,0.14285714285714285,36,0.25,0.3333333333333333,0.2,0.2,issue_only,3.857,5,2,Python,deepseek-coder:6.7b,1,3,3,yt-dlp/yt-dlp,0,Feature,yt-dlp__yt-dlp-8917,0.0,0.0,0.0,0.0
0.2,0.14285714285714285,0.2857142857142857,36,0.0,0.0,0.0,0.0,issue_plus_inventory,2.448,5,2,Python,deepseek-coder:6.7b,1,3,2,yt-dlp/yt-dlp,0,Feature,yt-dlp__yt-dlp-8917,0.5,0.5,0.5,0.5
0.0,0.0,0.14285714285714285,36,0.0,0.0,0.0,0.0,issue_plus_hints,2.048,5,2,Python,deepseek-coder:6.7b,1,3,0,yt-dlp/yt-dlp,0,Feature,yt-dlp__yt-dlp-8917,0.0,0.0,0.0,0.0
0.0,0.0,0.0,212,0.0,0.0,0.0,0.0,issue_only,1.489,1,1,Python,deepseek-coder:6.7b,1,1,0,huggingface/transformers,0,Feature,huggingface__transformers-28517,0.0,0.0,0.0,0.0
1.0,0.5,0.5,212,1.0,1.0,1.0,1.0,issue_plus_inventory,3.367,1,1,Python,deepseek-coder:6.7b,1,1,0,huggingface/transformers,0,Feature,huggingface__transformers-28517,0.0,0.0,0.0,0.0
1.0,0.5,0.5,212,1.0,1.0,1.0,1.0,issue_plus_hints,1.607,1,1,Python,deepseek-coder:6.7b,1,1,0,huggingface/transformers,0,Feature,huggingface__transformers-28517,0.0,0.0,0.0,0.0
0.3333333333333333,0.5,0.5,212,1.0,1.0,1.0,1.0,issue_only,2.126,1,1,Python,deepseek-coder:6.7b,1,1,2,huggingface/transformers,0,Feature,huggingface__transformers-28940,0.0,0.0,0.0,0.0
1.0,0.5,0.5,212,1.0,1.0,1.0,1.0,issue_plus_inventory,2.862,1,1,Python,deepseek-coder:6.7b,1,1,0,huggingface/transformers,0,Feature,huggingface__transformers-28940,0.0,0.0,0.0,0.0
1.0,0.5,0.5,212,1.0,1.0,1.0,1.0,issue_plus_hints,1.407,1,1,Python,deepseek-coder:6.7b,1,1,0,huggingface/transformers,0,Feature,huggingface__transformers-28940,0.0,0.0,0.0,0.0
0.125,0.2,0.4,212,0.28571428571428575,0.25,0.3333333333333333,0.3333333333333333,issue_only,3.154,3,2,Python,deepseek-coder:6.7b,1,4,4,huggingface/transformers,0,Feature,huggingface__transformers-29589,0.0,0.0,0.0,0.0
1.0,0.2,0.2,212,0.5,1.0,0.3333333333333333,0.3333333333333333,issue_plus_inventory,3.404,3,2,Python,deepseek-coder:6.7b,1,1,0,huggingface/transformers,0,Feature,huggingface__transformers-29589,0.0,0.0,0.0,0.0
1.0,0.2,0.2,212,0.5,1.0,0.3333333333333333,0.3333333333333333,issue_plus_hints,1.908,3,2,Python,deepseek-coder:6.7b,1,1,0,huggingface/transformers,0,Feature,huggingface__transformers-29589,0.0,0.0,0.0,0.0
1.0,0.5,0.5,212,1.0,1.0,1.0,1.0,issue_only,1.806,1,1,Python,deepseek-coder:6.7b,1,1,0,huggingface/transformers,0,Feature,huggingface__transformers-29688,0.0,0.0,0.0,0.0
0.14285714285714285,0.5,0.5,212,0.4,0.25,1.0,1.0,issue_plus_inventory,4.55,1,1,Python,deepseek-coder:6.7b,1,4,3,huggingface/transformers,0,Feature,huggingface__transformers-29688,0.0,0.0,0.0,0.0
0.125,0.5,0.5,212,0.4,0.25,1.0,1.0,issue_plus_hints,2.917,1,1,Python,deepseek-coder:6.7b,1,4,4,huggingface/transformers,0,Feature,huggingface__transformers-29688,0.0,0.0,0.0,0.0
0.3333333333333333,0.5,0.5,43,0.6666666666666666,0.5,1.0,1.0,issue_only,2.343,1,1,Python,deepseek-coder:6.7b,1,2,1,langchain-ai/langchain,0,Feature,langchain-ai__langchain-19331,0.0,0.0,0.0,0.0
1.0,1.0,1.0,43,1.0,1.0,1.0,1.0,issue_plus_inventory,2.709,1,1,Python,deepseek-coder:6.7b,1,1,1,langchain-ai/langchain,0,Feature,langchain-ai__langchain-19331,1.0,1.0,1.0,1.0
0.6666666666666666,1.0,1.0,43,0.6666666666666666,0.5,1.0,1.0,issue_plus_hints,1.628,1,1,Python,deepseek-coder:6.7b,1,2,1,langchain-ai/langchain,0,Feature,langchain-ai__langchain-19331,1.0,1.0,1.0,1.0
0.5,0.5,1.0,212,1.0,1.0,1.0,1.0,issue_only,1.492,1,1,Python,deepseek-coder:6.7b,1,1,1,huggingface/transformers,0,Feature,huggingface__transformers-29838,0.0,0.0,0.0,0.0
1.0,0.5,0.5,212,1.0,1.0,1.0,1.0,issue_plus_inventory,2.97,1,1,Python,deepseek-coder:6.7b,1,1,0,huggingface/transformers,0,Feature,huggingface__transformers-29838,0.0,0.0,0.0,0.0
1.0,0.5,0.5,212,1.0,1.0,1.0,1.0,issue_plus_hints,1.437,1,1,Python,deepseek-coder:6.7b,1,1,0,huggingface/transformers,0,Feature,huggingface__transformers-29838,0.0,0.0,0.0,0.0
1.0,0.3333333333333333,0.3333333333333333,212,0.6666666666666666,1.0,0.5,0.5,issue_only,1.736,2,1,Python,deepseek-coder:6.7b,1,1,0,huggingface/transformers,0,Feature,huggingface__transformers-31095,0.0,0.0,0.0,0.0
1.0,0.3333333333333333,0.3333333333333333,212,0.6666666666666666,1.0,0.5,0.5,issue_plus_inventory,2.762,2,1,Python,deepseek-coder:6.7b,1,1,0,huggingface/transformers,0,Feature,huggingface__transformers-31095,0.0,0.0,0.0,0.0
1.0,0.3333333333333333,0.3333333333333333,212,0.6666666666666666,1.0,0.5,0.5,issue_plus_hints,1.108,2,1,Python,deepseek-coder:6.7b,1,1,0,huggingface/transformers,0,Feature,huggingface__transformers-31095,0.0,0.0,0.0,0.0
0.0,0.0,0.0,212,0.0,0.0,0.0,0.0,issue_only,0.488,3,1,Python,deepseek-coder:6.7b,1,0,0,huggingface/transformers,0,Feature,huggingface__transformers-31247,0.0,0.0,0.0,0.0
0.3333333333333333,0.5,0.5,212,0.3333333333333333,0.3333333333333333,0.3333333333333333,0.3333333333333333,issue_plus_inventory,4.002,3,1,Python,deepseek-coder:6.7b,1,3,3,huggingface/transformers,0,Feature,huggingface__transformers-31247,0.5,0.3333333333333333,1.0,1.0
0.3333333333333333,0.5,0.5,212,0.3333333333333333,0.3333333333333333,0.3333333333333333,0.3333333333333333,issue_plus_hints,2.33,3,1,Python,deepseek-coder:6.7b,1,3,3,huggingface/transformers,0,Feature,huggingface__transformers-31247,0.5,0.3333333333333333,1.0,1.0
0.0,0.0,0.0,89,0.0,0.0,0.0,0.0,issue_only,2.432,7,1,Python,deepseek-coder:6.7b,1,3,3,keras-team/keras,0,Feature,keras-team__keras-19903,0.0,0.0,0.0,0.0
0.0,0.0,0.0,89,0.0,0.0,0.0,0.0,issue_plus_inventory,2.702,7,1,Python,deepseek-coder:6.7b,1,1,0,keras-team/keras,0,Feature,keras-team__keras-19903,0.0,0.0,0.0,0.0
0.0,0.0,0.0,89,0.0,0.0,0.0,0.0,issue_plus_hints,1.522,7,1,Python,deepseek-coder:6.7b,1,1,0,keras-team/keras,0,Feature,keras-team__keras-19903,0.0,0.0,0.0,0.0
0.0,0.0,0.0,28,0.0,0.0,0.0,0.0,issue_only,3.328,2,3,TypeScript,deepseek-coder:6.7b,1,5,2,tailwindlabs/tailwindcss,0,Feature,tailwindlabs__tailwindcss-88,0.0,0.0,0.0,0.0
0.16666666666666666,0.2,0.2,28,0.0,0.0,0.0,0.0,issue_plus_inventory,2.504,2,3,TypeScript,deepseek-coder:6.7b,1,3,3,tailwindlabs/tailwindcss,0,Feature,tailwindlabs__tailwindcss-88,0.3333333333333333,0.3333333333333333,0.3333333333333333,0.3333333333333333
0.0,0.0,0.0,28,0.0,0.0,0.0,0.0,issue_plus_hints,1.678,2,3,TypeScript,deepseek-coder:6.7b,1,1,0,tailwindlabs/tailwindcss,0,Feature,tailwindlabs__tailwindcss-88,0.0,0.0,0.0,0.0
0.0,0.0,0.0,28,0.0,0.0,0.0,0.0,issue_only,0.674,1,1,TypeScript,deepseek-coder:6.7b,1,0,0,tailwindlabs/tailwindcss,0,Feature,tailwindlabs__tailwindcss-165,0.0,0.0,0.0,0.0
0.1,0.5,0.5,28,0.33333333333333337,0.2,1.0,1.0,issue_plus_inventory,3.037,1,1,TypeScript,deepseek-coder:6.7b,1,5,5,tailwindlabs/tailwindcss,0,Feature,tailwindlabs__tailwindcss-165,0.0,0.0,0.0,0.0
0.1111111111111111,0.5,0.5,28,0.33333333333333337,0.2,1.0,1.0,issue_plus_hints,2.969,1,1,TypeScript,deepseek-coder:6.7b,1,5,4,tailwindlabs/tailwindcss,0,Feature,tailwindlabs__tailwindcss-165,0.0,0.0,0.0,0.0
0.0,0.0,0.0,28,0.0,0.0,0.0,0.0,issue_only,1.753,1,1,TypeScript,deepseek-coder:6.7b,1,1,2,tailwindlabs/tailwindcss,0,Feature,tailwindlabs__tailwindcss-236,0.0,0.0,0.0,0.0
0.1,0.5,0.5,28,0.33333333333333337,0.2,1.0,1.0,issue_plus_inventory,3.457,1,1,TypeScript,deepseek-coder:6.7b,1,5,5,tailwindlabs/tailwindcss,0,Feature,tailwindlabs__tailwindcss-236,0.0,0.0,0.0,0.0
0.1,0.5,0.5,28,0.33333333333333337,0.2,1.0,1.0,issue_plus_hints,2.604,1,1,TypeScript,deepseek-coder:6.7b,1,5,5,tailwindlabs/tailwindcss,0,Feature,tailwindlabs__tailwindcss-236,0.0,0.0,0.0,0.0
0.0,0.0,0.0,28,0.0,0.0,0.0,0.0,issue_only,0.832,1,1,TypeScript,deepseek-coder:6.7b,1,0,0,tailwindlabs/tailwindcss,0,Feature,tailwindlabs__tailwindcss-417,0.0,0.0,0.0,0.0
0.25,1.0,1.0,28,0.33333333333333337,0.2,1.0,1.0,issue_plus_inventory,3.104,1,1,TypeScript,deepseek-coder:6.7b,1,5,3,tailwindlabs/tailwindcss,0,Feature,tailwindlabs__tailwindcss-417,0.0,0.0,0.0,0.0
0.2857142857142857,1.0,1.0,28,0.5,0.3333333333333333,1.0,1.0,issue_plus_hints,2.409,1,1,TypeScript,deepseek-coder:6.7b,1,3,4,tailwindlabs/tailwindcss,0,Feature,tailwindlabs__tailwindcss-417,0.0,0.0,0.0,0.0
0.0,0.0,0.0,28,0.0,0.0,0.0,0.0,issue_only,0.631,1,1,TypeScript,deepseek-coder:6.7b,1,0,0,tailwindlabs/tailwindcss,0,Feature,tailwindlabs__tailwindcss-445,0.0,0.0,0.0,0.0
0.1,0.5,0.5,28,0.33333333333333337,0.2,1.0,1.0,issue_plus_inventory,3.037,1,1,TypeScript,deepseek-coder:6.7b,1,5,5,tailwindlabs/tailwindcss,0,Feature,tailwindlabs__tailwindcss-445,0.0,0.0,0.0,0.0
0.1,0.5,0.5,28,0.33333333333333337,0.2,1.0,1.0,issue_plus_hints,2.898,1,1,TypeScript,deepseek-coder:6.7b,1,5,5,tailwindlabs/tailwindcss,0,Feature,tailwindlabs__tailwindcss-445,0.0,0.0,0.0,0.0
0.0,0.0,0.0,28,0.0,0.0,0.0,0.0,issue_only,0.653,2,1,TypeScript,deepseek-coder:6.7b,1,0,0,tailwindlabs/tailwindcss,0,Feature,tailwindlabs__tailwindcss-463,0.0,0.0,0.0,0.0
0.2222222222222222,0.6666666666666666,0.6666666666666666,28,0.28571428571428575,0.2,0.5,0.5,issue_plus_inventory,3.042,2,1,TypeScript,deepseek-coder:6.7b,1,5,4,tailwindlabs/tailwindcss,0,Feature,tailwindlabs__tailwindcss-463,0.4,0.25,1.0,1.0
0.3333333333333333,0.6666666666666666,0.6666666666666666,28,0.28571428571428575,0.2,0.5,0.5,issue_plus_hints,2.522,2,1,TypeScript,deepseek-coder:6.7b,1,5,1,tailwindlabs/tailwindcss,0,Feature,tailwindlabs__tailwindcss-463,0.0,0.0,0.0,0.0
0.0,0.0,0.25,407,0.0,0.0,0.0,0.0,issue_only,2.211,3,1,TypeScript,deepseek-coder:6.7b,1,2,0,mui/material-ui,0,Feature,mui__material-ui-11446,0.0,0.0,0.0,0.0
1.0,0.5,0.5,407,0.5,1.0,0.3333333333333333,0.3333333333333333,issue_plus_inventory,3.554,3,1,TypeScript,deepseek-coder:6.7b,1,1,1,mui/material-ui,0,Feature,mui__material-ui-11446,1.0,1.0,1.0,1.0
0.3,0.75,0.75,407,0.5,0.4,0.6666666666666666,0.6666666666666666,issue_plus_hints,4.394,3,1,TypeScript,deepseek-coder:6.7b,1,5,5,mui/material-ui,0,Feature,mui__material-ui-11446,0.33333333333333337,0.2,1.0,1.0
1.0,0.5,0.5,28,1.0,1.0,1.0,1.0,issue_only,1.618,1,1,TypeScript,deepseek-coder:6.7b,1,1,0,tailwindlabs/tailwindcss,0,Feature,tailwindlabs__tailwindcss-553,0.0,0.0,0.0,0.0
0.4,1.0,1.0,28,1.0,1.0,1.0,1.0,issue_plus_inventory,2.45,1,1,TypeScript,deepseek-coder:6.7b,1,1,4,tailwindlabs/tailwindcss,0,Feature,tailwindlabs__tailwindcss-553,0.4,0.25,1.0,1.0
0.4,1.0,1.0,28,1.0,1.0,1.0,1.0,issue_plus_hints,2.001,1,1,TypeScript,deepseek-coder:6.7b,1,1,4,tailwindlabs/tailwindcss,0,Feature,tailwindlabs__tailwindcss-553,0.4,0.25,1.0,1.0
0.25,0.25,0.25,407,0.5,1.0,0.3333333333333333,0.3333333333333333,issue_only,2.68,3,1,TypeScript,deepseek-coder:6.7b,1,1,3,mui/material-ui,0,Feature,mui__material-ui-13828,0.0,0.0,0.0,0.0
1.0,0.5,0.5,407,0.5,1.0,0.3333333333333333,0.3333333333333333,issue_plus_inventory,3.301,3,1,TypeScript,deepseek-coder:6.7b,1,1,1,mui/material-ui,0,Feature,mui__material-ui-13828,1.0,1.0,1.0,1.0
1.0,0.5,0.5,407,0.5,1.0,0.3333333333333333,0.3333333333333333,issue_plus_hints,1.629,3,1,TypeScript,deepseek-coder:6.7b,1,1,1,mui/material-ui,0,Feature,mui__material-ui-13828,1.0,1.0,1.0,1.0
0.0,0.0,0.0,407,0.0,0.0,0.0,0.0,issue_only,2.814,5,2,TypeScript,deepseek-coder:6.7b,1,3,3,mui/material-ui,0,Feature,mui__material-ui-13899,0.0,0.0,0.0,0.0
0.0,0.0,0.0,407,0.0,0.0,0.0,0.0,issue_plus_inventory,3.222,5,2,TypeScript,deepseek-coder:6.7b,1,1,0,mui/material-ui,0,Feature,mui__material-ui-13899,0.0,0.0,0.0,0.0
0.0,0.0,0.0,407,0.0,0.0,0.0,0.0,issue_plus_hints,2.857,5,2,TypeScript,deepseek-coder:6.7b,1,4,2,mui/material-ui,0,Feature,mui__material-ui-13899,0.0,0.0,0.0,0.0
0.0,0.0,0.0,407,0.0,0.0,0.0,0.0,issue_only,2.891,10,3,TypeScript,deepseek-coder:6.7b,1,3,3,mui/material-ui,0,Feature,mui__material-ui-14465,0.0,0.0,0.0,0.0
0.0,0.0,0.0,407,0.0,0.0,0.0,0.0,issue_plus_inventory,3.536,10,3,TypeScript,deepseek-coder:6.7b,1,1,1,mui/material-ui,0,Feature,mui__material-ui-14465,0.0,0.0,0.0,0.0
0.0,0.0,0.0,407,0.0,0.0,0.0,0.0,issue_plus_hints,1.11,10,3,TypeScript,deepseek-coder:6.7b,1,1,0,mui/material-ui,0,Feature,mui__material-ui-14465,0.0,0.0,0.0,0.0
0.0,0.0,0.0,28,0.0,0.0,0.0,0.0,issue_only,0.529,1,1,TypeScript,deepseek-coder:6.7b,1,0,0,tailwindlabs/tailwindcss,0,Feature,tailwindlabs__tailwindcss-849,0.0,0.0,0.0,0.0
0.2,1.0,1.0,28,0.33333333333333337,0.2,1.0,1.0,issue_plus_inventory,3.16,1,1,TypeScript,deepseek-coder:6.7b,1,5,5,tailwindlabs/tailwindcss,0,Feature,tailwindlabs__tailwindcss-849,0.33333333333333337,0.2,1.0,1.0
0.2,1.0,1.0,28,0.33333333333333337,0.2,1.0,1.0,issue_plus_hints,2.556,1,1,TypeScript,deepseek-coder:6.7b,1,5,5,tailwindlabs/tailwindcss,0,Feature,tailwindlabs__tailwindcss-849,0.33333333333333337,0.2,1.0,1.0
0.0,0.0,0.0,407,0.0,0.0,0.0,0.0,issue_only,3.419,3,1,TypeScript,deepseek-coder:6.7b,1,5,3,mui/material-ui,0,Feature,mui__material-ui-15495,0.0,0.0,0.0,0.0
0.0,0.0,0.0,407,0.0,0.0,0.0,0.0,issue_plus_inventory,3.265,3,1,TypeScript,deepseek-coder:6.7b,1,1,0,mui/material-ui,0,Feature,mui__material-ui-15495,0.0,0.0,0.0,0.0
0.0,0.0,0.0,407,0.0,0.0,0.0,0.0,issue_plus_hints,1.645,3,1,TypeScript,deepseek-coder:6.7b,1,1,0,mui/material-ui,0,Feature,mui__material-ui-15495,0.0,0.0,0.0,0.0
0.0,0.0,1.0,407,0.0,0.0,0.0,0.0,issue_only,2.732,1,1,TypeScript,deepseek-coder:6.7b,1,3,3,mui/material-ui,0,Feature,mui__material-ui-17005,0.0,0.0,0.0,0.0
0.3333333333333333,0.5,0.5,407,0.0,0.0,0.0,0.0,issue_plus_inventory,3.577,1,1,TypeScript,deepseek-coder:6.7b,1,1,2,mui/material-ui,0,Feature,mui__material-ui-17005,0.6666666666666666,0.5,1.0,1.0
0.2222222222222222,1.0,1.0,407,0.4,0.25,1.0,1.0,issue_plus_hints,4.126,1,1,TypeScript,deepseek-coder:6.7b,1,4,5,mui/material-ui,0,Feature,mui__material-ui-17005,0.0,0.0,0.0,0.0
0.0,0.0,0.2,407,0.0,0.0,0.0,0.0,issue_only,1.725,3,2,TypeScript,deepseek-coder:6.7b,1,1,0,mui/material-ui,0,Feature,mui__material-ui-17640,0.0,0.0,0.0,0.0
1.0,0.2,0.2,407,0.5,1.0,0.3333333333333333,0.3333333333333333,issue_plus_inventory,3.177,3,2,TypeScript,deepseek-coder:6.7b,1,1,0,mui/material-ui,0,Feature,mui__material-ui-17640,0.0,0.0,0.0,0.0
1.0,0.2,0.2,407,0.5,1.0,0.3333333333333333,0.3333333333333333,issue_plus_hints,1.678,3,2,TypeScript,deepseek-coder:6.7b,1,1,0,mui/material-ui,0,Feature,mui__material-ui-17640,0.0,0.0,0.0,0.0
0.0,0.0,0.1111111111111111,407,0.0,0.0,0.0,0.0,issue_only,1.716,5,4,TypeScript,deepseek-coder:6.7b,1,1,1,mui/material-ui,0,Feature,mui__material-ui-17691,0.0,0.0,0.0,0.0
0.5,0.1111111111111111,0.1111111111111111,407,0.33333333333333337,1.0,0.2,0.2,issue_plus_inventory,3.27,5,4,TypeScript,deepseek-coder:6.7b,1,1,1,mui/material-ui,0,Feature,mui__material-ui-17691,0.0,0.0,0.0,0.0
1.0,0.1111111111111111,0.1111111111111111,407,0.33333333333333337,1.0,0.2,0.2,issue_plus_hints,1.727,5,4,TypeScript,deepseek-coder:6.7b,1,1,0,mui/material-ui,0,Feature,mui__material-ui-17691,0.0,0.0,0.0,0.0
0.0,0.0,0.3333333333333333,407,0.0,0.0,0.0,0.0,issue_only,1.974,2,1,TypeScript,deepseek-coder:6.7b,1,1,2,mui/material-ui,0,Feature,mui__material-ui-17829,0.0,0.0,0.0,0.0
1.0,0.6666666666666666,0.6666666666666666,407,0.6666666666666666,1.0,0.5,0.5,issue_plus_inventory,3.41,2,1,TypeScript,deepseek-coder:6.7b,1,1,1,mui/material-ui,0,Feature,mui__material-ui-17829,1.0,1.0,1.0,1.0
1.0,0.6666666666666666,0.6666666666666666,407,0.6666666666666666,1.0,0.5,0.5,issue_plus_hints,1.398,2,1,TypeScript,deepseek-coder:6.7b,1,1,1,mui/material-ui,0,Feature,mui__material-ui-17829,1.0,1.0,1.0,1.0
0.0,0.0,0.0,407,0.0,0.0,0.0,0.0,issue_only,2.407,6,1,TypeScript,deepseek-coder:6.7b,1,4,4,mui/material-ui,0,Feature,mui__material-ui-18744,0.0,0.0,0.0,0.0
1.0,0.2857142857142857,0.2857142857142857,407,0.2857142857142857,1.0,0.16666666666666666,0.16666666666666666,issue_plus_inventory,3.551,6,1,TypeScript,deepseek-coder:6.7b,1,1,1,mui/material-ui,0,Feature,mui__material-ui-18744,1.0,1.0,1.0,1.0
1.0,0.14285714285714285,0.14285714285714285,407,0.2857142857142857,1.0,0.16666666666666666,0.16666666666666666,issue_plus_hints,1.836,6,1,TypeScript,deepseek-coder:6.7b,1,1,0,mui/material-ui,0,Feature,mui__material-ui-18744,0.0,0.0,0.0,0.0
0.0,0.0,0.0,407,0.0,0.0,0.0,0.0,issue_only,2.829,9,2,TypeScript,deepseek-coder:6.7b,1,4,4,mui/material-ui,0,Feature,mui__material-ui-20133,0.0,0.0,0.0,0.0
0.0,0.0,0.18181818181818182,407,0.0,0.0,0.0,0.0,issue_plus_inventory,3.35,9,2,TypeScript,deepseek-coder:6.7b,1,1,1,mui/material-ui,0,Feature,mui__material-ui-20133,0.0,0.0,0.0,0.0
0.0,0.0,0.18181818181818182,407,0.0,0.0,0.0,0.0,issue_plus_hints,1.503,9,2,TypeScript,deepseek-coder:6.7b,1,1,1,mui/material-ui,0,Feature,mui__material-ui-20133,0.0,0.0,0.0,0.0
0.3333333333333333,0.25,0.25,407,0.5,1.0,0.3333333333333333,0.3333333333333333,issue_only,2.082,3,1,TypeScript,deepseek-coder:6.7b,1,1,2,mui/material-ui,0,Feature,mui__material-ui-20781,0.0,0.0,0.0,0.0
1.0,0.25,0.25,407,0.5,1.0,0.3333333333333333,0.3333333333333333,issue_plus_inventory,3.093,3,1,TypeScript,deepseek-coder:6.7b,1,1,0,mui/material-ui,0,Feature,mui__material-ui-20781,0.0,0.0,0.0,0.0
1.0,0.25,0.25,407,0.5,1.0,0.3333333333333333,0.3333333333333333,issue_plus_hints,1.642,3,1,TypeScript,deepseek-coder:6.7b,1,1,0,mui/material-ui,0,Feature,mui__material-ui-20781,0.0,0.0,0.0,0.0
1.0,0.16666666666666666,0.16666666666666666,407,0.4,1.0,0.25,0.25,issue_only,2.209,4,2,TypeScript,deepseek-coder:6.7b,1,1,0,mui/material-ui,0,Feature,mui__material-ui-21192,0.0,0.0,0.0,0.0
1.0,0.16666666666666666,0.16666666666666666,407,0.4,1.0,0.25,0.25,issue_plus_inventory,3.103,4,2,TypeScript,deepseek-coder:6.7b,1,1,0,mui/material-ui,0,Feature,mui__material-ui-21192,0.0,0.0,0.0,0.0
1.0,0.16666666666666666,0.16666666666666666,407,0.4,1.0,0.25,0.25,issue_plus_hints,1.552,4,2,TypeScript,deepseek-coder:6.7b,1,1,0,mui/material-ui,0,Feature,mui__material-ui-21192,0.0,0.0,0.0,0.0
0.0,0.0,0.0,407,0.0,0.0,0.0,0.0,issue_only,2.121,3,4,TypeScript,deepseek-coder:6.7b,1,1,0,mui/material-ui,0,Feature,mui__material-ui-23364,0.0,0.0,0.0,0.0
0.0,0.0,0.0,407,0.0,0.0,0.0,0.0,issue_plus_inventory,3.104,3,4,TypeScript,deepseek-coder:6.7b,1,1,0,mui/material-ui,0,Feature,mui__material-ui-23364,0.0,0.0,0.0,0.0
0.0,0.0,0.0,407,0.0,0.0,0.0,0.0,issue_plus_hints,1.719,3,4,TypeScript,deepseek-coder:6.7b,1,1,0,mui/material-ui,0,Feature,mui__material-ui-23364,0.0,0.0,0.0,0.0
0.0,0.0,0.5,133,0.0,0.0,0.0,0.0,issue_only,1.976,1,1,TypeScript,deepseek-coder:6.7b,1,1,0,microsoft/vscode,0,Feature,microsoft__vscode-114208,0.0,0.0,0.0,0.0
0.5,1.0,1.0,133,0.6666666666666666,0.5,1.0,1.0,issue_plus_inventory,4.649,1,1,TypeScript,deepseek-coder:6.7b,1,2,2,microsoft/vscode,0,Feature,microsoft__vscode-114208,0.6666666666666666,0.5,1.0,1.0
1.0,1.0,1.0,133,1.0,1.0,1.0,1.0,issue_plus_hints,2.545,1,1,TypeScript,deepseek-coder:6.7b,1,1,1,microsoft/vscode,0,Feature,microsoft__vscode-114208,1.0,1.0,1.0,1.0
0.0,0.0,0.0,407,0.0,0.0,0.0,0.0,issue_only,2.778,6,5,TypeScript,deepseek-coder:6.7b,1,3,3,mui/material-ui,0,Feature,mui__material-ui-26746,0.0,0.0,0.0,0.0
0.2,0.18181818181818182,0.18181818181818182,407,0.1818181818181818,0.2,0.16666666666666666,0.16666666666666666,issue_plus_inventory,5.629,6,5,TypeScript,deepseek-coder:6.7b,1,5,5,mui/material-ui,0,Feature,mui__material-ui-26746,0.20000000000000004,0.2,0.2,0.2
1.0,0.18181818181818182,0.18181818181818182,407,0.2857142857142857,1.0,0.16666666666666666,0.16666666666666666,issue_plus_hints,2.604,6,5,TypeScript,deepseek-coder:6.7b,1,1,1,mui/material-ui,0,Feature,mui__material-ui-26746,0.33333333333333337,1.0,0.2,0.2
0.0,0.0,0.0,133,0.0,0.0,0.0,0.0,issue_only,0.747,2,1,TypeScript,deepseek-coder:6.7b,1,0,0,microsoft/vscode,0,Feature,microsoft__vscode-127257,0.0,0.0,0.0,0.0
0.5,0.6666666666666666,0.6666666666666666,133,0.5,0.5,0.5,0.5,issue_plus_inventory,4.589,2,1,TypeScript,deepseek-coder:6.7b,1,2,2,microsoft/vscode,0,Feature,microsoft__vscode-127257,0.6666666666666666,0.5,1.0,1.0
0.5,0.6666666666666666,0.6666666666666666,133,0.5,0.5,0.5,0.5,issue_plus_hints,2.555,2,1,TypeScript,deepseek-coder:6.7b,1,2,2,microsoft/vscode,0,Feature,microsoft__vscode-127257,0.6666666666666666,0.5,1.0,1.0
0.0,0.0,0.0,133,0.0,0.0,0.0,0.0,issue_only,2.959,2,1,TypeScript,deepseek-coder:6.7b,1,3,3,microsoft/vscode,0,Feature,microsoft__vscode-128931,0.0,0.0,0.0,0.0
0.4,0.6666666666666666,0.6666666666666666,133,0.6666666666666666,1.0,0.5,0.5,issue_plus_inventory,5.01,2,1,TypeScript,deepseek-coder:6.7b,1,1,4,microsoft/vscode,0,Feature,microsoft__vscode-128931,0.4,0.25,1.0,1.0
0.4,0.6666666666666666,0.6666666666666666,133,0.6666666666666666,1.0,0.5,0.5,issue_plus_hints,2.823,2,1,TypeScript,deepseek-coder:6.7b,1,1,4,microsoft/vscode,0,Feature,microsoft__vscode-128931,0.4,0.25,1.0,1.0
0.0,0.0,0.0,407,0.0,0.0,0.0,0.0,issue_only,3.214,3,1,TypeScript,deepseek-coder:6.7b,1,4,5,mui/material-ui,0,Feature,mui__material-ui-28813,0.0,0.0,0.0,0.0
1.0,0.5,0.5,407,0.5,1.0,0.3333333333333333,0.3333333333333333,issue_plus_inventory,3.33,3,1,TypeScript,deepseek-coder:6.7b,1,1,1,mui/material-ui,0,Feature,mui__material-ui-28813,1.0,1.0,1.0,1.0
1.0,0.25,0.25,407,0.5,1.0,0.3333333333333333,0.3333333333333333,issue_plus_hints,1.428,3,1,TypeScript,deepseek-coder:6.7b,1,1,0,mui/material-ui,0,Feature,mui__material-ui-28813,0.0,0.0,0.0,0.0
0.0,0.0,0.0,27,0.0,0.0,0.0,0.0,issue_only,0.532,7,1,TypeScript,deepseek-coder:6.7b,1,0,0,coder/code-server,0,Feature,coder__code-server-4597,0.0,0.0,0.0,0.0
0.0,0.0,0.0,27,0.0,0.0,0.0,0.0,issue_plus_inventory,2.947,7,1,TypeScript,deepseek-coder:6.7b,1,5,5,coder/code-server,0,Feature,coder__code-server-4597,0.0,0.0,0.0,0.0
0.0,0.0,0.0,27,0.0,0.0,0.0,0.0,issue_plus_hints,3.08,7,1,TypeScript,deepseek-coder:6.7b,1,5,5,coder/code-server,0,Feature,coder__code-server-4597,0.0,0.0,0.0,0.0
0.0,0.0,0.0,27,0.0,0.0,0.0,0.0,issue_only,0.524,12,4,TypeScript,deepseek-coder:6.7b,1,0,0,coder/code-server,0,Feature,coder__code-server-4678,0.0,0.0,0.0,0.0
0.2,0.125,0.125,27,0.0,0.0,0.0,0.0,issue_plus_inventory,3.012,12,4,TypeScript,deepseek-coder:6.7b,1,5,5,coder/code-server,0,Feature,coder__code-server-4678,0.4444444444444445,0.4,0.5,0.5
0.1,0.0625,0.125,27,0.0,0.0,0.0,0.0,issue_plus_hints,2.78,12,4,TypeScript,deepseek-coder:6.7b,1,5,5,coder/code-server,0,Feature,coder__code-server-4678,0.22222222222222224,0.2,0.25,0.25
0.0,0.0,0.0,27,0.0,0.0,0.0,0.0,issue_only,1.537,2,2,TypeScript,deepseek-coder:6.7b,1,1,1,coder/code-server,0,Feature,coder__code-server-4923,0.0,0.0,0.0,0.0
0.5714285714285714,1.0,1.0,27,0.6666666666666666,0.5,1.0,1.0,issue_plus_inventory,2.344,2,2,TypeScript,deepseek-coder:6.7b,1,4,3,coder/code-server,0,Feature,coder__code-server-4923,0.8,0.6666666666666666,1.0,1.0
0.5714285714285714,1.0,1.0,27,0.6666666666666666,0.5,1.0,1.0,issue_plus_hints,2.715,2,2,TypeScript,deepseek-coder:6.7b,1,4,3,coder/code-server,0,Feature,coder__code-server-4923,0.0,0.0,0.0,0.0
0.0,0.0,0.0,133,0.0,0.0,0.0,0.0,issue_only,0.815,8,3,TypeScript,deepseek-coder:6.7b,1,0,0,microsoft/vscode,0,Feature,microsoft__vscode-146962,0.0,0.0,0.0,0.0
0.3333333333333333,0.09090909090909091,0.09090909090909091,133,0.0,0.0,0.0,0.0,issue_plus_inventory,4.115,8,3,TypeScript,deepseek-coder:6.7b,1,1,2,microsoft/vscode,0,Feature,microsoft__vscode-146962,0.4,0.5,0.3333333333333333,0.3333333333333333
0.3333333333333333,0.09090909090909091,0.09090909090909091,133,0.0,0.0,0.0,0.0,issue_plus_hints,2.224,8,3,TypeScript,deepseek-coder:6.7b,1,1,2,microsoft/vscode,0,Feature,microsoft__vscode-146962,0.4,0.5,0.3333333333333333,0.3333333333333333
0.0,0.0,0.0,133,0.0,0.0,0.0,0.0,issue_only,0.783,4,1,TypeScript,deepseek-coder:6.7b,1,0,0,microsoft/vscode,0,Feature,microsoft__vscode-152802,0.0,0.0,0.0,0.0
1.0,0.2,0.2,133,0.4,1.0,0.25,0.25,issue_plus_inventory,3.57,4,1,TypeScript,deepseek-coder:6.7b,1,1,0,microsoft/vscode,0,Feature,microsoft__vscode-152802,0.0,0.0,0.0,0.0
0.5,0.6,0.8,133,0.8571428571428571,1.0,0.75,0.75,issue_plus_hints,3.076,4,1,TypeScript,deepseek-coder:6.7b,1,3,3,microsoft/vscode,0,Feature,microsoft__vscode-152802,0.0,0.0,0.0,0.0
0.0,0.0,0.0,407,0.0,0.0,0.0,0.0,issue_only,3.083,9,1,TypeScript,deepseek-coder:6.7b,1,2,2,mui/material-ui,0,Feature,mui__material-ui-33312,0.0,0.0,0.0,0.0
0.25,0.1,0.3,407,0.1818181818181818,0.5,0.1111111111111111,0.1111111111111111,issue_plus_inventory,4.637,9,1,TypeScript,deepseek-coder:6.7b,1,2,2,mui/material-ui,0,Feature,mui__material-ui-33312,0.0,0.0,0.0,0.0
0.0,0.0,0.2,407,0.0,0.0,0.0,0.0,issue_plus_hints,1.851,9,1,TypeScript,deepseek-coder:6.7b,1,1,1,mui/material-ui,0,Feature,mui__material-ui-33312,0.0,0.0,0.0,0.0
0.0,0.0,0.0,133,0.0,0.0,0.0,0.0,issue_only,2.857,2,1,TypeScript,deepseek-coder:6.7b,1,3,3,microsoft/vscode,0,Feature,microsoft__vscode-155261,0.0,0.0,0.0,0.0
1.0,0.6666666666666666,0.6666666666666666,133,0.6666666666666666,1.0,0.5,0.5,issue_plus_inventory,3.764,2,1,TypeScript,deepseek-coder:6.7b,1,1,1,microsoft/vscode,0,Feature,microsoft__vscode-155261,1.0,1.0,1.0,1.0
1.0,0.6666666666666666,0.6666666666666666,133,0.6666666666666666,1.0,0.5,0.5,issue_plus_hints,1.704,2,1,TypeScript,deepseek-coder:6.7b,1,1,1,microsoft/vscode,0,Feature,microsoft__vscode-155261,1.0,1.0,1.0,1.0
0.0,0.0,0.0,133,0.0,0.0,0.0,0.0,issue_only,0.461,6,1,TypeScript,deepseek-coder:6.7b,1,0,0,microsoft/vscode,0,Feature,microsoft__vscode-156733,0.0,0.0,0.0,0.0
0.4,0.2857142857142857,0.42857142857142855,133,0.4444444444444444,0.6666666666666666,0.3333333333333333,0.3333333333333333,issue_plus_inventory,4.953,6,1,TypeScript,deepseek-coder:6.7b,1,3,2,microsoft/vscode,0,Feature,microsoft__vscode-156733,0.0,0.0,0.0,0.0
0.6,0.42857142857142855,0.42857142857142855,133,0.4444444444444444,0.6666666666666666,0.3333333333333333,0.3333333333333333,issue_plus_hints,2.628,6,1,TypeScript,deepseek-coder:6.7b,1,3,2,microsoft/vscode,0,Feature,microsoft__vscode-156733,0.0,0.0,0.0,0.0
0.0,0.0,0.16666666666666666,407,0.0,0.0,0.0,0.0,issue_only,3.206,10,2,TypeScript,deepseek-coder:6.7b,1,2,1,mui/material-ui,0,Feature,mui__material-ui-34138,0.0,0.0,0.0,0.0
1.0,0.16666666666666666,0.16666666666666666,407,0.18181818181818182,1.0,0.1,0.1,issue_plus_inventory,3.806,10,2,TypeScript,deepseek-coder:6.7b,1,1,1,mui/material-ui,0,Feature,mui__material-ui-34138,0.6666666666666666,1.0,0.5,0.5
1.0,0.3333333333333333,0.3333333333333333,407,0.33333333333333337,1.0,0.2,0.2,issue_plus_hints,2.416,10,2,TypeScript,deepseek-coder:6.7b,1,2,2,mui/material-ui,0,Feature,mui__material-ui-34138,1.0,1.0,1.0,1.0
0.0,0.0,0.0,407,0.0,0.0,0.0,0.0,issue_only,2.917,20,5,TypeScript,deepseek-coder:6.7b,1,2,2,mui/material-ui,0,Feature,mui__material-ui-34158,0.0,0.0,0.0,0.0
0.2,0.08,0.08,407,0.08000000000000002,0.2,0.05,0.05,issue_plus_inventory,6.094,20,5,TypeScript,deepseek-coder:6.7b,1,5,5,mui/material-ui,0,Feature,mui__material-ui-34158,0.0,0.0,0.0,0.0
0.25,0.08,0.08,407,0.08000000000000002,0.2,0.05,0.05,issue_plus_hints,3.513,20,5,TypeScript,deepseek-coder:6.7b,1,5,3,mui/material-ui,0,Feature,mui__material-ui-34158,0.0,0.0,0.0,0.0
0.0,0.0,0.0,407,0.0,0.0,0.0,0.0,issue_only,2.0,11,1,TypeScript,deepseek-coder:6.7b,1,1,1,mui/material-ui,0,Feature,mui__material-ui-34207,0.0,0.0,0.0,0.0
0.0,0.0,0.08333333333333333,407,0.0,0.0,0.0,0.0,issue_plus_inventory,3.186,11,1,TypeScript,deepseek-coder:6.7b,1,1,0,mui/material-ui,0,Feature,mui__material-ui-34207,0.0,0.0,0.0,0.0
1.0,0.08333333333333333,0.08333333333333333,407,0.16666666666666669,1.0,0.09090909090909091,0.09090909090909091,issue_plus_hints,1.147,11,1,TypeScript,deepseek-coder:6.7b,1,1,0,mui/material-ui,0,Feature,mui__material-ui-34207,0.0,0.0,0.0,0.0
0.0,0.0,0.0,27,0.0,0.0,0.0,0.0,issue_only,1.396,3,2,TypeScript,deepseek-coder:6.7b,1,1,1,coder/code-server,0,Feature,coder__code-server-5633,0.0,0.0,0.0,0.0
1.0,0.2,0.2,27,0.5,1.0,0.3333333333333333,0.3333333333333333,issue_plus_inventory,1.381,3,2,TypeScript,deepseek-coder:6.7b,1,1,0,coder/code-server,0,Feature,coder__code-server-5633,0.0,0.0,0.0,0.0
0.4444444444444444,0.8,0.8,27,0.5,0.4,0.6666666666666666,0.6666666666666666,issue_plus_hints,2.446,3,2,TypeScript,deepseek-coder:6.7b,1,5,4,coder/code-server,0,Feature,coder__code-server-5633,0.6666666666666666,0.5,1.0,1.0
0.0,0.0,0.0,133,0.0,0.0,0.0,0.0,issue_only,0.465,4,1,TypeScript,deepseek-coder:6.7b,1,0,0,microsoft/vscode,0,Feature,microsoft__vscode-165197,0.0,0.0,0.0,0.0
0.5,0.4,0.4,133,0.3333333333333333,0.5,0.25,0.25,issue_plus_inventory,4.424,4,1,TypeScript,deepseek-coder:6.7b,1,2,2,microsoft/vscode,0,Feature,microsoft__vscode-165197,0.6666666666666666,0.5,1.0,1.0
0.3333333333333333,0.4,0.4,133,0.28571428571428575,0.3333333333333333,0.25,0.25,issue_plus_hints,2.876,4,1,TypeScript,deepseek-coder:6.7b,1,3,3,microsoft/vscode,0,Feature,microsoft__vscode-165197,0.5,0.3333333333333333,1.0,1.0
0.0,0.0,0.0,133,0.0,0.0,0.0,0.0,issue_only,0.839,3,1,TypeScript,deepseek-coder:6.7b,1,0,0,microsoft/vscode,0,Feature,microsoft__vscode-168788,0.0,0.0,0.0,0.0
0.0,0.0,0.0,133,0.0,0.0,0.0,0.0,issue_plus_inventory,4.471,3,1,TypeScript,deepseek-coder:6.7b,1,2,2,microsoft/vscode,0,Feature,microsoft__vscode-168788,0.0,0.0,0.0,0.0
0.0,0.0,0.0,133,0.0,0.0,0.0,0.0,issue_plus_hints,2.919,3,1,TypeScript,deepseek-coder:6.7b,1,2,2,microsoft/vscode,0,Feature,microsoft__vscode-168788,0.0,0.0,0.0,0.0
0.0,0.0,0.0,133,0.0,0.0,0.0,0.0,issue_only,1.738,1,1,TypeScript,deepseek-coder:6.7b,1,1,0,microsoft/vscode,0,Feature,microsoft__vscode-178291,0.0,0.0,0.0,0.0
0.0,0.0,0.0,133,0.0,0.0,0.0,0.0,issue_plus_inventory,3.295,1,1,TypeScript,deepseek-coder:6.7b,1,1,1,microsoft/vscode,0,Feature,microsoft__vscode-178291,0.0,0.0,0.0,0.0
0.0,0.0,0.0,133,0.0,0.0,0.0,0.0,issue_plus_hints,1.972,1,1,TypeScript,deepseek-coder:6.7b,1,2,0,microsoft/vscode,0,Feature,microsoft__vscode-178291,0.0,0.0,0.0,0.0
0.0,0.0,0.0,133,0.0,0.0,0.0,0.0,issue_only,0.805,1,1,TypeScript,deepseek-coder:6.7b,1,0,0,microsoft/vscode,0,Feature,microsoft__vscode-178513,0.0,0.0,0.0,0.0
0.0,0.0,0.0,133,0.0,0.0,0.0,0.0,issue_plus_inventory,4.506,1,1,TypeScript,deepseek-coder:6.7b,1,1,4,microsoft/vscode,0,Feature,microsoft__vscode-178513,0.0,0.0,0.0,0.0
0.0,0.0,0.0,133,0.0,0.0,0.0,0.0,issue_plus_hints,3.751,1,1,TypeScript,deepseek-coder:6.7b,1,1,4,microsoft/vscode,0,Feature,microsoft__vscode-178513,0.0,0.0,0.0,0.0
0.0,0.0,0.0,27,0.0,0.0,0.0,0.0,issue_only,1.431,1,1,TypeScript,deepseek-coder:6.7b,1,1,0,coder/code-server,0,Feature,coder__code-server-6115,0.0,0.0,0.0,0.0
0.16666666666666666,0.5,0.5,27,0.0,0.0,0.0,0.0,issue_plus_inventory,2.597,1,1,TypeScript,deepseek-coder:6.7b,1,1,5,coder/code-server,0,Feature,coder__code-server-6115,0.33333333333333337,0.2,1.0,1.0
0.2,0.5,0.5,27,0.0,0.0,0.0,0.0,issue_plus_hints,2.138,1,1,TypeScript,deepseek-coder:6.7b,1,1,4,coder/code-server,0,Feature,coder__code-server-6115,0.4,0.25,1.0,1.0
0.0,0.0,0.0,133,0.0,0.0,0.0,0.0,issue_only,2.472,1,1,TypeScript,deepseek-coder:6.7b,1,1,2,microsoft/vscode,0,Feature,microsoft__vscode-178694,0.0,0.0,0.0,0.0
0.0,0.0,0.0,133,0.0,0.0,0.0,0.0,issue_plus_inventory,5.319,1,1,TypeScript,deepseek-coder:6.7b,1,3,3,microsoft/vscode,0,Feature,microsoft__vscode-178694,0.0,0.0,0.0,0.0
0.0,0.0,0.0,133,0.0,0.0,0.0,0.0,issue_plus_hints,3.532,1,1,TypeScript,deepseek-coder:6.7b,1,3,3,microsoft/vscode,0,Feature,microsoft__vscode-178694,0.0,0.0,0.0,0.0
0.0,0.0,0.0,133,0.0,0.0,0.0,0.0,issue_only,0.56,5,4,TypeScript,deepseek-coder:6.7b,1,0,0,microsoft/vscode,0,Feature,microsoft__vscode-182669,0.0,0.0,0.0,0.0
0.4,0.2222222222222222,0.2222222222222222,133,0.28571428571428575,0.5,0.2,0.2,issue_plus_inventory,4.79,5,4,TypeScript,deepseek-coder:6.7b,1,2,3,microsoft/vscode,0,Feature,microsoft__vscode-182669,0.28571428571428575,0.3333333333333333,0.25,0.25
0.4,0.2222222222222222,0.2222222222222222,133,0.28571428571428575,0.5,0.2,0.2,issue_plus_hints,2.794,5,4,TypeScript,deepseek-coder:6.7b,1,2,3,microsoft/vscode,0,Feature,microsoft__vscode-182669,0.28571428571428575,0.3333333333333333,0.25,0.25
1.0,0.16666666666666666,0.16666666666666666,27,0.33333333333333337,1.0,0.2,0.2,issue_only,1.929,5,1,TypeScript,deepseek-coder:6.7b,1,1,0,coder/code-server,0,Feature,coder__code-server-6225,0.0,0.0,0.0,0.0
1.0,0.16666666666666666,0.16666666666666666,27,0.33333333333333337,1.0,0.2,0.2,issue_plus_inventory,1.486,5,1,TypeScript,deepseek-coder:6.7b,1,1,0,coder/code-server,0,Feature,coder__code-server-6225,0.0,0.0,0.0,0.0
1.0,0.16666666666666666,0.16666666666666666,27,0.33333333333333337,1.0,0.2,0.2,issue_plus_hints,1.332,5,1,TypeScript,deepseek-coder:6.7b,1,1,0,coder/code-server,0,Feature,coder__code-server-6225,0.0,0.0,0.0,0.0
0.0,0.0,0.0,407,0.0,0.0,0.0,0.0,issue_only,3.263,18,1,TypeScript,deepseek-coder:6.7b,1,5,5,mui/material-ui,0,Feature,mui__material-ui-37908,0.0,0.0,0.0,0.0
0.0,0.0,0.0,407,0.0,0.0,0.0,0.0,issue_plus_inventory,3.974,18,1,TypeScript,deepseek-coder:6.7b,1,1,1,mui/material-ui,0,Feature,mui__material-ui-37908,0.0,0.0,0.0,0.0
0.0,0.0,0.0,407,0.0,0.0,0.0,0.0,issue_plus_hints,3.062,18,1,TypeScript,deepseek-coder:6.7b,1,2,2,mui/material-ui,0,Feature,mui__material-ui-37908,0.0,0.0,0.0,0.0
0.0,0.0,0.0,407,0.0,0.0,0.0,0.0,issue_only,2.767,21,2,TypeScript,deepseek-coder:6.7b,1,2,2,mui/material-ui,0,Feature,mui__material-ui-38167,0.0,0.0,0.0,0.0
0.0,0.0,0.0,407,0.0,0.0,0.0,0.0,issue_plus_inventory,3.479,21,2,TypeScript,deepseek-coder:6.7b,1,1,1,mui/material-ui,0,Feature,mui__material-ui-38167,0.0,0.0,0.0,0.0
0.0,0.0,0.0,407,0.0,0.0,0.0,0.0,issue_plus_hints,1.365,21,2,TypeScript,deepseek-coder:6.7b,1,1,0,mui/material-ui,0,Feature,mui__material-ui-38167,0.0,0.0,0.0,0.0
0.0,0.0,0.0,133,0.0,0.0,0.0,0.0,issue_only,0.73,1,1,TypeScript,deepseek-coder:6.7b,1,0,0,microsoft/vscode,0,Feature,microsoft__vscode-190351,0.0,0.0,0.0,0.0
0.0,0.0,0.0,133,0.0,0.0,0.0,0.0,issue_plus_inventory,4.459,1,1,TypeScript,deepseek-coder:6.7b,1,1,3,microsoft/vscode,0,Feature,microsoft__vscode-190351,0.0,0.0,0.0,0.0
0.0,0.0,0.0,133,0.0,0.0,0.0,0.0,issue_plus_hints,2.502,1,1,TypeScript,deepseek-coder:6.7b,1,1,3,microsoft/vscode,0,Feature,microsoft__vscode-190351,0.0,0.0,0.0,0.0
0.0,0.0,0.0,133,0.0,0.0,0.0,0.0,issue_only,0.561,1,1,TypeScript,deepseek-coder:6.7b,1,0,0,microsoft/vscode,0,Feature,microsoft__vscode-191602,0.0,0.0,0.0,0.0
0.0,0.0,0.0,133,0.0,0.0,0.0,0.0,issue_plus_inventory,4.536,1,1,TypeScript,deepseek-coder:6.7b,1,1,3,microsoft/vscode,0,Feature,microsoft__vscode-191602,0.0,0.0,0.0,0.0
0.0,0.0,0.0,133,0.0,0.0,0.0,0.0,issue_plus_hints,1.775,1,1,TypeScript,deepseek-coder:6.7b,1,1,0,microsoft/vscode,0,Feature,microsoft__vscode-191602,0.0,0.0,0.0,0.0
0.0,0.0,0.0,27,0.0,0.0,0.0,0.0,issue_only,1.45,1,1,TypeScript,deepseek-coder:6.7b,1,1,0,coder/code-server,0,Feature,coder__code-server-6423,0.0,0.0,0.0,0.0
0.2,1.0,1.0,27,0.33333333333333337,0.2,1.0,1.0,issue_plus_inventory,2.936,1,1,TypeScript,deepseek-coder:6.7b,1,5,5,coder/code-server,0,Feature,coder__code-server-6423,0.33333333333333337,0.2,1.0,1.0
0.0,0.0,0.0,27,0.0,0.0,0.0,0.0,issue_plus_hints,2.024,1,1,TypeScript,deepseek-coder:6.7b,1,1,3,coder/code-server,0,Feature,coder__code-server-6423,0.0,0.0,0.0,0.0
